Record Time,Distance (cm),Moving Average (cm)
2022-09-01 19:30:00,176573.34479877912,176573.34479877912
2022-09-01 23:30:00,176570.67432183752,176572.0095603083
2022-09-02 07:30:00,176566.44606667993,176570.15506243217
2022-09-02 11:30:00,176567.92966498082,176569.59871306934
2022-09-02 15:30:00,176568.57121235473,176569.3932129264
2022-09-02 19:30:00,176565.7063436854,176568.77873471958
2022-09-02 23:30:00,176566.70826520512,176568.48295336036
2022-09-03 03:30:00,176567.91597646696,176568.4120812487
2022-09-03 07:30:00,176550.7733271456,176566.4522196817
2022-09-03 11:30:00,176560.22971824824,176565.82996953835
2022-09-03 15:30:00,176563.6528945,176565.6320536258
2022-09-03 19:30:00,176565.96880907044,176565.6601165795
2022-09-03 23:30:00,176563.30465226897,176565.47892701713
2022-09-04 07:30:00,176563.06899748163,176565.3067891932
2022-09-04 11:30:00,176569.970218815,176565.61768450128
2022-09-04 19:30:00,176558.57664815427,176565.17761972963
2022-09-04 23:30:00,176572.04800915538,176565.58176028405
2022-09-05 03:30:00,176560.6916136363,176565.31008547032
2022-09-05 07:30:00,176565.48275517905,176565.3191733497
2022-09-05 11:30:00,176562.78878987307,176565.19265417586
2022-09-05 19:30:00,176556.74701336992,176564.79048080416
2022-09-06 03:30:00,176554.193083878,176564.3087809439
2022-09-06 07:30:00,176553.76949545083,176563.85055113983
2022-09-06 11:30:00,176558.5896700029,176563.63134775913
2022-09-06 15:30:00,176560.942287223,176563.5237853377
2022-09-06 19:30:00,176558.5090363121,176563.33091037517
2022-09-06 23:30:00,176564.2229902634,176563.36395037101
2022-09-07 03:30:00,176565.35660808213,176563.43511671785
2022-09-07 07:30:00,176559.74774306166,176563.30796590212
2022-09-07 19:30:00,176564.70727734474,176563.35460961686
2022-09-07 23:30:00,176562.72000952114,176563.33413864605
2022-09-08 03:30:00,176554.31921957084,176563.05242242495
2022-09-08 07:30:00,176551.42172723004,176562.69997711602
2022-09-08 11:30:00,176557.3947544702,176562.54394115586
2022-09-08 15:30:00,176562.35856943854,176562.53864482106
2022-09-08 19:30:00,176557.3425481309,176562.39430880186
2022-09-08 23:30:00,176572.03456622074,176562.6548562997
2022-09-09 03:30:00,176568.07355643902,176562.7974536718
2022-09-09 07:30:00,176570.53565188075,176562.99586901045
2022-09-09 15:30:00,176563.9912858344,176563.02075443105
2022-09-09 23:30:00,176570.3531333154,176563.19959294045
2022-09-10 03:30:00,176576.45069324382,176563.5150953286
2022-09-10 07:30:00,176559.1011678287,176563.41244585186
2022-09-10 11:30:00,176545.05714842433,176562.99528000125
2022-09-10 15:30:00,176560.1638047413,176562.9323583288
2022-09-10 19:30:00,176563.454559299,176562.94371052383
2022-09-10 23:30:00,176560.95993870034,176562.9015026127
2022-09-11 07:30:00,176565.67282691973,176562.95923853575
2022-09-11 15:30:00,176561.72873842338,176562.93412628854
2022-09-11 19:30:00,176569.09428070945,176563.05732937696
2022-09-11 23:30:00,176563.60533121316,176563.06807451101
2022-09-12 03:30:00,176567.81333457734,176563.1593295123
2022-09-12 07:30:00,176568.6911068429,176563.26370266947
2022-09-12 11:30:00,176572.27237177518,176563.43052987513
2022-09-12 15:30:00,176572.48056904564,176563.59507604188
2022-09-12 19:30:00,176572.34072643463,176563.75124837033
2022-09-12 23:30:00,176563.1642197118,176563.74094962192
2022-09-13 19:30:00,176563.87438559116,176563.74325024206
2022-09-13 23:30:00,176568.62879180943,176563.82605603134
2022-09-14 03:30:00,176565.84359571163,176563.85968169267
2022-09-14 07:30:00,176555.1843038417,176563.71746238368
2022-09-14 15:30:00,176559.03689133667,176563.64196930226
2022-09-14 19:30:00,176569.98983389646,176563.74272905773
2022-09-14 23:30:00,176561.07596025176,176563.7010607951
2022-09-15 03:30:00,176556.9964163137,176563.59791241848
2022-09-15 11:30:00,176565.6235088067,176563.62860327287
2022-09-15 15:30:00,176563.6070447201,176563.6282815034
2022-09-15 23:30:00,176565.24517782737,176563.65205939053
2022-09-16 03:30:00,176563.30828507847,176563.64707715414
2022-09-16 07:30:00,176557.29407090414,176563.55631992198
2022-09-16 11:30:00,176564.99811489775,176563.57662689348
2022-09-16 15:30:00,176565.54210741245,176563.603925234
2022-09-16 19:30:00,176569.56261679583,176563.68555114578
2022-09-16 23:30:00,176566.73607550174,176563.72677444792
2022-09-17 03:30:00,176564.3251943369,176563.73475337974
2022-09-17 07:30:00,176555.54797058087,176563.6270325535
2022-09-17 11:30:00,176566.96012306018,176563.67031944316
2022-09-17 19:30:00,176579.0307062617,176563.8672474793
2022-09-18 03:30:00,176559.4949396378,176563.81190181043
2022-09-18 07:30:00,176547.3186944351,176563.60573671822
2022-09-18 11:30:00,176566.6999411578,176563.64393677303
2022-09-18 15:30:00,176564.78965087124,176563.6579088962
2022-09-18 19:30:00,176580.4104796364,176563.8597470979
2022-09-18 23:30:00,176569.57077038765,176563.92773547038
2022-09-19 03:30:00,176561.87298940326,176563.90356198724
2022-09-19 07:30:00,176557.36052983796,176563.82748021805
2022-09-19 11:30:00,176565.2599815927,176563.84394575108
2022-09-19 15:30:00,176566.72426833236,176563.87667668954
2022-09-19 19:30:00,176571.44922709579,176563.96176152554
2022-09-19 23:30:00,176572.39389811666,176564.0554519321
2022-09-20 03:30:00,176559.23831312222,176564.0025163408
2022-09-20 07:30:00,176551.4754843831,176563.86635294993
2022-09-20 11:30:00,176560.4630457795,176563.8297582492
2022-09-20 15:30:00,176560.7674013142,176563.79717998393
2022-09-20 23:30:00,176566.74600105762,176563.8282202058
2022-09-21 03:30:00,176555.72842540685,176563.74384734326
2022-09-21 07:30:00,176556.8138224744,176563.6724037879
2022-09-21 11:30:00,176565.89867350835,176563.6951208259
2022-09-21 15:30:00,176561.55537081198,176563.67350718938
2022-09-21 19:30:00,176557.5879850451,176563.61265196794
2022-09-21 23:30:00,176565.0676603635,176563.62705799166
2022-09-22 03:30:00,176566.84811942664,176563.65863702534
2022-09-22 07:30:00,176556.77826468484,176563.5918372939
2022-09-22 11:30:00,176558.7912804801,176563.54567809374
2022-09-22 15:30:00,176560.7785638029,176563.5193246243
2022-09-22 23:30:00,176569.9307084313,176563.5798093772
2022-09-23 03:30:00,176565.7012147252,176563.5996355954
2022-09-23 11:30:00,176558.35022279006,176563.55102992128
2022-09-23 19:30:00,176558.55771614585,176563.50521970316
2022-09-24 03:30:00,176566.7803780116,176563.5349938696
2022-09-24 15:30:00,176563.76992136348,176563.5371103335
2022-09-24 19:30:00,176562.71117410064,176563.52973590285
2022-09-24 23:30:00,176562.95321924324,176563.52463398554
2022-09-25 07:30:00,176557.87070810053,176563.47503814442
2022-09-25 11:30:00,176556.95932332915,176563.41837975473
2022-09-25 19:30:00,176560.5932273192,176563.39402499233
2022-09-25 23:30:00,176558.77213923598,176563.3545216953
2022-09-26 03:30:00,176560.41851619413,176563.32964029274
2022-09-26 07:30:00,176564.88167171,176563.34268257357
2022-09-26 11:30:00,176549.1166869861,176563.2241326103
2022-09-26 15:30:00,176563.80415996062,176563.22892622478
2022-09-26 19:30:00,176564.4973840193,176563.2393234198
2022-09-26 23:30:00,176555.72561484532,176563.17823635822
2022-09-27 03:30:00,176563.78115032497,176563.18309856765
2022-09-27 07:30:00,176566.70865475707,176563.21130301716
2022-09-27 11:30:00,176560.80412687958,176563.19219844462
2022-09-27 15:30:00,176559.90707540055,176563.16633133407
2022-09-27 19:30:00,176566.32770534462,176563.19102956852
2022-09-27 23:30:00,176557.7817538798,176563.14909719882
2022-09-28 07:30:00,176565.56441510917,176563.1676765674
2022-09-28 11:30:00,176562.78768744873,176563.16477588707
2022-09-28 15:30:00,176562.8103449303,176563.16209080408
2022-09-28 19:30:00,176562.2149972722,176563.1549698001
2022-09-28 23:30:00,176554.6829390498,176563.09174569
2022-09-29 03:30:00,176563.20768519075,176563.09260450111
2022-09-29 07:30:00,176567.00442898608,176563.12136791646
2022-09-29 11:30:00,176564.11067883964,176563.12858916406
2022-09-29 15:30:00,176566.27652334984,176563.15140028135
2022-09-29 19:30:00,176570.51219738802,176563.20435565623
2022-09-29 23:30:00,176563.059997273,176563.2033245249
2022-09-30 03:30:00,176558.57716485776,176563.17051488187
2022-09-30 07:30:00,176565.18422358792,176563.1846959291
2022-09-30 15:30:00,176563.40502241536,176563.1862366738
2022-09-30 19:30:00,176556.73678283082,176563.14144879987
2022-09-30 23:30:00,176542.65321023014,176563.00015060283
2022-10-01 03:30:00,176554.08932703856,176562.9391175647
2022-10-01 07:30:00,176565.20489064264,176562.95453098702
2022-10-01 11:30:00,176561.39580751015,176562.94399907163
2022-10-01 15:30:00,176560.1523095767,176562.92526290054
2022-10-01 19:30:00,176576.29076409512,176562.9450344798
2022-10-01 23:30:00,176569.9598967159,176562.94023968035
2022-10-02 03:30:00,176561.844089256,176562.93293201085
2022-10-02 07:30:00,176563.95211377536,176562.91630565817
2022-10-02 11:30:00,176564.97297828237,176562.89659441353
2022-10-02 15:30:00,176562.06663771995,176562.8532305826
2022-10-02 19:30:00,176562.63697188883,176562.83276810395
2022-10-02 23:30:00,176557.68075373457,176562.77258469412
2022-10-03 03:30:00,176552.71114514887,176562.671219152
2022-10-03 11:30:00,176557.6890500217,176562.73401931164
2022-10-03 19:30:00,176557.69149848283,176562.67188292125
2022-10-03 23:30:00,176564.24255203822,176562.67822008184
2022-10-04 03:30:00,176563.56156342302,176562.68414856066
2022-10-04 07:30:00,176552.2430672548,176562.61149131082
2022-10-04 11:30:00,176563.31853645662,176562.56684914732
2022-10-04 15:30:00,176557.55514780994,176562.53343780508
2022-10-04 19:30:00,176559.6046193686,176562.54029094652
2022-10-04 23:30:00,176561.6145042125,176562.4707342469
2022-10-05 03:30:00,176572.43621062668,176562.54903156016
2022-10-05 07:30:00,176553.473513862,176562.46896995138
2022-10-05 11:30:00,176563.87283999336,176562.4761969522
2022-10-05 15:30:00,176563.72254481172,176562.48445091152
2022-10-05 19:30:00,176563.70818050473,176562.5305513561
2022-10-05 23:30:00,176572.29690984063,176562.59480371457
2022-10-06 03:30:00,176575.87085365815,176562.737420621
2022-10-06 11:30:00,176561.68483131216,176562.81730861097
2022-10-06 15:30:00,176560.28117592676,176562.81293039044
2022-10-06 19:30:00,176565.5677066693,176562.85967655177
2022-10-06 23:30:00,176554.31699037628,176562.79407390347
2022-10-07 03:30:00,176564.2801415049,176562.78694498577
2022-10-07 07:30:00,176557.13670288085,176562.76965332893
2022-10-07 15:30:00,176563.67578993028,176562.77561475392
2022-10-07 19:30:00,176562.14138081737,176562.75873385574
2022-10-08 03:30:00,176566.44790648101,176562.83931273813
2022-10-08 07:30:00,176555.8095101142,176562.86837090296
2022-10-08 11:30:00,176554.76439797695,176562.8509513235
2022-10-08 15:30:00,176563.40828807472,176562.8579031026
2022-10-08 19:30:00,176561.36227664707,176562.8845238212
2022-10-08 23:30:00,176559.3037513992,176562.8002137893
2022-10-09 03:30:00,176563.93926638455,176562.77283438496
2022-10-09 07:30:00,176558.3782914483,176562.69232206422
2022-10-09 11:30:00,176566.22093519667,176562.7155366243
2022-10-09 15:30:00,176566.57278857668,176562.73252019493
2022-10-09 19:30:00,176564.08329056998,176562.74134875947
2022-10-09 23:30:00,176563.60499351562,176562.69724327064
2022-10-10 03:30:00,176569.2510224749,176562.6501865989
2022-10-10 07:30:00,176570.49472871074,176562.72465431708
2022-10-10 11:30:00,176561.99514264084,176562.83536016167
2022-10-10 15:30:00,176562.56356832804,176562.85104489097
2022-10-10 19:30:00,176565.29404781168,176562.8630676917
2022-10-10 23:30:00,176568.5514392019,176562.91268534207
2022-10-11 03:30:00,176562.3451374583,176562.9089999662
2022-10-11 07:30:00,176560.73701845738,176562.8769492619
2022-10-11 11:30:00,176560.8870605919,176562.8641112705
2022-10-11 15:30:00,176559.63674986997,176562.85061457014
2022-10-11 19:30:00,176555.2423534704,176562.7612472976
2022-10-11 23:30:00,176553.0425331351,176562.69310021325
2022-10-12 03:30:00,176560.5135794684,176562.646005019
2022-10-12 07:30:00,176558.7977220713,176562.58217673012
2022-10-12 23:30:00,176560.97301581243,176562.37468764486
2022-10-13 03:30:00,176556.03702511877,176562.33326501396
2022-10-13 07:30:00,176562.8765641202,176562.33679293023
2022-10-13 11:30:00,176563.04312292804,176562.34134989796
2022-10-13 19:30:00,176558.02423550803,176562.3036069942
2022-10-13 23:30:00,176547.86569277663,176562.16965151654
2022-10-14 03:30:00,176564.34756471784,176562.1599997037
2022-10-14 11:30:00,176565.49185163935,176562.2265000121
2022-10-14 15:30:00,176559.61121662523,176562.23020533653
2022-10-14 19:30:00,176551.951220895,176562.11382718815
2022-10-14 23:30:00,176552.60609258796,176562.0591828806
2022-10-15 03:30:00,176550.87955346343,176562.0197192493
2022-10-15 07:30:00,176560.6846847361,176562.01116133574
2022-10-15 11:30:00,176560.95250851073,176561.9812190262
2022-10-15 15:30:00,176563.79581059996,176561.98242906388
2022-10-15 19:30:00,176556.42606766574,176561.947038227
2022-10-15 23:30:00,176555.5709429762,176561.88541889668
2022-10-16 03:30:00,176554.99351506727,176561.83245857814
2022-10-16 11:30:00,176555.31488967582,176561.79947885027
2022-10-16 15:30:00,176556.84102802136,176561.74370270033
2022-10-16 23:30:00,176552.08924713885,176561.5987624264
2022-10-17 03:30:00,176546.51788593136,176561.4838765657
2022-10-17 07:30:00,176564.1928341841,176561.5396498793
2022-10-17 11:30:00,176561.4566591524,176561.50414366054
2022-10-17 15:30:00,176561.98320250874,176561.50721455057
2022-10-17 19:30:00,176555.91605807914,176561.3590437289
2022-10-17 23:30:00,176552.79800212992,176561.30451480154
2022-10-18 03:30:00,176551.01468919718,176561.2505004675
2022-10-18 07:30:00,176561.73423181803,176561.34231917694
2022-10-18 11:30:00,176561.6897158504,176561.31040691384
2022-10-18 15:30:00,176560.65407154395,176561.2840656442
2022-10-18 19:30:00,176560.53760176004,176561.1574868043
2022-10-18 23:30:00,176558.26174788122,176561.08545481376
2022-10-19 03:30:00,176550.26094669593,176561.0114927583
2022-10-19 07:30:00,176556.00431083955,176561.00285442075
2022-10-19 19:30:00,176564.68241627363,176560.89481989233
2022-10-19 23:30:00,176560.80589488332,176560.82005858113
2022-10-20 03:30:00,176556.92009056246,176560.80510230656
2022-10-20 07:30:00,176549.57705221247,176560.79285435705
2022-10-20 15:30:00,176555.809135916,176560.7627994426
2022-10-20 19:30:00,176558.4164983632,176560.7476620163
2022-10-21 03:30:00,176560.6431179583,176560.7406253508
2022-10-21 15:30:00,176564.95828392994,176560.7549126392
2022-10-21 19:30:00,176545.41108617533,176560.67480146245
2022-10-21 23:30:00,176562.84933133944,176560.66020719256
2022-10-22 03:30:00,176560.74455507429,176560.6200521639
2022-10-22 07:30:00,176547.82207831187,176560.5611298851
2022-10-22 11:30:00,176557.52149627885,176560.55277604167
2022-10-22 15:30:00,176562.5402880958,176560.56436633313
2022-10-22 23:30:00,176560.86116168325,176560.5046982624
2022-10-23 03:30:00,176560.28196947812,176560.46904533313
2022-10-23 07:30:00,176547.48057887424,176560.3841533955
2022-10-23 11:30:00,176558.06063605504,176560.38226067176
2022-10-23 15:30:00,176561.6349874514,176560.39039526123
2022-10-23 19:30:00,176539.65904823158,176560.2676766384
2022-10-23 23:30:00,176557.96891997,176560.25284595022
2022-10-24 03:30:00,176564.17459225055,176560.23603442917
2022-10-24 07:30:00,176562.84745372887,176560.25277429647
2022-10-24 11:30:00,176559.856401612,176560.25024962972
2022-10-24 19:30:00,176562.08193280155,176560.22365403338
2022-10-24 23:30:00,176566.50957285851,176560.24645117193
2022-10-25 07:30:00,176572.6790028595,176560.3413761383
2022-10-25 11:30:00,176561.6543871206,176560.37147270108
2022-10-25 15:30:00,176560.15257971257,176560.3700784782
2022-10-25 19:30:00,176553.2691724529,176560.3234284472
2022-10-26 03:30:00,176552.49023546738,176560.2825502965
2022-10-26 07:30:00,176558.02980583796,176560.23862807936
2022-10-26 11:30:00,176557.9821232519,176560.295457799
2022-10-26 15:30:00,176557.71895420575,176560.25645006984
2022-10-26 19:30:00,176564.72737701514,176560.25792438386
2022-10-26 23:30:00,176550.19621427797,176560.2224795085
2022-10-27 03:30:00,176564.7105244931,176560.22843703517
2022-10-27 07:30:00,176565.9573059608,176560.2236206967
2022-10-27 11:30:00,176563.5364684988,176560.24113570713
2022-10-27 19:30:00,176563.41062938233,176560.22447108995
2022-10-27 23:30:00,176556.58690594474,176560.21676239363
2022-10-28 03:30:00,176553.51878058998,176560.17382661282
2022-10-28 07:30:00,176567.97779702063,176560.18929700967
2022-10-28 11:30:00,176560.26565310464,176560.1731301229
2022-10-28 19:30:00,176564.6567712552,176560.17186921436
2022-10-28 23:30:00,176558.17538704167,176560.19440113686
2022-10-29 03:30:00,176559.19185362302,176560.1684925461
2022-10-29 07:30:00,176558.18046527097,176560.11156374795
2022-10-29 11:30:00,176556.57026352469,176560.0629159072
2022-10-29 15:30:00,176564.1502713707,176560.0491981525
2022-10-29 23:30:00,176568.65055464095,176560.0175589196
2022-10-30 03:30:00,176553.79586784897,176559.98651153647
2022-10-30 07:30:00,176561.58243807327,176559.9631233188
2022-10-30 11:30:00,176555.6810941158,176559.93549732392
2022-10-30 15:30:00,176557.0353092932,176559.89440240056
2022-10-30 19:30:00,176568.882717959,176559.97276327235
2022-10-31 03:30:00,176551.52046570322,176560.06854698472
2022-10-31 11:30:00,176557.98248216705,176560.01266679517
2022-10-31 15:30:00,176558.94019118525,176560.00474445274
2022-10-31 19:30:00,176560.2441237432,176559.89986445045
2022-10-31 23:30:00,176565.32139156872,176559.86954742335
2022-11-01 03:30:00,176562.0418652704,176559.87084007706
2022-11-01 07:30:00,176564.5337080927,176559.87464134712
2022-11-01 15:30:00,176557.83359307374,176559.8132506788
2022-11-01 19:30:00,176565.5226727134,176559.8322355526
2022-11-01 23:30:00,176569.45141105508,176559.90967408763
2022-11-02 03:30:00,176551.45634705003,176559.90141883696
2022-11-02 07:30:00,176558.79936486427,176559.89421586986
2022-11-02 11:30:00,176561.4318459238,176559.91867858818
2022-11-02 15:30:00,176567.02403492443,176559.9648172657
2022-11-02 23:30:00,176563.72124131914,176559.97626829878
2022-11-03 03:30:00,176560.19862340388,176559.9542882986
2022-11-03 07:30:00,176557.00113871493,176559.9853868049
2022-11-03 11:30:00,176562.60126071036,176559.98069872815
2022-11-03 19:30:00,176560.98272292988,176560.00572277073
2022-11-03 23:30:00,176568.40818198028,176560.05041801924
2022-11-04 03:30:00,176555.18804219834,176559.93694322696
2022-11-04 07:30:00,176563.72700322897,176560.0044003938
2022-11-04 11:30:00,176566.10448719122,176560.0190822833
2022-11-04 15:30:00,176572.4634726227,176560.0765883873
2022-11-04 19:30:00,176561.65623222553,176560.0630887276
2022-11-04 23:30:00,176575.71963175116,176560.0856066349
2022-11-05 03:30:00,176564.8954601646,176560.0134000988
2022-11-05 07:30:00,176562.36349393777,176560.02876018925
2022-11-05 11:30:00,176563.60738167484,176560.04132587786
2022-11-05 15:30:00,176575.25631798233,176560.13920262334
2022-11-05 19:30:00,176565.05602354422,176560.13585828914
2022-11-05 23:30:00,176564.53745475598,176560.20265870995
2022-11-06 07:30:00,176558.0165640976,176560.18162172587
2022-11-06 11:30:00,176562.30344852994,176560.1954898749
2022-11-06 19:30:00,176548.39763111892,176560.08217375813
2022-11-06 23:30:00,176552.3826710905,176560.03185021126
2022-11-07 03:30:00,176564.59792549486,176560.0197588323
2022-11-07 11:30:00,176563.08584695263,176560.10220421184
2022-11-07 15:30:00,176573.6626211176,176560.1696669292
2022-11-07 23:30:00,176566.95597346328,176560.21244581894
2022-11-08 11:30:00,176562.1858914368,176560.17266253065
2022-11-08 15:30:00,176560.06716498663,176560.12900062738
2022-11-08 19:30:00,176565.01365874714,176560.13524470912
2022-11-08 23:30:00,176558.09464346973,176560.09826249402
2022-11-09 03:30:00,176561.32086339037,176560.04503994982
2022-11-09 07:30:00,176565.66601087575,176560.01263244756
2022-11-09 11:30:00,176563.73011256536,176560.02427654102
2022-11-09 15:30:00,176566.60666780168,176560.0514114368
2022-11-09 23:30:00,176553.87123334696,176559.91679763797
2022-11-10 03:30:00,176566.85536026166,176559.9472721164
2022-11-10 11:30:00,176567.56339940822,176559.98731696315
2022-11-10 15:30:00,176566.1638245419,176560.03171883168
2022-11-10 19:30:00,176562.88488741723,176560.0837088585
2022-11-10 23:30:00,176563.22387074152,176560.15296965855
2022-11-11 03:30:00,176563.90537328392,176560.17604308587
2022-11-11 11:30:00,176565.46771687543,176560.2214172002
2022-11-11 15:30:00,176570.41175404045,176560.29027082748
2022-11-11 19:30:00,176567.90165461367,176560.34135394017
2022-11-11 23:30:00,176553.71216746615,176560.29262341437
2022-11-12 03:30:00,176562.35612423552,176560.3350334755
2022-11-12 11:30:00,176561.6371072887,176560.30836086549
2022-11-12 15:30:00,176570.07665796377,176560.37391990641
2022-11-12 19:30:00,176569.09695089434,176560.44823343251
2022-11-12 23:30:00,176553.5976562409,176560.48670298595
2022-11-13 07:30:00,176567.03263339063,176560.50472358105
2022-11-13 11:30:00,176569.58055731104,176560.53216455877
2022-11-13 19:30:00,176565.98708500413,176560.63322409958
2022-11-13 23:30:00,176567.82396016107,176560.73604752912
2022-11-14 03:30:00,176563.2214644116,176560.8194388193
2022-11-14 07:30:00,176563.42547405933,176560.83795766608
2022-11-14 11:30:00,176565.1511835721,176560.86632709217
2022-11-14 15:30:00,176564.77005658371,176560.8729098353
2022-11-14 19:30:00,176567.4041304653,176560.9470859353
2022-11-14 23:30:00,176556.72101831267,176560.9548567146
2022-11-15 03:30:00,176564.5965846193,176561.0197423197
2022-11-15 07:30:00,176562.71144495925,176561.0310960287
2022-11-15 11:30:00,176566.96272809594,176561.10926944087
2022-11-15 15:30:00,176559.53280771928,176561.12733507642
2022-11-15 23:30:00,176565.4014971458,176561.21667903624
2022-11-16 07:30:00,176560.75652893606,176561.29277692718
2022-11-16 15:30:00,176563.4610733438,176561.3017156252
2022-11-16 19:30:00,176571.20857509764,176561.40574635318
2022-11-16 23:30:00,176567.519299022,176561.50589123002
2022-11-17 03:30:00,176549.332290913,176561.4944463437
2022-11-17 07:30:00,176563.53365292793,176561.50668730366
2022-11-17 11:30:00,176561.41779179827,176561.50483748017
2022-11-17 15:30:00,176568.5091385987,176561.55827331048
2022-11-17 23:30:00,176563.47406895788,176561.60096504082
2022-11-18 03:30:00,176549.66728442343,176561.59689886082
2022-11-18 07:30:00,176559.36431075473,176561.6199125589
2022-11-18 11:30:00,176566.56097127043,176561.65352520318
2022-11-18 15:30:00,176568.96186944412,176561.7029059075
2022-11-18 23:30:00,176569.02488267195,176561.7385486111
2022-11-19 03:30:00,176563.3393233902,176561.7822168616
2022-11-19 07:30:00,176559.4644520589,176561.84947808503
2022-11-19 11:30:00,176563.47290776725,176561.86044720453
2022-11-19 19:30:00,176562.58280447495,176561.9299548059
2022-11-19 23:30:00,176559.03606193778,176561.91040147567
2022-11-20 07:30:00,176564.79709399038,176561.93846888133
2022-11-20 11:30:00,176563.27666948384,176561.9474500934
2022-11-20 15:30:00,176563.2586211454,176561.93604296065
2022-11-20 19:30:00,176563.91220659052,176562.06021155402
2022-11-21 03:30:00,176566.40261883778,176562.09310982414
2022-11-21 07:30:00,176566.30387385673,176562.21798682108
2022-11-21 11:30:00,176561.88606159156,176562.24747712724
2022-11-21 15:30:00,176563.3151976558,176562.25271300264
2022-11-21 19:30:00,176557.2215637195,176562.21894690007
2022-11-21 23:30:00,176558.9807433936,176562.2063266431
2022-11-22 03:30:00,176568.63509855996,176562.2623879121
2022-11-22 07:30:00,176559.44844539432,176562.3427091639
2022-11-22 11:30:00,176568.54411618394,176562.41306809094
2022-11-22 15:30:00,176569.45028219058,176562.4655197335
2022-11-22 19:30:00,176551.86442931797,176562.5474350428
2022-11-22 23:30:00,176558.33464766602,176562.5498895911
2022-11-23 03:30:00,176563.06553972219,176562.54244628554
2022-11-23 07:30:00,176560.79029231836,176562.52863983312
2022-11-23 11:30:00,176560.24557944125,176562.53125176486
2022-11-23 15:30:00,176568.21845495305,176562.56916645277
2022-11-23 19:30:00,176557.23822378324,176562.53687505933
2022-11-23 23:30:00,176553.64406306593,176562.45110499405
2022-11-24 03:30:00,176562.32705803475,176562.45028349102
2022-11-24 07:30:00,176567.269262186,176562.4144573938
2022-11-24 11:30:00,176567.29622137756,176562.45182053462
2022-11-25 11:30:00,176562.3603226475,176562.6575599092
2022-11-25 15:30:00,176559.52994634208,176562.66987958355
2022-11-25 19:30:00,176562.942561643,176562.6577379824
2022-11-26 15:30:00,176559.6491771504,176562.68011213426
2022-11-26 19:30:00,176557.63968285033,176562.64003611667
2022-11-27 11:30:00,176558.63626658596,176562.69824348035
2022-11-27 19:30:00,176559.98486503828,176562.66510939368
2022-11-27 23:30:00,176545.96715648726,176562.57852619825
2022-11-28 11:30:00,176557.0270972015,176562.63781804848
2022-11-28 15:30:00,176563.53931124046,176562.63342265185
2022-11-28 19:30:00,176563.81832848623,176562.64188626496
2022-11-29 23:30:00,176558.1773759185,176562.68454423026
2022-11-30 15:30:00,176549.2586196072,176562.7310447491
2022-11-30 23:30:00,176554.02657029798,176562.66431823198
2022-12-01 11:30:00,176556.90283130654,176562.61081881347
2022-12-01 19:30:00,176558.9215677043,176562.5967889729
2022-12-01 23:30:00,176566.67656633264,176562.57544401352
2022-12-02 03:30:00,176559.38437643752,176562.63642885495
2022-12-02 11:30:00,176560.60959338106,176562.65979948634
2022-12-02 23:30:00,176559.01589142194,176562.58894335091
2022-12-03 03:30:00,176560.35500851794,176562.59016510964
2022-12-03 11:30:00,176556.56305791443,176562.58662828754
2022-12-03 19:30:00,176560.43101125647,176562.58228410117
2022-12-03 23:30:00,176558.6200981098,176562.50521257462
2022-12-04 07:30:00,176558.36631200786,176562.52074018697
2022-12-05 23:30:00,176562.34873959632,176562.12223972057
2022-12-06 23:30:00,176559.8777396085,176562.34280238664
2022-12-07 15:30:00,176558.846094993,176562.18374262055
2022-12-07 19:30:00,176570.02290665734,176562.2531157536
2022-12-08 07:30:00,176561.01787854472,176562.20056624108
2022-12-09 11:30:00,176557.65889063702,176562.1518180412
2022-12-09 23:30:00,176549.20256242494,176562.06574709134
2022-12-11 03:30:00,176563.1698303743,176561.89645847923
2022-12-11 11:30:00,176559.4200637427,176561.83658072544
2022-12-11 19:30:00,176557.06599621254,176561.64247240828
2022-12-12 07:30:00,176560.4727628688,176561.70355264642
2022-12-12 19:30:00,176549.1523052661,176561.41230207332
2022-12-13 11:30:00,176551.72659632983,176561.2474636895
2022-12-13 15:30:00,176552.8742145157,176561.16024234396
2022-12-15 03:30:00,176557.61155498744,176560.7942484411
2022-12-16 07:30:00,176557.89067171107,176560.62404199605
2022-12-16 11:30:00,176560.61611583713,176560.62394874715
2022-12-17 19:30:00,176563.1337579703,176560.39477949083
2022-12-18 15:30:00,176573.56479254007,176560.48965156623
2022-12-18 19:30:00,176560.99189028077,176560.49625997033
2022-12-18 23:30:00,176553.3635275934,176560.29018950879
2022-12-19 11:30:00,176568.61155728198,176560.32958482075
2022-12-19 15:30:00,176564.27438025232,176560.38218209313
2022-12-21 11:30:00,176566.20512335742,176560.0509368423
2022-12-21 23:30:00,176560.69154822675,176560.07056633683
2022-12-22 03:30:00,176557.8018866111,176559.9039015376
2022-12-23 11:30:00,176564.31494169158,176559.7642277483
2022-12-25 11:30:00,176562.76536444676,176559.43724938078
2022-12-26 03:30:00,176562.16440180282,176559.4201737572
2022-12-26 07:30:00,176571.2448045158,176559.64757050257
2022-12-26 15:30:00,176559.49330582022,176559.644572977
2022-12-26 19:30:00,176558.73469233772,176559.66563085176
2022-12-27 07:30:00,176564.23610172764,176559.75186615132
2022-12-28 19:30:00,176557.1540027215,176559.8964559104
2022-12-28 23:30:00,176552.38551273657,176559.74317135583
2022-12-31 03:30:00,176561.90431379245,176560.16717328524
2022-12-31 15:30:00,176571.35225386344,176560.4746078077
2022-12-31 19:30:00,176557.1596656801,176560.43712053058
2023-01-01 11:30:00,176559.88607535162,176560.3057823142
2023-01-01 19:30:00,176548.4651672525,176560.04837763894
2023-01-01 23:30:00,176557.30817938558,176560.01125346424
2023-01-02 03:30:00,176563.12309538445,176560.07142926566
2023-01-02 07:30:00,176560.6564626502,176560.08387678448
2023-01-02 23:30:00,176561.4796352934,176560.2179483752
2023-01-03 15:30:00,176562.10057073826,176560.30093190254
2023-01-04 07:30:00,176563.0857427011,176560.36147126774
2023-01-04 15:30:00,176565.46435807005,176560.47004332737
2023-01-04 23:30:00,176556.10322527392,176560.3371600439
2023-01-06 19:30:00,176553.54992864456,176560.01443798773
2023-01-07 07:30:00,176557.15727558246,176559.92864681082
2023-01-07 15:30:00,176559.68564787344,176559.92336422522
2023-01-07 23:30:00,176552.3508569509,176559.7622470492
2023-01-08 11:30:00,176555.36458799106,176559.71343209923
2023-01-08 15:30:00,176552.66128590182,176559.56651238678
2023-01-08 19:30:00,176531.41893862977,176558.99207210605
2023-01-10 03:30:00,176562.3879588791,176559.17973123494
2023-01-11 03:30:00,176563.6655950848,176559.3150347746
2023-01-11 15:30:00,176562.57912822915,176559.35985105886
2023-01-11 19:30:00,176573.16791298168,176559.8708214358
2023-01-11 23:30:00,176561.96733755543,176559.91449885495
2023-01-12 11:30:00,176558.98904653528,176560.06579990088
2023-01-12 23:30:00,176554.7330952092,176560.10452658203
2023-01-13 07:30:00,176558.74673562733,176560.0768165625
2023-01-13 15:30:00,176573.46749456,176560.34463012248
2023-01-14 15:30:00,176551.21564278373,176560.2167118784
2023-01-15 19:30:00,176555.97625154076,176560.1694909778
2023-01-16 11:30:00,176580.0045766338,176560.56619269092
2023-01-16 15:30:00,176547.5796266178,176560.31155414047
2023-01-16 23:30:00,176559.76914546345,176560.24558134621
2023-01-17 19:30:00,176549.83017774415,176559.75596287163
2023-01-18 19:30:00,176541.64915014067,176559.23328809568
2023-01-19 11:30:00,176574.05036609646,176559.53567744265
2023-01-19 15:30:00,176560.49176907528,176559.5547992753
2023-01-19 19:30:00,176540.23537770525,176559.17598708766
2023-01-19 23:30:00,176547.67952555272,176558.9549012889
2023-01-20 11:30:00,176573.32492088436,176559.09182047215
2023-01-21 03:30:00,176559.8586369705,176559.10078169967
2023-01-21 07:30:00,176556.48609198397,176559.05049920513
2023-01-21 11:30:00,176572.46636090428,176559.30362867116
2023-01-21 15:30:00,176573.97355940743,176559.57529405516
2023-01-22 07:30:00,176566.1967350741,176559.69568389186
2023-01-22 15:30:00,176559.6031692385,176559.61001530182
2023-01-22 19:30:00,176560.78714551986,176559.63103548426
2023-01-24 11:30:00,176568.86327146416,176559.739926681
2023-01-24 23:30:00,176556.05728575273,176559.67531894543
2023-01-26 11:30:00,176561.84021319583,176559.38603937512
2023-01-26 19:30:00,176566.40344462116,176559.51599132412
2023-01-26 23:30:00,176554.16946993442,176559.41878184432
2023-01-27 03:30:00,176562.3381323621,176559.47091310355
2023-01-28 03:30:00,176552.75620993564,176559.51977869592
2023-01-28 23:30:00,176564.5837654056,176559.61020703003
2023-01-29 11:30:00,176563.42633488795,176559.67715664158
2023-01-30 11:30:00,176568.65575673364,176559.79560300897
2023-02-01 15:30:00,176554.85963126394,176559.71094320016
2023-02-02 19:30:00,176543.67561797175,176559.30707030295
2023-02-03 11:30:00,176566.34992970744,176559.37235404307
2023-02-03 19:30:00,176561.70615797778,176559.29719004122
2023-02-04 03:30:00,176567.8870265644,176559.53286606705
2023-02-04 15:30:00,176572.06449954197,176559.77858437045
2023-02-05 19:30:00,176547.88623997255,176559.66753165142
2023-02-06 03:30:00,176564.65835056515,176559.7635089382
2023-02-06 15:30:00,176559.67668271487,176559.81443576558
2023-02-07 07:30:00,176556.76837766395,176559.9010538188
2023-02-07 11:30:00,176543.74780761614,176559.67327381144
2023-02-07 15:30:00,176560.47955465576,176559.8265731988
2023-02-07 23:30:00,176544.84368261532,176560.08980347298
2023-02-08 03:30:00,176557.42966709263,176560.0386470041
2023-02-09 03:30:00,176557.86642206772,176559.95169437316
2023-02-09 11:30:00,176540.73359000808,176559.5890886304
2023-02-09 23:30:00,176550.2546596362,176559.41622883422
2023-02-10 07:30:00,176557.569899318,176559.3033455793
2023-02-10 15:30:00,176558.90980319935,176559.23539511577
2023-02-10 19:30:00,176546.1299241149,176558.73469161827
2023-02-11 03:30:00,176565.2523938345,176558.79552599377
2023-02-11 23:30:00,176544.80544017188,176558.60456041683
2023-02-12 23:30:00,176563.5997216919,176558.41206141532
2023-02-13 03:30:00,176575.00289943896,176558.725096095
2023-02-13 07:30:00,176561.12582873387,176558.76955410684
2023-02-14 11:30:00,176566.13996502716,176559.04593044467
2023-02-15 07:30:00,176557.76624733405,176559.07907851491
2023-02-16 07:30:00,176551.53426941545,176558.73944539437
2023-02-16 11:30:00,176574.53746725674,176559.03752127857
2023-02-16 15:30:00,176552.6116954498,176558.91852450394
2023-02-17 03:30:00,176559.34482591716,176559.09472169232
2023-02-17 15:30:00,176568.27201944616,176559.2615816515
2023-02-19 11:30:00,176577.2204402803,176559.98352643315
2023-02-19 15:30:00,176578.21342178062,176560.34097536153
2023-02-19 19:30:00,176546.7530572269,176560.07966924357
2023-02-20 11:30:00,176567.4753486169,176560.05614118848
2023-02-20 15:30:00,176579.58748682006,176560.16841973673
2023-02-20 19:30:00,176550.63135607392,176559.98141848843
2023-02-21 19:30:00,176549.61811345763,176559.6343552354
2023-02-22 07:30:00,176559.40219506578,176559.629712032
2023-02-22 15:30:00,176574.99277181408,176559.93094849834
2023-02-23 07:30:00,176566.2473350119,176560.05241746973
2023-02-23 15:30:00,176560.84201277522,176559.89816249497
2023-02-23 23:30:00,176548.97369359055,176559.76193956877
2023-02-24 03:30:00,176570.79210349073,176559.97005586917
2023-02-24 11:30:00,176553.49713378074,176559.85018694162
2023-02-24 23:30:00,176542.2433378706,176559.53006241308
2023-02-25 11:30:00,176550.9956635226,176559.3328887826
2023-02-25 15:30:00,176554.87986096833,176559.25337042878
2023-02-25 19:30:00,176552.940592711,176559.01296235897
2023-02-26 03:30:00,176572.18741294421,176559.28010368638
2023-02-26 19:30:00,176555.2575649307,176559.20827263716
2023-02-27 07:30:00,176546.14954605978,176559.09029649652
2023-02-27 11:30:00,176556.686039232,176559.04811654452
2023-02-28 15:30:00,176558.63874398975,176558.86377297738
2023-02-28 23:30:00,176550.03365976096,176558.70885871042
2023-03-01 03:30:00,176556.8443627975,176558.67671222918
2023-03-01 07:30:00,176577.3490767752,176558.9931929842
2023-03-02 03:30:00,176565.79813991644,176558.94475880085
2023-03-04 19:30:00,176545.2544560413,176559.04241338026
2023-03-05 11:30:00,176565.28492657983,176559.02405125738
2023-03-05 15:30:00,176567.19163838337,176559.16248493746
2023-03-05 23:30:00,176537.4647968604,176558.75161441005
2023-03-07 23:30:00,176542.73766667847,176558.26745878585
2023-03-10 19:30:00,176570.3454915393,176558.90169645898
2023-03-12 23:30:00,176547.61771070745,176559.56825938635
2023-03-17 07:30:00,176575.10202352697,176559.53873647668
2023-03-18 15:30:00,176548.1971055423,176559.2385034865
2023-03-19 19:30:00,176544.2082464952,176558.58525766537
2023-03-19 23:30:00,176553.46825666595,176558.45059974436
2023-03-20 03:30:00,176558.14795969104,176558.442839743
2023-03-21 03:30:00,176564.68315423903,176558.5988476054
2023-03-21 11:30:00,176560.94451802043,176558.19194954887
2023-03-22 11:30:00,176553.639608594,176557.60199376117
2023-03-23 11:30:00,176567.916614662,176557.47496039708
2023-03-23 15:30:00,176556.94413822476,176557.46099139258
2023-03-25 23:30:00,176551.1337360908,176556.80531173613
2023-03-26 11:30:00,176535.0420217428,176555.79150224265
2023-03-27 11:30:00,176548.6743359084,176556.15365826708
2023-03-28 07:30:00,176569.57725097565,176556.21837209075
2023-03-28 11:30:00,176551.85708309442,176556.07299579086
2023-03-28 23:30:00,176551.0393854365,176555.93238980774
2023-03-29 19:30:00,176533.84030903512,176555.4819454474
2023-03-31 11:30:00,176568.3069758098,176555.16990578698
2023-04-01 19:30:00,176561.63215850884,176555.00967573284
2023-04-01 23:30:00,176550.75021305206,176554.85191785576
2023-04-02 03:30:00,176552.47543553772,176554.76704348729
2023-04-03 15:30:00,176569.95033234163,176555.29060517193
2023-04-04 23:30:00,176570.90546063666,176556.1206612599
2023-04-05 07:30:00,176557.37558115102,176556.16713977436
2023-04-05 23:30:00,176571.20534390828,176556.70421849343
2023-04-06 11:30:00,176565.20210124296,176556.99724893307
2023-04-06 19:30:00,176558.8281109825,176557.05827766805
2023-04-07 15:30:00,176561.1959053966,176557.67355229202
2023-04-07 19:30:00,176560.70905630995,176557.77147177645
2023-04-08 07:30:00,176552.80870201022,176557.61638522125
2023-04-10 19:30:00,176557.08633727016,176557.20203665036
2023-04-11 03:30:00,176563.1244065051,176557.38150240353
2023-04-12 07:30:00,176564.43054080938,176557.89098210356
2023-04-12 11:30:00,176562.42676422,176558.02438745997
2023-04-13 15:30:00,176563.17530505385,176558.17155653407
2023-04-14 07:30:00,176560.9412457154,176558.24849234463
2023-04-14 11:30:00,176550.57876392463,176558.04120238737
2023-04-16 07:30:00,176573.48106885114,176557.99739280154
2023-04-17 23:30:00,176558.19861396516,176558.26770383999
2023-04-21 11:30:00,176567.7617981969,176559.0179717678
2023-04-21 15:30:00,176568.43275932997,176559.3032683606
2023-04-22 07:30:00,176550.50343387504,176559.0444496993
2023-04-24 15:30:00,176557.86458723893,176558.8034886099
2023-04-27 07:30:00,176564.5364850205,176560.02080881436
2023-04-27 19:30:00,176560.04199381685,176560.29363917178
2023-04-27 23:30:00,176554.28014165102,176560.4016643789
2023-04-30 07:30:00,176565.14535601423,176561.4451659449
2023-05-02 11:30:00,176576.6050312387,176562.47389728433
2023-05-02 23:30:00,176576.5540713748,176562.9767606447
2023-05-03 11:30:00,176572.3053898089,176563.29843751242
2023-05-03 15:30:00,176560.42938492307,176562.97012898073
2023-05-04 23:30:00,176561.90390405437,176562.65973047793
2023-05-05 03:30:00,176556.15945561032,176562.443054649
2023-05-05 15:30:00,176557.29022988444,176562.4402096068
2023-05-05 19:30:00,176550.53178631858,176562.05606692008
2023-05-06 03:30:00,176558.0016544727,176561.6301414544
2023-05-06 23:30:00,176570.8314779338,176561.91118835984
2023-05-07 07:30:00,176551.13264276987,176561.56349334077
2023-05-07 11:30:00,176550.17154013185,176561.207494803
2023-05-08 11:30:00,176544.23481939104,176560.9386996457
2023-05-09 15:30:00,176552.1256880799,176560.65440895004
2023-05-09 19:30:00,176548.18091281308,176560.26461219575
2023-05-11 11:30:00,176547.3652461774,176559.85877718276
2023-05-11 23:30:00,176555.8647273006,176559.73396312396
2023-05-12 03:30:00,176565.68278439407,176559.91423043516
2023-05-12 07:30:00,176567.05203904197,176559.99366977555
2023-05-12 15:30:00,176549.7529504909,176559.60961481405
2023-05-12 23:30:00,176572.68863431498,176559.9942918582
2023-05-13 07:30:00,176570.51064145204,176560.29475898945
2023-05-13 11:30:00,176560.44766354392,176560.29900633817
2023-05-14 03:30:00,176556.8749937382,176560.12399769053
2023-05-14 07:30:00,176557.84002170898,176560.03785257926
2023-05-14 11:30:00,176567.20673992255,176560.4997408014
2023-05-15 03:30:00,176564.91856286812,176560.6191684248
2023-05-15 07:30:00,176558.61803501696,176560.56650701934
2023-05-15 23:30:00,176567.20500466326,176560.73672490765
2023-05-16 15:30:00,176555.6143885863,176560.27860490087
2023-05-17 03:30:00,176557.75050874284,176560.21540249695
2023-05-17 19:30:00,176564.0875187383,176560.3098443565
2023-05-17 23:30:00,176564.04753373758,176560.45250093628
2023-05-18 19:30:00,176564.27303672957,176560.54346607422
2023-05-19 11:30:00,176556.23115997086,176560.44317988577
2023-05-19 15:30:00,176560.6775741455,176560.44850702805
2023-05-19 23:30:00,176580.9461694357,176560.90401063708
2023-05-20 03:30:00,176567.40920072756,176561.04542781296
2023-05-21 07:30:00,176549.5403755884,176560.80063946778
2023-05-21 23:30:00,176564.78657448973,176560.57004504238
2023-05-22 11:30:00,176552.95657094463,176560.62337410907
2023-05-22 15:30:00,176564.34091977452,176560.70247082537
2023-05-22 19:30:00,176555.51093130594,176560.59431375205
2023-05-22 23:30:00,176561.4964021277,176560.6127237189
2023-05-23 03:30:00,176572.99085107807,176560.86028626608
2023-05-23 11:30:00,176556.79687189814,176560.78061147453
2023-05-23 15:30:00,176566.08746737833,176560.88266639577
2023-05-23 23:30:00,176560.99982200426,176560.88487687893
2023-05-25 23:30:00,176558.54538796205,176560.8977221756
2023-05-26 11:30:00,176549.53285287088,176560.68726163293
2023-05-26 15:30:00,176551.5150577381,176560.52049428938
2023-05-27 03:30:00,176565.4580826641,176560.60866551037
2023-05-27 15:30:00,176556.12749458113,176560.4585049668
2023-05-28 03:30:00,176566.18387386762,176560.68250939166
2023-05-28 07:30:00,176564.30368553175,176560.7471732513
2023-05-28 23:30:00,176561.65397454955,176560.763082046
2023-05-29 19:30:00,176568.57071895787,176560.89769647553
2023-06-01 19:30:00,176565.05448103914,176560.6205349012
2023-06-02 03:30:00,176551.49353461244,176560.1808763615
2023-06-03 19:30:00,176553.80619536416,176559.84609595063
2023-06-04 07:30:00,176546.7256024607,176559.63715665514
2023-06-05 03:30:00,176569.48834510127,176560.06996774446
2023-06-05 15:30:00,176557.5106405954,176560.0225727973
2023-06-05 23:30:00,176575.55029222945,176560.10995824722
2023-06-06 03:30:00,176565.9564824893,176560.216258688
2023-06-06 07:30:00,176551.11987258866,176560.21602650287
2023-06-08 11:30:00,176548.24744056302,176560.4763433092
2023-06-09 07:30:00,176563.14955999798,176560.9163301472
2023-06-09 11:30:00,176552.752731879,176560.7651524015
2023-06-09 23:30:00,176555.14219398407,176560.66291679392
2023-06-10 19:30:00,176561.021330257,176560.91120923174
2023-06-10 23:30:00,176568.57021795932,176561.1422181528
2023-06-11 07:30:00,176569.73448629334,176561.10780854186
2023-06-11 11:30:00,176552.78914651703,176560.9565601414
2023-06-11 15:30:00,176570.56790376466,176561.33501383732
2023-06-11 19:30:00,176563.89038340276,176561.38064543667
2023-06-12 07:30:00,176573.30197768786,176561.22579720683
2023-06-12 15:30:00,176569.13802845668,176561.3838038416
2023-06-13 07:30:00,176561.302763034,176561.53142516434
2023-06-14 07:30:00,176562.6332036877,176561.43436201452
2023-06-14 11:30:00,176558.42910502505,176561.37765905246
2023-06-14 15:30:00,176563.24500471202,176561.41223952762
2023-06-14 23:30:00,176564.1585434598,176561.3558235794
2023-06-15 07:30:00,176546.89843748958,176561.09296201417
2023-06-23 07:30:00,176563.47363402307,176560.73088290263
2023-06-23 19:30:00,176559.78564487174,176560.70600821762
2023-06-23 23:30:00,176564.58021289232,176560.80534679902
2023-06-24 07:30:00,176553.1274978981,176560.61340057646
2023-06-25 07:30:00,176570.09538065564,176560.9021503938
2023-06-25 11:30:00,176554.64486637348,176561.02995073138
2023-06-26 11:30:00,176558.81265798354,176561.10352684197
2023-06-26 15:30:00,176562.52580356496,176561.2675860467
2023-06-27 03:30:00,176568.81215492397,176561.33497786865
2023-06-27 11:30:00,176559.73938824376,176561.21794460487
2023-06-29 11:30:00,176554.4458015388,176560.8347617795
2023-06-30 03:30:00,176556.9516597387,176560.73519506052
2023-06-30 11:30:00,176564.7225604491,176560.8348791952
2023-07-02 23:30:00,176572.01644982264,176561.25291287125
2023-07-03 03:30:00,176555.49909625473,176561.10906745587
2023-07-03 23:30:00,176581.21661199402,176561.7943278716
2023-07-04 03:30:00,176558.19074589206,176561.7064356282
2023-07-04 07:30:00,176527.93952418072,176561.24823859698
2023-07-04 11:30:00,176543.68541439399,176560.83007611596
2023-07-04 15:30:00,176563.7590824875,176560.89819254322
2023-07-04 19:30:00,176557.59500968995,176560.82312020563
2023-07-05 03:30:00,176581.5749126729,176561.09781492315
2023-07-05 07:30:00,176550.74278158208,176560.86770307116
2023-07-05 15:30:00,176553.69207673144,176560.78284609638
2023-07-06 15:30:00,176557.64646553987,176560.47088122257
2023-07-07 11:30:00,176542.67868777833,176560.06651318973
2023-07-08 11:30:00,176547.15440223552,176560.04167140953
2023-07-09 07:30:00,176569.0314110791,176560.17534984322
2023-07-09 15:30:00,176550.85978792098,176560.13232838962
2023-07-09 19:30:00,176561.00144244384,176560.1516420353
2023-07-09 23:30:00,176560.08154002993,176560.26140528073
2023-07-10 03:30:00,176564.86752611113,176560.36153834226
2023-07-10 23:30:00,176563.80211353174,176560.24091842357
2023-07-11 03:30:00,176559.0501681748,176560.21503254859
2023-07-11 15:30:00,176559.56515814204,176559.9173890637
2023-07-12 11:30:00,176555.77419960956,176559.41737110048
2023-07-12 15:30:00,176565.12465312565,176559.32403679044
2023-07-12 19:30:00,176570.50423049988,176559.57813210203
2023-07-13 03:30:00,176560.02152965582,176559.58798538102
2023-07-13 07:30:00,176564.5389498162,176559.65990064284
2023-07-13 15:30:00,176554.00631584376,176559.53699662545
2023-07-13 23:30:00,176565.70625336713,176559.6682574072
2023-07-14 15:30:00,176559.26552236182,176559.54147349056
2023-07-14 19:30:00,176563.8097660106,176559.6342624584
2023-07-15 11:30:00,176558.05521943595,176559.78165136828
2023-07-17 03:30:00,176558.75435247365,176559.75931878362
2023-07-17 11:30:00,176557.79897634155,176559.71760936998
2023-07-17 15:30:00,176570.64594220542,176559.9452829707
2023-07-17 23:30:00,176552.98717873823,176559.80328084348
2023-07-18 07:30:00,176563.49155740527,176559.87704637475
2023-07-18 19:30:00,176552.81035100904,176559.73848372052
2023-07-19 07:30:00,176551.500764705,176559.58006604714
2023-07-19 15:30:00,176565.40759376442,176559.69001940032
2023-07-19 23:30:00,176562.19685771174,176559.73644233198
2023-07-20 19:30:00,176559.33773362008,176559.72919308266
2023-07-20 23:30:00,176558.96416929315,176559.7155319436
2023-07-21 07:30:00,176563.84025488555,176559.78789550398
2023-07-21 11:30:00,176546.7927548992,176559.56384135562
2023-07-21 15:30:00,176559.5746943168,176559.5640253041
2023-07-21 19:30:00,176557.82333732705,176559.5350138378
2023-07-22 03:30:00,176568.436504277,176559.68093991058
2023-07-22 07:30:00,176566.65900279605,176559.793489312
2023-07-22 23:30:00,176562.44720234262,176559.83561174103
2023-07-23 19:30:00,176565.6897910446,176559.87216212638
2023-07-23 23:30:00,176562.19092124587,176559.83362516432
2023-07-24 07:30:00,176559.3350567891,176559.93374708193
2023-07-24 15:30:00,176558.30933111103,176559.90796270143
2023-07-25 19:30:00,176570.94637134077,176560.00657700808
2023-07-25 23:30:00,176561.49449228842,176560.03019471094
2023-07-26 07:30:00,176558.83393894206,176560.01150321457
2023-07-26 15:30:00,176567.17852846743,176560.10438528017
2023-07-27 11:30:00,176561.2086969281,176559.98763590984
2023-07-27 15:30:00,176574.6878613564,176560.2209728217
2023-07-27 23:30:00,176558.47612210922,176560.19370952933
2023-07-28 03:30:00,176553.62339618095,176560.0926277855
2023-07-28 07:30:00,176555.001165747,176560.01548442128
2023-07-28 11:30:00,176559.14962211275,176560.00256110323
2023-07-28 15:30:00,176564.2462846376,176560.06496880227
2023-07-29 11:30:00,176554.04006243928,176560.0590020508
2023-07-29 23:30:00,176570.21212390362,176560.20614874433
2023-07-30 07:30:00,176551.73976635476,176560.13061405762
2023-07-30 19:30:00,176575.45958630164,176560.28622312794
2023-07-30 23:30:00,176571.99159144136,176560.4534426753
2023-07-31 19:30:00,176561.40841590444,176560.46689300245
2023-08-01 15:30:00,176563.6312436475,176560.51084231696
2023-08-02 03:30:00,176576.4870823489,176560.64439694496
2023-08-02 11:30:00,176553.31279628698,176560.54256915805
2023-08-03 07:30:00,176549.56428802834,176560.58974836202
2023-08-03 15:30:00,176566.1920933494,176560.86999973637
2023-08-04 03:30:00,176569.4090722505,176560.73925193673
2023-08-04 07:30:00,176556.85543234693,176560.82914385974
2023-08-04 11:30:00,176552.512478772,176560.70861248166
2023-08-04 15:30:00,176564.63584848415,176560.86721786938
2023-08-04 19:30:00,176556.78583841526,176560.8089124486
2023-08-04 23:30:00,176554.66931378952,176560.72243922806
2023-08-05 03:30:00,176569.58884448578,176560.84558374554
2023-08-05 15:30:00,176563.62850038832,176560.92866756287
2023-08-05 23:30:00,176565.11235495599,176560.98597834908
2023-08-06 03:30:00,176564.23831183795,176561.0299288016
2023-08-06 07:30:00,176557.5653918335,176560.98373497537
2023-08-06 15:30:00,176567.1019127513,176561.30937797503
2023-08-06 19:30:00,176558.62101047262,176561.2740047184
2023-08-06 23:30:00,176563.3561879502,176561.3010460591
2023-08-07 03:30:00,176571.8743279176,176561.4366009547
2023-08-07 11:30:00,176555.72469362154,176561.54647648532
2023-08-07 15:30:00,176566.64632739124,176561.61103156005
2023-08-07 19:30:00,176567.3834113989,176561.68318630802
2023-08-07 23:30:00,176557.76443095415,176561.63480661233
2023-08-08 03:30:00,176565.13069494403,176561.67743939685
2023-08-08 07:30:00,176565.17491202563,176561.63040892055
2023-08-08 11:30:00,176554.21456423268,176561.5410613942
2023-08-08 15:30:00,176561.8134104014,176561.6730327494
2023-08-08 23:30:00,176555.62540125358,176561.6268797193
2023-08-09 07:30:00,176561.7701186855,176561.58910645798
2023-08-09 11:30:00,176556.24657880332,176561.5247386549
2023-08-09 15:30:00,176564.56340021256,176561.56091319723
2023-08-09 19:30:00,176565.90117950572,176561.61197515382
2023-08-09 23:30:00,176561.9418432114,176561.59008962067
2023-08-10 03:30:00,176553.2866337036,176561.52228333277
2023-08-10 07:30:00,176562.9186026737,176561.53851960416
2023-08-10 11:30:00,176557.49411860315,176561.49203223636
2023-08-10 15:30:00,176558.06175517515,176561.47475174247
2023-08-10 19:30:00,176565.19594318647,176561.51703800887
2023-08-10 23:30:00,176557.10062003392,176561.46741533504
2023-08-11 03:30:00,176552.28354314517,176561.36537231068
2023-08-11 07:30:00,176558.54175951408,176561.33434359863
2023-08-11 11:30:00,176560.45084047737,176561.3857352565
2023-08-11 15:30:00,176567.2168907575,176561.4087268788
2023-08-11 19:30:00,176571.40135678355,176561.41858540944
2023-08-11 23:30:00,176567.59243523696,176561.48569247278
2023-08-12 03:30:00,176554.06259160407,176561.420921407
2023-08-12 07:30:00,176554.32893609485,176561.30994299697
2023-08-12 15:30:00,176552.8766118525,176561.29766360574
2023-08-12 19:30:00,176554.60600915973,176561.22571033216
2023-08-12 23:30:00,176561.5924472282,176561.18147585756
2023-08-13 03:30:00,176556.19885307545,176561.12846923218
2023-08-13 07:30:00,176543.53806719044,176560.94330710545
2023-08-13 11:30:00,176562.65253740308,176560.9611115877
2023-08-13 15:30:00,176555.9150626979,176560.9262109662
2023-08-13 19:30:00,176569.470169434,176560.98517350186
2023-08-14 03:30:00,176555.30963107568,176560.9266627552
2023-08-14 07:30:00,176547.56480547495,176560.79031727274
2023-08-14 11:30:00,176553.91824272784,176560.7481032247
2023-08-14 19:30:00,176558.20878771177,176560.72245357308
2023-08-14 23:30:00,176572.71803340575,176560.8424093714
2023-08-15 03:30:00,176564.82966218024,176560.881887122
2023-08-15 07:30:00,176547.67588121432,176560.7524164758
2023-08-15 11:30:00,176563.16819374487,176560.77587062406
2023-08-15 15:30:00,176563.35712060943,176560.80069033545
2023-08-15 19:30:00,176567.7063732154,176560.86645874384
2023-08-15 23:30:00,176569.17034938134,176560.94479733476
2023-08-16 03:30:00,176558.60627156857,176560.9434003451
2023-08-16 07:30:00,176544.81817298205,176560.79269728565
2023-08-16 11:30:00,176556.74944263548,176560.7828885594
2023-08-16 15:30:00,176559.00151362986,176560.67406212413
2023-08-16 19:30:00,176554.09636619972,176560.61315753224
2023-08-16 23:30:00,176564.94703089716,176560.72389690406
2023-08-17 03:30:00,176567.18518880248,176560.7831748114
2023-08-17 07:30:00,176554.758502979,176560.70305504603
2023-08-17 11:30:00,176565.17003807076,176560.7436639826
2023-08-17 15:30:00,176570.1507471757,176560.82841247984
2023-08-17 19:30:00,176563.44345646285,176560.92420622267
2023-08-17 23:30:00,176570.65443777855,176561.01108329016
2023-08-18 07:30:00,176557.76087173566,176561.0669771029
2023-08-18 11:30:00,176561.59266006591,176561.0716291645
2023-08-18 15:30:00,176567.0790009999,176561.08642037897
2023-08-18 19:30:00,176559.89917991415,176561.07600598893
2023-08-19 03:30:00,176568.67628601057,176561.1328430793
2023-08-19 07:30:00,176562.8778447014,176561.1480170064
2023-08-19 11:30:00,176559.95205282455,176561.1377069704
2023-08-19 15:30:00,176566.26659465962,176561.1815436173
2023-08-19 19:30:00,176564.67000799088,176561.22711861195
2023-08-19 23:30:00,176567.84192844623,176561.3029968953
2023-08-20 07:30:00,176560.70002810055,176561.2761573501
2023-08-20 11:30:00,176558.63134241113,176561.37734185878
2023-08-20 15:30:00,176561.7285755739,176561.39575110027
2023-08-20 19:30:00,176562.33829806393,176561.43434050828
2023-08-20 23:30:00,176566.65567936646,176561.4785891427
2023-08-21 03:30:00,176566.27423858817,176561.4602648572
2023-08-21 07:30:00,176558.6159833734,176561.39210367564
2023-08-21 11:30:00,176561.31019125183,176561.39141533594
2023-08-21 15:30:00,176563.88109430688,176561.41216266068
2023-08-21 19:30:00,176563.04383420065,176561.42564754945
2023-08-21 23:30:00,176558.8217795671,176561.39568537773
2023-08-22 03:30:00,176555.2243464582,176561.34510063252
2023-08-22 07:30:00,176565.56348479044,176561.3793964387
2023-08-22 11:30:00,176567.22314206694,176561.42652341956
2023-08-22 15:30:00,176570.78067161905,176561.50135660515
2023-08-22 19:30:00,176560.65093396965,176561.46104574855
2023-08-23 03:30:00,176562.1624857356,176561.4608182645
2023-08-23 07:30:00,176559.67597662416,176561.46354562312
2023-08-23 11:30:00,176560.4587893006,176561.45557136662
2023-08-23 15:30:00,176563.44290723384,176561.49631403424
2023-08-23 19:30:00,176557.93229598104,176561.46825089998
2023-08-23 23:30:00,176568.38150698633,176561.52226071316
2023-08-24 03:30:00,176560.55972248135,176561.51479917645
2023-08-24 07:30:00,176565.35238498458,176561.5443190673
2023-08-24 11:30:00,176559.1150128539,176561.52577474507
2023-08-24 15:30:00,176564.52875382948,176561.54852458663
2023-08-24 19:30:00,176565.44591154042,176561.50685443662
2023-08-24 23:30:00,176564.88732391348,176561.5325577065
2023-08-25 07:30:00,176554.13310439585,176561.49694532354
2023-08-25 11:30:00,176563.09300792392,176561.50894579425
2023-08-25 15:30:00,176561.6384141338,176561.46729079925
2023-08-25 19:30:00,176566.46007005728,176561.50455034597
2023-08-25 23:30:00,176570.95507766394,176561.57455425203
2023-08-26 03:30:00,176542.03536351316,176561.4308837319
2023-08-26 07:30:00,176563.15384947349,176561.44346012417
2023-08-26 11:30:00,176564.70160322957,176561.4689557906
2023-08-26 19:30:00,176565.58255533662,176561.40249370286
2023-08-26 23:30:00,176572.6625546991,176561.50604430572
2023-08-27 07:30:00,176546.50431055092,176561.50152807723
2023-08-27 11:30:00,176547.39663474777,176561.4151090525
2023-08-27 15:30:00,176555.53844501395,176561.35108081996
2023-08-27 19:30:00,176582.9653669912,176561.50884933217
2023-08-27 23:30:00,176567.3853785941,176561.55143287755
2023-08-28 03:30:00,176539.82092593354,176561.3950982952
2023-08-28 07:30:00,176546.82941895782,176561.2910577285
2023-08-28 11:30:00,176570.90980761722,176561.41155590836
2023-08-28 15:30:00,176564.20145805736,176561.43134244843
2023-08-28 19:30:00,176556.66720351545,176561.39779217425
2023-08-28 23:30:00,176565.66248862701,176561.3657524892
2023-08-29 03:30:00,176563.37908838235,176561.37983176118
2023-08-29 07:30:00,176551.8994207055,176561.38094822518
2023-08-29 11:30:00,176557.0923801799,176561.35116650263
2023-08-29 15:30:00,176556.9923103202,176561.3211054255
2023-08-29 19:30:00,176572.8378972352,176561.30302481126
2023-08-29 23:30:00,176568.04033207337,176561.27577474664
2023-08-30 03:30:00,176565.23009142803,176561.3028591075
2023-08-30 07:30:00,176551.5321891637,176561.23639196504
2023-08-30 11:30:00,176563.3650310325,176561.25077466143
2023-08-30 15:30:00,176562.6944621809,176561.2604638394
2023-08-30 19:30:00,176547.90835182092,176561.16985938247
2023-08-30 23:30:00,176565.85700830046,176561.2011070419
2023-08-31 03:30:00,176570.29517966742,176561.26133268845
2023-08-31 07:30:00,176553.831417948,176561.2124516704
2023-08-31 11:30:00,176558.61919962804,176561.19550231067
2023-08-31 15:30:00,176561.51255102808,176561.18165464647
2023-08-31 19:30:00,176551.8650829611,176561.12115742773
2023-08-31 23:30:00,176562.35480894984,176561.12911646982
2023-09-01 03:30:00,176564.8048646177,176561.05374732317
2023-09-01 07:30:00,176556.78581401566,176561.0263887763
2023-09-01 11:30:00,176564.46437647776,176561.09787326475
2023-09-01 15:30:00,176562.3271842149,176561.1057032708
2023-09-01 19:30:00,176555.96458174713,176561.07316452698
2023-09-01 23:30:00,176565.466075076,176561.10079289522
2023-09-02 07:30:00,176555.15089411888,176561.13592878255
2023-09-02 11:30:00,176563.12743073152,176561.14837566973
2023-09-02 15:30:00,176559.3078255086,176561.10534899574
2023-09-02 19:30:00,176560.97283531417,176561.1045259294
2023-09-02 23:30:00,176563.21145642115,176561.11753167317
2023-09-03 03:30:00,176566.5931757346,176561.10014959588
2023-09-03 03:30:00,176566.5931757346,176561.13384914276
2023-09-03 07:30:00,176559.95322466633,176561.15285400362
2023-09-03 07:30:00,176559.95322466633,176561.1455391906
2023-09-03 11:30:00,176559.60734014824,176561.18880054046
2023-09-03 15:30:00,176564.97025834484,176561.19083962496
2023-09-03 19:30:00,176562.54499117518,176561.22595641005
2023-09-03 23:30:00,176559.52636000264,176561.25557254552
2023-09-04 03:30:00,176560.06800484576,176561.19751864526
2023-09-04 07:30:00,176558.60700267996,176561.1818185485
2023-09-04 11:30:00,176556.84932117924,176561.15571916677
2023-09-04 15:30:00,176565.57739939596,176561.16745952226
2023-09-04 19:30:00,176564.15484239295,176561.18534804246
2023-09-04 23:30:00,176555.89591001548,176561.13015974942
2023-09-05 03:30:00,176560.84958018071,176561.10986794307
2023-09-05 07:30:00,176564.08103937228,176561.1488837966
2023-09-05 11:30:00,176557.45178220878,176561.1268772395
2023-09-05 15:30:00,176568.69276511588,176561.13634659883
2023-09-05 19:30:00,176571.43324609846,176561.2126099061
2023-09-05 23:30:00,176550.50512900206,176561.1361155076
2023-09-06 03:30:00,176554.46802078225,176561.0325065366
2023-09-06 07:30:00,176565.99591315843,176561.06187580654
2023-09-06 19:30:00,176569.69798085946,176561.0742548488
2023-09-06 23:30:00,176549.708863363,176561.02601791712
2023-09-07 03:30:00,176553.24628139054,176560.9548537641
2023-09-07 07:30:00,176564.9679316989,176560.95361436097
2023-09-07 11:30:00,176565.5338674595,176561.0213946198
2023-09-07 19:30:00,176568.86027324793,176561.06359140328
2023-09-07 23:30:00,176566.63154341895,176561.1294964462
2023-09-08 03:30:00,176556.33888264504,176561.10098088783
2023-09-08 11:30:00,176560.9738865895,176561.12528130697
2023-09-08 15:30:00,176559.7001975541,176561.09616033296
2023-09-08 19:30:00,176567.3178558963,176561.10464342515
2023-09-08 23:30:00,176561.0891069551,176561.09953722
2023-09-09 03:30:00,176565.1911032992,176561.17082146904
2023-09-09 07:30:00,176564.01905043278,176561.1774109766
2023-09-09 11:30:00,176565.30398128377,176561.2241766214
2023-09-09 15:30:00,176563.26172238067,176561.2553141496
2023-09-09 19:30:00,176564.73519708042,176561.25255519088
2023-09-10 03:30:00,176565.97822963804,176561.36006495985
2023-09-10 07:30:00,176558.72753052937,176561.36118406235
2023-09-10 11:30:00,176562.1051814797,176561.37114997196
2023-09-10 15:30:00,176562.72918596168,176561.34411560575
2023-09-10 19:30:00,176558.4313670895,176561.2659831377
2023-09-10 23:30:00,176566.59962278092,176561.26000233978
2023-09-11 03:30:00,176555.29410266315,176561.2674210811
2023-09-11 07:30:00,176557.23315464507,176561.2849163736
2023-09-11 11:30:00,176566.0846317553,176561.31365718425
2023-09-11 15:30:00,176560.7743983604,176561.360949319
2023-09-11 19:30:00,176560.48830464415,176561.39617264527
2023-09-11 23:30:00,176573.5534926871,176561.46779567195
2023-09-12 03:30:00,176558.652853237,176561.48249028373
2023-09-12 07:30:00,176552.17156831067,176561.5341878952
2023-09-12 11:30:00,176553.49745992024,176561.47936707197
2023-09-12 15:30:00,176567.85228110175,176561.5508474217
2023-09-12 19:30:00,176564.84564434114,176561.52315565466
2023-09-12 23:30:00,176573.6957538278,176561.5956115962
2023-09-13 03:30:00,176559.10850141197,176561.61822391962
2023-09-13 07:30:00,176553.90396281815,176561.655956999
2023-09-13 11:30:00,176566.02174805116,176561.7280016736
2023-09-13 15:30:00,176568.9051611183,176561.77047007266
2023-09-13 19:30:00,176557.90760451907,176561.76868792358
2023-09-13 23:30:00,176567.69123494023,176561.73894355394
2023-09-14 03:30:00,176562.41431489697,176561.7246515582
2023-09-14 07:30:00,176554.42222052364,176561.76457072573
2023-09-14 15:30:00,176562.50634344408,176561.751151677
2023-09-14 19:30:00,176554.62853044138,176561.67330737476
2023-09-14 23:30:00,176562.81197353272,176561.6354598995
2023-09-15 03:30:00,176564.7260587343,176561.67188720402
2023-09-15 07:30:00,176558.71608540005,176561.75461287322
2023-09-15 23:30:00,176563.06641352436,176561.83664862337
2023-09-16 03:30:00,176570.03086308515,176561.85389513418
2023-09-16 07:30:00,176553.16125058674,176561.84421481667
2023-09-16 11:30:00,176563.06464310933,176561.8314548472
2023-09-16 15:30:00,176564.95937918613,176561.7999920109
2023-09-16 23:30:00,176567.55822538363,176561.77109154232
2023-09-17 03:30:00,176574.0035350222,176561.8452275634
2023-09-17 07:30:00,176559.2412862182,176561.85419977238
2023-09-17 11:30:00,176565.35729079988,176561.87701571622
2023-09-17 15:30:00,176570.03477204617,176561.89492948016
2023-09-17 19:30:00,176553.2030010206,176561.85434657778
2023-09-17 23:30:00,176561.15984463482,176561.85016283114
2023-09-18 03:30:00,176569.6998817413,176561.85632907046
2023-09-18 07:30:00,176557.68215897703,176561.82502975888
2023-09-18 11:30:00,176563.46830297966,176561.8462119887
2023-09-18 15:30:00,176569.00235476787,176561.8626924713
2023-09-18 19:30:00,176561.96666823886,176561.84640729206
2023-09-18 23:30:00,176560.9023648537,176561.80460269214
2023-09-19 03:30:00,176568.74652426876,176561.84617108482
2023-09-19 11:30:00,176567.47352307715,176561.9063417092
2023-09-19 15:30:00,176578.24691907232,176562.00584980258
2023-09-19 19:30:00,176563.56241640684,176562.01322400948
2023-09-19 23:30:00,176557.789608527,176561.95981394415
2023-09-20 03:30:00,176565.81203809765,176561.95702960386
2023-09-20 07:30:00,176554.9354544831,176561.93485774306
2023-09-20 11:30:00,176557.31997917552,176561.91082032092
2023-09-20 15:30:00,176579.5577528837,176562.0052580232
2023-09-20 19:30:00,176569.38819735838,176562.04347707835
2023-09-21 03:30:00,176561.79792140485,176562.102842366
2023-09-21 07:30:00,176564.42766264934,176562.0959585954
2023-09-21 11:30:00,176561.3695530824,176562.06048229855
2023-09-21 15:30:00,176566.273081857,176562.03316357272
2023-09-21 19:30:00,176561.46228456296,176562.03808084904
2023-09-21 23:30:00,176554.91111881527,176561.9951473428
2023-09-22 03:30:00,176560.47236231927,176561.98496587644
2023-09-22 11:30:00,176555.14114330534,176561.96673159316
2023-09-22 15:30:00,176578.55339719477,176562.05831032016
2023-09-22 23:30:00,176559.19884912344,176562.02747712797
2023-09-23 07:30:00,176559.62540327798,176562.00134690065
2023-09-23 11:30:00,176560.3619269864,176562.00899668055
2023-09-23 15:30:00,176562.8922375887,176561.99895670358
2023-09-23 19:30:00,176572.83504930412,176562.04428883715
2023-09-23 23:30:00,176552.25616478056,176561.9667970633
2023-09-24 07:30:00,176562.65756405704,176562.0190943619
2023-09-24 11:30:00,176554.31491642797,176561.96524103978
2023-09-24 15:30:00,176561.4741679866,176561.9642333947
2023-09-24 19:30:00,176565.83716876942,176561.9604119144
2023-09-24 23:30:00,176563.79710675756,176561.9164979825
2023-09-25 03:30:00,176548.84355164337,176561.95826600783
2023-09-25 07:30:00,176554.47647053842,176561.90503055425
2023-09-25 15:30:00,176565.57212248875,176561.9103711632
2023-09-25 19:30:00,176568.71260511153,176561.92957392253
2023-09-25 23:30:00,176576.811811861,176561.95502948796
2023-09-26 03:30:00,176573.7515480377,176562.02695947912
2023-09-26 15:30:00,176558.16979057476,176562.22933181995
2023-09-26 19:30:00,176566.76519113354,176562.1293307344
2023-09-26 23:30:00,176572.6322834616,176562.16171903608
2023-09-27 03:30:00,176561.22105290883,176562.29381858528
2023-09-27 07:30:00,176559.82714069923,176562.3740514356
2023-09-27 15:30:00,176564.20665598765,176562.32106660173
2023-09-27 19:30:00,176566.09994918987,176562.37965508414
2023-09-27 23:30:00,176568.8477684683,176562.399439431
2023-09-28 03:30:00,176561.55255088228,176562.3880944776
2023-09-28 07:30:00,176560.882135456,176562.44388773688
2023-09-28 11:30:00,176561.41634002485,176562.47074463035
2023-09-28 15:30:00,176561.2931964089,176562.49745820856
2023-09-28 23:30:00,176565.7681104807,176562.41862907965
2023-09-29 03:30:00,176558.68304410853,176562.3777100339
2023-09-29 07:30:00,176539.74069549143,176562.30401319845
2023-09-29 11:30:00,176549.61863160753,176562.21809820205
2023-09-29 15:30:00,176558.41707357188,176562.19136452323
2023-09-29 19:30:00,176557.66530775072,176562.25234549778
2023-09-30 07:30:00,176557.22961850892,176562.20013476108
2023-09-30 11:30:00,176565.83426648396,176562.24579974113
2023-09-30 19:30:00,176547.78990078342,176562.22451354074
2023-10-01 03:30:00,176562.9526154498,176562.21180492165
2023-10-01 07:30:00,176553.14446935087,176562.18846296868
2023-10-01 11:30:00,176555.2649424089,176562.12949223747
2023-10-01 19:30:00,176558.02678027653,176562.14152131198
2023-10-01 23:30:00,176548.81049160482,176562.0340659347
2023-10-02 03:30:00,176557.57802747062,176562.0055015856
2023-10-02 07:30:00,176554.97035401253,176562.00434427726
2023-10-02 11:30:00,176561.0108977521,176561.99077675818
2023-10-02 15:30:00,176576.79177081198,176562.1028533306
2023-10-02 19:30:00,176559.59198612426,176562.09400173323
2023-10-03 03:30:00,176562.0814895127,176562.0282334546
2023-10-03 07:30:00,176563.02155926838,176562.06185007805
2023-10-03 11:30:00,176559.16582136267,176562.05896433437
2023-10-03 15:30:00,176573.38807122933,176562.11398271922
2023-10-03 19:30:00,176568.38636608407,176562.1521616402
2023-10-03 23:30:00,176555.0712908316,176562.12304354107
2023-10-04 03:30:00,176550.07841343782,176562.05775209397
2023-10-04 07:30:00,176558.1725465034,176562.05491251108
2023-10-04 11:30:00,176561.88372029553,176562.0878170805
2023-10-04 15:30:00,176576.59633247307,176562.15983625088
2023-10-04 19:30:00,176567.87922585773,176562.18417862648
2023-10-05 03:30:00,176558.42946093346,176562.20962697756
2023-10-05 07:30:00,176558.93328556637,176562.17576017618
2023-10-05 11:30:00,176555.27430057348,176562.16143463913
2023-10-05 15:30:00,176563.1729218299,176562.12511988066
2023-10-05 19:30:00,176571.1497133729,176562.12325453386
2023-10-05 23:30:00,176553.91018392707,176562.14565621095
2023-10-06 07:30:00,176553.42280743353,176562.11323587789
2023-10-06 11:30:00,176547.51962021124,176562.0172252485
2023-10-06 15:30:00,176564.55661168828,176562.03382254546
2023-10-06 19:30:00,176561.37666427158,176561.97943485534
2023-10-06 23:30:00,176556.31621850922,176562.02262018312
2023-10-07 03:30:00,176552.50636250013,176562.01778411196
2023-10-07 11:30:00,176560.349824817,176561.9642697025
2023-10-07 15:30:00,176565.34853150943,176561.9863890607
2023-10-07 19:30:00,176564.1643440419,176561.955696713
2023-10-07 23:30:00,176574.26846005677,176562.00561120082
2023-10-08 03:30:00,176563.96879624244,176562.05547991715
2023-10-08 11:30:00,176554.22771210226,176562.01138727344
2023-10-08 19:30:00,176571.44083225686,176562.0537173134
2023-10-08 23:30:00,176564.230215618,176562.07438250197
2023-10-09 03:30:00,176563.76315926813,176562.0649881334
2023-10-09 07:30:00,176554.2313345626,176562.00059526577
2023-10-09 11:30:00,176555.25332750034,176561.93447254354
2023-10-09 19:30:00,176560.50918692438,176561.8976959873
2023-10-09 23:30:00,176555.6134661121,176561.85635236974
2023-10-10 03:30:00,176570.43786855246,176561.8856920994
2023-10-10 07:30:00,176562.6739944028,176561.9116556775
2023-10-10 11:30:00,176562.0643255444,176561.91138688845
2023-10-10 19:30:00,176562.72586985366,176561.9344114162
2023-10-10 23:30:00,176564.01070420363,176561.91726626008
2023-10-11 07:30:00,176548.099015419,176561.90052642254
2023-10-11 11:30:00,176555.9676913109,176561.83308015295
2023-10-11 15:30:00,176563.61372285167,176561.85200898288
2023-10-11 19:30:00,176551.49315704987,176561.7920413323
2023-10-11 23:30:00,176566.22525402324,176561.74318640784
2023-10-12 03:30:00,176580.84304987156,176561.89112105206
2023-10-12 07:30:00,176585.6452044287,176562.11427862616
2023-10-12 11:30:00,176573.10928090574,176562.24502409942
2023-10-12 15:30:00,176571.30470078762,176562.2680402306
2023-10-12 19:30:00,176568.0318050944,176562.28928130234
2023-10-12 23:30:00,176559.50975716338,176562.1947079912
2023-10-13 03:30:00,176555.35981743675,176562.16971676474
2023-10-13 07:30:00,176548.386084482,176562.13293090917
2023-10-13 11:30:00,176556.19662152845,176562.06743006565
2023-10-13 15:30:00,176554.56534410908,176561.9718312856
2023-10-13 19:30:00,176560.32166621613,176561.98792503026
2023-10-13 23:30:00,176553.67585213494,176561.8944891449
2023-10-14 03:30:00,176555.9795148584,176561.85159047792
2023-10-14 07:30:00,176560.76416951936,176561.8938701379
2023-10-14 11:30:00,176550.91521393234,176561.82116380543
2023-10-14 15:30:00,176553.32567283302,176561.76036466233
2023-10-14 19:30:00,176571.70913940456,176561.873481278
2023-10-14 23:30:00,176554.9710507608,176561.82155463708
2023-10-15 03:30:00,176561.38676541773,176561.79944011182
2023-10-15 07:30:00,176561.32834771744,176561.81673986226
2023-10-15 11:30:00,176561.44212599035,176561.8142752973
2023-10-15 15:30:00,176564.8631580919,176561.83420263586
2023-10-15 19:30:00,176552.18418171233,176561.77154016233
2023-10-15 23:30:00,176553.4574823575,176561.70914450538
2023-10-16 03:30:00,176576.71648940985,176561.75255766333
2023-10-16 11:30:00,176567.0857293864,176561.83499160683
2023-10-16 15:30:00,176558.63570211548,176561.79366038414
2023-10-16 19:30:00,176546.80448166808,176561.69632805482
2023-10-16 23:30:00,176544.85777688381,176561.5489225451
2023-10-17 03:30:00,176565.26827643014,176561.4922000867
2023-10-17 07:30:00,176552.83955963133,176561.45063043354
2023-10-17 11:30:00,176558.61832670757,176561.40687092644
2023-10-17 15:30:00,176574.11146340315,176561.43334294824
2023-10-17 19:30:00,176543.71618816582,176561.37174026735
2023-10-17 23:30:00,176545.36526851717,176561.2691780848
2023-10-18 03:30:00,176571.1627573123,176561.27867727683
2023-10-18 07:30:00,176561.68011092732,176561.30463800373
2023-10-18 11:30:00,176554.05814529766,176561.24353308376
2023-10-18 15:30:00,176573.41338670105,176561.27217614825
2023-10-18 19:30:00,176555.94664648786,176561.23308509792
2023-10-19 03:30:00,176566.77629432804,176561.22236934828
2023-10-19 07:30:00,176554.51786776597,176561.1788336237
2023-10-19 11:30:00,176555.12140822908,176561.09862508572
2023-10-19 15:30:00,176580.8462774822,176561.11550403642
2023-10-19 19:30:00,176558.52744612866,176561.0828094242
2023-10-19 23:30:00,176558.2170111481,176561.08558476594
2023-10-20 03:30:00,176557.60783351466,176561.03231071023
2023-10-20 07:30:00,176560.3288594418,176561.06733282033
2023-10-20 11:30:00,176567.38287407055,176561.1326762937
2023-10-20 15:30:00,176586.3106693335,176561.17652640046
2023-10-20 19:30:00,176559.49660206164,176561.1122952622
2023-10-20 23:30:00,176566.82999634393,176561.14918365626
2023-10-21 03:30:00,176566.2896977158,176561.17816285827
2023-10-21 07:30:00,176561.79624585135,176561.1611859757
2023-10-21 11:30:00,176563.71487968188,176561.17631711508
2023-10-21 15:30:00,176568.2097307125,176561.1888116238
2023-10-21 19:30:00,176574.1170386944,176561.27045519886
2023-10-21 23:30:00,176550.87757580003,176561.2444323407
2023-10-22 03:30:00,176555.08449609802,176561.20967191344
2023-10-22 07:30:00,176545.5923742186,176561.1095610308
2023-10-22 11:30:00,176577.12249993026,176561.250467163
2023-10-22 19:30:00,176575.3995772745,176561.23025036865
2023-10-22 23:30:00,176566.50257527773,176561.27706912602
2023-10-23 03:30:00,176552.18992465877,176561.21918922497
2023-10-23 11:30:00,176554.4896883017,176561.19176324588
2023-10-23 15:30:00,176566.26702999868,176561.2133965306
2023-10-23 23:30:00,176564.07829756822,176561.21468995
2023-10-24 03:30:00,176559.50418971505,176561.20372520492
2023-10-24 07:30:00,176547.79653176575,176561.1084621774
2023-10-24 11:30:00,176566.8984935183,176561.18912613316
2023-10-24 15:30:00,176561.73641827857,176561.19080722478
2023-10-24 19:30:00,176564.9184786739,176561.18491818567
2023-10-25 03:30:00,176543.27946987338,176561.1321680544
2023-10-25 07:30:00,176550.10832364124,176561.10398646156
2023-10-25 11:30:00,176563.1271994648,176561.11695577565
2023-10-25 15:30:00,176568.73763412712,176561.13724751695
2023-10-25 19:30:00,176559.00761761924,176561.07503605864
2023-10-25 23:30:00,176566.99667800826,176561.01211853395
2023-10-26 03:30:00,176551.8779641606,176560.87190325267
2023-10-26 07:30:00,176562.45870373643,176560.88201026214
2023-10-26 11:30:00,176556.91869991992,176560.85692601945
2023-10-26 15:30:00,176555.95966011632,176560.842937852
2023-10-26 19:30:00,176553.44646861483,176560.7586421399
2023-10-27 03:30:00,176563.66161542106,176560.69855883534
2023-10-27 07:30:00,176552.54027444392,176560.65214567448
2023-10-27 11:30:00,176563.48409869397,176560.67006942775
2023-10-27 15:30:00,176570.0365056016,176560.70696721014
2023-10-27 19:30:00,176551.79526810875,176560.61643125396
2023-10-27 23:30:00,176546.5555374654,176560.4753411843
2023-10-28 03:30:00,176564.1042007493,176560.49149086702
2023-10-28 07:30:00,176557.93135308297,176560.4728150292
2023-10-28 11:30:00,176572.9602568479,176560.5458777939
2023-10-28 15:30:00,176556.3236436771,176560.5144249285
2023-10-28 19:30:00,176560.26274637075,176560.51284204447
2023-10-28 23:30:00,176564.07404748347,176560.50218756025
2023-10-29 07:30:00,176561.88193983882,176560.65383558426
2023-10-29 11:30:00,176565.08735123326,176560.75173887308
2023-10-29 15:30:00,176573.7664774184,176560.8488869987
2023-10-29 19:30:00,176553.26653808172,176560.82104668432
2023-10-29 23:30:00,176542.206369949,176560.70397324572
2023-10-30 03:30:00,176554.12005776225,176560.66282377398
2023-10-30 07:30:00,176556.96339061935,176560.66115984964
2023-10-30 11:30:00,176559.34709940624,176560.62061505538
2023-10-30 15:30:00,176562.34152506568,176560.63130393747
2023-10-30 19:30:00,176550.69217692554,176560.6493304973
2023-10-30 23:30:00,176554.78159590004,176560.6131099134
2023-10-31 03:30:00,176561.045016917,176560.60133461378
2023-10-31 11:30:00,176558.8528985701,176560.66993598914
2023-10-31 15:30:00,176578.95100832815,176560.7827821147
2023-10-31 23:30:00,176554.0862567795,176560.8326688663
2023-11-01 03:30:00,176560.4560285255,176560.85054464926
2023-11-01 07:30:00,176553.78314448977,176560.84317067705
2023-11-01 11:30:00,176566.58737043175,176560.8778071533
2023-11-01 15:30:00,176569.66368036167,176560.8335332996
2023-11-01 19:30:00,176565.8165003349,176560.87219487855
2023-11-01 23:30:00,176559.56262753197,176560.86411112951
2023-11-02 03:30:00,176558.00463247576,176560.83894534534
2023-11-02 07:30:00,176554.09512102624,176560.7838438747
2023-11-02 11:30:00,176561.161543672,176560.79616314822
2023-11-02 15:30:00,176568.0154735151,176560.76299896475
2023-11-02 19:30:00,176557.32781567416,176560.69473630792
2023-11-02 23:30:00,176554.1273804618,176560.6889097007
2023-11-03 07:30:00,176555.33728426177,176560.7372030797
2023-11-03 15:30:00,176575.56835781445,176560.72361250554
2023-11-03 19:30:00,176573.14960181728,176560.75655235522
2023-11-03 23:30:00,176551.63236041373,176560.69988035562
2023-11-04 03:30:00,176547.28285442572,176560.63064677484
2023-11-04 07:30:00,176551.52203309393,176560.58461415078
2023-11-04 11:30:00,176552.28909102,176560.56607247653
2023-11-04 15:30:00,176550.02514345327,176560.48440925678
2023-11-04 19:30:00,176566.1727556465,176560.45349647585
2023-11-04 23:30:00,176557.42482198813,176560.47532652598
2023-11-05 03:30:00,176552.02354168467,176560.42315501458
2023-11-05 11:30:00,176563.33364446214,176560.56485918743
2023-11-05 15:30:00,176560.6634004356,176560.5406777511
2023-11-05 19:30:00,176588.4403744452,176560.7087753298
2023-11-05 23:30:00,176564.97680185453,176560.76256777297
2023-11-06 03:30:00,176562.38292868098,176560.82391290448
2023-11-06 11:30:00,176554.7352846652,176560.78903998432
2023-11-06 15:30:00,176552.56253930466,176560.70962388365
2023-11-06 19:30:00,176552.38606995047,176560.63646690178
2023-11-06 23:30:00,176553.67732192957,176560.5085716339
2023-11-07 03:30:00,176545.42588564788,176560.39339827612
2023-11-07 11:30:00,176572.5777129613,176560.50737343673
2023-11-07 15:30:00,176571.0574222145,176560.57249719463
2023-11-07 19:30:00,176565.40712438116,176560.53525208432
2023-11-07 23:30:00,176577.56104530586,176560.61754115645
2023-11-08 03:30:00,176560.84665394438,176560.59953803715
2023-11-08 07:30:00,176562.50218405045,176560.65059266365
2023-11-08 15:30:00,176568.97442691404,176560.73529080817
2023-11-08 19:30:00,176556.85248829878,176560.71271859438
2023-11-08 23:30:00,176559.87201966986,176560.73900596204
2023-11-09 03:30:00,176558.42492401483,176560.66485198343
2023-11-09 07:30:00,176562.3165573975,176560.66264558214
2023-11-09 11:30:00,176572.1132456533,176560.7246759532
2023-11-09 15:30:00,176568.9786140071,176560.77531361
2023-11-09 23:30:00,176561.7714830627,176560.74945078662
2023-11-10 03:30:00,176566.80790240856,176560.78661920148
2023-11-10 07:30:00,176556.99512273606,176560.841196547
2023-11-10 11:30:00,176566.99311647806,176560.90883719217
2023-11-10 15:30:00,176568.9908582769,176560.94182575308
2023-11-10 19:30:00,176555.29569739813,176560.96515422143
2023-11-10 23:30:00,176547.08416868365,176560.84772425002
2023-11-11 03:30:00,176561.05348009165,176560.7263158465
2023-11-11 07:30:00,176553.0646728941,176560.52643528493
2023-11-11 11:30:00,176563.08879061966,176560.4649598844
2023-11-11 15:30:00,176555.90744419442,176560.37049818752
2023-11-11 19:30:00,176555.14378588423,176560.291430585
2023-11-11 23:30:00,176553.8343481357,176560.2566121247
2023-11-12 03:30:00,176580.6687583115,176560.4118817006
2023-11-12 07:30:00,176558.79400116188,176560.47573395018
2023-11-12 11:30:00,176575.24039406911,176560.59256691058
2023-11-12 15:30:00,176573.23793571096,176560.70712268728
2023-11-12 19:30:00,176541.84614116172,176560.59377590776
2023-11-13 03:30:00,176566.90730923906,176560.70393466184
2023-11-13 07:30:00,176561.54806723067,176560.70877353658
2023-11-13 11:30:00,176573.3898403965,176560.8475057987
2023-11-13 15:30:00,176563.44531899245,176560.9099727503
2023-11-13 19:30:00,176557.45698831585,176560.821996509
2023-11-13 23:30:00,176556.65084702722,176560.8323656218
2023-11-14 03:30:00,176567.99743930163,176560.8731722507
2023-11-14 07:30:00,176562.37694845165,176560.8796450947
2023-11-14 11:30:00,176569.18400022306,176560.92743444184
2023-11-14 15:30:00,176571.2982871961,176560.96715746104
2023-11-14 19:30:00,176553.20920876838,176560.97348478853
2023-11-14 23:30:00,176551.10302973527,176560.95895113033
2023-11-15 07:30:00,176556.69314926682,176560.8353502653
2023-11-15 11:30:00,176577.4417065045,176560.89927604995
2023-11-15 15:30:00,176559.82251675456,176560.90660206624
2023-11-15 19:30:00,176559.8193465214,176560.98694073816
2023-11-15 23:30:00,176551.84863553912,176561.03009418663
2023-11-16 03:30:00,176564.7691513063,176561.02701316736
2023-11-16 07:30:00,176557.25259896292,176561.05425415092
2023-11-16 11:30:00,176559.7462154008,176561.0612164268
2023-11-16 15:30:00,176586.57857264127,176561.13817389123
2023-11-16 19:30:00,176567.29855039704,176561.28374402848
2023-11-16 23:30:00,176550.20967589147,176561.31364777766
2023-11-17 03:30:00,176557.99477789173,176561.23236395407
2023-11-17 07:30:00,176560.1409984151,176561.2228632596
2023-11-17 11:30:00,176575.02512903104,176561.3522890851
2023-11-17 15:30:00,176562.4839301039,176561.2848233036
2023-11-17 19:30:00,176577.52168671408,176561.41800256429
2023-11-17 23:30:00,176555.7054887583,176561.3829564673
2023-11-18 03:30:00,176553.22351078986,176561.299810556
2023-11-18 07:30:00,176558.87243776233,176561.3265257094
2023-11-18 11:30:00,176558.41819983185,176561.34675142475
2023-11-18 15:30:00,176582.5008757856,176561.3569023346
2023-11-18 19:30:00,176561.54598265936,176561.3754209636
2023-11-18 23:30:00,176553.751417585,176561.34802468406
2023-11-19 03:30:00,176555.61266042377,176561.33578435832
2023-11-19 07:30:00,176559.93645258862,176561.33337695437
2023-11-19 11:30:00,176558.21466856345,176561.2771302948
2023-11-19 15:30:00,176564.16433968008,176561.14126324173
2023-11-19 19:30:00,176570.7022509217,176561.21000955376
2023-11-19 23:30:00,176570.2137708431,176561.23076890648
2023-11-20 03:30:00,176556.4144432344,176561.17018452316
2023-11-20 07:30:00,176560.27449358412,176561.1608486197
2023-11-20 11:30:00,176569.0005927202,176561.19327630702
2023-11-20 15:30:00,176547.56821549722,176561.0666412444
2023-11-20 19:30:00,176558.85643650405,176560.97301791806
2023-11-20 23:30:00,176560.734219753,176561.03348812636
2023-11-21 03:30:00,176558.52976423438,176561.0546247407
2023-11-21 07:30:00,176558.44624254553,176561.13348282862
2023-11-21 11:30:00,176573.79224351508,176561.11305180762
2023-11-21 15:30:00,176568.2121072128,176561.15633873086
2023-11-21 19:30:00,176573.2061538901,176561.142964198
2023-11-21 23:30:00,176579.20193412542,176561.22039931294
2023-11-22 03:30:00,176566.94168507832,176561.31034907157
2023-11-22 07:30:00,176561.12979130066,176561.30925478204
2023-11-22 11:30:00,176568.8959050448,176561.39656518656
2023-11-22 15:30:00,176547.49449119196,176561.28279222408
2023-11-22 19:30:00,176555.49094875934,176561.24790160081
2023-11-22 23:30:00,176560.7048327027,176561.2275795233
2023-11-23 03:30:00,176553.01833786952,176561.18850812665
2023-11-23 07:30:00,176542.84687146294,176561.1586908959
2023-11-23 11:30:00,176562.60099625145,176561.13280235816
2023-11-23 15:30:00,176564.486787359,176561.14937084657
2023-11-23 19:30:00,176560.33924482664,176561.12178510055
2023-11-23 23:30:00,176565.65516986122,176561.1489311171
2023-11-24 03:30:00,176565.82982276054,176561.28396317028
2023-11-24 07:30:00,176556.27485841568,176561.3208885282
2023-11-24 11:30:00,176570.34581119393,176561.36411374816
2023-11-24 15:30:00,176564.5024199948,176561.33875318448
2023-11-24 19:30:00,176549.19539067624,176561.27999733452
2023-11-24 23:30:00,176555.83513278313,176561.21316173434
2023-11-25 03:30:00,176560.0280506857,176561.2619646477
2023-11-25 07:30:00,176554.08569816183,176561.21182688975
2023-11-25 11:30:00,176568.31567332463,176561.2800722395
2023-11-25 15:30:00,176565.71765588486,176561.33850335187
2023-11-25 19:30:00,176543.8030570009,176561.28075837213
2023-11-25 23:30:00,176552.53319501452,176561.22868954262
2023-11-26 03:30:00,176565.4521169415,176561.2393472898
2023-11-26 07:30:00,176565.36365664657,176561.31567694576
2023-11-26 11:30:00,176568.31561125064,176561.34443594908
2023-11-26 15:30:00,176559.97895789368,176561.28456959367
2023-11-26 19:30:00,176547.3587596459,176561.2581618052
2023-11-26 23:30:00,176556.43345108308,176561.31695891006
2023-11-27 03:30:00,176570.2751097175,176561.35369051105
2023-11-27 07:30:00,176563.1875251706,176561.38497724963
2023-11-27 11:30:00,176581.4097994042,176561.43527214584
2023-11-27 15:30:00,176576.3326348278,176561.55437328364
2023-11-27 19:30:00,176563.85915205404,176561.57578046035
2023-11-27 23:30:00,176554.80136149275,176561.52058590087
2023-11-28 03:30:00,176559.14836864301,176561.50654911235
2023-11-28 07:30:00,176567.45600254452,176561.53953173192
2023-11-28 11:30:00,176576.73600481954,176561.6084586762
2023-11-28 15:30:00,176566.30098854646,176561.56428418585
2023-11-28 19:30:00,176563.05520120033,176561.6222052694
2023-11-28 23:30:00,176553.8458234286,176561.69107777518
2023-11-29 03:30:00,176556.85637492608,176561.707269001
2023-11-29 07:30:00,176561.5368968052,176561.73433116777
2023-11-29 11:30:00,176560.79372452284,176561.74289107975
2023-11-29 15:30:00,176576.9654038879,176561.82942290706
2023-11-29 19:30:00,176569.2176180856,176561.9390409021
2023-11-29 23:30:00,176545.3994180576,176561.88352505688
2023-11-30 03:30:00,176551.75898766232,176561.82857813823
2023-11-30 07:30:00,176552.7742871882,176561.77531760323
2023-11-30 11:30:00,176565.57566004523,176561.81486325891
2023-11-30 15:30:00,176565.12386084863,176561.73352709733
2023-11-30 19:30:00,176562.45166556208,176561.73772673745
2023-11-30 23:30:00,176540.98175318117,176561.6610922135
2023-12-01 03:30:00,176556.53272424705,176561.6381489136
2023-12-01 07:30:00,176561.34560870452,176561.68237385055
2023-12-01 11:30:00,176568.72100837342,176561.6948512654
2023-12-01 15:30:00,176578.4542666513,176561.74625820277
2023-12-01 19:30:00,176565.22927536737,176561.74282413864
2023-12-01 23:30:00,176562.00011702543,176561.75707846315
2023-12-02 03:30:00,176549.28218365827,176561.70606999053
2023-12-02 07:30:00,176570.97423667903,176561.8047782692
2023-12-02 11:30:00,176567.5934077101,176561.8423915092
2023-12-02 15:30:00,176561.78621253694,176561.80596308244
2023-12-02 19:30:00,176558.21578594006,176561.811155891
2023-12-02 23:30:00,176568.888326779,176561.89747721452
2023-12-03 03:30:00,176543.0118235155,176561.7876769023
2023-12-03 07:30:00,176538.63999349324,176561.69059963035
2023-12-03 11:30:00,176557.25875926524,176561.664982056
2023-12-03 15:30:00,176556.67999375224,176561.55580076086
2023-12-03 19:30:00,176547.46788212672,176561.4073515141
2023-12-03 23:30:00,176555.88529225625,176561.43193493516
2023-12-04 03:30:00,176558.45154754055,176561.49649385488
2023-12-04 07:30:00,176549.31834743844,176561.4837557875
2023-12-04 11:30:00,176578.82488810603,176561.63714189784
2023-12-04 15:30:00,176563.0480387604,176561.7124187493
2023-12-04 19:30:00,176549.46219630569,176561.61582592077
2023-12-04 23:30:00,176559.73873037432,176561.62920111374
2023-12-05 03:30:00,176555.35440866963,176561.64845468014
2023-12-05 07:30:00,176542.6783176284,176561.53943090397
2023-12-05 11:30:00,176572.13255271874,176561.58999934222
2023-12-05 15:30:00,176574.33933220775,176561.6685966513
2023-12-05 19:30:00,176552.02190207157,176561.45929508592
2023-12-05 23:30:00,176555.97310220115,176561.40754968557
2023-12-06 03:30:00,176571.4082152287,176561.4594191485
2023-12-06 07:30:00,176545.6952722941,176561.36933830936
2023-12-06 11:30:00,176560.3184379799,176561.40124204254
2023-12-06 15:30:00,176572.2248600908,176561.51359816134
2023-12-06 19:30:00,176553.987167449,176561.52274728988
2023-12-06 23:30:00,176560.22237649217,176561.56014760167
2023-12-07 03:30:00,176555.34347578764,176561.61681954536
2023-12-07 07:30:00,176551.3301440933,176561.55837252576
2023-12-07 11:30:00,176578.0562437322,176561.5895005415
2023-12-07 15:30:00,176568.48484958036,176561.57488365148
2023-12-07 19:30:00,176541.58866245576,176561.43955148148
2023-12-07 23:30:00,176561.25238523306,176561.34688864017
2023-12-08 03:30:00,176566.686388647,176561.380068951
2023-12-08 07:30:00,176559.41659448217,176561.36253719206
2023-12-08 11:30:00,176554.48165523732,176561.3236621528
2023-12-08 15:30:00,176570.7204462709,176561.3335266689
2023-12-08 19:30:00,176563.52756422505,176561.37123896228
2023-12-08 23:30:00,176555.2957954132,176561.34538458797
2023-12-09 03:30:00,176557.1992160706,176561.33845968428
2023-12-09 07:30:00,176559.52753251337,176561.3227024816
2023-12-09 11:30:00,176575.28104644484,176561.3405996612
2023-12-09 15:30:00,176547.08514799897,176561.2169077628
2023-12-09 19:30:00,176545.21591365358,176561.1270145375
2023-12-09 23:30:00,176552.48361021403,176561.07483547655
2023-12-10 03:30:00,176558.81633815166,176561.02993904817
2023-12-10 07:30:00,176564.05915221898,176561.06962460701
2023-12-10 11:30:00,176588.212046386,176561.18883207845
2023-12-10 15:30:00,176575.00328506343,176561.22260975698
2023-12-10 19:30:00,176557.72215792717,176561.23624155772
2023-12-10 23:30:00,176561.07594928422,176561.31484706674
2023-12-11 03:30:00,176554.64408100766,176561.2788392067
2023-12-11 07:30:00,176560.56937638795,176561.32100046228
2023-12-11 11:30:00,176560.58748666977,176561.30694819288
2023-12-11 15:30:00,176551.33241199228,176561.2812457648
2023-12-11 19:30:00,176546.41357699162,176561.23219964743
2023-12-11 23:30:00,176551.58515275718,176561.21956371833
2023-12-12 07:30:00,176563.57763654445,176561.13670745163
2023-12-12 11:30:00,176584.94756019022,176561.19155019804
2023-12-12 15:30:00,176581.7589399459,176561.2396914649
2023-12-12 19:30:00,176566.10117985692,176561.37672558185
2023-12-12 23:30:00,176549.96458111634,176561.3126124107
2023-12-13 03:30:00,176557.9580516261,176561.26233568252
2023-12-13 07:30:00,176564.9349422629,176561.28136307033
2023-12-13 11:30:00,176570.5089344492,176561.26517820547
2023-12-13 15:30:00,176572.6003748683,176561.31661110366
2023-12-13 19:30:00,176555.97178832378,176561.30826728346
2023-12-13 23:30:00,176561.10213501027,176561.33327451933
2023-12-14 03:30:00,176544.77878798477,176561.20283265802
2023-12-14 07:30:00,176559.90072032067,176561.18892126402
2023-12-14 11:30:00,176563.53655748436,176561.15719405763
2023-12-14 15:30:00,176567.49233862097,176561.13581232404
2023-12-14 19:30:00,176535.7442010675,176561.03769430323
2023-12-14 23:30:00,176540.44334545993,176560.97780843655
2023-12-15 03:30:00,176550.27838185345,176560.91803510368
2023-12-15 07:30:00,176560.40209049138,176560.93875544568
2023-12-15 11:30:00,176570.05435230173,176560.8974853105
2023-12-15 15:30:00,176566.95006791883,176560.93730403206
2023-12-15 19:30:00,176564.0702779651,176560.96105225245
2023-12-15 23:30:00,176548.09926541912,176560.94010605066
2023-12-16 03:30:00,176552.6689522596,176560.87250717334
2023-12-16 07:30:00,176554.52414848018,176560.85726443314
2023-12-16 11:30:00,176557.10462400512,176560.8425069393
2023-12-16 15:30:00,176571.8666053135,176560.76031717774
2023-12-16 19:30:00,176567.53351688982,176560.7616298397
2023-12-16 23:30:00,176539.77865072843,176560.70335595612
2023-12-17 03:30:00,176563.08976198136,176560.7318195544
2023-12-17 07:30:00,176564.643863,176560.7569752224
2023-12-17 11:30:00,176570.24403341528,176560.73026519106
2023-12-17 15:30:00,176575.30633415803,176560.80189873328
2023-12-17 19:30:00,176567.426372561,176560.7455003302
2023-12-17 23:30:00,176565.71925370127,176560.80144315108
2023-12-18 03:30:00,176549.77388913083,176560.7821715217
2023-12-18 07:30:00,176547.40119512143,176560.71808636727
2023-12-18 11:30:00,176565.27466166476,176560.75639062334
2023-12-18 15:30:00,176574.39641990434,176560.71111433354
2023-12-18 19:30:00,176555.01569179815,176560.67463226165
2023-12-18 23:30:00,176545.10116935382,176560.62630685256
2023-12-19 03:30:00,176552.38861015628,176560.60829539853
2023-12-19 07:30:00,176569.87374525733,176560.663811
2023-12-19 11:30:00,176560.73172191327,176560.6778727506
2023-12-19 15:30:00,176567.47765084286,176560.6963828688
2023-12-19 19:30:00,176572.5194463018,176560.70653479832
2023-12-19 23:30:00,176560.7133935781,176560.65346006502
2023-12-20 03:30:00,176554.1861668893,176560.64101159378
2023-12-20 07:30:00,176560.2530882641,176560.64089201097
2023-12-20 11:30:00,176565.82489334958,176560.62315067372
2023-12-20 15:30:00,176567.38106469816,176560.7338369821
2023-12-20 19:30:00,176548.62056438957,176560.676653339
2023-12-20 23:30:00,176556.3346645838,176560.65207481853
2023-12-21 03:30:00,176563.56227976212,176560.68018943042
2023-12-21 07:30:00,176571.89454369812,176560.75531960445
2023-12-21 11:30:00,176566.99753671652,176560.7173603486
2023-12-21 15:30:00,176571.93986749306,176560.73818582503
2023-12-21 19:30:00,176566.52639621502,176560.700868743
2023-12-21 23:30:00,176568.64781331236,176560.64190717426
2023-12-22 03:30:00,176565.70049601904,176560.63497315714
2023-12-22 07:30:00,176565.40790622716,176560.65887324052
2023-12-22 11:30:00,176570.26011540258,176560.66649452745
2023-12-22 15:30:00,176549.668184001,176560.6786380627
2023-12-22 19:30:00,176550.3333591974,176560.64982471318
2023-12-22 23:30:00,176547.78397376,176560.57764114367
2023-12-23 03:30:00,176551.96403195572,176560.5717511665
2023-12-23 07:30:00,176564.52840502374,176560.69287705235
2023-12-23 11:30:00,176549.46086905347,176560.61946852048
2023-12-23 15:30:00,176564.99445744336,176560.62230466623
2023-12-23 19:30:00,176553.09162907468,176560.5818151927
2023-12-23 23:30:00,176550.44150769495,176560.49682266667
2023-12-24 03:30:00,176556.0293812545,176560.4420715968
2023-12-24 07:30:00,176568.7811577369,176560.51193919076
2023-12-24 11:30:00,176574.6986182866,176560.5362565488
2023-12-24 15:30:00,176555.07809135353,176560.4836066682
2023-12-24 19:30:00,176539.69276542196,176560.43051937624
2023-12-24 23:30:00,176555.63043481708,176560.42937581218
2023-12-25 03:30:00,176581.90812547255,176560.55161086682
2023-12-25 07:30:00,176578.31781375973,176560.68698581433
2023-12-25 11:30:00,176583.3648419065,176560.77105938183
2023-12-25 15:30:00,176575.91201599868,176560.8280111143
2023-12-25 19:30:00,176553.7625873704,176560.8836509488
2023-12-25 23:30:00,176548.79426933147,176560.8627630958
2023-12-26 03:30:00,176559.50539688545,176560.82954119603
2023-12-26 07:30:00,176557.03402962902,176560.78300696687
2023-12-26 11:30:00,176579.54669187422,176560.84575043406
2023-12-26 15:30:00,176587.45168042317,176560.99922933086
2023-12-26 19:30:00,176556.9849078563,176561.05300669518
2023-12-26 23:30:00,176541.96488800843,176560.9721767339
2023-12-27 03:30:00,176563.1645759748,176560.93245308168
2023-12-27 07:30:00,176566.71078280974,176560.95213608525
2023-12-27 11:30:00,176550.12074631284,176560.77733690597
2023-12-27 15:30:00,176560.15040768695,176560.68693340238
2023-12-27 19:30:00,176558.93851790627,176560.65944382615
2023-12-27 23:30:00,176545.2080493175,176560.60584990334
2023-12-28 03:30:00,176563.71584383392,176560.63136652455
2023-12-28 07:30:00,176574.83239375593,176560.672575414
2023-12-28 11:30:00,176571.63449618034,176560.64407536574
2023-12-28 15:30:00,176597.8523066794,176560.82033971287
2023-12-28 19:30:00,176564.16829016458,176560.82655808693
2023-12-28 23:30:00,176543.05639407018,176560.76628194528
2023-12-29 03:30:00,176558.86896715563,176560.7775254773
2023-12-29 07:30:00,176555.16049800758,176560.74190313765
2023-12-29 11:30:00,176557.00153709206,176560.720717733
2023-12-29 15:30:00,176558.47752633816,176560.61743350088
2023-12-29 19:30:00,176546.13188422765,176560.48846292068
2023-12-29 23:30:00,176535.22942573775,176560.43164732112
2023-12-30 03:30:00,176553.75853455748,176560.44281797414
2023-12-30 07:30:00,176560.425719533,176560.48556340626
2023-12-30 11:30:00,176566.8159859956,176560.4924926015
2023-12-30 15:30:00,176576.11847104027,176560.5539150048
2023-12-30 19:30:00,176567.35628435007,176560.5813151098
2023-12-30 23:30:00,176556.00036096206,176560.66521794655
2023-12-31 03:30:00,176561.67743869312,176560.693959368
2023-12-31 07:30:00,176558.57353532687,176560.67847292457
2023-12-31 11:30:00,176563.3490442048,176560.64846195155
2023-12-31 15:30:00,176560.22610922088,176560.54662866984
2023-12-31 19:30:00,176561.1516754631,176560.5238487821
2023-12-31 23:30:00,176560.8107956301,176560.51720452847
2024-01-01 03:30:00,176550.1290631464,176560.5219356988
2024-01-01 07:30:00,176556.41181975038,176560.4405814143
2024-01-01 11:30:00,176557.92797850334,176560.38658460305
2024-01-01 15:30:00,176563.65408685783,176560.39701965518
2024-01-01 19:30:00,176566.9870916292,176560.4460213629
2024-01-01 23:30:00,176558.8674483947,176560.39003880208
2024-01-02 03:30:00,176550.7092157574,176560.43304099338
2024-01-02 07:30:00,176556.24682099934,176560.53140315827
2024-01-02 11:30:00,176557.61090369057,176560.5333704455
2024-01-02 15:30:00,176559.18892001163,176560.54738679333
2024-01-02 19:30:00,176551.7120708676,176560.571097345
2024-01-02 23:30:00,176557.13225007863,176560.57806358978
2024-01-03 03:30:00,176557.58558216045,176560.57322579436
2024-01-03 07:30:00,176570.93911765152,176560.69401222016
2024-01-03 11:30:00,176553.8941764002,176560.55473450111
2024-01-03 15:30:00,176572.5610334085,176560.60787972264
2024-01-03 19:30:00,176562.12810939862,176560.67863901367
2024-01-03 23:30:00,176564.25160365042,176560.7038505962
2024-01-04 03:30:00,176562.18475696232,176560.74200896654
2024-01-04 07:30:00,176568.15301089975,176560.88432568873
2024-01-04 11:30:00,176569.3521185329,176560.86879253687
2024-01-04 15:30:00,176567.68094166447,176560.83159482433
2024-01-04 19:30:00,176556.7487620733,176560.85800186344
2024-01-04 23:30:00,176554.22302010359,176560.84822486847
2024-01-05 03:30:00,176559.51374222885,176560.78177529867
2024-01-05 07:30:00,176570.41238251195,176560.91985971326
2024-01-05 11:30:00,176570.15984505878,176560.9748396411
2024-01-05 15:30:00,176556.8704912615,176560.8890610443
2024-01-05 19:30:00,176556.69732283847,176560.90420157718
2024-01-05 23:30:00,176566.49451702464,176560.9392414684
2024-01-06 03:30:00,176558.90535369382,176560.95914022767
2024-01-06 07:30:00,176571.74621498224,176561.07319648963
2024-01-06 11:30:00,176578.42943530975,176561.07528135876
2024-01-06 15:30:00,176553.32627981162,176560.99059661146
2024-01-06 19:30:00,176557.50160757787,176561.0794957462
2024-01-06 23:30:00,176549.17351458778,176561.01201602194
2024-01-07 03:30:00,176566.08200607236,176561.00863958296
2024-01-07 07:30:00,176576.60316391208,176561.10465393733
2024-01-07 11:30:00,176561.93238922543,176561.14627814954
2024-01-07 15:30:00,176554.11000593653,176561.0534823935
2024-01-07 19:30:00,176547.13359105375,176560.96189595122
2024-01-07 23:30:00,176556.32022551482,176560.9676190244
2024-01-08 03:30:00,176551.14961726902,176560.93382238306
2024-01-08 07:30:00,176554.47568454462,176560.90559976868
2024-01-08 11:30:00,176569.80016115968,176560.87498029784
2024-01-08 15:30:00,176553.82395276646,176560.91262725185
2024-01-08 19:30:00,176539.15256696296,176560.87875380664
2024-01-08 23:30:00,176549.71520594487,176560.863287861
2024-01-09 03:30:00,176577.581474101,176560.96812102274
2024-01-09 07:30:00,176571.96736519138,176561.0123009835
2024-01-09 11:30:00,176575.5914485314,176560.94179485022
2024-01-09 15:30:00,176564.63714641528,176560.88388346112
2024-01-09 19:30:00,176554.29886756078,176560.86475893392
2024-01-09 23:30:00,176552.91128823106,176560.81914630235
2024-01-10 03:30:00,176565.5725386287,176560.88019913822
2024-01-10 07:30:00,176572.66663723264,176560.94778160105
2024-01-10 11:30:00,176578.33791083936,176561.04694598189
2024-01-10 15:30:00,176556.06601537426,176561.07339069352
2024-01-10 19:30:00,176541.39273474278,176561.04534129545
2024-01-10 23:30:00,176552.1783060748,176561.04865500116
2024-01-11 03:30:00,176558.96720270018,176561.03709137725
2024-01-11 07:30:00,176554.70573364457,176560.9878030278
2024-01-11 11:30:00,176565.08946763762,176560.8774802914
2024-01-11 15:30:00,176578.6906733761,176560.86043436604
2024-01-11 19:30:00,176551.80619427396,176560.78101777943
2024-01-11 23:30:00,176555.72622109286,176560.81302689042
2024-01-12 03:30:00,176564.21014111367,176560.8477607209
2024-01-12 07:30:00,176551.29196232161,176560.77196638793
2024-01-12 11:30:00,176574.18988367904,176560.79241610583
2024-01-12 15:30:00,176576.3632924241,176560.8133212034
2024-01-12 19:30:00,176560.30814240183,176560.8374120594
2024-01-12 23:30:00,176552.60625303927,176560.7902127151
2024-01-13 03:30:00,176563.25420496432,176560.89285392052
2024-01-13 07:30:00,176562.80428100683,176560.90898481323
2024-01-13 11:30:00,176554.8548919063,176560.8607533378
2024-01-13 15:30:00,176576.0688789098,176560.90840078387
2024-01-13 19:30:00,176551.20023662836,176560.9942676481
2024-01-13 23:30:00,176551.54313754837,176561.05593315966
2024-01-14 03:30:00,176556.24187358908,176561.08906366932
2024-01-14 07:30:00,176561.00029219268,176561.0923870121
2024-01-14 11:30:00,176567.63383584243,176561.07893969846
2024-01-14 15:30:00,176573.2717411696,176561.1140601054
2024-01-14 19:30:00,176559.1719796751,176561.0868473371
2024-01-14 23:30:00,176553.39329112117,176561.116258591
2024-01-15 03:30:00,176558.2192707981,176561.147093694
2024-01-15 07:30:00,176562.18064686112,176561.18962979614
2024-01-15 11:30:00,176557.32113328777,176561.19083262546
2024-01-15 15:30:00,176569.48337808147,176561.17759247418
2024-01-15 19:30:00,176562.01426869654,176561.1469299842
2024-01-15 23:30:00,176544.88097727107,176561.17527624278
2024-01-16 03:30:00,176558.07876137638,176561.14743735053
2024-01-16 07:30:00,176578.70497352644,176561.22555463127
2024-01-16 11:30:00,176539.73869239722,176561.05608051445
2024-01-16 15:30:00,176557.1843856647,176560.95540302285
2024-01-16 19:30:00,176572.99877318667,176560.9863608041
2024-01-16 23:30:00,176563.502120735,176560.97404339875
2024-01-17 03:30:00,176547.2253734607,176560.95988497834
2024-01-17 07:30:00,176558.70563092752,176561.0226873995
2024-01-17 11:30:00,176561.71463830725,176561.00290949194
2024-01-17 15:30:00,176568.20806496555,176560.9685297423
2024-01-17 19:30:00,176557.88555928413,176560.98447345055
2024-01-17 23:30:00,176552.1108569778,176561.02341615953
2024-01-18 03:30:00,176553.5908077401,176561.03009503504
2024-01-18 07:30:00,176579.9644034636,176561.0861542473
2024-01-18 11:30:00,176547.50205741168,176561.01265611115
2024-01-18 15:30:00,176552.9792713626,176560.9321095585
2024-01-18 19:30:00,176562.78156705148,176560.87801022935
2024-01-18 23:30:00,176554.6820567624,176560.84450280256
2024-01-19 03:30:00,176549.1298611514,176560.81641221515
2024-01-19 07:30:00,176577.12424884964,176560.91014088507
2024-01-19 11:30:00,176562.21649408567,176560.8900942225
2024-01-19 15:30:00,176564.614814857,176560.87472616782
2024-01-19 19:30:00,176555.2442992633,176560.91152469488
2024-01-19 23:30:00,176552.751035729,176560.89161564567
2024-01-20 03:30:00,176560.7097457282,176560.87576823437
2024-01-20 07:30:00,176573.28520902654,176560.88349415286
2024-01-20 11:30:00,176559.79700584893,176560.84349120362
2024-01-20 15:30:00,176553.07752885664,176560.73870043343
2024-01-20 19:30:00,176559.9464833882,176560.70214536216
2024-01-20 23:30:00,176567.57130043412,176560.69616473507
2024-01-21 03:30:00,176557.3916082828,176560.6500042476
2024-01-21 07:30:00,176564.3300291356,176560.64401604157
2024-01-21 11:30:00,176581.4598359694,176560.70623671138
2024-01-21 15:30:00,176551.23973548788,176560.71496755298
2024-01-21 19:30:00,176548.102554416,176560.7025741931
2024-01-21 23:30:00,176559.7723468808,176560.76917626598
2024-01-22 03:30:00,176578.4070848549,176560.9160821154
2024-01-22 07:30:00,176581.3832566929,176561.00972018024
2024-01-22 11:30:00,176580.73049567625,176561.18344032814
2024-01-22 15:30:00,176563.16328132147,176561.17326712748
2024-01-22 19:30:00,176562.7504427473,176561.22692720345
2024-01-22 23:30:00,176557.98042733542,176561.26881009032
2024-01-23 03:30:00,176551.85924586072,176561.24564267145
2024-01-23 07:30:00,176550.7416798455,176561.14542334987
2024-01-23 11:30:00,176558.2277352024,176561.05391844382
2024-01-23 15:30:00,176567.24344498076,176561.12150374177
2024-01-23 19:30:00,176541.80557570365,176561.13324157664
2024-01-23 23:30:00,176549.55394266467,176561.0994832869
2024-01-24 03:30:00,176552.66410223008,176560.93701649114
2024-01-24 07:30:00,176555.84184337064,176560.81214998895
2024-01-24 11:30:00,176551.08611860842,176560.63282374843
2024-01-24 15:30:00,176539.51072933886,176560.43059437812
2024-01-24 19:30:00,176558.4451552619,176560.45660864413
2024-01-24 23:30:00,176550.08403470396,176560.46377400734
2024-01-25 03:30:00,176544.42019357454,176560.37996732228
2024-01-25 07:30:00,176552.75588664296,176560.35619986124
2024-01-25 11:30:00,176558.8647931431,176560.24130042383
2024-01-25 15:30:00,176569.4758163806,176560.1414345125
2024-01-25 19:30:00,176553.6538800912,176560.1229288027
2024-01-25 23:30:00,176534.51281367894,176560.0815283897
2024-01-26 03:30:00,176544.51391600908,176559.97791361215
2024-01-26 07:30:00,176556.00890593085,176559.9184587406
2024-01-26 11:30:00,176558.2553376046,176559.96365091443
2024-01-26 15:30:00,176561.4037514918,176559.97061393558
2024-01-26 19:30:00,176552.0276958056,176559.93222047947
2024-01-26 23:30:00,176549.3718809349,176559.95535287738
2024-01-27 03:30:00,176560.12989790464,176559.93543095552
2024-01-27 07:30:00,176554.4902430274,176559.82241900702
2024-01-27 11:30:00,176559.89671167047,176559.75720909308
2024-01-27 15:30:00,176576.71100417938,176559.6397574125
2024-01-27 19:30:00,176571.782526507,176559.68205872554
2024-01-27 23:30:00,176553.251496513,176559.73869818356
2024-01-28 03:30:00,176558.16067373456,176559.73476322013
2024-01-28 07:30:00,176551.60498176634,176559.7150103521
2024-01-28 11:30:00,176550.29530211253,176559.67775349107
2024-01-28 15:30:00,176561.6083620925,176559.69514702304
2024-01-28 19:30:00,176557.87078022418,176559.76036311194
2024-01-28 23:30:00,176556.193678865,176559.87683118484
2024-01-29 03:30:00,176560.69806384097,176559.9153841253
2024-01-29 07:30:00,176558.33855318523,176559.90378875675
2024-01-29 11:30:00,176553.16881443985,176559.82797113698
2024-01-29 15:30:00,176563.85337124544,176559.75983169366
2024-01-29 19:30:00,176561.12982918773,176559.72524027608
2024-01-29 23:30:00,176548.07455350854,176559.68120801248
2024-01-30 03:30:00,176554.55113422716,176559.6416174321
2024-01-30 07:30:00,176558.68640970797,176559.64224451198
2024-01-30 11:30:00,176555.84385932607,176559.60054904048
2024-01-30 15:30:00,176554.64579668487,176559.56954730416
2024-01-30 19:30:00,176550.74556491873,176559.51173557888
2024-01-30 23:30:00,176550.62260459445,176559.4551345176
2024-01-31 03:30:00,176560.43216216858,176559.51237395662
2024-01-31 07:30:00,176560.85381984594,176559.5370517349
2024-01-31 11:30:00,176551.385712318,176559.50070581166
2024-01-31 15:30:00,176557.271813086,176559.46524873516
2024-01-31 19:30:00,176569.08990094185,176559.47693100912
2024-01-31 23:30:00,176562.64869256777,176559.4979379212
2024-02-01 03:30:00,176564.60786620292,176559.5751526459
2024-02-01 07:30:00,176581.5764564282,176559.7158728427
2024-02-01 11:30:00,176570.15651336662,176559.78557067426
2024-02-01 15:30:00,176581.73184701471,176559.9108091576
2024-02-01 19:30:00,176544.76874392107,176559.87223511896
2024-02-01 23:30:00,176562.75478403104,176559.90347141871
2024-02-02 03:30:00,176560.46061711444,176559.91944383516
2024-02-02 07:30:00,176569.99534175504,176559.9142006357
2024-02-02 11:30:00,176557.04506293134,176559.9317055609
2024-02-02 15:30:00,176574.76434348986,176559.94394617243
2024-02-02 19:30:00,176570.76401364256,176559.99192341827
2024-02-02 23:30:00,176557.02590883433,176559.95178066925
2024-02-03 03:30:00,176565.31200629496,176559.96915427668
2024-02-03 07:30:00,176568.7311685087,176559.9723662634
2024-02-03 11:30:00,176562.69962445527,176559.93540796297
2024-02-03 15:30:00,176573.6716307924,176559.96868956924
2024-02-03 19:30:00,176550.86578393442,176559.93600635734
2024-02-03 23:30:00,176551.6609101994,176559.92177241345
2024-02-04 03:30:00,176560.8267421353,176559.92906685735
2024-02-04 07:30:00,176575.22264493952,176559.95579053753
2024-02-04 11:30:00,176525.30699544563,176559.70660803968
2024-02-04 15:30:00,176534.45861790024,176559.58209763208
2024-02-04 19:30:00,176550.94182634368,176559.55012265156
2024-02-04 23:30:00,176564.18391796557,176559.53728599014
2024-02-05 03:30:00,176566.92407702262,176559.58183445307
2024-02-05 07:30:00,176573.9457213216,176559.5940539327
2024-02-05 11:30:00,176573.97768150087,176559.5693219671
2024-02-05 15:30:00,176572.58015743992,176559.67628795395
2024-02-05 19:30:00,176548.0438311015,176559.62374475127
2024-02-05 23:30:00,176549.78326196386,176559.62713223672
2024-02-06 03:30:00,176554.95660029672,176559.56532442686
2024-02-06 07:30:00,176566.2797294991,176559.50797201347
2024-02-06 11:30:00,176572.8622771663,176559.5686936131
2024-02-06 15:30:00,176536.79873134758,176559.4725198654
2024-02-06 19:30:00,176564.68128602387,176559.5700070597
2024-02-06 23:30:00,176560.81678286433,176559.59498793387
2024-02-07 03:30:00,176548.70418945653,176559.5814022238
2024-02-07 07:30:00,176554.54590418108,176559.5817923329
2024-02-07 11:30:00,176581.37921185652,176559.64612039228
2024-02-07 15:30:00,176548.82995089088,176559.61837593745
2024-02-07 19:30:00,176547.65381589133,176559.66560509815
2024-02-07 23:30:00,176548.58454544452,176559.65932365094
2024-02-08 03:30:00,176561.49056293952,176559.5699297
2024-02-08 07:30:00,176585.52738412333,176559.64526313852
2024-02-08 11:30:00,176574.2854755681,176559.63800773319
2024-02-08 15:30:00,176540.5315761885,176559.5040878986
2024-02-08 19:30:00,176538.92046413108,176559.418652324
2024-02-08 23:30:00,176547.61989832795,176559.38925571344
2024-02-09 03:30:00,176549.9702678366,176559.30257643125
2024-02-09 07:30:00,176552.72442727519,176559.19178637592
2024-02-09 11:30:00,176579.3634290988,176559.19748369957
2024-02-09 15:30:00,176583.1027753529,176559.34768792166
2024-02-09 19:30:00,176553.4561537052,176559.4147069159
2024-02-09 23:30:00,176552.8510638273,176559.418444459
2024-02-10 03:30:00,176552.95308721287,176559.38503270625
2024-02-10 07:30:00,176543.32543576346,176559.32180882918
2024-02-10 11:30:00,176579.2870825468,176559.40068446752
2024-02-10 15:30:00,176574.54532984426,176559.37765478124
2024-02-10 19:30:00,176540.0840124181,176559.31253154873
2024-02-10 23:30:00,176554.19978133778,176559.30405132787
2024-02-11 03:30:00,176560.29376823755,176559.28229370076
2024-02-11 07:30:00,176549.22476878963,176559.27080929227
2024-02-11 11:30:00,176566.80869343696,176559.2298026798
2024-02-11 15:30:00,176564.8757244345,176559.16598285764
2024-02-11 19:30:00,176544.67948898315,176559.07915700533
2024-02-11 23:30:00,176552.33003089987,176559.07762243788
2024-02-12 03:30:00,176563.4831223492,176559.0788942011
2024-02-12 07:30:00,176546.54761464996,176558.988579388
2024-02-12 11:30:00,176554.3182802524,176558.9855982122
2024-02-12 15:30:00,176573.84313778207,176558.97323298367
2024-02-12 19:30:00,176559.0651605969,176559.01692700575
2024-02-12 23:30:00,176556.4843617116,176559.0443782511
2024-02-13 03:30:00,176567.4555309179,176559.10667634735
2024-02-13 07:30:00,176569.34157254925,176559.15301679377
2024-02-13 11:30:00,176557.61485554988,176559.09735579215
2024-02-13 15:30:00,176558.35002054856,176559.01445734428
2024-02-13 19:30:00,176552.4545696442,176558.97713839964
2024-02-13 23:30:00,176554.35629439846,176558.98248841785
2024-02-14 03:30:00,176563.53278492903,176559.0120079408
2024-02-14 07:30:00,176558.70380474807,176558.99269215128
2024-02-14 11:30:00,176558.30898268128,176558.9981802035
2024-02-14 15:30:00,176572.21736850557,176559.01336903917
2024-02-14 19:30:00,176568.75969114283,176559.0508436083
2024-02-14 23:30:00,176560.56457017572,176559.13797468
2024-02-15 03:30:00,176570.4091780079,176559.20647699462
2024-02-15 07:30:00,176562.78359864742,176559.11802491196
2024-02-15 11:30:00,176556.06361264817,176559.20871891337
2024-02-15 15:30:00,176564.5561318694,176559.24967305895
2024-02-15 19:30:00,176547.94544055773,176559.11048787768
2024-02-15 23:30:00,176556.91142373666,176559.07387289434
2024-02-16 03:30:00,176556.50590925966,176559.12543142657
2024-02-16 07:30:00,176562.2423927309,176559.14508010325
2024-02-16 11:30:00,176555.00151169993,176559.1077849554
2024-02-16 15:30:00,176552.93258101132,176559.02292115564
2024-02-16 19:30:00,176563.13487513288,176559.0520840215
2024-02-16 23:30:00,176560.3934702898,176559.09809853992
2024-02-17 03:30:00,176556.93096360998,176559.11665496143
2024-02-17 07:30:00,176565.14603209036,176559.034330676
2024-02-17 11:30:00,176563.74151738195,176559.12454989803
2024-02-17 15:30:00,176555.80818223621,176559.14026606962
2024-02-17 19:30:00,176545.1768522536,176559.04246209844
2024-02-17 23:30:00,176550.38331783892,176559.01858021558
2024-02-18 03:30:00,176565.1474933341,176559.10756706106
2024-02-18 07:30:00,176581.2366892026,176559.13041395188
2024-02-18 11:30:00,176559.94654871797,176559.11780314427
2024-02-18 15:30:00,176548.93003634704,176559.0306654859
2024-02-18 19:30:00,176557.71405228268,176559.04438633597
2024-02-18 23:30:00,176555.77850500442,176559.06120560976
2024-02-19 03:30:00,176548.03794289552,176558.99080670511
2024-02-19 07:30:00,176556.9126670895,176558.8998481388
2024-02-19 11:30:00,176555.19324258395,176558.87427167624
2024-02-19 15:30:00,176535.6974515631,176558.77771569125
2024-02-19 19:30:00,176533.96217299724,176558.63335841132
2024-02-19 23:30:00,176544.55618682373,176558.50549666904
2024-02-20 03:30:00,176562.50864988723,176558.53392467796
2024-02-20 07:30:00,176561.90670712615,176558.52046177787
2024-02-20 11:30:00,176543.1196500477,176558.30746074498
2024-02-20 15:30:00,176543.96336871356,176558.26703648514
2024-02-20 19:30:00,176555.71169037896,176558.3093094627
2024-02-20 23:30:00,176565.6529564412,176558.3419795158
2024-02-21 03:30:00,176556.06486723464,176558.2178560846
2024-02-21 07:30:00,176558.31448818243,176558.08969625956
2024-02-21 11:30:00,176576.37229572423,176558.0654840376
2024-02-21 15:30:00,176573.51324492114,176558.12298383535
2024-02-21 19:30:00,176546.0665764578,176558.0302956893
2024-02-21 23:30:00,176546.54919546706,176557.9667888456
2024-02-22 03:30:00,176565.0180614132,176558.03989337644
2024-02-22 07:30:00,176568.6809804699,176558.13955615766
2024-02-22 11:30:00,176557.9355614741,176558.1379329703
2024-02-22 15:30:00,176540.9688897073,176557.9919632188
2024-02-22 19:30:00,176546.84376823087,176558.01995317728
2024-02-22 23:30:00,176554.3230871537,176558.04644842443
2024-02-23 03:30:00,176556.9696560759,176558.07036816803
2024-02-23 07:30:00,176569.6173057164,176558.14689851436
2024-02-23 11:30:00,176573.2314434889,176558.26992809706
2024-02-23 15:30:00,176564.22411183338,176558.40722466647
2024-02-23 19:30:00,176541.6943948177,176558.31416488622
2024-02-23 23:30:00,176547.07744099104,176558.29746158785
2024-02-24 03:30:00,176565.07677325592,176558.41222036383
2024-02-24 07:30:00,176560.28845317266,176558.45406795564
2024-02-24 11:30:00,176565.20698856667,176558.48930237468
2024-02-24 15:30:00,176549.88679135544,176558.38047445787
2024-02-24 19:30:00,176550.26901432005,176558.36166964803
2024-02-24 23:30:00,176562.31106852178,176558.51610439716
2024-02-25 03:30:00,176557.97479372175,176558.59088705113
2024-02-25 07:30:00,176553.24812147985,176558.57554935972
2024-02-25 11:30:00,176566.66393181798,176558.62226377203
2024-02-25 15:30:00,176570.57947992175,176558.67324004107
2024-02-25 19:30:00,176561.09245367197,176558.72359980698
2024-02-25 23:30:00,176544.2474474527,176558.69513073209
2024-02-26 03:30:00,176563.42093096365,176558.7134142491
2024-02-26 07:30:00,176571.29660970496,176558.80678295286
2024-02-26 11:30:00,176570.26353040827,176558.8643763903
2024-02-26 15:30:00,176545.16275941682,176558.68910836388
2024-02-26 19:30:00,176552.06181608725,176558.5795488615
2024-02-26 23:30:00,176558.11923230384,176558.60659183812
2024-02-27 03:30:00,176557.7316332635,176558.60420827992
2024-02-27 07:30:00,176552.65439781564,176558.6100383691
2024-02-27 11:30:00,176554.18438588598,176558.6316443901
2024-02-27 15:30:00,176568.73716701474,176558.67124886188
2024-02-27 19:30:00,176559.3606103883,176558.6795256961
2024-02-27 23:30:00,176539.16120262002,176558.58490082808
2024-02-28 03:30:00,176568.98572534844,176558.63094339203
2024-02-28 07:30:00,176563.65425228598,176558.6604750537
2024-02-28 11:30:00,176556.45573809775,176558.67873574066
2024-02-28 15:30:00,176557.93263872096,176558.64584278222
2024-02-28 19:30:00,176546.81382453407,176558.56630942304
2024-02-28 23:30:00,176558.32693209374,176558.62326708183
2024-02-29 03:30:00,176568.24147744072,176558.6993245441
2024-02-29 07:30:00,176557.40697890706,176558.69221659523
2024-02-29 11:30:00,176561.84316059572,176558.72554604668
2024-02-29 15:30:00,176563.35444437718,176558.7739274228
2024-02-29 19:30:00,176560.9352129669,176558.8305365786
2024-02-29 23:30:00,176568.08591468254,176558.927554968
2024-03-01 03:30:00,176564.22376737342,176558.94861944133
2024-03-01 07:30:00,176567.32779845898,176558.9845859892
2024-03-01 11:30:00,176563.9439811294,176559.05435414927
2024-03-01 15:30:00,176555.6903921993,176559.04556847765
2024-03-01 19:30:00,176549.9202737436,176558.9390705488
2024-03-01 23:30:00,176557.9342378917,176558.91287913392
2024-03-02 03:30:00,176570.8075246588,176558.9473216809
2024-03-02 07:30:00,176559.22797414716,176558.82316344604
2024-03-02 11:30:00,176559.87881582993,176558.76606512634
2024-03-02 15:30:00,176552.76396492834,176558.6051324481
2024-03-02 19:30:00,176546.28242608733,176558.61354179346
2024-03-02 23:30:00,176552.91705905646,176558.55888776583
2024-03-03 03:30:00,176576.94897838726,176558.65048977287
2024-03-03 07:30:00,176575.62490696117,176558.68176513514
2024-03-03 11:30:00,176556.66926360005,176558.67967736107
2024-03-03 15:30:00,176559.84678777438,176558.59680205156
2024-03-03 19:30:00,176558.928352826,176558.53104838033
2024-03-03 23:30:00,176560.16460387313,176558.54848557504
2024-03-04 03:30:00,176566.87509423838,176558.55716939693
2024-03-04 07:30:00,176570.19043237227,176558.5652764184
2024-03-04 11:30:00,176554.02799334086,176558.51710068996
2024-03-04 15:30:00,176546.3456718613,176558.36528980703
2024-03-04 19:30:00,176536.00339365783,176558.28272097217
2024-03-04 23:30:00,176564.66887739114,176558.35498745652
2024-03-05 03:30:00,176578.08275320267,176558.45085418472
2024-03-05 07:30:00,176579.51551841944,176558.4747034818
2024-03-05 11:30:00,176563.51013026474,176558.68694311968
2024-03-05 15:30:00,176555.91488191552,176558.80614458644
2024-03-05 19:30:00,176540.66445164167,176558.74904806033
2024-03-05 23:30:00,176550.8262899392,176558.67483901576
2024-03-06 03:30:00,176565.50506279027,176558.66695560334
2024-03-06 07:30:00,176579.21732907146,176558.69624231308
2024-03-06 11:30:00,176573.32801570432,176558.69263305864
2024-03-06 15:30:00,176560.22758618355,176558.6240076628
2024-03-06 19:30:00,176542.4774757237,176558.59308346623
2024-03-06 23:30:00,176542.85741685968,176558.55460654898
2024-03-07 03:30:00,176561.9813839234,176558.5936331247
2024-03-07 07:30:00,176576.88656912802,176558.6525600115
2024-03-07 11:30:00,176566.2950125589,176558.61607520815
2024-03-07 15:30:00,176549.18891377348,176558.68490955496
2024-03-07 19:30:00,176552.9194517041,176558.61956603095
2024-03-07 23:30:00,176553.151066714,176558.57697871898
2024-03-08 03:30:00,176553.59774369834,176558.60416513146
2024-03-08 07:30:00,176565.40659477795,176558.66450230143
2024-03-08 11:30:00,176574.80264852522,176558.6279658385
2024-03-08 15:30:00,176566.9657926945,176558.72872051518
2024-03-08 19:30:00,176552.87171438435,176558.75770884013
2024-03-08 23:30:00,176548.62431311936,176558.75792977167
2024-03-09 03:30:00,176552.80930469863,176558.70970055924
2024-03-09 07:30:00,176566.3756432237,176558.6033019987
2024-03-09 11:30:00,176570.57801614373,176558.58270500184
2024-03-09 15:30:00,176551.89122081373,176558.6458141387
2024-03-09 19:30:00,176561.0037049727,176558.76849880998
2024-03-09 23:30:00,176560.83942035647,176558.84194059906
2024-03-10 03:30:00,176560.16879617897,176558.89859908985
2024-03-10 07:30:00,176564.10909260338,176558.96184723056
2024-03-10 11:30:00,176571.85346341037,176558.92012519893
2024-03-10 15:30:00,176576.5182421638,176558.883544459
2024-03-10 19:30:00,176566.2644215038,176558.95470150234
2024-03-10 23:30:00,176538.97538843617,176558.87761441685
2024-03-11 03:30:00,176561.40261801222,176558.9245562546
2024-03-11 07:30:00,176566.89560763692,176559.0555016539
2024-03-11 11:30:00,176562.04895683844,176558.95973428886
2024-03-11 15:30:00,176568.6851129603,176558.9271775284
2024-03-11 19:30:00,176561.2180054578,176559.04458860084
2024-03-11 23:30:00,176561.63841856163,176559.08591436318
2024-03-12 03:30:00,176558.30884641857,176559.0748870198
2024-03-12 07:30:00,176555.019029566,176559.1070773574
2024-03-12 11:30:00,176544.54005546108,176558.98336270198
2024-03-12 15:30:00,176553.15230712458,176558.9182326058
2024-03-12 19:30:00,176547.56235366996,176558.93424852076
2024-03-12 23:30:00,176553.73579673297,176558.9420583309
2024-03-13 03:30:00,176568.03801489095,176558.9673632895
2024-03-13 07:30:00,176552.0005830665,176558.99765755847
2024-03-13 11:30:00,176547.32188302072,176558.95878868495
2024-03-13 15:30:00,176556.49343595988,176558.8624014526
2024-03-13 19:30:00,176557.37743637245,176558.85302520695
2024-03-13 23:30:00,176558.28339539285,176558.8630198385
2024-03-14 03:30:00,176558.01881707122,176558.81059365047
2024-03-14 07:30:00,176545.14828684618,176558.67618650768
2024-03-14 11:30:00,176550.92320675388,176558.63901068104
2024-03-14 15:30:00,176556.06875302282,176558.62633697252
2024-03-14 19:30:00,176554.83951229986,176558.63958665397
2024-03-14 23:30:00,176570.94859841626,176558.73176612073
2024-03-15 03:30:00,176573.077876852,176558.78479440918
2024-03-15 07:30:00,176556.91060500182,176558.77483218838
2024-03-15 11:30:00,176558.626643264,176558.7765969694
2024-03-15 15:30:00,176563.18879749454,176558.72643824155
2024-03-15 19:30:00,176551.5300155069,176558.63071782136
2024-03-15 23:30:00,176565.7754302594,176558.65966704403
2024-03-16 03:30:00,176576.89619490787,176558.69570602683
2024-03-16 07:30:00,176558.18315369892,176558.67014799934
2024-03-16 11:30:00,176548.6653318938,176558.62904643957
2024-03-16 15:30:00,176544.5091516962,176558.5176743275
2024-03-16 19:30:00,176543.6569069021,176558.4938491405
2024-03-16 23:30:00,176564.53722508173,176558.53621470358
2024-03-17 03:30:00,176566.52572148573,176558.59188032703
2024-03-17 07:30:00,176553.42589352024,176558.54289977584
2024-03-17 11:30:00,176536.78206544672,176558.44168063003
2024-03-17 15:30:00,176550.25461582103,176558.42680304564
2024-03-17 19:30:00,176535.18894953458,176558.2715479034
2024-03-17 23:30:00,176573.72298795657,176558.34560077934
2024-03-18 03:30:00,176559.40192115892,176558.35932832124
2024-03-18 07:30:00,176565.14300935218,176558.3593115283
2024-03-18 11:30:00,176572.35322014784,176558.40715432147
2024-03-18 15:30:00,176545.06403800775,176558.34746463125
2024-03-18 19:30:00,176522.06907827323,176558.21908810918
2024-03-18 23:30:00,176567.09961667255,176558.31195643602
2024-03-19 03:30:00,176577.2684357213,176558.3792950048
2024-03-19 07:30:00,176563.01233087102,176558.27804856966
2024-03-19 11:30:00,176557.1449893071,176558.2624843507
2024-03-19 15:30:00,176550.31678392808,176558.27018850396
2024-03-19 19:30:00,176528.12271191843,176558.1057921686
2024-03-19 23:30:00,176557.87107099287,176558.11741753516
2024-03-20 03:30:00,176566.02512651193,176558.21734633303
2024-03-20 07:30:00,176554.18848486178,176558.2022119873
2024-03-20 11:30:00,176559.74464864377,176558.22749757653
2024-03-20 15:30:00,176561.26957731022,176558.36956494182
2024-03-20 19:30:00,176546.31846160995,176558.43821098967
2024-03-20 23:30:00,176551.11186514483,176558.47463142476
2024-03-21 03:30:00,176568.01213226045,176558.50520632687
2024-03-21 07:30:00,176575.330709008,176558.5797841151
2024-03-21 11:30:00,176561.8685375842,176558.68394460142
2024-03-21 15:30:00,176539.56146886334,176558.65948960226
2024-03-21 19:30:00,176543.15342115457,176558.5897214399
2024-03-21 23:30:00,176545.43120400546,176558.47737837082
2024-03-22 03:30:00,176583.95683970387,176558.6323337734
2024-03-22 07:30:00,176579.93195421228,176558.7524308069
2024-03-22 11:30:00,176558.14924743638,176558.65119164975
2024-03-22 15:30:00,176568.15341519943,176558.62141481796
2024-03-22 19:30:00,176563.08291366996,176558.7159500247
2024-03-22 23:30:00,176558.7649734936,176558.78381545818
2024-03-23 03:30:00,176573.671713864,176558.83189130513
2024-03-23 07:30:00,176571.5624771306,176558.84789961993
2024-03-23 11:30:00,176569.2655462975,176558.91084398
2024-03-23 15:30:00,176566.52374274068,176559.05281538574
2024-03-23 19:30:00,176568.62911765344,176559.1738451048
2024-03-23 23:30:00,176548.70931061186,176559.14265745733
2024-03-24 03:30:00,176553.43956217213,176559.12304582453
2024-03-24 07:30:00,176574.52249301554,176559.15029686506
2024-03-24 11:30:00,176566.84070175476,176559.11479274434
2024-03-24 15:30:00,176554.88932109796,176559.0629327958
2024-03-24 19:30:00,176555.986132958,176559.14233134105
2024-03-24 23:30:00,176565.1347744202,176559.24264986007
2024-03-25 03:30:00,176546.31277432753,176559.1384054216
2024-03-25 07:30:00,176557.69529476407,176559.123998986
2024-03-25 11:30:00,176555.70038045247,176559.07118449648
2024-03-25 15:30:00,176537.07899961038,176559.00003009784
2024-03-25 19:30:00,176557.5959782328,176559.04073545296
2024-03-25 23:30:00,176543.02279459022,176558.93357837555
2024-03-26 03:30:00,176554.95280875047,176558.91678957012
2024-03-26 07:30:00,176559.9543327003,176558.95404629913
2024-03-26 11:30:00,176558.6976529004,176558.90978919406
2024-03-26 15:30:00,176569.41004745613,176558.90329234704
2024-03-26 19:30:00,176569.9431273614,176558.95246275642
2024-03-26 23:30:00,176566.6793883236,176559.07708465014
2024-03-27 03:30:00,176569.41376853228,176559.11037819216
2024-03-27 07:30:00,176566.5800725614,176559.08417520806
2024-03-27 11:30:00,176553.60253080353,176558.99161409913
2024-03-27 15:30:00,176550.12157645152,176559.01916308267
2024-03-27 19:30:00,176542.80483060196,176558.96773538552
2024-03-27 23:30:00,176569.75786234424,176559.0323944413
2024-03-28 03:30:00,176569.71252777326,176559.09895496635
2024-03-28 07:30:00,176560.7215072612,176559.14377224105
2024-03-28 11:30:00,176557.9124372138,176559.16448363735
2024-03-28 15:30:00,176568.87283986254,176559.16523737536
2024-03-28 19:30:00,176565.02150797288,176559.19668680642
2024-03-28 23:30:00,176566.75763594962,176559.35000032492
2024-03-29 03:30:00,176564.57206285646,176559.3254799777
2024-03-29 07:30:00,176553.9402273862,176559.27151317272
2024-03-29 11:30:00,176571.61269318132,176559.3557184787
2024-03-29 15:30:00,176558.80283990855,176559.36055292978
2024-03-29 19:30:00,176555.68359996864,176559.40982945997
2024-03-29 23:30:00,176565.05106753716,176559.44718576796
2024-03-30 03:30:00,176559.88493980592,176559.4007605589
2024-03-30 07:30:00,176542.20747923365,176559.31631889404
2024-03-30 11:30:00,176546.33833540572,176559.23018097636
2024-03-30 15:30:00,176545.23128173244,176559.12949673942
2024-03-30 19:30:00,176540.86754574243,176559.0180096993
2024-03-30 23:30:00,176559.03124526315,176558.96770598026
2024-03-31 03:30:00,176563.8510384666,176558.96563526415
2024-03-31 07:30:00,176554.40972345116,176558.89386818075
2024-03-31 11:30:00,176569.17892777073,176558.92295121765
2024-03-31 15:30:00,176561.97315643058,176558.95785546338
2024-03-31 19:30:00,176554.73818281948,176558.98462162487
2024-03-31 23:30:00,176559.02341477596,176558.99067260762
2024-04-01 03:30:00,176562.347703549,176558.94367360146
2024-04-01 07:30:00,176574.45066822376,176559.02824412409
2024-04-01 11:30:00,176571.88214442428,176559.09492928296
2024-04-01 15:30:00,176552.7743927299,176559.09498721518
2024-04-01 19:30:00,176539.72908923798,176559.05857978825
2024-04-01 23:30:00,176547.046229544,176559.0259640687
2024-04-02 03:30:00,176563.3179633415,176558.95023620734
2024-04-02 07:30:00,176572.66456631315,176558.9337898704
2024-04-02 11:30:00,176542.0694895356,176558.85268001453
2024-04-02 15:30:00,176549.8054995969,176558.79689508022
2024-04-02 19:30:00,176538.57782525546,176558.6838365937
2024-04-02 23:30:00,176555.5657117889,176558.6582871932
2024-04-03 03:30:00,176574.18770399937,176558.69891280303
2024-04-03 07:30:00,176565.0129598403,176558.6701490667
2024-04-03 11:30:00,176551.40768797926,176558.65559181472
2024-04-03 15:30:00,176552.53335281208,176558.68996781998
2024-04-03 19:30:00,176544.89954025787,176558.73939085664
2024-04-03 23:30:00,176568.67292239808,176558.76163555114
2024-04-04 03:30:00,176572.95902648306,176558.7331704027
2024-04-04 07:30:00,176563.60642401964,176558.64478654493
2024-04-04 11:30:00,176567.83839109138,176558.66883243842
2024-04-04 15:30:00,176554.3296439527,176558.66002556082
2024-04-04 19:30:00,176541.34958605387,176558.66383186312
2024-04-04 23:30:00,176541.42843645715,176558.611621566
2024-04-05 03:30:00,176561.073845699,176558.58700369328
2024-04-05 07:30:00,176562.10341293973,176558.4919263814
2024-04-05 11:30:00,176547.1716281082,176558.346613117
2024-04-05 15:30:00,176541.38783878423,176558.24194785368
2024-04-05 19:30:00,176540.63382690575,176558.23170536023
2024-04-05 23:30:00,176566.47591520371,176558.36291923994
2024-04-06 03:30:00,176571.45734167963,176558.41556344967
2024-04-06 07:30:00,176554.8661005015,176558.29322751288
2024-04-06 11:30:00,176568.3299723285,176558.30453284492
2024-04-06 15:30:00,176554.4422750721,176558.3337181855
2024-04-06 19:30:00,176547.75513463124,176558.3050275351
2024-04-06 23:30:00,176545.69783328945,176558.26362068273
2024-04-07 03:30:00,176563.22327856935,176558.31709587647
2024-04-07 07:30:00,176566.65952973184,176558.32405662618
2024-04-07 11:30:00,176559.2848418666,176558.23784658918
2024-04-07 15:30:00,176531.75550665468,176558.04223388896
2024-04-07 19:30:00,176572.1711310803,176558.14945287062
2024-04-07 23:30:00,176571.57071179769,176558.27693286326
2024-04-08 03:30:00,176549.62354311667,176558.2592341878
2024-04-08 07:30:00,176548.49038964947,176558.15987166794
2024-04-08 11:30:00,176562.34416682398,176558.11412806064
2024-04-08 15:30:00,176574.58798334352,176558.24022118578
2024-04-08 19:30:00,176556.21805736513,176558.21363425464
2024-04-08 23:30:00,176541.23297456073,176558.10470955574
2024-04-09 03:30:00,176565.2595143506,176558.1329913234
2024-04-09 07:30:00,176565.3165583694,176558.13969946653
2024-04-09 11:30:00,176558.35595904107,176558.06471333117
2024-04-09 15:30:00,176539.0975583819,176557.85682064347
2024-04-09 19:30:00,176554.75989206694,176557.79290659106
2024-04-09 23:30:00,176564.11456817487,176557.93256870072
2024-04-10 03:30:00,176557.14579396028,176557.9089196782
2024-04-10 07:30:00,176551.87724259312,176557.82548431685
2024-04-10 11:30:00,176553.8031295384,176557.77967416515
2024-04-10 15:30:00,176557.2573765687,176557.71618674076
2024-04-10 19:30:00,176569.56270182045,176557.76254616503
2024-04-10 23:30:00,176569.26330991214,176557.80490667254
2024-04-11 03:30:00,176547.97312762,176557.74748601252
2024-04-11 07:30:00,176550.28337798416,176557.7211768371
2024-04-11 11:30:00,176546.07358835917,176557.7296964643
2024-04-11 15:30:00,176537.5112765393,176557.64280184993
2024-04-11 19:30:00,176555.62358120384,176557.6875864473
2024-04-11 23:30:00,176573.45188198617,176557.7971202543
2024-04-12 03:30:00,176562.25349760495,176557.76498404716
2024-04-12 07:30:00,176531.60589250998,176557.65168021072
2024-04-12 11:30:00,176534.69909019818,176557.5815535839
2024-04-12 15:30:00,176562.4969588985,176557.61490648912
2024-04-12 19:30:00,176568.7213644939,176557.67792831204
2024-04-12 23:30:00,176583.3140647161,176557.8169875861
2024-04-13 03:30:00,176571.25963099606,176557.8905476634
2024-04-13 07:30:00,176555.17594770284,176557.9462568904
2024-04-13 11:30:00,176554.86499090545,176557.96815569125
2024-04-13 15:30:00,176551.5939328375,176557.9432955791
2024-04-13 19:30:00,176546.24852875946,176557.89556789276
2024-04-13 23:30:00,176569.21847093635,176557.8859560734
2024-04-14 03:30:00,176568.30351350034,176557.8594318326
2024-04-14 07:30:00,176567.32058683666,176557.91726506499
2024-04-14 11:30:00,176554.0928706552,176557.8920774394
2024-04-14 15:30:00,176542.70070901344,176557.77825472562
2024-04-14 19:30:00,176558.2352742417,176557.815506163
2024-04-14 23:30:00,176576.7859356311,176557.87667563735
2024-04-15 03:30:00,176575.80797439298,176557.87062996777
2024-04-15 07:30:00,176563.91410900018,176557.90246860837
2024-04-15 11:30:00,176561.28360466246,176557.97257012373
2024-04-15 15:30:00,176549.14915048162,176557.99834789478
2024-04-15 19:30:00,176532.2032777318,176557.9347166216
2024-04-15 23:30:00,176562.21107848667,176557.92179358494
2024-04-16 03:30:00,176575.9193194132,176557.97398024012
2024-04-16 07:30:00,176561.4549973339,176558.01858637243
2024-04-16 11:30:00,176549.59374088907,176558.08976234708
2024-04-16 15:30:00,176543.11597174234,176558.05010321332
2024-04-16 19:30:00,176554.68570139565,176558.15841850147
2024-04-16 23:30:00,176577.7275562849,176558.18066610326
2024-04-17 03:30:00,176559.3787482814,176558.18053736506
2024-04-17 07:30:00,176570.93878615068,176558.21273612505
2024-04-17 11:30:00,176561.47118140227,176558.1522803542
2024-04-17 15:30:00,176546.050207828,176558.15775907546
2024-04-17 19:30:00,176542.05364853234,176558.2687844658
2024-04-17 23:30:00,176567.91914741966,176558.2733374144
2024-04-18 03:30:00,176578.02896961573,176558.27756260266
2024-04-18 07:30:00,176557.85401272427,176558.24890527964
2024-04-18 11:30:00,176549.38731050503,176558.20580706408
2024-04-18 15:30:00,176556.75678158237,176558.2415848288
2024-04-18 19:30:00,176549.24555071598,176558.35893393325
2024-04-18 23:30:00,176571.95591269655,176558.43718305381
2024-04-19 03:30:00,176569.72384942934,176558.45773151453
2024-04-19 07:30:00,176563.44262960597,176558.50914342975
2024-04-19 11:30:00,176552.74171967342,176558.47023826878
2024-04-19 15:30:00,176548.31561659125,176558.39827182036
2024-04-19 19:30:00,176540.01812295933,176558.36326993894
2024-04-19 23:30:00,176575.00602650273,176558.49601527984
2024-04-20 03:30:00,176566.06262304657,176558.48518467307
2024-04-20 07:30:00,176547.91205395196,176558.3328588117
2024-04-20 11:30:00,176566.2226908137,176558.35704855184
2024-04-20 15:30:00,176571.5535876144,176558.53478254488
2024-04-20 19:30:00,176546.94297047245,176558.55583559664
2024-04-20 23:30:00,176564.94451976527,176558.6642429064
2024-04-21 03:30:00,176563.29818158832,176558.54947258355
2024-04-21 07:30:00,176560.45066044974,176558.44124317376
2024-04-21 11:30:00,176574.88322527052,176558.53420971727
2024-04-21 15:30:00,176565.28178740613,176558.51825622958
2024-04-21 19:30:00,176554.2485666958,176558.46917652414
2024-04-21 23:30:00,176571.50824274644,176558.53997246444
2024-04-22 03:30:00,176549.1202951968,176558.40357569404
2024-04-22 07:30:00,176529.76838415102,176558.17138628862
2024-04-22 11:30:00,176553.34554469804,176558.0829418353
2024-04-22 15:30:00,176556.79635943138,176558.02890081692
2024-04-22 19:30:00,176560.0692069418,176557.9813457574
2024-04-22 23:30:00,176563.51879387008,176558.0636206644
2024-04-23 03:30:00,176568.59973153728,176558.14784382752
2024-04-23 07:30:00,176553.24673709547,176558.02964518356
2024-04-23 11:30:00,176564.5768485757,176558.0170682214
2024-04-23 15:30:00,176558.7303028225,176558.0384070088
2024-04-23 19:30:00,176553.15826965502,176558.02269665708
2024-04-23 23:30:00,176577.28778354177,176558.09021337447
2024-04-24 03:30:00,176578.61796133564,176558.26968663558
2024-04-24 07:30:00,176537.26699076127,176558.1561960578
2024-04-24 11:30:00,176562.20733735026,176558.19234581833
2024-04-24 15:30:00,176566.22075361406,176558.3542444517
2024-04-24 19:30:00,176555.730561727,176558.34388102667
2024-04-24 23:30:00,176554.17897802207,176558.40585982354
2024-04-25 03:30:00,176563.80115813835,176558.4550173201
2024-04-25 07:30:00,176547.4600053447,176558.38560439038
2024-04-25 11:30:00,176553.1172978232,176558.3546024177
2024-04-25 15:30:00,176554.26899161923,176558.27048544082
2024-04-25 19:30:00,176552.6846278913,176558.17460488822
2024-04-25 23:30:00,176566.5585391885,176558.17393350415
2024-04-26 03:30:00,176579.33031145902,176558.2290254093
2024-04-26 07:30:00,176549.36950928575,176558.13341116888
2024-04-26 11:30:00,176557.91234420988,176558.1573545767
2024-04-26 15:30:00,176560.0346531025,176558.21242722473
2024-04-26 19:30:00,176567.30790077517,176558.3485553924
2024-04-26 23:30:00,176570.58634281397,176558.35315806165
2024-04-27 03:30:00,176563.96867621073,176558.3212477752
2024-04-27 07:30:00,176556.9996834009,176558.30057097596
2024-04-27 11:30:00,176545.97126996386,176558.23423115793
2024-04-27 15:30:00,176552.11470292773,176558.14113039715
2024-04-27 19:30:00,176543.55990227262,176558.02189925438
2024-04-27 23:30:00,176565.6599143063,176558.01580080081
2024-04-28 03:30:00,176572.06152732516,176558.05740893676
2024-04-28 07:30:00,176554.92738958274,176558.06289317115
2024-04-28 11:30:00,176550.75964473575,176557.94704290203
2024-04-28 15:30:00,176551.54315658542,176557.90671132802
2024-04-28 19:30:00,176564.32430742405,176557.95471525833
2024-04-28 23:30:00,176574.50482063685,176558.00723610888
2024-04-29 03:30:00,176572.68583076604,176558.07835216977
2024-04-29 07:30:00,176551.26307922023,176558.12866105858
2024-04-29 11:30:00,176548.37321897421,176558.1399659673
2024-04-29 15:30:00,176541.8010415912,176558.12090907758
2024-04-29 19:30:00,176556.1719286695,176558.2059334272
2024-04-29 23:30:00,176571.11431330748,176558.27306158302
2024-04-30 03:30:00,176580.61583560845,176558.36619934492
2024-04-30 07:30:00,176559.04409931556,176558.39194587752
2024-04-30 11:30:00,176550.94852114556,176558.29066584073
2024-04-30 15:30:00,176537.13339568276,176558.1526671699
2024-04-30 19:30:00,176557.90594753984,176558.17026586278
2024-04-30 23:30:00,176579.4455229009,176558.28372201903
2024-05-01 03:30:00,176577.84000673727,176558.36979037005
2024-05-01 07:30:00,176560.68164279856,176558.29329578436
2024-05-01 11:30:00,176573.30859136584,176558.3012204896
2024-05-01 15:30:00,176556.1781678192,176558.3201303512
2024-05-01 19:30:00,176557.33563826283,176558.41794451242
2024-05-01 23:30:00,176561.1102568012,176558.49607799723
2024-05-02 03:30:00,176559.960426052,176558.4774250123
2024-05-02 07:30:00,176564.87664618265,176558.4341587893
2024-05-02 11:30:00,176555.6164692521,176558.50941978773
2024-05-02 15:30:00,176530.22887201392,176558.40066074562
2024-05-02 19:30:00,176554.40585640378,176558.488594252
2024-05-02 23:30:00,176587.61646213362,176558.66665397616
2024-05-03 03:30:00,176551.49475363907,176558.5405820297
2024-05-03 07:30:00,176558.36606577772,176558.50365484046
2024-05-03 11:30:00,176566.57601201415,176558.5879233073
2024-05-03 15:30:00,176546.07967770577,176558.5520695567
2024-05-03 19:30:00,176542.39339139374,176558.5381465075
2024-05-03 23:30:00,176564.277085346,176558.51372519054
2024-05-04 03:30:00,176556.54321432172,176558.42252623406
2024-05-04 07:30:00,176567.38855235372,176558.44353805814
2024-05-04 11:30:00,176559.4236425225,176558.396789455
2024-05-04 15:30:00,176546.88242338996,176558.35541600743
2024-05-04 19:30:00,176554.81063616375,176558.43019961918
2024-05-04 23:30:00,176563.57027983954,176558.55320986014
2024-05-05 03:30:00,176555.9186706369,176558.5245699987
2024-05-05 07:30:00,176546.81441656832,176558.43963112996
2024-05-05 11:30:00,176564.6463506996,176558.53671292216
2024-05-05 15:30:00,176555.5285979478,176558.6152726953
2024-05-05 19:30:00,176559.40244984516,176558.7195428227
2024-05-05 23:30:00,176551.35039205244,176558.63551213857
2024-05-06 03:30:00,176558.65489690498,176558.56438744537
2024-05-06 07:30:00,176546.5824601206,176558.518367221
2024-05-06 11:30:00,176564.79846507465,176558.49874773624
2024-05-06 15:30:00,176567.82619125384,176558.57310282617
2024-05-06 19:30:00,176564.00176455243,176558.66336188128
2024-05-06 23:30:00,176563.79805575675,176558.76391867275
2024-05-07 03:30:00,176566.28692059888,176558.78093890627
2024-05-07 07:30:00,176547.77758618302,176558.6760392199
2024-05-07 11:30:00,176552.96688657833,176558.64093946829
2024-05-07 15:30:00,176562.23730216105,176558.81028277663
2024-05-07 19:30:00,176568.02564805344,176558.78725231538
2024-05-07 23:30:00,176562.50797366432,176558.7369037702
2024-05-08 03:30:00,176558.88412563378,176558.78835145084
2024-05-08 07:30:00,176543.6236554869,176558.76131403883
2024-05-08 11:30:00,176557.77654335325,176558.7359383529
2024-05-08 15:30:00,176562.07092404552,176558.66639913458
2024-05-08 19:30:00,176563.05841729225,176558.70440113416
2024-05-08 23:30:00,176569.20107624895,176558.8597794769
2024-05-09 03:30:00,176564.42360779768,176558.8551355516
2024-05-09 07:30:00,176551.23894169217,176558.77692657005
2024-05-09 11:30:00,176551.20326293938,176558.73718936948
2024-05-09 15:30:00,176552.66417162184,176558.812559443
2024-05-09 19:30:00,176562.0473711402,176558.85304543786
2024-05-09 23:30:00,176566.67571768854,176558.8672740463
2024-05-10 03:30:00,176575.1853785512,176558.96749396066
2024-05-10 07:30:00,176553.55333072768,176558.97680556143
2024-05-10 11:30:00,176560.31924767818,176559.01300621778
2024-05-10 15:30:00,176562.18652080637,176559.0403903524
2024-05-10 19:30:00,176557.71680254902,176558.9745798009
2024-05-10 23:30:00,176573.62607726216,176558.99881739728
2024-05-11 03:30:00,176566.95184980278,176559.10425474276
2024-05-11 07:30:00,176545.57535765768,176559.07809907428
2024-05-11 11:30:00,176549.59885768523,176559.09768390388
2024-05-11 15:30:00,176540.43152624846,176559.11390751335
2024-05-11 19:30:00,176558.4648785305,176559.1296924985
2024-05-11 23:30:00,176580.0006497801,176559.1660745418
2024-05-12 03:30:00,176580.59950169007,176559.26799678672
2024-05-12 07:30:00,176556.75805246184,176559.4077310087
2024-05-12 11:30:00,176556.3936534174,176559.52825635992
2024-05-12 15:30:00,176560.01674116554,176559.51447737252
2024-05-12 19:30:00,176554.7908259671,176559.43708549175
2024-05-12 23:30:00,176563.0260739737,176559.3243744321
2024-05-13 03:30:00,176575.70827880007,176559.3490891421
2024-05-13 07:30:00,176572.06817626272,176559.44293485637
2024-05-13 11:30:00,176563.37380177685,176559.49020602787
2024-05-13 15:30:00,176545.30605940302,176559.45527339767
2024-05-13 19:30:00,176540.9516609079,176559.42584635405
2024-05-13 23:30:00,176555.6123306421,176559.35025668578
2024-05-14 03:30:00,176561.9476143758,176559.31494613504
2024-05-14 07:30:00,176562.18381433317,176559.28640851006
2024-05-14 11:30:00,176538.27970157933,176559.19855757072
2024-05-14 15:30:00,176549.13850058973,176559.23432307946
2024-05-14 19:30:00,176556.80215506983,176559.2263613063
2024-05-14 23:30:00,176554.8437835427,176559.10446046136
2024-05-15 03:30:00,176564.50102770497,176559.0416440909
2024-05-15 07:30:00,176565.54237693883,176559.05069002387
2024-05-15 11:30:00,176568.30325781484,176559.08968809695
2024-05-15 15:30:00,176552.21906175435,176559.10674315956
2024-05-15 19:30:00,176554.18647741555,176559.22887204672
2024-05-15 23:30:00,176563.80779555417,176559.23774269706
2024-05-16 03:30:00,176566.3814505015,176559.18475453646
2024-05-16 07:30:00,176572.57669074088,176559.24654172204
2024-05-16 11:30:00,176551.1359666539,176559.25510964295
2024-05-16 15:30:00,176544.34925035157,176559.26196119082
2024-05-16 19:30:00,176574.13273906813,176559.37000028897
2024-05-16 23:30:00,176569.45412929458,176559.32403680572
2024-05-17 03:30:00,176549.4281068095,176559.2687554642
2024-05-17 07:30:00,176569.09787780946,176559.25852819558
2024-05-17 11:30:00,176565.8962810302,176559.28311208248
2024-05-17 15:30:00,176563.01601478743,176559.37736656555
2024-05-17 19:30:00,176567.98753667861,176559.52144372193
2024-05-17 23:30:00,176561.63429712015,176559.48652788694
2024-05-18 03:30:00,176557.4951125921,176559.37245090347
2024-05-18 07:30:00,176559.76904845686,176559.38308999085
2024-05-18 11:30:00,176550.2445560995,176559.38785246637
2024-05-18 15:30:00,176544.55289359123,176559.32005308865
2024-05-18 19:30:00,176567.9021727854,176559.42370098905
2024-05-18 23:30:00,176577.88555899978,176559.45664346853
2024-05-19 03:30:00,176556.96540356826,176559.3857632137
2024-05-19 07:30:00,176557.96393711783,176559.35532603323
2024-05-19 11:30:00,176563.89854674152,176559.41730840583
2024-05-19 15:30:00,176572.75222154774,176559.55306732227
2024-05-19 19:30:00,176564.10823956618,176559.68690130342
2024-05-19 23:30:00,176559.42243891087,176559.6003258168
2024-05-20 03:30:00,176565.33838069928,176559.59630224822
2024-05-20 07:30:00,176565.43709951447,176559.69366361242
2024-05-20 11:30:00,176552.78453950162,176559.61900721624
2024-05-20 15:30:00,176531.3127086058,176559.39544677731
2024-05-20 19:30:00,176564.024250188,176559.49034277577
2024-05-20 23:30:00,176562.75206302106,176559.4781624605
2024-05-21 03:30:00,176546.1349818775,176559.38281135098
2024-05-21 07:30:00,176548.2918205016,176559.31526224015
2024-05-21 11:30:00,176558.7440270976,176559.2256000281
2024-05-21 15:30:00,176571.51686258358,176559.2602393346
2024-05-21 19:30:00,176580.5221106436,176559.4062034677
2024-05-21 23:30:00,176575.22794119932,176559.4268684591
2024-05-22 03:30:00,176560.30273961395,176559.4889931503
2024-05-22 07:30:00,176564.6509795393,176559.68278534687
2024-05-22 11:30:00,176558.8890417567,176559.7135825528
2024-05-22 15:30:00,176547.32195868576,176559.66094699307
2024-05-22 19:30:00,176549.20189024037,176559.6005730114
2024-05-22 23:30:00,176562.99602515006,176559.5976687407
2024-05-23 03:30:00,176563.70432389132,176559.57047203157
2024-05-23 07:30:00,176537.12721122717,176559.4809191101
2024-05-23 11:30:00,176556.48437016894,176559.43596089672
2024-05-23 15:30:00,176580.05152687323,176559.55441214144
2024-05-23 19:30:00,176565.53079395034,176559.62314838753
2024-05-23 23:30:00,176582.96709395878,176559.65470011206
2024-05-24 03:30:00,176570.1678275915,176559.6077549246
2024-05-24 07:30:00,176558.56956471258,176559.72610255764
2024-05-24 11:30:00,176549.52709991232,176559.65565679414
2024-05-24 15:30:00,176552.74285521015,176559.58077958078
2024-05-24 19:30:00,176567.12095332798,176559.64405953413
2024-05-24 23:30:00,176578.7882433207,176559.78077767466
2024-05-25 03:30:00,176563.0939286787,176559.7768486221
2024-05-25 07:30:00,176551.89437445448,176559.80148400605
2024-05-25 11:30:00,176548.59998392462,176559.77638781772
2024-05-25 15:30:00,176557.0586967405,176559.79188617953
2024-05-25 19:30:00,176555.37178743136,176559.8068148436
2024-05-25 23:30:00,176583.53169138462,176559.90111013356
2024-05-26 03:30:00,176564.3511077532,176559.81789233524
2024-05-26 07:30:00,176541.36631665012,176559.77343015387
2024-05-26 11:30:00,176539.23367991945,176559.66965979675
2024-05-26 15:30:00,176552.80289619666,176559.6294833695
2024-05-26 19:30:00,176558.74817529487,176559.58192933904
2024-05-26 23:30:00,176571.755939375,176559.58842709774
2024-05-27 03:30:00,176575.2503310707,176559.65110295804
2024-05-27 07:30:00,176552.5065164408,176559.6261409194
2024-05-27 11:30:00,176548.40939888617,176559.63968608005
2024-05-27 15:30:00,176543.5704119002,176559.5922177966
2024-05-27 19:30:00,176559.24840884094,176559.6793761664
2024-05-27 23:30:00,176569.97018715457,176559.70332212668
2024-05-28 03:30:00,176576.33274381649,176559.72705110715
2024-05-28 07:30:00,176564.675866831,176559.7812093141
2024-05-28 11:30:00,176551.811964558,176559.78705553536
2024-05-28 15:30:00,176550.29831695536,176559.78013975962
2024-05-28 19:30:00,176552.152808161,176559.71252031927
2024-05-28 23:30:00,176558.90556283595,176559.62585777594
2024-05-29 03:30:00,176573.21804468642,176559.62881451994
2024-05-29 07:30:00,176576.14272463496,176559.76703477223
2024-05-29 11:30:00,176559.28036212723,176559.82763001198
2024-05-29 15:30:00,176537.66964279657,176559.80467779646
2024-05-29 19:30:00,176558.12437071343,176559.8155246967
2024-05-29 23:30:00,176558.59056567564,176559.74594832098
2024-05-30 03:30:00,176551.18929654945,176559.58246754843
2024-05-30 07:30:00,176560.62546881498,176559.5912529345
2024-05-30 11:30:00,176557.9459408845,176559.63012748864
2024-05-30 15:30:00,176546.3380402556,176559.6812644029
2024-05-30 19:30:00,176549.10490917534,176559.63236974532
2024-05-30 23:30:00,176562.8758657725,176559.54031609462
2024-05-31 03:30:00,176563.57488096532,176559.4610653959
2024-05-31 07:30:00,176566.89964577698,176559.4956098569
2024-05-31 11:30:00,176565.21784599958,176559.4506612715
2024-05-31 15:30:00,176546.971480624,176559.39951300932
2024-05-31 19:30:00,176558.008602731,176559.40325170083
2024-05-31 23:30:00,176568.23719443165,176559.44284579877
2024-06-01 03:30:00,176556.54758334457,176559.4238855615
2024-06-01 07:30:00,176559.34745891736,176559.3931678545
2024-06-01 11:30:00,176563.21882349736,176559.43540315583
2024-06-01 15:30:00,176548.1921947409,176559.5351993932
2024-06-01 19:30:00,176553.0545928296,176559.52769237335
2024-06-01 23:30:00,176563.24343703428,176559.39228667834
2024-06-02 03:30:00,176546.993149384,176559.3672777658
2024-06-02 07:30:00,176553.76231649937,176559.34170138094
2024-06-02 11:30:00,176563.97665344624,176559.3272605
2024-06-02 15:30:00,176553.00904107653,176559.36575696318
2024-06-02 19:30:00,176546.48008405912,176559.38846081131
2024-06-02 23:30:00,176562.45194508552,176559.37832114322
2024-06-03 03:30:00,176560.2348713717,176559.39883034903
2024-06-03 07:30:00,176544.05121436645,176559.26917847135
2024-06-03 11:30:00,176557.46273008396,176559.25828451337
2024-06-03 15:30:00,176556.35479155893,176559.31090878093
2024-06-03 19:30:00,176553.15993210638,176559.3017382028
2024-06-03 23:30:00,176563.30632619315,176559.30027179373
2024-06-04 03:30:00,176558.59635010854,176559.31514779077
2024-06-04 07:30:00,176554.3221563708,176559.35685745635
2024-06-04 11:30:00,176561.85015583842,176559.34132304043
2024-06-04 15:30:00,176557.51855093086,176559.3523783348
2024-06-04 19:30:00,176557.79319099273,176559.34343800787
2024-06-04 23:30:00,176566.2469450675,176559.4261966357
2024-06-05 03:30:00,176560.46221941686,176559.4362373163
2024-06-05 07:30:00,176544.7756971241,176559.4261997441
2024-06-05 11:30:00,176568.9447084891,176559.44923442975
2024-06-05 15:30:00,176566.5669953399,176559.44223889688
2024-06-05 19:30:00,176577.93080242758,176559.51962244062
2024-06-05 23:30:00,176573.26245232273,176559.57220242155
2024-06-06 03:30:00,176573.72670825492,176559.61353457518
2024-06-06 07:30:00,176544.82020404597,176559.59710467447
2024-06-06 11:30:00,176543.11738923998,176559.5423852448
2024-06-06 15:30:00,176564.68737940607,176559.55599678506
2024-06-06 19:30:00,176573.11537943155,176559.5842730705
2024-06-06 23:30:00,176585.5905978762,176559.7125098717
2024-06-07 03:30:00,176567.0929812888,176559.75811462532
2024-06-07 07:30:00,176565.88969720204,176559.88181485707
2024-06-07 11:30:00,176553.14956045343,176559.8561093965
2024-06-07 15:30:00,176558.00865046232,176559.8335412099
2024-06-07 19:30:00,176561.5685110713,176559.82526395316
2024-06-07 23:30:00,176583.8087075355,176559.90641746027
2024-06-08 03:30:00,176558.7349462468,176559.87481378502
2024-06-08 07:30:00,176545.19621169628,176559.84124306278
2024-06-08 11:30:00,176540.80775972432,176559.78349026715
2024-06-08 15:30:00,176557.26527879343,176559.80905197366
2024-06-08 19:30:00,176582.98265104718,176559.9253590843
2024-06-08 23:30:00,176569.86671010085,176559.94308681987
2024-06-09 03:30:00,176560.99170167866,176559.86423305952
2024-06-09 07:30:00,176559.78970254312,176559.89887956958
2024-06-09 11:30:00,176534.59913999672,176559.75599008243
2024-06-09 15:30:00,176555.19077905477,176559.71712485052
2024-06-09 19:30:00,176579.4357265488,176559.83778553936
2024-06-09 23:30:00,176574.65372185086,176559.84349467602
2024-06-10 03:30:00,176570.46797988785,176559.863028732
2024-06-10 07:30:00,176563.12726272215,176559.96053931568
2024-06-10 11:30:00,176539.09728230236,176559.90219723023
2024-06-10 15:30:00,176540.63086199624,176559.9033046511
2024-06-10 19:30:00,176548.95746224417,176559.85048567172
2024-06-10 23:30:00,176566.08292444272,176559.77316497537
2024-06-11 03:30:00,176577.77557708856,176559.7574765054
2024-06-11 07:30:00,176571.17780511375,176559.83758624233
2024-06-11 11:30:00,176549.03032401428,176559.79667885674
2024-06-11 15:30:00,176549.19786244733,176559.73657397498
2024-06-11 19:30:00,176552.59839390003,176559.72439379687
2024-06-11 23:30:00,176568.2308206233,176559.75330905602
2024-06-12 03:30:00,176587.26460312118,176559.8175108578
2024-06-12 07:30:00,176570.96919336997,176559.81140539725
2024-06-12 11:30:00,176548.61076905765,176559.72938854882
2024-06-12 15:30:00,176546.27132897818,176559.73475115758
2024-06-12 19:30:00,176559.247569294,176559.83639509307
2024-06-12 23:30:00,176556.46628338684,176559.84113927497
2024-06-13 03:30:00,176559.66398750935,176559.82845245904
2024-06-13 07:30:00,176566.03916077237,176559.8498710504
2024-06-13 11:30:00,176551.30951293954,176559.92225889128
2024-06-13 15:30:00,176547.40184026334,176559.91261077835
2024-06-13 19:30:00,176565.58409493807,176559.9613993332
2024-06-13 23:30:00,176566.64726382864,176560.02697422364
2024-06-14 03:30:00,176560.14039837767,176560.00274850515
2024-06-14 07:30:00,176566.16136442404,176560.00618732453
2024-06-14 11:30:00,176561.584369013,176559.96886016452
2024-06-14 15:30:00,176546.43199673455,176559.9367098033
2024-06-14 19:30:00,176554.5595556124,176559.93878245994
2024-06-14 23:30:00,176562.30558927899,176559.9304368695
2024-06-15 03:30:00,176560.69867228266,176559.89886587943
2024-06-15 07:30:00,176558.1585674511,176559.81876519448
2024-06-15 11:30:00,176556.16244090034,176559.84669005143
2024-06-15 15:30:00,176551.68702120776,176559.88745544502
2024-06-15 19:30:00,176563.27722509194,176559.82714703408
2024-06-15 23:30:00,176561.26987056804,176559.78167893004
2024-06-16 03:30:00,176559.42943678278,176559.8372418743
2024-06-16 07:30:00,176563.05942295474,176559.80369490295
2024-06-16 11:30:00,176557.98928170567,176559.75976712888
2024-06-16 15:30:00,176557.02883465885,176559.72650501705
2024-06-16 19:30:00,176575.15158346912,176559.766305277
2024-06-16 23:30:00,176561.3537834508,176559.76474686773
2024-06-17 03:30:00,176558.47758473593,176559.7702050463
2024-06-17 07:30:00,176558.891008702,176559.7653270477
2024-06-17 11:30:00,176547.34759537017,176559.7492328214
2024-06-17 15:30:00,176557.53614608696,176559.82136200197
2024-06-17 19:30:00,176573.68974163686,176559.85351516222
2024-06-17 23:30:00,176568.20945716978,176559.79975904094
2024-06-18 03:30:00,176556.6558943096,176559.79803954507
2024-06-18 07:30:00,176557.46773334598,176559.79528285743
2024-06-18 11:30:00,176554.03624380118,176559.74049228555
2024-06-18 15:30:00,176553.9300655587,176559.63592475228
2024-06-18 19:30:00,176572.34511350494,176559.68168516303
2024-06-18 23:30:00,176572.94040305083,176559.7567849638
2024-06-19 03:30:00,176559.47371257658,176559.72420347424
2024-06-19 07:30:00,176548.69609990373,176559.63119792085
2024-06-19 11:30:00,176558.68721670628,176559.663990572
2024-06-19 15:30:00,176563.4384642807,176559.8424669924
2024-06-19 19:30:00,176557.1560958576,176559.80431057946
2024-06-19 23:30:00,176575.85817883187,176559.87712233394
2024-06-20 03:30:00,176561.32578328898,176559.96151567518
2024-06-20 07:30:00,176547.56715281963,176559.95748974357
2024-06-20 11:30:00,176553.31778175538,176559.9273439361
2024-06-20 15:30:00,176554.31951792756,176559.8318031325
2024-06-20 19:30:00,176558.88523178434,176559.7115982499
2024-06-20 23:30:00,176571.65146143278,176559.69172891788
2024-06-21 03:30:00,176574.16667961283,176559.76875080678
2024-06-21 07:30:00,176541.28016721085,176559.63891296048
2024-06-21 11:30:00,176544.98563272736,176559.56167179922
2024-06-21 15:30:00,176554.53525929147,176559.6017456915
2024-06-21 19:30:00,176565.30725342355,176559.6912199314
2024-06-21 23:30:00,176577.5909889369,176559.77230306354
2024-06-22 03:30:00,176579.2089083795,176559.85843964404
2024-06-22 07:30:00,176544.3397240694,176559.8985091598
2024-06-22 11:30:00,176550.2219328889,176559.8637178416
2024-06-22 15:30:00,176550.8689531839,176559.7015924322
2024-06-22 19:30:00,176545.98989565385,176559.59303188612
2024-06-22 23:30:00,176565.724435947,176559.49723934158
2024-06-23 03:30:00,176572.0952486179,176559.5079472362
2024-06-23 07:30:00,176542.31960636374,176559.41766968984
2024-06-23 11:30:00,176550.95487391032,176559.42560176758
2024-06-23 15:30:00,176557.7930861021,176559.45365860587
2024-06-23 19:30:00,176549.30616276932,176559.35468754722
2024-06-23 23:30:00,176572.5826401153,176559.32021197383
2024-06-24 03:30:00,176583.79814812617,176559.43523541524
2024-06-24 07:30:00,176563.14810380206,176559.49775613382
2024-06-24 11:30:00,176550.52830026456,176559.50846900235
2024-06-24 15:30:00,176552.92193527572,176559.4854869942
2024-06-24 19:30:00,176551.79222489893,176559.46560053577
2024-06-24 23:30:00,176566.85404558887,176559.372946948
2024-06-25 03:30:00,176575.28669500962,176559.43370021047
2024-06-25 07:30:00,176550.62385608943,176559.4851309852
2024-06-25 11:30:00,176543.55942643996,176559.50916291025
2024-06-25 15:30:00,176558.79665333463,176559.54246156104
2024-06-25 19:30:00,176568.25561888237,176559.5952806921
2024-06-25 23:30:00,176562.71446943225,176559.5450503035
2024-06-26 03:30:00,176571.33346512844,176559.5232899372
2024-06-26 07:30:00,176574.02091440224,176559.6428143703
2024-06-26 11:30:00,176554.16959926058,176559.67481548348
2024-06-26 15:30:00,176566.00763076934,176559.79946669942
2024-06-26 19:30:00,176553.6396069678,176559.76830668905
2024-06-26 23:30:00,176562.2375814001,176559.72534776817
2024-06-27 03:30:00,176564.6999978807,176559.66072140186
2024-06-27 07:30:00,176560.92683383316,176559.63989344076
2024-06-27 11:30:00,176557.20641328592,176559.66986260036
2024-06-27 15:30:00,176561.81054222822,176559.7338194074
2024-06-27 19:30:00,176566.85769403153,176559.8155132178
2024-06-27 23:30:00,176556.444823479,176559.80184244362
2024-06-28 03:30:00,176567.09990534477,176559.7678527806
2024-06-28 11:30:00,176553.3545923396,176559.64326819044
2024-06-28 15:30:00,176564.3619655531,176559.792387312
2024-06-28 19:30:00,176564.4624871085,176559.82779578347
2024-06-28 23:30:00,176572.06341042437,176559.90306307256
2024-06-29 03:30:00,176571.44867084944,176560.01624393454
2024-06-29 07:30:00,176562.53232504055,176560.02689676266
2024-06-29 11:30:00,176549.6606235993,176559.98061007386
2024-06-29 15:30:00,176556.73058908552,176560.03866900588
2024-06-29 19:30:00,176559.18990150996,176560.09500974522
2024-06-29 23:30:00,176561.50002607628,176560.08732348995
2024-06-30 03:30:00,176553.71058128707,176560.03221567048
2024-06-30 07:30:00,176559.38323462923,176559.99022454675
2024-06-30 11:30:00,176565.66420995773,176559.99271820017
2024-06-30 15:30:00,176562.57092648192,176560.07986594242
2024-06-30 19:30:00,176565.8885399843,176560.12388793819
2024-06-30 23:30:00,176557.38865836756,176560.0632815915
2024-07-01 03:30:00,176556.78660751472,176560.06461692203
2024-07-01 07:30:00,176556.9023382184,176560.05095702986
2024-07-01 11:30:00,176550.63835927384,176559.98067510684
2024-07-01 15:30:00,176563.87819824982,176560.06830641135
2024-07-01 19:30:00,176571.48421143572,176560.1712651745
2024-07-01 23:30:00,176561.1235550547,176560.1594222584
2024-07-02 03:30:00,176545.6808168484,176560.15209079176
2024-07-02 07:30:00,176556.07992858987,176560.16503834532
2024-07-02 11:30:00,176556.3969701318,176560.12269374583
2024-07-02 15:30:00,176554.69941880106,176560.13213719678
2024-07-02 19:30:00,176582.23835942935,176560.33190409828
2024-07-02 23:30:00,176575.9180839676,176560.40713392445
2024-07-03 03:30:00,176556.90020350277,176560.38850449503
2024-07-03 07:30:00,176556.84621194765,176560.4599849284
2024-07-03 11:30:00,176555.099761866,176560.44678398865
2024-07-03 15:30:00,176555.10744285784,176560.43981556015
2024-07-03 19:30:00,176572.0807519999,176560.5455184646
2024-07-03 23:30:00,176581.30042997198,176560.646044184
2024-07-04 03:30:00,176543.1441230724,176560.5597188933
2024-07-04 07:30:00,176539.85671657237,176560.47890638048
2024-07-04 11:30:00,176550.10104910922,176560.41326891273
2024-07-04 15:30:00,176556.32195467333,176560.40658401742
2024-07-04 19:30:00,176565.29110847315,176560.44847182458
2024-07-04 23:30:00,176573.76744988468,176560.49048581795
2024-07-05 03:30:00,176563.57805172712,176560.50789270242
2024-07-05 07:30:00,176544.43705614997,176560.50600085338
2024-07-05 11:30:00,176539.9477529676,176560.34400668842
2024-07-05 15:30:00,176558.35414881038,176560.29812486423
2024-07-05 19:30:00,176574.31834712077,176560.27794354968
2024-07-05 23:30:00,176588.90681535055,176560.36534222582
2024-07-06 03:30:00,176558.1495295677,176560.2783188812
2024-07-06 07:30:00,176551.11899584476,176560.3135076622
2024-07-06 11:30:00,176550.1496958511,176560.35279429134
2024-07-06 15:30:00,176553.78581635,176560.2918917044
2024-07-06 19:30:00,176566.43878665182,176560.2545923034
2024-07-06 23:30:00,176579.82785808714,176560.22239822635
2024-07-07 03:30:00,176563.70586685743,176560.20347579938
2024-07-07 07:30:00,176552.05375005398,176560.12618000523
2024-07-07 11:30:00,176541.24691009545,176560.05968475185
2024-07-07 15:30:00,176538.55338420186,176559.95099611353
2024-07-07 19:30:00,176565.0325677114,176559.97034838525
2024-07-07 23:30:00,176571.16114028762,176559.899691585
2024-07-08 03:30:00,176562.67902714264,176559.9217255565
2024-07-08 07:30:00,176549.54725129346,176559.9460330403
2024-07-08 11:30:00,176545.9249333187,176559.97462060224
2024-07-08 15:30:00,176551.0561540102,176559.93993275432
2024-07-08 19:30:00,176551.72700653956,176559.76532021514
2024-07-08 23:30:00,176564.46394277018,176559.73513715743
2024-07-09 03:30:00,176561.6633559703,176559.73888941604
2024-07-09 07:30:00,176547.0007296393,176559.66744264006
2024-07-09 11:30:00,176539.90891962108,176559.69710621337
2024-07-09 15:30:00,176544.1627178833,176559.63549693307
2024-07-09 19:30:00,176574.84436666596,176559.60984687787
2024-07-09 23:30:00,176582.05840671345,176559.65121383243
2024-07-10 03:30:00,176584.3089633288,176559.72853776228
2024-07-10 07:30:00,176563.9835176174,176559.73332130915
2024-07-10 11:30:00,176562.83414667263,176559.86592949
2024-07-10 15:30:00,176563.5800465634,176559.994137225
2024-07-10 19:30:00,176567.82366774077,176560.09953502106
2024-07-10 23:30:00,176574.89322321233,176560.1487545673
2024-07-11 03:30:00,176568.98505558757,176560.0996455086
2024-07-11 07:30:00,176562.23446158634,176560.0496826956
2024-07-11 11:30:00,176544.26080097232,176560.02303731546
2024-07-11 15:30:00,176540.26795235055,176559.97314954957
2024-07-11 19:30:00,176556.69275551752,176559.99602307816
2024-07-11 23:30:00,176557.41802524828,176559.93561640006
2024-07-12 03:30:00,176547.56460225832,176559.71382868578
2024-07-12 07:30:00,176543.59965360278,176559.560926229
2024-07-12 11:30:00,176552.3269037744,176559.58168675812
2024-07-12 15:30:00,176558.68360373736,176559.65102907518
2024-07-12 19:30:00,176558.31260933846,176559.64580583523
2024-07-12 23:30:00,176567.36482313316,176559.7066915321
2024-07-13 03:30:00,176557.91183400256,176559.69690296505
2024-07-13 07:30:00,176560.3142985996,176559.66492049483
2024-07-13 11:30:00,176556.63053090326,176559.69464685215
2024-07-13 15:30:00,176553.0607301248,176559.726260762
2024-07-13 19:30:00,176561.9219418357,176559.7058018061
2024-07-13 23:30:00,176563.8832715053,176559.69036050822
2024-07-14 03:30:00,176556.28520908937,176559.6688231379
2024-07-14 07:30:00,176543.61588289135,176559.54287072708
2024-07-14 11:30:00,176574.80627987703,176559.6167361509
2024-07-14 15:30:00,176576.6621077909,176559.78561945292
2024-07-14 19:30:00,176560.41462385628,176559.81832933138
2024-07-14 23:30:00,176571.7248724639,176559.87095102516
2024-07-15 03:30:00,176561.32305654936,176559.8744392054
2024-07-15 07:30:00,176555.24882877592,176559.8581836821
2024-07-15 11:30:00,176558.37520526786,176559.8705454942
2024-07-15 15:30:00,176557.18419726694,176559.90125597498
2024-07-15 19:30:00,176564.59004066675,176559.9085901402
2024-07-15 23:30:00,176561.14758782016,176559.90790699635
2024-07-16 03:30:00,176559.60128995308,176559.90886706993
2024-07-16 07:30:00,176540.0904597524,176559.78054883974
2024-07-16 11:30:00,176557.76585962242,176559.77930067168
2024-07-16 15:30:00,176556.3546785933,176559.7755344367
2024-07-16 19:30:00,176563.322077524,176559.7094478113
2024-07-16 23:30:00,176565.5587498625,176559.73293924378
2024-07-17 03:30:00,176546.46478727506,176559.6658286434
2024-07-17 07:30:00,176546.9860815008,176559.59932067024
2024-07-17 11:30:00,176554.1315084138,176559.63721962582
2024-07-17 15:30:00,176554.32502606488,176559.61928040776
2024-07-17 19:30:00,176569.35416516685,176559.59505931017
2024-07-17 23:30:00,176563.46913318645,176559.5685770533
2024-07-18 03:30:00,176551.67015574328,176559.54072376518
2024-07-18 07:30:00,176546.93957475433,176559.48190723677
2024-07-18 11:30:00,176551.84977608157,176559.4696923333
2024-07-18 15:30:00,176551.12826462102,176559.4540398141
2024-07-18 19:30:00,176570.80063036818,176559.44541141667
2024-07-18 23:30:00,176582.8138436558,176559.50057030277
2024-07-19 03:30:00,176554.3932649533,176559.4721879138
2024-07-19 07:30:00,176539.83724789592,176559.42269712046
2024-07-19 11:30:00,176541.05248848465,176559.32417908567
2024-07-19 15:30:00,176569.0051717417,176559.35527801004
2024-07-19 19:30:00,176583.06257772236,176559.500006959
2024-07-19 23:30:00,176585.9913213173,176559.5566166936
2024-07-20 03:30:00,176561.00542792672,176559.5548269988
2024-07-20 07:30:00,176552.77562182024,176559.58392459102
2024-07-20 11:30:00,176554.54808034032,176559.59079776745
2024-07-20 15:30:00,176551.71534968424,176559.57624934148
2024-07-20 19:30:00,176576.30214817665,176559.67355055042
2024-07-20 23:30:00,176579.01017679414,176559.7146606921
2024-07-21 03:30:00,176568.09214067733,176559.68072472038
2024-07-21 07:30:00,176539.9880013479,176559.6735059167
2024-07-21 11:30:00,176541.74669861642,176559.6554113127
2024-07-21 15:30:00,176554.87701374828,176559.6573205555
2024-07-21 19:30:00,176563.35247980594,176559.64640003248
2024-07-21 23:30:00,176573.48900136526,176559.62348390077
2024-07-22 03:30:00,176570.3814462296,176559.57416846976
2024-07-22 07:30:00,176541.0460618806,176559.55576812237
2024-07-22 11:30:00,176546.15372895225,176559.53304072606
2024-07-22 15:30:00,176555.70143114368,176559.56003780963
2024-07-22 19:30:00,176569.6299573695,176559.6921051935
2024-07-22 23:30:00,176574.97144647548,176559.74376447021
2024-07-23 03:30:00,176576.66473630824,176559.7692923344
2024-07-23 07:30:00,176540.56535548865,176559.7594920502
2024-07-23 11:30:00,176549.8864653048,176559.75352328704
2024-07-23 15:30:00,176564.21394012644,176559.78939397994
2024-07-23 19:30:00,176558.31784498555,176559.8397385733
2024-07-23 23:30:00,176563.86920987017,176559.79106019204
2024-07-24 03:30:00,176565.91794259133,176559.69117077562
2024-07-24 07:30:00,176552.15982878435,176559.62978376437
2024-07-24 11:30:00,176546.9740602391,176559.60992767487
2024-07-24 15:30:00,176558.92260123647,176559.64345094838
2024-07-24 19:30:00,176558.70772625826,176559.68208503415
2024-07-24 23:30:00,176561.21027391058,176559.65055558344
2024-07-25 03:30:00,176575.95352747405,176559.6542809045
2024-07-25 07:30:00,176562.5948233976,176559.72115781682
2024-07-25 11:30:00,176551.73755746568,176559.76684569963
2024-07-25 15:30:00,176547.88860847295,176559.70590690154
2024-07-25 19:30:00,176570.06276401892,176559.71600268444
2024-07-25 23:30:00,176556.82785710267,176559.68311658202
2024-07-26 03:30:00,176554.20562829898,176559.58743034274
2024-07-26 07:30:00,176557.6767119202,176559.496121949
2024-07-26 11:30:00,176552.15672442204,176559.48487683816
2024-07-26 15:30:00,176565.9407988503,176559.4845034755
2024-07-26 19:30:00,176566.22474309616,176559.55481149856
2024-07-26 23:30:00,176559.3861456862,176559.5388816901
2024-07-27 03:30:00,176558.1259783129,176559.50215532377
2024-07-27 07:30:00,176568.59559697565,176559.54499757598
2024-07-27 11:30:00,176564.26663340165,176559.58444014646
2024-07-27 15:30:00,176553.53833611563,176559.53822670452
2024-07-27 19:30:00,176561.1845050304,176559.5065329112
2024-07-27 23:30:00,176563.75221353731,176559.54735631935
2024-07-28 03:30:00,176553.91866236646,176559.47371809042
2024-07-28 07:30:00,176550.71731318432,176559.42507139652
2024-07-28 11:30:00,176556.35056316346,176559.44171567884
2024-07-28 15:30:00,176570.63882829456,176559.47658713852
2024-07-28 19:30:00,176572.14666371266,176559.51927700854
2024-07-28 23:30:00,176550.1788114401,176559.39769590308
2024-07-29 03:30:00,176551.43950513465,176559.28653387132
2024-07-29 07:30:00,176562.05536815975,176559.28388411086
2024-07-29 11:30:00,176556.09648691682,176559.3196389071
2024-07-29 15:30:00,176565.60471770295,176559.3689396216
2024-07-29 19:30:00,176576.18050803465,176559.46333188008
2024-07-29 23:30:00,176566.46013397377,176559.4908880351
2024-07-30 03:30:00,176548.43274990423,176559.4615667496
2024-07-30 07:30:00,176550.2937670754,176559.41106970768
2024-07-30 11:30:00,176567.8414039025,176559.4231652296
2024-07-30 15:30:00,176581.41185852807,176559.52783707425
2024-07-30 19:30:00,176571.5462913658,176559.55926902642
2024-07-30 23:30:00,176567.64903488333,176559.61627111814
2024-07-31 03:30:00,176561.60985953265,176559.6430669627
2024-07-31 07:30:00,176542.74859121803,176559.5644350349
2024-07-31 11:30:00,176552.1858314943,176559.5730321028
2024-07-31 15:30:00,176577.41409702998,176559.6482315405
2024-07-31 19:30:00,176579.3983881806,176559.69219918907
2024-07-31 23:30:00,176574.28751236902,176559.76533228526
2024-08-01 03:30:00,176566.03005092728,176559.8783835857
2024-08-01 07:30:00,176538.21400032096,176559.77912842866
2024-08-01 11:30:00,176550.71466334772,176559.74756005759
2024-08-01 15:30:00,176569.5633650122,176559.83013753657
2024-08-01 19:30:00,176568.9731595241,176559.75644198153
2024-08-01 23:30:00,176566.3872388658,176559.70349284206
2024-08-02 03:30:00,176564.83219649308,176559.7475594698
2024-08-02 07:30:00,176546.58281123757,176559.690540577
2024-08-02 11:30:00,176547.50792000428,176559.64836367776
2024-08-02 15:30:00,176551.27267190124,176559.62705939464
2024-08-02 19:30:00,176562.51740448605,176559.57392968622
2024-08-02 23:30:00,176576.5250126601,176559.54739959005
2024-08-03 03:30:00,176569.49126809774,176559.693772618
2024-08-03 07:30:00,176552.73895469078,176559.76534060753
2024-08-03 11:30:00,176555.9402573693,176559.79778065343
2024-08-03 15:30:00,176558.97784554676,176559.81253560272
2024-08-03 19:30:00,176566.79923028208,176559.8209140572
2024-08-03 23:30:00,176570.6181465292,176559.80341792747
2024-08-04 03:30:00,176579.0530112788,176559.88938992494
2024-08-04 07:30:00,176560.51411695767,176559.97870692948
2024-08-04 11:30:00,176556.9161296779,176560.07297568896
2024-08-04 15:30:00,176559.88294071538,176560.08146897733
2024-08-04 19:30:00,176557.9538768051,176559.99055525332
2024-08-04 23:30:00,176582.71975458332,176559.9561826935
2024-08-05 03:30:00,176575.36356148592,176560.05181620418
2024-08-05 07:30:00,176559.8261383537,176560.10018921812
2024-08-05 11:30:00,176554.3386239869,176560.12346104108
2024-08-05 15:30:00,176561.08100200174,176560.16398985026
2024-08-05 19:30:00,176571.3829478709,176560.1914574126
2024-08-05 23:30:00,176569.64357662047,176560.13487807114
2024-08-06 03:30:00,176567.75990400056,176560.15740049968
2024-08-06 07:30:00,176562.62374411031,176560.21612268893
2024-08-06 11:30:00,176559.69765027286,176560.318626801
2024-08-06 15:30:00,176560.86623775706,176560.4425870985
2024-08-06 19:30:00,176566.23190654922,176560.44925009206
2024-08-06 23:30:00,176571.0482425883,176560.44862288263
2024-08-07 03:30:00,176571.19045438693,176560.49590858954
2024-08-07 07:30:00,176556.47036824073,176560.53437035033
2024-08-07 11:30:00,176556.99788643408,176560.59588675652
2024-08-07 15:30:00,176567.920353189,176560.68957675196
2024-08-07 19:30:00,176565.50020292617,176560.7660945097
2024-08-07 23:30:00,176563.58865605085,176560.7612318057
2024-08-08 03:30:00,176564.839869194,176560.77887910136
2024-08-08 07:30:00,176555.72814187332,176560.8273647249
2024-08-08 11:30:00,176560.7730891837,176560.94327677804
2024-08-08 15:30:00,176555.07998142764,176561.00392824216
2024-08-08 19:30:00,176556.74392367405,176560.90337022554
2024-08-08 23:30:00,176568.4966804424,176560.8280273018
2024-08-09 03:30:00,176568.26157078738,176560.738875121
2024-08-09 07:30:00,176553.04030751917,176560.67807950935
2024-08-09 11:30:00,176555.8310605082,176560.63917347512
2024-08-09 15:30:00,176574.3771534395,176560.6991574022
2024-08-09 19:30:00,176557.94075179513,176560.64425231365
2024-08-09 23:30:00,176559.57907458008,176560.5591737101
2024-08-10 03:30:00,176572.7256003918,176560.57995451457
2024-08-10 07:30:00,176560.19688117612,176560.56863462343
2024-08-10 11:30:00,176557.0413665795,176560.63963776568
2024-08-10 15:30:00,176569.60302709907,176560.8026104032
2024-08-10 19:30:00,176574.02240165087,176560.898886215
2024-08-10 23:30:00,176564.9122012047,176560.9405205259
2024-08-11 03:30:00,176569.478034491,176561.06226181609
2024-08-11 07:30:00,176565.59322312017,176561.18444831338
2024-08-11 11:30:00,176568.4027432836,176561.2737585329
2024-08-11 15:30:00,176570.12444203612,176561.33731874565
2024-08-11 19:30:00,176574.2166639569,176561.42567460463
2024-08-11 23:30:00,176555.27817931038,176561.3585265834
2024-08-12 03:30:00,176558.9458490176,176561.3642711113
2024-08-12 07:30:00,176558.22344064357,176561.35265523373
2024-08-12 11:30:00,176560.6235916444,176561.37483890454
2024-08-12 15:30:00,176578.69085585646,176561.51722849192
2024-08-12 19:30:00,176581.502901473,176561.626011601
2024-08-12 23:30:00,176562.66422949085,176561.6192391454
2024-08-13 03:30:00,176551.2329568063,176561.59117107713
2024-08-13 07:30:00,176552.87306815555,176561.64259988416
2024-08-13 11:30:00,176565.59877825936,176561.5914470974
2024-08-13 15:30:00,176561.41374466577,176561.50673396894
2024-08-13 19:30:00,176571.4144412456,176561.56784406552
2024-08-13 23:30:00,176563.1232409045,176561.5200572235
2024-08-14 03:30:00,176553.41236681357,176561.47610894724
2024-08-14 07:30:00,176535.46825707695,176561.36621688222
2024-08-14 11:30:00,176557.7834085142,176561.36292912246
2024-08-14 15:30:00,176583.39553335085,176561.5085476563
2024-08-14 19:30:00,176572.88169235128,176561.55461238784
2024-08-14 23:30:00,176567.35603698777,176561.58910377213
2024-08-15 03:30:00,176552.41212042887,176561.54916394147
2024-08-15 07:30:00,176543.02679451037,176561.5654769123
2024-08-15 11:30:00,176556.86149464373,176561.56045266244
2024-08-15 15:30:00,176566.33621479513,176561.61590564137
2024-08-15 19:30:00,176579.19059266223,176561.70406405875
2024-08-15 23:30:00,176565.52699968423,176561.70388766887
2024-08-16 03:30:00,176542.79370254403,176561.6834927537
2024-08-16 07:30:00,176531.88735146957,176561.5996109202
2024-08-16 11:30:00,176565.69791919464,176561.66386875787
2024-08-16 15:30:00,176588.7826332088,176561.85529990867
2024-08-16 19:30:00,176584.48089321647,176561.93933728675
2024-08-16 23:30:00,176582.20668293047,176562.04343478533
2024-08-17 03:30:00,176555.88456569443,176562.06684817397
2024-08-17 07:30:00,176541.70573829324,176562.0377713047
2024-08-17 11:30:00,176547.2999493363,176562.01249448946
2024-08-17 15:30:00,176571.0139233361,176562.12297037122
2024-08-17 19:30:00,176574.07141703708,176562.14114140827
2024-08-17 23:30:00,176580.89238705975,176562.1304666494
2024-08-18 03:30:00,176551.26412099932,176562.1130825163
2024-08-18 07:30:00,176535.77888136313,176562.09053603557
2024-08-18 11:30:00,176546.8923549641,176562.12297973825
2024-08-18 15:30:00,176567.75444249675,176562.11603124242
2024-08-18 19:30:00,176574.19703917627,176562.0667782505
2024-08-18 23:30:00,176577.25677669304,176562.0182530026
2024-08-19 03:30:00,176567.7668018031,176562.05581619078
2024-08-19 07:30:00,176546.74812930395,176562.02233012125
2024-08-19 11:30:00,176543.83601982176,176561.96281867393
2024-08-19 15:30:00,176559.013543331,176562.0033641942
2024-08-19 19:30:00,176561.63888009274,176561.9219015937
2024-08-19 23:30:00,176577.07693981772,176561.9111613883
2024-08-20 03:30:00,176562.9341278621,176561.88250576155
2024-08-20 07:30:00,176547.40989878814,176561.9237385251
2024-08-20 11:30:00,176544.03157307123,176561.93643227208
2024-08-20 15:30:00,176561.6366802732,176561.97398597497
2024-08-20 19:30:00,176561.8642644667,176561.96571811198
2024-08-20 23:30:00,176571.33035211384,176561.9537256162
2024-08-21 03:30:00,176562.46313253816,176561.90973498454
2024-08-21 07:30:00,176555.2987417979,176561.98891653965
2024-08-21 11:30:00,176555.24651703157,176562.03943202895
2024-08-21 15:30:00,176571.82933519664,176562.12903149595
2024-08-21 19:30:00,176561.1918483729,176562.08215311263
2024-08-21 23:30:00,176570.44947395005,176562.05703104305
2024-08-22 03:30:00,176562.1928712794,176561.9766317929
2024-08-22 07:30:00,176559.58719236823,176562.08230866442
2024-08-22 11:30:00,176563.3856057641,176562.1573038892
2024-08-22 15:30:00,176568.6063164723,176562.18170598
2024-08-22 19:30:00,176567.8393007299,176562.23460295633
2024-08-22 23:30:00,176564.55502976538,176562.2384130669
2024-08-23 03:30:00,176573.87519284966,176562.28262001276
2024-08-23 07:30:00,176570.7558085533,176562.3859310115
2024-08-23 11:30:00,176565.88325148745,176562.49098207397
2024-08-23 15:30:00,176562.6802195127,176562.51185773106
2024-08-23 19:30:00,176560.86559214917,176562.5238458749
2024-08-23 23:30:00,176567.7174723238,176562.55999697722
2024-08-24 03:30:00,176566.1586476376,176562.50558097812
2024-08-24 07:30:00,176569.2771347052,176562.54270492983
2024-08-24 11:30:00,176582.78963403084,176562.71521646628
2024-08-24 15:30:00,176578.62523593483,176562.88597550773
2024-08-24 19:30:00,176550.91232856695,176562.77958419966
2024-08-24 23:30:00,176553.7403887657,176562.7624315978
2024-08-25 03:30:00,176557.03793402892,176562.77816662967
2024-08-25 07:30:00,176563.75343581822,176562.81192620686
2024-08-25 11:30:00,176578.10689525862,176562.9560938226
2024-08-25 15:30:00,176571.3135877397,176562.98594264977
2024-08-25 19:30:00,176544.78399726623,176562.86682739516
2024-08-25 23:30:00,176552.23278880905,176562.82708652364
2024-08-26 03:30:00,176553.46621657585,176562.80119895845
2024-08-26 07:30:00,176566.5906664077,176562.79006045524
2024-08-26 11:30:00,176576.40461276274,176562.85749367395
2024-08-26 15:30:00,176580.52232662129,176563.0074047323
2024-08-26 19:30:00,176574.33108983818,176563.08044131458
2024-08-26 23:30:00,176567.863245828,176563.1032803828
2024-08-27 03:30:00,176552.96400946277,176563.0979767556
2024-08-27 07:30:00,176561.68548646194,176563.15891105158
2024-08-27 11:30:00,176582.93957479906,176563.3066277829
2024-08-27 15:30:00,176581.83463004368,176563.3688266815
2024-08-27 19:30:00,176565.30579166565,176563.3308218368
2024-08-27 23:30:00,176568.42299928653,176563.43217843593
2024-08-28 03:30:00,176558.2834975225,176563.47020061588
2024-08-28 07:30:00,176562.2445455681,176563.47125160147
2024-08-28 11:30:00,176576.08501263673,176563.5822989666
2024-08-28 15:30:00,176580.16891958006,176563.66321119925
2024-08-28 19:30:00,176570.49851155348,176563.63164455214
2024-08-28 23:30:00,176559.22652853286,176563.59145785522
2024-08-29 03:30:00,176540.32786661887,176563.54643072587
2024-08-29 07:30:00,176548.8499471022,176563.5384095038
2024-08-29 11:30:00,176573.29472954202,176563.56870575732
2024-08-29 15:30:00,176586.17435264544,176563.595164058
2024-08-29 19:30:00,176567.62484373996,176563.57337823784
2024-08-29 23:30:00,176562.30913905922,176563.54371214993
2024-08-30 03:30:00,176553.67173603503,176563.49961146386
2024-08-30 07:30:00,176552.1773044865,176563.55199320422
2024-08-30 11:30:00,176559.00692266139,176563.58988815514
2024-08-30 15:30:00,176575.1884640498,176563.5775235275
2024-08-30 19:30:00,176574.18758941116,176563.54857464545
2024-08-30 23:30:00,176571.26610964542,176563.53178907474
2024-08-31 03:30:00,176556.08365601342,176563.4765313252
2024-08-31 07:30:00,176538.87572882566,176563.4802075947
2024-08-31 11:30:00,176546.74303821285,176563.4581430106
2024-08-31 15:30:00,176566.5085453386,176563.4411717902
2024-08-31 19:30:00,176580.9177905843,176563.50753085167
2024-08-31 23:30:00,176582.7335298908,176563.59834357956
2024-09-01 03:30:00,176566.15791315332,176563.60570867214
2024-09-01 07:30:00,176557.5025765678,176563.66637403506
2024-09-01 11:30:00,176555.88470997385,176563.71291175712
2024-09-01 15:30:00,176556.17394318935,176563.74014104207
2024-09-01 19:30:00,176545.80661472815,176563.6473033212
2024-09-01 23:30:00,176556.0912468101,176563.5337823998
2024-09-02 03:30:00,176566.85897546072,176563.5191585518
2024-09-02 07:30:00,176548.8583425469,176563.49759959543
2024-09-02 11:30:00,176544.3287667651,176563.43309131433
2024-09-02 15:30:00,176554.19846575998,176563.4065392044
2024-09-02 19:30:00,176550.30199823983,176563.31488791527
2024-09-02 23:30:00,176557.3379347941,176563.24110896117
2024-09-03 03:30:00,176561.37278419244,176563.14288547737
2024-09-03 07:30:00,176548.4272589073,176563.07573626598
2024-09-03 11:30:00,176554.26562129083,176563.06101121937
2024-09-03 15:30:00,176556.468645487,176563.04204291257
2024-09-03 19:30:00,176552.9453939517,176563.01421800783
2024-09-03 23:30:00,176558.43755911922,176562.8793169219
2024-09-04 03:30:00,176569.75101629208,176562.84813611527
2024-09-04 07:30:00,176562.8581627109,176562.86498069504
2024-09-04 11:30:00,176556.1364745891,176562.87496875395
2024-09-04 15:30:00,176565.7432852437,176562.90087032752
2024-09-04 19:30:00,176568.17058308024,176562.88302385647
2024-09-04 23:30:00,176564.01553672008,176562.8517569681
2024-09-05 07:30:00,176560.47274468557,176562.81232039572
2024-09-05 11:30:00,176571.39760562225,176562.87768327477
2024-09-05 15:30:00,176565.85329183153,176562.90554391206
2024-09-05 19:30:00,176561.3476014184,176562.87825729122
2024-09-05 23:30:00,176563.14762560403,176562.83411976614
2024-09-06 03:30:00,176576.94242844998,176562.8662536995
2024-09-06 07:30:00,176560.72634095838,176562.8900300834
2024-09-06 11:30:00,176556.15645674855,176562.88532935886
2024-09-06 15:30:00,176567.70052649218,176562.88410127678
2024-09-06 19:30:00,176564.93715670402,176562.88095576715
2024-09-06 23:30:00,176564.18338697182,176562.88427828628
2024-09-07 03:30:00,176558.84965667504,176562.85081341187
2024-09-07 07:30:00,176558.05790494455,176562.863828848
2024-09-07 11:30:00,176571.9172836503,176562.92608691764
2024-09-07 15:30:00,176584.2216517439,176563.0888895451
2024-09-07 19:30:00,176567.42220282875,176563.14854473592
2024-09-07 23:30:00,176559.34884062372,176563.09743948557
2024-09-08 03:30:00,176546.69488131907,176562.97695518687
2024-09-08 07:30:00,176562.48429831432,176563.02971491194
2024-09-08 11:30:00,176568.56199118693,176563.10083742975
2024-09-08 15:30:00,176549.91753406238,176562.9641915114
2024-09-08 19:30:00,176549.56434207066,176562.9173959263
2024-09-08 23:30:00,176555.97485940545,176562.89726064604
2024-09-09 03:30:00,176567.41358824322,176562.86758460052
2024-09-09 07:30:00,176562.5278939495,176562.88060701825
2024-09-09 11:30:00,176576.07976785817,176562.98696680195
2024-09-09 15:30:00,176572.99415831154,176563.00591166902
2024-09-09 19:30:00,176561.30183521903,176562.93484705212
2024-09-09 23:30:00,176561.59571748634,176562.91631921008
2024-09-10 03:30:00,176561.35109208702,176562.8709172972
2024-09-10 07:30:00,176569.4591419553,176562.89251460918
2024-09-10 11:30:00,176577.96432011417,176562.9459312395
2024-09-10 15:30:00,176561.12174232255,176562.89563682768
2024-09-10 19:30:00,176563.05844988226,176562.83330043624
2024-09-10 23:30:00,176562.5142071613,176562.8737251728
2024-09-11 03:30:00,176551.43717618304,176562.83177727985
2024-09-11 07:30:00,176570.7929433776,176562.90199796553
2024-09-11 11:30:00,176564.09401556922,176562.92138580867
2024-09-11 15:30:00,176573.20118834305,176562.8907172751
2024-09-11 19:30:00,176573.35815004518,176562.84521587047
2024-09-11 23:30:00,176555.96322920528,176562.80778011467
2024-09-12 03:30:00,176553.224554141,176562.8189063568
2024-09-12 07:30:00,176567.43236758368,176562.90024322507
2024-09-12 11:30:00,176563.21940638925,176562.8869506448
2024-09-12 15:30:00,176566.1132676222,176562.913204963
2024-09-12 19:30:00,176560.75458446407,176562.8536526905
2024-09-12 23:30:00,176548.82744651535,176562.77378791737
2024-09-13 03:30:00,176563.40043059245,176562.82958715636
2024-09-13 07:30:00,176565.6251279918,176562.99806129557
2024-09-13 11:30:00,176572.07672039358,176563.0779121999
2024-09-13 15:30:00,176569.69399461104,176563.00136729074
2024-09-13 19:30:00,176568.06611855392,176562.97446464383
2024-09-13 23:30:00,176559.00069789842,176562.9277867718
2024-09-14 03:30:00,176547.1569774055,176562.8984284309
2024-09-14 07:30:00,176553.76363672558,176562.95841078967
2024-09-14 11:30:00,176564.55813395925,176563.00140877464
2024-09-14 15:30:00,176572.58960848357,176563.0363439349
2024-09-14 19:30:00,176567.7423398326,176562.9723872152
2024-09-14 23:30:00,176569.3367437639,176562.9936707017
2024-09-15 03:30:00,176552.94806925874,176563.05039900736
2024-09-15 07:30:00,176553.755532412,176563.17256761598
2024-09-15 11:30:00,176550.44255080726,176563.08734209425
2024-09-15 15:30:00,176565.45771298988,176562.9570352774
2024-09-15 19:30:00,176567.05019278644,176562.85965706268
2024-09-15 23:30:00,176578.0143141577,176562.83623600806
2024-09-16 03:30:00,176547.37783617445,176562.7887123795
2024-09-16 07:30:00,176547.1175593269,176562.81894601652
2024-09-16 11:30:00,176558.88055183413,176562.88364211988
2024-09-16 15:30:00,176568.92734741658,176562.87198527114
2024-09-16 19:30:00,176556.5603415785,176562.774158034
2024-09-16 23:30:00,176579.5038185677,176562.7664006681
2024-09-17 03:30:00,176558.48035689146,176562.8067148351
2024-09-17 07:30:00,176545.7788451907,176562.8625805548
2024-09-17 11:30:00,176559.82721364105,176562.93484233512
2024-09-17 15:30:00,176571.11558197727,176562.95361965065
2024-09-17 19:30:00,176556.14758520815,176562.8527847123
2024-09-17 23:30:00,176574.43990471298,176562.8370479973
2024-09-18 03:30:00,176573.6321549809,176562.8698153335
2024-09-18 07:30:00,176557.2114733954,176562.92826976976
2024-09-18 11:30:00,176565.62041104486,176563.04997027936
2024-09-18 15:30:00,176573.12435346397,176563.12880162091
2024-09-18 19:30:00,176553.23752090413,176563.0818666534
2024-09-18 23:30:00,176565.227575256,176563.01566908602
2024-09-19 03:30:00,176568.422622418,176563.04633106675
2024-09-19 07:30:00,176556.2355847242,176563.09563657478
2024-09-19 11:30:00,176553.61615855896,176563.1491817451
2024-09-19 15:30:00,176567.69334615575,176563.18301786736
2024-09-19 19:30:00,176551.8693276648,176563.1271802316
2024-09-19 23:30:00,176560.7091409112,176563.06784385617
2024-09-20 03:30:00,176570.06788996633,176563.11032853456
2024-09-20 07:30:00,176570.2472004513,176563.1938394767
2024-09-20 11:30:00,176557.37633049913,176563.205737876
2024-09-20 15:30:00,176570.5368323892,176563.1985171899
2024-09-20 19:30:00,176549.53833118628,176563.13341374195
2024-09-20 23:30:00,176556.96739360504,176563.05809485735
2024-09-21 03:30:00,176559.73347486893,176563.04435521257
2024-09-21 07:30:00,176564.75895753692,176563.0732477554
2024-09-21 11:30:00,176561.14798775016,176563.06074709608
2024-09-21 15:30:00,176571.14628454397,176563.07493686187
2024-09-21 19:30:00,176549.7659203966,176562.97396825667
2024-09-21 23:30:00,176551.4584311377,176562.90080290122
2024-09-22 03:30:00,176561.80320934643,176562.83336165256
2024-09-22 07:30:00,176568.35463580306,176562.81994727967
2024-09-22 11:30:00,176571.25561405093,176562.84996047837
2024-09-22 15:30:00,176581.33347055368,176562.95416858472
2024-09-22 19:30:00,176565.586079634,176562.98054002319
2024-09-22 23:30:00,176553.15001481332,176562.899157579
2024-09-23 03:30:00,176565.95259341563,176562.89800643807
2024-09-23 07:30:00,176566.2183598243,176562.88091831026
2024-09-23 11:30:00,176554.6710132867,176562.72383104355
2024-09-23 15:30:00,176563.21110320635,176562.6377185702
2024-09-23 19:30:00,176564.75485383446,176562.7150511136
2024-09-23 23:30:00,176553.92045889463,176562.71605709198
2024-09-24 03:30:00,176560.14000547287,176562.73338710002
2024-09-24 07:30:00,176565.02500841825,176562.74049085757
2024-09-24 11:30:00,176566.27973241085,176562.6744173221
2024-09-24 15:30:00,176562.82333116967,176562.62698572114
2024-09-24 19:30:00,176564.34937817187,176562.7362895251
2024-09-24 23:30:00,176559.22761459416,176562.77536676414
2024-09-25 03:30:00,176557.99967607128,176562.80069335346
2024-09-25 07:30:00,176567.5297210801,176562.805939469
2024-09-25 11:30:00,176567.74942277424,176562.75758645232
2024-09-25 15:30:00,176571.0363394776,176562.70459211068
2024-09-25 19:30:00,176565.9386200866,176562.65770680484
2024-09-25 23:30:00,176565.58612008407,176562.64498543195
2024-09-26 03:30:00,176557.40069326613,176562.669771375
2024-09-26 07:30:00,176549.8053630171,176562.6034019703
2024-09-26 11:30:00,176566.2379676992,176562.51009690267
2024-09-26 15:30:00,176560.9498743958,176562.39342229013
2024-09-26 19:30:00,176556.27616138948,176562.34297742823
2024-09-26 23:30:00,176560.3711602462,176562.29799508722
2024-09-27 03:30:00,176541.51616031834,176562.20432281235
2024-09-27 07:30:00,176560.85692206465,176562.19657072573
2024-09-27 11:30:00,176564.38486245196,176562.13120675823
2024-09-27 15:30:00,176569.51324451316,176562.07167784724
2024-09-27 19:30:00,176570.10378840356,176562.06947268997
2024-09-27 23:30:00,176570.16122820156,176562.1305603976
2024-09-28 03:30:00,176550.57844430846,176562.18782619477
2024-09-28 07:30:00,176550.39358037108,176562.19644984434
2024-09-28 11:30:00,176560.71257841215,176562.1261584972
2024-09-28 15:30:00,176551.48813298097,176561.93238073375
2024-09-28 19:30:00,176553.91401121792,176561.855783904
2024-09-28 23:30:00,176557.77086183682,176561.83043039998
2024-09-29 03:30:00,176535.01057488436,176561.726178103
2024-09-29 07:30:00,176562.9292724085,176561.78624496295
2024-09-29 11:30:00,176578.92943530745,176561.89754391625
2024-09-29 15:30:00,176575.45321232543,176561.8990229569
2024-09-29 19:30:00,176573.79960446793,176561.89685544325
2024-09-29 23:30:00,176581.33914278305,176561.9531293714
2024-09-30 03:30:00,176569.75922211097,176562.029529182
2024-09-30 07:30:00,176559.08011507348,176562.1424028482
2024-09-30 11:30:00,176568.12040062144,176562.2618294538
2024-09-30 15:30:00,176569.2503985819,176562.2771470697
2024-09-30 19:30:00,176563.0632424555,176562.17740099077
2024-09-30 23:30:00,176573.72482617485,176562.12707303706
2024-10-01 03:30:00,176571.9904149535,176562.159656846
2024-10-01 07:30:00,176549.13140422854,176562.11289052007
2024-10-01 11:30:00,176565.35847694252,176562.16581659252
2024-10-01 15:30:00,176570.13194670668,176562.2437942658
2024-10-01 19:30:00,176557.5947620256,176562.3096498373
2024-10-01 23:30:00,176551.3972729231,176562.2834265195
2024-10-02 03:30:00,176571.88022712542,176562.31147820476
2024-10-02 07:30:00,176551.25783351308,176562.32488318224
2024-10-02 11:30:00,176556.94908403247,176562.395387748
2024-10-02 15:30:00,176568.94530693832,176562.47777233558
2024-10-02 19:30:00,176553.77415532563,176562.4971698612
2024-10-02 23:30:00,176565.22208196396,176562.5412153761
2024-10-03 03:30:00,176573.06437309645,176562.60653151522
2024-10-03 07:30:00,176560.4553358343,176562.6737274757
2024-10-03 11:30:00,176572.11274567648,176562.77343208125
2024-10-03 15:30:00,176581.9949742544,176562.91603726987
2024-10-03 19:30:00,176563.25452932023,176562.97363020488
2024-10-03 23:30:00,176569.30798056372,176563.0343588163
2024-10-04 03:30:00,176566.32169381465,176563.0152005902
2024-10-04 07:30:00,176555.9678860352,176562.9767074244
2024-10-04 11:30:00,176562.5791456297,176563.01270000002
2024-10-04 15:30:00,176551.52459466257,176562.93326597443
2024-10-04 19:30:00,176553.6338252807,176562.85205503702
2024-10-04 23:30:00,176570.75102839514,176562.8896834821
2024-10-05 03:30:00,176561.64794160094,176562.88278491612
2024-10-05 07:30:00,176568.02864464527,176562.9247621381
2024-10-05 11:30:00,176569.6967935342,176562.91531318208
2024-10-05 15:30:00,176550.41830655947,176562.8295632639
2024-10-05 19:30:00,176569.58079254391,176562.8753032146
2024-10-05 23:30:00,176562.6148238415,176562.8723432048
2024-10-06 03:30:00,176563.07228940458,176562.79528687676
2024-10-06 07:30:00,176573.46117156814,176562.8660359357
2024-10-06 11:30:00,176570.94296722455,176562.94818321615
2024-10-06 15:30:00,176535.91501601684,176562.7715970468
2024-10-06 19:30:00,176552.23604212367,176562.70103529916
2024-10-06 23:30:00,176557.90822845558,176562.6661733074
2024-10-07 03:30:00,176558.23706963207,176562.66277004607
2024-10-07 07:30:00,176559.85551251998,176562.67275675482
2024-10-07 11:30:00,176572.2711760267,176562.67472282358
2024-10-07 15:30:00,176564.83907140064,176562.56704182166
2024-10-07 19:30:00,176546.94354180482,176562.45327148263
2024-10-07 23:30:00,176554.45291807072,176562.4260719129
2024-10-08 03:30:00,176551.1606742155,176562.45088187343
2024-10-08 07:30:00,176569.2032109978,176562.4882091661
2024-10-08 11:30:00,176567.60933526958,176562.48291663325
2024-10-08 15:30:00,176552.60712796773,176562.49785882162
2024-10-08 19:30:00,176551.63719045976,176562.509374646
2024-10-08 23:30:00,176568.32041244663,176562.57796105178
2024-10-09 03:30:00,176546.10924667635,176562.45960359863
2024-10-09 07:30:00,176541.18162497482,176562.34101321545
2024-10-09 11:30:00,176566.32353861854,176562.28681194189
2024-10-09 15:30:00,176553.1280039124,176562.17644441745
2024-10-09 19:30:00,176552.8609445713,176562.12955058052
2024-10-09 23:30:00,176554.41903122925,176562.08968010132
2024-10-10 03:30:00,176551.33025123648,176562.03400876324
2024-10-10 07:30:00,176560.28506480367,176561.98304166793
2024-10-10 11:30:00,176575.25193835353,176561.9679728804
2024-10-10 15:30:00,176573.09133511028,176562.03447061812
2024-10-10 19:30:00,176561.37600095343,176562.0251236796
2024-10-10 23:30:00,176553.6989737661,176561.97615016077
2024-10-11 03:30:00,176557.54832659365,176562.01010099638
2024-10-11 07:30:00,176557.6751898949,176561.93722458815
2024-10-11 11:30:00,176566.44789873893,176561.95030171686
2024-10-11 15:30:00,176564.24405305044,176561.90053985413
2024-10-11 19:30:00,176562.9333533012,176561.84262431663
2024-10-11 23:30:00,176567.269683518,176561.90543795173
2024-10-12 03:30:00,176550.4925116345,176561.8902599378
2024-10-12 07:30:00,176545.2799825941,176561.7671911323
2024-10-12 11:30:00,176559.95632817518,176561.74906292
2024-10-12 15:30:00,176560.92917169174,176561.72026238704
2024-10-12 19:30:00,176571.3588144406,176561.77917477582
2024-10-12 23:30:00,176561.32780480295,176561.84862121072
2024-10-13 03:30:00,176545.50819531406,176561.7492199036
2024-10-13 07:30:00,176557.7501526329,176561.7054700405
2024-10-13 11:30:00,176554.98905799672,176561.61053858278
2024-10-13 15:30:00,176547.8220865552,176561.48902798246
2024-10-13 19:30:00,176559.4349611125,176561.44107710777
2024-10-13 23:30:00,176567.24599947207,176561.48688433875
2024-10-14 03:30:00,176567.20420098395,176561.59825780307
2024-10-14 07:30:00,176555.14825832087,176561.60595014525
2024-10-14 11:30:00,176564.86708037285,176561.60766651423
2024-10-14 15:30:00,176563.23426618424,176561.5556923904
2024-10-14 19:30:00,176570.05494037466,176561.56854017114
2024-10-14 23:30:00,176553.64041758972,176561.48133835907
2024-10-15 03:30:00,176554.40879667277,176561.48945351137
2024-10-15 07:30:00,176570.3048280086,176561.5813940424
2024-10-15 11:30:00,176565.9294661191,176561.66743246085
2024-10-15 15:30:00,176570.28133328733,176561.6942303514
2024-10-15 19:30:00,176557.06205108349,176561.6387406753
2024-10-15 23:30:00,176565.8414021454,176561.5711133863
2024-10-16 03:30:00,176576.8976779794,176561.73511250748
2024-10-16 07:30:00,176553.58876293435,176561.77106363862
2024-10-16 11:30:00,176557.58625262172,176561.76387308745
2024-10-16 15:30:00,176564.61599859493,176561.73992114954
2024-10-16 19:30:00,176564.05835171364,176561.7815767614
2024-10-16 23:30:00,176555.7081075736,176561.64937836697
2024-10-17 03:30:00,176559.02202431933,176561.65238763046
2024-10-17 07:30:00,176548.81534109998,176561.66925705216
2024-10-17 11:30:00,176563.75805058135,176561.6910950352
2024-10-17 15:30:00,176552.9541918438,176561.59019842334
2024-10-17 19:30:00,176547.82756052652,176561.54397606396
2024-10-17 23:30:00,176561.14787604348,176561.47013146026
2024-10-18 03:30:00,176571.30330538293,176561.45719340697
2024-10-18 07:30:00,176554.33227153964,176561.44119784108
2024-10-18 11:30:00,176554.33953826717,176561.37852632566
2024-10-18 15:30:00,176567.24594187233,176561.34586848348
2024-10-18 19:30:00,176569.0140565284,176561.4335159036
2024-10-18 23:30:00,176556.2827938086,176561.38382267335
2024-10-19 03:30:00,176572.6571217784,176561.4073476698
2024-10-19 07:30:00,176568.17552294853,176561.47368065992
2024-10-19 11:30:00,176565.21839228153,176561.53813751397
2024-10-19 15:30:00,176560.7386302729,176561.4995002035
2024-10-19 19:30:00,176564.7230479411,176561.57090976057
2024-10-19 23:30:00,176557.62465045167,176561.55377370244
2024-10-20 03:30:00,176540.24744610913,176561.38810456992
2024-10-20 07:30:00,176560.7952079039,176561.3355935002
2024-10-20 11:30:00,176561.9740787916,176561.36113654627
2024-10-20 15:30:00,176572.0917858249,176561.36977517646
2024-10-20 19:30:00,176561.64785055464,176561.43705028406
2024-10-20 23:30:00,176550.47969134586,176561.40100749373
2024-10-21 03:30:00,176564.1957553778,176561.42579794105
2024-10-21 07:30:00,176574.98083502613,176561.4825861493
2024-10-21 11:30:00,176557.87061357233,176561.464378515
2024-10-21 15:30:00,176544.04524409317,176561.31381717915
2024-10-21 19:30:00,176580.43230720868,176561.48418599478
2024-10-21 23:30:00,176554.8871221204,176561.503234278
2024-10-22 03:30:00,176544.79835797695,176561.4087628815
2024-10-22 07:30:00,176553.89373536265,176561.32842454573
2024-10-22 11:30:00,176581.86212600657,176561.38734961214
2024-10-22 15:30:00,176578.3142447633,176561.37057613555
2024-10-22 19:30:00,176572.37055959582,176561.4082676909
2024-10-22 23:30:00,176554.97302121803,176561.41839550424
2024-10-23 03:30:00,176557.04629368376,176561.36891606127
2024-10-23 07:30:00,176571.6231444759,176561.39894264264
2024-10-23 11:30:00,176556.91612717623,176561.41141549763
2024-10-23 15:30:00,176571.53967824345,176561.45768535897
2024-10-23 19:30:00,176578.86986123843,176561.53610206675
2024-10-23 23:30:00,176545.57466468148,176561.4897365433
2024-10-24 03:30:00,176548.50065197746,176561.42507346836
2024-10-24 07:30:00,176569.73695461222,176561.4512509472
2024-10-24 11:30:00,176577.3411409843,176561.51270321707
2024-10-24 15:30:00,176578.2687536469,176561.59851111972
2024-10-24 19:30:00,176568.76201608605,176561.62302577478
2024-10-24 23:30:00,176562.53948163177,176561.6414250361
2024-10-25 03:30:00,176554.10636767632,176561.619795545
2024-10-25 07:30:00,176562.94292797623,176561.59431336113
2024-10-25 11:30:00,176563.97614453651,176561.57335070425
2024-10-25 15:30:00,176568.1416827545,176561.557269278
2024-10-25 19:30:00,176575.18982995412,176561.60866488836
2024-10-25 23:30:00,176555.90161692208,176561.55486209303
2024-10-26 03:30:00,176546.8012507548,176561.4959763013
2024-10-26 07:30:00,176560.50224492652,176561.555403423
2024-10-26 11:30:00,176579.1699742872,176561.62724790408
2024-10-26 15:30:00,176561.35444840614,176561.62949553746
2024-10-26 19:30:00,176572.58889856198,176561.7201218551
2024-10-26 23:30:00,176569.69513769305,176561.77192172979
2024-10-27 03:30:00,176557.4071260479,176561.86020487273
2024-10-27 07:30:00,176563.05275732657,176561.87240395753
2024-10-27 11:30:00,176562.47458971254,176561.8617913312
2024-10-27 15:30:00,176554.24663098252,176561.77697681155
2024-10-27 19:30:00,176568.5816018552,176561.76852021966
2024-10-27 23:30:00,176570.62821300206,176561.77111457966
2024-10-28 03:30:00,176538.0751590867,176561.70165188398
2024-10-28 07:30:00,176558.10624681218,176561.74450003085
2024-10-28 11:30:00,176575.74940100577,176561.82803793414
2024-10-28 15:30:00,176556.21452918957,176561.85429569083
2024-10-28 19:30:00,176543.2060384953,176561.7948069535
2024-10-28 23:30:00,176561.4574591632,176561.81528804975
2024-10-29 03:30:00,176571.8242713744,176562.01980858584
2024-10-29 07:30:00,176542.24067966928,176561.90487195953
2024-10-29 11:30:00,176568.39277351715,176561.84633494957
2024-10-29 15:30:00,176556.075699175,176561.73868209872
2024-10-29 19:30:00,176556.98300815254,176561.64525656364
2024-10-29 23:30:00,176568.5332174136,176561.5741125338
2024-10-30 03:30:00,176552.53869315487,176561.4784429285
2024-10-30 07:30:00,176552.24071881268,176561.44044628262
2024-10-30 11:30:00,176584.5168927629,176561.53153790563
2024-10-30 15:30:00,176558.15142534542,176561.46987694319
2024-10-30 19:30:00,176541.86916097123,176561.35213204604
2024-10-30 23:30:00,176551.45831328866,176561.2284291967
2024-10-31 03:30:00,176577.83554003673,176561.26090211383
2024-10-31 07:30:00,176546.59340668787,176561.24680212748
2024-10-31 11:30:00,176553.9403935699,176561.183368331
2024-10-31 15:30:00,176561.4224077073,176561.13498200316
2024-10-31 19:30:00,176534.07834489134,176561.00433524136
2024-10-31 23:30:00,176555.64523027855,176561.02793500441
2024-11-01 03:30:00,176556.52087781258,176560.94260528602
2024-11-01 07:30:00,176567.73845041933,176561.03416426884
2024-11-01 11:30:00,176588.7568181958,176561.21087390307
2024-11-01 15:30:00,176587.14646855037,176561.31199146758
2024-11-01 19:30:00,176558.15155976888,176561.33631038116
2024-11-01 23:30:00,176564.9752220819,176561.33493893736
2024-11-02 03:30:00,176581.13768070992,176561.37979064634
2024-11-02 07:30:00,176572.75521880246,176561.44812332946
2024-11-02 11:30:00,176564.71006242587,176561.4069973114
2024-11-02 15:30:00,176565.79300366226,176561.3169863637
2024-11-02 19:30:00,176544.039310525,176561.21023514814
2024-11-02 23:30:00,176544.4956848176,176561.0723890607
2024-11-03 03:30:00,176561.599907907,176561.04615691674
2024-11-03 07:30:00,176553.7836969603,176561.034022533
2024-11-03 11:30:00,176563.72271641786,176561.04037570406
2024-11-03 15:30:00,176579.3719796539,176561.19508339846
2024-11-03 19:30:00,176566.4850755242,176561.26647923313
2024-11-03 23:30:00,176550.42026558967,176561.1535305509
2024-11-04 03:30:00,176555.51301683916,176561.11944763552
2024-11-04 07:30:00,176551.32380949767,176561.0266429958
2024-11-04 11:30:00,176579.87605952544,176561.08319447355
2024-11-04 15:30:00,176572.83766967367,176561.20774649087
2024-11-04 19:30:00,176545.34784401502,176561.07311899902
2024-11-04 23:30:00,176547.0032627986,176560.98638810433
2024-11-05 03:30:00,176560.70058783607,176560.97321198453
2024-11-05 07:30:00,176566.74126593533,176560.93587917543
2024-11-05 11:30:00,176577.2840773236,176560.9711075649
2024-11-05 15:30:00,176572.5314621987,176561.1745322659
2024-11-05 19:30:00,176562.93789524803,176561.2339870055
2024-11-05 23:30:00,176560.59788128815,176561.2489295212
2024-11-06 03:30:00,176555.24686258755,176561.23231725983
2024-11-06 07:30:00,176563.62441474196,176561.25325560555
2024-11-06 11:30:00,176579.19933684694,176561.29174538786
2024-11-06 15:30:00,176582.02608320996,176561.3872287868
2024-11-06 19:30:00,176575.8823991449,176561.54800021648
2024-11-06 23:30:00,176553.6390616571,176561.54347879195
2024-11-07 03:30:00,176557.25515151772,176561.57733699918
2024-11-07 07:30:00,176565.42798631045,176561.5563635287
2024-11-07 11:30:00,176559.2894307596,176561.51014183697
2024-11-07 15:30:00,176562.90135782686,176561.56733200286
2024-11-07 19:30:00,176559.54699037925,176561.61127533574
2024-11-07 23:30:00,176550.02618484464,176561.50964073796
2024-11-08 03:30:00,176550.4506868737,176561.53375985016
2024-11-08 07:30:00,176574.236941157,176561.7174004956
2024-11-08 11:30:00,176576.13582722112,176561.77191321008
2024-11-08 15:30:00,176576.13325571912,176561.89972016457
2024-11-08 19:30:00,176572.90007442673,176562.01104866376
2024-11-08 23:30:00,176562.858220933,176562.057933051
2024-11-09 03:30:00,176535.76807352251,176561.97147650816
2024-11-09 07:30:00,176554.23650873773,176561.93787341888
2024-11-09 11:30:00,176568.00136343692,176561.89759244712
2024-11-09 15:30:00,176554.48132016856,176561.79420347526
2024-11-09 19:30:00,176540.80455452605,176561.67991766176
2024-11-09 23:30:00,176537.73092631123,176561.591206287
2024-11-10 03:30:00,176553.68449775653,176561.56974057123
2024-11-10 07:30:00,176565.88486050803,176561.61534985242
2024-11-10 11:30:00,176547.74534121098,176561.51144675503
2024-11-10 15:30:00,176559.066816097,176561.48268432755
2024-11-10 19:30:00,176576.62944145585,176561.55877370617
2024-11-10 23:30:00,176558.6306241505,176561.5107789319
2024-11-11 03:30:00,176543.84676517756,176561.47385811823
2024-11-11 07:30:00,176556.03149280875,176561.53358873056
2024-11-11 11:30:00,176567.55429638262,176561.57579966504
2024-11-11 15:30:00,176548.26813311607,176561.50546056184
2024-11-11 19:30:00,176551.65346400155,176561.39598639274
2024-11-11 23:30:00,176554.2093576934,176561.35643946438
2024-11-12 03:30:00,176568.47727102067,176561.4840454405
2024-11-12 07:30:00,176546.4524124759,176561.42128021742
2024-11-12 11:30:00,176538.92896771512,176561.33205749362
2024-11-12 15:30:00,176550.80603553716,176561.34863498795
2024-11-12 19:30:00,176554.60268118363,176561.32178898837
2024-11-12 23:30:00,176575.3014220366,176561.36654133594
2024-11-13 03:30:00,176567.90506254233,176561.37043501128
2024-11-13 07:30:00,176549.75422278963,176561.34046814722
2024-11-13 11:30:00,176573.30498467755,176561.38734539333
2024-11-13 15:30:00,176560.14828214305,176561.37020103753
2024-11-13 19:30:00,176563.2556114346,176561.33242698788
2024-11-13 23:30:00,176556.85201158116,176561.3502691767
2024-11-14 03:30:00,176557.20019482588,176561.36577694424
2024-11-14 07:30:00,176552.07376746865,176561.2644932746
2024-11-14 11:30:00,176561.02632359797,176561.23725359392
2024-11-14 15:30:00,176549.1520806917,176561.11986885726
2024-11-14 19:30:00,176573.51201881052,176561.21125756684
2024-11-14 23:30:00,176574.94904180733,176561.26185556498
2024-11-15 03:30:00,176568.33946899563,176561.21430995953
2024-11-15 07:30:00,176564.7249575232,176561.27617770724
2024-11-15 11:30:00,176573.63380019178,176561.36533074928
2024-11-15 15:30:00,176582.6178665134,176561.4653411266
2024-11-15 19:30:00,176548.61095083042,176561.3795222328
2024-11-15 23:30:00,176557.2448360942,176561.3880596135
2024-11-16 03:30:00,176571.7309529014,176561.45866477228
2024-11-16 07:30:00,176573.17582159536,176561.59400077505
2024-11-16 11:30:00,176557.52627810917,176561.55937981684
2024-11-16 15:30:00,176548.96879735324,176561.53723873635
2024-11-16 19:30:00,176548.46827664797,176561.54079827038
2024-11-16 23:30:00,176558.24680405148,176561.52468120377
2024-11-17 03:30:00,176568.56800161986,176561.5094850717
2024-11-17 07:30:00,176565.43211860783,176561.57115088878
2024-11-17 11:30:00,176576.7896760836,176561.69587387663
2024-11-17 15:30:00,176584.7684640172,176561.79322122186
2024-11-17 19:30:00,176569.34100788794,176561.79503761834
2024-11-17 23:30:00,176548.03984151655,176561.74924343894
2024-11-18 03:30:00,176558.24820124978,176561.66919388043
2024-11-18 07:30:00,176570.5320097465,176561.68228547374
2024-11-18 11:30:00,176559.9146708401,176561.65282035462
2024-11-18 15:30:00,176555.31059346098,176561.62266459456
2024-11-18 19:30:00,176551.09934592014,176561.5469773611
2024-11-18 23:30:00,176545.29974022467,176561.4785056376
2024-11-19 03:30:00,176543.6391942998,176561.49734868313
2024-11-19 07:30:00,176550.69689164494,176561.44124692614
2024-11-19 11:30:00,176562.62133245115,176561.4448427798
2024-11-19 15:30:00,176551.35796927,176561.32965491008
2024-11-19 19:30:00,176530.74990117928,176561.15799963576
2024-11-19 23:30:00,176526.50562077903,176561.02481035484
2024-11-20 03:30:00,176555.99184025786,176560.9792330486
2024-11-20 07:30:00,176541.85121278508,176560.79517959172
2024-11-20 11:30:00,176549.87048598618,176560.75073443845
2024-11-20 15:30:00,176563.0038538409,176560.85606004816
2024-11-20 19:30:00,176581.47229295797,176560.86183774675
2024-11-20 23:30:00,176584.52682730858,176561.0265027756
2024-11-21 03:30:00,176591.7330579144,176561.28725110856
2024-11-21 07:30:00,176602.00312446107,176561.55452549245
2024-11-21 11:30:00,176611.69108539523,176561.7202419335
2024-11-21 15:30:00,176583.12981994383,176561.74699512892
2024-11-21 19:30:00,176597.01272675188,176561.88389605758
2024-11-21 23:30:00,176596.1973537941,176562.11292012746
2024-11-22 03:30:00,176574.89216325936,176562.21206384734
2024-11-22 07:30:00,176569.4887134513,176562.20020589718
2024-11-22 11:30:00,176578.90570334645,176562.32237020924
2024-11-22 15:30:00,176565.16667939935,176562.2869646601
2024-11-22 19:30:00,176538.7867538916,176562.0642807304
2024-11-22 23:30:00,176555.16265496198,176562.11754734308
2024-11-23 03:30:00,176548.351718091,176562.11671993262
2024-11-23 07:30:00,176560.43150524623,176562.06502299168
2024-11-23 11:30:00,176556.65403431855,176561.9500946213
2024-11-23 15:30:00,176560.5060440363,176561.85141290125
2024-11-23 19:30:00,176538.72317373322,176561.68453044372
2024-11-23 23:30:00,176554.71440439235,176561.6410577924
2024-11-24 03:30:00,176557.31155982765,176561.65886441548
2024-11-24 07:30:00,176555.3124803023,176561.61647303952
2024-11-24 11:30:00,176549.23667082665,176561.53458707442
2024-11-24 15:30:00,176556.95213337397,176561.47242291123
2024-11-24 19:30:00,176550.1399945402,176561.33325715893
2024-11-24 23:30:00,176545.36933046294,176561.2747444564
2024-11-25 03:30:00,176548.13814095163,176561.28217162416
2024-11-25 07:30:00,176541.7998396987,176561.17826937287
2024-11-25 11:30:00,176566.17227419815,176561.1060599279
2024-11-25 15:30:00,176548.76324708885,176561.0361088095
2024-11-25 19:30:00,176540.6301239777,176560.8585600618
2024-11-25 23:30:00,176570.0427888732,176560.86049145725
2024-11-26 03:30:00,176562.82033315575,176560.89056483007
2024-11-26 07:30:00,176555.4919854415,176560.84856054184
2024-11-26 11:30:00,176555.09082835758,176560.8075396454
2024-11-26 15:30:00,176570.14451695437,176560.89586123414
2024-11-26 19:30:00,176546.7046480122,176560.7743226017
2024-11-26 23:30:00,176561.11647616143,176560.7214796192
2024-11-27 03:30:00,176566.5318443037,176560.87957231488
2024-11-27 07:30:00,176571.3933768694,176560.95338970405
2024-11-27 11:30:00,176560.62872974284,176560.86938597483
2024-11-27 15:30:00,176549.49761330642,176560.8320697755
2024-11-27 19:30:00,176546.15605051204,176560.84845873117
2024-11-27 23:30:00,176569.8871790681,176560.8952905084
2024-11-28 03:30:00,176561.5644336605,176560.83829140998
2024-11-28 07:30:00,176571.08702807216,176560.9985489011
2024-11-28 11:30:00,176583.04802790825,176561.07996698105
2024-11-28 15:30:00,176552.6620535374,176561.06100228307
2024-11-28 19:30:00,176541.44119602197,176560.97465888236
2024-11-28 23:30:00,176570.48426027634,176560.9854980094
2024-11-29 03:30:00,176575.2220916276,176561.1115168898
2024-11-29 07:30:00,176572.35647589513,176561.22327109578
2024-11-29 11:30:00,176568.48020327935,176561.13417837644
2024-11-29 15:30:00,176564.3392343196,176561.16855509294
2024-11-29 19:30:00,176534.35414143914,176561.12680498447
2024-11-29 23:30:00,176563.15691172946,176561.191797198
2024-11-30 03:30:00,176559.135684824,176561.0879091135
2024-11-30 07:30:00,176561.29819923604,176561.1696024054
2024-11-30 11:30:00,176568.49509261412,176561.25046184455
2024-11-30 15:30:00,176555.91991906735,176561.21989246327
2024-11-30 19:30:00,176544.0675257146,176561.27538791223
2024-11-30 23:30:00,176539.09830936682,176561.18346057384
2024-12-01 03:30:00,176567.76574633003,176561.2459320656
2024-12-01 07:30:00,176563.45345496797,176561.22212653534
2024-12-01 11:30:00,176578.73642490793,176561.16645768372
2024-12-01 15:30:00,176561.28427524288,176561.02277883203
2024-12-01 19:30:00,176531.97473857578,176560.8773520476
2024-12-01 23:30:00,176567.18721701574,176560.88964090834
2024-12-02 03:30:00,176573.34651017748,176560.8463566276
2024-12-02 07:30:00,176574.39466078542,176560.85546463865
2024-12-02 11:30:00,176568.74796044797,176560.87789740544
2024-12-02 15:30:00,176571.3899017249,176560.90899128353
2024-12-02 19:30:00,176537.05194925252,176560.87017260984
2024-12-02 23:30:00,176544.88531594348,176560.87233722716
2024-12-03 03:30:00,176569.83774667632,176560.91810299814
2024-12-03 07:30:00,176566.64903014468,176560.9895770714
2024-12-03 11:30:00,176575.7182456518,176561.05621890043
2024-12-03 15:30:00,176551.835100474,176560.90323623832
2024-12-03 19:30:00,176533.05481793487,176560.71751258505
2024-12-03 23:30:00,176559.78347813242,176560.76953043253
2024-12-04 03:30:00,176575.16156094422,176560.8786890109
2024-12-04 07:30:00,176578.66694114986,176561.03059529784
2024-12-04 11:30:00,176575.88145746363,176561.00840306416
2024-12-04 15:30:00,176575.78928436514,176561.02480092354
2024-12-04 19:30:00,176527.94704315666,176560.92812980767
2024-12-04 23:30:00,176547.66540457585,176560.9318083731
2024-12-05 03:30:00,176569.56111349224,176560.98103351565
2024-12-05 07:30:00,176571.3392733604,176561.0065780013
2024-12-05 11:30:00,176573.0321913867,176560.9829564128
2024-12-05 15:30:00,176561.03577957943,176560.91909150936
2024-12-05 19:30:00,176550.0706999573,176560.84760709107
2024-12-05 23:30:00,176541.73401666738,176560.7428078432
2024-12-06 03:30:00,176572.00689251258,176560.83591912055
2024-12-06 07:30:00,176558.19091096194,176560.80573298843
2024-12-06 11:30:00,176564.92210910478,176560.72641505653
2024-12-06 15:30:00,176570.47612893442,176560.6622486439
2024-12-06 19:30:00,176552.7109259297,176560.53351823712
2024-12-06 23:30:00,176551.4982543222,176560.52162486306
2024-12-07 03:30:00,176551.17511906876,176560.48784690502
2024-12-07 07:30:00,176568.49919349418,176560.50490916712
2024-12-07 11:30:00,176573.21267017256,176560.58226049723
2024-12-07 15:30:00,176577.17655256254,176560.66156713464
2024-12-07 19:30:00,176566.84734270978,176560.70212464756
2024-12-07 23:30:00,176556.19371006967,176560.7363886766
2024-12-08 03:30:00,176576.49862544294,176560.88109944644
2024-12-08 07:30:00,176571.02986134504,176560.86328233636
2024-12-08 11:30:00,176571.1124748491,176560.83537482322
2024-12-08 15:30:00,176570.58583282362,176560.8045558071
2024-12-08 19:30:00,176570.2135361709,176560.78963059455
2024-12-08 23:30:00,176559.8239005892,176560.77277325935
2024-12-09 03:30:00,176566.53162090608,176560.94368185592
2024-12-09 07:30:00,176568.53820899533,176561.02313574625
2024-12-09 11:30:00,176572.47218393756,176561.0479736379
2024-12-09 15:30:00,176566.7460621252,176561.1161110932
2024-12-09 19:30:00,176563.12883889515,176561.24013489523
2024-12-09 23:30:00,176571.59638811924,176561.42827634973
2024-12-10 03:30:00,176573.63913845876,176561.53913546476
2024-12-10 07:30:00,176564.88966179753,176561.53360658302
2024-12-10 11:30:00,176557.9056993095,176561.5900530169
2024-12-10 15:30:00,176541.63861805474,176561.49322969446
2024-12-10 19:30:00,176560.54492186644,176561.4038712523
2024-12-10 23:30:00,176567.50876782282,176561.4531942727
2024-12-11 03:30:00,176554.3134023463,176561.51134225697
2024-12-11 07:30:00,176559.33463199955,176561.5296930303
2024-12-11 11:30:00,176549.6428562357,176561.43018502943
2024-12-11 15:30:00,176546.14862934273,176561.41841000848
2024-12-11 19:30:00,176535.5772211664,176561.32909754824
2024-12-11 23:30:00,176567.2332667244,176561.40145259845
2024-12-12 03:30:00,176582.5453428161,176561.47960855285
2024-12-12 07:30:00,176573.30357865946,176561.62878169832
2024-12-12 11:30:00,176559.7659145716,176561.7445425142
2024-12-12 15:30:00,176541.96310464712,176561.69541512037
2024-12-12 19:30:00,176546.0891309231,176561.64811761893
2024-12-12 23:30:00,176562.50914211103,176561.5770493971
2024-12-13 03:30:00,176585.95505781585,176561.67732714862
2024-12-13 07:30:00,176578.37344324554,176561.83632281784
2024-12-13 11:30:00,176566.88583405045,176561.8006608699
2024-12-13 15:30:00,176545.0009346247,176561.71650893925
2024-12-13 19:30:00,176535.7087963646,176561.56347107777
2024-12-13 23:30:00,176565.26048492157,176561.61018481854
2024-12-14 03:30:00,176567.28266005946,176561.66619851426
2024-12-14 07:30:00,176558.3822815339,176561.70124581462
2024-12-14 11:30:00,176575.80766008442,176561.78336435067
2024-12-14 15:30:00,176564.48718488833,176561.86855937398
2024-12-14 19:30:00,176538.21626528178,176561.67247185437
2024-12-14 23:30:00,176555.55115735944,176561.56470582966
2024-12-15 03:30:00,176578.04794240376,176561.61864179303
2024-12-15 07:30:00,176579.38464622467,176561.70008450805
2024-12-15 11:30:00,176570.32173036525,176561.6816841201
2024-12-15 15:30:00,176568.01873701968,176561.60057784518
2024-12-15 19:30:00,176564.72365830996,176561.69009288674
2024-12-15 23:30:00,176553.93599774817,176561.67171045145
2024-12-16 03:30:00,176558.65020268824,176561.59903961694
2024-12-16 07:30:00,176574.7291985865,176561.6076694891
2024-12-16 11:30:00,176563.63623287127,176561.6416136822
2024-12-16 15:30:00,176549.12113381672,176561.64245999593
2024-12-16 19:30:00,176537.73148553286,176561.58281115638
2024-12-16 23:30:00,176548.64884726232,176561.5294891742
2024-12-17 03:30:00,176569.00942091228,176561.53194150364
2024-12-17 07:30:00,176570.15660238726,176561.55818863574
2024-12-17 11:30:00,176569.5860794783,176561.5181686546
2024-12-17 15:30:00,176574.63700058372,176561.46188274666
2024-12-17 19:30:00,176555.76335978607,176561.3864513683
2024-12-17 23:30:00,176546.45629660384,176561.37765389658
2024-12-18 03:30:00,176571.26026338068,176561.44994313063
2024-12-18 07:30:00,176560.79050326176,176561.39582365015
2024-12-18 11:30:00,176560.2342395135,176561.39759903165
2024-12-18 15:30:00,176562.6203462139,176561.4382087692
2024-12-18 19:30:00,176541.67130839135,176561.3858307829
2024-12-18 23:30:00,176544.0012259712,176561.37861681485
2024-12-19 03:30:00,176564.8102948178,176561.49623403995
2024-12-19 07:30:00,176563.95417030845,176561.56988558805
2024-12-19 11:30:00,176564.91321303294,176561.58261825796
2024-12-19 15:30:00,176572.75151239836,176561.70147127533
2024-12-19 19:30:00,176553.73551562722,176561.8291691334
2024-12-19 23:30:00,176547.60938377306,176561.9464122611
2024-12-20 03:30:00,176562.68623413076,176561.98360333822
2024-12-20 07:30:00,176560.63160474252,176562.08793884906
2024-12-20 11:30:00,176568.96588877862,176562.19402442014
2024-12-20 15:30:00,176564.70131099355,176562.20345473764
2024-12-20 19:30:00,176559.77148788745,176562.0828947095
2024-12-20 23:30:00,176541.0204594945,176561.84119266606
2024-12-21 03:30:00,176557.60566500784,176561.6515960388
2024-12-21 07:30:00,176553.62389798427,176561.38282255837
2024-12-21 11:30:00,176563.8820691148,176561.1172169124
2024-12-21 15:30:00,176561.64363461646,176560.99784921616
2024-12-21 19:30:00,176543.94515685146,176560.70302938338
2024-12-21 23:30:00,176537.3923480163,176560.3763349068
2024-12-22 03:30:00,176556.21297255997,176560.27256162514
2024-12-22 07:30:00,176576.5657864706,176560.31187869748
2024-12-22 11:30:00,176575.4045059718,176560.29242760094
2024-12-22 15:30:00,176579.02508417782,176560.3694187386
2024-12-22 19:30:00,176548.381345597,176560.42272202586
2024-12-22 23:30:00,176544.43478377358,176560.3631227415
2024-12-23 03:30:00,176557.72333423162,176560.41518727556
2024-12-23 07:30:00,176558.95460745035,176560.40698228782
2024-12-23 11:30:00,176543.92533001132,176560.33626726392
2024-12-23 15:30:00,176548.21659276218,176560.2679925346
2024-12-23 19:30:00,176562.77968474862,176560.401639818
2024-12-23 23:30:00,176563.10405189963,176560.44824897085
2024-12-24 03:30:00,176543.51624280767,176560.37160832077
2024-12-24 07:30:00,176557.45876911082,176560.38353214745
2024-12-24 11:30:00,176549.96498239486,176560.38757832284
2024-12-24 15:30:00,176545.4662808441,176560.32376803097
2024-12-24 19:30:00,176543.8051099895,176560.28857422795
2024-12-24 23:30:00,176573.44448747093,176560.4445473224
2024-12-25 03:30:00,176583.6208469615,176560.64167346692
2024-12-25 07:30:00,176573.32725855583,176560.8168257939
2024-12-25 11:30:00,176566.16337396787,176560.8167763482
2024-12-25 15:30:00,176574.10330478218,176560.95755444648
2024-12-25 19:30:00,176597.22766410478,176561.27198522497
2024-12-25 23:30:00,176565.7764048367,176561.24828309144
2024-12-26 03:30:00,176564.16226321366,176561.25573825842
2024-12-26 07:30:00,176581.16351373677,176561.39835786002
2024-12-26 11:30:00,176573.7012350386,176561.50174900828
2024-12-26 15:30:00,176544.92518306192,176561.3616415978
2024-12-26 19:30:00,176536.53900227754,176561.30516578813
2024-12-26 23:30:00,176551.32568702186,176561.25077251514
2024-12-27 03:30:00,176562.61054021702,176561.22898749245
2024-12-27 07:30:00,176551.09360102558,176561.11621095997
2024-12-27 11:30:00,176544.6724157904,176561.02756477136
2024-12-27 15:30:00,176534.45812928493,176560.94401208233
2024-12-27 19:30:00,176553.52836458333,176560.98496938273
2024-12-27 23:30:00,176562.34025433433,176560.94304202308
2024-12-28 03:30:00,176567.6345899288,176560.97676511348
2024-12-28 07:30:00,176581.9338045143,176561.0370249826
2024-12-28 11:30:00,176574.65648106017,176560.9904052779
2024-12-28 15:30:00,176549.86258234738,176560.97485266018
2024-12-28 19:30:00,176540.27097919455,176560.96835145558
2024-12-28 23:30:00,176559.79563314578,176560.90897019373
2024-12-29 03:30:00,176574.709164429,176560.90612059817
2024-12-29 07:30:00,176568.99554502484,176560.88744876
2024-12-29 11:30:00,176571.30803165125,176560.90315891764
2024-12-29 15:30:00,176557.27223893083,176560.86389783217
2024-12-29 19:30:00,176558.39313040793,176560.99744777085
2024-12-29 23:30:00,176538.41163613967,176560.85997401757
2024-12-30 03:30:00,176566.33610662373,176560.8999763609
2024-12-30 07:30:00,176558.77442948366,176560.88595541785
2024-12-30 11:30:00,176562.67522930144,176560.8536228439
2024-12-30 15:30:00,176560.7571664957,176560.8804964407
2024-12-30 19:30:00,176527.27357060325,176560.78719669007
2024-12-30 23:30:00,176545.33863838745,176560.82186518467
2024-12-31 03:30:00,176575.6544536031,176560.8656913362
2024-12-31 07:30:00,176568.8632172952,176560.89574557132
2024-12-31 11:30:00,176570.6571614556,176560.85086077434
2024-12-31 15:30:00,176568.74372568922,176560.89230216574
2024-12-31 19:30:00,176565.05237474048,176561.0760668111
2024-12-31 23:30:00,176550.04538723934,176560.98083442345
2025-01-01 03:30:00,176573.1862927621,176560.9799443267
2025-01-01 07:30:00,176578.31963538766,176561.00174974118
2025-01-01 11:30:00,176579.4103552168,176561.06098526766
2025-01-01 15:30:00,176584.2008112759,176561.13215698738
2025-01-01 19:30:00,176543.56851893532,176561.16836015225
2025-01-01 23:30:00,176557.23015665388,176561.2369426007
2025-01-02 03:30:00,176580.20267495606,176561.29452553554
2025-01-02 07:30:00,176571.57372817295,176561.32188496905
2025-01-02 11:30:00,176576.31110694498,176561.3251786429
2025-01-02 15:30:00,176582.56388586372,176561.49589411728
2025-01-02 19:30:00,176560.05943656163,176561.64591977632
2025-01-02 23:30:00,176544.96307271594,176561.56358419068
2025-01-03 03:30:00,176570.12965823198,176561.5356291756
2025-01-03 07:30:00,176565.29376035157,176561.46133372674
2025-01-03 11:30:00,176565.80684232002,176561.40536364258
2025-01-03 15:30:00,176557.41819411318,176561.30330203008
2025-01-03 19:30:00,176550.44000428598,176561.42826292524
2025-01-03 23:30:00,176537.06346121026,176561.3693632399
2025-01-04 03:30:00,176565.42055795458,176561.34636015355
2025-01-04 07:30:00,176555.4827178065,176561.25826817827
2025-01-04 11:30:00,176551.25838163114,176561.1373025685
2025-01-04 15:30:00,176572.00211905266,176561.1982266767
2025-01-04 19:30:00,176573.5794835507,176561.32883102997
2025-01-04 23:30:00,176552.33044667626,176561.38770008562
2025-01-05 03:30:00,176559.94695784803,176561.32070044856
2025-01-05 07:30:00,176569.6370662048,176561.3842901999
2025-01-05 11:30:00,176561.11137260732,176561.3631194416
2025-01-05 15:30:00,176566.69116719862,176561.3420918764
2025-01-05 19:30:00,176565.26512150205,176561.4118374074
2025-01-05 23:30:00,176550.1698279981,176561.40445726112
2025-01-06 03:30:00,176566.86255414312,176561.49160967817
2025-01-06 07:30:00,176567.79776396067,176561.48771284748
2025-01-06 11:30:00,176550.08275094363,176561.35921329615
2025-01-06 15:30:00,176547.75671257105,176561.19576974068
2025-01-06 19:30:00,176554.89652482694,176561.129376308
2025-01-06 23:30:00,176555.77706949698,176561.12706163814
2025-01-07 03:30:00,176569.35964487912,176561.08740063504
2025-01-07 07:30:00,176564.33792072572,176561.05022318714
2025-01-07 11:30:00,176573.54652371767,176561.06374568082
2025-01-07 15:30:00,176576.53601192642,176561.09680223142
2025-01-07 19:30:00,176572.31039164454,176561.1084514285
2025-01-07 23:30:00,176551.1439498899,176561.06022948015
2025-01-08 03:30:00,176580.97406847723,176561.14046529998
2025-01-08 07:30:00,176581.47529388685,176561.21233799384
2025-01-08 11:30:00,176553.37703946012,176561.10625385787
2025-01-08 15:30:00,176539.23432799577,176560.95341089048
2025-01-08 19:30:00,176545.3387703571,176560.8545771764
2025-01-08 23:30:00,176568.49935174172,176560.8373714187
2025-01-09 03:30:00,176554.55339550035,176560.73133951338
2025-01-09 07:30:00,176569.48301264856,176560.75685812923
2025-01-09 11:30:00,176552.93778442228,176560.72925860208
2025-01-09 15:30:00,176565.08113566905,176560.85949481104
2025-01-09 19:30:00,176547.658857713,176560.78790556575
2025-01-09 23:30:00,176558.4116171207,176560.73736583962
2025-01-10 03:30:00,176585.2471401739,176560.90921993865
2025-01-10 07:30:00,176576.2460770586,176561.00317241123
2025-01-10 11:30:00,176555.410648719,176561.03521570278
2025-01-10 15:30:00,176520.33404502182,176560.89180134545
2025-01-10 19:30:00,176547.01134822887,176560.9553242736
2025-01-10 23:30:00,176583.1996241723,176561.0440262594
2025-01-11 03:30:00,176573.95312841138,176560.99629173492
2025-01-11 07:30:00,176573.66580721588,176560.99830411578
2025-01-11 11:30:00,176573.00379653272,176561.07184790447
2025-01-11 15:30:00,176576.44642533505,176561.26342190828
2025-01-11 19:30:00,176540.24166423315,176561.23093598222
2025-01-11 23:30:00,176541.43633069767,176561.11386480773
2025-01-12 03:30:00,176567.83983152153,176561.01322466164
2025-01-12 07:30:00,176567.53534504437,176560.95301300494
2025-01-12 11:30:00,176577.84282676273,176561.0138851867
2025-01-12 15:30:00,176532.60019762567,176560.94499220338
2025-01-12 19:30:00,176541.42250162468,176560.97673501036
2025-01-12 23:30:00,176575.64610562916,176561.0344329032
2025-01-13 03:30:00,176571.12763245267,176561.05579386093
2025-01-13 07:30:00,176575.55996175038,176561.15122541768
2025-01-13 11:30:00,176578.63081485708,176561.16690961088
2025-01-13 15:30:00,176585.65768390906,176561.2845234943
2025-01-13 19:30:00,176554.25939324097,176561.37365198295
2025-01-13 23:30:00,176539.90750442827,176561.28674280006
2025-01-14 03:30:00,176552.81199671264,176561.14654310176
2025-01-14 07:30:00,176547.21870538878,176560.9678434304
2025-01-14 11:30:00,176569.38481499595,176560.96263834505
2025-01-14 15:30:00,176533.0938331019,176560.76861110106
2025-01-14 19:30:00,176536.03017154225,176560.60920284124
2025-01-14 23:30:00,176557.55971894774,176560.62933462567
2025-01-15 03:30:00,176564.5350711362,176560.66202833928
2025-01-15 07:30:00,176563.71917733754,176560.6008615546
2025-01-15 11:30:00,176575.06205175497,176560.66433832617
2025-01-15 15:30:00,176561.22444241206,176560.73157892944
2025-01-15 19:30:00,176568.42370965958,176560.9020912857
2025-01-15 23:30:00,176549.8197893658,176560.90859651964
2025-01-16 03:30:00,176564.95165656955,176560.8860533844
2025-01-16 07:30:00,176564.8360764021,176560.85649490668
2025-01-16 11:30:00,176575.68468833982,176560.89037606702
2025-01-16 15:30:00,176526.34357370445,176560.622079251
2025-01-16 19:30:00,176539.60938574886,176560.5323349508
2025-01-16 23:30:00,176564.14116110854,176560.63058419808
2025-01-17 03:30:00,176564.33059714307,176560.59208605232
2025-01-17 07:30:00,176561.2580101967,176560.59468331307
2025-01-17 11:30:00,176562.48157291085,176560.6071684986
2025-01-17 15:30:00,176569.48044978507,176560.6452801851
2025-01-17 19:30:00,176544.80609445312,176560.66269566322
2025-01-17 23:30:00,176537.7367639186,176560.62789309627
2025-01-18 03:30:00,176553.78475293916,176560.56664008583
2025-01-18 07:30:00,176560.09596684508,176560.54520562215
2025-01-18 11:30:00,176560.23087511747,176560.51919263374
2025-01-18 15:30:00,176549.0934835746,176560.38775914026
2025-01-18 19:30:00,176543.91456419564,176560.333198299
2025-01-18 23:30:00,176567.84330390245,176560.44560896637
2025-01-19 03:30:00,176559.66629702118,176560.42883153795
2025-01-19 07:30:00,176557.07236548993,176560.4090579866
2025-01-19 11:30:00,176552.82068490534,176560.31936240953
2025-01-19 15:30:00,176579.58682799182,176560.40205972616
2025-01-19 19:30:00,176570.7668636002,176560.46314514676
2025-01-19 23:30:00,176537.96557585846,176560.44617357105
2025-01-20 03:30:00,176566.0313016804,176560.49298266365
2025-01-20 07:30:00,176571.73226772307,176560.59358471778
2025-01-20 11:30:00,176572.9537239475,176560.6439828002
2025-01-20 15:30:00,176544.24923090448,176560.54734722397
2025-01-20 19:30:00,176574.0327363361,176560.71450044334
2025-01-20 23:30:00,176570.04027794022,176560.8958778318
2025-01-21 03:30:00,176581.55872946346,176561.03668759236
2025-01-21 07:30:00,176555.40374129283,176560.91912067472
2025-01-21 11:30:00,176549.70861552496,176560.77636572783
2025-01-21 15:30:00,176575.2729042309,176560.75552028365
2025-01-21 19:30:00,176578.74550366044,176560.9242100507
2025-01-21 23:30:00,176550.8403163644,176560.95979634285
2025-01-22 03:30:00,176569.22368317627,176561.02368717032
2025-01-22 07:30:00,176580.02886589733,176561.1407663839
2025-01-22 11:30:00,176559.76042024646,176561.22873910744
2025-01-22 15:30:00,176540.98697681082,176561.1885745744
2025-01-22 19:30:00,176573.73972010272,176561.24946365968
2025-01-22 23:30:00,176575.6746775739,176561.31930046895
2025-01-23 03:30:00,176576.54344895796,176561.50278494757
2025-01-23 07:30:00,176558.79894582913,176561.5102303738
2025-01-23 11:30:00,176543.73160414866,176561.47560049465
2025-01-23 15:30:00,176543.8369313563,176561.46654855303
2025-01-23 19:30:00,176570.47620335282,176561.61472129397
2025-01-23 23:30:00,176550.39012080518,176561.48664147916
2025-01-24 03:30:00,176558.53813086782,176561.3472930564
2025-01-24 07:30:00,176559.96113884271,176561.27303683577
2025-01-24 11:30:00,176574.0063529957,176561.3166089415
2025-01-24 15:30:00,176531.996783412,176561.08268382278
2025-01-24 19:30:00,176543.65274102386,176560.7850453612
2025-01-24 23:30:00,176563.7260470952,176560.77365448483
2025-01-25 03:30:00,176562.70432386614,176560.76555482182
2025-01-25 07:30:00,176567.9350014968,176560.69206308716
2025-01-25 11:30:00,176555.8618661548,176560.59295548222
2025-01-25 15:30:00,176567.3122178092,176560.7173278975
2025-01-25 19:30:00,176570.49248844752,176560.90595837624
2025-01-25 23:30:00,176556.00817813698,176560.93197221577
2025-01-26 03:30:00,176559.99971462492,176560.91746762913
2025-01-26 07:30:00,176564.90307030384,176560.9941869029
2025-01-26 11:30:00,176572.40744334084,176561.14827038927
2025-01-26 15:30:00,176546.2838851891,176561.2139690332
2025-01-26 19:30:00,176547.30776474965,176561.17941014524
2025-01-26 23:30:00,176568.7170696898,176561.21483689724
2025-01-27 03:30:00,176558.60697999696,176561.16468350872
2025-01-27 07:30:00,176551.34656559516,176560.99475440363
2025-01-27 11:30:00,176553.56736404073,176560.87759264238
2025-01-27 15:30:00,176560.69417975223,176560.93776818353
2025-01-27 19:30:00,176568.67376587036,176561.0955614428
2025-01-27 23:30:00,176551.47822167518,176561.04935360132
2025-01-28 03:30:00,176560.35057679712,176560.96958367006
2025-01-28 07:30:00,176551.30202417177,176560.87128633197
2025-01-28 11:30:00,176577.1060948904,176560.90349779438
2025-01-28 15:30:00,176539.36535863546,176560.8040151261
2025-01-28 19:30:00,176540.61855651185,176560.70526749335
2025-01-28 23:30:00,176577.04739844167,176560.91991061726
2025-01-29 03:30:00,176559.5813920255,176560.88238442503
2025-01-29 07:30:00,176557.25739203102,176560.8739564392
2025-01-29 11:30:00,176557.07960147344,176560.84286961792
2025-01-29 15:30:00,176574.14221904718,176560.91723102098
2025-01-29 19:30:00,176575.47450634724,176561.18501399734
2025-01-29 23:30:00,176550.9468306698,176561.2161706211
2025-01-30 03:30:00,176579.33123502566,176561.2365971846
2025-01-30 07:30:00,176569.70881533113,176561.24129495144
2025-01-30 11:30:00,176579.58271576202,176561.29088136426
2025-01-30 15:30:00,176554.53115358672,176561.21192263035
2025-01-30 19:30:00,176537.15214954547,176561.0569213793
2025-01-30 23:30:00,176537.28914477245,176560.98605336557
2025-01-31 03:30:00,176564.13772540036,176560.93578354688
2025-01-31 07:30:00,176562.06022747146,176560.8454535029
2025-01-31 11:30:00,176561.3651982092,176560.74520263064
2025-01-31 15:30:00,176572.7768051725,176560.68173593006
2025-01-31 19:30:00,176549.09391418594,176560.71243257035
2025-01-31 23:30:00,176554.45682444877,176560.6970251692
2025-02-01 03:30:00,176569.75782681582,176560.63899823508
2025-02-01 07:30:00,176558.20135406687,176560.56470726785
2025-02-01 11:30:00,176554.79332775032,176560.4451640501
2025-02-01 15:30:00,176564.88562755735,176560.346951504
2025-02-01 19:30:00,176551.6440347355,176560.3001992716
2025-02-01 23:30:00,176550.3098655576,176560.3299036763
2025-02-02 03:30:00,176580.89040572604,176560.38968560676
2025-02-02 07:30:00,176562.6107249788,176560.37477985473
2025-02-02 11:30:00,176556.96934763427,176560.32568266202
2025-02-02 15:30:00,176576.00901747742,176560.42896501406
2025-02-02 19:30:00,176553.25174369026,176560.4445857885
2025-02-02 23:30:00,176556.9107860506,176560.55484870428
2025-02-03 03:30:00,176566.61030457204,176560.56145840773
2025-02-03 07:30:00,176565.5372542324,176560.6173169434
2025-02-03 11:30:00,176561.22558080294,176560.67269027216
2025-02-03 15:30:00,176571.8200464403,176560.67167875764
2025-02-03 19:30:00,176543.50640428203,176560.50460609503
2025-02-03 23:30:00,176563.59163786055,176560.5671682683
2025-02-04 03:30:00,176582.4519314352,176560.69219589932
2025-02-04 07:30:00,176562.85577413777,176560.6545220545
2025-02-04 11:30:00,176536.93786970235,176560.52022481614
2025-02-04 15:30:00,176567.35985405024,176560.52393974309
2025-02-04 19:30:00,176557.107204066,176560.47861797956
2025-02-04 23:30:00,176553.71555913013,176560.49831648584
2025-02-05 03:30:00,176560.48819022282,176560.46290335298
2025-02-05 07:30:00,176573.8316730888,176560.49642507033
2025-02-05 11:30:00,176570.820583947,176560.6116352537
2025-02-05 15:30:00,176560.0348239273,176560.67984698343
2025-02-05 19:30:00,176544.23865917462,176560.6206366187
2025-02-05 23:30:00,176565.51839256485,176560.6747550802
2025-02-06 03:30:00,176567.35888699646,176560.66363975863
2025-02-06 07:30:00,176555.19990886934,176560.61287302608
2025-02-06 11:30:00,176532.39631622034,176560.38426076225
2025-02-06 15:30:00,176564.05918265774,176560.31494504403
2025-02-06 19:30:00,176572.29430050487,176560.31485564884
2025-02-06 23:30:00,176573.0353111074,176560.43647432228
2025-02-07 03:30:00,176562.76735120566,176560.33532589296
2025-02-07 07:30:00,176566.17936387175,176560.250348504
2025-02-07 11:30:00,176570.223020434,176560.34393728722
2025-02-07 15:30:00,176553.94866912212,176560.4256836268
2025-02-07 19:30:00,176535.64153729306,176560.37181010976
2025-02-07 23:30:00,176561.9720724429,176560.335547447
2025-02-08 03:30:00,176579.02394715813,176560.47149495623
2025-02-08 07:30:00,176579.83249007183,176560.528992053
2025-02-08 11:30:00,176541.82949886814,176560.46727935548
2025-02-08 15:30:00,176553.187946553,176560.4012060826
2025-02-08 19:30:00,176553.4598766555,176560.43343396563
2025-02-08 23:30:00,176544.47570977028,176560.3560122581
2025-02-09 03:30:00,176557.68473339602,176560.20288777602
2025-02-09 07:30:00,176569.4326429673,176560.1650353644
2025-02-09 11:30:00,176555.6636592934,176560.1664409787
2025-02-09 15:30:00,176555.60674432068,176560.36240041925
2025-02-09 19:30:00,176548.80957674282,176560.3723905777
2025-02-09 23:30:00,176556.31638877577,176560.2230392699
2025-02-10 03:30:00,176557.4421581479,176560.13131165734
2025-02-10 07:30:00,176570.31952634983,176560.1127212081
2025-02-10 11:30:00,176564.0922182571,176560.06321243988
2025-02-10 15:30:00,176566.28445692454,176560.00675705983
2025-02-10 19:30:00,176552.20985564715,176560.07324701213
2025-02-10 23:30:00,176551.37116053342,176560.1284405112
2025-02-11 03:30:00,176578.51460277944,176560.18774479599
2025-02-11 07:30:00,176570.01690723526,176560.2015312526
2025-02-11 11:30:00,176578.6345030673,176560.2059294543
2025-02-11 15:30:00,176550.58933244145,176560.30586909215
2025-02-11 19:30:00,176534.4947929539,176560.26738182176
2025-02-11 23:30:00,176547.3621058063,176560.1102484894
2025-02-12 03:30:00,176548.35948003732,176559.98375875378
2025-02-12 07:30:00,176561.3902811123,176559.9050383058
2025-02-12 11:30:00,176569.7521271143,176559.85571226277
2025-02-12 15:30:00,176559.64212662366,176559.71118138896
2025-02-12 19:30:00,176546.5010326774,176559.66807938582
2025-02-12 23:30:00,176550.62538383625,176559.7276231603
2025-02-13 03:30:00,176559.0003809097,176559.76200307254
2025-02-13 07:30:00,176561.16261244088,176559.83946922285
2025-02-13 11:30:00,176557.70644563757,176559.77458939306
2025-02-13 15:30:00,176565.0495740661,176559.9521212873
2025-02-13 19:30:00,176542.2186345153,176559.98650163712
2025-02-13 23:30:00,176534.76798505097,176559.85988089326
2025-02-14 03:30:00,176545.15879310836,176559.7522349042
2025-02-14 07:30:00,176550.91497135235,176559.6811004265
2025-02-14 11:30:00,176558.19501571002,176559.5873946707
2025-02-14 15:30:00,176567.6612593473,176559.6231547648
2025-02-14 19:30:00,176540.5034677859,176559.46804230998
2025-02-14 23:30:00,176552.74003008666,176559.4842658695
2025-02-15 03:30:00,176570.8911243303,176559.51726291262
2025-02-15 07:30:00,176556.61179455687,176559.47157245796
2025-02-15 11:30:00,176555.02740413536,176559.3568097679
2025-02-15 15:30:00,176565.75776752227,176559.57577751135
2025-02-15 19:30:00,176555.76353390946,176559.66552277887
2025-02-15 23:30:00,176551.0876094972,176559.59300304775
2025-02-16 03:30:00,176547.04846008297,176559.49699117514
2025-02-16 07:30:00,176558.4907073331,176559.4816172704
2025-02-16 11:30:00,176564.41590519075,176559.49236356086
2025-02-16 15:30:00,176568.95749302424,176559.4894582455
2025-02-16 19:30:00,176557.1390867018,176559.5579748691
2025-02-16 23:30:00,176567.22302943547,176559.72178745532
2025-02-17 03:30:00,176582.15017536393,176559.8793731354
2025-02-17 07:30:00,176577.66457234728,176559.9769764993
2025-02-17 11:30:00,176566.03066462086,176560.0091975521
2025-02-17 15:30:00,176566.80778994565,176560.10761036532
2025-02-17 19:30:00,176549.3496169472,176560.1378051028
2025-02-17 23:30:00,176560.05645580986,176560.09454483565
2025-02-18 03:30:00,176562.0966582786,176560.10804684262
2025-02-18 07:30:00,176561.83686655018,176560.13451629292
2025-02-18 11:30:00,176552.7829901495,176560.1343068776
2025-02-18 15:30:00,176553.04310185707,176559.98684173246
2025-02-18 19:30:00,176558.67271212247,176559.91965200202
2025-02-18 23:30:00,176539.48980806285,176559.92811995867
2025-02-19 03:30:00,176567.26356372406,176559.93496585893
2025-02-19 07:30:00,176561.46806971572,176559.87794253667
2025-02-19 11:30:00,176542.57768562378,176559.7091867682
2025-02-19 15:30:00,176552.10688969062,176559.75284042812
2025-02-19 19:30:00,176571.07027615447,176559.736382316
2025-02-19 23:30:00,176553.21650505744,176559.6429169111
2025-02-20 03:30:00,176556.91554963327,176559.5060103565
2025-02-20 07:30:00,176576.28145957683,176559.62199768028
2025-02-20 11:30:00,176572.28564253345,176559.74742560813
2025-02-20 15:30:00,176568.67854833975,176559.71079029763
2025-02-20 19:30:00,176566.55909319964,176559.6430880173
2025-02-20 23:30:00,176554.59833107263,176559.66396587674
2025-02-21 03:30:00,176572.9310689981,176559.68456246468
2025-02-21 07:30:00,176572.97769096648,176559.6453892706
2025-02-21 11:30:00,176543.49370080122,176559.55501860703
2025-02-21 15:30:00,176535.2928147428,176559.52338437331
2025-02-21 19:30:00,176557.80275723254,176559.43484569073
2025-02-21 23:30:00,176561.6263802483,176559.35679959445
2025-02-22 03:30:00,176558.7053328114,176559.2576989492
2025-02-22 07:30:00,176585.4069637831,176559.40552127114
2025-02-22 11:30:00,176588.10102938075,176559.65201807802
2025-02-22 15:30:00,176561.35914659133,176559.74936371818
2025-02-22 19:30:00,176560.6257850235,176559.6946391719
2025-02-22 23:30:00,176553.3085212112,176559.7108525075
2025-02-23 03:30:00,176569.2266114302,176559.77023295505
2025-02-23 07:30:00,176568.38106950087,176559.81701034761
2025-02-23 11:30:00,176569.381169212,176559.79131488214
2025-02-23 15:30:00,176533.82027743995,176559.80144540453
2025-02-23 19:30:00,176553.22668882506,176559.85463400342
2025-02-23 23:30:00,176552.6307482818,176559.7929934545
2025-02-24 03:30:00,176533.59687022306,176559.63128537868
2025-02-24 07:30:00,176558.94740082588,176559.58135426382
2025-02-24 11:30:00,176569.22928083153,176559.6556176787
2025-02-24 15:30:00,176551.87352115175,176559.5698471417
2025-02-24 19:30:00,176546.94121455727,176559.4390067312
2025-02-24 23:30:00,176569.86552694975,176559.5159920024
2025-02-25 03:30:00,176564.85051194846,176559.54294087645
2025-02-25 07:30:00,176571.42467584592,176559.5791720183
2025-02-25 11:30:00,176576.04847161288,176559.59939995318
2025-02-25 15:30:00,176554.7029856116,176559.6461727333
2025-02-25 19:30:00,176534.25604247014,176559.5736631651
2025-02-25 23:30:00,176579.17909322606,176559.63178551802
2025-02-26 03:30:00,176559.36081735598,176559.63597350338
2025-02-26 07:30:00,176558.6907373075,176559.67677445733
2025-02-26 11:30:00,176573.30438226982,176559.7864245586
2025-02-26 15:30:00,176582.55975414455,176559.9078999719
2025-02-26 19:30:00,176555.32042414608,176559.8337147401
2025-02-26 23:30:00,176566.2382003633,176559.91571462172
2025-02-27 03:30:00,176568.3378601711,176559.96008841821
2025-02-27 07:30:00,176558.01460418513,176559.99738052938
2025-02-27 11:30:00,176561.78008256198,176559.91223601648
2025-02-27 15:30:00,176561.18010044558,176560.0334290265
2025-02-27 19:30:00,176538.27773897862,176560.02042448468
2025-02-27 23:30:00,176577.34573856404,176560.02208192978
2025-02-28 03:30:00,176582.63431550463,176560.1501537269
2025-02-28 07:30:00,176546.35074106065,176560.0895612215
2025-02-28 11:30:00,176568.21694005147,176560.1514353247
2025-02-28 15:30:00,176585.90412271884,176560.21677923403
2025-02-28 19:30:00,176550.35139012994,176560.07720636614
2025-02-28 23:30:00,176564.0978510299,176560.15026759036
2025-03-01 03:30:00,176567.26824411115,176560.08325097416
2025-03-01 07:30:00,176554.5958952353,176559.99929030697
2025-03-01 11:30:00,176577.1716819482,176559.98589567468
2025-03-01 15:30:00,176577.65185822235,176560.11434403376
2025-03-01 19:30:00,176548.2422115207,176560.17595548916
2025-03-01 23:30:00,176540.54522262164,176560.19404481055
2025-03-02 03:30:00,176577.80538905723,176560.26997627533
2025-03-02 07:30:00,176541.93728934697,176560.1581821746
2025-03-02 11:30:00,176552.41310473278,176560.108448322
2025-03-02 15:30:00,176578.8744728684,176560.14232425363
2025-03-02 19:30:00,176542.0958120274,176560.1034459083
2025-03-02 23:30:00,176529.60998658993,176559.96540792022
2025-03-03 03:30:00,176576.84701071223,176560.00479227517
2025-03-03 07:30:00,176562.41474545008,176560.0282000051
2025-03-03 11:30:00,176557.20811354736,176560.04161548175
2025-03-03 15:30:00,176560.73909474534,176560.01857918833
2025-03-03 19:30:00,176550.27138159183,176560.01095333754
2025-03-03 23:30:00,176557.99598421744,176560.05365399676
2025-03-04 03:30:00,176577.40863405078,176560.03431082077
2025-03-04 07:30:00,176573.17540418715,176560.09300348302
2025-03-04 11:30:00,176557.1221096532,176560.09385216096
2025-03-04 15:30:00,176575.21534860058,176560.08944288938
2025-03-04 19:30:00,176559.8113103227,176560.12588492624
2025-03-04 23:30:00,176544.39148028457,176560.05633322755
2025-03-05 03:30:00,176582.51497326652,176560.14469249806
2025-03-05 07:30:00,176591.10885101956,176560.28675692467
2025-03-05 11:30:00,176550.26258309023,176560.2258513818
2025-03-05 15:30:00,176557.1942971795,176560.14459721925
2025-03-05 19:30:00,176553.619371653,176560.20078037132
2025-03-05 23:30:00,176554.9564399848,176560.15280704977
2025-03-06 03:30:00,176573.54494258642,176560.1033237784
2025-03-06 07:30:00,176561.54903644763,176560.09606412455
2025-03-06 11:30:00,176542.97876377692,176560.12962464718
2025-03-06 15:30:00,176543.7130542806,176559.99825353737
2025-03-06 19:30:00,176546.77368506513,176559.9408450985
2025-03-06 23:30:00,176537.52753275464,176559.85091161862
2025-03-07 03:30:00,176576.7127467804,176559.94104804393
2025-03-07 07:30:00,176577.0738480541,176559.9590601271
2025-03-07 11:30:00,176545.5586141446,176559.8187158504
2025-03-07 15:30:00,176535.57794229436,176559.6828442858
2025-03-07 19:30:00,176551.1359551305,176559.72116259663
2025-03-07 23:30:00,176579.79136021016,176559.80045686133
2025-03-08 03:30:00,176576.3729137108,176559.85053478752
2025-03-08 07:30:00,176586.24587292568,176560.02301236562
2025-03-08 11:30:00,176565.84976234022,176560.20886484405
2025-03-08 15:30:00,176559.21150668286,176560.18193331087
2025-03-08 19:30:00,176559.44500906108,176560.11054835838
2025-03-08 23:30:00,176563.0236974976,176560.05492828277
2025-03-09 03:30:00,176570.80867815574,176560.0996023214
2025-03-09 07:30:00,176580.21407618493,176560.17757294537
2025-03-09 11:30:00,176575.53048333278,176560.20705885036
2025-03-09 15:30:00,176537.0210840818,176560.11301671123
2025-03-09 19:30:00,176551.351007659,176560.20029154661
2025-03-09 23:30:00,176596.64228764674,176560.39290385332
2025-03-10 03:30:00,176578.4770952707,176560.38986578726
2025-03-10 07:30:00,176578.5490916735,176560.38273579616
2025-03-10 11:30:00,176592.05973428048,176560.66179265955
2025-03-10 15:30:00,176544.42070459318,176560.6130857598
2025-03-10 19:30:00,176560.57303684927,176560.6526033164
2025-03-10 23:30:00,176567.09307509515,176560.778255346
2025-03-11 03:30:00,176560.31118749015,176560.79284675763
2025-03-11 07:30:00,176583.3461603742,176560.87014407653
2025-03-11 11:30:00,176585.24714801423,176561.03449679166
2025-03-11 15:30:00,176548.38944547452,176560.994400687
2025-03-11 19:30:00,176536.77230178207,176560.9275269372
2025-03-11 23:30:00,176570.6329149883,176561.00706319392
2025-03-12 03:30:00,176583.2798038851,176561.15060567023
2025-03-12 07:30:00,176557.01966278505,176561.0767175393
2025-03-12 11:30:00,176573.11687381804,176561.1268545147
2025-03-12 15:30:00,176560.1871680469,176561.0929806876
2025-03-12 19:30:00,176550.40688114325,176561.08296416252
2025-03-12 23:30:00,176579.8494431895,176561.24117684396
2025-03-13 03:30:00,176570.63883144673,176561.1974225588
2025-03-13 07:30:00,176563.7760144229,176561.16275093204
2025-03-13 11:30:00,176582.6644191338,176561.1851393546
2025-03-13 15:30:00,176541.1514059222,176561.13270642955
2025-03-13 19:30:00,176520.10834803857,176561.05278173555
2025-03-13 23:30:00,176565.40175494723,176561.15300200856
2025-03-14 03:30:00,176570.28983715235,176561.27483732588
2025-03-14 07:30:00,176555.7546372479,176561.2435281933
2025-03-14 11:30:00,176567.61358421706,176561.23164739943
2025-03-14 15:30:00,176563.3648948309,176561.252329445
2025-03-14 19:30:00,176548.95014749657,176561.26593563848
2025-03-14 23:30:00,176557.61984307045,176561.3047937453
2025-03-15 03:30:00,176555.13528090902,176561.28332096752
2025-03-15 07:30:00,176543.67273575315,176561.18615498592
2025-03-15 11:30:00,176564.98005225457,176561.22656391156
2025-03-15 15:30:00,176575.8341449889,176561.2864781945
2025-03-15 19:30:00,176554.89138029458,176561.3568823377
2025-03-15 23:30:00,176580.74282601848,176561.61229812086
2025-03-16 03:30:00,176573.69293562157,176561.77082113482
2025-03-16 07:30:00,176548.04649571894,176561.75488515908
2025-03-16 11:30:00,176564.61845242832,176561.79057091862
2025-03-16 15:30:00,176572.5806229448,176561.81790071639
2025-03-16 19:30:00,176548.6943564028,176561.86340565313
2025-03-16 23:30:00,176561.61773185528,176561.91272621855
2025-03-17 03:30:00,176566.8230523753,176561.89012581875
2025-03-17 07:30:00,176567.17611372212,176561.9488164808
2025-03-17 11:30:00,176573.42094071588,176562.0510027951
2025-03-17 15:30:00,176568.3659934662,176562.06549293926
2025-03-17 19:30:00,176554.3157512068,176562.05744970206
2025-03-17 23:30:00,176550.39209864585,176562.05358575284
2025-03-18 03:30:00,176579.5992258756,176562.2344233406
2025-03-18 07:30:00,176553.80649670586,176562.20839994823
2025-03-18 11:30:00,176551.78791842863,176562.1382444662
2025-03-18 15:30:00,176574.1412221945,176562.16704296158
2025-03-18 19:30:00,176553.2605738242,176562.14549566785
2025-03-18 23:30:00,176564.8198776632,176562.13214482466
2025-03-19 03:30:00,176574.1911780844,176562.08792817313
2025-03-19 07:30:00,176574.61541409823,176562.07098840506
2025-03-19 11:30:00,176554.80654624416,176562.00863219186
2025-03-19 15:30:00,176563.23019236216,176561.98875664972
2025-03-19 19:30:00,176560.7288029869,176562.05197434995
2025-03-19 23:30:00,176547.05842331034,176561.97976305828
2025-03-20 03:30:00,176575.08330867987,176562.05191111605
2025-03-20 07:30:00,176576.06666114405,176562.1309655305
2025-03-20 11:30:00,176553.51811201003,176562.1350495408
2025-03-20 15:30:00,176567.6190666956,176562.21602712324
2025-03-20 19:30:00,176568.66671258357,176562.27154934805
2025-03-20 23:30:00,176574.33322686696,176562.46512389695
2025-03-21 03:30:00,176580.20588419522,176562.53702567736
2025-03-21 07:30:00,176578.40411182286,176562.63111480014
2025-03-21 11:30:00,176559.50069224738,176562.72513150363
2025-03-21 15:30:00,176561.25632330644,176562.77596169038
2025-03-21 19:30:00,176556.13940370703,176562.693012399
2025-03-21 23:30:00,176552.89031843064,176562.69120025108
2025-03-22 03:30:00,176562.49464416795,176562.7221952207
2025-03-22 07:30:00,176580.3868042519,176562.74500269117
2025-03-22 11:30:00,176558.8073864959,176562.6701234909
2025-03-22 15:30:00,176561.59656229743,176562.63077912404
2025-03-22 19:30:00,176572.2498488852,176562.66239443337
2025-03-22 23:30:00,176573.38213394492,176562.7667488938
2025-03-23 03:30:00,176580.168453357,176562.80695658465
2025-03-23 07:30:00,176573.93722658438,176562.81228733814
2025-03-23 11:30:00,176564.79698724352,176562.93063892948
2025-03-23 15:30:00,176562.40893044285,176563.0812840167
2025-03-23 19:30:00,176562.7176569887,176563.10858901532
2025-03-23 23:30:00,176559.01763634334,176563.09409599364
2025-03-24 03:30:00,176575.57424865162,176563.18781219274
2025-03-24 07:30:00,176588.03912215802,176563.20243529484
2025-03-24 11:30:00,176555.3916279713,176563.02071639808
2025-03-24 15:30:00,176539.0616400271,176562.89684136165
2025-03-24 19:30:00,176554.6991362779,176562.86391553527
2025-03-24 23:30:00,176563.13771661682,176562.91852217645
2025-03-25 03:30:00,176557.83587247055,176562.8552402933
2025-03-25 07:30:00,176566.95729718255,176562.8473304471
2025-03-25 11:30:00,176567.2415484257,176562.83544366492
2025-03-25 15:30:00,176542.5827564646,176562.88412410396
2025-03-25 19:30:00,176553.2537513885,176562.88427445153
2025-03-25 23:30:00,176558.07927294984,176562.914544033
2025-03-26 03:30:00,176563.52905133614,176563.0808339281
2025-03-26 07:30:00,176581.4062886884,176563.20560552733
2025-03-26 11:30:00,176577.713683642,176563.2527410985
2025-03-26 15:30:00,176552.02981146978,176563.25360937804
2025-03-26 19:30:00,176554.5865173984,176563.29608328274
2025-03-26 23:30:00,176567.80950861488,176563.28466095866
2025-03-27 03:30:00,176556.67346858513,176563.23923293996
2025-03-27 07:30:00,176540.0532666033,176563.06494733304
2025-03-27 11:30:00,176563.8505615395,176562.99718116596
2025-03-27 15:30:00,176559.61987772994,176563.0244972333
2025-03-27 19:30:00,176544.64638040148,176563.0822213329
2025-03-27 23:30:00,176567.58977673014,176563.01783624128
2025-03-28 03:30:00,176567.89680383136,176563.06525838835
2025-03-28 07:30:00,176551.70392157283,176563.0264427454
2025-03-28 11:30:00,176560.7984554126,176562.95696537395
2025-03-28 15:30:00,176556.93514390284,176562.81460642818
2025-03-28 19:30:00,176547.85194543842,176562.7731148798
2025-03-28 23:30:00,176551.16147395686,176562.68935528866
2025-03-29 03:30:00,176558.54135798285,176562.6349302765
2025-03-29 07:30:00,176551.73837429422,176562.60006233267
2025-03-29 11:30:00,176563.52052815884,176562.6097314749
2025-03-29 15:30:00,176557.0804910133,176562.58695586692
2025-03-29 19:30:00,176544.54057606586,176562.62174940624
2025-03-29 23:30:00,176563.26079925374,176562.54349974348
2025-03-30 03:30:00,176565.2182768724,176562.44674397327
2025-03-30 07:30:00,176553.30876925998,176562.48539968548
2025-03-30 11:30:00,176553.15787940702,176562.40173823747
2025-03-30 15:30:00,176569.28663771314,176562.3094188763
2025-03-30 19:30:00,176554.3316132168,176562.33153122678
2025-03-30 23:30:00,176565.0197383902,176562.3366528233
2025-03-31 03:30:00,176566.7449102803,176562.33374541308
2025-03-31 07:30:00,176556.45017519672,176562.34404696844
2025-03-31 11:30:00,176555.68899296835,176562.22469869634
2025-03-31 15:30:00,176574.43068452927,176562.20680328688
2025-03-31 19:30:00,176563.08186818555,176562.28924582395
2025-03-31 23:30:00,176577.88010249508,176562.49666182324
2025-04-01 03:30:00,176574.2893126992,176562.4771280657
2025-04-01 07:30:00,176558.17216523277,176562.5673218206
2025-04-01 11:30:00,176557.3156165189,176562.59455799716
2025-04-01 15:30:00,176567.3587642054,176562.53058183796
2025-04-01 19:30:00,176552.55514379556,176562.58868923667
2025-04-01 23:30:00,176551.1685259577,176562.7084588998
2025-04-02 03:30:00,176567.33246019998,176562.65560028586
2025-04-02 07:30:00,176557.0157673357,176562.62560596303
2025-04-02 11:30:00,176549.2418933546,176562.58134918415
2025-04-02 15:30:00,176557.86172067793,176562.56536377268
2025-04-02 19:30:00,176552.94006115265,176562.58018977026
2025-04-02 23:30:00,176567.7751300254,176562.63451835804
2025-04-03 03:30:00,176558.5035411662,176562.52949006425
2025-04-03 07:30:00,176551.7603541129,176562.41051756384
2025-04-03 11:30:00,176557.7868518241,176562.41421057587
2025-04-03 15:30:00,176557.84879646703,176562.31772973074
2025-04-03 19:30:00,176557.38901441047,176562.3042725312
2025-04-03 23:30:00,176553.23961108128,176562.3534288134
2025-04-04 03:30:00,176567.25547216344,176562.26865380726
2025-04-04 07:30:00,176570.46170093387,176562.15394741792
2025-04-04 11:30:00,176563.61026874415,176562.22810122708
2025-04-04 15:30:00,176563.50937470517,176562.2631849911
2025-04-04 19:30:00,176552.6602730413,176562.25785666553
2025-04-04 23:30:00,176553.14900661714,176562.24781536902
2025-04-05 03:30:00,176571.21111041534,176562.23484963473
2025-04-05 07:30:00,176569.62546057435,176562.27971865766
2025-04-05 11:30:00,176557.07124589707,176562.358010225
2025-04-05 15:30:00,176565.72770889782,176562.48031386174
2025-04-05 19:30:00,176562.8860163249,176562.56982681318
2025-04-05 23:30:00,176553.66034864468,176562.65945356817
2025-04-06 03:30:00,176572.4843504247,176562.6359624773
2025-04-06 07:30:00,176573.3862338784,176562.61547573184
2025-04-06 11:30:00,176565.45351691302,176562.72600296946
2025-04-06 15:30:00,176560.25990082795,176562.86312496132
2025-04-06 19:30:00,176558.91456932022,176562.9063394846
2025-04-06 23:30:00,176556.28815068095,176562.77576609832
2025-04-07 03:30:00,176568.8275033385,176562.73384715177
2025-04-07 07:30:00,176573.76297885098,176562.66449774028
2025-04-07 11:30:00,176559.4787736313,176562.62910335854
2025-04-07 15:30:00,176564.36293204737,176562.65772238837
2025-04-07 19:30:00,176567.60496379997,176562.70305547025
2025-04-07 23:30:00,176559.1164006133,176562.68134826535
2025-04-08 03:30:00,176563.82406400944,176562.6425448534
2025-04-08 07:30:00,176569.07718926354,176562.58067325942
2025-04-08 11:30:00,176566.19579452593,176562.52881387714
2025-04-08 15:30:00,176558.69839511107,176562.64924338288
2025-04-08 19:30:00,176562.68502705026,176562.71221015725
2025-04-08 23:30:00,176568.985548977,176562.55856160907
2025-04-09 03:30:00,176570.2264973599,176562.51272495402
2025-04-09 07:30:00,176577.84587273755,176562.50881818213
2025-04-09 11:30:00,176548.35910804695,176562.2660369253
2025-04-09 15:30:00,176559.07885625167,176562.34747110118
2025-04-09 19:30:00,176564.24921696537,176562.36789432407
2025-04-09 23:30:00,176562.84632020176,176562.34430124133
2025-04-10 03:30:00,176564.8270423699,176562.369389324
2025-04-10 07:30:00,176564.38021934417,176562.26402298495
2025-04-10 11:30:00,176570.212390382,176562.18049655366
2025-04-10 15:30:00,176553.5094691718,176562.20894112973
2025-04-10 19:30:00,176551.74172721786,176562.2921046044
2025-04-10 23:30:00,176573.5125016493,176562.30810230804
2025-04-11 03:30:00,176573.6959578314,176562.25485871884
2025-04-11 07:30:00,176560.25022894042,176562.2728063086
2025-04-11 11:30:00,176563.78022072246,176562.22093601365
2025-04-11 15:30:00,176564.48639558445,176562.24482061106
2025-04-11 19:30:00,176575.055574688,176562.3817577974
2025-04-11 23:30:00,176572.2320934491,176562.33943918778
2025-04-12 03:30:00,176550.10957027285,176562.2253877368
2025-04-12 07:30:00,176559.08485628152,176562.19932574715
2025-04-12 11:30:00,176569.79135770397,176562.12780873917
2025-04-12 15:30:00,176560.05866559263,176562.2328490707
2025-04-12 19:30:00,176562.87537914072,176562.47044368793
2025-04-12 23:30:00,176577.37757474373,176562.53697602014
2025-04-13 03:30:00,176562.7787123794,176562.49524754914
2025-04-13 07:30:00,176543.84628056153,176562.42909001198
2025-04-13 11:30:00,176560.0824197149,176562.38725020923
2025-04-13 15:30:00,176551.04418263715,176562.31880180817
2025-04-13 19:30:00,176565.55103798807,176562.4110289775
2025-04-13 23:30:00,176564.23794086554,176562.4477961875
2025-04-14 03:30:00,176554.71309366933,176562.44545070283
2025-04-14 07:30:00,176539.61451039655,176562.42290500642
2025-04-14 11:30:00,176549.29536562646,176562.33576785852
2025-04-14 15:30:00,176558.5030847718,176562.23948419062
2025-04-14 19:30:00,176549.03429823733,176562.20694484585
2025-04-14 23:30:00,176557.77090868592,176562.0793230829
2025-04-15 03:30:00,176566.42773167274,176562.03896083872
2025-04-15 07:30:00,176552.07937859357,176562.0613657436
2025-04-15 11:30:00,176550.6029687117,176561.9835019452
2025-04-15 15:30:00,176555.37671708208,176561.88792469038
2025-04-15 19:30:00,176552.29636870464,176561.90793586982
2025-04-15 23:30:00,176572.73150366452,176561.96967904654
2025-04-16 03:30:00,176557.30250009487,176561.91678708946
2025-04-16 07:30:00,176554.32729683744,176561.84540477343
2025-04-16 11:30:00,176558.0223528205,176561.75985706292
2025-04-16 15:30:00,176551.9314813995,176561.66855421808
2025-04-16 19:30:00,176541.18618695953,176561.59561219448
2025-04-16 23:30:00,176554.0542447439,176561.61595745056
2025-04-17 03:30:00,176565.98095500498,176561.5403003902
2025-04-17 07:30:00,176554.84070766537,176561.5460460066
2025-04-17 11:30:00,176554.24834583333,176561.55971504777
2025-04-17 15:30:00,176552.69976791478,176561.44059585733
2025-04-17 19:30:00,176548.7235986687,176561.4153904398
2025-04-17 23:30:00,176562.81167160693,176561.40423373948
2025-04-18 03:30:00,176567.8207323919,176561.36884237453
2025-04-18 07:30:00,176563.29399296542,176561.30594559043
2025-04-18 11:30:00,176562.89215205822,176561.35086562275
2025-04-18 15:30:00,176559.69861397773,176561.33124574283
2025-04-18 19:30:00,176551.51128956102,176561.28003733492
2025-04-18 23:30:00,176566.889261467,176561.39020865798
2025-04-19 03:30:00,176581.45878648543,176561.42562797913
2025-04-19 07:30:00,176577.72889655826,176561.43486262034
2025-04-19 11:30:00,176551.67943037086,176561.42464772234
2025-04-19 15:30:00,176556.76267323294,176561.3643344253
2025-04-19 19:30:00,176552.2799826586,176561.27329703682
2025-04-19 23:30:00,176569.1911419903,176561.24472989864
2025-04-20 03:30:00,176574.3127741571,176561.2119903984
2025-04-20 07:30:00,176569.8110487731,176561.1642511593
2025-04-20 11:30:00,176560.81533978437,176561.17155475667
2025-04-20 15:30:00,176559.84895149604,176561.1637360244
2025-04-20 19:30:00,176541.0029798497,176561.07964478078
2025-04-20 23:30:00,176547.15002208494,176561.0477542455
2025-04-21 03:30:00,176570.7133047909,176561.0934134712
2025-04-21 07:30:00,176568.0520783307,176561.02488721604
2025-04-21 11:30:00,176556.09283360382,176561.00980636667
2025-04-21 15:30:00,176540.50522248857,176560.8926322566
2025-04-21 19:30:00,176554.62504136295,176560.79471665926
2025-04-21 23:30:00,176560.54207090387,176560.72338297573
2025-04-22 03:30:00,176568.7717146608,176560.66006776076
2025-04-22 07:30:00,176559.63470716268,176560.5806093195
2025-04-22 11:30:00,176562.76825925193,176560.56933860845
2025-04-22 15:30:00,176547.57087623517,176560.48690497395
2025-04-22 19:30:00,176553.44367413735,176560.43538284698
2025-04-22 23:30:00,176564.15802518738,176560.46394056283
2025-04-23 03:30:00,176571.5974552764,176560.44184726628
2025-04-23 07:30:00,176574.2713156134,176560.36535945215
2025-04-23 11:30:00,176572.27405911352,176560.45915073625
2025-04-23 15:30:00,176560.49858182165,176560.57824485734
2025-04-23 19:30:00,176558.75910150853,176560.60080021972
2025-04-23 23:30:00,176560.14935163024,176560.58419819202
2025-04-24 03:30:00,176560.36067267598,176560.59822485986
2025-04-24 07:30:00,176562.73409660222,176560.57476263438
2025-04-24 11:30:00,176562.29020490308,176560.5472551704
2025-04-24 15:30:00,176560.10128230252,176560.6445803139
2025-04-24 19:30:00,176546.25104498977,176560.6056763895
2025-04-24 23:30:00,176562.68485461117,176560.63126295427
2025-04-25 03:30:00,176555.09006519947,176560.58437969798
2025-04-25 07:30:00,176555.19762388823,176560.43877600462
2025-04-25 11:30:00,176563.31241212264,176560.3587689406
2025-04-25 15:30:00,176554.3928207326,176560.37189676988
2025-04-25 19:30:00,176558.51361276238,176560.39371396633
2025-04-25 23:30:00,176567.5564891127,176560.39230830243
2025-04-26 03:30:00,176559.44413148242,176560.40770087406
2025-04-26 07:30:00,176550.82368951122,176560.4675365569
2025-04-26 11:30:00,176560.92646710481,176560.45129158784
2025-04-26 15:30:00,176552.8410464191,176560.41363141386
2025-04-26 19:30:00,176545.2439297026,176560.4169511322
2025-04-26 23:30:00,176564.4973491718,176560.3997709791
2025-04-27 03:30:00,176562.43591548444,176560.36943271052
2025-04-27 07:30:00,176553.53368606284,176560.37959806877
2025-04-27 11:30:00,176556.11668320175,176560.3535882232
2025-04-27 15:30:00,176556.48842950692,176560.3511064765
2025-04-27 19:30:00,176571.8266103705,176560.48429905946
2025-04-27 23:30:00,176579.55813203525,176560.64205827104
2025-04-28 03:30:00,176566.44808995735,176560.6859845598
2025-04-28 07:30:00,176550.6717566871,176560.6800589064
2025-04-28 11:30:00,176556.59899226567,176560.6416059292
2025-04-28 15:30:00,176560.78014496862,176560.66215956231
2025-04-28 19:30:00,176541.50639579896,176560.6453030053
2025-04-28 23:30:00,176557.43013682766,176560.61291043623
2025-04-29 03:30:00,176570.8335747104,176560.64410653536
2025-04-29 07:30:00,176546.41668059718,176560.60581715388
2025-04-29 11:30:00,176549.46141053873,176560.58528121572
2025-04-29 15:30:00,176574.0300523564,176560.6116335193
2025-04-29 19:30:00,176576.3611644458,176560.734019915
2025-04-29 23:30:00,176569.8076717123,176560.76061954457
2025-04-30 03:30:00,176573.39435463317,176560.79756090208
2025-04-30 07:30:00,176561.8361948462,176560.82748323347
2025-04-30 11:30:00,176558.67747217647,176560.84408589575
2025-04-30 15:30:00,176562.17812584064,176560.77601612525
2025-04-30 19:30:00,176548.76382219658,176560.6964714253
2025-04-30 23:30:00,176559.10353000998,176560.59215713374
2025-05-01 03:30:00,176582.77860541633,176560.63931987103
2025-05-01 07:30:00,176566.33792462613,176560.68468520103
2025-05-01 11:30:00,176547.36867189896,176560.62942439757
2025-05-01 15:30:00,176561.37501506397,176560.5961813468
2025-05-01 19:30:00,176566.55853154272,176560.67397794538
2025-05-01 23:30:00,176562.39835925927,176560.73636590817
2025-05-02 03:30:00,176558.55392952115,176560.68759629328
2025-05-02 07:30:00,176566.75210575134,176560.74168706225
2025-05-02 11:30:00,176555.30608936082,176560.77537704006
2025-05-02 15:30:00,176547.58321705775,176560.7182742422
2025-05-02 19:30:00,176551.5047369232,176560.7103002187
2025-05-02 23:30:00,176564.4978285231,176560.69209298812
2025-05-03 03:30:00,176577.16361116522,176560.79576004366
2025-05-03 07:30:00,176572.73840601146,176560.91230477646
2025-05-03 11:30:00,176544.25876717563,176560.83714875064
2025-05-03 15:30:00,176554.28377990483,176560.81734310306
2025-05-03 19:30:00,176567.47241093245,176560.8733619726
2025-05-03 23:30:00,176573.79286039458,176560.98754669103
2025-05-04 03:30:00,176571.67664333616,176561.01210875312
2025-05-04 07:30:00,176579.17743781113,176561.06052951355
2025-05-04 11:30:00,176573.9946170999,176561.11822033772
2025-05-04 15:30:00,176557.55347317815,176561.08513199593
2025-05-04 19:30:00,176566.77730875698,176561.1635599721
2025-05-04 23:30:00,176568.30517318385,176561.24776089747
2025-05-05 03:30:00,176576.79060191655,176561.27875807247
2025-05-05 07:30:00,176582.08868364262,176561.34799820062
2025-05-05 11:30:00,176557.32779789425,176561.3494234895
2025-05-05 15:30:00,176550.6946895882,176561.2659067156
2025-05-05 19:30:00,176564.96187810082,176561.27743928097
2025-05-05 23:30:00,176559.3821062922,176561.30922682348
2025-05-06 03:30:00,176563.92221607818,176561.26165941043
2025-05-06 07:30:00,176569.10597136326,176561.23788017425
2025-05-06 11:30:00,176545.630621284,176561.12775297632
2025-05-06 15:30:00,176540.72082993705,176561.01920258245
2025-05-06 19:30:00,176541.1372508529,176560.9204397021
2025-05-06 23:30:00,176543.53917941535,176560.84961208396
2025-05-07 03:30:00,176566.68582026413,176560.83771384467
2025-05-07 07:30:00,176548.76854621767,176560.6988558856
2025-05-07 11:30:00,176542.78025717186,176560.6060863497
2025-05-07 15:30:00,176553.8779110718,176560.54783623316
2025-05-07 19:30:00,176559.48968659985,176560.50275135983
2025-05-07 23:30:00,176561.82766506085,176560.51781394007
2025-05-08 03:30:00,176556.50511803088,176560.47715312912
2025-05-08 07:30:00,176557.00505120424,176560.41008569545
2025-05-08 11:30:00,176562.61104786018,176560.39017043618
2025-05-08 15:30:00,176558.32320743735,176560.3880860602
2025-05-08 19:30:00,176548.2056072264,176560.30764483896
2025-05-08 23:30:00,176565.31889469599,176560.28727453743
2025-05-09 03:30:00,176538.31053046195,176560.10996361022
2025-05-09 07:30:00,176558.02970597753,176559.99987379488
2025-05-09 11:30:00,176559.17394347422,176560.0599562139
2025-05-09 15:30:00,176552.47653935768,176560.02327667558
2025-05-09 19:30:00,176557.15021124162,176559.98383775493
2025-05-09 23:30:00,176554.51723627883,176559.93756506644
2025-05-10 03:30:00,176555.64269575098,176559.88654091858
2025-05-10 07:30:00,176544.12420521368,176559.77400750673
2025-05-10 11:30:00,176552.93461618945,176559.67801987234
2025-05-10 15:30:00,176575.06088836933,176559.79774997898
2025-05-10 19:30:00,176559.6357990778,176559.84160593376
2025-05-10 23:30:00,176564.8818768986,176559.79365801846
2025-05-11 03:30:00,176558.2263125837,176559.70771554488
2025-05-11 07:30:00,176551.03520812024,176559.65652098478
2025-05-11 11:30:00,176556.64880768055,176559.61690202344
2025-05-11 15:30:00,176561.60793020582,176559.6009105491
2025-05-11 19:30:00,176562.0786753866,176559.52881666407
2025-05-11 23:30:00,176553.9048728792,176559.42699877202
2025-05-12 03:30:00,176569.63962111107,176559.53549905447
2025-05-12 07:30:00,176552.112487026,176559.4967636697
2025-05-12 11:30:00,176547.91480782046,176559.37522728147
2025-05-12 15:30:00,176563.520636236,176559.3944604517
2025-05-12 19:30:00,176576.85232737134,176559.4721101641
2025-05-12 23:30:00,176567.56224728792,176559.4175805671
2025-05-13 03:30:00,176570.5088111018,176559.46052556002
2025-05-13 07:30:00,176550.26200294675,176559.49616846218
2025-05-13 11:30:00,176548.29175123188,176559.4306647484
2025-05-13 15:30:00,176558.91510207462,176559.47439207858
2025-05-13 19:30:00,176573.65109894046,176559.51939241722
2025-05-13 23:30:00,176570.77185095806,176559.55569191775
2025-05-14 03:30:00,176573.64062576892,176559.66084487384
2025-05-14 07:30:00,176564.28704221186,176559.79791449502
2025-05-14 11:30:00,176548.6611865033,176559.79439127765
2025-05-14 15:30:00,176549.46149637888,176559.74416023106
2025-05-14 19:30:00,176555.75553572562,176559.78150043933
2025-05-14 23:30:00,176566.64319777212,176559.83079093424
2025-05-15 03:30:00,176576.61056000498,176559.88736220277
2025-05-15 07:30:00,176558.0961487402,176559.92078870357
2025-05-15 11:30:00,176544.35685302416,176559.88608806083
2025-05-15 15:30:00,176569.27344202495,176559.96329208833
2025-05-15 19:30:00,176570.97342605417,176560.06705351803
2025-05-15 23:30:00,176573.57513717486,176560.0717403709
2025-05-16 03:30:00,176575.77926945893,176560.17438908955
2025-05-16 07:30:00,176560.35683713766,176560.20788653565
2025-05-16 11:30:00,176550.63491624768,176560.16684522136
2025-05-16 15:30:00,176556.08578770413,176560.18992470086
2025-05-16 19:30:00,176570.16392202,176560.35091211786
2025-05-16 23:30:00,176566.14080740686,176560.4180596882
2025-05-17 03:30:00,176579.66695746774,176560.49409303523
2025-05-17 07:30:00,176556.7944603035,176560.50494721654
2025-05-17 11:30:00,176545.78845241343,176560.45794780864
2025-05-17 15:30:00,176548.9349799407,176560.4370323199
2025-05-17 19:30:00,176571.63412166602,176560.56431300324
2025-05-17 23:30:00,176573.2177562259,176560.62212458445
2025-05-18 03:30:00,176565.19482449428,176560.60753620722
2025-05-18 07:30:00,176556.26913276012,176560.56850920612
2025-05-18 11:30:00,176548.87044176692,176560.4906108156
2025-05-18 15:30:00,176554.53400776154,176560.46191855884
2025-05-18 19:30:00,176569.90349937795,176560.56409750224
2025-05-18 23:30:00,176571.37220809388,176560.58900276126
2025-05-19 03:30:00,176577.0149264491,176560.56431465
2025-05-19 07:30:00,176547.12527719422,176560.3942945424
2025-05-19 11:30:00,176551.23949606804,176560.39185046294
2025-05-19 15:30:00,176543.76323266796,176560.31963134868
2025-05-19 19:30:00,176557.9621635077,176560.3511990201
2025-05-19 23:30:00,176560.52917273322,176560.30307696867
2025-05-20 03:30:00,176560.9511370926,176560.22884565164
2025-05-20 07:30:00,176563.66365408042,176560.19469345888
2025-05-20 11:30:00,176556.95328490942,176560.1732375985
2025-05-20 15:30:00,176553.29605526174,176560.13683261944
2025-05-20 19:30:00,176559.85034737564,176560.24154021678
2025-05-20 23:30:00,176552.21540423887,176560.26968122873
2025-05-21 03:30:00,176575.03160212972,176560.29367176953
2025-05-21 07:30:00,176556.51406062196,176560.22957167114
2025-05-21 11:30:00,176560.6902780518,176560.25511302915
2025-05-21 15:30:00,176569.81567941926,176560.417948901
2025-05-21 19:30:00,176554.9319532424,176560.419653967
2025-05-21 23:30:00,176545.57358990717,176560.33649573923
2025-05-22 03:30:00,176556.8008130899,176560.2699907305
2025-05-22 07:30:00,176549.24605487604,176560.21227599558
2025-05-22 11:30:00,176546.75869293726,176560.1233339605
2025-05-22 15:30:00,176573.18280955625,176560.26562247897
2025-05-22 19:30:00,176560.34312544676,176560.30395276402
2025-05-22 23:30:00,176553.36815356778,176560.24400903276
2025-05-23 03:30:00,176565.2569156758,176560.2087838128
2025-05-23 07:30:00,176557.54216529886,176560.1158440888
2025-05-23 11:30:00,176541.70393529176,176559.9460100676
2025-05-23 15:30:00,176556.46982212624,176559.92362806926
2025-05-23 19:30:00,176559.80718774785,176559.9294507706
2025-05-23 23:30:00,176547.67651380933,176559.86015722714
2025-05-24 03:30:00,176555.86850517892,176559.83520074104
2025-05-24 07:30:00,176540.8322562103,176559.71352384996
2025-05-24 11:30:00,176554.58784085134,176559.6707329386
2025-05-24 15:30:00,176574.02134320853,176559.74806661028
2025-05-24 19:30:00,176578.01806885956,176559.92455007622
2025-05-24 23:30:00,176567.70183216094,176559.95242217375
2025-05-25 03:30:00,176547.7616928699,176559.91170899413
2025-05-25 07:30:00,176551.3725966485,176559.89045884283
2025-05-25 11:30:00,176552.5019783154,176559.8304008772
2025-05-25 15:30:00,176554.82619642658,176559.83280851995
2025-05-25 19:30:00,176571.6840018231,176559.90597734807
2025-05-25 23:30:00,176572.49066140607,176559.93338941634
2025-05-26 03:30:00,176562.30666613326,176559.94929238665
2025-05-26 07:30:00,176540.8221591651,176559.89372832913
2025-05-26 11:30:00,176551.55797258604,176559.84168113736
2025-05-26 15:30:00,176582.577217787,176560.00688208942
2025-05-26 19:30:00,176585.19317164252,176560.22882232242
2025-05-26 23:30:00,176581.27829778753,176560.32204981477
2025-05-27 03:30:00,176545.9249675421,176560.23032232618
2025-05-27 07:30:00,176547.53009916632,176560.19696906564
2025-05-27 11:30:00,176557.95944514908,176560.20720663204
2025-05-27 15:30:00,176553.46356153837,176560.19040180996
2025-05-27 19:30:00,176569.09191267198,176560.175209045
2025-05-27 23:30:00,176572.56403684197,176560.13635296057
2025-05-28 03:30:00,176564.83703770078,176560.12740267027
2025-05-28 07:30:00,176554.96514116257,176560.15125480623
2025-05-28 11:30:00,176546.10889120938,176560.092976467
2025-05-28 15:30:00,176559.76757871237,176560.08735109895
2025-05-28 19:30:00,176568.64001435754,176560.23809342427
2025-05-28 23:30:00,176581.467241981,176560.37163289732
2025-05-29 03:30:00,176548.97871998601,176560.2502170378
2025-05-29 07:30:00,176546.5837098087,176560.25114497784
2025-05-29 11:30:00,176547.07502374102,176560.2378872734
2025-05-29 15:30:00,176561.98993733045,176560.17099774547
2025-05-29 19:30:00,176565.32668197725,176560.10969506507
2025-05-29 23:30:00,176570.68292807956,176560.11455760046
2025-05-30 03:30:00,176567.25184576065,176560.08043255119
2025-05-30 07:30:00,176564.47651970852,176560.09510102266
2025-05-30 11:30:00,176540.4667934314,176559.99393058513
2025-05-30 15:30:00,176553.54586405295,176559.94597357523
2025-05-30 19:30:00,176568.08563495168,176560.0533169794
2025-05-30 23:30:00,176563.1355649096,176560.0757171733
2025-05-31 03:30:00,176576.28338534856,176560.0396326174
2025-05-31 07:30:00,176565.8412931583,176560.03687355365
2025-05-31 11:30:00,176545.76357987968,176560.0279563758
2025-05-31 15:30:00,176565.13814635502,176560.0488626607
2025-05-31 19:30:00,176568.67999159585,176560.0606485499
2025-05-31 23:30:00,176565.76601713226,176560.07935776032
2025-06-01 03:30:00,176574.15520744797,176560.1660315266
2025-06-01 07:30:00,176580.83001354386,176560.24424212542
2025-06-01 11:30:00,176557.2166934923,176560.2548565928
2025-06-01 15:30:00,176566.24827393482,176560.35855135325
2025-06-01 19:30:00,176564.00266309528,176560.4279842764
2025-06-01 23:30:00,176560.6344028262,176560.40652080034
2025-06-02 03:30:00,176570.09852186035,176560.36727030418
2025-06-02 07:30:00,176552.1900262761,176560.253112639
2025-06-02 11:30:00,176549.83877778135,176560.28411269793
2025-06-02 15:30:00,176565.10033699073,176560.34420468172
2025-06-02 19:30:00,176564.98785129073,176560.3304015726
2025-06-02 23:30:00,176570.87140136206,176560.31417124465
2025-06-03 03:30:00,176571.61926938957,176560.31385250052
2025-06-03 07:30:00,176563.90528406698,176560.2290072019
2025-06-03 11:30:00,176565.0244657618,176560.1791730278
2025-06-03 15:30:00,176557.8364616761,176560.18074518614
2025-06-03 19:30:00,176548.21012146515,176560.0775941456
2025-06-03 23:30:00,176567.8781699191,176560.07522190525
2025-06-04 03:30:00,176563.64489776647,176560.00219021554
2025-06-04 07:30:00,176549.21980074968,176559.81958531062
2025-06-04 11:30:00,176558.23116296946,176559.82460400547
2025-06-04 15:30:00,176565.19261505647,176559.90514803585
2025-06-04 19:30:00,176553.24457314695,176559.84005189722
2025-06-04 23:30:00,176573.48463504232,176559.91839927912
2025-06-05 03:30:00,176554.76709351703,176559.86753748715
2025-06-05 07:30:00,176553.65433048533,176559.78169503782
2025-06-05 11:30:00,176553.5015346546,176559.8254223343
2025-06-05 15:30:00,176568.89955845335,176559.98197082608
2025-06-05 19:30:00,176547.40329910797,176560.01678220526
2025-06-05 23:30:00,176565.37541608617,176560.13809463123
2025-06-06 03:30:00,176548.02749305946,176560.03443725785
2025-06-06 07:30:00,176551.513100629,176560.04968478237
2025-06-06 11:30:00,176548.53360003512,176560.08164779824
2025-06-06 15:30:00,176566.77804452286,176560.15331520635
2025-06-06 19:30:00,176563.7414881679,176560.17693632617
2025-06-06 23:30:00,176557.33959929142,176560.15200262744
2025-06-07 03:30:00,176545.26505983144,176560.08955785967
2025-06-07 07:30:00,176561.46341386254,176560.11432654108
2025-06-07 11:30:00,176562.1673559676,176560.11186158613
2025-06-07 15:30:00,176578.1877356423,176560.22222007616
2025-06-07 19:30:00,176567.85750976615,176560.33139731252
2025-06-07 23:30:00,176567.6626800158,176560.34441834205
2025-06-08 03:30:00,176563.26016927016,176560.48302744655
2025-06-08 07:30:00,176554.16990304395,176560.46158409695
2025-06-08 11:30:00,176557.08717285175,176560.4499909268
2025-06-08 15:30:00,176569.48141386523,176560.54446245186
2025-06-08 19:30:00,176564.59464012153,176560.58582039006
2025-06-08 23:30:00,176560.042403332,176560.61651576258
2025-06-09 03:30:00,176559.46714977166,176560.63776272934
2025-06-09 07:30:00,176542.88971391055,176560.63090444432
2025-06-09 11:30:00,176563.81051438893,176560.69132610102
2025-06-09 15:30:00,176563.55068583708,176560.62738053137
2025-06-09 19:30:00,176557.23288659466,176560.6140310176
2025-06-09 23:30:00,176563.26969829068,176560.6050744698
2025-06-10 03:30:00,176568.7854982621,176560.66373661242
2025-06-10 07:30:00,176549.5647166067,176560.6555672151
2025-06-10 11:30:00,176547.93772242113,176560.607172297
2025-06-10 15:30:00,176567.0478924897,176560.6373943097
2025-06-10 19:30:00,176568.32346137665,176560.6720875652
2025-06-10 23:30:00,176563.6173968452,176560.72604603166
2025-06-11 03:30:00,176566.2416144007,176560.70716821664
2025-06-11 07:30:00,176544.93150955936,176560.66727389733
2025-06-11 11:30:00,176552.90535239453,176560.694999145
2025-06-11 15:30:00,176562.6293076853,176560.69004731972
2025-06-11 19:30:00,176576.05135820492,176560.68559749104
2025-06-11 23:30:00,176565.34961406217,176560.67330508423
2025-06-12 03:30:00,176578.02784298634,176560.71507748356
2025-06-12 07:30:00,176556.1040537355,176560.74753332126
2025-06-12 11:30:00,176550.18181361238,176560.7580336678
2025-06-12 15:30:00,176565.02561052574,176560.791980937
2025-06-12 19:30:00,176572.9224096004,176560.7879326629
2025-06-12 23:30:00,176565.85714479449,176560.76062873975
2025-06-13 03:30:00,176572.7609024282,176560.75574138787
2025-06-13 07:30:00,176556.00634437278,176560.709737511
2025-06-13 11:30:00,176554.60444842582,176560.74275563276
2025-06-13 15:30:00,176567.29535921474,176560.84183264856
2025-06-13 19:30:00,176571.25370663757,176560.92793359802
2025-06-13 23:30:00,176577.25466649857,176560.98688620207
2025-06-14 03:30:00,176578.79893202934,176560.9990438244
2025-06-14 07:30:00,176558.24050179226,176560.99984578582
2025-06-14 11:30:00,176557.08493668225,176561.07055736173
2025-06-14 15:30:00,176561.72006653118,176561.02859416453
2025-06-14 19:30:00,176552.52123538256,176560.9260819941
2025-06-14 23:30:00,176560.83678052027,176560.85531334602
2025-06-15 03:30:00,176576.00013745402,176560.85654039046
2025-06-15 07:30:00,176570.7926877076,176560.91451733807
2025-06-15 11:30:00,176553.0271181232,176560.9278073485
2025-06-15 15:30:00,176563.92573381145,176560.97136260467
2025-06-15 19:30:00,176570.27071993894,176560.9719559264
2025-06-15 23:30:00,176572.77642112624,176561.00882044708
2025-06-16 03:30:00,176568.03019682344,176560.94417177685
2025-06-16 07:30:00,176566.98243336988,176561.0007716272
2025-06-16 11:30:00,176557.26988794177,176561.06455738016
2025-06-16 15:30:00,176561.34377418095,176561.13349512592
2025-06-16 19:30:00,176584.85239699716,176561.20692998887
2025-06-16 23:30:00,176576.17026989008,176561.22333284255
2025-06-17 03:30:00,176579.2284156388,176561.30129723783
2025-06-17 07:30:00,176579.1735096834,176561.42854377627
2025-06-17 11:30:00,176552.1816068345,176561.44693913776
2025-06-17 15:30:00,176562.50485001958,176561.49122159474
2025-06-17 19:30:00,176567.90771083956,176561.48013388066
2025-06-17 23:30:00,176571.3897857698,176561.48023153443
2025-06-18 03:30:00,176566.10302363004,176561.41960985205
2025-06-18 07:30:00,176552.88986056036,176561.4516353152
2025-06-18 11:30:00,176568.69728287158,176561.54862301965
2025-06-18 15:30:00,176558.034070647,176561.62790545292
2025-06-18 19:30:00,176573.34070371374,176561.71334178737
2025-06-18 23:30:00,176565.54370284936,176561.741200288
2025-06-19 03:30:00,176568.50055815274,176561.78314151615
2025-06-19 07:30:00,176561.87324006853,176561.77319477164
2025-06-19 11:30:00,176552.72661694497,176561.74971328292
2025-06-19 15:30:00,176560.3182758734,176561.78872561967
2025-06-19 19:30:00,176556.49995255537,176561.7701123151
2025-06-19 23:30:00,176566.5954143879,176561.8500012604
2025-06-20 03:30:00,176551.68834043382,176561.7203164732
2025-06-20 07:30:00,176559.10923969522,176561.73473413472
2025-06-20 11:30:00,176572.52998107782,176561.8005102626
2025-06-20 15:30:00,176569.66462166395,176561.79967105287
2025-06-20 19:30:00,176569.41120760777,176561.88011135493
2025-06-20 23:30:00,176576.50005258355,176562.05192503642
2025-06-21 03:30:00,176542.6655409678,176561.97339574687
2025-06-21 07:30:00,176532.24982008067,176561.87897222023
2025-06-21 11:30:00,176555.68051862487,176561.9285379185
2025-06-21 15:30:00,176564.63720728754,176561.88106235032
2025-06-21 19:30:00,176575.87507722402,176561.9673509713
2025-06-21 23:30:00,176577.50756465553,176562.1014588107
2025-06-22 03:30:00,176547.1834389827,176562.00105060684
2025-06-22 07:30:00,176550.70463169547,176561.96306430903
2025-06-22 11:30:00,176554.1151832043,176562.03201568633
2025-06-22 15:30:00,176568.97780741105,176562.10150449348
2025-06-22 19:30:00,176564.08245033174,176562.12525595224
2025-06-22 23:30:00,176578.9358310832,176562.298918826
2025-06-23 03:30:00,176552.56501641852,176562.28056611068
2025-06-23 07:30:00,176541.23042860333,176562.28277817953
2025-06-23 11:30:00,176546.62861167808,176562.2385602397
2025-06-23 15:30:00,176582.60389832463,176562.28624110145
2025-06-23 19:30:00,176582.98082256076,176562.31381195533
2025-06-23 23:30:00,176589.53581455475,176562.4351118575
2025-06-24 03:30:00,176559.54213588554,176562.50055876313
2025-06-24 07:30:00,176545.55080664696,176562.46821548534
2025-06-24 11:30:00,176552.94275057755,176562.47066422016
2025-06-24 15:30:00,176571.46119845792,176562.5630808981
2025-06-24 19:30:00,176576.6339901754,176562.5905808334
2025-06-24 23:30:00,176583.1104991728,176562.6495799321
2025-06-25 03:30:00,176566.84767253752,176562.67480774547
2025-06-25 07:30:00,176550.80385183002,176562.7302615936
2025-06-25 11:30:00,176543.15572842248,176562.68358245937
2025-06-25 15:30:00,176554.15515821145,176562.52568212838
2025-06-25 19:30:00,176577.65820894795,176562.48382122454
2025-06-25 23:30:00,176577.8226238544,176562.464623036
2025-06-26 03:30:00,176574.0753426681,176562.62101400897
2025-06-26 07:30:00,176551.27043270154,176562.6417936397
2025-06-26 11:30:00,176548.51135364512,176562.58930424243
2025-06-26 15:30:00,176566.76123310177,176562.66318019558
2025-06-26 19:30:00,176566.10994167734,176562.64661369004
2025-06-26 23:30:00,176573.24199563367,176562.65038012774
2025-06-27 03:30:00,176570.51078555934,176562.6819009492
2025-06-27 07:30:00,176563.4028960529,176562.7287773653
2025-06-27 11:30:00,176549.094902068,176562.74536631448
2025-06-27 15:30:00,176560.61427185874,176562.7500701653
2025-06-27 19:30:00,176569.88034077527,176562.7569608676
2025-06-27 23:30:00,176563.60731390415,176562.65773904498
2025-06-28 03:30:00,176581.7632172282,176562.83987514072
2025-06-28 07:30:00,176551.08668137758,176562.86489164946
2025-06-28 11:30:00,176547.7895238217,176562.86886109438
2025-06-28 15:30:00,176569.3330271828,176562.909656038
2025-06-28 19:30:00,176579.46238109304,176562.98818769975
2025-06-28 23:30:00,176579.88321598756,176563.03930041034
2025-06-29 03:30:00,176575.6203078075,176563.08579186618
2025-06-29 07:30:00,176565.45541105018,176563.09123015136
2025-06-29 11:30:00,176572.58454537837,176563.26966210664
2025-06-29 15:30:00,176561.66221397108,176563.31475293954
2025-06-29 19:30:00,176566.22192219133,176563.30439897976
2025-06-29 23:30:00,176574.3755354825,176563.36684326068
2025-06-30 03:30:00,176569.99172173155,176563.33188957395
2025-06-30 07:30:00,176554.69518014087,176563.26996672386
2025-06-30 11:30:00,176561.1647395496,176563.35552872202
2025-06-30 15:30:00,176562.71071453232,176563.34204298968
2025-06-30 19:30:00,176574.32654184004,176563.37341271323
2025-06-30 23:30:00,176576.51271103433,176563.43311656825
2025-07-01 03:30:00,176569.11796566084,176563.40513189166
2025-07-01 07:30:00,176562.41104500956,176563.3028042887
2025-07-01 11:30:00,176559.33839478603,176563.3145915181
2025-07-01 15:30:00,176567.90820556122,176563.32381336048
2025-07-01 19:30:00,176575.48268795354,176563.38759127638
2025-07-01 23:30:00,176565.15255604987,176563.41269212757
2025-07-02 03:30:00,176568.45293613803,176563.4035499847
2025-07-02 07:30:00,176558.91451220305,176563.44090823983
2025-07-02 11:30:00,176561.89661992624,176563.50789625174
2025-07-02 15:30:00,176568.24560525664,176563.52536996434
2025-07-02 19:30:00,176567.84198050134,176563.54122623775
2025-07-02 23:30:00,176567.0709651036,176563.52011270297
2025-07-03 03:30:00,176555.90470670545,176563.43280957695
2025-07-03 07:30:00,176561.11484398655,176563.41730713207
2025-07-03 11:30:00,176558.74379145,176563.38241449703
2025-07-03 15:30:00,176567.19020809335,176563.43437975485
2025-07-03 19:30:00,176564.09034746824,176563.52260323268
2025-07-03 23:30:00,176564.39372504983,176563.50324520562
2025-07-04 03:30:00,176553.18467428102,176563.44513285294
2025-07-04 07:30:00,176553.925002857,176563.4712728646
2025-07-04 11:30:00,176561.72870626475,176563.4907036607
2025-07-04 15:30:00,176570.734622603,176563.5214925915
2025-07-04 19:30:00,176575.7852004378,176563.64671829867
2025-07-04 23:30:00,176563.15760761494,176563.58934592412
2025-07-05 03:30:00,176544.8217771145,176563.5340941663
2025-07-05 07:30:00,176549.56766989065,176563.5113904963
2025-07-05 11:30:00,176565.23555696517,176563.57657950913
2025-07-05 15:30:00,176573.40619660707,176563.60161638778
2025-07-05 19:30:00,176575.46830497996,176563.75753308707
2025-07-05 23:30:00,176570.80165127458,176563.78767883813
2025-07-06 03:30:00,176555.01326394037,176563.82648867636
2025-07-06 07:30:00,176548.91451579038,176563.8120520939
2025-07-06 11:30:00,176556.34540193417,176563.85545099335
2025-07-06 15:30:00,176569.0034838004,176563.8678145449
2025-07-06 19:30:00,176571.87222458006,176563.91298530274
2025-07-06 23:30:00,176574.85475877576,176564.01029174434
2025-07-07 03:30:00,176551.36675606814,176564.04419005677
2025-07-07 07:30:00,176549.2459065669,176563.97631501625
2025-07-07 11:30:00,176547.5199042407,176563.8949402844
2025-07-07 15:30:00,176574.61271161513,176563.8750790398
2025-07-07 19:30:00,176576.04754713157,176563.9205792474
2025-07-07 23:30:00,176572.50134318514,176563.94746070943
2025-07-08 03:30:00,176557.67301149687,176563.91642094406
2025-07-08 07:30:00,176552.08700660005,176563.9048492971
2025-07-08 11:30:00,176545.3128306624,176563.83943628496
2025-07-08 15:30:00,176562.15397627387,176563.79872829834
2025-07-08 19:30:00,176574.11318112444,176563.85160908167
2025-07-08 23:30:00,176575.45613859303,176563.93724094424
2025-07-09 03:30:00,176553.67742450873,176563.90507580392
2025-07-09 07:30:00,176550.5237144029,176563.94748691778
2025-07-09 11:30:00,176555.1588734463,176563.89942224586
2025-07-09 15:30:00,176565.17043446904,176563.9084208494
2025-07-09 19:30:00,176577.1731924634,176564.01920032644
2025-07-09 23:30:00,176573.37240641838,176564.07532648268
2025-07-10 03:30:00,176557.48919838137,176564.01256926113
2025-07-10 07:30:00,176541.06460202,176563.9653464023
2025-07-10 11:30:00,176553.988887992,176563.99896398882
2025-07-10 15:30:00,176555.06825009917,176563.93241041998
2025-07-10 19:30:00,176570.0260847897,176563.94186943898
2025-07-10 23:30:00,176568.0859546331,176563.96669476
2025-07-11 03:30:00,176563.7163775417,176563.95266566632
2025-07-11 07:30:00,176545.06448179472,176563.95340440096
2025-07-11 11:30:00,176564.1480543001,176564.01586385598
2025-07-11 15:30:00,176560.58104679844,176564.00448462888
2025-07-11 19:30:00,176561.59327669485,176563.9241619538
2025-07-11 23:30:00,176571.99058651118,176563.96105624514
2025-07-12 03:30:00,176573.17530018854,176563.9340976741
2025-07-12 07:30:00,176558.54163313514,176563.94763978184
2025-07-12 11:30:00,176566.78900388972,176564.03990195005
2025-07-12 15:30:00,176561.56432349284,176564.02067257764
2025-07-12 19:30:00,176558.9037204923,176563.9427909715
2025-07-12 23:30:00,176571.22598118198,176563.9726178403
2025-07-13 03:30:00,176572.9368115702,176563.97359511335
2025-07-13 07:30:00,176568.1429972676,176564.04102096276
2025-07-13 11:30:00,176556.65295097907,176564.0524015325
2025-07-13 15:30:00,176566.4730066994,176564.0478329074
2025-07-13 19:30:00,176565.87596208492,176564.01795654878
2025-07-13 23:30:00,176564.75131683625,176563.94849349512
2025-07-14 03:30:00,176571.4161289219,176563.9074779223
2025-07-14 07:30:00,176562.92782480177,176563.93351860569
2025-07-14 11:30:00,176560.59425315287,176563.9530148083
2025-07-14 15:30:00,176577.67776546144,176564.0416686912
2025-07-14 19:30:00,176571.46011292108,176564.14688467755
2025-07-14 23:30:00,176567.6078789607,176564.1845018911
2025-07-15 03:30:00,176581.17142420332,176564.21323126194
2025-07-15 07:30:00,176567.9886997891,176564.1976535513
2025-07-15 11:30:00,176554.80827150182,176564.20754884783
2025-07-15 15:30:00,176572.33591283913,176564.25427206466
2025-07-15 19:30:00,176567.76158420206,176564.24033242164
2025-07-15 23:30:00,176567.18053544484,176564.2092441679
2025-07-16 03:30:00,176568.03763521998,176564.2092854923
2025-07-16 07:30:00,176562.9090867915,176564.1866557891
2025-07-16 11:30:00,176562.78156404124,176564.21727621186
2025-07-16 15:30:00,176572.8916862899,176564.28143127915
2025-07-16 19:30:00,176578.13026199068,176564.24408608465
2025-07-16 23:30:00,176571.78003696678,176564.21969590176
2025-07-17 03:30:00,176569.09176955622,176564.16338120127
2025-07-17 07:30:00,176574.21430355124,176564.1358300561
2025-07-17 11:30:00,176567.34826692872,176564.22008927885
2025-07-17 15:30:00,176571.5353404509,176564.27025867015
2025-07-17 19:30:00,176577.0428356384,176564.32100936348
2025-07-17 23:30:00,176573.19646568474,176564.3310464741
2025-07-18 03:30:00,176570.46364127914,176564.35527212772
2025-07-18 07:30:00,176566.6507777218,176564.4317216675
2025-07-18 11:30:00,176566.53910397302,176564.41973178473
2025-07-18 15:30:00,176568.7110198942,176564.47904816942
2025-07-18 19:30:00,176579.35821590788,176564.51247879275
2025-07-18 23:30:00,176569.54610708152,176564.5347143718
2025-07-19 03:30:00,176551.81353735,176564.44200870066
2025-07-19 07:30:00,176557.33528233974,176564.4167978244
2025-07-19 11:30:00,176563.46698320212,176564.47646652584
2025-07-19 15:30:00,176566.20776239285,176564.5091858954
2025-07-19 19:30:00,176565.79673648207,176564.56083469497
2025-07-19 23:30:00,176576.75885394023,176564.61729824805
2025-07-20 03:30:00,176563.3374949082,176564.68201577288
2025-07-20 07:30:00,176556.79978577903,176564.66918547338
2025-07-20 11:30:00,176560.57446826049,176564.60276595774
2025-07-20 15:30:00,176561.1983504851,176564.5557311178
2025-07-20 19:30:00,176576.73648017133,176564.59642707653
2025-07-20 23:30:00,176575.44579026525,176564.59057006365
2025-07-21 03:30:00,176559.52616782862,176564.68424021287
2025-07-21 07:30:00,176557.27317160246,176564.82325883242
2025-07-21 11:30:00,176566.1091629986,176564.8811957456
2025-07-21 15:30:00,176581.68324994599,176564.9758959826
2025-07-21 19:30:00,176578.93365126496,176564.9928880606
2025-07-21 23:30:00,176569.71739276568,176564.9496093279
2025-07-22 03:30:00,176568.67886926443,176565.069028385
2025-07-22 07:30:00,176556.23816826628,176565.09977025483
2025-07-22 11:30:00,176563.04701995323,176565.14939157013
2025-07-22 15:30:00,176567.8265962108,176565.14299595237
2025-07-22 19:30:00,176576.83598785487,176565.21384893858
2025-07-22 23:30:00,176580.7528335406,176565.22394339668
2025-07-23 03:30:00,176556.53035380383,176565.24597304882
2025-07-23 07:30:00,176558.6487109056,176565.34274128385
2025-07-23 11:30:00,176559.01880267082,176565.4115756782
2025-07-23 15:30:00,176577.1217865055,176565.38111950146
2025-07-23 19:30:00,176573.34127066346,176565.3275664354
2025-07-23 23:30:00,176586.5972895406,176565.3112412964
2025-07-24 03:30:00,176569.57871833886,176565.36700008783
2025-07-24 07:30:00,176559.1022634356,176565.44228595888
2025-07-24 11:30:00,176554.93201538868,176565.45333743005
2025-07-24 15:30:00,176560.09555489515,176565.39019496582
2025-07-24 19:30:00,176580.77957455235,176565.41322599014
2025-07-24 23:30:00,176575.18592132494,176565.36920055764
2025-07-25 03:30:00,176565.3514632417,176565.36088828376
2025-07-25 07:30:00,176550.5060125163,176565.35923362093
2025-07-25 11:30:00,176559.49621970917,176565.45001412806
2025-07-25 15:30:00,176563.74399838192,176565.50328546233
2025-07-25 19:30:00,176572.06501623767,176565.4722121695
2025-07-25 23:30:00,176576.0701130336,176565.46247599827
2025-07-26 03:30:00,176575.46338490193,176565.47018734404
2025-07-26 07:30:00,176562.42753143384,176565.53217122587
2025-07-26 11:30:00,176561.87757099734,176565.60642798894
2025-07-26 15:30:00,176563.46389301476,176565.5881094329
2025-07-26 19:30:00,176570.2801516317,176565.61127726597
2025-07-26 23:30:00,176581.13145263668,176565.65510758266
2025-07-27 03:30:00,176575.43364568366,176565.68245680557
2025-07-27 07:30:00,176556.63349453686,176565.64484901936
2025-07-27 11:30:00,176564.21471384668,176565.72884797372
2025-07-27 15:30:00,176566.98919752636,176565.76426422741
2025-07-27 19:30:00,176570.66280714248,176565.76861126279
2025-07-27 23:30:00,176567.01524123494,176565.78754419237
2025-07-28 03:30:00,176573.51444013038,176565.74171765297
2025-07-28 07:30:00,176566.8088918498,176565.82906326672
2025-07-28 11:30:00,176564.33382547324,176565.92097605363
2025-07-28 15:30:00,176570.06073366723,176565.92501886745
2025-07-28 19:30:00,176561.73958838213,176565.82655890795
2025-07-28 23:30:00,176564.01730144297,176565.73841493824
2025-07-29 03:30:00,176571.10428165767,176565.71332590407
2025-07-29 07:30:00,176558.27488194374,176565.67343407572
2025-07-29 11:30:00,176562.7605535936,176565.61885634356
2025-07-29 15:30:00,176571.87914705672,176565.67561708295
2025-07-29 19:30:00,176567.1529862509,176565.68078966104
2025-07-29 23:30:00,176563.4075730213,176565.61985653627
2025-07-30 03:30:00,176577.19909562127,176565.6598975023
2025-07-30 07:30:00,176567.69335505101,176565.73210958514
2025-07-30 11:30:00,176559.39829617343,176565.72229601085
2025-07-30 15:30:00,176576.62372428793,176565.7995905095
2025-07-30 19:30:00,176568.11033231774,176565.76505601214
2025-07-30 23:30:00,176562.39383128518,176565.6866177913
2025-07-31 03:30:00,176568.49025240942,176565.68313049548
2025-07-31 07:30:00,176570.71387730574,176565.72925734156
2025-07-31 11:30:00,176565.19439791143,176565.76179069228
2025-07-31 15:30:00,176568.6661828394,176565.76600167714
2025-07-31 19:30:00,176569.8918835609,176565.7349416527
2025-07-31 23:30:00,176559.0135355179,176565.70083598312
2025-08-01 03:30:00,176557.94338216644,176565.64244957216
2025-08-01 07:30:00,176562.87980106295,176565.6644789547
2025-08-01 11:30:00,176566.0029568845,176565.68729193782
2025-08-01 15:30:00,176568.50191216322,176565.68871586505
2025-08-01 19:30:00,176572.594487967,176565.71511868434
2025-08-01 23:30:00,176570.03051845817,176565.73156064743
2025-08-02 03:30:00,176558.40810598613,176565.7454684212
2025-08-02 07:30:00,176565.69722809328,176565.77092611068
2025-08-02 11:30:00,176559.55113758217,176565.77541136695
2025-08-02 15:30:00,176572.87384258176,176565.80698711413
2025-08-02 19:30:00,176572.42739513147,176565.85330404557
2025-08-02 23:30:00,176553.59845961427,176565.7933303487
2025-08-03 03:30:00,176556.3282385295,176565.81079459452
2025-08-03 07:30:00,176557.15110456804,176565.8287173818
2025-08-03 11:30:00,176565.77716263558,176565.85120880613
2025-08-03 15:30:00,176574.6346068271,176565.87287538513
2025-08-03 19:30:00,176564.42950079075,176565.8097881649
2025-08-03 23:30:00,176563.39581055482,176565.81111151454
2025-08-04 03:30:00,176552.63091504265,176565.85449561413
2025-08-04 07:30:00,176553.97314073375,176565.87897045218
2025-08-04 11:30:00,176564.0364774233,176565.87230889915
2025-08-04 15:30:00,176580.40195368134,176565.91117421625
2025-08-04 19:30:00,176576.5126141163,176565.91697593365
2025-08-04 23:30:00,176574.1038918689,176565.93532171476
2025-08-05 03:30:00,176561.05872904515,176565.968907632
2025-08-05 07:30:00,176552.84386453833,176565.99073734722
2025-08-05 11:30:00,176555.74116490487,176565.9873804749
2025-08-05 15:30:00,176563.56488733328,176565.95716605
2025-08-05 19:30:00,176574.96476364275,176565.9743468226
2025-08-05 23:30:00,176571.38924204384,176565.95509395187
2025-08-06 03:30:00,176559.1923339199,176565.99856938436
2025-08-06 07:30:00,176556.39049859502,176566.03826156232
2025-08-06 11:30:00,176553.21576867782,176566.06990525362
2025-08-06 15:30:00,176576.706364284,176566.08153665735
2025-08-06 19:30:00,176580.2631710805,176566.10495679043
2025-08-06 23:30:00,176581.59856397146,176566.15549690588
2025-08-07 03:30:00,176562.01280157125,176566.17960685072
2025-08-07 07:30:00,176560.4548431985,176566.22609483186
2025-08-07 11:30:00,176569.2090854834,176566.3588518031
2025-08-07 15:30:00,176575.29254198654,176566.4318438348
2025-08-07 19:30:00,176575.2183534926,176566.43798368133
2025-08-07 23:30:00,176579.5212861411,176566.46056783435
2025-08-08 03:30:00,176571.58311728953,176566.56004390534
2025-08-08 07:30:00,176560.52903169245,176566.6156290014
2025-08-08 11:30:00,176573.21526415617,176566.7159422831
2025-08-08 15:30:00,176583.8984072836,176566.81998657653
2025-08-08 19:30:00,176584.640292223,176566.86147046406
2025-08-08 23:30:00,176587.4594549927,176566.93973184508
2025-08-09 03:30:00,176577.81495078048,176567.05265269172
