Record Time,Distance (cm),Moving Average (cm)
2022-09-01 15:30:00,164221.360023312,164221.360023312
2022-09-01 19:30:00,164220.7663992057,164221.06321125885
2022-09-01 23:30:00,164213.6429099297,164218.58977748244
2022-09-02 03:30:00,164218.98552688668,164218.68871483352
2022-09-02 07:30:00,164221.80524139176,164219.31202014515
2022-09-02 11:30:00,164217.0562485411,164218.93605821114
2022-09-02 15:30:00,164214.53969598276,164218.30800646424
2022-09-02 19:30:00,164206.60339637034,164216.8449302025
2022-09-02 23:30:00,164202.58593720486,164215.2605976472
2022-09-03 03:30:00,164207.51854368605,164214.4863922511
2022-09-03 07:30:00,164211.09238597556,164214.17784622606
2022-09-03 11:30:00,164210.95586045255,164213.9093474116
2022-09-03 15:30:00,164211.5374362132,164213.72689270403
2022-09-03 19:30:00,164212.46829250647,164213.63699268992
2022-09-03 23:30:00,164213.73172279308,164213.64330803012
2022-09-04 07:30:00,164211.23685189695,164213.4929045218
2022-09-04 11:30:00,164214.4477089961,164213.54906949087
2022-09-04 19:30:00,164211.42053209234,164213.43081741317
2022-09-04 23:30:00,164199.88677215198,164212.71797292575
2022-09-05 03:30:00,164211.09513495286,164212.63683102708
2022-09-05 07:30:00,164212.04070655187,164212.60844414734
2022-09-05 11:30:00,164215.20513935457,164212.72647574768
2022-09-05 19:30:00,164208.14941818363,164212.52747324485
2022-09-06 03:30:00,164213.13275464263,164212.55269330312
2022-09-06 07:30:00,164206.00489669954,164212.29078143896
2022-09-06 11:30:00,164208.95101727181,164212.162328971
2022-09-06 15:30:00,164211.2966216359,164212.13026573637
2022-09-06 19:30:00,164207.73785391366,164211.97339388556
2022-09-06 23:30:00,164198.66600274362,164211.51451832894
2022-09-07 03:30:00,164206.24544649388,164211.3388826011
2022-09-07 07:30:00,164202.91843626197,164211.06725529983
2022-09-07 19:30:00,164205.72784985593,164210.90039887972
2022-09-07 23:30:00,164205.34284147024,164210.73198804914
2022-09-08 03:30:00,164203.05310444688,164210.5061385314
2022-09-08 07:30:00,164211.0962779825,164210.5229996586
2022-09-08 15:30:00,164212.9631489969,164210.59078158464
2022-09-09 03:30:00,164211.24878450198,164210.60856544727
2022-09-10 07:30:00,164204.69309608912,164210.45289520102
2022-09-10 11:30:00,164197.8404104699,164210.12949815663
2022-09-10 15:30:00,164210.69380187654,164210.14360574962
2022-09-10 19:30:00,164206.53360908385,164210.05555705045
2022-09-12 03:30:00,164213.83351234297,164210.14550836693
2022-09-12 11:30:00,164209.86823170603,164210.13906007248
2022-09-13 19:30:00,164212.93295502337,164210.20255768503
2022-09-13 23:30:00,164212.54120031942,164210.25452752135
2022-09-14 03:30:00,164215.54020156385,164210.36943347877
2022-09-14 07:30:00,164213.51570747208,164210.43637547863
2022-09-14 15:30:00,164213.26271537488,164210.4952575598
2022-09-14 19:30:00,164211.83336784714,164210.52256593306
2022-09-14 23:30:00,164214.425346498,164210.60062154432
2022-09-15 03:30:00,164212.9095341324,164210.64589434018
2022-09-15 11:30:00,164209.28950388197,164210.61980990827
2022-09-15 15:30:00,164207.43579143364,164210.55973408802
2022-09-15 23:30:00,164207.043756797,164210.49462339742
2022-09-16 03:30:00,164207.05193421242,164210.43202904862
2022-09-16 07:30:00,164211.486252857,164210.45085447378
2022-09-16 11:30:00,164206.8855740254,164210.38830569395
2022-09-16 15:30:00,164209.7460824205,164210.3772328789
2022-09-16 19:30:00,164215.33475361744,164210.46125865413
2022-09-16 23:30:00,164215.04343871935,164210.53762832188
2022-09-17 03:30:00,164212.47453104466,164210.56938082556
2022-09-17 07:30:00,164211.3635422128,164210.5821898802
2022-09-17 11:30:00,164209.39360687995,164210.56332348334
2022-09-17 19:30:00,164211.35564881406,164210.57570356663
2022-09-18 03:30:00,164214.91115400952,164210.64240280422
2022-09-18 07:30:00,164214.7202354423,164210.7041881472
2022-09-18 11:30:00,164212.47252073925,164210.730581171
2022-09-18 15:30:00,164213.29689962466,164210.76832114824
2022-09-18 19:30:00,164209.8103130106,164210.75443697235
2022-09-18 23:30:00,164208.36156802936,164210.7202531303
2022-09-19 03:30:00,164207.8433668355,164210.67973360504
2022-09-19 07:30:00,164213.50246732795,164210.71893824005
2022-09-19 11:30:00,164215.0661281683,164210.77848878704
2022-09-19 15:30:00,164214.41353295028,164210.82761100546
2022-09-19 19:30:00,164213.1384665029,164210.85842241207
2022-09-19 23:30:00,164210.85071372023,164210.85832098193
2022-09-20 03:30:00,164209.04242081862,164210.8347378629
2022-09-22 03:30:00,164200.21867693015,164210.6986345176
2022-09-24 23:30:00,164205.09520842857,164210.62770507348
2022-09-26 15:30:00,164213.6338484028,164210.66528186508
2022-09-27 07:30:00,164214.09906191024,164210.70767421133
2022-09-28 19:30:00,164207.05193423692,164210.66309201648
2022-09-29 03:30:00,164213.33147176605,164210.69524117012
2022-09-29 15:30:00,164204.56107461196,164210.62221537775
2022-09-30 07:30:00,164211.72557926888,164210.63519612938
2022-09-30 19:30:00,164204.68437992592,164210.56600059217
2022-09-30 23:30:00,164201.68087975113,164210.4638727664
2022-10-01 03:30:00,164210.5784353268,164210.46517461367
2022-10-01 07:30:00,164214.3657180818,164210.5090009448
2022-10-01 11:30:00,164214.63687557582,164210.55486621847
2022-10-01 15:30:00,164211.19246773078,164210.44189337868
2022-10-01 19:30:00,164206.6523392759,164210.28507049056
2022-10-01 23:30:00,164213.91908369202,164210.28813908793
2022-10-02 03:30:00,164207.32893519354,164210.1586214024
2022-10-02 07:30:00,164208.4586007993,164210.01032539588
2022-10-02 11:30:00,164211.5750076125,164209.9494227189
2022-10-02 19:30:00,164203.36775774375,164209.86149112458
2022-10-02 23:30:00,164204.63746245863,164209.88454197015
2022-10-03 03:30:00,164209.74952042638,164209.90960912453
2022-10-03 11:30:00,164211.8728780587,164209.9065891331
2022-10-03 19:30:00,164210.4210616572,164209.86431237534
2022-10-03 23:30:00,164210.34446501092,164209.82537837783
2022-10-04 03:30:00,164209.5132151122,164209.821831068
2022-10-04 07:30:00,164211.48510551028,164209.82465213173
2022-10-04 11:30:00,164205.26839851995,164209.72034178543
2022-10-04 15:30:00,164207.9394124368,164209.7003313433
2022-10-04 19:30:00,164208.81329780267,164209.67103657604
2022-10-04 23:30:00,164208.4914040283,164209.76771783308
2022-10-05 03:30:00,164204.81861377327,164209.69719512318
2022-10-05 07:30:00,164208.59740925272,164209.6585063895
2022-10-05 11:30:00,164213.7209013839,164209.64182955833
2022-10-05 15:30:00,164209.19620700672,164209.63687819664
2022-10-05 19:30:00,164210.2081183633,164209.65975264309
2022-10-05 23:30:00,164204.00116180978,164209.59757032627
2022-10-06 03:30:00,164205.6419318045,164209.5152535918
2022-10-06 11:30:00,164210.63955644058,164209.57301910355
2022-10-06 15:30:00,164214.77183539196,164209.61163258972
2022-10-06 19:30:00,164211.12852757468,164209.6493067415
2022-10-06 23:30:00,164213.49444438794,164209.81406720422
2022-10-07 03:30:00,164211.62386923897,164209.87382745696
2022-10-07 07:30:00,164211.29015793413,164209.96684658664
2022-10-07 15:30:00,164209.96634638892,164209.96684108995
2022-10-07 19:30:00,164213.73580217862,164210.05484056607
2022-10-07 23:30:00,164214.63044662357,164210.15690216114
2022-10-08 03:30:00,164212.73784706352,164210.2633279042
2022-10-09 07:30:00,164212.70790925814,164210.24002850623
2022-10-09 11:30:00,164213.3482080358,164210.27456383433
2022-10-09 23:30:00,164216.56784249507,164210.3437207427
2022-10-10 03:30:00,164216.017347129,164210.40539059474
2022-10-10 23:30:00,164212.58618962695,164210.6755191778
2022-10-11 11:30:00,164209.87292131057,164210.66660142373
2022-10-12 11:30:00,164213.1734620984,164210.6681555751
2022-10-12 15:30:00,164211.09283922982,164210.6728742824
2022-10-12 19:30:00,164210.4950218515,164210.67091986007
2022-10-13 15:30:00,164211.28550108973,164210.67760009086
2022-10-14 07:30:00,164215.3424587424,164210.59720901932
2022-10-14 23:30:00,164206.82283091234,164210.46497705643
2022-10-15 07:30:00,164212.915504056,164210.46504567628
2022-10-15 11:30:00,164218.27032705597,164210.56827352883
2022-10-15 19:30:00,164198.9348034145,164210.47056102287
2022-10-15 23:30:00,164204.35155198225,164210.43961613995
2022-10-16 07:30:00,164206.2510753883,164210.41813363365
2022-10-16 19:30:00,164210.59222131965,164210.41172980657
2022-10-16 23:30:00,164205.12491847062,164210.29365218454
2022-10-17 03:30:00,164208.04248390597,164210.2408897186
2022-10-17 07:30:00,164217.50866980187,164210.31404599943
2022-10-17 11:30:00,164218.27478505613,164210.41977431107
2022-10-18 07:30:00,164208.9136007207,164210.28277566563
2022-10-18 11:30:00,164213.36496713708,164210.2936591583
2022-10-18 19:30:00,164211.52856825487,164210.27779514322
2022-10-19 03:30:00,164204.84409830326,164210.26425712547
2022-10-19 07:30:00,164213.3943494568,164210.2629056521
2022-10-19 11:30:00,164206.01314562574,164210.1497433703
2022-10-19 15:30:00,164215.12468027163,164210.15863271183
2022-10-19 19:30:00,164206.2767102893,164210.07286075916
2022-10-19 23:30:00,164206.18817373278,164210.01457900935
2022-10-20 03:30:00,164205.79303817652,164209.9739617263
2022-10-20 07:30:00,164208.4437431369,164209.9550701388
2022-10-20 11:30:00,164209.6598961987,164209.95147045658
2022-10-20 15:30:00,164212.7367548958,164209.9850281004
2022-10-20 19:30:00,164211.59055911208,164210.00414156483
2022-10-20 23:30:00,164216.04055457507,164210.0751581885
2022-10-21 03:30:00,164209.92186985785,164210.07337576602
2022-10-21 07:30:00,164213.40350482415,164210.11165311153
2022-10-21 11:30:00,164215.8442337422,164210.17679607324
2022-10-21 15:30:00,164212.89285280416,164210.2073135646
2022-10-21 19:30:00,164217.78576239018,164210.29151855156
2022-10-21 23:30:00,164211.45378305344,164210.30429068895
2022-10-22 03:30:00,164214.40044875772,164210.46013433542
2022-10-22 07:30:00,164211.87200223556,164210.4754807256
2022-10-22 11:30:00,164212.39739642502,164210.49614648585
2022-10-22 15:30:00,164212.06995272508,164210.5128891054
2022-10-22 19:30:00,164214.94097845466,164210.55950057224
2022-10-22 23:30:00,164211.92272492638,164210.57370082592
2022-10-23 03:30:00,164208.00222319967,164210.5471907473
2022-10-23 07:30:00,164210.21367003227,164210.54378747471
2022-10-23 11:30:00,164213.2184344905,164210.57080411122
2022-10-23 15:30:00,164212.03854920887,164210.5854815622
2022-10-23 19:30:00,164211.80303880398,164210.5975365844
2022-10-23 23:30:00,164210.62846849387,164210.59783983842
2022-10-24 03:30:00,164216.29515059548,164210.65315353507
2022-10-24 07:30:00,164215.63379733876,164210.70104434088
2022-10-24 11:30:00,164214.09444218865,164210.7333624156
2022-10-24 15:30:00,164219.51689598203,164210.81622593984
2022-10-24 19:30:00,164215.12867487935,164210.85652920094
2022-10-24 23:30:00,164211.22021258195,164210.91377223044
2022-10-25 03:30:00,164215.84697263257,164210.95945001196
2022-10-25 07:30:00,164213.89353479003,164210.98636822088
2022-10-25 11:30:00,164206.10135530165,164210.94195901256
2022-10-25 15:30:00,164208.30704943975,164210.9182210885
2022-10-25 19:30:00,164201.56187424346,164210.83468227735
2022-10-25 23:30:00,164210.27680563755,164210.82974531595
2022-10-26 03:30:00,164209.8700073883,164210.82132656217
2022-10-26 07:30:00,164212.9815439162,164210.8401110609
2022-10-26 11:30:00,164205.95422814687,164210.79799138062
2022-10-26 15:30:00,164208.01642307683,164210.7495653002
2022-10-26 19:30:00,164204.42116058347,164210.695476371
2022-10-26 23:30:00,164208.6082348995,164210.67778788396
2022-10-27 11:30:00,164213.4241987119,164210.67206870433
2022-10-27 15:30:00,164214.0873065176,164210.70076818176
2022-10-27 19:30:00,164208.13222586125,164210.6793636624
2022-10-28 11:30:00,164210.66084808856,164210.6792106411
2022-10-28 15:30:00,164207.1660125612,164210.65041393557
2022-10-29 19:30:00,164204.1339928871,164210.65450010344
2022-10-30 15:30:00,164209.69081592702,164210.63754374225
2022-10-30 23:30:00,164214.35187586836,164210.79404928788
2022-10-31 07:30:00,164210.87383682592,164210.76628431084
2022-10-31 15:30:00,164211.46929210768,164210.73556835452
2022-10-31 19:30:00,164206.1877840435,164210.73159779696
2022-11-01 11:30:00,164209.4282108426,164210.73459233152
2022-11-02 19:30:00,164209.64985978286,164210.84858822936
2022-11-02 23:30:00,164207.56492881785,164210.8233197185
2022-11-03 11:30:00,164211.2110902135,164210.8843475936
2022-11-03 15:30:00,164211.9080250445,164210.92109400663
2022-11-05 03:30:00,164210.24844666536,164211.16237554155
2022-11-05 19:30:00,164206.73547368762,164211.0860521269
2022-11-05 23:30:00,164205.38976614017,164211.00335132843
2022-11-06 03:30:00,164206.0328806432,164210.9463004244
2022-11-06 15:30:00,164198.025817893,164210.81965726975
2022-11-06 19:30:00,164200.45539678473,164210.68274587387
2022-11-06 23:30:00,164205.47209948002,164210.58832992398
2022-11-07 03:30:00,164207.51688281444,164210.53450555025
2022-11-07 07:30:00,164211.61704533998,164210.54555187465
2022-11-07 11:30:00,164205.66958085922,164210.4962996422
2022-11-07 15:30:00,164205.34551642655,164210.44479181003
2022-11-07 19:30:00,164207.9378856541,164210.41997095698
2022-11-07 23:30:00,164209.30213091613,164210.40901174094
2022-11-08 03:30:00,164213.08126146495,164210.434955913
2022-11-08 07:30:00,164208.87135159492,164210.39770778033
2022-11-08 15:30:00,164205.03262912,164210.31697400447
2022-11-09 03:30:00,164210.90361363723,164210.20555633795
2022-11-09 19:30:00,164206.2035863351,164210.16670226023
2022-11-09 23:30:00,164207.34047919154,164210.11577303274
2022-11-10 15:30:00,164203.87292736844,164210.05752066438
2022-11-11 07:30:00,164211.90904415745,164210.07532377486
2022-11-12 03:30:00,164214.84326507236,164210.0776040635
2022-11-12 07:30:00,164212.75694018908,164210.10361703558
2022-11-12 11:30:00,164208.0356629548,164210.08373286173
2022-11-12 19:30:00,164203.25843873553,164210.0065495699
2022-11-13 03:30:00,164210.81036991518,164210.01420500173
2022-11-13 15:30:00,164214.51637828947,164210.00633756886
2022-11-15 19:30:00,164207.28448376202,164210.0991072158
2022-11-16 03:30:00,164210.3496174971,164210.1734064233
2022-11-16 11:30:00,164209.8011687115,164210.01042828185
2022-11-17 19:30:00,164211.47755734972,164209.98612594287
2022-11-18 19:30:00,164213.2972055816,164210.06951852978
2022-11-19 15:30:00,164212.8926326323,164210.1884737092
2022-11-20 03:30:00,164211.36592224642,164210.1201194283
2022-11-20 23:30:00,164212.3499530031,164209.89111071103
2022-11-21 11:30:00,164211.70377349114,164209.80017586917
2022-11-22 03:30:00,164217.05809502283,164209.7938961761
2022-11-23 15:30:00,164196.51427166548,164209.0795284399
2022-11-23 19:30:00,164207.0054133486,164208.9600687115
2022-11-24 15:30:00,164205.77261575093,164208.74512755292
2022-11-26 15:30:00,164206.13806592362,164208.66589902158
2022-11-26 19:30:00,164204.65609885097,164208.60269671233
2022-11-26 23:30:00,164203.63589907714,164208.51400389744
2022-11-27 07:30:00,164214.77010656171,164208.6237600845
2022-11-27 11:30:00,164210.55652444382,164208.62192984513
2022-11-27 15:30:00,164198.4639207248,164208.46926156728
2022-11-27 23:30:00,164200.27240266162,164208.32793641376
2022-11-28 11:30:00,164210.35687525346,164208.36232520762
2022-11-28 15:30:00,164212.07499071842,164208.42420296615
2022-11-28 19:30:00,164210.13298611643,164208.52418618664
2022-11-29 19:30:00,164207.58715225206,164208.48912512543
2022-11-29 23:30:00,164208.08359130647,164208.38465371603
2022-11-30 15:30:00,164208.4161142814,164208.2907153951
2022-11-30 23:30:00,164197.84046941932,164208.1492354862
2022-12-01 03:30:00,164201.57160070582,164208.03960823984
2022-12-02 11:30:00,164209.6977724316,164208.044100933
2022-12-03 19:30:00,164204.49033521937,164207.83864012882
2022-12-04 03:30:00,164215.21002893418,164207.96573303925
2022-12-04 07:30:00,164213.11762625197,164208.0530532632
2022-12-05 03:30:00,164213.3197960367,164208.1051100322
2022-12-05 11:30:00,164213.8922656868,164208.20156262643
2022-12-05 23:30:00,164213.97027375596,164208.37184392393
2022-12-06 23:30:00,164211.26194560123,164208.84311682705
2022-12-08 07:30:00,164211.78744639238,164208.9318435436
2022-12-08 23:30:00,164208.94531427004,164209.01169426093
2022-12-09 19:30:00,164210.8469747348,164209.06901653224
2022-12-10 03:30:00,164209.04882848548,164209.10460714257
2022-12-11 15:30:00,164202.3352420031,164209.01222156
2022-12-12 19:30:00,164207.68461087433,164208.9173799373
2022-12-13 19:30:00,164197.14084860732,164208.46927482897
2022-12-14 03:30:00,164201.30491413362,164208.30644844953
2022-12-15 03:30:00,164204.2697320597,164208.21674364086
2022-12-15 07:30:00,164201.79732678106,164208.07719110043
2022-12-16 11:30:00,164212.09906159624,164208.09578596012
2022-12-17 07:30:00,164211.88660118444,164208.18002629845
2022-12-18 19:30:00,164208.51406090645,164207.9963745774
2022-12-19 07:30:00,164214.49514639017,164208.14079172877
2022-12-19 11:30:00,164207.86499952013,164208.13479624598
2022-12-19 15:30:00,164210.342699129,164208.07936290893
2022-12-19 23:30:00,164213.29870481073,164208.19041273667
2022-12-20 07:30:00,164216.01833011175,164208.28940013805
2022-12-20 23:30:00,164206.6978865916,164208.1691434059
2022-12-22 03:30:00,164210.6518643902,164207.95303773807
2022-12-22 07:30:00,164210.06101826648,164207.99788838762
2022-12-22 23:30:00,164204.1689972114,164207.91811982144
2022-12-23 03:30:00,164214.87579750613,164208.06011324358
2022-12-23 11:30:00,164207.16622918093,164208.04223556235
2022-12-23 19:30:00,164205.42775756703,164208.24530307492
2022-12-24 19:30:00,164217.27866843267,164208.48012047657
2022-12-25 15:30:00,164210.62488247288,164208.5230157165
2022-12-25 23:30:00,164208.28031953657,164208.5182569679
2022-12-26 15:30:00,164211.26768254983,164208.618837686
2022-12-27 03:30:00,164207.98416056694,164208.78505769253
2022-12-27 23:30:00,164201.8492597053,164208.87317425403
2022-12-28 03:30:00,164206.07317228548,164208.8148408797
2022-12-28 07:30:00,164209.57283842994,164208.83031021745
2023-01-02 19:30:00,164211.06800515685,164209.33753295272
2023-01-03 15:30:00,164201.8048115996,164208.89688396206
2023-01-04 23:30:00,164213.70019916393,164208.63503616772
2023-01-05 11:30:00,164215.43297414467,164208.81392927238
2023-01-06 03:30:00,164217.23014428362,164208.97098713243
2023-01-06 11:30:00,164216.44802683726,164209.16270609922
2023-01-06 15:30:00,164217.65139313822,164209.3749232752
2023-01-06 23:30:00,164217.31351718758,164209.56854751697
2023-01-07 15:30:00,164207.29103883202,164209.45887903988
2023-01-08 11:30:00,164209.6729036844,164209.47662512318
2023-01-08 15:30:00,164203.08720784934,164209.32449614047
2023-01-09 03:30:00,164211.78500851724,164209.3540986145
2023-01-10 03:30:00,164206.9217413551,164209.29618534647
2023-01-11 03:30:00,164210.95334474725,164209.50137826893
2023-01-11 11:30:00,164204.31219244777,164209.3806995289
2023-01-11 15:30:00,164207.16856173522,164209.33042366995
2023-01-11 19:30:00,164200.94575392557,164209.17726783024
2023-01-12 03:30:00,164208.98819653294,164209.17306624583
2023-01-12 07:30:00,164211.34189099917,164209.22021461005
2023-01-12 23:30:00,164203.28340888803,164209.3537485292
2023-01-13 03:30:00,164207.54273497048,164209.48935333
2023-01-13 07:30:00,164214.2797111297,164209.59127583637
2023-01-13 11:30:00,164207.7487407401,164209.55288968852
2023-01-13 15:30:00,164197.76683544597,164209.3123579693
2023-01-13 19:30:00,164204.83765627007,164209.2228639353
2023-01-13 23:30:00,164204.01430944793,164209.12073541596
2023-01-14 03:30:00,164203.8172837814,164209.11186388106
2023-01-14 07:30:00,164213.72313311172,164209.34570322087
2023-01-14 11:30:00,164205.3445148707,164209.26875729105
2023-01-14 15:30:00,164207.89661470018,164209.2428678082
2023-01-14 19:30:00,164207.3409639133,164209.20764736572
2023-01-14 23:30:00,164209.54119241374,164209.21371182115
2023-01-15 03:30:00,164211.55940433883,164209.25559918754
2023-01-15 07:30:00,164209.03993038004,164209.25181552424
2023-01-15 11:30:00,164213.6038984346,164209.27821617053
2023-01-15 15:30:00,164209.99336566657,164209.29054633426
2023-01-15 19:30:00,164210.0769957362,164209.30387598515
2023-01-15 23:30:00,164210.87080902103,164209.32999153572
2023-01-16 03:30:00,164212.46108514935,164209.38132093922
2023-01-16 07:30:00,164212.1839036859,164209.38619475072
2023-01-16 15:30:00,164209.25650029266,164209.38410290465
2023-01-16 19:30:00,164205.7250534529,164209.3260227546
2023-01-17 03:30:00,164213.22326635497,164209.38691718588
2023-01-17 07:30:00,164210.7443547543,164209.4078008408
2023-01-17 11:30:00,164213.33623025828,164209.46732249862
2023-01-17 15:30:00,164204.195080295,164209.38863231646
2023-01-17 19:30:00,164208.75159522524,164209.39217760484
2023-01-17 23:30:00,164202.68793784681,164209.29358584367
2023-01-18 03:30:00,164211.87727137582,164209.33103056153
2023-01-18 07:30:00,164210.02850951944,164209.26629669382
2023-01-18 11:30:00,164204.4719683992,164209.21712232975
2023-01-18 15:30:00,164206.9748469264,164209.16831287753
2023-01-18 23:30:00,164214.17604705654,164209.18102798256
2023-01-19 03:30:00,164217.71883617475,164209.302996671
2023-01-19 07:30:00,164210.42284575186,164209.22306118018
2023-01-19 11:30:00,164209.05060477607,164209.22063221672
2023-01-19 15:30:00,164202.12547293722,164209.12208833787
2023-01-19 23:30:00,164205.20066154865,164209.1012935456
2023-01-20 03:30:00,164212.8130008378,164209.15213885097
2023-01-20 07:30:00,164212.04714834425,164209.19126060084
2023-01-20 11:30:00,164210.21390398606,164209.204895846
2023-01-20 15:30:00,164211.2190110056,164209.23139736126
2023-01-20 19:30:00,164202.04021083127,164209.13800532842
2023-01-20 23:30:00,164209.05439509667,164209.13693340236
2023-01-21 07:30:00,164212.64967123527,164209.15087784364
2023-01-21 19:30:00,164208.7941214039,164209.14630404316
2023-01-22 03:30:00,164218.19361861047,164209.2540329774
2023-01-22 11:30:00,164208.52729222135,164209.27170912075
2023-01-22 15:30:00,164216.38566072469,164209.36291362852
2023-01-22 23:30:00,164202.81731897098,164209.32944646702
2023-01-23 03:30:00,164209.92879503412,164209.33703315773
2023-01-23 07:30:00,164206.896162344,164209.30652227259
2023-01-23 11:30:00,164196.36922190734,164209.146802515
2023-01-23 15:30:00,164219.14122794956,164209.268685752
2023-01-23 19:30:00,164215.95201607284,164209.2525070647
2023-01-23 23:30:00,164197.7352668813,164209.11374513473
2023-01-24 03:30:00,164215.9493456272,164209.19512133108
2023-01-24 07:30:00,164208.44053082613,164209.18624379573
2023-01-24 11:30:00,164195.35801879482,164209.02545048177
2023-01-24 15:30:00,164204.4142633641,164208.95323398054
2023-01-24 19:30:00,164213.98007447756,164209.01101375636
2023-01-24 23:30:00,164207.11992979338,164208.99767594322
2023-01-25 03:30:00,164212.80583031094,164209.04095042462
2023-01-25 07:30:00,164215.0174406157,164209.10810199985
2023-01-25 11:30:00,164205.27677665828,164209.06553171828
2023-01-25 15:30:00,164211.7590740542,164209.07099162386
2023-01-25 19:30:00,164210.02912965784,164209.08152061325
2023-01-25 23:30:00,164209.92377469724,164209.09067554894
2023-01-26 03:30:00,164213.3519571842,164209.14902116434
2023-01-26 07:30:00,164217.63378609347,164209.24025519585
2023-01-26 11:30:00,164208.72884740235,164209.2348146874
2023-01-26 15:30:00,164210.79447673258,164209.2512321826
2023-01-26 19:30:00,164217.04120105834,164209.33237769175
2023-01-26 23:30:00,164208.9716998446,164209.40656977653
2023-01-27 03:30:00,164210.5150612977,164209.45283945373
2023-01-27 07:30:00,164218.04912741776,164209.5411341307
2023-01-27 11:30:00,164208.34211328713,164209.52877309106
2023-01-27 15:30:00,164199.27604686658,164209.4241534357
2023-01-27 19:30:00,164210.09594974696,164209.43093925706
2023-01-27 23:30:00,164209.5704705152,164209.43233456963
2023-01-28 03:30:00,164202.5583514466,164209.36427533076
2023-01-28 07:30:00,164205.6006796697,164209.32737733412
2023-01-28 11:30:00,164213.65046151666,164209.3693490252
2023-01-28 15:30:00,164208.49007290107,164209.36089444708
2023-01-28 19:30:00,164211.62052163543,164209.38241470602
2023-01-28 23:30:00,164206.3598832566,164209.35390025837
2023-01-29 03:30:00,164211.64999368804,164209.3753590755
2023-01-29 07:30:00,164214.04107344706,164209.41856013448
2023-01-29 11:30:00,164207.54346720345,164209.40135744703
2023-01-29 15:30:00,164204.6615336732,164209.35826814
2023-01-29 19:30:00,164211.34136508143,164209.37613387822
2023-01-29 23:30:00,164212.8147650248,164209.406835942
2023-01-30 03:30:00,164213.14179024467,164209.43988863495
2023-01-30 07:30:00,164212.38786384897,164209.46574806666
2023-01-30 11:30:00,164208.0912225628,164209.453795671
2023-01-30 15:30:00,164208.3295454334,164209.4441038586
2023-01-30 19:30:00,164211.6787071488,164209.463203032
2023-01-30 23:30:00,164213.37020427446,164209.49631321206
2023-01-31 03:30:00,164215.28560697206,164209.54496273943
2023-01-31 07:30:00,164213.05184197964,164209.5741867331
2023-01-31 11:30:00,164212.50724919996,164209.59842691876
2023-01-31 15:30:00,164210.42970452324,164209.60524066963
2023-01-31 19:30:00,164204.38495838273,164209.5627993502
2023-01-31 23:30:00,164217.5374790592,164209.62711128336
2023-02-01 03:30:00,164217.31386901753,164209.6886053452
2023-02-01 07:30:00,164205.58295345836,164209.65602080646
2023-02-01 11:30:00,164211.2142570144,164209.6682903829
2023-02-01 15:30:00,164208.02709051428,164209.65546850892
2023-02-01 19:30:00,164203.3475234765,164209.59515224578
2023-02-01 23:30:00,164216.3176302882,164209.64726447864
2023-02-02 03:30:00,164212.6639510903,164209.67046976028
2023-02-02 07:30:00,164204.79681065798,164209.6332662557
2023-02-02 11:30:00,164195.99266966028,164209.5299284027
2023-02-02 15:30:00,164210.1298870723,164209.5929971563
2023-02-02 19:30:00,164212.67301722136,164209.61615520186
2023-02-02 23:30:00,164216.007334289,164209.6638505682
2023-02-03 03:30:00,164214.15085196486,164209.69708761558
2023-02-03 07:30:00,164206.77068827837,164209.6755699734
2023-02-03 15:30:00,164210.0482655342,164209.67829037894
2023-02-03 23:30:00,164196.71393137265,164209.5543030228
2023-02-04 07:30:00,164210.97690120927,164209.56461170534
2023-02-04 11:30:00,164204.17691044277,164209.48304602632
2023-02-04 15:30:00,164213.564241971,164209.5124071482
2023-02-04 19:30:00,164208.829046636,164209.50752600172
2023-02-04 23:30:00,164205.62269039763,164209.47997397615
2023-02-05 03:30:00,164213.9164014298,164209.45647225378
2023-02-05 07:30:00,164198.95717045097,164209.3825335087
2023-02-05 11:30:00,164206.6429093028,164209.31348338522
2023-02-05 15:30:00,164207.07614817235,164209.23900982912
2023-02-05 23:30:00,164203.3046011216,164209.1403554906
2023-02-06 07:30:00,164204.1593754128,164209.10552346212
2023-02-06 11:30:00,164200.14763118772,164209.0433158769
2023-02-06 15:30:00,164199.86135272883,164208.99172083449
2023-02-06 19:30:00,164211.21403122286,164209.00704711303
2023-02-06 23:30:00,164208.08892619537,164209.00075861358
2023-02-07 03:30:00,164211.39837915584,164209.01706895742
2023-02-07 11:30:00,164203.56474155944,164208.97551683412
2023-02-07 19:30:00,164210.96555120626,164209.02911100662
2023-02-07 23:30:00,164206.60609888268,164209.01273930309
2023-02-08 07:30:00,164199.66925577782,164208.93087610888
2023-02-08 11:30:00,164195.56883114154,164208.84119795472
2023-02-08 15:30:00,164205.82239412994,164208.8210725959
2023-02-08 19:30:00,164206.61809186844,164208.80648331955
2023-02-08 23:30:00,164200.6433951637,164208.75277879223
2023-02-09 07:30:00,164213.59840619948,164208.79670421884
2023-02-09 15:30:00,164208.1412044297,164208.7924199065
2023-02-09 19:30:00,164211.4165723989,164208.80945985773
2023-02-09 23:30:00,164209.834959033,164208.81607598145
2023-02-10 03:30:00,164216.4356832073,164208.851445907
2023-02-10 07:30:00,164207.43815926622,164208.84238637725
2023-02-10 11:30:00,164206.40754851574,164208.8558181469
2023-02-10 15:30:00,164205.90106582714,164208.84769317316
2023-02-10 23:30:00,164205.20951749876,164208.87502499094
2023-02-11 07:30:00,164215.82319715252,164208.90320650456
2023-02-11 11:30:00,164205.3567522835,164208.88047282366
2023-02-11 15:30:00,164208.99425198228,164208.88119753168
2023-02-11 19:30:00,164213.24535016797,164208.90881875088
2023-02-11 23:30:00,164208.4487317569,164208.94151066776
2023-02-12 03:30:00,164207.65570735934,164208.94222568287
2023-02-12 07:30:00,164204.01138654447,164208.8772362868
2023-02-12 11:30:00,164208.1864271176,164208.88000645372
2023-02-12 15:30:00,164213.051900564,164208.97674737222
2023-02-12 19:30:00,164214.92528970234,164209.0405931534
2023-02-13 03:30:00,164202.79739872483,164209.06611161612
2023-02-13 11:30:00,164209.67718582912,164209.06403244604
2023-02-13 15:30:00,164206.79700074316,164209.05698363864
2023-02-13 19:30:00,164208.3602519048,164209.06351753598
2023-02-13 23:30:00,164214.55135846985,164209.09563398507
2023-02-14 03:30:00,164213.36335104593,164209.10719774602
2023-02-14 07:30:00,164209.88706462877,164209.11262809378
2023-02-14 15:30:00,164205.84664003507,164209.0568990875
2023-02-14 19:30:00,164217.2639288446,164209.10326639787
2023-02-14 23:30:00,164213.40195850335,164209.11959639454
2023-02-15 03:30:00,164212.18555668378,164209.1178187915
2023-02-15 07:30:00,164212.02028020244,164209.11676315617
2023-02-15 11:30:00,164212.3066351777,164209.13721105375
2023-02-15 15:30:00,164204.0926770517,164209.10410962268
2023-02-15 19:30:00,164206.2114966872,164209.10722784855
2023-02-15 23:30:00,164208.45139483764,164209.1030505682
2023-02-16 03:30:00,164208.55856931777,164209.07333912211
2023-02-16 11:30:00,164199.58597116524,164208.97448479696
2023-02-16 19:30:00,164204.66159938258,164208.97893259476
2023-02-16 23:30:00,164213.1378011619,164209.04635106778
2023-02-17 07:30:00,164195.21300418465,164208.93176388828
2023-02-17 11:30:00,164193.56028296862,164208.86090878808
2023-02-17 15:30:00,164216.904228848,164208.92538529405
2023-02-17 19:30:00,164226.04319376883,164209.03582276808
2023-02-17 23:30:00,164227.5407248967,164209.1220464961
2023-02-18 03:30:00,164221.87494259232,164209.14886008587
2023-02-18 07:30:00,164209.6091739798,164209.14361059057
2023-02-18 11:30:00,164209.65309357672,164209.14749761508
2023-02-18 15:30:00,164206.57306956517,164209.1761917869
2023-02-18 19:30:00,164213.01474194333,164209.20079787762
2023-02-18 23:30:00,164212.52805453265,164209.2477683455
2023-02-19 03:30:00,164216.34441379423,164209.27040560803
2023-02-19 07:30:00,164204.8824236496,164209.2244778856
2023-02-19 19:30:00,164208.98776173987,164209.250215494
2023-02-19 23:30:00,164202.12178162255,164209.20519852336
2023-02-20 03:30:00,164218.9095854029,164209.26780747098
2023-02-20 07:30:00,164210.86818321297,164209.25631399988
2023-02-20 15:30:00,164202.2064122189,164209.21112232178
2023-02-20 19:30:00,164211.2727804423,164209.2270111618
2023-02-20 23:30:00,164200.42498484591,164209.1709472999
2023-02-21 03:30:00,164222.1803656736,164209.1963405933
2023-02-21 07:30:00,164211.5230891648,164209.21106685008
2023-02-21 11:30:00,164201.58025512795,164209.1670982609
2023-02-21 15:30:00,164207.25996790876,164209.10934071138
2023-02-21 23:30:00,164206.2586777132,164209.13112146294
2023-02-22 03:30:00,164217.6728512693,164209.1801344771
2023-02-22 11:30:00,164198.19475092684,164209.20630964366
2023-02-22 19:30:00,164218.25296487534,164209.1573739417
2023-02-22 23:30:00,164205.0020925211,164209.20395615735
2023-02-23 03:30:00,164212.95126160514,164209.18473767003
2023-02-23 07:30:00,164202.54371976142,164209.1469375991
2023-02-23 11:30:00,164201.38863362043,164209.18559538646
2023-02-23 19:30:00,164211.72285475646,164209.2018154658
2023-02-24 07:30:00,164215.65446382156,164209.1960304595
2023-02-24 11:30:00,164205.46955862126,164209.1972904723
2023-02-24 15:30:00,164203.0949793109,164209.1406624021
2023-02-24 19:30:00,164209.39364300828,164209.1365088946
2023-02-24 23:30:00,164206.40297938345,164209.11349716052
2023-02-25 03:30:00,164204.13761248218,164209.05327268533
2023-02-25 07:30:00,164211.46466838187,164209.01295165456
2023-02-25 11:30:00,164208.44494827642,164209.0110961047
2023-02-25 23:30:00,164203.57713374528,164208.91038053067
2023-02-26 07:30:00,164204.6700333095,164208.81048869813
2023-02-26 11:30:00,164196.4991189693,164208.7315354027
2023-02-26 15:30:00,164204.51462919588,164208.7664592849
2023-02-26 19:30:00,164215.40004345716,164208.80181990963
2023-02-26 23:30:00,164208.9189015038,164208.79747611622
2023-02-27 03:30:00,164201.78621523868,164208.79232854152
2023-02-27 07:30:00,164209.8282904238,164208.82051261322
2023-02-27 15:30:00,164211.72202645068,164208.80978781215
2023-02-27 19:30:00,164209.41701565476,164208.7949991814
2023-02-27 23:30:00,164214.2477196531,164208.84793768075
2023-02-28 03:30:00,164208.62330262794,164208.82762431787
2023-02-28 07:30:00,164200.65302799133,164208.73777166384
2023-02-28 11:30:00,164208.6794379846,164208.74539562882
2023-02-28 15:30:00,164204.50993965723,164208.74437821933
2023-02-28 19:30:00,164203.26591611098,164208.69018057524
2023-02-28 23:30:00,164208.80523117623,164208.6632709521
2023-03-01 03:30:00,164198.40515765967,164208.56436737766
2023-03-01 07:30:00,164202.6415002171,164208.49895554123
2023-03-01 11:30:00,164210.36934028275,164208.51424492185
2023-03-01 15:30:00,164204.50338658094,164208.48856600342
2023-03-01 19:30:00,164207.37899461965,164208.45970887234
2023-03-01 23:30:00,164211.18832324215,164208.44506537548
2023-03-02 03:30:00,164206.79910813298,164208.38810900744
2023-03-02 07:30:00,164202.63567566776,164208.31820185098
2023-03-02 11:30:00,164209.2807115583,164208.29654723592
2023-03-02 15:30:00,164207.22229448467,164208.27502099404
2023-03-02 19:30:00,164209.95150779234,164208.31238038608
2023-03-02 23:30:00,164216.08090143965,164208.30260469732
2023-03-03 03:30:00,164214.14435995303,164208.28133282447
2023-03-03 07:30:00,164200.45495262122,164208.24691671145
2023-03-03 11:30:00,164206.74550665607,164208.2169250983
2023-03-03 19:30:00,164202.2550879193,164208.2108264431
2023-03-03 23:30:00,164203.00537329313,164208.12087876067
2023-03-04 03:30:00,164209.97725891968,164208.10272543522
2023-03-04 11:30:00,164193.94015450001,164208.1112519632
2023-03-04 15:30:00,164206.86125566112,164208.08901637536
2023-03-04 19:30:00,164202.58859541122,164208.02041486648
2023-03-04 23:30:00,164206.39531026417,164207.95502694792
2023-03-05 03:30:00,164212.99023424435,164207.9471315893
2023-03-05 07:30:00,164198.9623873492,164207.8940138959
2023-03-05 11:30:00,164205.36257483272,164207.8769095779
2023-03-05 15:30:00,164205.08264642686,164207.84335809745
2023-03-05 19:30:00,164202.81791196534,164207.80963027105
2023-03-05 23:30:00,164204.42992694164,164207.86141547622
2023-03-06 03:30:00,164215.40461381912,164207.91170346516
2023-03-06 07:30:00,164201.99790949392,164207.85184352036
2023-03-06 11:30:00,164200.18708996466,164207.82524471718
2023-03-06 15:30:00,164213.4253449852,164207.82431873732
2023-03-06 19:30:00,164202.8444221049,164207.78442124042
2023-03-06 23:30:00,164202.9919266063,164207.76688281514
2023-03-07 03:30:00,164223.31146264082,164207.82951655655
2023-03-07 07:30:00,164205.5456890975,164207.8734400142
2023-03-07 11:30:00,164206.0533629508,164207.8695097052
2023-03-07 15:30:00,164217.9973285095,164207.94231757408
2023-03-07 19:30:00,164202.4899382654,164207.90620910187
2023-03-07 23:30:00,164206.3681226293,164207.9264973238
2023-03-08 03:30:00,164217.08672621966,164207.98676198756
2023-03-08 07:30:00,164209.40109790897,164208.02124700396
2023-03-08 11:30:00,164205.93240470745,164208.0593047245
2023-03-08 15:30:00,164214.1626783488,164208.15339239305
2023-03-08 19:30:00,164199.4591650595,164208.07605774724
2023-03-08 23:30:00,164206.49616650137,164208.06557906503
2023-03-09 03:30:00,164220.6620573888,164208.12652431658
2023-03-09 07:30:00,164213.54426159192,164208.16193436412
2023-03-09 11:30:00,164202.31731524636,164208.15378125096
2023-03-09 19:30:00,164212.0798006888,164208.1610639273
2023-03-09 23:30:00,164206.2905818183,164208.1590017243
2023-03-10 03:30:00,164213.68890239095,164208.1949101702
2023-03-10 07:30:00,164215.75501173607,164208.29936313094
2023-03-10 11:30:00,164203.62909028583,164208.35170247607
2023-03-10 15:30:00,164212.79005296904,164208.39694701397
2023-03-10 19:30:00,164212.49192183133,164208.43508876697
2023-03-10 23:30:00,164207.53545075894,164208.47984237474
2023-03-11 03:30:00,164207.2526950071,164208.47192529493
2023-03-11 07:30:00,164211.13788123525,164208.45605094032
2023-03-11 11:30:00,164207.25500684083,164208.44835193967
2023-03-11 15:30:00,164214.552902439,164208.48945256797
2023-03-11 19:30:00,164214.99306088517,164208.5123787762
2023-03-11 23:30:00,164203.59920403472,164208.47240598773
2023-03-12 03:30:00,164207.25578470365,164208.4135604845
2023-03-12 11:30:00,164204.85383982892,164208.40982946858
2023-03-12 15:30:00,164206.78892608895,164208.4155575993
2023-03-12 19:30:00,164212.44800615916,164208.44140662855
2023-03-12 23:30:00,164208.8533646532,164208.46476462312
2023-03-13 03:30:00,164196.4193192207,164208.38804204096
2023-03-13 07:30:00,164214.34927184106,164208.3786539816
2023-03-13 11:30:00,164211.12151875862,164208.41537223943
2023-03-13 23:30:00,164204.87525175454,164208.3574216738
2023-03-14 03:30:00,164203.38393689535,164208.32986186436
2023-03-14 07:30:00,164211.15594201218,164208.37595577058
2023-03-14 11:30:00,164200.84519662327,164208.3285929932
2023-03-14 15:30:00,164202.77405090482,164208.26228428574
2023-03-14 19:30:00,164207.28316664242,164208.212980266
2023-03-14 23:30:00,164211.98862140867,164208.23718309385
2023-03-15 03:30:00,164188.94344030585,164208.1483756681
2023-03-15 11:30:00,164217.48111905315,164208.19840088105
2023-03-15 15:30:00,164207.58041787817,164208.20342278577
2023-03-15 19:30:00,164207.41008321536,164208.19733196084
2023-03-16 03:30:00,164201.17333130454,164208.07769295273
2023-03-16 07:30:00,164200.24440855955,164208.01548226844
2023-03-16 11:30:00,164209.68009588774,164208.02615286858
2023-03-16 15:30:00,164204.01702149806,164208.0144245446
2023-03-16 19:30:00,164199.59451730916,164207.90115908606
2023-03-16 23:30:00,164213.3514388676,164207.90083524224
2023-03-17 03:30:00,164204.42260273595,164207.85107271693
2023-03-17 07:30:00,164204.5999348463,164207.80350640055
2023-03-17 11:30:00,164215.75471707468,164207.82560948964
2023-03-17 19:30:00,164195.67655156882,164207.78172553686
2023-03-17 23:30:00,164214.3337863051,164207.81967644952
2023-03-18 03:30:00,164208.46015526395,164207.81904152015
2023-03-18 07:30:00,164200.9975464721,164207.77531398778
2023-03-18 11:30:00,164199.12063762554,164207.7723310805
2023-03-18 15:30:00,164208.8285577563,164207.77905863896
2023-03-18 19:30:00,164201.02448970106,164207.75589233523
2023-03-19 03:30:00,164214.04063276053,164207.76164285495
2023-03-19 07:30:00,164199.30381023255,164207.78769894445
2023-03-19 19:30:00,164205.1231841917,164207.68570459925
2023-03-19 23:30:00,164210.85201332814,164207.57803549236
2023-03-20 03:30:00,164217.92808798834,164207.55257191428
2023-03-20 07:30:00,164208.6921630283,164207.54665571457
2023-03-20 11:30:00,164204.78204540221,164207.51522959734
2023-03-20 15:30:00,164211.25655073998,164207.5454456049
2023-03-21 03:30:00,164218.35416036684,164207.4902680971
2023-03-21 11:30:00,164212.65586880466,164207.5410749282
2023-03-21 19:30:00,164204.79227750082,164207.51365346258
2023-03-21 23:30:00,164203.7423332766,164207.52424530344
2023-03-22 03:30:00,164215.6219457574,164207.50275746261
2023-03-22 07:30:00,164204.52374182938,164207.46129052545
2023-03-22 11:30:00,164201.2253197644,164207.42079720885
2023-03-22 15:30:00,164212.165408818,164207.48546601794
2023-03-22 23:30:00,164207.2384127112,164207.50524453714
2023-03-23 03:30:00,164213.38344559426,164207.44774832745
2023-03-23 07:30:00,164208.35409961137,164207.42703597745
2023-03-23 11:30:00,164207.31466526812,164207.46451578228
2023-03-23 15:30:00,164214.83539113813,164207.51402835242
2023-03-23 19:30:00,164209.4836194176,164207.52681790479
2023-03-23 23:30:00,164207.8158560158,164207.5369294522
2023-03-24 03:30:00,164213.22572980408,164207.50805204012
2023-03-24 07:30:00,164213.13112721188,164207.54432994445
2023-03-24 11:30:00,164207.01628590224,164207.6012430733
2023-03-24 15:30:00,164212.58572001747,164207.63319484857
2023-03-24 19:30:00,164213.66064350863,164207.60375689113
2023-03-24 23:30:00,164207.03828604342,164207.6168094137
2023-03-25 03:30:00,164212.12519411865,164207.6115141093
2023-03-25 07:30:00,164212.41831792908,164207.6748128155
2023-03-25 11:30:00,164205.95593135213,164207.70409036506
2023-03-25 15:30:00,164210.5350149992,164207.72212173216
2023-03-25 19:30:00,164209.4490722464,164207.707639041
2023-03-25 23:30:00,164198.61208330462,164207.65007223253
2023-03-26 07:30:00,164210.03212683866,164207.61448782127
2023-03-26 11:30:00,164199.88272770072,164207.5791281319
2023-03-26 15:30:00,164198.50402602632,164207.55007146555
2023-03-26 19:30:00,164206.59460128524,164207.5323560116
2023-03-26 23:30:00,164208.78620159227,164207.54743969647
2023-03-27 07:30:00,164209.56805512577,164207.55707800193
2023-03-27 11:30:00,164207.49781043772,164207.55104527684
2023-03-27 15:30:00,164202.7761165365,164207.52082420886
2023-03-27 19:30:00,164210.07664836774,164207.53689857462
2023-03-27 23:30:00,164208.9434311098,164207.57064887253
2023-03-28 03:30:00,164209.93005778833,164207.58539517823
2023-03-28 07:30:00,164209.669321187,164207.6166407275
2023-03-28 11:30:00,164200.92174873644,164207.64428216353
2023-03-28 15:30:00,164205.633414254,164207.65127457015
2023-03-28 19:30:00,164209.89789809418,164207.61688616162
2023-03-28 23:30:00,164210.85935679823,164207.62901400722
2023-03-29 03:30:00,164205.8350553355,164207.65431925782
2023-03-29 07:30:00,164209.25269266855,164207.65072177188
2023-03-29 11:30:00,164205.94659130607,164207.64013711057
2023-03-29 15:30:00,164203.16418614643,164207.58698282298
2023-03-29 19:30:00,164194.75470586357,164207.49591257583
2023-03-29 23:30:00,164196.22978476758,164207.3839999368
2023-03-30 03:30:00,164201.6168598134,164207.34048165847
2023-03-30 07:30:00,164218.94391464206,164207.45408965004
2023-03-30 15:30:00,164197.80828611145,164207.40454588828
2023-03-30 19:30:00,164208.34037325662,164207.43626124546
2023-03-30 23:30:00,164205.16065873505,164207.4134826677
2023-03-31 03:30:00,164204.7989848328,164207.45344408756
2023-03-31 11:30:00,164220.10198246056,164207.5449194715
2023-03-31 15:30:00,164207.18137197924,164207.56176214694
2023-03-31 19:30:00,164197.62698497638,164207.50042875294
2023-03-31 23:30:00,164206.23064341093,164207.46924837667
2023-04-01 03:30:00,164209.0365523656,164207.48332035297
2023-04-01 07:30:00,164203.01030710383,164207.4856765255
2023-04-01 11:30:00,164208.23550501274,164207.47910289947
2023-04-01 15:30:00,164205.0203846732,164207.46525441005
2023-04-01 19:30:00,164204.60988188323,164207.43165927858
2023-04-01 23:30:00,164207.00476350926,164207.3745766501
2023-04-02 03:30:00,164211.90243209002,164207.36047647483
2023-04-02 07:30:00,164203.29355343507,164207.37832931016
2023-04-02 11:30:00,164209.81299851864,164207.3976217118
2023-04-02 15:30:00,164209.23090844866,164207.40907975388
2023-04-02 19:30:00,164207.71505550458,164207.4432045513
2023-04-02 23:30:00,164209.73537457018,164207.48526705932
2023-04-03 03:30:00,164215.6537613766,164207.52074519964
2023-04-03 07:30:00,164203.88511058548,164207.4981636182
2023-04-03 11:30:00,164205.17914553641,164207.56797101593
2023-04-03 19:30:00,164208.07758462397,164207.6066941695
2023-04-03 23:30:00,164212.27483801453,164207.64344121792
2023-04-04 07:30:00,164209.11832389678,164207.67368740359
2023-04-04 11:30:00,164208.63918454794,164207.69429501187
2023-04-04 19:30:00,164208.038686,164207.7438673069
2023-04-04 23:30:00,164207.2983862317,164207.76202211255
2023-04-05 11:30:00,164207.93462666962,164207.79964427673
2023-04-05 15:30:00,164209.4224898258,164207.7739849488
2023-04-05 19:30:00,164210.0932602319,164207.8204518599
2023-04-05 23:30:00,164206.84105837814,164207.8451257815
2023-04-06 03:30:00,164213.935940238,164207.78502627893
2023-04-06 07:30:00,164207.7204591533,164207.7989671126
2023-04-06 11:30:00,164208.50073019086,164207.81465536414
2023-04-06 15:30:00,164214.01931929498,164207.7891553051
2023-04-06 19:30:00,164211.52087465228,164207.84704592294
2023-04-06 23:30:00,164208.74755690424,164207.86229870678
2023-04-07 03:30:00,164213.82546677717,164207.8413931975
2023-04-07 07:30:00,164210.58568100428,164207.8489866789
2023-04-07 11:30:00,164208.2629256291,164207.8639259156
2023-04-07 15:30:00,164216.09106378406,164207.87628736065
2023-04-07 19:30:00,164215.09528031762,164207.97651886873
2023-04-07 23:30:00,164205.2257747578,164207.96837533193
2023-04-08 03:30:00,164207.94303376216,164207.88684312918
2023-04-08 07:30:00,164211.6698108714,164207.87482741947
2023-04-08 11:30:00,164209.9639755772,164207.92384447283
2023-04-08 15:30:00,164216.7070686049,164207.9797885756
2023-04-08 19:30:00,164216.72178863586,164208.00935537778
2023-04-08 23:30:00,164194.80805057794,164207.93621823617
2023-04-09 03:30:00,164196.72218439484,164207.82814996867
2023-04-09 07:30:00,164224.31248534218,164207.88265616997
2023-04-09 11:30:00,164208.4424291013,164207.91331437897
2023-04-09 15:30:00,164205.02983900905,164207.8638862646
2023-04-09 19:30:00,164213.63619112104,164207.87117460402
2023-04-09 23:30:00,164209.69034618617,164207.8849000526
2023-04-10 03:30:00,164203.3450820777,164207.86001079826
2023-04-10 07:30:00,164213.9468416173,164207.87790226567
2023-04-10 11:30:00,164209.97698896567,164207.89523973144
2023-04-10 15:30:00,164206.786729366,164207.84577366093
2023-04-10 19:30:00,164218.12348660603,164207.86571267823
2023-04-10 23:30:00,164210.71021138283,164207.9110057187
2023-04-11 03:30:00,164206.32774605686,164207.9050946445
2023-04-11 07:30:00,164213.77917102663,164207.9422723431
2023-04-11 11:30:00,164209.76083155003,164207.9733292527
2023-04-11 19:30:00,164217.59990747806,164208.01368788
2023-04-11 23:30:00,164209.39983064152,164208.0171685551
2023-04-12 03:30:00,164189.10286232227,164207.97056691878
2023-04-12 07:30:00,164213.52680594588,164207.9653282825
2023-04-12 11:30:00,164209.35275798998,164207.95406229037
2023-04-12 15:30:00,164208.67670527508,164207.95863598015
2023-04-12 19:30:00,164211.17536265185,164207.9788669655
2023-04-12 23:30:00,164211.6420960518,164208.02142573465
2023-04-13 03:30:00,164199.22141370655,164207.99524634355
2023-04-13 07:30:00,164210.64576427036,164207.9920376785
2023-04-13 11:30:00,164215.626179664,164208.084999836
2023-04-13 15:30:00,164213.41605637714,164208.151930688
2023-04-13 19:30:00,164218.95029639298,164208.22530886254
2023-04-13 23:30:00,164215.9821905259,164208.25042564946
2023-04-14 03:30:00,164208.21581207414,164208.3716355348
2023-04-14 07:30:00,164208.93517027493,164208.37515762693
2023-04-14 11:30:00,164212.81667411793,164208.34600484607
2023-04-14 15:30:00,164202.46120333578,164208.31400975518
2023-04-14 19:30:00,164204.84847843114,164208.29799972527
2023-04-14 23:30:00,164206.7227896822,164208.28821581195
2023-04-15 03:30:00,164202.34749647707,164208.29550876335
2023-04-15 07:30:00,164208.76767533759,164208.34844830856
2023-04-15 11:30:00,164217.3348162117,164208.39599315528
2023-04-15 15:30:00,164202.64610238682,164208.38747812973
2023-04-15 19:30:00,164210.3309971404,164208.45416433987
2023-04-15 23:30:00,164214.02808280685,164208.45836709725
2023-04-16 03:30:00,164204.15340774355,164208.4566950787
2023-04-16 07:30:00,164200.59313877448,164208.4318081466
2023-04-16 11:30:00,164210.1013161551,164208.39669385515
2023-04-16 15:30:00,164206.7447463436,164208.38649664825
2023-04-16 19:30:00,164208.4828684364,164208.46554798697
2023-04-16 23:30:00,164213.89587584566,164208.46284483594
2023-04-17 03:30:00,164213.30367937215,164208.49274313293
2023-04-17 07:30:00,164204.62259476923,164208.51511997427
2023-04-17 11:30:00,164212.4299049545,164208.59727594545
2023-04-17 15:30:00,164211.71561710243,164208.6150972994
2023-04-17 19:30:00,164206.3739061923,164208.64811838887
2023-04-17 23:30:00,164212.3740953663,164208.67097714337
2023-04-18 03:30:00,164210.10956206205,164208.64686014518
2023-04-18 07:30:00,164203.23542332355,164208.6709804709
2023-04-18 11:30:00,164210.31777956596,164208.68102192882
2023-04-18 15:30:00,164208.625010956,164208.68068246834
2023-04-18 19:30:00,164202.35577106645,164208.6639102676
2023-04-18 23:30:00,164213.55349555018,164208.68028288713
2023-04-19 03:30:00,164210.01455142308,164208.63232205948
2023-04-19 07:30:00,164205.06882196077,164208.61036241666
2023-04-19 11:30:00,164211.13586155287,164208.64887039328
2023-04-19 15:30:00,164214.7419256131,164208.66999387738
2023-04-19 19:30:00,164202.41097464153,164208.6322889422
2023-04-19 23:30:00,164208.39280846005,164208.63085492732
2023-04-20 03:30:00,164216.45070760924,164208.6194570067
2023-04-20 07:30:00,164206.65125543706,164208.60774152115
2023-04-20 11:30:00,164212.86293708993,164208.60897407043
2023-04-20 15:30:00,164218.38950741434,164208.6668470488
2023-04-20 19:30:00,164206.3764177863,164208.67622065995
2023-04-20 23:30:00,164208.4576021009,164208.70412165893
2023-04-21 03:30:00,164214.23392976905,164208.6959085466
2023-04-21 07:30:00,164201.05755205287,164208.67539854787
2023-04-21 11:30:00,164198.48849003107,164208.65920428914
2023-04-21 15:30:00,164208.76934350556,164208.63910922807
2023-04-22 03:30:00,164210.8447568273,164208.63233546467
2023-04-22 07:30:00,164224.4251483423,164208.72799646907
2023-04-22 11:30:00,164211.66329523595,164208.75388117123
2023-04-22 15:30:00,164212.98765240787,164208.7428827264
2023-04-22 19:30:00,164207.66469363964,164208.7320557873
2023-04-22 23:30:00,164202.5501914067,164208.70071254554
2023-04-23 03:30:00,164214.55391015334,164208.70861838094
2023-04-23 07:30:00,164213.48020584843,164208.71069623
2023-04-23 11:30:00,164212.47206378725,164208.74317109832
2023-04-23 15:30:00,164212.4996664713,164208.74265887486
2023-04-23 19:30:00,164194.00107923857,164208.62563765896
2023-04-23 23:30:00,164201.40895834085,164208.59212975597
2023-04-24 03:30:00,164198.44495325407,164208.5106997508
2023-04-24 07:30:00,164219.73634832844,164208.55425945562
2023-04-24 11:30:00,164216.1152583475,164208.61473164006
2023-04-24 15:30:00,164202.49173844844,164208.56685499396
2023-04-24 19:30:00,164207.70421436595,164208.55646893516
2023-04-24 23:30:00,164202.44765988938,164208.57929974815
2023-04-25 07:30:00,164223.78355471106,164208.6611534855
2023-04-25 11:30:00,164210.350234612,164208.72346007422
2023-04-25 15:30:00,164212.7136890366,164208.80804140164
2023-04-25 19:30:00,164215.19900093204,164208.85925806625
2023-04-25 23:30:00,164212.41075832542,164208.88083280873
2023-04-26 03:30:00,164207.66376469765,164208.87363122223
2023-04-26 07:30:00,164208.74305728707,164208.86874957822
2023-04-26 11:30:00,164212.71363193015,164208.8996124273
2023-04-26 15:30:00,164204.30890356144,164208.90868217297
2023-04-26 19:30:00,164194.56079142596,164208.8168723686
2023-04-26 23:30:00,164205.68729336755,164208.79760528138
2023-04-27 03:30:00,164207.43566667533,164208.78284557065
2023-04-27 07:30:00,164226.7480415329,164208.8839030875
2023-04-27 11:30:00,164206.27019195765,164208.91555068048
2023-04-27 15:30:00,164207.74069194647,164208.9280197793
2023-04-27 19:30:00,164201.56403301778,164208.87870696816
2023-04-27 23:30:00,164201.89668384613,164208.8256734004
2023-04-28 03:30:00,164201.1914776678,164208.79819660948
2023-04-28 07:30:00,164198.7860770042,164208.73626397242
2023-04-28 11:30:00,164210.77159827354,164208.76481430948
2023-04-28 15:30:00,164212.4064212252,164208.81950209104
2023-04-28 19:30:00,164203.35974888867,164208.87041950537
2023-04-28 23:30:00,164212.75930293763,164208.96822730522
2023-04-29 03:30:00,164200.36940206468,164208.9608458984
2023-04-29 07:30:00,164202.65927447935,164208.8644870809
2023-04-29 11:30:00,164214.87778388144,164208.89985941502
2023-04-29 15:30:00,164209.15988857782,164208.96663354718
2023-04-29 19:30:00,164204.9719061686,164208.9468190349
2023-04-29 23:30:00,164218.4258192496,164209.02484939084
2023-04-30 03:30:00,164203.54072800282,164209.01744788006
2023-04-30 07:30:00,164207.24371746992,164209.00707518763
2023-04-30 11:30:00,164213.95805195573,164208.97114576944
2023-04-30 15:30:00,164211.48295056008,164208.99630119978
2023-04-30 19:30:00,164213.02919773522,164209.08637261938
2023-04-30 23:30:00,164213.5120173202,164209.12895375336
2023-05-01 03:30:00,164211.6374022626,164209.14416340188
2023-05-01 07:30:00,164206.69367145465,164209.1657035443
2023-05-01 11:30:00,164212.65257552458,164209.191534366
2023-05-01 15:30:00,164209.87357755922,164209.21991561094
2023-05-01 19:30:00,164212.24392429524,164209.26455913385
2023-05-01 23:30:00,164205.08931532246,164209.25335768246
2023-05-02 03:30:00,164198.62527395703,164209.17571348284
2023-05-02 07:30:00,164200.77799278058,164209.16100260185
2023-05-02 11:30:00,164206.18240479496,164209.1397710596
2023-05-02 15:30:00,164216.7212907976,164209.18357446513
2023-05-02 19:30:00,164210.35059446486,164209.19898697367
2023-05-02 23:30:00,164211.1349578101,164209.20717167098
2023-05-03 03:30:00,164206.02512737532,164209.15086386979
2023-05-03 07:30:00,164207.6573552584,164209.1729237802
2023-05-03 11:30:00,164211.8756254605,164209.2120844815
2023-05-03 15:30:00,164212.10218437124,164209.2288873878
2023-05-03 19:30:00,164209.03552672602,164209.23445681864
2023-05-03 23:30:00,164203.02153748902,164209.18065855975
2023-05-04 03:30:00,164208.8100840183,164209.1785165104
2023-05-04 07:30:00,164214.8251790954,164209.2115041127
2023-05-04 11:30:00,164214.45476483708,164209.24512018374
2023-05-04 15:30:00,164213.23177755438,164209.26803200768
2023-05-04 19:30:00,164208.14825084168,164209.26866169073
2023-05-04 23:30:00,164208.22791638094,164209.27400381796
2023-05-05 03:30:00,164205.43005794522,164209.252038413
2023-05-05 07:30:00,164207.91202350834,164209.24442469192
2023-05-05 11:30:00,164203.76112911385,164209.22071163767
2023-05-05 15:30:00,164205.76233108348,164209.19991528115
2023-05-05 19:30:00,164211.161064969,164209.20598235354
2023-05-05 23:30:00,164199.9928305344,164209.16707196808
2023-05-06 03:30:00,164209.4209371141,164209.14141854126
2023-05-06 07:30:00,164209.17788101657,164209.14969934727
2023-05-06 11:30:00,164208.68060348695,164209.15072135464
2023-05-06 15:30:00,164216.3971373542,164209.16423168452
2023-05-06 19:30:00,164208.34150309218,164209.1461670734
2023-05-06 23:30:00,164209.68996797188,164209.15152168172
2023-05-07 03:30:00,164210.0933098531,164209.13031624464
2023-05-07 07:30:00,164208.39582024465,164209.11787385397
2023-05-07 11:30:00,164211.98244834633,164209.1390075058
2023-05-07 15:30:00,164204.6455417962,164209.0739761308
2023-05-07 19:30:00,164205.69954846174,164209.02059129075
2023-05-07 23:30:00,164211.22469005222,164209.05467603676
2023-05-08 03:30:00,164214.8645102735,164209.09400260783
2023-05-08 07:30:00,164214.22425826226,164209.10851651346
2023-05-08 11:30:00,164208.23982770322,164209.09872021872
2023-05-08 15:30:00,164217.44765856833,164209.10292811625
2023-05-08 19:30:00,164209.9516849919,164209.06446161825
2023-05-08 23:30:00,164211.1366073246,164209.15723750886
2023-05-09 03:30:00,164211.82049660163,164209.24302337368
2023-05-09 07:30:00,164209.78931040337,164209.1605053343
2023-05-09 11:30:00,164203.304997119,164209.13131537978
2023-05-09 15:30:00,164203.31388991704,164209.12156566905
2023-05-09 19:30:00,164214.34815698743,164209.12561092968
2023-05-09 23:30:00,164212.15578965843,164209.13961913122
2023-05-10 03:30:00,164216.22365997048,164209.21279286922
2023-05-10 07:30:00,164220.96978741066,164209.2526959703
2023-05-10 11:30:00,164211.9150485015,164209.26370767227
2023-05-10 15:30:00,164214.26936526675,164209.30622264894
2023-05-10 19:30:00,164212.82927554386,164209.27614190427
2023-05-10 23:30:00,164208.8713163933,164209.26569363728
2023-05-11 03:30:00,164208.03099157818,164209.27537116868
2023-05-11 07:30:00,164206.92060023642,164209.23640201645
2023-05-11 11:30:00,164205.9461719953,164209.21472781445
2023-05-11 15:30:00,164214.57724551088,164209.2450245246
2023-05-11 19:30:00,164207.64501109114,164209.18878217213
2023-05-11 23:30:00,164213.34501001376,164209.21107132113
2023-05-12 03:30:00,164210.43506234154,164209.3315922252
2023-05-12 07:30:00,164215.2939387401,164209.34157602626
2023-05-12 11:30:00,164209.95466344937,164209.34497662212
2023-05-12 15:30:00,164208.17594448075,164209.34214746507
2023-05-12 19:30:00,164209.00204133752,164209.32986881357
2023-05-12 23:30:00,164197.86233574868,164209.25201706044
2023-05-13 03:30:00,164201.08119967725,164209.2625243258
2023-05-13 07:30:00,164205.1218338509,164209.23131567938
2023-05-13 11:30:00,164210.58672468588,164209.20284418232
2023-05-13 15:30:00,164212.51440131816,164209.19775008594
2023-05-13 19:30:00,164212.92366049695,164209.1637012956
2023-05-13 23:30:00,164211.9571052182,164209.1409607006
2023-05-14 03:30:00,164207.81458193122,164209.13869386364
2023-05-14 07:30:00,164208.00349795484,164209.13343017822
2023-05-14 11:30:00,164215.1236116633,164209.14646372368
2023-05-14 15:30:00,164209.26509582123,164209.18490379423
2023-05-14 19:30:00,164210.01192268947,164209.2140757957
2023-05-14 23:30:00,164219.699021385,164209.2873878392
2023-05-15 03:30:00,164215.7853263975,164209.36330778227
2023-05-15 07:30:00,164211.22756223605,164209.3772054483
2023-05-15 11:30:00,164212.9716933294,164209.35255503657
2023-05-15 15:30:00,164215.540256248,164209.42540336348
2023-05-15 19:30:00,164208.77650507007,164209.41662092236
2023-05-15 23:30:00,164212.58382737855,164209.40846128718
2023-05-16 03:30:00,164208.17174373966,164209.43116375047
2023-05-16 07:30:00,164201.9323083142,164209.43872968009
2023-05-16 11:30:00,164208.13560955715,164209.42762399308
2023-05-16 15:30:00,164211.7076562904,164209.45566303233
2023-05-16 19:30:00,164208.3856230019,164209.4551136231
2023-05-16 23:30:00,164207.8439310657,164209.4209218447
2023-05-17 03:30:00,164210.52218456948,164209.40520718475
2023-05-17 07:30:00,164204.33437760067,164209.4035788392
2023-05-17 11:30:00,164211.30983068122,164209.39725073596
2023-05-17 15:30:00,164210.0269475698,164209.38771023013
2023-05-17 19:30:00,164207.35536092607,164209.39325517212
2023-05-17 23:30:00,164207.54290706068,164209.3659603229
2023-05-18 03:30:00,164209.0971872797,164209.3602406914
2023-05-18 07:30:00,164215.22390653758,164209.42797223496
2023-05-18 11:30:00,164220.08966903377,164209.48318065002
2023-05-18 15:30:00,164218.43839435923,164209.5386234941
2023-05-18 19:30:00,164210.4835660411,164209.58454323973
2023-05-18 23:30:00,164204.6932030489,164209.53448509
2023-05-19 03:30:00,164211.29270920725,164209.54170632045
2023-05-19 07:30:00,164211.78365695433,164209.5796432413
2023-05-19 11:30:00,164210.9204457252,164209.57842620273
2023-05-19 15:30:00,164196.70111337357,164209.47650070983
2023-05-19 19:30:00,164198.82284989583,164209.45622881863
2023-05-19 23:30:00,164200.81279369743,164209.41340387648
2023-05-20 03:30:00,164215.38007335967,164209.40735509538
2023-05-20 07:30:00,164211.8993288019,164209.4370052274
2023-05-20 11:30:00,164218.15399407595,164209.46689820473
2023-05-20 15:30:00,164213.01036728633,164209.43650758255
2023-05-20 19:30:00,164205.10167750524,164209.42930566004
2023-05-20 23:30:00,164200.66497492918,164209.3852795178
2023-05-21 03:30:00,164202.7949260545,164209.3206523782
2023-05-21 07:30:00,164207.98968714176,164209.35981698323
2023-05-21 11:30:00,164210.71763507742,164209.42890819817
2023-05-21 15:30:00,164206.73093611977,164209.4173917723
2023-05-21 19:30:00,164209.3420204886,164209.4169683381
2023-05-21 23:30:00,164206.13920527077,164209.39865681258
2023-05-22 03:30:00,164212.1519052071,164209.4059593175
2023-05-22 07:30:00,164207.42911147294,164209.31100939083
2023-05-22 11:30:00,164209.86460219178,164209.30096082634
2023-05-22 15:30:00,164212.43093535627,164209.2978506752
2023-05-22 19:30:00,164207.7348907861,164209.29824283806
2023-05-22 23:30:00,164198.7546731632,164209.27703882553
2023-05-23 03:30:00,164206.2067724145,164209.23040677112
2023-05-23 07:30:00,164210.6585810265,164209.21464350395
2023-05-23 11:30:00,164219.66229926166,164209.25481241723
2023-05-23 15:30:00,164213.47014440008,164209.26023408165
2023-05-23 19:30:00,164211.0750002802,164209.35561911538
2023-05-23 23:30:00,164204.84609637046,164209.37482100382
2023-05-24 03:30:00,164206.70445334812,164209.42096346244
2023-05-24 07:30:00,164212.37984477635,164209.37986567718
2023-05-24 11:30:00,164210.77974155208,164209.35005832082
2023-05-24 15:30:00,164211.39892667028,164209.39981914888
2023-05-24 19:30:00,164200.9612098554,164209.36214873262
2023-05-24 23:30:00,164193.3100487351,164209.31110062564
2023-05-25 03:30:00,164202.6855689053,164209.27429211602
2023-05-25 07:30:00,164205.33257795047,164209.17178668958
2023-05-25 11:30:00,164206.56755035007,164209.15077177703
2023-05-25 15:30:00,164209.21160802274,164209.1313157714
2023-05-25 19:30:00,164205.30948993107,164209.07637404362
2023-05-25 23:30:00,164206.09040079714,164209.04126094625
2023-05-26 03:30:00,164190.82857533375,164208.94773211647
2023-05-26 07:30:00,164210.67832455275,164208.95848360125
2023-05-26 11:30:00,164205.53424554868,164208.91859812135
2023-05-26 15:30:00,164207.56514722423,164208.93668836393
2023-05-26 19:30:00,164209.31603058346,164209.0186619148
2023-05-26 23:30:00,164206.57264580167,164209.02358053945
2023-05-27 03:30:00,164198.72681962594,164208.97519805582
2023-05-27 07:30:00,164208.6594745921,164208.8747060173
2023-05-27 11:30:00,164204.94815695987,164208.86736137842
2023-05-27 15:30:00,164211.8477023858,164208.89017810306
2023-05-27 19:30:00,164216.48584500962,164208.9730770586
2023-05-27 23:30:00,164211.1572995067,164209.02452492333
2023-05-28 03:30:00,164207.24535444257,164209.05815757212
2023-05-28 07:30:00,164206.21764743875,164209.09944407453
2023-05-28 11:30:00,164212.0013345956,164209.106275943
2023-05-28 15:30:00,164214.4422488485,164209.11758609643
2023-05-28 19:30:00,164212.4275372282,164209.16796269832
2023-05-28 23:30:00,164205.62956489425,164209.1283530425
2023-05-29 03:30:00,164207.42591852005,164209.16755591173
2023-05-29 07:30:00,164204.47860617645,164209.17766331002
2023-05-29 11:30:00,164203.39987326207,164209.11389713993
2023-05-29 15:30:00,164210.73334178305,164209.12263854663
2023-05-29 19:30:00,164209.6479272194,164209.14861644138
2023-05-29 23:30:00,164211.92470271693,164209.11249912728
2023-05-30 03:30:00,164202.73062369126,164209.10799854778
2023-05-30 07:30:00,164198.8917573582,164209.06159876936
2023-05-30 11:30:00,164209.12829476656,164209.034766785
2023-05-30 15:30:00,164209.58193104775,164209.02420556548
2023-05-30 19:30:00,164209.06392970652,164209.00217629864
2023-05-30 23:30:00,164207.6402718417,164208.96955549045
2023-05-31 03:30:00,164201.69223193158,164208.91430454416
2023-05-31 07:30:00,164209.14663653198,164208.9279321279
2023-05-31 11:30:00,164213.65154585795,164208.93348196312
2023-05-31 15:30:00,164214.55838776205,164208.95950868644
2023-05-31 19:30:00,164209.65342700758,164208.94511703486
2023-05-31 23:30:00,164202.36911567007,164208.93000481455
2023-06-01 03:30:00,164202.8689427793,164208.95358075245
2023-06-01 07:30:00,164205.7725829973,164208.98132847587
2023-06-01 11:30:00,164207.55443385735,164208.98895085958
2023-06-01 15:30:00,164208.82780299714,164208.94509814956
2023-06-01 19:30:00,164212.0274387234,164208.954413951
2023-06-01 23:30:00,164207.60662065665,164208.9348120779
2023-06-02 03:30:00,164202.7759782727,164208.9167612496
2023-06-02 07:30:00,164207.59910898824,164208.9164376592
2023-06-02 11:30:00,164205.57068654822,164208.88141022075
2023-06-02 15:30:00,164212.34735868557,164208.8827723003
2023-06-02 19:30:00,164212.2896735191,164208.9008508936
2023-06-02 23:30:00,164208.15103800158,164208.9293481187
2023-06-03 03:30:00,164208.33452499175,164208.92670612407
2023-06-03 07:30:00,164207.13442279448,164208.88397970016
2023-06-03 11:30:00,164207.642188927,164208.84613205623
2023-06-03 15:30:00,164209.84666860627,164208.8273258954
2023-06-03 19:30:00,164208.24331812383,164208.82785404698
2023-06-03 23:30:00,164208.00955895378,164208.82664095017
2023-06-04 03:30:00,164213.34027128355,164208.8705865798
2023-06-04 07:30:00,164205.3584946874,164208.85640030864
2023-06-04 11:30:00,164214.04976636358,164208.91355940443
2023-06-04 15:30:00,164210.46512463756,164208.93968603527
2023-06-04 19:30:00,164209.28517330388,164208.92926441494
2023-06-04 23:30:00,164208.39951920154,164208.97596824085
2023-06-05 03:30:00,164210.64284998793,164208.9827566457
2023-06-05 07:30:00,164208.35050561215,164208.9781601157
2023-06-05 11:30:00,164204.34264432042,164208.95406034254
2023-06-05 15:30:00,164206.86708151991,164208.9011155879
2023-06-05 19:30:00,164205.13863695192,164208.88332188714
2023-06-05 23:30:00,164192.55982163193,164208.78815440746
2023-06-06 03:30:00,164215.66864818704,164208.8191285093
2023-06-06 07:30:00,164205.9754015828,164208.80568173897
2023-06-06 11:30:00,164212.09797806133,164208.8063235707
2023-06-06 15:30:00,164209.18774042875,164208.83155800757
2023-06-06 19:30:00,164216.146371428,164208.88959591294
2023-06-06 23:30:00,164207.9737550897,164208.87153516317
2023-06-07 03:30:00,164208.8027714805,164208.83785883654
2023-06-07 07:30:00,164208.9782287341,164208.80871422804
2023-06-07 11:30:00,164209.03978124852,164208.81315841438
2023-06-07 15:30:00,164207.7569834538,164208.75932133044
2023-06-07 19:30:00,164208.6860197255,164208.75228985673
2023-06-07 23:30:00,164208.01084276344,164208.73492449807
2023-06-08 03:30:00,164216.60966236654,164208.76153097453
2023-06-08 07:30:00,164213.86556771648,164208.78417684845
2023-06-08 11:30:00,164204.64740680307,164208.79163468006
2023-06-08 15:30:00,164208.02828317464,164208.8178257537
2023-06-08 19:30:00,164210.08983164473,164208.79416839068
2023-06-08 23:30:00,164204.58921003705,164208.75213183725
2023-06-09 03:30:00,164203.51394941966,164208.6815223342
2023-06-09 07:30:00,164213.61980745377,164208.6406891122
2023-06-09 11:30:00,164207.93019615745,164208.61855104362
2023-06-09 15:30:00,164206.39321745664,164208.5747946669
2023-06-09 19:30:00,164214.6392274061,164208.58484995505
2023-06-09 23:30:00,164214.33893935697,164208.61522563818
2023-06-10 03:30:00,164210.93618020427,164208.63136557495
2023-06-10 07:30:00,164211.90373237806,164208.65904964242
2023-06-10 11:30:00,164215.94351131533,164208.7145904164
2023-06-10 15:30:00,164209.06088194766,164208.68394395217
2023-06-10 19:30:00,164209.0040492259,164208.69149416403
2023-06-10 23:30:00,164212.444679486,164208.68649232778
2023-06-11 03:30:00,164206.93678831437,164208.66705747205
2023-06-11 07:30:00,164209.4838879131,164208.63477941192
2023-06-11 11:30:00,164211.64490571988,164208.64416964675
2023-06-11 15:30:00,164204.5931904308,164208.6242654576
2023-06-11 19:30:00,164200.85145142768,164208.57898440253
2023-06-11 23:30:00,164209.74915273217,164208.64502227464
2023-06-12 03:30:00,164205.95290580948,164208.67208730872
2023-06-12 07:30:00,164204.01139413577,164208.6659181992
2023-06-12 11:30:00,164213.6922366722,164208.68317104358
2023-06-12 15:30:00,164212.3365030214,164208.6821827197
2023-06-12 19:30:00,164208.67079780583,164208.65855570475
2023-06-12 23:30:00,164211.72876212953,164208.65728713205
2023-06-13 03:30:00,164210.01515162256,164208.6695125192
2023-06-13 07:30:00,164211.59328720465,164208.68945579283
2023-06-13 11:30:00,164217.989434077,164208.70537702844
2023-06-13 15:30:00,164214.79068361878,164208.73607473844
2023-06-13 19:30:00,164208.93406232024,164208.73008662526
2023-06-13 23:30:00,164211.053099704,164208.68205372707
2023-06-14 03:30:00,164213.2884656482,164208.66818227843
2023-06-14 07:30:00,164195.4990237562,164208.58080150912
2023-06-14 11:30:00,164203.81105850873,164208.52990909343
2023-06-14 15:30:00,164212.16459976305,164208.51115544626
2023-06-14 19:30:00,164205.56355303258,164208.49330571276
2023-06-14 23:30:00,164209.00474019404,164208.4734218951
2023-06-15 03:30:00,164207.4644476114,164208.46949247213
2023-06-15 07:30:00,164200.08602898207,164208.45923536475
2023-06-15 11:30:00,164202.39619886762,164208.42734974978
2023-06-15 15:30:00,164206.04856268244,164208.39591034086
2023-06-15 19:30:00,164201.76293742712,164208.3591176432
2023-06-15 23:30:00,164198.8126713567,164208.3089439782
2023-06-16 03:30:00,164201.35223496982,164208.25799981374
2023-06-16 07:30:00,164203.44667946035,164208.25306815738
2023-06-16 11:30:00,164204.72506900516,164208.21648614807
2023-06-16 15:30:00,164204.29715755448,164208.18465398133
2023-06-16 19:30:00,164198.9728970216,164208.13808473738
2023-06-16 23:30:00,164198.91591738857,164208.09015701702
2023-06-17 03:30:00,164201.30711456778,164208.04687883527
2023-06-17 07:30:00,164198.95033207184,164207.95647008828
2023-06-17 11:30:00,164196.44517232315,164207.82511177319
2023-06-17 15:30:00,164208.5549087714,164207.77020351993
2023-06-17 19:30:00,164205.15950322076,164207.74062539314
2023-06-17 23:30:00,164200.72547036217,164207.7185824338
2023-06-18 03:30:00,164203.7843627839,164207.67686939807
2023-06-18 07:30:00,164198.97938666944,164207.6057345632
2023-06-18 11:30:00,164205.2283443146,164207.57411177756
2023-06-18 15:30:00,164212.51593455323,164207.66197189523
2023-06-18 19:30:00,164218.54234370365,164207.7715246386
2023-06-18 23:30:00,164214.25667814614,164207.84621288555
2023-06-19 03:30:00,164224.2150416332,164207.8952960426
2023-06-19 07:30:00,164215.99742520772,164207.91806324484
2023-06-19 11:30:00,164204.9606646815,164207.84476697043
2023-06-19 15:30:00,164226.49233620064,164207.91966679774
2023-06-19 19:30:00,164216.8651380209,164207.98501935616
2023-06-19 23:30:00,164212.8762081393,164208.05285954068
2023-06-20 03:30:00,164212.89342163363,164208.10896229392
2023-06-20 07:30:00,164215.7297777421,164208.15196279722
2023-06-20 11:30:00,164221.01434113723,164208.20916671975
2023-06-20 15:30:00,164224.74096129928,164208.3092224152
2023-06-20 19:30:00,164224.01630013305,164208.39074619103
2023-06-20 23:30:00,164214.76000300748,164208.4386395118
2023-06-21 03:30:00,164211.95806645488,164208.4375626298
2023-06-21 07:30:00,164213.31066663534,164208.47023793627
2023-06-21 11:30:00,164215.6277155316,164208.50225523263
2023-06-21 15:30:00,164220.31879237908,164208.54607666054
2023-06-21 19:30:00,164214.32675376948,164208.58269812155
2023-06-21 23:30:00,164207.44444784417,164208.63097464753
2023-06-22 03:30:00,164205.0134393515,164208.6243450194
2023-06-22 07:30:00,164206.76767767392,164208.60272888967
2023-06-22 11:30:00,164190.30242869278,164208.43961849765
2023-06-22 15:30:00,164200.66729731945,164208.3684915694
2023-06-22 19:30:00,164212.77852323343,164208.37795558583
2023-06-22 23:30:00,164201.62299170907,164208.36004944882
2023-06-23 03:30:00,164218.85970386924,164208.42757861834
2023-06-23 07:30:00,164215.3708162979,164208.44419512685
2023-06-23 11:30:00,164208.6603937398,164208.43242097233
2023-06-23 15:30:00,164209.74018199585,164208.4232057241
2023-06-23 19:30:00,164211.83119427518,164208.48359452648
2023-06-23 23:30:00,164206.55217718668,164208.55716190673
2023-06-24 03:30:00,164204.55770768388,164208.56756267775
2023-06-24 07:30:00,164212.3105186489,164208.60632901496
2023-06-24 11:30:00,164208.8405298159,164208.61895667866
2023-06-24 15:30:00,164219.1486294023,164208.67416235298
2023-06-24 19:30:00,164215.73093994014,164208.73205929744
2023-06-24 23:30:00,164210.7980863156,164208.7582131059
2023-06-25 03:30:00,164212.67894039696,164208.87960402292
2023-06-25 07:30:00,164215.47516119236,164208.90625311533
2023-06-25 11:30:00,164208.28292494343,164208.92152355643
2023-06-25 15:30:00,164209.13147573202,164208.9302253815
2023-06-25 19:30:00,164212.08317331062,164208.94559839668
2023-06-25 23:30:00,164208.41685325417,164208.95584399358
2023-06-26 03:30:00,164209.64704196298,164209.0165118955
2023-06-26 07:30:00,164210.3635337234,164209.02597889066
2023-06-26 11:30:00,164213.00105030183,164209.070717187
2023-06-26 15:30:00,164204.33612678587,164209.02898621143
2023-06-26 19:30:00,164209.99243122875,164208.9929116904
2023-06-26 23:30:00,164210.67355329622,164208.9902242115
2023-06-27 03:30:00,164207.1519526301,164208.9897053125
2023-06-27 07:30:00,164207.30404902395,164208.99574087685
2023-06-27 11:30:00,164209.27819798148,164208.98061234012
2023-06-27 15:30:00,164209.9433312016,164208.9556183532
2023-06-27 19:30:00,164209.82608902137,164208.94116586316
2023-06-27 23:30:00,164213.62208116363,164208.98556873135
2023-06-28 03:30:00,164211.89999325306,164209.01042470208
2023-06-28 07:30:00,164211.1363364326,164209.0474120924
2023-06-28 11:30:00,164210.67789005127,164209.08784551898
2023-06-28 15:30:00,164211.96851000562,164209.09470756465
2023-06-28 19:30:00,164212.26448144406,164209.10924397703
2023-06-28 23:30:00,164215.94147045392,164209.13155935335
2023-06-29 03:30:00,164208.43660077854,164209.16325922604
2023-06-29 07:30:00,164206.0480704275,164209.2030165209
2023-06-29 11:30:00,164213.93121005618,164209.22969938364
2023-06-29 15:30:00,164212.1117400915,164209.2437538783
2023-06-29 19:30:00,164210.0103330914,164209.2490116749
2023-06-29 23:30:00,164215.0216028985,164209.29001906962
2023-06-30 03:30:00,164207.81814058372,164209.3240518955
2023-06-30 07:30:00,164207.82087048807,164209.3166865286
2023-06-30 11:30:00,164214.52760189303,164209.32155350654
2023-06-30 15:30:00,164204.9462551626,164209.2681527699
2023-06-30 19:30:00,164205.65852791403,164209.245958886
2023-06-30 23:30:00,164207.93678012886,164209.27689035528
2023-07-01 03:30:00,164212.78430798784,164209.3319757175
2023-07-01 07:30:00,164205.76973463173,164209.33195989326
2023-07-01 11:30:00,164203.89055999118,164209.31160503844
2023-07-01 15:30:00,164211.67644587724,164209.32743083223
2023-07-01 19:30:00,164205.26297564153,164209.2898504818
2023-07-01 23:30:00,164206.5121993369,164209.28377036334
2023-07-02 03:30:00,164213.08863995224,164209.34106292823
2023-07-02 07:30:00,164209.48739505577,164209.35155340636
2023-07-02 11:30:00,164214.31738238325,164209.400146161
2023-07-02 15:30:00,164213.00470304696,164209.4037980741
2023-07-02 19:30:00,164210.02270755003,164209.39120381873
2023-07-02 23:30:00,164206.07280630467,164209.37965808707
2023-07-03 03:30:00,164207.87933365963,164209.37712924636
2023-07-03 07:30:00,164209.99574057627,164209.39302545626
2023-07-03 11:30:00,164216.05111240412,164209.4397416978
2023-07-03 15:30:00,164219.2827365752,164209.49216429764
2023-07-03 19:30:00,164211.78000137224,164209.51181253788
2023-07-03 23:30:00,164206.0064929563,164209.50068439348
2023-07-04 03:30:00,164210.12104946384,164209.48279982782
2023-07-04 07:30:00,164209.83584606549,164209.50767400212
2023-07-04 11:30:00,164202.38000414005,164209.44284198977
2023-07-04 15:30:00,164208.2882895161,164209.4307484613
2023-07-04 19:30:00,164209.97106817566,164209.43455898837
2023-07-04 23:30:00,164203.44669910474,164209.40704332117
2023-07-05 03:30:00,164210.7655904356,164209.40772521254
2023-07-05 07:30:00,164205.06857995596,164209.38949229225
2023-07-05 11:30:00,164198.45327540918,164209.35677357606
2023-07-05 15:30:00,164212.6596486303,164209.38895450445
2023-07-05 19:30:00,164207.78829428443,164209.40367482294
2023-07-05 23:30:00,164209.43035011194,164209.4973999812
2023-07-06 03:30:00,164204.28197711037,164209.43414069744
2023-07-06 07:30:00,164211.74534887297,164209.46619596015
2023-07-06 11:30:00,164203.9370503981,164209.42085747316
2023-07-06 15:30:00,164206.31838325385,164209.40491659995
2023-07-06 19:30:00,164209.4104415536,164209.36749476733
2023-07-06 23:30:00,164202.68301955285,164209.3381017921
2023-07-07 03:30:00,164206.25826646588,164209.3239656531
2023-07-07 07:30:00,164218.57583361276,164209.37728568027
2023-07-07 11:30:00,164213.44073642962,164209.40173543125
2023-07-07 15:30:00,164214.44047836828,164209.43886595857
2023-07-07 19:30:00,164219.63853027936,164209.49971323943
2023-07-07 23:30:00,164203.92110853974,164209.4769924937
2023-07-08 03:30:00,164209.60585934747,164209.43808247693
2023-07-08 07:30:00,164208.9383069286,164209.41070880592
2023-07-08 11:30:00,164211.003358916,164209.44601965096
2023-07-08 15:30:00,164216.00041049745,164209.49030924722
2023-07-08 19:30:00,164211.9906130025,164209.50086914367
2023-07-08 23:30:00,164208.02549089768,164209.5199595929
2023-07-09 03:30:00,164209.05297490323,164209.55073195664
2023-07-09 07:30:00,164214.48743760344,164209.5555521242
2023-07-09 11:30:00,164208.23797592515,164209.55726201177
2023-07-09 15:30:00,164210.53879899203,164209.5802930203
2023-07-09 19:30:00,164212.25739414475,164209.56706061328
2023-07-09 23:30:00,164210.57856882826,164209.5461696659
2023-07-10 03:30:00,164208.3290911858,164209.531685838
2023-07-10 07:30:00,164216.02310163158,164209.55457122275
2023-07-10 11:30:00,164212.25209727444,164209.53406336697
2023-07-10 15:30:00,164204.51689367773,164209.50881898767
2023-07-10 19:30:00,164214.49411437803,164209.53931934966
2023-07-10 23:30:00,164206.945840661,164209.50877024507
2023-07-11 03:30:00,164208.35296756317,164209.5166379076
2023-07-11 07:30:00,164210.32713046012,164209.5213225884
2023-07-11 11:30:00,164214.80482643662,164209.53887770348
2023-07-11 15:30:00,164208.6579640832,164209.56145977933
2023-07-11 19:30:00,164209.1852547722,164209.6077586868
2023-07-11 23:30:00,164208.6300506821,164209.6015414532
2023-07-12 03:30:00,164204.08832281487,164209.59118265877
2023-07-12 07:30:00,164201.79139170583,164209.57884931192
2023-07-12 11:30:00,164210.80691866874,164209.56281976745
2023-07-12 15:30:00,164210.19474722038,164209.55092112412
2023-07-12 19:30:00,164209.95664074653,164209.55806469603
2023-07-12 23:30:00,164214.78708621667,164209.5750553854
2023-07-13 03:30:00,164211.80778191105,164209.58501444256
2023-07-13 07:30:00,164206.44621711946,164209.55641960874
2023-07-13 11:30:00,164201.6391325258,164209.46558460014
2023-07-13 15:30:00,164210.0620352232,164209.43931433125
2023-07-13 19:30:00,164208.88775521598,164209.43905706957
2023-07-13 23:30:00,164208.57605392855,164209.42529570416
2023-07-14 03:30:00,164215.8177149736,164209.43934708927
2023-07-14 07:30:00,164201.08033725183,164209.4703543865
2023-07-14 11:30:00,164204.23727705854,164209.47272226735
2023-07-14 15:30:00,164215.2545874806,164209.48988886576
2023-07-14 19:30:00,164210.12575044486,164209.51523440698
2023-07-14 23:30:00,164209.05479079613,164209.51551246582
2023-07-15 03:30:00,164208.8640661129,164209.52328812418
2023-07-15 07:30:00,164204.8845627381,164209.54994664504
2023-07-15 11:30:00,164200.46114876415,164209.5391963667
2023-07-15 15:30:00,164210.7317625396,164209.56521414366
2023-07-15 19:30:00,164210.6492373766,164209.61458247676
2023-07-15 23:30:00,164210.80448384793,164209.68120365724
2023-07-16 03:30:00,164216.08652220355,164209.76306080853
2023-07-16 07:30:00,164209.2215881644,164209.79514363466
2023-07-16 11:30:00,164203.16782080205,164209.78649225578
2023-07-16 15:30:00,164206.92907141353,164209.8011139994
2023-07-16 19:30:00,164208.40418710464,164209.85351005546
2023-07-16 23:30:00,164214.22679520256,164209.93857048775
2023-07-17 03:30:00,164218.92295245663,164210.0364362538
2023-07-17 07:30:00,164209.31441889473,164210.09401451392
2023-07-17 11:30:00,164203.07284557665,164210.13083492088
2023-07-17 15:30:00,164198.37243950713,164210.0742656472
2023-07-17 19:30:00,164202.57359263662,164210.0598994773
2023-07-17 23:30:00,164210.73511271641,164210.11550860145
2023-07-18 03:30:00,164218.1126649433,164210.19511028012
2023-07-18 07:30:00,164210.3931147458,164210.25851988056
2023-07-18 11:30:00,164211.988408853,164210.29607579467
2023-07-18 15:30:00,164217.5693127354,164210.32415011787
2023-07-18 19:30:00,164203.2689835754,164210.23929811717
2023-07-18 23:30:00,164210.77574287553,164210.2199595879
2023-07-19 03:30:00,164216.2209517824,164210.17554797762
2023-07-19 07:30:00,164213.73913003932,164210.16300189335
2023-07-19 11:30:00,164202.46844286297,164210.1491562166
2023-07-19 15:30:00,164203.1693985515,164210.01958434077
2023-07-19 19:30:00,164204.65537736972,164209.95175233713
2023-07-19 23:30:00,164204.07737339535,164209.9028699219
2023-07-20 03:30:00,164219.12627559836,164209.93749688833
2023-07-20 07:30:00,164211.9495758542,164209.91649576675
2023-07-20 11:30:00,164202.91841221438,164209.81596282832
2023-07-20 15:30:00,164212.2115921595,164209.74635522199
2023-07-20 19:30:00,164208.11818908743,164209.6580323828
2023-07-20 23:30:00,164205.43317049314,164209.60621664667
2023-07-21 03:30:00,164218.04703844516,164209.6400442688
2023-07-21 07:30:00,164214.32058566442,164209.6456549301
2023-07-21 11:30:00,164205.06989454784,164209.58700036904
2023-07-21 19:30:00,164206.30445321393,164209.48222890223
2023-07-21 23:30:00,164202.55986317407,164209.45494071968
2023-07-22 03:30:00,164212.12771450586,164209.49468527362
2023-07-22 07:30:00,164215.00107550077,164209.54068190957
2023-07-22 11:30:00,164207.30513469237,164209.6356690939
2023-07-22 15:30:00,164206.95719947497,164209.67080821207
2023-07-22 19:30:00,164210.911417081,164209.66037745145
2023-07-22 23:30:00,164205.1573952125,164209.6801227224
2023-07-23 03:30:00,164204.52708640115,164209.60005223379
2023-07-23 07:30:00,164214.9652753678,164209.59778664197
2023-07-23 11:30:00,164213.75953124266,164209.6262734437
2023-07-23 15:30:00,164219.3412764619,164209.67991084294
2023-07-23 19:30:00,164222.99192461808,164209.74226129174
2023-07-23 23:30:00,164215.82228563682,164209.79404960715
2023-07-24 03:30:00,164212.80713879905,164209.84013581448
2023-07-24 07:30:00,164217.07278003363,164209.86674062666
2023-07-24 11:30:00,164213.62229672962,164209.89345440833
2023-07-24 15:30:00,164208.0106932347,164209.83123130124
2023-07-24 19:30:00,164211.8494923335,164209.80954723642
2023-07-24 23:30:00,164210.83732686783,164209.8097664574
2023-07-25 03:30:00,164207.40217880768,164209.78028734232
2023-07-25 07:30:00,164210.06088450132,164209.75003998657
2023-07-25 11:30:00,164207.4413522462,164209.74533846308
2023-07-25 15:30:00,164205.1218981704,164209.7229385884
2023-07-25 19:30:00,164210.81983918272,164209.7158808559
2023-07-26 03:30:00,164214.9957241334,164209.75322753997
2023-07-26 07:30:00,164218.08265167457,164209.79659337117
2023-07-26 11:30:00,164215.346893454,164209.80977226526
2023-07-26 15:30:00,164213.05018158423,164209.85872762933
2023-07-26 19:30:00,164205.16325214363,164209.83159740973
2023-07-26 23:30:00,164208.62676044193,164209.8200985735
2023-07-27 03:30:00,164208.8341146181,164209.82954892173
2023-07-27 07:30:00,164212.71414552123,164209.8599427223
2023-07-27 11:30:00,164211.73310044242,164209.87373430913
2023-07-27 15:30:00,164205.62681997853,164209.84948424608
2023-07-27 19:30:00,164208.56625456628,164209.84240652443
2023-07-27 23:30:00,164212.22487524783,164209.83455705296
2023-07-28 03:30:00,164205.32929409732,164209.7976430128
2023-07-28 07:30:00,164204.28536478573,164209.75915440804
2023-07-28 11:30:00,164207.6224173193,164209.74198883088
2023-07-28 15:30:00,164213.4124605828,164209.7501009128
2023-07-28 19:30:00,164208.9824359455,164209.7316624549
2023-07-28 23:30:00,164206.8784716603,164209.68074673138
2023-07-29 03:30:00,164208.77115870258,164209.68262627028
2023-07-29 07:30:00,164202.84997476824,164209.66465944072
2023-07-29 11:30:00,164210.9317073232,164209.64780830176
2023-07-29 15:30:00,164212.17788012378,164209.64817987496
2023-07-29 19:30:00,164208.72294591225,164209.64094736273
2023-07-29 23:30:00,164206.08176899317,164209.59072357675
2023-07-30 03:30:00,164210.619331811,164209.60646060613
2023-07-30 07:30:00,164212.14597966874,164209.6307589723
2023-07-30 11:30:00,164203.62950974822,164209.56953373554
2023-07-30 15:30:00,164214.05320615965,164209.62069638158
2023-07-30 19:30:00,164209.26132323974,164209.6409368048
2023-07-30 23:30:00,164208.07638027245,164209.64172107523
2023-07-31 03:30:00,164216.71708778653,164209.66381534375
2023-07-31 07:30:00,164206.15887336302,164209.66600151642
2023-07-31 11:30:00,164195.2216322349,164209.6172996751
2023-07-31 15:30:00,164211.9695623357,164209.61894639677
2023-07-31 19:30:00,164210.10764076517,164209.64616361653
2023-07-31 23:30:00,164213.81364684063,164209.68718298455
2023-08-01 03:30:00,164213.46552697232,164209.68930032736
2023-08-01 07:30:00,164204.79214609842,164209.66292252424
2023-08-01 11:30:00,164204.55979950816,164209.60810464292
2023-08-01 15:30:00,164214.0040766437,164209.61371910133
2023-08-01 19:30:00,164211.6240151491,164209.62271521144
2023-08-01 23:30:00,164210.085855072,164209.6452604292
2023-08-02 03:30:00,164214.23546107026,164209.6809690102
2023-08-02 07:30:00,164207.29030868027,164209.6657699546
2023-08-02 11:30:00,164195.79701668676,164209.55198289998
2023-08-02 15:30:00,164206.2897081514,164209.47898835829
2023-08-02 19:30:00,164207.957596353,164209.4575141728
2023-08-02 23:30:00,164207.8896970218,164209.4680939709
2023-08-03 03:30:00,164222.1402233892,164209.53561741993
2023-08-03 07:30:00,164214.5634410744,164209.56217694245
2023-08-03 11:30:00,164211.89289655737,164209.61562015826
2023-08-03 15:30:00,164216.57820829676,164209.66219273568
2023-08-03 19:30:00,164208.5902463699,164209.6544353098
2023-08-03 23:30:00,164207.08295202206,164209.674863697
2023-08-04 03:30:00,164212.00497595518,164209.681826537
2023-08-04 07:30:00,164212.59263374977,164209.72409650215
2023-08-04 11:30:00,164199.9486901029,164209.73249770826
2023-08-04 15:30:00,164211.5202993367,164209.72609686956
2023-08-04 19:30:00,164209.47241316945,164209.7355582116
2023-08-04 23:30:00,164207.06435299915,164209.72226609298
2023-08-05 03:30:00,164210.74491705254,164209.75857474437
2023-08-05 07:30:00,164218.41301495428,164209.79603354255
2023-08-05 11:30:00,164203.43280424,164209.79320069894
2023-08-05 15:30:00,164214.18054741743,164209.83737016056
2023-08-05 19:30:00,164210.24977403609,164209.84208551157
2023-08-05 23:30:00,164206.44495779742,164209.86321999613
2023-08-06 03:30:00,164214.6934894107,164209.91060888904
2023-08-06 07:30:00,164214.14507177527,164209.8857169686
2023-08-06 11:30:00,164214.24612219378,164209.89024160773
2023-08-06 15:30:00,164218.33236494428,164209.9121061391
2023-08-06 19:30:00,164212.65330335632,164209.87286329118
2023-08-06 23:30:00,164208.64399637032,164209.89939636888
2023-08-07 03:30:00,164210.31688562155,164209.90339089851
2023-08-07 07:30:00,164210.73680465377,164209.91349481832
2023-08-07 11:30:00,164209.5858029842,164209.90553102098
2023-08-07 15:30:00,164206.54734972108,164209.85242393793
2023-08-07 19:30:00,164209.33729562693,164209.83751766055
2023-08-07 23:30:00,164206.21200973322,164209.8273295641
2023-08-08 03:30:00,164205.67927602754,164209.80837619965
2023-08-08 07:30:00,164203.74419652866,164209.7480209127
2023-08-08 11:30:00,164210.93610183973,164209.7631789235
2023-08-08 15:30:00,164207.2947704031,164209.74495404377
2023-08-08 19:30:00,164208.0018408321,164209.72104644089
2023-08-08 23:30:00,164212.6843002101,164209.73287639246
2023-08-09 03:30:00,164205.03811053195,164209.7143877371
2023-08-09 07:30:00,164200.0218150987,164209.62449286896
2023-08-09 11:30:00,164212.96187865836,164209.62848040482
2023-08-09 15:30:00,164199.06428756798,164209.5978477862
2023-08-09 19:30:00,164208.28826147746,164209.56298344408
2023-08-09 23:30:00,164209.245369999,164209.57590214824
2023-08-10 03:30:00,164208.63651223035,164209.57749509576
2023-08-10 07:30:00,164213.3957181484,164209.59473435246
2023-08-10 11:30:00,164213.84150115252,164209.58932241268
2023-08-10 15:30:00,164207.28529446968,164209.58161078562
2023-08-10 19:30:00,164207.17612550696,164209.57032354258
2023-08-10 23:30:00,164212.6412119423,164209.5928581564
2023-08-11 03:30:00,164216.95543460897,164209.6651453013
2023-08-11 07:30:00,164213.8223028793,164209.73273468993
2023-08-11 11:30:00,164213.98705151372,164209.75060060478
2023-08-11 15:30:00,164206.76250087612,164209.73131832195
2023-08-11 19:30:00,164208.4144956922,164209.72265458564
2023-08-11 23:30:00,164206.47658912168,164209.67596639975
2023-08-12 03:30:00,164207.35963602675,164209.65097681613
2023-08-12 07:30:00,164204.32519909815,164209.63906098457
2023-08-12 11:30:00,164206.4849958468,164209.66628493578
2023-08-12 15:30:00,164208.5740374686,164209.65792539786
2023-08-12 19:30:00,164202.10120383376,164209.6197987047
2023-08-12 23:30:00,164204.04162229988,164209.5943243697
2023-08-13 03:30:00,164216.59293491347,164209.5986795379
2023-08-13 07:30:00,164214.3292059192,164209.67311138436
2023-08-13 11:30:00,164211.92420945232,164209.7162963978
2023-08-13 15:30:00,164207.65678437593,164209.6736121107
2023-08-13 19:30:00,164204.58849986873,164209.64250396137
2023-08-13 23:30:00,164202.1225144939,164209.60355858892
2023-08-14 03:30:00,164206.11901421263,164209.58813694902
2023-08-14 07:30:00,164210.9610976122,164209.62227478536
2023-08-14 11:30:00,164209.20542028968,164209.6713999063
2023-08-14 15:30:00,164214.84308483757,164209.69449722258
2023-08-14 19:30:00,164210.18829993342,164209.69190768639
2023-08-14 23:30:00,164205.53737113232,164209.66231716552
2023-08-15 03:30:00,164210.28634369935,164209.62973189302
2023-08-15 07:30:00,164211.49826054112,164209.64252218726
2023-08-15 11:30:00,164219.02705573672,164209.73161901272
2023-08-15 15:30:00,164216.8749592284,164209.787494787
2023-08-15 19:30:00,164208.527048084,164209.7881850172
2023-08-15 23:30:00,164203.2682155705,164209.7266199631
2023-08-16 03:30:00,164208.35267492195,164209.6672363814
2023-08-16 07:30:00,164212.20817624082,164209.68349344516
2023-08-16 11:30:00,164218.22022929537,164209.76859110652
2023-08-16 15:30:00,164214.8323003118,164209.86106223462
2023-08-16 19:30:00,164210.5703910272,164209.9059880683
2023-08-16 23:30:00,164209.58401640737,164209.89952123511
2023-08-17 03:30:00,164213.80301022422,164209.87530969174
2023-08-17 07:30:00,164210.17404741803,164209.8740789764
2023-08-17 11:30:00,164208.01357643673,164209.8517484572
2023-08-17 15:30:00,164208.0567497444,164209.7983070921
2023-08-17 19:30:00,164207.08807760754,164209.81976267655
2023-08-17 23:30:00,164206.9538327225,164209.79829127117
2023-08-18 03:30:00,164205.94030017214,164209.74053480147
2023-08-18 07:30:00,164211.8151467584,164209.72972590665
2023-08-18 11:30:00,164210.00129342984,164209.77204529184
2023-08-18 15:30:00,164217.92147084296,164209.85492210244
2023-08-18 19:30:00,164211.60716576205,164209.89397709342
2023-08-18 23:30:00,164207.73262034165,164209.9145121886
2023-08-19 03:30:00,164213.40857187274,164209.8823902576
2023-08-19 07:30:00,164215.73985553434,164209.90368396367
2023-08-19 11:30:00,164216.62507659534,164209.98068769614
2023-08-19 15:30:00,164220.00467660697,164210.02446906947
2023-08-19 19:30:00,164216.44230974733,164210.07123379226
2023-08-19 23:30:00,164212.60567412147,164210.11152875645
2023-08-20 03:30:00,164217.08059418318,164210.10609929432
2023-08-20 07:30:00,164213.83265235208,164210.1033580959
2023-08-20 11:30:00,164211.5856703299,164210.13996357782
2023-08-20 15:30:00,164214.28419100057,164210.16311568636
2023-08-20 19:30:00,164215.40716714086,164210.21396883676
2023-08-20 23:30:00,164208.53525120905,164210.24735089287
2023-08-21 03:30:00,164211.93978211994,164210.24630099125
2023-08-21 07:30:00,164215.68521298538,164210.25012298836
2023-08-21 11:30:00,164207.87917943604,164210.25332994224
2023-08-21 15:30:00,164213.8619750481,164210.29190410746
2023-08-21 19:30:00,164215.3777620378,164210.31685575523
2023-08-21 23:30:00,164207.53989931793,164210.33016583405
2023-08-22 03:30:00,164209.73625818343,164210.35926735238
2023-08-22 07:30:00,164211.45844974203,164210.3396761478
2023-08-22 11:30:00,164207.12686709996,164210.30262215817
2023-08-22 15:30:00,164210.5385588572,164210.25344496482
2023-08-22 19:30:00,164208.96301674205,164210.17507117783
2023-08-22 23:30:00,164207.13647065533,164210.12654707173
2023-08-23 03:30:00,164210.54684159133,164210.11391971307
2023-08-23 07:30:00,164208.31376326902,164210.06498665854
2023-08-23 11:30:00,164207.7194360284,164210.03200978308
2023-08-23 15:30:00,164212.44326903435,164210.05677277638
2023-08-23 19:30:00,164213.23386221562,164210.06450668632
2023-08-23 23:30:00,164219.44775642347,164210.11260964474
2023-08-24 03:30:00,164218.59766634912,164210.1751542679
2023-08-24 07:30:00,164210.06257691517,164210.1751637227
2023-08-24 11:30:00,164209.39597496163,164210.18608340272
2023-08-24 15:30:00,164212.167718753,164210.22544552886
2023-08-24 19:30:00,164213.12139762708,164210.23830339726
2023-08-24 23:30:00,164215.80166635494,164210.26921096924
2023-08-25 03:30:00,164211.76245562144,164210.25124836643
2023-08-25 07:30:00,164206.80694271447,164210.18860553883
2023-08-25 11:30:00,164211.5953946924,164210.16776387906
2023-08-25 15:30:00,164213.71517641935,164210.1714582948
2023-08-25 19:30:00,164214.93007538278,164210.22571842393
2023-08-25 23:30:00,164215.71261780293,164210.26508429815
2023-08-26 03:30:00,164211.33884173044,164210.27899944878
2023-08-26 07:30:00,164213.1329110023,164210.28132592363
2023-08-26 11:30:00,164205.33141933795,164210.2457610286
2023-08-26 15:30:00,164209.24534181488,164210.26586392775
2023-08-26 19:30:00,164210.5683124864,164210.27698647173
2023-08-26 23:30:00,164214.22085855933,164210.28807526792
2023-08-27 03:30:00,164212.04266796677,164210.3253717894
2023-08-27 07:30:00,164186.06235171002,164210.22413282786
2023-08-27 11:30:00,164195.6007037591,164210.1573455303
2023-08-27 15:30:00,164209.826719206,164210.1374247449
2023-08-27 19:30:00,164212.8974438203,164210.15917478866
2023-08-27 23:30:00,164222.0670938764,164210.24355602314
2023-08-28 03:30:00,164216.06724400926,164210.2840898304
2023-08-28 07:30:00,164210.7894812885,164210.32819819995
2023-08-28 11:30:00,164204.19536841096,164210.2907740949
2023-08-28 15:30:00,164209.56692598728,164210.27626879414
2023-08-28 19:30:00,164206.6725512242,164210.26487771253
2023-08-28 23:30:00,164212.8387248137,164210.302416356
2023-08-29 03:30:00,164216.545635329,164210.33534026443
2023-08-29 07:30:00,164209.63368040297,164210.32138304628
2023-08-29 11:30:00,164210.59689647233,164210.36009075033
2023-08-29 15:30:00,164210.21160623292,164210.3387485285
2023-08-29 19:30:00,164207.1688686897,164210.327123781
2023-08-29 23:30:00,164208.6247613213,164210.33017034238
2023-08-30 03:30:00,164214.95894902953,164210.32040290485
2023-08-30 07:30:00,164204.2982183605,164210.31006593263
2023-08-30 11:30:00,164201.34361538023,164210.34407695007
2023-08-30 15:30:00,164205.10129744126,164210.3059199229
2023-08-30 19:30:00,164204.58299512113,164210.27522744713
2023-08-30 23:30:00,164206.39004352386,164210.23398520643
2023-08-31 03:30:00,164218.55033390355,164210.26223413384
2023-08-31 07:30:00,164210.59665800506,164210.2944814222
2023-08-31 11:30:00,164201.36718867187,164210.27674469535
2023-08-31 15:30:00,164209.12228430528,164210.24962362682
2023-08-31 19:30:00,164198.18559374186,164210.17496573008
2023-08-31 23:30:00,164203.82217826677,164210.14016752562
2023-09-01 03:30:00,164211.18916719503,164210.12324367074
2023-09-01 07:30:00,164212.60696253588,164210.15278063662
2023-09-01 11:30:00,164216.088831988,164210.26551294385
2023-09-01 15:30:00,164221.77113133832,164210.3515208504
2023-09-01 19:30:00,164212.2155681021,164210.37517624904
2023-09-01 23:30:00,164208.24822296854,164210.37716805984
2023-09-02 03:30:00,164213.64515714496,164210.3299732474
2023-09-02 07:30:00,164214.23022810728,164210.32812206424
2023-09-02 11:30:00,164214.07950990598,164210.34026991617
2023-09-02 15:30:00,164214.98417824588,164210.33141419367
2023-09-02 19:30:00,164208.2442351732,164210.32949190927
2023-09-02 23:30:00,164202.93608332332,164210.3064537498
2023-09-03 03:30:00,164209.61858493218,164210.29319602193
2023-09-03 07:30:00,164208.50564747408,164210.2704905426
2023-09-03 07:30:00,164208.50564747408,164210.2607400284
2023-09-03 11:30:00,164202.024250947,164210.27220721543
2023-09-03 11:30:05,164202.02443354385,164210.22688977764
2023-09-03 15:30:00,164209.45038498376,164210.21551662186
2023-09-03 19:30:00,164207.97297979155,164210.2072779769
2023-09-03 23:30:00,164205.38261027497,164210.19803763228
2023-09-04 03:30:00,164208.13440507193,164210.18369415984
2023-09-04 07:30:00,164207.543015572,164210.1239688885
2023-09-04 11:30:00,164206.21538356197,164210.13925778592
2023-09-04 15:30:05,164208.0437554971,164210.105539149
2023-09-04 19:30:05,164209.40001062595,164210.10087011926
2023-09-04 23:30:06,164217.84500544154,164210.16350774365
2023-09-05 03:30:05,164214.68588393967,164210.16346595535
2023-09-05 07:30:05,164208.97384879328,164210.1350526423
2023-09-05 11:30:05,164208.19857815152,164210.1018243783
2023-09-05 15:30:05,164209.8621397442,164210.0552846794
2023-09-05 19:30:06,164210.78229396802,164210.04500440805
2023-09-05 23:30:05,164209.55634270867,164210.05001730003
2023-09-06 03:30:00,164213.88711615847,164210.06963395132
2023-09-06 07:30:00,164210.0054090356,164210.0656152941
2023-09-06 11:30:00,164212.6955767934,164210.08270196334
2023-09-06 15:30:00,164212.55174440972,164210.11569314296
2023-09-06 19:30:00,164210.70432863774,164210.12320431336
2023-09-06 23:30:00,164207.94759236748,164210.13274048167
2023-09-07 03:30:00,164208.93225757577,164210.15061400668
2023-09-07 07:30:00,164216.88518266927,164210.22281722722
2023-09-07 11:30:00,164212.2072897217,164210.229801776
2023-09-07 15:30:00,164211.2426604019,164210.2514934793
2023-09-07 19:30:00,164212.16641944885,164210.27437577935
2023-09-07 23:30:00,164210.12992029788,164210.26034072493
2023-09-08 03:30:00,164210.86246551792,164210.2923426754
2023-09-08 07:30:00,164213.9596902712,164210.3689244071
2023-09-08 11:30:00,164214.10267034092,164210.3751924933
2023-09-08 15:30:00,164213.32206128555,164210.45353190936
2023-09-08 19:30:00,164209.57132578746,164210.4605817132
2023-09-08 23:30:00,164211.19471019352,164210.47129237364
2023-09-09 03:30:00,164205.8282010664,164210.45586209252
2023-09-09 07:30:00,164212.8872903109,164210.45306853298
2023-09-09 11:30:00,164207.9096500726,164210.42047594461
2023-09-09 15:30:00,164208.26142122675,164210.42583927847
2023-09-09 19:30:00,164212.4861316963,164210.4550151366
2023-09-09 23:30:00,164211.748489119,164210.45011006616
2023-09-10 03:30:00,164207.3839513558,164210.39751949883
2023-09-10 07:30:00,164207.492723893,164210.36274159234
2023-09-10 11:30:00,164210.39909017715,164210.34302751903
2023-09-10 15:30:00,164211.85055399704,164210.3709838549
2023-09-10 19:30:00,164210.7116404043,164210.38360552915
2023-09-10 23:30:00,164211.7741595471,164210.4127130589
2023-09-11 03:30:00,164210.82354909912,164210.43174554833
2023-09-11 07:30:00,164205.23950856877,164210.43676922674
2023-09-11 11:30:00,164214.59375552993,164210.48132285138
2023-09-11 15:30:00,164215.96101905234,164210.52191066227
2023-09-11 19:30:00,164210.63859754193,164210.5688194189
2023-09-11 23:30:00,164210.60975535412,164210.6049080621
2023-09-12 03:30:00,164203.83836567405,164210.5348280113
2023-09-12 07:30:00,164210.83083120044,164210.51560617218
2023-09-12 11:30:00,164210.70485859728,164210.5089064422
2023-09-12 15:30:00,164213.34360465646,164210.54015270752
2023-09-12 19:30:00,164211.89171160385,164210.58028024453
2023-09-12 23:30:00,164212.378591794,164210.63663231756
2023-09-13 03:30:00,164213.98241258203,164210.6798378031
2023-09-13 07:30:00,164212.91736271675,164210.6905865125
2023-09-13 11:30:05,164212.91625216717,164210.71097569863
2023-09-13 15:30:06,164215.9922878538,164210.71729000093
2023-09-13 19:30:00,164214.56934330284,164210.74136166778
2023-09-13 23:30:05,164209.8879043273,164210.76526569633
2023-09-14 03:30:05,164205.19514693876,164210.73729208775
2023-09-14 07:30:05,164207.89030809377,164210.7174681732
2023-09-14 11:30:00,164211.92175531344,164210.67842806104
2023-09-14 15:30:00,164210.19386723673,164210.64171876435
2023-09-14 19:30:00,164207.90880168055,164210.63832180604
2023-09-14 23:30:00,164208.44371213042,164210.66675860036
2023-09-15 03:30:00,164215.24530624598,164210.70463020104
2023-09-15 07:30:00,164207.9815463771,164210.68140696004
2023-09-15 11:30:00,164208.35843377223,164210.62722127038
2023-09-15 15:30:00,164211.13702568426,164210.6069175636
2023-09-15 19:30:00,164209.9944910083,164210.60375327777
2023-09-15 23:30:00,164204.98852021064,164210.5785032987
2023-09-16 03:30:00,164211.37852657668,164210.56518195994
2023-09-16 07:30:00,164211.86756066044,164210.57448697777
2023-09-16 11:30:00,164209.60456553655,164210.5832286761
2023-09-16 15:30:06,164214.36242005762,164210.61787521633
2023-09-16 19:30:05,164213.7455145831,164210.65445454034
2023-09-16 23:30:06,164210.46074197354,164210.67372327248
2023-09-17 03:30:05,164215.63609790293,164210.7269968864
2023-09-17 07:30:05,164213.5320048389,164210.73643017255
2023-09-17 11:30:05,164210.33470919624,164210.7382621273
2023-09-17 15:30:00,164211.58932295904,164210.70347010597
2023-09-17 19:30:00,164209.90899945717,164210.6941395219
2023-09-17 23:30:00,164208.7386915731,164210.6996673858
2023-09-18 03:30:00,164208.2380646433,164210.6712580054
2023-09-18 07:30:00,164208.172242996,164210.62967771676
2023-09-18 11:30:00,164208.9642896989,164210.58758548106
2023-09-18 15:30:00,164205.96175610536,164210.5104265772
2023-09-18 19:30:00,164206.76510909267,164210.457255145
2023-09-18 23:30:00,164208.4045116518,164210.43417183476
2023-09-19 03:30:00,164210.4673680538,164210.39783542743
2023-09-19 07:30:00,164212.5291148091,164210.39067313328
2023-09-19 11:30:00,164208.1420348159,164210.371752059
2023-09-19 15:30:00,164213.84332936333,164210.36932974233
2023-09-19 19:30:00,164214.75102194527,164210.3657245489
2023-09-19 23:30:00,164212.43942505438,164210.3871760536
2023-09-20 03:30:00,164214.20563075584,164210.39962577136
2023-09-20 07:30:00,164213.0510562515,164210.3851523827
2023-09-20 11:30:00,164207.63598724164,164210.38381616183
2023-09-20 15:30:00,164209.42992447488,164210.3594642356
2023-09-20 19:30:00,164209.32118885763,164210.32618636105
2023-09-20 23:30:00,164203.12017137356,164210.30190214154
2023-09-21 03:30:00,164209.5177710533,164210.3007016628
2023-09-21 07:30:00,164213.22203655416,164210.31039170022
2023-09-21 11:30:00,164210.58275137737,164210.3293800754
2023-09-21 15:30:00,164209.08858341785,164210.32141317736
2023-09-21 19:30:00,164204.29281929316,164210.29575275182
2023-09-21 23:30:00,164205.53516164044,164210.28695435065
2023-09-22 03:30:00,164208.93052091025,164210.27807346778
2023-09-22 07:30:00,164209.64345180473,164210.28537944876
2023-09-22 11:30:00,164210.37503772677,164210.29997066688
2023-09-22 15:30:00,164209.68179011534,164210.28479770577
2023-09-22 19:30:00,164209.26372713584,164210.26298377677
2023-09-22 23:30:00,164200.1742929991,164210.1570856261
2023-09-23 03:30:00,164210.43605504304,164210.11224160792
2023-09-23 07:30:00,164210.41486842724,164210.11417727554
2023-09-23 11:30:00,164211.54178982635,164210.12596746715
2023-09-23 15:30:00,164210.90432660602,164210.11902575204
2023-09-23 19:30:00,164211.57341223527,164210.1105203378
2023-09-23 23:30:00,164209.77402851576,164210.07740144857
2023-09-24 03:30:00,164200.49179226192,164210.0154747268
2023-09-24 07:30:00,164213.4758252533,164210.05211693858
2023-09-24 11:30:00,164211.44535923528,164210.05129256795
2023-09-24 15:30:00,164209.03521208506,164210.02557847818
2023-09-24 19:30:00,164210.00853410544,164209.9985370426
2023-09-24 23:30:00,164212.11994792937,164209.9787970982
2023-09-25 03:30:00,164208.91982690137,164209.96550580795
2023-09-25 07:30:00,164207.1797886626,164209.93279634457
2023-09-25 11:30:00,164210.04004447593,164209.95866791124
2023-09-25 15:30:00,164213.99474075675,164209.98476350983
2023-09-25 19:30:00,164212.00699458615,164209.99266835654
2023-09-25 23:30:00,164211.58574150398,164209.97818969138
2023-09-26 03:30:00,164204.03296457572,164209.9341803321
2023-09-26 07:30:00,164206.36710665305,164210.04574491968
2023-09-26 11:30:00,164214.0374571859,164210.1470457627
2023-09-26 15:30:00,164213.00048396294,164210.16448403063
2023-09-26 19:30:00,164210.50037014383,164210.15131329608
2023-09-26 23:30:00,164202.53313726702,164210.0439838642
2023-09-27 03:30:00,164205.59213222913,164209.98642830495
2023-09-27 07:30:00,164200.12912305765,164209.9278549081
2023-09-27 11:30:00,164207.51166444676,164209.94607631487
2023-09-27 15:30:00,164209.41505771328,164209.9452418738
2023-09-27 19:30:00,164216.27054493022,164209.99797810297
2023-09-27 23:30:00,164216.04046599864,164210.0155700875
2023-09-28 03:30:00,164208.57648955984,164209.97178357228
2023-09-28 07:30:00,164216.59614432286,164210.01003886855
2023-09-28 11:30:00,164218.83897767376,164210.05532502898
2023-09-28 15:30:00,164205.6869640925,164210.03046435787
2023-09-28 19:30:00,164199.10367143486,164209.98615008726
2023-09-28 23:30:00,164202.93280515235,164209.95487560282
2023-09-29 03:30:00,164200.59150702524,164209.87593361377
2023-09-29 07:30:00,164192.28897015238,164209.8099487335
2023-09-29 11:30:00,164207.94166078416,164209.84620173025
2023-09-29 15:30:00,164208.15401547065,164209.86297490625
2023-09-29 19:30:00,164207.7866310319,164209.88057730134
2023-09-29 23:30:00,164205.45812604422,164209.87545687563
2023-09-30 03:30:00,164211.38532716545,164209.8360887067
2023-09-30 07:30:00,164211.9718041376,164209.84364445473
2023-09-30 11:30:00,164206.81116602413,164209.8735564182
2023-09-30 15:30:00,164209.88589631417,164209.87775208856
2023-09-30 19:30:00,164206.93463576448,164209.92582374805
2023-09-30 23:30:00,164205.14752056552,164209.93310584855
2023-10-01 03:30:00,164207.6037848807,164209.91340594576
2023-10-01 07:30:00,164208.75376819176,164209.89223454826
2023-10-01 11:30:00,164211.2952777579,164209.8658963382
2023-10-01 15:30:00,164211.68960471242,164209.81050333477
2023-10-01 19:30:00,164212.99769228444,164209.8148007204
2023-10-01 23:30:00,164204.5943481032,164209.79472448488
2023-10-02 03:30:00,164209.197407314,164209.77028629897
2023-10-02 07:30:00,164210.8716679549,164209.75183267175
2023-10-02 11:30:00,164210.0183335581,164209.729518516
2023-10-02 15:30:00,164210.60033653546,164209.70543147362
2023-10-02 19:30:00,164210.91100404356,164209.72008404983
2023-10-02 23:30:00,164209.43386002022,164209.7557861196
2023-10-03 03:30:00,164211.72673638503,164209.7673693693
2023-10-03 07:30:00,164215.80609581544,164209.81467417727
2023-10-03 11:30:00,164209.66387460066,164209.85688204278
2023-10-03 15:30:00,164210.68745372,164209.90726824963
2023-10-03 19:30:00,164202.76205676893,164209.8783186773
2023-10-03 23:30:00,164195.57248657197,164209.82381799005
2023-10-04 03:30:00,164206.42046997897,164209.81429612843
2023-10-04 07:30:00,164213.37622320035,164209.8467028375
2023-10-04 11:30:00,164215.40445009436,164209.89775320713
2023-10-04 15:30:00,164212.0462916323,164209.90962358512
2023-10-04 19:30:00,164213.65423011399,164209.94062068246
2023-10-04 23:30:00,164215.17771253226,164209.97254168746
2023-10-05 03:30:00,164209.61682817622,164209.92708214457
2023-10-05 07:30:00,164218.7433657663,164209.94949917123
2023-10-05 11:30:00,164213.03876353853,164209.97195726374
2023-10-05 15:30:00,164213.1101028563,164209.99909275936
2023-10-05 19:30:00,164214.31876661358,164210.02371500726
2023-10-05 23:30:00,164213.59116503564,164210.03923363192
2023-10-06 03:30:00,164207.6195563689,164210.0070965827
2023-10-06 07:30:00,164207.32695110867,164209.99221626087
2023-10-06 11:30:00,164201.7061497287,164209.93116388828
2023-10-06 15:30:00,164204.4601110927,164209.88621036985
2023-10-06 19:30:00,164204.50418415925,164209.85176512276
2023-10-06 23:30:00,164205.10620136987,164209.8359796172
2023-10-07 03:30:00,164207.42439148802,164209.8276025834
2023-10-07 07:30:00,164206.61344950518,164209.77053739913
2023-10-07 11:30:00,164217.0219684042,164209.79728561407
2023-10-07 15:30:00,164214.80371815315,164209.81706926823
2023-10-07 19:30:00,164208.07531500692,164209.79434091022
2023-10-07 23:30:00,164206.40317732387,164209.77363678257
2023-10-08 03:30:00,164202.26304360002,164209.72586221638
2023-10-08 07:30:00,164209.2439962183,164209.69966391608
2023-10-08 11:30:00,164207.63905384246,164209.66375493555
2023-10-08 15:30:00,164200.86935861935,164209.59457325403
2023-10-08 19:30:00,164200.35659074032,164209.54338028157
2023-10-08 23:30:00,164212.86891298532,164209.55268140818
2023-10-09 03:30:00,164211.12796741296,164209.58212455458
2023-10-09 07:30:00,164206.240941598,164209.54520039502
2023-10-09 11:30:00,164209.97312695166,164209.55666415548
2023-10-09 15:30:00,164212.00583486378,164209.57746645345
2023-10-09 19:30:00,164212.33451937523,164209.5766241628
2023-10-09 23:30:00,164210.59738277242,164209.5702291275
2023-10-10 03:30:00,164204.71012543578,164209.55537453908
2023-10-10 07:30:00,164210.43430338008,164209.5717166473
2023-10-10 11:30:00,164212.9172698713,164209.58570653453
2023-10-10 15:30:00,164210.28060664426,164209.57698460476
2023-10-10 19:30:00,164213.18962211968,164209.59075116986
2023-10-10 23:30:00,164213.73177334853,164209.60162680212
2023-10-11 03:30:00,164211.1618923377,164209.60350648675
2023-10-11 07:30:00,164213.51106292428,164209.6494595665
2023-10-11 11:30:00,164215.13265949528,164209.6524534774
2023-10-11 15:30:00,164212.93025519373,164209.63561590048
2023-10-11 19:30:00,164208.69784605637,164209.62483394775
2023-10-11 23:30:00,164204.30364655628,164209.58980001
2023-10-12 03:30:00,164213.93433859796,164209.64588874843
2023-10-12 07:30:00,164225.4577419925,164209.72714936396
2023-10-12 11:30:00,164223.86300178978,164209.8002501595
2023-10-12 15:30:00,164217.18771784246,164209.82160634384
2023-10-12 19:30:00,164220.53572658155,164209.8696286493
2023-10-12 23:30:00,164217.2704505755,164209.8968056425
2023-10-13 03:30:00,164207.1928492711,164209.85908584634
2023-10-13 07:30:00,164204.2555265582,164209.81096453435
2023-10-13 11:30:00,164203.9679133651,164209.77868248368
2023-10-13 15:30:00,164204.7945495386,164209.73381119844
2023-10-13 19:30:00,164201.1755725115,164209.62463204598
2023-10-13 23:30:00,164204.48979872343,164209.59626280106
2023-10-14 03:30:00,164208.70590884093,164209.58973243926
2023-10-14 07:30:00,164204.45236248587,164209.58562865775
2023-10-14 11:30:00,164205.1384602291,164209.55736213265
2023-10-14 15:30:00,164208.76912495118,164209.54944689776
2023-10-14 19:30:00,164201.20829275803,164209.51222184818
2023-10-14 23:30:00,164203.39657506498,164209.4841821978
2023-10-15 03:30:00,164212.57137438568,164209.46932702084
2023-10-15 07:30:00,164205.3283882227,164209.45458725328
2023-10-15 11:30:00,164204.0141622864,164209.4304524117
2023-10-15 15:30:00,164213.46680386981,164209.44339562385
2023-10-15 19:30:00,164207.2974759774,164209.428412207
2023-10-15 23:30:00,164207.0350979737,164209.43978208344
2023-10-16 03:30:00,164215.4272876541,164209.46227520058
2023-10-16 07:30:00,164212.5134366202,164209.46586340034
2023-10-16 11:30:00,164206.44941335387,164209.44833477712
2023-10-16 15:30:00,164212.26831063017,164209.4639147542
2023-10-16 19:30:00,164205.99003376655,164209.41765847633
2023-10-16 23:30:00,164202.14893148752,164209.35358895647
2023-10-17 03:30:00,164210.1363559442,164209.35179676846
2023-10-17 07:30:00,164211.5703498534,164209.32933407204
2023-10-17 11:30:00,164204.46617508796,164209.27924661487
2023-10-17 15:30:00,164208.96009540118,164209.2587761141
2023-10-17 19:30:00,164207.498427778,164209.24538404922
2023-10-17 23:30:00,164209.5673595679,164209.2499877603
2023-10-18 03:30:00,164209.25479405202,164209.255636257
2023-10-18 07:30:00,164204.81675017078,164209.2369946302
2023-10-18 11:30:00,164204.24444424975,164209.2107732666
2023-10-18 15:30:00,164210.39039665918,164209.23537682524
2023-10-18 19:30:00,164207.90396120166,164209.2417037814
2023-10-18 23:30:00,164206.5854177504,164209.23159770417
2023-10-19 03:30:00,164211.91182300835,164209.23962245393
2023-10-19 07:30:00,164212.13311626378,164209.237422462
2023-10-19 11:30:00,164210.43139907694,164209.25014115233
2023-10-19 15:30:00,164208.31257773616,164209.21941475436
2023-10-19 19:30:00,164211.486131045,164209.2012764716
2023-10-19 23:30:00,164209.90600287993,164209.187201904
2023-10-20 03:30:00,164212.44601507383,164209.1774262613
2023-10-20 07:30:00,164213.7791101426,164209.18147100517
2023-10-20 11:30:00,164212.7912905526,164209.2101115791
2023-10-20 15:30:00,164209.0505971751,164209.2080042052
2023-10-20 19:30:00,164210.93592439673,164209.2169749582
2023-10-20 23:30:00,164205.5664882251,164209.23056560737
2023-10-21 03:30:00,164211.4906922152,164209.2415262805
2023-10-21 07:30:00,164214.3442729639,164209.24776092725
2023-10-21 11:30:00,164211.4088004519,164209.25235008876
2023-10-21 15:30:00,164209.18658013621,164209.25289451497
2023-10-21 19:30:00,164208.55564084274,164209.27657685688
2023-10-21 23:30:00,164212.7014063836,164209.3163893277
2023-10-22 03:30:00,164204.8940804934,164209.2939646587
2023-10-22 07:30:00,164204.97779403804,164209.26804433778
2023-10-22 11:30:00,164214.50082939383,164209.2909654026
2023-10-22 15:30:00,164214.46983866676,164209.31756567233
2023-10-22 19:30:00,164217.13700678555,164209.36130611482
2023-10-22 23:30:00,164214.36671173296,164209.44015288557
2023-10-23 03:30:00,164210.03003908976,164209.4378972414
2023-10-23 07:30:00,164204.03281349584,164209.40244138066
2023-10-23 11:30:00,164209.42962785187,164209.39070714745
2023-10-23 15:30:00,164208.2524230017,164209.37597434965
2023-10-23 19:30:00,164207.8429938585,164209.3552498031
2023-10-23 23:30:00,164213.31882627596,164209.37494312404
2023-10-24 03:30:00,164207.6129331042,164209.4145050176
2023-10-24 07:30:00,164210.8615815378,164209.39998144138
2023-10-24 11:30:00,164219.4906341721,164209.44467741324
2023-10-24 15:30:00,164217.71358577601,164209.49289060044
2023-10-24 19:30:00,164216.35983719787,164209.5281756176
2023-10-24 23:30:00,164217.337493048,164209.55716197938
2023-10-25 03:30:00,164212.5597357364,164209.57738369517
2023-10-25 07:30:00,164203.1818846791,164209.55517311746
2023-10-25 11:30:00,164212.21192230075,164209.56723910535
2023-10-25 15:30:00,164214.72400614698,164209.57129057974
2023-10-25 19:30:00,164205.75925606073,164209.53658092127
2023-10-25 23:30:00,164209.31966050903,164209.52399158242
2023-10-26 03:30:00,164205.2547451022,164209.530779252
2023-10-26 07:30:00,164200.46625855868,164209.49799676263
2023-10-26 11:30:00,164206.59207533122,164209.4566335301
2023-10-26 15:30:00,164216.0521543086,164209.4735872542
2023-10-26 19:30:00,164204.34190251492,164209.43937354517
2023-10-26 23:30:00,164219.2185035771,164209.53207002464
2023-10-27 03:30:00,164216.33635851092,164209.59176017068
2023-10-27 07:30:00,164214.7642585825,164209.67306647915
2023-10-27 11:30:00,164211.29641622255,164209.6940928779
2023-10-27 15:30:00,164211.17504422515,164209.70387058074
2023-10-27 19:30:00,164207.5902875145,164209.6556469284
2023-10-27 23:30:00,164209.665202524,164209.620228798
2023-10-28 03:30:00,164209.79278917937,164209.62698601812
2023-10-28 07:30:00,164204.57742120393,164209.56021533412
2023-10-28 11:30:00,164208.7398425123,164209.50410902768
2023-10-28 15:30:00,164211.9371265794,164209.5388321526
2023-10-28 23:30:00,164215.84715922133,164209.6692763693
2023-10-29 03:30:00,164222.10048848556,164209.7894382769
2023-10-29 07:30:00,164220.10778312568,164209.94485063988
2023-10-29 11:30:00,164209.5065729055,164209.9535931657
2023-10-29 15:30:00,164206.14237288793,164209.94235493898
2023-10-29 19:30:00,164201.80572707352,164209.9089420677
2023-10-29 23:30:00,164202.87958871733,164209.8945368312
2023-10-30 03:30:00,164209.42935186304,164209.8836095949
2023-10-30 07:30:00,164210.58376379087,164209.87585517956
2023-10-30 11:30:00,164206.581981899,164209.8745748213
2023-10-30 15:30:00,164213.49965709078,164209.894763429
2023-10-30 19:30:00,164209.31023264208,164209.90803491994
2023-10-30 23:30:00,164209.0761351597,164209.92998248752
2023-10-31 03:30:00,164213.28221032966,164209.96170553472
2023-10-31 07:30:00,164212.05037857208,164209.98012235248
2023-10-31 11:30:00,164212.59907664586,164209.98740614514
2023-10-31 15:30:00,164214.2779737165,164210.0018663072
2023-10-31 19:30:00,164215.44368447934,164210.01553106806
2023-10-31 23:30:00,164198.94731462686,164209.98398339498
2023-11-01 03:30:00,164207.9049461301,164209.97676294146
2023-11-01 07:30:00,164214.18172513435,164209.99525488104
2023-11-01 11:30:00,164207.8491982238,164209.98313680652
2023-11-01 15:30:00,164206.415903719,164209.95976008687
2023-11-01 19:30:00,164206.69087493038,164209.9361839466
2023-11-01 23:30:00,164209.2763526125,164209.93530401692
2023-11-02 03:30:00,164208.39520520286,164209.91669211086
2023-11-02 07:30:00,164202.34863738573,164209.8415107789
2023-11-02 11:30:00,164209.83233661472,164209.84245190743
2023-11-02 15:30:00,164215.81987885223,164209.87112467355
2023-11-02 19:30:00,164209.9311890339,164209.91117569176
2023-11-02 23:30:00,164206.39397055563,164209.97163090954
2023-11-03 03:30:00,164212.39921280867,164210.00503170752
2023-11-03 07:30:00,164219.55557626585,164210.03955323296
2023-11-03 11:30:00,164214.9396908003,164210.03695681234
2023-11-03 15:30:00,164208.44751633832,164210.01685192247
2023-11-03 19:30:00,164205.9127478261,164209.97360341804
2023-11-03 23:30:00,164205.828661336,164209.92137408178
2023-11-04 03:30:00,164203.6582193903,164209.8880857645
2023-11-04 07:30:00,164201.0262095736,164209.7891072383
2023-11-04 15:30:00,164206.04175112434,164209.73114090104
2023-11-04 19:30:00,164210.06076097811,164209.70721952108
2023-11-04 23:30:00,164211.28169819794,164209.6942449883
2023-11-05 03:30:00,164208.53231869245,164209.69937286648
2023-11-05 07:30:00,164217.221702931,164209.75496135987
2023-11-05 11:30:00,164214.0629412784,164209.82438153712
2023-11-05 15:30:00,164210.36714786798,164209.857567137
2023-11-05 19:30:00,164209.16377102604,164209.8837445913
2023-11-05 23:30:00,164214.4479659986,164209.93622641507
2023-11-06 03:30:00,164216.57668967036,164209.98764382055
2023-11-06 07:30:00,164204.24953620494,164209.97436340875
2023-11-06 11:30:00,164204.8353657735,164209.90589934905
2023-11-06 15:30:00,164208.35017795794,164209.86964350526
2023-11-06 19:30:00,164205.94527485908,164209.85767698757
2023-11-06 23:30:00,164203.0126902174,164209.8386293072
2023-11-07 03:30:00,164200.2767888074,164209.8274705724
2023-11-07 07:30:00,164210.10529690917,164209.83230934033
2023-11-07 11:30:00,164216.05678893763,164209.87959998692
2023-11-07 15:30:00,164215.1032696034,164209.959565779
2023-11-07 19:30:00,164214.09253418437,164210.03673400058
2023-11-07 23:30:00,164210.7092741122,164210.02460119795
2023-11-08 03:30:00,164207.4286951147,164210.00381876924
2023-11-08 11:30:00,164211.2614359471,164210.0323565442
2023-11-08 15:30:00,164209.68370378172,164210.01923715958
2023-11-08 19:30:00,164205.28822749906,164209.97942760095
2023-11-08 23:30:00,164207.80240884048,164209.9636367878
2023-11-09 03:30:00,164208.82087694056,164209.98686137257
2023-11-09 07:30:00,164216.6532746604,164210.02199680352
2023-11-09 11:30:00,164217.07091872685,164210.0454637462
2023-11-09 15:30:00,164209.31319295874,164210.03999813215
2023-11-09 19:30:00,164210.2844764241,164210.02358487964
2023-11-09 23:30:00,164210.98264538063,164210.00805308323
2023-11-10 03:30:00,164212.70601978517,164210.0167769671
2023-11-10 07:30:00,164210.9835825827,164210.00249741715
2023-11-10 11:30:00,164212.63915924818,164209.98840984513
2023-11-10 15:30:00,164211.45933210276,164209.98009954518
2023-11-10 19:30:00,164208.80327832454,164209.98069520772
2023-11-10 23:30:00,164208.375273559,164210.00369875008
2023-11-11 03:30:00,164204.9114397496,164209.95272192045
2023-11-11 07:30:00,164212.84554115654,164209.88146654848
2023-11-11 11:30:00,164210.80160380033,164209.80767333953
2023-11-11 15:30:00,164205.71565472076,164209.74285942357
2023-11-11 19:30:00,164202.61571554575,164209.64161642338
2023-11-11 23:30:00,164208.84132562552,164209.5939942485
2023-11-12 03:30:00,164211.9541955816,164209.62089451015
2023-11-12 07:30:00,164209.51380625248,164209.65060230505
2023-11-12 11:30:00,164206.03517202567,164209.66228173248
2023-11-12 15:30:00,164210.97035514592,164209.6971732896
2023-11-12 19:30:00,164207.0888290593,164209.73058151867
2023-11-12 23:30:00,164212.59593819553,164209.77637891687
2023-11-13 03:30:00,164204.77497941605,164209.75417027602
2023-11-13 07:30:00,164210.99085285477,164209.79111089956
2023-11-13 11:30:00,164211.0368587966,164209.8244351853
2023-11-13 15:30:00,164211.2955837768,164209.8387089639
2023-11-13 19:30:00,164204.77460063194,164209.85885759597
2023-11-13 23:30:00,164209.59635973835,164209.89388462802
2023-11-14 03:30:00,164214.85737776893,164209.9067999014
2023-11-14 07:30:00,164214.99197729275,164209.9613964498
2023-11-14 11:30:00,164212.65913931752,164210.01023812796
2023-11-14 15:30:00,164214.34380709627,164210.01519294843
2023-11-14 19:30:00,164209.36405801272,164210.0268685532
2023-11-14 23:30:00,164210.43950402943,164210.04610248568
2023-11-15 03:30:00,164213.4576195183,164210.03497441713
2023-11-15 07:30:00,164214.25401105694,164210.044808171
2023-11-15 11:30:00,164209.8009708608,164210.06374352417
2023-11-15 15:30:00,164216.72836554077,164210.08894157448
2023-11-15 19:30:00,164213.4584454641,164210.13113599084
2023-11-15 23:30:00,164208.98843939835,164210.16977727847
2023-11-16 03:30:00,164215.85120282776,164210.202064549
2023-11-16 07:30:00,164218.7372443513,164210.2425554784
2023-11-16 11:30:00,164209.22543446158,164210.26944394942
2023-11-16 15:30:00,164212.55499553948,164210.28975411973
2023-11-16 19:30:00,164210.46854893758,164210.3065344652
2023-11-16 23:30:00,164210.04723890816,164210.30924564792
2023-11-17 03:30:00,164207.60928722832,164210.29994899922
2023-11-17 07:30:00,164214.55136068785,164210.35494679876
2023-11-17 11:30:00,164205.62058509674,164210.3627216058
2023-11-17 15:30:00,164213.58619252822,164210.3807769497
2023-11-17 19:30:00,164206.2303578676,164210.3713215636
2023-11-17 23:30:00,164208.207164719,164210.3804839759
2023-11-18 03:30:00,164209.06502506565,164210.36440037168
2023-11-18 07:30:00,164213.36473285803,164210.37135865752
2023-11-18 11:30:00,164207.53650287417,164210.35500331174
2023-11-18 15:30:00,164210.1778569456,164210.36554161235
2023-11-18 19:30:00,164213.78414762008,164210.37852475684
2023-11-18 23:30:00,164206.01801475967,164210.3565587223
2023-11-19 03:30:00,164211.33872671548,164210.35030285586
2023-11-19 07:30:00,164210.84954622062,164210.33375164724
2023-11-19 11:30:00,164212.75614507857,164210.33355308525
2023-11-19 15:30:00,164211.55091276113,164210.34767916202
2023-11-19 19:30:00,164207.29205943004,164210.32709235427
2023-11-19 23:30:00,164201.89594523274,164210.30635482326
2023-11-20 03:30:00,164205.92843641518,164210.27492964923
2023-11-20 07:30:00,164209.08718514003,164210.2452285881
2023-11-20 11:30:00,164215.39144803875,164210.2677294219
2023-11-20 15:30:00,164208.45810549334,164210.26361374595
2023-11-20 19:30:00,164214.15312288498,164210.29523793832
2023-11-20 23:30:00,164206.02462701887,164210.257516021
2023-11-21 03:30:00,164210.27251503305,164210.2879026568
2023-11-21 07:30:00,164213.77778707698,164210.33762013158
2023-11-21 11:30:00,164213.4665238931,164210.3317765977
2023-11-21 15:30:00,164215.2525421896,164210.3361986515
2023-11-21 19:30:00,164206.91692744195,164210.27845809024
2023-11-21 23:30:00,164218.32338066684,164210.300812152
2023-11-22 03:30:00,164212.20640010986,164210.31310797698
2023-11-22 07:30:00,164206.08765070277,164210.32471722673
2023-11-22 11:30:00,164211.13656109097,164210.33436091736
2023-11-22 15:30:00,164202.88367374288,164210.30402900066
2023-11-22 19:30:00,164208.9855467032,164210.31048410147
2023-11-22 23:30:00,164207.9291339724,164210.28003386242
2023-11-23 03:30:00,164203.08337703656,164210.2544431502
2023-11-23 07:30:00,164203.07889996693,164210.21047319783
2023-11-23 11:30:00,164212.22299093206,164210.16941306653
2023-11-23 15:30:00,164205.7942494855,164210.10207218354
2023-11-23 19:30:00,164207.91482641213,164210.0543602582
2023-11-23 23:30:00,164217.49429232237,164210.05524612978
2023-11-24 03:30:00,164214.4489281433,164210.06591953323
2023-11-24 07:30:00,164203.61845495558,164210.06838603196
2023-11-24 11:30:00,164201.5966602384,164210.00841279997
2023-11-24 15:30:00,164205.51589676435,164209.9563895831
2023-11-24 19:30:00,164206.85620794867,164209.9625870514
2023-11-24 23:30:00,164210.93488947212,164209.97171263877
2023-11-25 03:30:00,164209.96975480785,164209.9983511117
2023-11-25 07:30:00,164211.23732008986,164210.05920456667
2023-11-25 11:30:00,164215.4870027995,164210.10945839417
2023-11-25 15:30:00,164215.83685425532,164210.10824200965
2023-11-25 19:30:00,164217.5057407783,164210.1826139773
2023-11-25 23:30:00,164208.6104848029,164210.12268166782
2023-11-26 03:30:00,164215.0047159495,164210.11515826348
2023-11-26 07:30:00,164210.21476793828,164210.08945492655
2023-11-26 11:30:00,164207.78187552316,164210.0695987644
2023-11-26 15:30:00,164211.86306240805,164210.0734858728
2023-11-26 19:30:00,164204.76643630138,164210.05753191112
2023-11-26 23:30:00,164212.9365613753,164210.0760141645
2023-11-27 03:30:00,164218.88988072096,164210.12741016192
2023-11-27 07:30:00,164221.7333789113,164210.22433647665
2023-11-27 11:30:00,164217.33707207048,164210.27290839504
2023-11-27 15:30:00,164213.84822739373,164210.28370557484
2023-11-27 19:30:00,164208.24725384888,164210.27226483478
2023-11-27 23:30:00,164211.55743035258,164210.24816523437
2023-11-28 03:30:00,164218.35582370855,164210.22712779182
2023-11-28 07:30:00,164212.3374254835,164210.18347409717
2023-11-28 11:30:00,164207.83755715223,164210.17409760418
2023-11-28 15:30:00,164216.21854132603,164210.23070529205
2023-11-28 19:30:00,164211.52564081043,164210.285311549
2023-11-28 23:30:00,164204.57753004823,164210.29485054527
2023-11-29 03:30:00,164208.60803212546,164210.2902363894
2023-11-29 07:30:00,164217.6841716043,164210.33012632097
2023-11-29 11:30:00,164215.43812437193,164210.37987993038
2023-11-29 15:30:00,164206.24734482332,164210.339136603
2023-11-29 19:30:00,164213.67051529637,164210.36363257296
2023-11-29 23:30:00,164204.890465951,164210.3401175774
2023-11-30 03:30:00,164197.90926957328,164210.2537527417
2023-11-30 07:30:00,164210.13828200215,164210.24301062615
2023-11-30 11:30:00,164203.87985560804,164210.19402623829
2023-11-30 15:30:00,164214.50651785216,164210.19531019413
2023-11-30 19:30:00,164212.16803458804,164210.1769076666
2023-11-30 23:30:00,164210.16666170393,164210.2399377064
2023-12-01 03:30:00,164215.00681880233,164210.27983586746
2023-12-01 07:30:00,164220.1561941205,164210.3134003
2023-12-01 11:30:00,164207.97011929846,164210.31407963185
2023-12-01 15:30:00,164209.06879637865,164210.32898352318
2023-12-01 19:30:00,164218.08645914964,164210.39300365926
2023-12-01 23:30:00,164206.24014088174,164210.37594629
2023-12-02 03:30:00,164207.640738477,164210.3717077129
2023-12-02 07:30:00,164221.27719803108,164210.4780479412
2023-12-02 11:30:00,164205.20944384433,164210.45207663352
2023-12-02 15:30:00,164203.16435489984,164210.38097818434
2023-12-02 19:30:00,164204.13795476497,164210.34843192445
2023-12-02 23:30:00,164213.77678650487,164210.38990841853
2023-12-03 03:30:00,164197.77911412952,164210.30777303266
2023-12-03 07:30:00,164204.9566032064,164210.22575633012
2023-12-03 11:30:00,164204.4038063937,164210.16656596828
2023-12-03 15:30:00,164210.03012122263,164210.17545700693
2023-12-03 19:30:00,164213.0979043495,164210.2158230548
2023-12-03 23:30:00,164211.13888997454,164210.2456558
2023-12-04 03:30:00,164211.78109475377,164210.29128993125
2023-12-04 07:30:00,164210.2788043219,164210.34327080063
2023-12-04 11:30:00,164202.71457504583,164210.30065238857
2023-12-04 15:30:00,164205.06125913069,164210.29517477963
2023-12-04 19:30:00,164209.13911037912,164210.29002589363
2023-12-04 23:30:00,164211.9936324769,164210.2940031801
2023-12-05 03:30:00,164211.1214134521,164210.30846739665
2023-12-05 07:30:00,164213.6515494956,164210.28852240538
2023-12-05 11:30:00,164206.04968606323,164210.24375561648
2023-12-05 15:30:00,164202.57869429237,164210.20024470266
2023-12-05 19:30:00,164205.18508247632,164210.17801739232
2023-12-05 23:30:00,164207.7699034041,164210.14070978007
2023-12-06 03:30:00,164205.40668407583,164210.0783075142
2023-12-06 07:30:00,164205.4041166179,164210.0847576841
2023-12-06 11:30:00,164208.82324312118,164210.10703632847
2023-12-06 15:30:00,164206.25942732973,164210.09535615734
2023-12-06 19:30:00,164213.74909627836,164210.13895292507
2023-12-06 23:30:00,164211.56035088075,164210.18670521927
2023-12-07 03:30:00,164210.2237837305,164210.24227502334
2023-12-07 07:30:00,164210.72563357578,164210.2457405913
2023-12-07 11:30:00,164209.18979923293,164210.2073775203
2023-12-07 15:30:00,164207.3516933737,164210.16407262516
2023-12-07 19:30:00,164211.15331493426,164210.1476524059
2023-12-07 23:30:00,164213.73787461277,164210.16457196177
2023-12-08 03:30:00,164208.50052219618,164210.17055982258
2023-12-08 07:30:00,164207.93795485582,164210.15815646164
2023-12-08 11:30:00,164210.3078861846,164210.15285896297
2023-12-08 15:30:00,164205.56841261432,164210.12999623426
2023-12-08 19:30:00,164207.84843434452,164210.14421960557
2023-12-08 23:30:00,164209.85445285216,164210.1556198501
2023-12-09 03:30:00,164208.04259184282,164210.15129604403
2023-12-09 07:30:00,164211.75618503586,164210.12408999057
2023-12-09 11:30:00,164211.8808715456,164210.09525639509
2023-12-09 15:30:00,164216.46015265584,164210.13496172676
2023-12-09 19:30:00,164211.86406649055,164210.14373722713
2023-12-09 23:30:00,164209.43622890723,164210.13514602446
2023-12-10 03:30:00,164209.51310400545,164210.1174076035
2023-12-10 07:30:00,164212.63880301372,164210.12660327254
2023-12-10 11:30:00,164213.34184360568,164210.13050707453
2023-12-10 15:30:00,164207.7110059948,164210.10968304062
2023-12-10 19:30:00,164205.29036395813,164210.0901668497
2023-12-10 23:30:00,164210.95279827458,164210.10448643146
2023-12-11 03:30:00,164208.30128448905,164210.12331890225
2023-12-11 07:30:00,164201.9681554651,164210.06288898172
2023-12-11 11:30:00,164207.58863417586,164210.04503915043
2023-12-11 15:30:00,164213.0924213819,164210.08602118742
2023-12-11 19:30:00,164211.88821706804,164210.1375350848
2023-12-11 23:30:00,164209.132212161,164210.1391511211
2023-12-12 03:30:00,164217.86670706188,164210.17199840714
2023-12-12 07:30:00,164215.35605314362,164210.2044553343
2023-12-12 11:30:00,164218.64555525102,164210.27451301887
2023-12-12 15:30:00,164214.98125923247,164210.29679581936
2023-12-12 19:30:00,164213.3429857016,164210.33154113402
2023-12-12 23:30:00,164211.96312962778,164210.32802553088
2023-12-13 03:30:00,164213.76405579853,164210.3779648441
2023-12-13 07:30:00,164212.41447352862,164210.38587384787
2023-12-13 11:30:00,164206.10882777264,164210.3584958977
2023-12-13 15:30:00,164205.43391030157,164210.3259310451
2023-12-13 19:30:00,164205.26464600602,164210.3286535194
2023-12-13 23:30:00,164210.67043290613,164210.33462059253
2023-12-14 03:30:00,164204.1082744073,164210.27490335164
2023-12-14 07:30:00,164214.2301074506,164210.27067074142
2023-12-14 11:30:00,164217.1861691118,164210.2958209069
2023-12-14 15:30:00,164213.01310238522,164210.288428103
2023-12-14 19:30:00,164206.72259099316,164210.2737532862
2023-12-14 23:30:00,164208.34893917714,164210.26213903705
2023-12-15 03:30:00,164204.97897899026,164210.21503547853
2023-12-15 07:30:00,164211.91636122152,164210.20204853502
2023-12-15 11:30:00,164208.27584089906,164210.1935755908
2023-12-15 15:30:00,164218.52056231978,164210.20353223957
2023-12-15 19:30:00,164214.1319100497,164210.20727370947
2023-12-15 23:30:00,164202.64927776007,164210.17205614483
2023-12-16 03:30:00,164207.92399175314,164210.1280160833
2023-12-16 07:30:00,164214.2095718561,164210.1028623472
2023-12-16 11:30:00,164206.52756128993,164210.0878741629
2023-12-16 15:30:00,164198.78505401788,164210.0113744878
2023-12-16 19:30:00,164208.7794221276,164210.00199044996
2023-12-16 23:30:00,164205.5262360058,164209.97687376718
2023-12-17 03:30:00,164212.07462301312,164210.00168118818
2023-12-17 07:30:00,164216.15745894128,164210.01060395627
2023-12-17 11:30:00,164215.2030880362,164210.0638400837
2023-12-17 15:30:00,164209.9458873045,164210.0436161658
2023-12-17 19:30:00,164214.28833792513,164210.08838272165
2023-12-17 23:30:00,164217.8351072734,164210.14187129145
2023-12-18 03:30:00,164215.06786572374,164210.17522040618
2023-12-18 07:30:00,164214.69308879352,164210.18260016138
2023-12-18 11:30:00,164205.13843432773,164210.16927755837
2023-12-18 15:30:00,164213.97132693752,164210.19035239166
2023-12-18 19:30:00,164211.3097281333,164210.1766056167
2023-12-18 23:30:00,164208.97161847135,164210.19301452622
2023-12-19 03:30:00,164214.17043450187,164210.20874623614
2023-12-19 07:30:00,164217.12790529538,164210.2436260088
2023-12-19 11:30:00,164218.77018290767,164210.27703733006
2023-12-19 15:30:00,164214.72605621011,164210.2946770159
2023-12-19 19:30:00,164213.16716920977,164210.32731651465
2023-12-19 23:30:00,164213.2346143986,164210.3903091211
2023-12-20 03:30:00,164216.74840860214,164210.45042007774
2023-12-20 07:30:00,164213.8292859946,164210.47676508248
2023-12-20 15:30:00,164205.80642703193,164210.43449490695
2023-12-20 19:30:00,164211.5882960049,164210.4201662652
2023-12-20 23:30:00,164208.5768905299,164210.43442472056
2023-12-21 03:30:00,164209.54916379304,164210.43038365216
2023-12-21 07:30:00,164211.24817160357,164210.41625172214
2023-12-21 11:30:00,164209.80206255024,164210.39577987106
2023-12-21 15:30:00,164207.1971887516,164210.35077789656
2023-12-21 19:30:00,164201.44017215015,164210.32018149827
2023-12-21 23:30:00,164210.28670831234,164210.27528388737
2023-12-22 03:30:00,164213.0294367816,164210.27988185757
2023-12-22 07:30:00,164207.6229271412,164210.28845882093
2023-12-22 11:30:00,164202.01413139995,164210.23749552658
2023-12-22 15:30:00,164216.8706175568,164210.31563487745
2023-12-22 19:30:00,164219.33386480436,164210.37344671044
2023-12-22 23:30:00,164207.72214396682,164210.3722903417
2023-12-23 03:30:00,164200.28558389284,164210.35666021242
2023-12-23 07:30:00,164209.43456241142,164210.3921667065
2023-12-23 11:30:00,164209.12545697793,164210.37486204758
2023-12-23 15:30:00,164200.4382330437,164210.344940168
2023-12-23 19:30:00,164207.7087492935,164210.34378889916
2023-12-23 23:30:00,164213.50364978056,164210.32149480676
2023-12-24 03:30:00,164212.01268342073,164210.30788450106
2023-12-24 07:30:00,164212.31045385762,164210.35644315413
2023-12-24 11:30:00,164210.55440748818,164210.40648643483
2023-12-24 15:30:00,164209.77297181878,164210.43026897707
2023-12-24 19:30:00,164209.43993900128,164210.44470322877
2023-12-24 23:30:00,164220.2903767923,164210.49696852104
2023-12-25 03:30:00,164217.33546272287,164210.53811772726
2023-12-25 07:30:00,164199.69841553745,164210.47365457335
2023-12-25 11:30:00,164201.26636903064,164210.39420969196
2023-12-25 15:30:00,164211.5703021922,164210.37037420555
2023-12-25 19:30:00,164206.24313195495,164210.30745460317
2023-12-25 23:30:00,164210.19486159197,164210.31630587016
2023-12-26 03:30:00,164216.22906668077,164210.32314581843
2023-12-26 07:30:00,164207.33698590274,164210.3070688238
2023-12-26 11:30:00,164212.06771504236,164210.33101206133
2023-12-26 15:30:00,164212.65051636088,164210.33541124538
2023-12-26 19:30:00,164210.31579789525,164210.36641326547
2023-12-26 23:30:00,164208.98099794565,164210.34431514578
2023-12-27 03:30:00,164223.0169338638,164210.3673713086
2023-12-27 07:30:00,164203.33344333354,164210.26457837241
2023-12-27 11:30:00,164211.91898023558,164210.23430970294
2023-12-27 15:30:00,164209.67437975784,164210.21099211837
2023-12-27 19:30:00,164203.70992961046,164210.18564393828
2023-12-27 23:30:00,164211.830060691,164210.18716701277
2023-12-28 03:30:00,164217.25978431653,164210.1810438877
2023-12-28 07:30:00,164217.60387830005,164210.21046541183
2023-12-28 11:30:00,164219.24617013618,164210.2742006799
2023-12-28 15:30:00,164226.9205546143,164210.3339884636
2023-12-28 19:30:00,164218.3612188388,164210.37217605035
2023-12-28 23:30:00,164206.14301917463,164210.38092179966
2023-12-29 03:30:00,164221.3102913128,164210.45188414148
2023-12-29 07:30:00,164196.13082031487,164210.33147435775
2023-12-29 11:30:00,164207.65393880563,164210.28798728753
2023-12-29 15:30:00,164205.49086932602,164210.28376116746
2023-12-29 19:30:00,164210.79682450966,164210.26770702898
2023-12-29 23:30:00,164200.35715037005,164210.24238124365
2023-12-30 03:30:00,164206.85404175613,164210.29235203794
2023-12-30 07:30:00,164213.82742083602,164210.3129617521
2023-12-30 11:30:00,164205.52687942632,164210.3221630025
2023-12-30 15:30:00,164224.21187250377,164210.37638286085
2023-12-30 19:30:00,164219.6593695614,164210.41823389422
2023-12-30 23:30:00,164207.96384548498,164210.40592765837
2023-12-31 03:30:00,164216.64728138922,164210.41509225382
2023-12-31 07:30:00,164210.93922227854,164210.36360079102
2023-12-31 11:30:00,164196.1811466689,164210.29774060872
2023-12-31 15:30:00,164203.79149509667,164210.2682584787
2023-12-31 19:30:00,164206.1736324068,164210.20170637395
2023-12-31 23:30:00,164210.58191863957,164210.22596211563
2024-01-01 03:30:00,164213.53211297793,164210.25887482232
2024-01-01 07:30:00,164221.4067636942,164210.25959865286
2024-01-01 11:30:00,164210.17931617086,164210.2873633027
2024-01-01 15:30:00,164211.65082326764,164210.33477374056
2024-01-01 19:30:00,164209.10336261208,164210.36251344916
2024-01-01 23:30:00,164204.5717492634,164210.31108866015
2024-01-02 03:30:00,164213.29444907777,164210.39776650898
2024-01-02 07:30:00,164216.36733591408,164210.46151361908
2024-01-02 15:30:00,164208.85218625522,164210.48892806997
2024-01-02 19:30:00,164212.095085366,164210.48329425548
2024-01-02 23:30:00,164206.85221697166,164210.45921182286
2024-01-03 03:30:00,164210.13597778598,164210.4499695927
2024-01-03 07:30:00,164214.54159247747,164210.47391784078
2024-01-03 11:30:00,164208.33248647588,164210.5054791409
2024-01-03 15:30:00,164204.39708343823,164210.50174781683
2024-01-03 19:30:00,164210.91636513078,164210.51173239408
2024-01-03 23:30:00,164211.8496548405,164210.51092353094
2024-01-04 03:30:00,164211.4131989931,164210.51256277558
2024-01-04 07:30:00,164213.00042330884,164210.5089047633
2024-01-04 11:30:00,164203.70312116152,164210.4957218144
2024-01-04 15:30:00,164207.34984510735,164210.52252603247
2024-01-04 19:30:00,164210.79628346546,164210.5540496335
2024-01-04 23:30:00,164209.74874170838,164210.56516670267
2024-01-05 03:30:00,164209.68811617608,164210.58921969196
2024-01-05 07:30:00,164214.29917366026,164210.63919192253
2024-01-05 11:30:00,164215.15565108336,164210.6747672482
2024-01-05 15:30:00,164211.8344932771,164210.7060878434
2024-01-05 23:30:00,164212.91170061153,164210.69653044958
2024-01-06 03:30:00,164213.2271604922,164210.71349867986
2024-01-06 07:30:00,164210.46372627368,164210.7120189776
2024-01-06 11:30:00,164210.7537307912,164210.72085474912
2024-01-06 15:30:00,164211.28742286758,164210.74309050897
2024-01-06 19:30:00,164213.9618807312,164210.75895811233
2024-01-06 23:30:00,164214.20605476428,164210.76160319793
2024-01-07 03:30:00,164217.31498699664,164210.8114024341
2024-01-07 07:30:00,164209.24478300146,164210.818785644
2024-01-07 11:30:00,164203.9172848108,164210.78268055146
2024-01-07 15:30:00,164208.13897427625,164210.7972034987
2024-01-07 19:30:00,164210.99405676854,164210.8149753768
2024-01-07 23:30:00,164213.63976891994,164210.8363613433
2024-01-08 03:30:00,164216.9919832595,164210.8869228767
2024-01-08 07:30:00,164209.3105377595,164210.87310566046
2024-01-08 11:30:00,164214.9318246486,164210.89034268365
2024-01-08 15:30:00,164209.54002656467,164210.85124592608
2024-01-08 19:30:00,164210.53157238587,164210.84371771078
2024-01-08 23:30:00,164212.20358086744,164210.85935246764
2024-01-09 03:30:00,164219.37685380902,164210.9150798676
2024-01-09 07:30:00,164206.09535989867,164210.87811126246
2024-01-09 11:30:00,164206.5818717952,164210.83991933134
2024-01-09 15:30:00,164208.72177103645,164210.8456298683
2024-01-09 19:30:00,164211.85076576634,164210.8826942853
2024-01-09 23:30:00,164219.95193643495,164210.93353687378
2024-01-10 03:30:00,164216.25438538374,164210.97846964718
2024-01-10 07:30:00,164200.7160645573,164210.97139568726
2024-01-10 11:30:00,164211.01879229044,164210.99077511163
2024-01-10 15:30:00,164218.44036615873,164211.0209894889
2024-01-10 19:30:00,164196.70545835287,164210.93521119107
2024-01-10 23:30:00,164198.51640613566,164210.87523488587
2024-01-11 03:30:00,164212.48482742428,164210.84482878618
2024-01-11 07:30:00,164208.13625471195,164210.80403896453
2024-01-11 11:30:00,164221.45744400698,164210.81992534173
2024-01-11 15:30:00,164220.72906642815,164210.85239882866
2024-01-11 19:30:00,164211.51185603984,164210.8420534634
2024-01-11 23:30:00,164214.05716810303,164210.85388418922
2024-01-12 03:30:00,164206.71080531887,164210.8140353165
2024-01-12 07:30:00,164192.71958135645,164210.70276473922
2024-01-12 11:30:00,164200.86000978184,164210.6731104003
2024-01-12 15:30:00,164213.68281475911,164210.71971438022
2024-01-12 19:30:00,164209.55431934592,164210.74394982285
2024-01-12 23:30:00,164226.83188857193,164210.835257482
2024-01-13 03:30:00,164231.57054725938,164210.99041156593
2024-01-13 07:30:00,164212.43659241722,164210.9802787126
2024-01-13 11:30:00,164206.70585351216,164210.92106789
2024-01-13 15:30:00,164205.00768135634,164210.8758395226
2024-01-13 19:30:00,164217.6856629548,164210.9377777823
2024-01-13 23:30:00,164219.90748875405,164211.0030803223
2024-01-14 03:30:00,164224.8700096495,164211.11545902657
2024-01-14 07:30:00,164209.78718333505,164211.10342977292
2024-01-14 11:30:00,164210.06822353823,164211.11355622852
2024-01-14 15:30:00,164213.89155501712,164211.08740364492
2024-01-14 19:30:00,164208.4847049035,164211.0554985311
2024-01-14 23:30:00,164201.20103747852,164211.0473163826
2024-01-15 03:30:00,164224.24937360853,164211.13955017843
2024-01-15 07:30:00,164210.02257436403,164211.1158948253
2024-01-15 11:30:00,164202.30323417785,164211.09202857048
2024-01-15 15:30:00,164209.3628159664,164211.1517899374
2024-01-15 19:30:00,164207.60520728398,164211.14515595525
2024-01-15 23:30:00,164205.0232832061,164211.142314414
2024-01-16 03:30:00,164210.96127335963,164211.13602430295
2024-01-16 07:30:00,164222.27573522285,164211.1705908356
2024-01-16 11:30:00,164217.91707040902,164211.18592406937
2024-01-16 15:30:00,164212.25402857296,164211.19896441555
2024-01-16 19:30:00,164204.13198827844,164211.14158390908
2024-01-16 23:30:00,164210.33129477367,164211.09918948813
2024-01-17 03:30:00,164216.22535367083,164211.10572896808
2024-01-17 07:30:00,164214.2416842206,164211.10317865975
2024-01-17 11:30:00,164206.07036387443,164211.10844379844
2024-01-17 15:30:00,164211.17754948084,164211.092659745
2024-01-17 19:30:00,164214.2082101805,164211.10903534977
2024-01-17 23:30:00,164206.5201383204,164211.09518517947
2024-01-18 03:30:00,164211.82119115675,164211.08191261816
2024-01-18 07:30:00,164216.23158809158,164211.07684867916
2024-01-18 11:30:00,164208.2410299902,164211.01736193954
2024-01-18 15:30:00,164203.35198970008,164210.95310167674
2024-01-18 19:30:00,164213.8634842929,164210.9570356603
2024-01-18 23:30:00,164217.21683841766,164210.9795341011
2024-01-19 03:30:00,164211.19235619082,164210.94814397444
2024-01-19 07:30:00,164208.93100664206,164210.9204700798
2024-01-19 11:30:00,164208.36162076236,164210.90609452187
2024-01-19 15:30:00,164209.48363925342,164210.92675301744
2024-01-19 19:30:00,164215.93037443026,164210.95114671648
2024-01-19 23:30:00,164210.82061600985,164210.9637519158
2024-01-20 03:30:00,164208.27326562715,164210.95658394857
2024-01-20 07:30:00,164215.8702880693,164210.98255089502
2024-01-20 11:30:00,164216.29403070468,164211.01902262622
2024-01-20 15:30:00,164204.36886687664,164211.0031331775
2024-01-20 19:30:00,164214.67418458988,164211.07748156198
2024-01-20 23:30:00,164215.13436148583,164211.10471556857
2024-01-21 03:30:00,164211.23615477936,164211.09464095059
2024-01-21 07:30:00,164211.6052455071,164211.11701352565
2024-01-21 11:30:00,164210.09800225467,164211.1624285305
2024-01-21 15:30:00,164208.06395682608,164211.1129529084
2024-01-21 19:30:00,164212.9435382742,164211.07705219756
2024-01-21 23:30:00,164214.58316930672,164211.11559728373
2024-01-22 03:30:00,164217.11980262757,164211.2101715463
2024-01-22 07:30:00,164208.61621745204,164211.20557410267
2024-01-22 11:30:00,164210.96135736463,164211.21588814977
2024-01-22 15:30:00,164210.87294262304,164211.27451011376
2024-01-22 19:30:00,164205.8901620066,164211.26429333122
2024-01-22 23:30:00,164211.82361583904,164211.25485493828
2024-01-23 03:30:00,164207.49172506793,164211.22945629587
2024-01-23 07:30:00,164205.27327649726,164211.18992159158
2024-01-23 11:30:00,164200.44838145896,164211.13314616444
2024-01-23 15:30:00,164211.04275446624,164211.14027977485
2024-01-23 19:30:00,164207.8931459887,164211.13158992643
2024-01-23 23:30:00,164201.12163919365,164211.02390038935
2024-01-24 03:30:00,164219.61157715792,164211.03668754912
2024-01-24 07:30:00,164210.06049247048,164211.09490146447
2024-01-24 11:30:00,164203.07314275953,164211.10505187872
2024-01-24 15:30:00,164214.26605710166,164211.1201965692
2024-01-24 19:30:00,164196.0388356629,164211.06286906192
2024-01-24 23:30:00,164189.99424050082,164210.9493824266
2024-01-25 03:30:00,164210.37570899652,164210.91649839465
2024-01-25 07:30:00,164215.90732197103,164210.9646463501
2024-01-25 11:30:00,164212.90544065303,164210.96935267374
2024-01-25 15:30:00,164221.8586090646,164211.02108353167
2024-01-25 19:30:00,164210.17277213614,164211.02028001615
2024-01-25 23:30:00,164200.39598091037,164210.97204958336
2024-01-26 03:30:00,164208.86358732224,164210.8925364005
2024-01-26 07:30:00,164200.29596455742,164210.875471913
2024-01-26 11:30:00,164203.72273640215,164210.82942559937
2024-01-26 15:30:00,164210.544207101,164210.83431226984
2024-01-26 19:30:00,164201.79730114248,164210.82356716608
2024-01-26 23:30:00,164197.00108673977,164210.74025832364
2024-01-27 03:30:00,164212.04151195305,164210.71094218676
2024-01-27 07:30:00,164204.89121478924,164210.63952272883
2024-01-27 11:30:00,164208.07822280517,164210.5767814517
2024-01-27 15:30:00,164219.64680988705,164210.5359177173
2024-01-27 19:30:00,164215.4125117085,164210.51935194692
2024-01-27 23:30:00,164222.82548302694,164210.61307365392
2024-01-28 03:30:00,164219.58840154158,164210.60340011588
2024-01-28 07:30:00,164187.98759039218,164210.5576516332
2024-01-28 11:30:00,164198.12447991988,164210.5041153473
2024-01-28 15:30:00,164217.86919235325,164210.5736564879
2024-01-28 19:30:00,164216.27555477223,164210.6044358714
2024-01-28 23:30:00,164197.80808431146,164210.59011527555
2024-01-29 03:30:00,164219.9716200488,164210.66380953565
2024-01-29 07:30:00,164211.98308513532,164210.65344809912
2024-01-29 11:30:00,164205.1467318821,164210.65131243874
2024-01-29 15:30:00,164207.7658006671,164210.55891877675
2024-01-29 19:30:00,164210.08382480632,164210.5051235815
2024-01-29 23:30:00,164211.53803869005,164210.52520331863
2024-01-30 03:30:00,164215.36429687127,164210.51799554037
2024-01-30 07:30:00,164206.899144131,164210.49529847217
2024-01-30 11:30:00,164204.15504472164,164210.54009565225
2024-01-30 15:30:00,164212.2687804603,164210.58772085092
2024-01-30 19:30:00,164211.65174679738,164210.6184967745
2024-01-30 23:30:00,164207.63605626998,164210.60194698587
2024-01-31 03:30:00,164212.33125528516,164210.5952005943
2024-01-31 07:30:00,164216.74081946412,164210.5689874245
2024-01-31 11:30:00,164202.94261336204,164210.52833179076
2024-01-31 15:30:00,164208.4516985872,164210.51035918016
2024-01-31 19:30:00,164209.69753477632,164210.51369722604
2024-01-31 23:30:00,164209.7402803335,164210.54273391745
2024-02-01 03:30:00,164215.3292598452,164210.5541654386
2024-02-01 07:30:00,164219.8635893833,164210.57380731203
2024-02-01 11:30:00,164217.4195699497,164210.61205179602
2024-02-01 15:30:00,164228.59468302256,164210.7223450741
2024-02-01 19:30:00,164218.393120259,164210.75752962657
2024-02-01 23:30:00,164197.3391363382,164210.70438392466
2024-02-02 03:30:00,164207.23228553668,164210.6881621803
2024-02-02 07:30:00,164209.7834001872,164210.66158010042
2024-02-02 11:30:00,164210.99832865564,164210.67647307352
2024-02-02 15:30:00,164202.48663635054,164210.66580018477
2024-02-02 19:30:00,164217.27884066658,164210.7013447408
2024-02-02 23:30:00,164219.27103427085,164210.7428049611
2024-02-03 03:30:00,164210.27840390956,164210.73646532377
2024-02-03 07:30:00,164219.4863284596,164210.77269943076
2024-02-03 11:30:00,164212.58477449574,164210.82231760584
2024-02-03 15:30:00,164209.6091876753,164210.83493963134
2024-02-03 19:30:00,164218.026683615,164210.87533292826
2024-02-03 23:30:00,164221.0855245883,164210.9386669108
2024-02-04 03:30:00,164208.46074620262,164210.93181009532
2024-02-04 07:30:00,164209.08410356755,164210.90267562555
2024-02-04 11:30:00,164206.44043520658,164210.8539872687
2024-02-04 15:30:00,164196.5221071464,164210.7684432121
2024-02-04 19:30:00,164211.58270681166,164210.77296689874
2024-02-04 23:30:00,164222.16789605605,164210.8243902068
2024-02-05 03:30:00,164209.44931754447,164210.80340219036
2024-02-05 07:30:00,164202.48501065566,164210.7590759925
2024-02-05 11:30:00,164211.11849281812,164210.76110244822
2024-02-05 15:30:00,164211.50290459904,164210.76229956895
2024-02-05 19:30:00,164220.45347564327,164210.79836398512
2024-02-05 23:30:00,164208.5280596963,164210.76681956812
2024-02-06 03:30:00,164205.2010969911,164210.69952017916
2024-02-06 07:30:00,164214.53634009385,164210.72891771854
2024-02-06 11:30:00,164228.2771609832,164210.86425036396
2024-02-06 15:30:00,164226.0949276595,164210.96400566056
2024-02-06 19:30:00,164219.46144414617,164211.01104670155
2024-02-06 23:30:00,164218.40609081232,164211.03752626758
2024-02-07 03:30:00,164214.4189079528,164211.0232314048
2024-02-07 07:30:00,164208.13204310954,164211.01668421226
2024-02-07 11:30:00,164206.6264344878,164210.97054315585
2024-02-07 15:30:00,164209.7815707832,164210.9718850682
2024-02-07 19:30:00,164209.5405902465,164210.96637961184
2024-02-07 23:30:00,164203.88496928758,164210.92016510307
2024-02-08 03:30:00,164199.9686105092,164210.81234152918
2024-02-08 07:30:00,164213.5267136134,164210.8536268276
2024-02-08 11:30:00,164209.75903371494,164210.87127772716
2024-02-08 15:30:00,164205.78888419716,164210.85498391138
2024-02-08 19:30:00,164193.72970919657,164210.75431137488
2024-02-08 23:30:00,164196.58779749135,164210.62451060294
2024-02-09 03:30:00,164203.59626169244,164210.55418769357
2024-02-09 07:30:00,164207.6793101822,164210.59287239148
2024-02-09 11:30:00,164223.62051331508,164210.66288195274
2024-02-09 15:30:00,164223.79982474537,164210.69265672265
2024-02-09 19:30:00,164211.43573246096,164210.77449157878
2024-02-09 23:30:00,164212.19894625308,164210.85050569059
2024-02-10 03:30:00,164212.5066040817,164210.850626672
2024-02-10 07:30:00,164191.41376129564,164210.75772393082
2024-02-10 11:30:00,164203.12387053177,164210.65587074484
2024-02-10 15:30:00,164210.4427685264,164210.5987246454
2024-02-10 19:30:00,164213.22196906782,164210.6082252733
2024-02-10 23:30:00,164224.48138500866,164210.66613758943
2024-02-11 03:30:00,164213.49003599415,164210.7037999821
2024-02-11 07:30:00,164201.97947871216,164210.75524385629
2024-02-11 11:30:00,164210.2806259308,164210.80758061266
2024-02-11 15:30:00,164214.43179262066,164210.81174160077
2024-02-11 19:30:00,164205.51422742245,164210.78929664567
2024-02-11 23:30:00,164208.11677806496,164210.6853238095
2024-02-12 03:30:00,164222.6498672944,164210.63576447635
2024-02-12 07:30:00,164211.98158155312,164210.63323663824
2024-02-12 11:30:00,164204.2627769843,164210.61966399086
2024-02-12 15:30:00,164214.01014594335,164210.669677683
2024-02-12 19:30:00,164210.03064539208,164210.62714980767
2024-02-12 23:30:00,164204.9127278592,164210.54384558045
2024-02-13 03:30:00,164216.25472964355,164210.49598291374
2024-02-13 07:30:00,164212.12025149228,164210.50894440355
2024-02-13 11:30:00,164206.3952646092,164210.48853907615
2024-02-13 15:30:00,164215.36640703975,164210.4967326985
2024-02-13 19:30:00,164212.05334024777,164210.5165584504
2024-02-13 23:30:00,164213.4009136666,164210.5843355403
2024-02-14 03:30:00,164213.75678769837,164210.52604339638
2024-02-14 07:30:00,164210.64494315718,164210.52950100083
2024-02-14 11:30:00,164203.09865968363,164210.5339200314
2024-02-14 15:30:00,164208.6258152531,164210.52982558298
2024-02-14 19:30:00,164210.542081885,164210.546141553
2024-02-14 23:30:00,164206.99595280012,164210.5571008285
2024-02-15 03:30:00,164219.3296192769,164210.6035916392
2024-02-15 07:30:00,164218.04663181928,164210.58009662025
2024-02-15 11:30:00,164207.39250754117,164210.52162682655
2024-02-15 15:30:00,164209.73426835006,164210.50762815864
2024-02-15 19:30:00,164218.9124651663,164210.58974191913
2024-02-15 23:30:00,164218.26917310985,164210.6338412432
2024-02-16 03:30:00,164210.90950190483,164210.6043087334
2024-02-16 07:30:00,164211.23800533163,164210.58762162845
2024-02-16 11:30:00,164208.28509845873,164210.5999257095
2024-02-16 15:30:00,164210.0816979099,164210.5938376452
2024-02-16 19:30:00,164218.5796829551,164210.6181236051
2024-02-16 23:30:00,164218.38870839475,164210.68406010547
2024-02-17 03:30:00,164210.01972999034,164210.67405198788
2024-02-17 07:30:00,164207.7970548739,164210.62719347002
2024-02-17 11:30:00,164208.16749294914,164210.62678493088
2024-02-17 15:30:00,164210.31198815597,164210.66545158898
2024-02-17 19:30:00,164208.26378087158,164210.63434212553
2024-02-17 23:30:00,164197.5754707058,164210.525223416
2024-02-18 03:30:00,164197.54731325692,164210.44941762195
2024-02-18 07:30:00,164219.35362466617,164210.5073210554
2024-02-18 11:30:00,164218.26460892794,164210.56233765633
2024-02-18 15:30:00,164206.84623929826,164210.54768543434
2024-02-18 19:30:00,164220.494498946,164210.57304168167
2024-02-18 23:30:00,164219.99367759016,164210.6240031349
2024-02-19 03:30:00,164217.8003393193,164210.6769313221
2024-02-19 07:30:00,164210.31853653258,164210.64608825798
2024-02-19 11:30:00,164204.98042519946,164210.5832348941
2024-02-19 15:30:00,164217.71703805984,164210.65739140063
2024-02-19 19:30:00,164211.70388231776,164210.64088972134
2024-02-19 23:30:00,164218.01494119453,164210.65689294194
2024-02-20 03:30:00,164209.8143600324,164210.64899408224
2024-02-20 07:30:00,164208.50023194778,164210.6317440069
2024-02-20 11:30:00,164206.58325002884,164210.61221760564
2024-02-20 15:30:00,164202.8643708448,164210.58333101688
2024-02-20 19:30:00,164203.81645742818,164210.5326250122
2024-02-20 23:30:00,164200.75783458856,164210.45581759707
2024-02-21 03:30:00,164211.8447933814,164210.42651199014
2024-02-21 07:30:00,164210.64247081924,164210.4377689533
2024-02-21 11:30:00,164238.62276110798,164210.59144341855
2024-02-21 15:30:00,164241.77830959513,164210.7631399017
2024-02-21 19:30:00,164233.18160895398,164210.91475905143
2024-02-21 23:30:00,164220.80121689968,164210.96463461287
2024-02-22 03:30:00,164205.95973694467,164210.95612356777
2024-02-22 07:30:00,164204.85761830377,164210.95381435557
2024-02-22 11:30:00,164209.01479421527,164211.00140553754
2024-02-22 15:30:00,164214.92312005945,164211.02296312418
2024-02-22 19:30:00,164206.8829189863,164211.01735075194
2024-02-22 23:30:00,164212.6408313387,164211.08134626385
2024-02-23 03:30:00,164217.26110924917,164211.0682881088
2024-02-23 07:30:00,164209.4235718337,164211.0647496608
2024-02-23 11:30:00,164210.33255935574,164211.105079753
2024-02-23 15:30:00,164207.4933411579,164211.06745355335
2024-02-23 19:30:00,164207.4179371459,164211.1306707838
2024-02-23 23:30:00,164209.68944538585,164211.2400885887
2024-02-24 03:30:00,164208.01218959864,164211.22695792536
2024-02-24 07:30:00,164200.6710843789,164211.14231216098
2024-02-24 11:30:00,164199.88315263472,164211.06996611643
2024-02-24 15:30:00,164215.22739252774,164211.0331260246
2024-02-24 19:30:00,164199.35523859874,164210.97302861602
2024-02-24 23:30:00,164205.31689399056,164211.00036702203
2024-02-25 03:30:00,164213.09483613208,164211.02387395987
2024-02-25 07:30:00,164205.32843888502,164211.05183215058
2024-02-25 11:30:00,164202.4219945096,164211.04460580673
2024-02-25 15:30:00,164225.64981022742,164211.12852582408
2024-02-25 19:30:00,164230.53182322168,164211.28816205784
2024-02-25 23:30:00,164209.89220180546,164211.3597793638
2024-02-26 03:30:00,164221.91407131366,164211.4146269158
2024-02-26 07:30:00,164206.65080447507,164211.42440241406
2024-02-26 11:30:00,164209.39481149465,164211.43171679563
2024-02-26 15:30:00,164215.9059170423,164211.41093405764
2024-02-26 19:30:00,164216.25273162982,164211.41560194606
2024-02-26 23:30:00,164213.83110466294,164211.3656331774
2024-02-27 03:30:00,164221.1220246147,164211.3741533056
2024-02-27 07:30:00,164214.4034742329,164211.5209082158
2024-02-27 11:30:00,164208.9460938498,164211.58102829318
2024-02-27 15:30:00,164212.7179637309,164211.5524103564
2024-02-27 19:30:00,164205.70036424056,164211.49365929788
2024-02-27 23:30:00,164199.17870195772,164211.50127384035
2024-02-28 03:30:00,164207.10593508132,164211.4297978128
2024-02-28 07:30:00,164207.1197683618,164211.40277938623
2024-02-28 11:30:00,164199.38340762787,164211.37076091816
2024-02-28 15:30:00,164207.05255416982,164211.36679843764
2024-02-28 19:30:00,164210.26668741205,164211.36781434098
2024-02-28 23:30:00,164198.1345820987,164211.29335069327
2024-02-29 03:30:00,164202.9132541162,164211.22417823353
2024-02-29 07:30:00,164206.092853003,164211.21969883834
2024-02-29 11:30:00,164201.38901340964,164211.20433199772
2024-02-29 15:30:00,164206.2421808247,164211.17085088865
2024-02-29 19:30:00,164208.36068954787,164211.15256723724
2024-02-29 23:30:00,164207.97298194317,164211.15443904654
2024-03-01 03:30:00,164207.48118922664,164211.12749423514
2024-03-01 07:30:00,164210.95150404342,164211.09533137167
2024-03-01 11:30:00,164216.29527678536,164211.16951283513
2024-03-01 15:30:00,164224.65729474678,164211.2595439249
2024-03-01 19:30:00,164225.63750334314,164211.34809930582
2024-03-01 23:30:00,164215.1194796476,164211.37798374647
2024-03-02 03:30:00,164209.7063546744,164211.34674538442
2024-03-02 07:30:00,164210.7448156895,164211.29608553054
2024-03-02 11:30:00,164209.77432439494,164211.25361194418
2024-03-02 15:30:00,164208.01630539066,164211.13928762398
2024-03-02 19:30:00,164216.81304851774,164211.1305094476
2024-03-02 23:30:00,164209.76080727103,164211.1995187306
2024-03-03 03:30:00,164207.3786796536,164211.20033203124
2024-03-03 07:30:00,164210.78400920072,164211.2058909702
2024-03-03 11:30:00,164206.87335783217,164211.1829744656
2024-03-03 15:30:00,164207.01365507723,164211.20812456968
2024-03-03 19:30:00,164214.9971309264,164211.19544840444
2024-03-03 23:30:00,164213.205470603,164211.16175082853
2024-03-04 03:30:00,164206.6254906416,164211.1414568659
2024-03-04 07:30:00,164210.26216738214,164211.0902115266
2024-03-04 11:30:00,164213.86450866744,164211.09732116087
2024-03-04 15:30:00,164213.237646498,164211.11747926543
2024-03-04 19:30:00,164215.10332754915,164211.1012383984
2024-03-04 23:30:00,164215.28275577765,164211.0690007939
2024-03-05 03:30:00,164213.6528214169,164211.0978456562
2024-03-05 07:30:00,164207.5687658536,164211.08942711336
2024-03-05 11:30:00,164209.98368518002,164211.10911183542
2024-03-05 15:30:00,164204.41483105434,164211.15296030158
2024-03-05 19:30:00,164214.12822541018,164211.1671020716
2024-03-05 23:30:00,164211.89612652748,164211.1100366853
2024-03-06 03:30:00,164213.97152450823,164211.13516005737
2024-03-06 07:30:00,164208.63874228345,164211.1693474553
2024-03-06 11:30:00,164210.37378940347,164211.16521021407
2024-03-06 15:30:00,164206.92226022918,164211.1397621898
2024-03-06 19:30:00,164204.32613955942,164211.05016587823
2024-03-06 23:30:00,164211.35659919196,164211.06587998653
2024-03-07 03:30:00,164204.6995178852,164211.06309343595
2024-03-07 07:30:00,164204.78569887328,164211.00892320697
2024-03-07 11:30:00,164211.67276458032,164210.91667656027
2024-03-07 15:30:00,164215.1558871,164210.8559041127
2024-03-07 19:30:00,164215.7791118409,164210.835446711
2024-03-07 23:30:00,164217.38337944308,164210.82976498117
2024-03-08 03:30:00,164209.90729996667,164210.80470049236
2024-03-08 07:30:00,164209.1164779983,164210.81016957507
2024-03-08 11:30:00,164208.13382453533,164210.81854396424
2024-03-08 15:30:00,164212.2321186648,164210.83215811913
2024-03-08 19:30:00,164214.3628889667,164210.8589486676
2024-03-08 23:30:00,164217.1523920606,164210.93265657188
2024-03-09 03:30:00,164217.11872085245,164211.02793496268
2024-03-09 07:30:00,164209.86718780233,164211.00760426372
2024-03-09 11:30:00,164210.40384801003,164211.01118656536
2024-03-09 15:30:00,164217.1607871047,164211.07436380372
2024-03-09 19:30:00,164207.73394136055,164211.15216509352
2024-03-09 23:30:00,164204.4614706584,164211.19590772226
2024-03-10 03:30:00,164219.66281757565,164211.28516636603
2024-03-10 07:30:00,164215.25447421725,164211.32725061066
2024-03-10 11:30:00,164203.3153224257,164211.21444399463
2024-03-10 15:30:00,164208.58460163866,164211.12991497735
2024-03-10 19:30:00,164208.30442135537,164211.11251880456
2024-03-10 23:30:00,164192.86169671925,164211.00508964044
2024-03-11 03:30:00,164204.38711874478,164210.95998138862
2024-03-11 07:30:00,164195.90016630656,164210.98490586088
2024-03-11 11:30:00,164198.77332366363,164210.96073615603
2024-03-11 15:30:00,164221.12808476965,164211.02009902408
2024-03-11 19:30:00,164222.26595374028,164211.07034338338
2024-03-11 23:30:00,164223.91671583557,164211.06720633243
2024-03-12 03:30:00,164226.72693105988,164211.14074463834
2024-03-12 07:30:00,164210.52425452907,164211.18821561508
2024-03-12 11:30:00,164208.76359204066,164211.17978764905
2024-03-12 15:30:00,164215.63113693765,164211.18645067303
2024-03-12 19:30:00,164206.5979282295,164211.19247123305
2024-03-12 23:30:00,164204.2702757637,164211.1711017758
2024-03-13 03:30:00,164212.2261965996,164211.1131924942
2024-03-13 07:30:00,164210.5258441012,164211.1051050639
2024-03-13 11:30:00,164213.8298586022,164211.15825551734
2024-03-13 15:30:00,164225.47024451074,164211.22192273158
2024-03-13 19:30:00,164222.3327266981,164211.29026762772
2024-03-13 23:30:00,164205.49317845295,164211.2934923533
2024-03-14 03:30:00,164212.12386187268,164211.27054308786
2024-03-14 07:30:00,164207.09168217762,164211.24260659164
2024-03-14 11:30:00,164186.02551585183,164211.12944132084
2024-03-14 15:30:00,164203.62954020675,164211.06423650504
2024-03-14 19:30:00,164196.54698405316,164210.97809008177
2024-03-14 23:30:00,164193.61535194138,164210.86817029442
2024-03-15 03:30:00,164206.27206744408,164210.8265885152
2024-03-15 07:30:00,164208.13155891234,164210.8126252694
2024-03-15 11:30:00,164215.34324868218,164210.88065076384
2024-03-15 15:30:00,164227.5952240039,164210.98603636798
2024-03-15 19:30:00,164223.11409400922,164211.0558808798
2024-03-15 23:30:00,164213.40433355983,164211.09148299514
2024-03-16 03:30:00,164208.58602774848,164211.03179637552
2024-03-16 07:30:00,164228.65781959562,164211.09074741873
2024-03-16 11:30:00,164213.96681150055,164211.12727132963
2024-03-16 15:30:00,164209.57837785562,164211.12640527132
2024-03-16 19:30:00,164220.8303675187,164211.13706028438
2024-03-16 23:30:00,164213.74627944911,164211.1119330974
2024-03-17 03:30:00,164190.03793989212,164210.99597997512
2024-03-17 07:30:00,164204.77580715495,164210.9600788741
2024-03-17 11:30:00,164200.8329464637,164210.91867802967
2024-03-17 15:30:00,164197.36991427565,164210.8480570095
2024-03-17 19:30:00,164219.66749871682,164210.85410043038
2024-03-17 23:30:00,164220.19222268314,164210.86411995423
2024-03-18 03:30:00,164206.66208981833,164210.84546639773
2024-03-18 07:30:00,164203.0547827276,164210.81912044136
2024-03-18 11:30:00,164211.6482458981,164210.83845795773
2024-03-18 15:30:00,164190.200222242,164210.72672592485
2024-03-18 19:30:00,164210.59020161777,164210.73965048458
2024-03-18 23:30:00,164207.37241240634,164210.79407793848
2024-03-19 03:30:00,164209.79704715472,164210.8621320157
2024-03-19 07:30:00,164210.8433226144,164210.81485255985
2024-03-19 11:30:00,164209.74767095473,164210.76753623778
2024-03-19 15:30:00,164205.09020925887,164210.75778051536
2024-03-19 19:30:00,164206.00539634755,164210.6772855009
2024-03-19 23:30:00,164211.03820829382,164210.62753289368
2024-03-20 03:30:00,164209.67534962884,164210.58239406205
2024-03-20 07:30:00,164208.888820743,164210.57445119656
2024-03-20 11:30:00,164211.57444350666,164210.6110846316
2024-03-20 15:30:00,164209.04039122377,164210.56288103806
2024-03-20 19:30:00,164207.81235669725,164210.54126145132
2024-03-20 23:30:00,164209.7019614776,164210.49507823066
2024-03-21 03:30:00,164217.77090351845,164210.53928125
2024-03-21 07:30:00,164205.5011675263,164210.522619781
2024-03-21 11:30:00,164212.54252791623,164210.55572688035
2024-03-21 15:30:00,164212.1582970453,164210.60735980372
2024-03-21 19:30:00,164212.4297438791,164210.6552113951
2024-03-21 23:30:00,164214.61957026628,164210.73222103773
2024-03-22 03:30:00,164222.413187028,164210.7909343358
2024-03-22 07:30:00,164214.19761996838,164210.8106851644
2024-03-22 11:30:00,164209.58598222147,164210.64936972613
2024-03-22 15:30:00,164215.36535563422,164210.50263109303
2024-03-22 19:30:00,164201.81765543227,164210.3283869068
2024-03-22 23:30:00,164209.14157642395,164210.26361112637
2024-03-23 03:30:00,164224.86187634614,164210.36862301195
2024-03-23 07:30:00,164213.23854213994,164210.41518369992
2024-03-23 11:30:00,164214.70851937332,164210.44681550638
2024-03-23 15:30:00,164222.7791712887,164210.4904602354
2024-03-23 19:30:00,164212.25272606863,164210.52029249698
2024-03-23 23:30:00,164205.80812945185,164210.48233304205
2024-03-24 03:30:00,164209.3084055482,164210.43815135484
2024-03-24 07:30:00,164205.95759585267,164210.4188959327
2024-03-24 11:30:00,164207.2486465377,164210.4017630837
2024-03-24 15:30:00,164215.50305597403,164210.44626149934
2024-03-24 19:30:00,164213.03084490268,164210.47744432022
2024-03-24 23:30:00,164210.00147249448,164210.47917780417
2024-03-25 03:30:00,164215.14726816746,164210.51881712954
2024-03-25 07:30:00,164212.18655069548,164210.58279194243
2024-03-25 11:30:00,164205.18411037355,164210.61224170763
2024-03-25 15:30:00,164209.54276734797,164210.58066045662
2024-03-25 19:30:00,164207.94704746793,164210.62839272813
2024-03-25 23:30:00,164208.15256129092,164210.64414643534
2024-03-26 03:30:00,164214.06220703683,164210.64952071814
2024-03-26 07:30:00,164212.05131992412,164210.68687005725
2024-03-26 11:30:00,164215.47592163598,164210.75939187463
2024-03-26 15:30:00,164219.98825677772,164210.72793879992
2024-03-26 19:30:00,164222.1432053778,164210.68133536747
2024-03-26 23:30:00,164214.38439727464,164210.70629200895
2024-03-27 03:30:00,164215.8326405236,164210.67250628234
2024-03-27 07:30:00,164212.00554851553,164210.70225486034
2024-03-27 11:30:00,164197.93756973947,164210.63860351723
2024-03-27 15:30:00,164209.96431138949,164210.60559459697
2024-03-27 19:30:00,164206.94876051362,164210.55390586852
2024-03-27 23:30:00,164200.2327559563,164210.47835948682
2024-03-28 03:30:00,164216.36521496336,164210.45193276653
2024-03-28 07:30:00,164214.55816639494,164210.45279216746
2024-03-28 11:30:00,164199.1676475865,164210.398467466
2024-03-28 15:30:00,164215.54675459655,164210.4141829708
2024-03-28 19:30:00,164203.96241956978,164210.4045277226
2024-03-28 23:30:00,164203.76526663057,164210.4300086375
2024-03-29 03:30:00,164213.4767192549,164210.46540188286
2024-03-29 07:30:00,164218.9586785298,164210.53117360605
2024-03-29 11:30:00,164218.65659399077,164210.63824686361
2024-03-29 15:30:00,164226.40333502696,164210.7457512017
2024-03-29 19:30:00,164231.3203347213,164210.86271590897
2024-03-29 23:30:00,164211.54267487652,164210.9372053133
2024-03-30 03:30:00,164211.91938219502,164210.9872393582
2024-03-30 07:30:00,164220.77861434667,164211.0688269212
2024-03-30 11:30:00,164212.0873779473,164211.12826227973
2024-03-30 15:30:00,164208.11226614224,164211.1386516426
2024-03-30 19:30:00,164213.92098499447,164211.1695421729
2024-03-30 23:30:00,164206.76919796123,164211.16285448408
2024-03-31 03:30:00,164198.84890652617,164211.11489735797
2024-03-31 07:30:00,164207.06742028875,164211.09331911488
2024-03-31 11:30:00,164194.1849700817,164210.97048407764
2024-03-31 15:30:00,164191.13342816112,164210.78424037437
2024-03-31 19:30:00,164213.67975763293,164210.71780845377
2024-03-31 23:30:00,164213.74330969618,164210.71016306517
2024-04-01 03:30:00,164202.14852122014,164210.66817510154
2024-04-01 07:30:00,164223.60854844117,164210.7396402835
2024-04-01 11:30:00,164220.07826612194,164210.79688440415
2024-04-01 15:30:00,164204.0104883762,164210.77462986522
2024-04-01 19:30:00,164217.9693534453,164210.78105378148
2024-04-01 23:30:00,164216.379632501,164210.81782503278
2024-04-02 03:30:00,164207.41850618512,164210.81804629127
2024-04-02 07:30:00,164206.4117654761,164210.79375604837
2024-04-02 11:30:00,164210.03701372075,164210.81133191442
2024-04-02 15:30:00,164202.39565298604,164210.7856763472
2024-04-02 19:30:00,164220.9561215976,164210.81878185098
2024-04-02 23:30:00,164217.7188565315,164210.84385621722
2024-04-03 03:30:00,164210.48795383624,164210.8653143461
2024-04-03 07:30:00,164207.48467163058,164210.84988381414
2024-04-03 11:30:00,164215.09177045213,164210.85670193515
2024-04-03 15:30:00,164199.13677871888,164210.77836378085
2024-04-03 19:30:00,164203.78768525476,164210.71549910144
2024-04-03 23:30:00,164217.9313513338,164210.73021352116
2024-04-04 03:30:00,164206.56700361785,164210.69084786676
2024-04-04 07:30:00,164204.97629340287,164210.67644524202
2024-04-04 11:30:00,164216.3862683594,164210.71201514857
2024-04-04 15:30:00,164204.93714859182,164210.7149169127
2024-04-04 19:30:00,164199.4483601279,164210.63336210552
2024-04-04 23:30:00,164205.5544394193,164210.59813051048
2024-04-05 03:30:00,164200.8892147308,164210.52545101172
2024-04-05 07:30:00,164200.25083349633,164210.47885151845
2024-04-05 11:30:00,164207.20535086136,164210.46124908212
2024-04-05 15:30:00,164210.38879400378,164210.48050760306
2024-04-05 19:30:00,164203.09794275972,164210.47368428754
2024-04-05 23:30:00,164205.86703029438,164210.44318668253
2024-04-06 03:30:00,164207.2118233876,164210.45714393535
2024-04-06 07:30:00,164201.6752824592,164210.43986384413
2024-04-06 11:30:00,164214.96168784905,164210.45813564007
2024-04-06 15:30:00,164217.90844937862,164210.47342765273
2024-04-06 19:30:00,164215.13423502698,164210.4698450038
2024-04-06 23:30:00,164214.92133533445,164210.45616698096
2024-04-07 03:30:00,164220.18870451377,164210.51328589508
2024-04-07 07:30:00,164210.16048440486,164210.51908593072
2024-04-07 11:30:00,164212.3370090896,164210.542436956
2024-04-07 15:30:00,164215.86091774967,164210.5625969509
2024-04-07 19:30:00,164210.16941335466,164210.53929986415
2024-04-07 23:30:00,164212.65780370068,164210.51432992885
2024-04-08 03:30:00,164215.67397488529,164210.50630356238
2024-04-08 07:30:00,164207.85748287238,164210.49513853499
2024-04-08 11:30:00,164209.97268465787,164210.49274318301
2024-04-08 15:30:00,164201.34835826454,164210.40489635614
2024-04-08 19:30:00,164207.3675262414,164210.40286071657
2024-04-08 23:30:00,164203.35081152397,164210.39669038806
2024-04-09 03:30:00,164210.96283965348,164210.34835717737
2024-04-09 07:30:00,164207.20734643404,164210.30365091193
2024-04-09 11:30:00,164201.64464906655,164210.29436939326
2024-04-09 15:30:00,164212.59796365368,164210.31666584892
2024-04-09 19:30:00,164208.9055918318,164210.32000568486
2024-04-09 23:30:00,164210.09544035103,164210.41574870504
2024-04-10 03:30:00,164223.0349141548,164210.51934756842
2024-04-10 07:30:00,164220.68817527097,164210.65705872935
2024-04-10 11:30:00,164219.23381220867,164210.77072811016
2024-04-10 15:30:00,164219.33493203542,164210.76076615052
2024-04-10 19:30:00,164216.52661929853,164210.72888095918
2024-04-10 23:30:00,164213.3381403985,164210.67011109562
2024-04-11 03:30:00,164214.57864388442,164210.60262061132
2024-04-11 07:30:00,164208.37997221883,164210.59070793184
2024-04-11 11:30:00,164205.51309996212,164210.57264964248
2024-04-11 15:30:00,164218.6008807424,164210.58914821918
2024-04-11 19:30:00,164213.01650413827,164210.62480697423
2024-04-11 23:30:00,164205.2094543057,164210.63002463282
2024-04-12 03:30:00,164207.65088039997,164210.60460620947
2024-04-12 07:30:00,164207.18626488227,164210.5860529916
2024-04-12 11:30:00,164200.36263248124,164210.51123506867
2024-04-12 15:30:00,164213.57545443988,164210.44515290164
2024-04-12 19:30:00,164213.69080704046,164210.39714223688
2024-04-12 23:30:00,164210.7774922685,164210.42649953582
2024-04-13 03:30:00,164210.2240898727,164210.41594524696
2024-04-13 07:30:00,164214.49647693595,164210.45708299562
2024-04-13 11:30:00,164204.41531545002,164210.55924854896
2024-04-13 15:30:00,164216.4346318807,164210.63038794714
2024-04-13 19:30:00,164216.223908202,164210.73970419238
2024-04-13 23:30:00,164208.59181743112,164210.82290677846
2024-04-14 03:30:00,164209.80353924402,164210.84252606623
2024-04-14 07:30:00,164220.32138710425,164210.910247334
2024-04-14 11:30:00,164216.16241406737,164210.91479825278
2024-04-14 15:30:00,164215.98994965642,164210.8503245064
2024-04-14 19:30:00,164223.33541253678,164210.85155405378
2024-04-14 23:30:00,164217.7333573307,164210.87560418586
2024-04-15 03:30:00,164211.86839734073,164210.89383957244
2024-04-15 07:30:00,164221.34922338184,164210.85323626015
2024-04-15 11:30:00,164219.048136991,164210.88146584624
2024-04-15 15:30:00,164203.06262622605,164210.84526722605
2024-04-15 19:30:00,164206.09435045047,164210.76340046455
2024-04-15 23:30:00,164204.24812446733,164210.7106329369
2024-04-16 03:30:00,164198.28961159603,164210.75647555746
2024-04-16 07:30:00,164205.01174887313,164210.75778634482
2024-04-16 11:30:00,164215.59716795993,164210.83980979753
2024-04-16 15:30:00,164211.2164486256,164210.9167349884
2024-04-16 19:30:00,164214.34200157583,164210.88714889318
2024-04-16 23:30:00,164212.15636612117,164210.8425052456
2024-04-17 03:30:00,164206.91683377806,164210.84392048977
2024-04-17 07:30:00,164210.7721533089,164210.8867947708
2024-04-17 11:30:00,164219.89882029442,164210.93263129526
2024-04-17 15:30:00,164212.672450609,164211.0574770084
2024-04-17 19:30:00,164217.54851680488,164211.09613431498
2024-04-17 23:30:00,164219.1593081495,164211.1616170691
2024-04-18 03:30:00,164203.39752600656,164211.12606417385
2024-04-18 07:30:00,164208.21531375716,164211.11146412464
2024-04-18 11:30:00,164215.87989935096,164211.14553206015
2024-04-18 15:30:00,164213.11927198118,164211.19013796418
2024-04-18 19:30:00,164213.93287529034,164211.23417951388
2024-04-18 23:30:00,164216.95728200508,164211.26706325673
2024-04-19 03:30:00,164208.72761050894,164211.2617980394
2024-04-19 07:30:00,164207.00228566385,164211.25131728893
2024-04-19 11:30:00,164219.46246846882,164211.29513964985
2024-04-19 15:30:00,164211.64544717572,164211.30961218293
2024-04-19 19:30:00,164221.0138481982,164211.3829538024
2024-04-19 23:30:00,164220.40087392452,164211.44239220483
2024-04-20 03:30:00,164212.63695366553,164211.41387026123
2024-04-20 07:30:00,164210.345219758,164211.4407816625
2024-04-20 11:30:00,164220.1072180189,164211.48280771862
2024-04-20 15:30:00,164209.46234341964,164211.46783019847
2024-04-20 19:30:00,164203.21955488322,164211.41666248185
2024-04-20 23:30:00,164203.07972030086,164211.35255220428
2024-04-21 03:30:00,164213.52727923525,164211.30318604983
2024-04-21 07:30:00,164207.48147004648,164211.26587410583
2024-04-21 11:30:00,164207.86818296314,164211.25633077664
2024-04-21 15:30:00,164218.50305657266,164211.2737624485
2024-04-21 19:30:00,164210.01187278717,164211.31928587827
2024-04-21 23:30:00,164209.41235265124,164211.32079019063
2024-04-22 03:30:00,164214.58451384137,164211.26369373227
2024-04-22 07:30:00,164203.65292134596,164211.2104402834
2024-04-22 11:30:00,164206.81692193553,164211.16659807542
2024-04-22 15:30:00,164214.09589345875,164211.11835764305
2024-04-22 19:30:00,164208.26276480986,164211.09619119158
2024-04-22 23:30:00,164214.71930705913,164211.14569773385
2024-04-23 03:30:00,164217.92150931692,164211.19354831034
2024-04-23 07:30:00,164208.52364407427,164211.20780413377
2024-04-23 11:30:00,164200.97657551803,164211.1729592948
2024-04-23 15:30:00,164217.7211059762,164211.1852817948
2024-04-23 19:30:00,164215.32536332583,164211.1980291194
2024-04-23 23:30:00,164218.02413796852,164211.2425994831
2024-04-24 03:30:00,164225.0138248896,164211.29741368716
2024-04-24 07:30:00,164210.97374753244,164211.2906758918
2024-04-24 11:30:00,164208.7788251804,164211.31064652963
2024-04-24 15:30:00,164215.93921096277,164211.34618232748
2024-04-24 19:30:00,164211.63452341536,164211.36666830495
2024-04-24 23:30:00,164206.37332855933,164211.35678367867
2024-04-25 03:30:00,164220.29219741153,164211.39139473633
2024-04-25 07:30:00,164216.41535238497,164211.4156393611
2024-04-25 11:30:00,164206.34832704955,164211.36493050228
2024-04-25 15:30:00,164215.54362605693,164211.34023810938
2024-04-25 19:30:00,164212.4738114015,164211.28651925398
2024-04-25 23:30:00,164209.22871359385,164211.25787656684
2024-04-26 03:30:00,164218.94769470234,164211.27518242341
2024-04-26 07:30:00,164214.95381048849,164211.2915616566
2024-04-26 11:30:00,164190.3167215218,164211.2492236109
2024-04-26 15:30:00,164206.05704900125,164211.22751659766
2024-04-26 19:30:00,164218.40552756676,164211.29116530353
2024-04-26 23:30:00,164204.60456800804,164211.31545314824
2024-04-27 03:30:00,164221.40563728818,164211.3434554945
2024-04-27 07:30:00,164227.10342970287,164211.41315140174
2024-04-27 11:30:00,164212.35360327104,164211.4864067111
2024-04-27 15:30:00,164211.2014029348,164211.46226586855
2024-04-27 19:30:00,164208.9016005914,164211.48970576315
2024-04-27 23:30:00,164205.22948971714,164211.49784033583
2024-04-28 03:30:00,164215.35116013116,164211.50825389626
2024-04-28 07:30:00,164211.5985183652,164211.46736411753
2024-04-28 11:30:00,164210.26093521656,164211.42072156884
2024-04-28 15:30:00,164214.11380310252,164211.35244639145
2024-04-28 19:30:00,164205.17550883594,164211.20719735877
2024-04-28 23:30:00,164208.53310407657,164211.19047752098
2024-04-29 03:30:00,164205.34962374208,164211.1539788629
2024-04-29 07:30:00,164218.53502196688,164211.14151446082
2024-04-29 11:30:00,164218.28997682093,164211.17597334343
2024-04-29 15:30:00,164208.5614702439,164211.17846892177
2024-04-29 19:30:00,164214.0005626584,164211.17891101987
2024-04-29 23:30:00,164200.63869719033,164211.14485268228
2024-04-30 03:30:00,164204.9968168255,164211.1790077395
2024-04-30 07:30:00,164214.72544996295,164211.2215523488
2024-04-30 11:30:00,164207.02841342802,164211.29290481185
2024-04-30 15:30:00,164201.4718289132,164211.35034037157
2024-04-30 19:30:00,164194.34122699132,164211.24290409024
2024-04-30 23:30:00,164190.06102555685,164211.111335845
2024-05-01 03:30:00,164193.9535527589,164211.06580824245
2024-05-01 07:30:00,164216.8702236468,164211.0283731047
2024-05-01 11:30:00,164230.7666005181,164211.08775274028
2024-05-01 15:30:00,164234.43863374938,164211.2567979923
2024-05-01 19:30:00,164225.34206480437,164211.29775749985
2024-05-01 23:30:00,164215.50065449017,164211.29287428866
2024-05-02 03:30:00,164210.1717219306,164211.3081699317
2024-05-02 07:30:00,164207.08765525848,164211.31192487493
2024-05-02 11:30:00,164201.25422323923,164211.2631315945
2024-05-02 15:30:00,164209.14981548878,164211.30065471953
2024-05-02 19:30:00,164211.63629895367,164211.24887792705
2024-05-02 23:30:00,164208.1330982322,164211.19562371427
2024-05-03 03:30:00,164203.75406756683,164211.158213235
2024-05-03 07:30:00,164209.90647785747,164211.17166771405
2024-05-03 11:30:00,164215.19768452484,164211.17225612557
2024-05-03 15:30:00,164209.07348502372,164211.22746004947
2024-05-03 19:30:00,164211.2076264528,164211.26868194505
2024-05-03 23:30:00,164211.13139676984,164211.23090441964
2024-05-04 03:30:00,164186.12621228286,164211.11734446778
2024-05-04 07:30:00,164202.71897912907,164211.10480383295
2024-05-04 11:30:00,164214.19812064062,164211.09264745674
2024-05-04 15:30:00,164210.2498420138,164211.12216242016
2024-05-04 19:30:00,164213.38539222348,164211.1995903763
2024-05-04 23:30:00,164215.87424501564,164211.25692262957
2024-05-05 03:30:00,164207.36080100454,164211.29287588666
2024-05-05 07:30:00,164208.20405296402,164211.33706043925
2024-05-05 11:30:00,164213.77529418483,164211.3735601244
2024-05-05 15:30:00,164209.67854974483,164211.36961432296
2024-05-05 19:30:00,164211.3792723195,164211.41562170937
2024-05-05 23:30:00,164214.69360218928,164211.46465821995
2024-05-06 03:30:00,164214.1699123456,164211.50331426968
2024-05-06 07:30:00,164208.28662158246,164211.54004393148
2024-05-06 11:30:00,164214.49761395564,164211.5374657432
2024-05-06 15:30:00,164216.78286214825,164211.53121248083
2024-05-06 19:30:00,164206.36175924574,164211.48247650423
2024-05-06 23:30:00,164206.74884788896,164211.43707379623
2024-05-07 03:30:00,164214.88205114985,164211.40759238863
2024-05-07 07:30:00,164211.16474650553,164211.4131716225
2024-05-07 11:30:00,164200.3287239247,164211.34645892718
2024-05-07 15:30:00,164215.5825598583,164211.34491249442
2024-05-07 19:30:00,164219.28792222723,164211.39557087707
2024-05-07 23:30:00,164213.5303995525,164211.40041863176
2024-05-08 03:30:00,164217.19305783167,164211.40885798147
2024-05-08 07:30:00,164208.23939797204,164211.410979732
2024-05-08 11:30:00,164189.63078179487,164211.29796916057
2024-05-08 15:30:00,164212.86972190414,164211.36197673637
2024-05-08 19:30:00,164213.77915206912,164211.39759687986
2024-05-08 23:30:00,164208.80489695122,164211.42789735444
2024-05-09 03:30:00,164219.33608023293,164211.47441535763
2024-05-09 07:30:00,164223.02510827765,164211.56229181236
2024-05-09 11:30:00,164210.5700102476,164211.61187715223
2024-05-09 15:30:00,164218.22498897507,164211.64313840403
2024-05-09 19:30:00,164220.44272219157,164211.7072335727
2024-05-09 23:30:00,164212.96471339595,164211.72317397848
2024-05-10 03:30:00,164221.81970710086,164211.7164228282
2024-05-10 07:30:00,164215.50472925178,164211.68762590588
2024-05-10 11:30:00,164203.396151588,164211.59963890244
2024-05-10 15:30:00,164213.03550476546,164211.56464208424
2024-05-10 19:30:00,164213.40188906837,164211.54728247187
2024-05-10 23:30:00,164214.59254073905,164211.55425136266
2024-05-11 03:30:00,164212.85984912713,164211.5447025029
2024-05-11 07:30:00,164213.06220070872,164211.57071488336
2024-05-11 11:30:00,164200.56485314836,164211.5432246233
2024-05-11 15:30:00,164208.89754453447,164211.4893171999
2024-05-11 19:30:00,164219.74007443336,164211.52667036824
2024-05-11 23:30:00,164218.10360911544,164211.59830456163
2024-05-12 03:30:00,164221.68577684852,164211.67627620857
2024-05-12 07:30:00,164224.89378548044,164211.77465132298
2024-05-12 11:30:00,164209.23252525963,164211.82392850507
2024-05-12 15:30:00,164188.28317963815,164211.6834158673
2024-05-12 19:30:00,164207.10091445447,164211.64680535294
2024-05-12 23:30:00,164209.1313047491,164211.63765986674
2024-05-13 03:30:00,164204.54498091803,164211.60610926143
2024-05-13 07:30:00,164230.04244772292,164211.6924757658
2024-05-13 11:30:00,164225.70494807023,164211.81075150255
2024-05-13 15:30:00,164212.26422939726,164211.78758259985
2024-05-13 19:30:00,164215.2253295332,164211.7820349406
2024-05-13 23:30:00,164206.2987311986,164211.76929557265
2024-05-14 03:30:00,164204.70039395892,164211.7409447655
2024-05-14 07:30:00,164214.42990113774,164211.7082142879
2024-05-14 11:30:00,164213.09579163376,164211.69117749663
2024-05-14 15:30:00,164219.77709902078,164211.71221721533
2024-05-14 19:30:00,164214.51454944102,164211.6632124203
2024-05-14 23:30:00,164215.34329446958,164211.64993429332
2024-05-15 03:30:00,164211.88692918213,164211.650037248
2024-05-15 07:30:00,164213.5171397454,164211.60652567225
2024-05-15 11:30:00,164211.5033215222,164211.56461003073
2024-05-15 15:30:00,164204.78634038416,164211.57418622053
2024-05-15 19:30:00,164213.72210201036,164211.6165626181
2024-05-15 23:30:00,164209.55045103517,164211.64601998788
2024-05-16 03:30:00,164207.96480640591,164211.69977107018
2024-05-16 07:30:00,164207.38412599874,164211.71295094307
2024-05-16 11:30:00,164213.39412894892,164211.70071183747
2024-05-16 15:30:00,164209.1537011212,164211.68925212912
2024-05-16 19:30:00,164204.21990127955,164211.6330182386
2024-05-16 23:30:00,164208.8443601899,164211.6146182056
2024-05-17 03:30:00,164207.03557270957,164211.61527786637
2024-05-17 07:30:00,164211.38735580875,164211.61869565805
2024-05-17 11:30:00,164220.0915732115,164211.61976650756
2024-05-17 15:30:00,164214.975436455,164211.63256087338
2024-05-17 19:30:00,164216.32231632178,164211.62574864845
2024-05-17 23:30:00,164216.57018766674,164211.61136464583
2024-05-18 03:30:00,164215.08423398848,164211.67629080123
2024-05-18 07:30:00,164212.896209197,164211.70229577593
2024-05-18 11:30:00,164218.87492961262,164211.71893483293
2024-05-18 15:30:00,164219.13919503626,164211.7523788499
2024-05-18 19:30:00,164210.2898338025,164211.73213973053
2024-05-18 23:30:00,164213.88940004588,164211.71509594185
2024-05-19 03:30:00,164215.6536317556,164211.75357383766
2024-05-19 07:30:00,164211.08727699285,164211.77626823395
2024-05-19 11:30:00,164208.04304498227,164211.71282699236
2024-05-19 15:30:00,164196.17744193162,164211.62689362987
2024-05-19 19:30:00,164203.95691778813,164211.53213290535
2024-05-19 23:30:00,164203.5322148015,164211.4384181325
2024-05-20 03:30:00,164204.5476432729,164211.39347751916
2024-05-20 07:30:00,164204.57944435853,164211.36144543363
2024-05-20 11:30:00,164212.42854500457,164211.31878613913
2024-05-20 15:30:00,164215.5985332922,164211.35287608285
2024-05-20 19:30:00,164209.08755347543,164211.385476075
2024-05-20 23:30:00,164210.3700507218,164211.4259779107
2024-05-21 03:30:00,164219.0766089687,164211.45680752033
2024-05-21 07:30:00,164217.08720338772,164211.51017270557
2024-05-21 11:30:00,164216.15616419556,164211.5562170457
2024-05-21 15:30:00,164211.02443561223,164211.5146691515
2024-05-21 19:30:00,164214.7200676186,164211.54082578945
2024-05-21 23:30:00,164210.64967863832,164211.54769982272
2024-05-22 03:30:00,164211.51483399945,164211.53064604584
2024-05-22 07:30:00,164205.48928931067,164211.54084809008
2024-05-22 11:30:00,164209.52624948684,164211.5558999098
2024-05-22 15:30:00,164217.70297300164,164211.5759392406
2024-05-22 19:30:00,164208.3966256563,164211.57668291195
2024-05-22 23:30:00,164212.87564466574,164211.56644034313
2024-05-23 03:30:00,164218.10385670516,164211.56745338414
2024-05-23 07:30:00,164215.52041475574,164211.60632433242
2024-05-23 11:30:00,164208.11098468833,164211.6459599389
2024-05-23 15:30:00,164205.56305176677,164211.5784151933
2024-05-23 19:30:00,164212.3845499528,164211.5620773412
2024-05-23 23:30:00,164208.30489336455,164211.50808153788
2024-05-24 03:30:00,164214.13541449045,164211.44764592455
2024-05-24 07:30:00,164208.05510284705,164211.43143123185
2024-05-24 11:30:00,164192.3174604433,164211.3399792055
2024-05-24 15:30:00,164205.4750030549,164211.28184471713
2024-05-24 19:30:00,164214.17804115725,164211.29597537126
2024-05-24 23:30:00,164207.76974886568,164211.30373326186
2024-05-25 03:30:00,164227.99530687637,164211.34652831443
2024-05-25 07:30:00,164224.93192797338,164211.39384262325
2024-05-25 11:30:00,164214.13684308558,164211.4371121568
2024-05-25 15:30:00,164218.82138486623,164211.45532192796
2024-05-25 19:30:00,164218.89041312854,164211.4909697153
2024-05-25 23:30:00,164218.84308995,164211.54438291732
2024-05-26 03:30:00,164205.60704576888,164211.470268201
2024-05-26 07:30:00,164203.25846320397,164211.40529404941
2024-05-26 11:30:00,164207.33422397342,164211.49983572972
2024-05-26 15:30:00,164209.90918969814,164211.52123651138
2024-05-26 19:30:00,164214.74427702825,164211.50089623057
2024-05-26 23:30:00,164214.032574986,164211.55327404712
2024-05-27 03:30:00,164214.6692830547,164211.51584985695
2024-05-27 07:30:00,164211.39492178534,164211.42858036852
2024-05-27 11:30:00,164201.22967250037,164211.3667807531
2024-05-27 15:30:00,164213.0852933223,164211.37724681082
2024-05-27 19:30:00,164208.80670981272,164211.37671963984
2024-05-27 23:30:00,164213.55944712646,164211.422997181
2024-05-28 03:30:00,164214.66911653226,164211.4192080499
2024-05-28 07:30:00,164219.6708334106,164211.4640542446
2024-05-28 11:30:00,164206.75091247965,164211.44455411826
2024-05-28 15:30:00,164209.30086513679,164211.41781557404
2024-05-28 19:30:00,164216.7448753625,164211.48208983248
2024-05-28 23:30:00,164205.63097317098,164211.46596688303
2024-05-29 03:30:00,164207.771406456,164211.47942123146
2024-05-29 07:30:00,164228.01890674152,164211.53210948018
2024-05-29 11:30:00,164219.394317236,164211.53824470472
2024-05-29 15:30:00,164214.02909241998,164211.56862038348
2024-05-29 19:30:00,164202.4593657667,164211.50450262296
2024-05-29 23:30:00,164200.72551700703,164211.50498495527
2024-05-30 03:30:00,164200.5360488448,164211.48020291093
2024-05-30 07:30:00,164223.16621889084,164211.52709607163
2024-05-30 11:30:00,164219.98769869588,164211.5990921009
2024-05-30 15:30:00,164220.18985569736,164211.7030811386
2024-05-30 19:30:00,164223.7250631842,164211.86632467303
2024-05-30 23:30:00,164207.20874709263,164211.96158979266
2024-05-31 03:30:00,164210.1271084775,164212.05144287995
2024-05-31 07:30:00,164221.4324069136,164212.0767883426
2024-05-31 11:30:00,164214.3495018818,164211.98558223902
2024-05-31 15:30:00,164207.3664643243,164211.8351812978
2024-05-31 19:30:00,164219.7277798059,164211.8039908256
2024-05-31 23:30:00,164221.29664454836,164211.83619077035
2024-06-01 03:30:00,164205.50567305103,164211.81026827657
2024-06-01 07:30:00,164212.81222178423,164211.84207142395
2024-06-01 15:30:00,164209.8403506953,164211.9050791524
2024-06-01 19:30:00,164213.96148603785,164211.91806902434
2024-06-01 23:30:00,164213.87596464978,164211.95015207698
2024-06-02 03:30:00,164210.96222699442,164211.99042112404
2024-06-02 07:30:00,164212.5524598221,164212.0052031462
2024-06-02 11:30:00,164211.22287310724,164211.9829974958
2024-06-02 15:30:00,164211.6370626371,164211.99731915846
2024-06-02 19:30:00,164207.3982502547,164211.97603772717
2024-06-02 23:30:00,164217.51457572932,164212.01169794484
2024-06-03 03:30:00,164212.70115742995,164212.16016132556
2024-06-03 07:30:00,164209.68977681498,164212.19910432937
2024-06-03 11:30:00,164201.37974236364,164212.12749327754
2024-06-03 15:30:00,164204.10264669018,164212.09315140423
2024-06-03 19:30:00,164203.55432322962,164212.0382292311
2024-06-03 23:30:00,164215.7664671994,164212.0376271204
2024-06-04 03:30:00,164225.65695895583,164212.1398402933
2024-06-04 07:30:00,164221.38456918646,164212.21347446213
2024-06-04 11:30:00,164213.43199459778,164212.21155658734
2024-06-04 15:30:00,164207.07933807396,164212.1970358517
2024-06-04 19:30:00,164209.04226637594,164212.18397995265
2024-06-04 23:30:00,164213.45619893915,164212.17706708531
2024-06-05 03:30:00,164219.1697202772,164212.2049989732
2024-06-05 07:30:00,164219.7738247741,164212.26917329268
2024-06-05 11:30:00,164222.38236688866,164212.3132221918
2024-06-05 15:30:00,164226.82215428777,164212.3693076227
2024-06-05 19:30:00,164211.23827429657,164212.39655072356
2024-06-05 23:30:00,164214.764472444,164212.441330749
2024-06-06 03:30:00,164216.63429361102,164212.45111981302
2024-06-06 07:30:00,164209.36633404891,164212.44107281606
2024-06-06 11:30:00,164200.1858330876,164212.44027454325
2024-06-06 15:30:00,164203.8525075266,164212.37474352462
2024-06-06 19:30:00,164201.54862971805,164212.27564133186
2024-06-06 23:30:00,164207.86295034326,164212.24397960442
2024-06-07 03:30:00,164232.49492584198,164212.32946490057
2024-06-07 07:30:00,164245.51915408825,164212.53773169452
2024-06-07 11:30:00,164231.0688571682,164212.7692293223
2024-06-07 15:30:00,164220.16782737212,164212.8100008612
2024-06-07 19:30:00,164202.75817956965,164212.74843118244
2024-06-07 23:30:00,164206.899804011,164212.73778820512
2024-06-08 03:30:00,164211.6078763352,164212.69461388167
2024-06-08 07:30:00,164212.12326622446,164212.63370973614
2024-06-08 11:30:00,164223.26220377756,164212.70461584526
2024-06-08 15:30:00,164223.06872326875,164212.73167581335
2024-06-08 19:30:00,164216.37546467595,164212.7089537043
2024-06-08 23:30:00,164210.0957565711,164212.6929260126
2024-06-09 03:30:00,164214.8260780485,164212.65385545918
2024-06-09 07:30:00,164217.72265994456,164212.66624613345
2024-06-09 11:30:00,164211.41068547676,164212.71102006582
2024-06-09 15:30:00,164222.48198361354,164212.76379369062
2024-06-09 19:30:00,164219.6184064832,164212.79852283822
2024-06-09 23:30:00,164212.86699860997,164212.78888293804
2024-06-10 03:30:00,164214.66548088184,164212.7989702663
2024-06-10 07:30:00,164221.46412699946,164212.845908402
2024-06-10 11:30:00,164211.0289720024,164212.90436716654
2024-06-10 15:30:00,164203.5995481484,164212.87476942138
2024-06-10 19:30:00,164207.69756992007,164212.80749285987
2024-06-10 23:30:00,164199.49058392507,164212.7035094789
2024-06-11 03:30:00,164200.37049248742,164212.584429678
2024-06-11 07:30:00,164226.20783866866,164212.59177075728
2024-06-11 11:30:00,164228.26556479128,164212.69810058706
2024-06-11 15:30:00,164215.90233123093,164212.85239752333
2024-06-11 19:30:00,164212.65728485497,164212.88343869874
2024-06-11 23:30:00,164210.10592293163,164212.88888349305
2024-06-12 03:30:00,164213.44548779292,164212.93860699516
2024-06-12 07:30:00,164209.61693259224,164212.82449797206
2024-06-12 11:30:00,164207.58021222678,164212.7232424646
2024-06-12 15:30:00,164216.7739025562,164212.74843616938
2024-06-12 19:30:00,164223.00734268007,164212.79191110312
2024-06-12 23:30:00,164211.56634495797,164212.82133911297
2024-06-13 03:30:00,164215.12050374373,164212.87955201682
2024-06-13 07:30:00,164221.71983184948,164212.9202778867
2024-06-13 11:30:00,164218.0312690928,164212.94785038647
2024-06-13 15:30:00,164208.99200719805,164212.88759847684
2024-06-13 19:30:00,164206.90345467505,164212.8450783944
2024-06-13 23:30:00,164212.1767537156,164212.82738822256
2024-06-14 03:30:00,164214.14251154618,164212.83998924136
2024-06-14 07:30:00,164211.63507952873,164212.82947493845
2024-06-14 11:30:00,164210.47543382994,164212.82373254912
2024-06-14 15:30:00,164210.54583455905,164212.8559084942
2024-06-14 19:30:00,164213.4887366016,164212.85460477683
2024-06-14 23:30:00,164214.59387822237,164212.88278034772
2024-06-15 03:30:00,164211.32766883302,164212.9015672887
2024-06-15 07:30:00,164208.70942415195,164212.908971189
2024-06-15 11:30:00,164216.25406299872,164212.92494847416
2024-06-15 15:30:00,164206.82203373374,164212.91192239936
2024-06-15 19:30:00,164212.7138270152,164212.95937449843
2024-06-15 23:30:00,164216.7643208741,164213.0036200889
2024-06-16 03:30:00,164216.7936175462,164213.05813430584
2024-06-16 07:30:00,164215.0907861811,164213.07882386097
2024-06-16 11:30:00,164219.22936499244,164213.0740070553
2024-06-16 15:30:00,164220.4984023288,164213.10486161325
2024-06-16 19:30:00,164211.59782382756,164213.07846780043
2024-06-16 23:30:00,164220.74972734298,164213.10181718407
2024-06-17 03:30:00,164213.68900920963,164213.09402263226
2024-06-17 07:30:00,164210.9974493367,164213.08341503527
2024-06-17 11:30:00,164222.10529138,164213.10146174906
2024-06-17 15:30:00,164219.43609338265,164213.10312039903
2024-06-17 19:30:00,164214.2244562275,164213.12510152988
2024-06-17 23:30:00,164217.25267583437,164213.1438907801
2024-06-18 03:30:00,164216.19339141704,164213.14690619722
2024-06-18 07:30:00,164215.1818371718,164213.16978083507
2024-06-18 11:30:00,164210.6169892924,164213.18416041223
2024-06-18 15:30:00,164222.8383016469,164213.33310376262
2024-06-18 19:30:00,164213.74042985242,164213.38776025458
2024-06-18 23:30:00,164212.7781895207,164213.43941374464
2024-06-19 03:30:00,164219.68120328913,164213.52395877265
2024-06-19 07:30:00,164213.98116725648,164213.57648236424
2024-06-19 11:30:00,164203.41374928146,164213.526120377
2024-06-19 15:30:00,164218.57556896133,164213.54275186118
2024-06-19 19:30:00,164216.93295943574,164213.58658094474
2024-06-19 23:30:00,164213.32968723256,164213.60311522693
2024-06-20 03:30:00,164223.39894196735,164213.62726233868
2024-06-20 07:30:00,164211.44925391194,164213.5957654142
2024-06-20 11:30:00,164203.83595414596,164213.5269374251
2024-06-20 15:30:00,164219.20003641178,164213.57261117257
2024-06-20 19:30:00,164215.1905267193,164213.57523943574
2024-06-20 23:30:00,164217.90183004955,164213.61575424808
2024-06-21 03:30:00,164231.58621960183,164213.72788489392
2024-06-21 07:30:00,164215.98641565966,164213.78652805783
2024-06-21 11:30:00,164193.8739605583,164213.69908510294
2024-06-21 15:30:00,164219.61101918624,164213.70974457884
2024-06-21 19:30:00,164213.95366370011,164213.74078948415
2024-06-21 23:30:00,164211.4057915535,164213.7325780142
2024-06-22 03:30:00,164222.00838609648,164213.75439102759
2024-06-22 07:30:00,164221.10996055417,164213.78561754042
2024-06-22 11:30:00,164201.34037169226,164213.74779288677
2024-06-22 15:30:00,164215.89653849747,164213.80552186296
2024-06-22 19:30:00,164211.91224051293,164213.80288326272
2024-06-22 23:30:00,164208.28758970366,164213.80278659423
2024-06-23 03:30:00,164216.33082626195,164213.81505146445
2024-06-23 07:30:00,164220.2620482915,164213.8832466904
2024-06-23 11:30:00,164207.1164352073,164213.96592252707
2024-06-23 15:30:00,164206.4001101325,164213.97109072306
2024-06-23 19:30:00,164217.64938797944,164213.99048372207
2024-06-23 23:30:00,164211.95663626364,164214.01387415448
2024-06-24 03:30:00,164212.67654600902,164213.9282944848
2024-06-24 07:30:00,164217.37310900452,164213.88606644585
2024-06-24 11:30:00,164199.99415009256,164213.8070569878
2024-06-24 15:30:00,164214.43528142857,164213.78255361668
2024-06-24 19:30:00,164221.6466478007,164213.79795157572
2024-06-24 23:30:00,164208.28129474632,164213.73894713324
2024-06-25 03:30:00,164220.75004301904,164213.82354488323
2024-06-25 07:30:00,164223.36665507927,164213.93588115068
2024-06-25 11:30:00,164208.34161152501,164213.9415090141
2024-06-25 19:30:00,164209.28165642222,164213.9334736136
2024-06-25 23:30:00,164202.55312607574,164213.8689823276
2024-06-26 03:30:00,164209.94880459475,164213.84246278566
2024-06-26 07:30:00,164223.38832647106,164213.9098414637
2024-06-26 11:30:00,164221.46124540435,164214.02350198562
2024-06-26 19:30:00,164224.04959076433,164214.114920571
2024-06-26 23:30:00,164211.8791369782,164214.10542729337
2024-06-27 03:30:00,164211.2370330134,164214.08603699098
2024-06-27 07:30:00,164222.21546591498,164214.1004134458
2024-06-27 11:30:00,164220.71440150827,164214.1793032143
2024-06-27 15:30:00,164222.8173560718,164214.25566756987
2024-06-27 19:30:00,164227.5254397136,164214.31657471313
2024-06-27 23:30:00,164224.35683522516,164214.42237054394
2024-06-28 03:30:00,164219.93142562453,164214.4910712172
2024-06-28 07:30:00,164224.39276096094,164214.47058451787
2024-06-28 11:30:00,164215.66169368723,164214.44949624923
2024-06-28 15:30:00,164205.39020525385,164214.4006889771
2024-06-28 23:30:00,164213.61471447142,164214.54177148093
2024-06-29 03:30:00,164205.62195360893,164214.57066866712
2024-06-29 07:30:00,164218.30965901635,164214.54307457694
2024-06-29 11:30:00,164208.38259799758,164214.47713650478
2024-06-29 15:30:01,164201.27887623428,164214.3696877578
2024-06-29 19:30:00,164207.90405064903,164214.27979564114
2024-06-29 23:30:00,164206.69028414035,164214.2768498289
2024-06-30 07:30:00,164219.90594485163,164214.2918399963
2024-06-30 11:30:00,164223.45284403337,164214.34385909428
2024-06-30 15:30:00,164219.56345037222,164214.4135561574
2024-06-30 19:30:00,164221.50457821382,164214.42370929118
2024-06-30 23:30:00,164224.36095043767,164214.44121961054
2024-07-01 03:30:00,164225.22887572017,164214.5539236258
2024-07-01 07:30:00,164228.1993295343,164214.64184995578
2024-07-01 11:30:00,164228.86062743946,164214.7226384642
2024-07-01 15:30:00,164213.84901759567,164214.74541498066
2024-07-01 19:30:01,164214.47983572917,164214.74836014942
2024-07-01 23:30:00,164214.26048225872,164214.75054490854
2024-07-02 03:30:00,164214.61731386272,164214.77131244758
2024-07-02 07:30:00,164202.37594881162,164214.7134913623
2024-07-02 11:30:00,164199.52614829323,164214.6470326986
2024-07-02 15:30:00,164201.76541301692,164214.5909437803
2024-07-02 19:30:00,164201.82325692195,164214.5592676818
2024-07-02 23:30:00,164214.5885571762,164214.54264257642
2024-07-03 03:30:00,164216.5125774527,164214.56429837196
2024-07-03 07:30:00,164209.71334865972,164214.56443230287
2024-07-03 11:30:00,164218.63188716347,164214.6624558529
2024-07-03 15:30:00,164224.60720972548,164214.77895905197
2024-07-03 19:30:00,164216.0410284194,164214.8499062405
2024-07-03 23:30:00,164215.83849248287,164214.8503154751
2024-07-04 03:30:00,164218.09530882008,164214.80735155384
2024-07-04 07:30:00,164214.87424346976,164214.77036106685
2024-07-04 11:30:00,164224.3600602076,164214.83245234872
2024-07-04 15:30:00,164225.0467236553,164214.9345397668
2024-07-04 19:30:00,164209.24084465616,164214.93566805247
2024-07-04 23:30:00,164202.32563161355,164214.87242619265
2024-07-05 03:30:00,164216.8149603837,164214.85904687512
2024-07-05 07:30:00,164214.38755176068,164214.82844305117
2024-07-05 11:30:00,164222.28097235737,164214.82786694588
2024-07-05 15:30:00,164223.90202814146,164214.81127532004
2024-07-05 19:30:00,164222.46852219215,164214.8750835467
2024-07-05 23:30:00,164210.74322488153,164214.85223554922
2024-07-06 03:30:00,164217.88585210848,164214.85934667703
2024-07-06 07:30:00,164211.8739153233,164214.8735942979
2024-07-06 11:30:00,164199.96028893458,164214.87231279703
2024-07-06 15:30:00,164216.392207967,164214.943561095
2024-07-06 19:30:00,164227.7741426898,164215.09256969142
2024-07-06 23:30:00,164208.5258587466,164215.09633621643
2024-07-07 03:30:00,164219.22905202975,164215.02096193342
2024-07-07 07:30:00,164211.80877510496,164214.82942568918
2024-07-07 11:30:00,164204.19817297228,164214.6767513472
2024-07-07 15:30:00,164217.85716953356,164214.66362260946
2024-07-07 19:30:00,164228.10892999952,164214.80766096414
2024-07-07 23:30:00,164210.6529132237,164214.82898544832
2024-07-08 03:30:00,164217.09900026539,164214.86018501615
2024-07-08 07:30:00,164213.42468261853,164214.86757942743
2024-07-08 11:30:00,164206.88425219106,164214.77452288434
2024-07-08 15:30:00,164214.23901946202,164214.7243541127
2024-07-08 19:30:00,164221.44443229315,164214.75315506512
2024-07-08 23:30:00,164213.4408278958,164214.77216115213
2024-07-09 03:30:00,164216.32152116502,164214.78065798804
2024-07-09 07:30:00,164212.75295424822,164214.75242102385
2024-07-09 11:30:00,164202.37052917137,164214.70105649938
2024-07-09 15:30:00,164209.95078914802,164214.62985653087
2024-07-09 19:30:00,164226.22735554771,164214.6674073778
2024-07-09 23:30:00,164216.11411890748,164214.68585692495
2024-07-10 03:30:00,164216.4436028886,164214.6959598909
2024-07-10 07:30:00,164221.47213438316,164214.6960053874
2024-07-10 11:30:00,164209.1066508725,164214.68508310826
2024-07-10 15:30:00,164214.52497859797,164214.7471594176
2024-07-10 19:30:00,164219.56948844454,164214.81461350014
2024-07-10 23:30:00,164212.98726607204,164214.89129919413
2024-07-11 03:30:00,164207.20370747877,164214.93012427934
2024-07-11 07:30:00,164221.2096874779,164214.90172569305
2024-07-11 11:30:00,164209.89020664486,164214.797320249
2024-07-11 15:30:00,164214.79423867428,164214.79102426855
2024-07-11 19:30:00,164218.66448848048,164214.82515610734
2024-07-11 23:30:00,164213.01622405596,164214.84169190918
2024-07-12 03:30:00,164205.99872965654,164214.7993807834
2024-07-12 07:30:00,164220.86371569693,164214.86328296017
2024-07-12 11:30:00,164210.8739829554,164214.88199756655
2024-07-12 15:30:00,164213.37284386155,164214.86267336944
2024-07-12 19:30:00,164222.03519161628,164214.85714978384
2024-07-12 23:30:00,164219.9382744756,164214.90471756522
2024-07-13 03:30:00,164214.70110404777,164214.90233461242
2024-07-13 07:30:00,164217.7184407073,164214.87959943546
2024-07-13 11:30:00,164215.27253806885,164214.8639248273
2024-07-13 15:30:00,164219.32177132095,164214.92261666898
2024-07-13 19:30:00,164221.3650836938,164215.00478501563
2024-07-13 23:30:00,164217.16679172879,164215.03313750436
2024-07-14 03:30:00,164215.50405372598,164215.04087353946
2024-07-14 07:30:00,164219.09604409488,164215.0832653836
2024-07-14 11:30:00,164215.80868291497,164215.11356793524
2024-07-14 15:30:00,164215.45197017648,164215.1414437058
2024-07-14 19:30:00,164212.96133702833,164215.1384471173
2024-07-14 23:30:00,164220.64216592812,164215.17281238834
2024-07-15 03:30:00,164220.6105123531,164215.22555581745
2024-07-15 07:30:00,164221.21603383133,164215.2966160997
2024-07-15 11:30:00,164218.68755604135,164215.31044276475
2024-07-15 15:30:00,164216.3401002571,164215.36452268812
2024-07-15 19:30:00,164218.19883743415,164215.39568752013
2024-07-15 23:30:00,164222.6410002422,164215.42907774376
2024-07-16 03:30:00,164222.43576342188,164215.46113539077
2024-07-16 07:30:00,164221.7410797009,164215.4989211494
2024-07-16 11:30:00,164216.18709610228,164215.48163553074
2024-07-16 15:30:00,164218.2688754158,164215.46896776417
2024-07-16 19:30:00,164216.2978502278,164215.49567245963
2024-07-16 23:30:00,164215.46950509198,164215.46567119684
2024-07-17 03:30:00,164219.50291905363,164215.49870477553
2024-07-17 07:30:00,164218.93849900595,164215.54382437587
2024-07-17 11:30:00,164216.52029307137,164215.51209143095
2024-07-17 15:30:00,164220.6894860625,164215.5192129803
2024-07-17 19:30:00,164217.91933342913,164215.54020660077
2024-07-17 23:30:00,164219.0858353309,164215.55062227973
2024-07-18 03:30:00,164221.2958553282,164215.57961355196
2024-07-18 07:30:00,164218.73217618934,164215.59978593272
2024-07-18 11:30:00,164210.13295937743,164215.59703576274
2024-07-18 15:30:00,164222.27113822667,164215.5938132433
2024-07-18 19:30:00,164213.19957290273,164215.59074019242
2024-07-18 23:30:00,164212.36696782723,164215.58840370557
2024-07-19 03:30:00,164222.87666323013,164215.60655972795
2024-07-19 07:30:00,164218.6093326295,164215.6328561221
2024-07-19 11:30:00,164206.83664350875,164215.65230438477
2024-07-19 15:30:00,164226.15304250424,164215.69535821173
2024-07-19 19:30:00,164213.92174462782,164215.67824903666
2024-07-19 23:30:00,164215.80859798004,164215.69233375683
2024-07-20 03:30:00,164223.34816035366,164215.69204522492
2024-07-20 07:30:00,164217.93485411012,164215.72889522606
2024-07-20 15:30:00,164225.46842338837,164215.83267424352
2024-07-20 19:30:00,164215.395577428,164215.83384596184
2024-07-20 23:30:00,164211.2319004169,164215.79573207823
2024-07-21 03:30:00,164226.39189785373,164215.76605023965
2024-07-21 07:30:00,164222.34445539096,164215.80238189528
2024-07-21 11:30:00,164218.3851267355,164215.942445702
2024-07-21 15:30:00,164221.92364252455,164215.95566069253
2024-07-21 19:30:00,164210.39982007118,164215.93535301465
2024-07-21 23:30:00,164211.8109030791,164215.93766793766
2024-07-22 03:30:00,164218.72400456853,164215.9189000432
2024-07-22 07:30:00,164218.82542902898,164215.90584557733
2024-07-22 11:30:00,164211.2267378407,164215.9623390982
2024-07-22 15:30:00,164216.78973019437,164215.96744305076
2024-07-22 19:30:00,164208.32863298684,164215.94696529346
2024-07-22 23:30:00,164202.88928597973,164215.91611784356
2024-07-23 03:30:00,164218.18502640488,164215.92671327302
2024-07-23 07:30:00,164218.35743866142,164215.91582978936
2024-07-23 15:30:00,164218.03699278,164216.03327965853
2024-07-23 19:30:00,164217.4222157826,164216.03197407117
2024-07-23 23:30:00,164203.33027393854,164215.98239727618
2024-07-24 03:30:00,164221.21912813993,164216.03149257583
2024-07-24 07:30:00,164221.77615773064,164216.05679745355
2024-07-24 11:30:00,164213.84984514292,164216.1364278849
2024-07-24 15:30:00,164216.87656120458,164216.15045822843
2024-07-24 19:30:00,164218.39972187232,164216.13179773453
2024-07-24 23:30:00,164211.72563895295,164216.15159281623
2024-07-25 03:30:00,164223.24848594435,164216.16595168362
2024-07-25 07:30:00,164223.0970695463,164216.16440234144
2024-07-25 11:30:00,164222.04859821036,164216.243178127
2024-07-25 15:30:00,164222.4855727886,164216.27884895366
2024-07-25 19:30:00,164218.55412366727,164216.33183448072
2024-07-25 23:30:00,164202.1978615368,164216.32980439765
2024-07-26 03:30:00,164211.63749973333,164216.3394540842
2024-07-26 07:30:00,164222.26554451787,164216.33303818732
2024-07-26 11:30:00,164207.08994708778,164216.25091648265
2024-07-26 15:30:00,164207.75545275823,164216.20264680238
2024-07-26 19:30:00,164219.18258540638,164216.17499336283
2024-07-26 23:30:00,164201.52200857413,164216.11614604236
2024-07-27 03:30:00,164215.94997057633,164216.1429240967
2024-07-27 07:30:00,164214.9240357828,164216.10149551643
2024-07-27 11:30:00,164217.89604200955,164216.08548211015
2024-07-27 15:30:00,164217.38792532813,164216.05463307185
2024-07-27 19:30:00,164227.40536861523,164216.05395084975
2024-07-27 23:30:00,164219.9395142885,164216.0288524353
2024-07-28 03:30:00,164219.2021672754,164216.02470892196
2024-07-28 07:30:00,164220.2658248359,164216.00126042124
2024-07-28 11:30:00,164210.4007079004,164215.97136845652
2024-07-28 15:30:00,164217.46149947622,164216.03995535555
2024-07-28 19:30:00,164218.7128307089,164216.05505634623
2024-07-28 23:30:00,164223.75291385085,164216.11233430883
2024-07-29 03:30:00,164221.64682000907,164216.20287027716
2024-07-29 07:30:00,164226.12143733358,164216.24700461797
2024-07-29 11:30:00,164215.69413588036,164216.2883127416
2024-07-29 15:30:00,164215.64590313696,164216.2847036989
2024-07-29 19:30:00,164217.5809539953,164216.42415415542
2024-07-29 23:30:00,164222.4768415674,164216.5133437454
2024-07-30 03:30:00,164216.2973814529,164216.51213047412
2024-07-30 07:30:00,164215.28188292784,164216.4861525981
2024-07-30 11:30:00,164210.25946945854,164216.41203251624
2024-07-30 15:30:00,164215.32997584654,164216.3882489515
2024-07-30 19:30:00,164207.67536948255,164216.31055676762
2024-07-30 23:30:00,164227.26768066778,164216.32688671272
2024-07-31 03:30:00,164228.58624118744,164216.34574831647
2024-07-31 07:30:00,164221.48546504264,164216.30802997664
2024-07-31 11:30:00,164208.60326831785,164216.1942245883
2024-07-31 15:30:00,164215.44118058617,164216.2031693242
2024-07-31 19:30:00,164218.09413178838,164216.21373336035
2024-07-31 23:30:00,164225.67613216655,164216.28760722288
2024-08-01 03:30:00,164222.57469163445,164216.33231159238
2024-08-01 07:30:00,164221.12568051144,164216.43764716378
2024-08-01 11:30:00,164227.99881771358,164216.59760598073
2024-08-01 15:30:00,164221.5195111163,164216.70858405993
2024-08-01 19:30:00,164213.496796617,164216.7741657436
2024-08-01 23:30:00,164215.6713391357,164216.78024878833
2024-08-02 03:30:00,164221.4043285,164216.8077305358
2024-08-02 07:30:00,164212.80239109148,164216.82508470677
2024-08-02 11:30:00,164207.9901129509,164216.76529945838
2024-08-02 15:30:00,164216.96864507103,164216.7223861738
2024-08-02 19:30:00,164211.99212699605,164216.6996395366
2024-08-02 23:30:00,164215.2723504978,164216.69645896365
2024-08-03 03:30:00,164225.65133891304,164216.7389085709
2024-08-03 07:30:00,164213.27893053152,164216.7299461387
2024-08-03 11:30:00,164207.96862308038,164216.6378594132
2024-08-03 15:30:00,164205.49958724043,164216.5280440401
2024-08-03 19:30:00,164205.23334259624,164216.5055299836
2024-08-03 23:30:00,164211.1405623247,164216.55505206625
2024-08-04 03:30:00,164230.31925962865,164216.63091891594
2024-08-04 07:30:00,164223.15428613455,164216.68017023263
2024-08-04 11:30:00,164218.7781273381,164216.66049132802
2024-08-04 15:30:00,164212.4301317032,164216.59604247165
2024-08-04 19:30:00,164209.83393002945,164216.52506161682
2024-08-04 23:30:00,164209.61913069108,164216.5187464809
2024-08-05 03:30:00,164224.18176312733,164216.55411676754
2024-08-05 07:30:00,164224.163369595,164216.62315864544
2024-08-05 11:30:00,164224.73238485333,164216.76232772364
2024-08-05 15:30:00,164223.85118812948,164216.80423210657
2024-08-05 19:30:00,164220.92199655465,164216.7657369036
2024-08-05 23:30:00,164210.83929867693,164216.77873375712
2024-08-06 03:30:00,164225.3412981402,164216.8130722184
2024-08-06 07:30:00,164222.19578017553,164216.87142617945
2024-08-06 11:30:00,164224.768728137,164216.98699109614
2024-08-06 15:30:00,164228.1397844536,164217.04475859573
2024-08-06 19:30:00,164224.0065107744,164217.02171129666
2024-08-06 23:30:00,164211.27093818906,164217.02518334705
2024-08-07 03:30:00,164217.9191890335,164217.0297911491
2024-08-07 07:30:00,164222.71926219156,164217.08200788827
2024-08-07 11:30:00,164209.06076282024,164217.09423547608
2024-08-07 15:30:00,164213.94088265602,164217.09256055023
2024-08-07 19:30:00,164213.70661614428,164217.04908967295
2024-08-07 23:30:00,164212.79416706666,164217.04545674697
2024-08-08 03:30:00,164215.8258919614,164217.04267231323
2024-08-08 07:30:00,164226.87285536696,164217.12199760042
2024-08-08 11:30:00,164213.46954011748,164217.18435159448
2024-08-08 15:30:00,164218.94122944926,164217.23485968608
2024-08-08 19:30:00,164223.00288742562,164217.21674469663
2024-08-08 23:30:00,164215.9623360837,164217.21589198415
2024-08-09 03:30:00,164213.9574533726,164217.201924852
2024-08-09 07:30:00,164222.31553875015,164217.20666307877
2024-08-09 11:30:00,164219.75240866494,164217.26647070685
2024-08-09 15:30:00,164218.24643476552,164217.28737776395
2024-08-09 19:30:00,164223.04665206667,164217.30691239107
2024-08-09 23:30:00,164215.92418461046,164217.3234119334
2024-08-10 03:30:00,164212.10197800348,164217.35093030715
2024-08-10 07:30:00,164223.4027410451,164217.3632508328
2024-08-10 11:30:00,164217.2003168694,164217.40431886778
2024-08-10 15:30:00,164216.06431705656,164217.4114541396
2024-08-10 19:30:00,164218.42709670673,164217.41012047793
2024-08-10 23:30:00,164218.49818361356,164217.44091800353
2024-08-11 03:30:00,164220.58837489705,164217.52288230264
2024-08-11 11:30:00,164223.0492467637,164217.57279433886
2024-08-11 15:30:00,164219.82997675662,164217.60927531568
2024-08-11 19:30:00,164215.97075647968,164217.57501297028
2024-08-11 23:30:00,164219.55793380318,164217.57286415293
2024-08-12 03:30:00,164221.08457340102,164217.60892895155
2024-08-12 07:30:00,164224.11279875968,164217.6450552682
2024-08-12 11:30:00,164219.13295637246,164217.6668655411
2024-08-12 15:30:00,164217.71605344146,164217.65779368868
2024-08-12 19:30:00,164216.85305358868,164217.63230199317
2024-08-12 23:30:00,164219.59854642983,164217.64604072028
2024-08-13 03:30:00,164211.89950253497,164217.62567602433
2024-08-13 07:30:00,164214.83993894293,164217.60163023247
2024-08-13 11:30:00,164214.11805864988,164217.59207868294
2024-08-13 15:30:00,164214.1196570449,164217.58455149014
2024-08-13 19:30:00,164213.51931965852,164217.58770393438
2024-08-14 03:30:00,164214.96622954766,164217.53827924802
2024-08-14 07:30:00,164213.22062024297,164217.49285076172
2024-08-14 11:30:00,164214.51361030465,164217.46913516094
2024-08-14 15:30:00,164214.9520744985,164217.46124865094
2024-08-14 19:30:00,164214.02215662223,164217.43751750997
2024-08-14 23:30:00,164217.0173256261,164217.4055648133
2024-08-15 03:30:00,164222.47332429516,164217.40577822734
2024-08-15 07:30:00,164220.35679575749,164217.39791297767
2024-08-15 11:30:00,164222.7180155618,164217.4350204746
2024-08-15 15:30:00,164221.9462936674,164217.45591489648
2024-08-15 19:30:00,164219.2690628808,164217.47279678655
2024-08-15 23:30:00,164220.60220028245,164217.5019598274
2024-08-16 03:30:00,164219.98922039047,164217.50472290316
2024-08-16 07:30:00,164216.24820478595,164217.48943714055
2024-08-16 11:30:00,164220.3680745579,164217.5112995354
2024-08-16 15:30:00,164229.48399762344,164217.56126835107
2024-08-16 19:30:00,164226.11369944637,164217.6078272489
2024-08-16 23:30:00,164222.53807883436,164217.62744226877
2024-08-17 03:30:00,164221.00143341994,164217.625769417
2024-08-17 07:30:00,164205.2283975349,164217.54904340196
2024-08-17 11:30:00,164210.38784529016,164217.55049161735
2024-08-17 15:30:00,164220.9249801971,164217.5428429922
2024-08-17 19:30:00,164214.17560132162,164217.54838860824
2024-08-17 23:30:00,164220.36140261567,164217.59381153315
2024-08-18 03:30:00,164220.29334976533,164217.57913361574
2024-08-18 07:30:00,164202.93619414483,164217.49008169255
2024-08-18 11:30:00,164207.4518510108,164217.49357718969
2024-08-18 15:30:00,164220.79156288086,164217.4631142373
2024-08-18 19:30:00,164221.8751826507,164217.50830422607
2024-08-18 23:30:00,164216.85025080622,164217.514222708
2024-08-19 03:30:00,164230.93217897648,164217.55731372294
2024-08-19 07:30:00,164217.04268529016,164217.5522445819
2024-08-19 11:30:00,164213.57086891937,164217.5297509341
2024-08-19 15:30:00,164222.7599985793,164217.51444909902
2024-08-19 19:30:00,164214.72100721402,164217.51063796788
2024-08-19 23:30:00,164214.76032166524,164217.53057255122
2024-08-20 03:30:00,164226.14913521742,164217.52920101088
2024-08-20 07:30:00,164219.80656516302,164217.514862648
2024-08-20 11:30:00,164213.26493582063,164217.48593501572
2024-08-20 15:30:00,164224.02646212926,164217.49781535246
2024-08-20 19:30:00,164218.46682469084,164217.54339164973
2024-08-20 23:30:00,164213.48989146645,164217.55287745985
2024-08-21 03:30:00,164221.87638374878,164217.5706875117
2024-08-21 07:30:00,164219.3700382918,164217.5737644002
2024-08-21 11:30:00,164220.29303425222,164217.62498641384
2024-08-21 15:30:00,164227.44075605395,164217.68516170117
2024-08-21 19:30:00,164212.0038784818,164217.7059258
2024-08-21 23:30:00,164208.59936776708,164217.73818614913
2024-08-22 03:30:00,164217.82942423993,164217.7361770973
2024-08-22 07:30:00,164218.33479272548,164217.7360491542
2024-08-22 11:30:00,164213.77302884005,164217.7137849951
2024-08-22 15:30:00,164222.5078252202,164217.73890203127
2024-08-22 19:30:00,164222.98826112377,164217.77017194894
2024-08-22 23:30:00,164214.61310766925,164217.8335586553
2024-08-23 03:30:00,164218.7923983797,164217.81992534202
2024-08-23 07:30:00,164221.00455618915,164217.8155905019
2024-08-23 11:30:00,164214.9905521872,164217.82199896846
2024-08-23 15:30:00,164219.7046803085,164217.837887278
2024-08-23 19:30:00,164222.1637919636,164217.85903373922
2024-08-23 23:30:00,164215.6667924739,164217.88117505112
2024-08-24 03:30:00,164221.02243059876,164217.8686691222
2024-08-24 07:30:00,164227.14318587378,164217.89140011286
2024-08-24 11:30:00,164216.91663620298,164217.8625688656
2024-08-24 15:30:00,164219.21961814855,164217.84422080583
2024-08-24 19:30:00,164223.31159533584,164217.87094817476
2024-08-24 23:30:00,164218.2084172751,164217.9608951171
2024-08-25 03:30:00,164219.07041198833,164218.00265305108
2024-08-25 07:30:00,164219.88693296938,164217.98929006487
2024-08-25 11:30:00,164213.67361394747,164218.02627695733
2024-08-25 15:30:00,164214.64103440594,164218.0649600003
2024-08-25 19:30:00,164220.36650377925,164218.07161122715
2024-08-25 23:30:00,164219.8247514032,164218.17443562506
2024-08-26 03:30:00,164219.21456445983,164218.19277604012
2024-08-26 07:30:00,164222.96751178065,164218.2379641075
2024-08-26 11:30:00,164208.48781924282,164218.18510892344
2024-08-26 15:30:00,164212.63781219805,164218.15842289463
2024-08-26 19:30:00,164219.93468586204,164218.1164527668
2024-08-26 23:30:00,164219.0654046997,164218.11154203877
2024-08-27 03:30:00,164222.62007819425,164218.1307437855
2024-08-27 07:30:00,164212.0391608651,164218.08452657217
2024-08-27 11:30:00,164210.44857526675,164218.08479548997
2024-08-27 15:30:00,164218.0680701941,164218.08820319062
2024-08-27 19:30:00,164217.17031449886,164218.07953736922
2024-08-27 23:30:00,164224.05023413058,164218.08120770787
2024-08-28 03:30:00,164224.52455849366,164218.097374778
2024-08-28 07:30:00,164233.12145547755,164218.13670072265
2024-08-28 11:30:00,164230.37523719599,164218.21917881994
2024-08-28 15:30:00,164218.89776727316,164218.23744771956
2024-08-28 19:30:00,164214.1635266355,164218.21824868946
2024-08-28 23:30:00,164222.336215015,164218.21745865265
2024-08-29 03:30:00,164219.94615700297,164218.23795739168
2024-08-29 07:30:00,164223.8794550158,164218.28625835848
2024-08-29 11:30:00,164217.18719662994,164218.32517817404
2024-08-29 15:30:00,164221.946862266,164218.36235169327
2024-08-29 19:30:00,164217.05599779414,164218.41505185232
2024-08-29 23:30:00,164217.00257281488,164218.35738270706
2024-08-30 03:30:00,164217.24349938188,164218.2936594385
2024-08-30 07:30:00,164219.21258844915,164218.28089046886
2024-08-30 11:30:00,164224.92131782102,164218.3725649043
2024-08-30 15:30:00,164231.18134301165,164218.4609927831
2024-08-30 19:30:00,164223.02828815478,164218.48871276263
2024-08-30 23:30:00,164221.7308087744,164218.4665480245
2024-08-31 03:30:00,164219.13449396484,164218.44722107128
2024-08-31 07:30:00,164211.42950174867,164218.39274815688
2024-08-31 11:30:00,164211.97137796643,164218.30270636056
2024-08-31 15:30:00,164223.6079471154,164218.3144391471
2024-08-31 19:30:00,164225.188076633,164218.38012049548
2024-08-31 23:30:00,164224.57465884803,164218.43013914555
2024-09-01 03:30:00,164232.08514588847,164218.4901437376
2024-09-01 07:30:00,164216.9686650223,164218.51354977093
2024-09-01 11:30:00,164208.2155918942,164218.5148165066
2024-09-01 15:30:00,164222.57454632147,164218.54631033383
2024-09-01 19:30:00,164218.27371185063,164218.5816001364
2024-09-01 23:30:00,164217.9257942378,164218.59650712367
2024-09-02 03:30:00,164223.4158429669,164218.5839481577
2024-09-02 07:30:00,164218.4328641933,164218.61290284118
2024-09-02 11:30:00,164214.99584478326,164218.65238161484
2024-09-02 15:30:00,164219.99550126382,164218.73381933404
2024-09-02 19:30:00,164211.26745825954,164218.76771886024
2024-09-02 23:30:00,164213.47194301256,164218.78081650456
2024-09-03 03:30:00,164222.33628204482,164218.7359683159
2024-09-03 07:30:00,164219.9245416169,164218.71782368375
2024-09-03 11:30:00,164217.3694903004,164218.7099099925
2024-09-03 15:30:00,164222.4628356052,164218.76627349757
2024-09-03 19:30:00,164220.59817321913,164218.82674677394
2024-09-03 23:30:00,164215.6033272106,164218.8603658555
2024-09-04 03:30:00,164225.24965602375,164218.86636525378
2024-09-04 07:30:00,164219.08027273923,164218.83780852993
2024-09-04 11:30:00,164217.2606637251,164218.79583256852
2024-09-04 15:30:00,164223.6628640445,164218.79477456803
2024-09-04 19:30:00,164217.16434396463,164218.7736641602
2024-09-04 23:30:00,164212.78507030432,164218.78459546147
2024-09-05 03:30:00,164218.34814071524,164218.74530806023
2024-09-05 07:30:00,164214.78388076002,164218.70366817588
2024-09-05 11:30:00,164214.0394468332,164218.6433913146
2024-09-05 15:30:00,164219.52828520408,164218.59501210533
2024-09-05 19:30:00,164217.96728260175,164218.56108385717
2024-09-05 23:30:00,164214.04623522414,164218.57667541355
2024-09-06 03:30:00,164218.04588442398,164218.57738718542
2024-09-06 07:30:00,164221.36744550386,164218.56979270966
2024-09-06 11:30:00,164217.766322602,164218.61870034892
2024-09-06 15:30:00,164223.19318437783,164218.670679572
2024-09-06 19:30:00,164225.48896651875,164218.73687255167
2024-09-06 23:30:00,164215.58452474495,164218.75254871842
2024-09-07 03:30:00,164219.77301638725,164218.77472357472
2024-09-07 07:30:00,164223.5217759879,164218.7558972861
2024-09-07 11:30:00,164219.49818860245,164218.7897660978
2024-09-07 15:30:00,164218.5106641416,164218.78734719157
2024-09-07 23:30:00,164217.98992268372,164218.77498587157
2024-09-08 03:30:00,164221.45853833214,164218.8173648827
2024-09-08 07:30:00,164222.60075065607,164218.8189762494
2024-09-08 11:30:00,164222.49095937007,164218.83444828723
2024-09-08 15:30:00,164220.4453947394,164218.84687178992
2024-09-08 19:30:00,164221.82583046675,164218.83997449273
2024-09-08 23:30:00,164217.01141885575,164218.84611705915
2024-09-09 03:30:00,164223.225234423,164218.90896031572
2024-09-09 07:30:00,164221.57093926033,164218.8986111531
2024-09-09 11:30:00,164210.88499712088,164218.8629313805
2024-09-09 15:30:00,164217.71667946735,164218.87226676135
2024-09-09 19:30:00,164224.48058503016,164218.90646726036
2024-09-09 23:30:00,164218.16319313768,164218.90457465878
2024-09-10 03:30:00,164225.54813057883,164218.93259587736
2024-09-10 07:30:00,164217.4719098327,164218.924389776
2024-09-10 11:30:00,164214.1593184147,164218.87444635827
2024-09-10 15:30:00,164213.11592731153,164218.83672697935
2024-09-10 19:30:00,164220.5284720373,164218.86233212295
2024-09-10 23:30:00,164219.719365898,164218.86323904482
2024-09-11 03:30:00,164220.92798124894,164218.86235931364
2024-09-11 07:30:00,164219.6210601618,164218.83712482714
2024-09-11 11:30:00,164202.33953503714,164218.74277976347
2024-09-11 15:30:00,164212.2171265636,164218.71188691581
2024-09-11 19:30:00,164219.76153880983,164218.72822672044
2024-09-11 23:30:00,164225.97715311666,164218.76406158946
2024-09-12 03:30:00,164232.04427438497,164218.877234465
2024-09-12 07:30:00,164229.65791058296,164218.96048149673
2024-09-12 11:30:00,164220.15743576648,164218.99441058168
2024-09-12 15:30:00,164221.74979416153,164219.03727652048
2024-09-12 19:30:00,164218.64826605146,164219.06609082606
2024-09-12 23:30:00,164221.78102035483,164219.08125803014
2024-09-13 03:30:00,164221.20964017182,164219.1161374191
2024-09-13 07:30:00,164227.9209078892,164219.1982619311
2024-09-13 11:30:00,164225.69096263783,164219.26070524022
2024-09-13 15:30:00,164218.2500106143,164219.27912946435
2024-09-13 19:30:00,164214.39743406855,164219.28122598637
2024-09-13 23:30:00,164214.16521276985,164219.265292395
2024-09-14 03:30:00,164216.70782487278,164219.23308290102
2024-09-14 07:30:00,164213.04636300498,164219.1922424946
2024-09-14 11:30:00,164210.18102632058,164219.12220344855
2024-09-14 15:30:00,164220.58308138425,164219.11458773748
2024-09-14 19:30:00,164220.327290945,164219.1204996261
2024-09-14 23:30:00,164219.56823595523,164219.1147232891
2024-09-15 03:30:00,164220.5922465368,164219.11809215022
2024-09-15 07:30:00,164217.63701956157,164219.125850892
2024-09-15 11:30:00,164223.81479479373,164219.14510631227
2024-09-15 15:30:00,164222.42475584688,164219.1056692074
2024-09-15 19:30:00,164216.35258318228,164219.05113783162
2024-09-15 23:30:00,164219.51948261334,164219.03427416558
2024-09-16 03:30:00,164227.78829196066,164219.07218957643
2024-09-16 07:30:00,164222.11538944332,164219.16653031335
2024-09-16 11:30:00,164224.11854804342,164219.24323814994
2024-09-16 15:30:00,164233.26637173205,164219.31218447138
2024-09-16 19:30:00,164221.50626290558,164219.353137888
2024-09-16 23:30:00,164220.0199987029,164219.3512306036
2024-09-17 03:30:00,164227.18255027494,164219.3897177573
2024-09-17 07:30:00,164212.17870403233,164219.44135189074
2024-09-17 11:30:00,164223.7891270832,164219.5326215895
2024-09-17 15:30:00,164228.9406147252,164219.57814701876
2024-09-17 19:30:00,164219.2665869002,164219.56357385815
2024-09-17 23:30:00,164223.37184589414,164219.60000735027
2024-09-18 03:30:00,164228.51632897244,164219.58651098155
2024-09-18 07:30:00,164215.117592612,164219.5757562738
2024-09-18 11:30:00,164218.8855331514,164219.60544713546
2024-09-18 15:30:00,164222.80463831773,164219.6056965195
2024-09-18 19:30:00,164222.0424883497,164219.64659864875
2024-09-18 23:30:00,164223.17804183863,164219.6936250184
2024-09-19 03:30:00,164228.8724738703,164219.70883920082
2024-09-19 07:30:00,164217.8634563891,164219.69798384455
2024-09-19 11:30:00,164213.62106736997,164219.69997340627
2024-09-19 15:30:00,164227.14714315283,164219.71740737848
2024-09-19 19:30:00,164217.69212347313,164219.71307943872
2024-09-19 23:30:00,164211.66609656747,164219.70289064042
2024-09-20 03:30:00,164225.13783279527,164219.72111102613
2024-09-20 07:30:00,164227.57718828102,164219.7669610261
2024-09-20 11:30:00,164217.39311258565,164219.75076034636
2024-09-20 15:30:00,164226.74441711584,164219.74687018472
2024-09-20 19:30:00,164222.68987575086,164219.8065684935
2024-09-20 23:30:00,164210.0965084122,164219.81493240767
2024-09-21 03:30:00,164214.5743370678,164219.79674756317
2024-09-21 07:30:00,164226.64078935044,164219.84314977893
2024-09-21 11:30:00,164214.6063446119,164219.84780517433
2024-09-21 15:30:00,164228.86260353285,164219.88330672914
2024-09-21 19:30:00,164229.7218350368,164219.9209244605
2024-09-21 23:30:00,164213.71316879173,164219.91589686897
2024-09-22 03:30:00,164213.58108477248,164219.88678338515
2024-09-22 07:30:00,164222.14013937645,164219.8931274253
2024-09-22 11:30:00,164217.01947655686,164219.9044621983
2024-09-22 15:30:00,164218.42063079984,164219.89728873738
2024-09-22 19:30:00,164230.7978997302,164219.9455239763
2024-09-22 23:30:00,164228.65346797425,164220.01807523606
2024-09-23 03:30:00,164216.31683718634,164219.99178700472
2024-09-23 07:30:00,164212.3422690174,164219.90910031836
2024-09-23 11:30:00,164214.55191244828,164219.8958895711
2024-09-23 15:30:00,164215.02654008233,164219.872464554
2024-09-23 19:30:00,164230.85047311353,164219.91458118963
2024-09-23 23:30:00,164230.36963307255,164219.9825209427
2024-09-24 03:30:00,164225.30090594888,164220.01732817153
2024-09-24 07:30:00,164223.22331281353,164220.03596716508
2024-09-24 11:30:00,164216.2390101754,164220.05029898757
2024-09-24 15:30:00,164215.6378704379,164220.05586790395
2024-09-24 19:30:00,164223.45495676147,164220.07312183123
2024-09-24 23:30:00,164224.8229292822,164220.10104461267
2024-09-25 03:30:00,164224.0462199712,164220.1280371016
2024-09-25 07:30:00,164215.03428072136,164220.083717375
2024-09-25 11:30:00,164227.46502114247,164220.18973526265
2024-09-25 15:30:00,164216.99367376798,164220.21406968485
2024-09-25 19:30:00,164220.12191409568,164220.21511565265
2024-09-25 23:30:00,164222.72181328794,164220.23554251625
2024-09-26 03:30:00,164218.21134783656,164220.21091273773
2024-09-26 07:30:00,164220.02010115038,164220.2554989963
2024-09-26 11:30:00,164215.1051615761,164220.28151344496
2024-09-26 15:30:00,164211.00445243102,164220.24205189318
2024-09-26 19:30:00,164221.805937542,164220.26794922864
2024-09-26 23:30:00,164230.01845776459,164220.3012912601
2024-09-27 03:30:00,164225.23838854406,164220.3052791375
2024-09-27 07:30:00,164212.0509761461,164220.18756696247
2024-09-27 11:30:00,164199.21379047493,164220.01348066796
2024-09-27 15:30:00,164205.00777630156,164219.935882953
2024-09-27 19:30:00,164216.38826040222,164219.94831163326
2024-09-27 23:30:00,164215.4755259719,164219.90998376155
2024-09-28 03:30:00,164237.985214269,164220.01076061776
2024-09-28 07:30:00,164235.96567931105,164220.07828142386
2024-09-28 11:30:00,164226.41022306334,164220.12980671125
2024-09-28 15:30:00,164223.24451576543,164220.13705617213
2024-09-28 19:30:00,164219.91577979914,164220.15303260786
2024-09-28 23:30:00,164221.4637999231,164220.17795566437
2024-09-29 03:30:00,164211.53505526422,164220.14606491508
2024-09-29 07:30:00,164213.28486440808,164220.11294913833
2024-09-29 11:30:00,164206.88835181535,164220.01220631148
2024-09-29 15:30:00,164213.93076597326,164219.91583437272
2024-09-29 19:30:00,164216.2901336464,164219.87819105148
2024-09-29 23:30:00,164214.71253228208,164219.8389828029
2024-09-30 03:30:00,164230.34542969902,164219.9016137288
2024-09-30 07:30:00,164225.81967761394,164219.98200577273
2024-09-30 11:30:00,164218.36023113603,164220.01769768988
2024-09-30 15:30:00,164221.49590687372,164220.00589858237
2024-09-30 19:30:00,164216.50844709505,164219.9574090319
2024-09-30 23:30:00,164227.89319714336,164219.97594835196
2024-10-01 03:30:00,164218.94449894177,164219.90253691652
2024-10-01 07:30:00,164216.50492951288,164219.89994621533
2024-10-01 11:30:00,164223.48472871367,164219.9852486557
2024-10-01 15:30:00,164223.4499325606,164219.9901390816
2024-10-01 19:30:00,164221.81936343407,164220.009947191
2024-10-01 23:30:00,164222.96129029707,164220.0380784539
2024-10-02 03:30:00,164223.03462855716,164220.03594876447
2024-10-02 07:30:00,164220.43219852762,164220.04711823002
2024-10-02 11:30:00,164223.74595234508,164220.09600151246
2024-10-02 15:30:00,164222.38846377376,164220.10937001815
2024-10-02 19:30:00,164216.21187485813,164220.1369924572
2024-10-02 23:30:00,164214.06211021222,164220.14028948065
2024-10-03 03:30:00,164215.8582428157,164220.1040993174
2024-10-03 07:30:00,164212.73303291865,164220.06392329116
2024-10-03 11:30:00,164213.0038905671,164220.03953446582
2024-10-03 15:30:00,164216.48361814726,164220.00613101633
2024-10-03 19:30:00,164217.4351529388,164219.98846051196
2024-10-03 23:30:00,164215.82298752773,164219.98968766458
2024-10-04 03:30:00,164218.30923489472,164219.9509143622
2024-10-04 07:30:00,164220.27739230948,164219.957602181
2024-10-04 11:30:00,164214.78590571973,164219.9437767173
2024-10-04 15:30:00,164221.14730773168,164219.92972333007
2024-10-04 19:30:00,164228.04326264272,164219.9904994121
2024-10-04 23:30:00,164223.1679095192,164220.0485041004
2024-10-05 03:30:00,164230.5447367537,164220.11664150844
2024-10-05 07:30:00,164235.78242077044,164220.23395178784
2024-10-05 11:30:00,164219.46055644256,164220.2642373164
2024-10-05 15:30:00,164222.58429243515,164220.2813099825
2024-10-05 19:30:00,164230.0396838656,164220.348753565
2024-10-05 23:30:00,164233.60100135146,164220.45799806848
2024-10-06 03:30:00,164233.33012155394,164220.54338486807
2024-10-06 07:30:00,164225.10934079994,164220.56428931106
2024-10-06 11:30:00,164214.57575445285,164220.546464908
2024-10-06 15:30:00,164214.15984642372,164220.49599933284
2024-10-06 19:30:00,164213.83468208933,164220.43089159857
2024-10-06 23:30:00,164201.6350040871,164220.3529613156
2024-10-07 03:30:00,164215.50906748828,164220.32914037202
2024-10-07 07:30:00,164230.1786746463,164220.36632975002
2024-10-07 11:30:00,164218.398220532,164220.360184677
2024-10-07 15:30:00,164223.42896137363,164220.38766119783
2024-10-07 19:30:00,164225.53902412928,164220.4162798808
2024-10-07 23:30:00,164206.15506969797,164220.35053069756
2024-10-08 03:30:00,164212.03612838656,164220.2981839756
2024-10-08 07:30:00,164212.46822428034,164220.2418921624
2024-10-08 11:30:00,164217.0634714646,164220.21173945183
2024-10-08 15:30:00,164211.1287231688,164220.15998016536
2024-10-08 19:30:00,164230.27901155557,164220.20694228247
2024-10-08 23:30:00,164213.35621875848,164220.18663561528
2024-10-09 03:30:00,164222.856208132,164220.18458546922
2024-10-09 07:30:00,164227.06726909606,164220.21512063497
2024-10-09 11:30:00,164213.66086742477,164220.23054213665
2024-10-09 15:30:00,164218.54680648693,164220.23515395346
2024-10-09 19:30:00,164225.18102715968,164220.2390452986
2024-10-09 23:30:00,164211.27350441093,164220.2007692501
2024-10-10 03:30:00,164210.6673554294,164220.11809827705
2024-10-10 07:30:00,164215.57396221702,164220.10755412365
2024-10-10 11:30:00,164230.99298019498,164220.20107446687
2024-10-10 15:30:00,164224.9442301953,164220.26678726068
2024-10-10 19:30:00,164225.20683080974,164220.29277814276
2024-10-10 23:30:00,164221.4573999072,164220.30243388723
2024-10-11 03:30:00,164212.50766975753,164220.25565437897
2024-10-11 07:30:00,164209.9873717202,164220.2021338876
2024-10-11 11:30:00,164226.30066419975,164220.33525127184
2024-10-11 15:30:00,164221.70761488215,164220.38797620696
2024-10-11 19:30:00,164233.2256254217,164220.46277668813
2024-10-11 23:30:00,164229.3289639337,164220.48139785934
2024-10-12 03:30:00,164211.55765070554,164220.3675832833
2024-10-12 07:30:00,164213.7075332034,164220.27897007565
2024-10-12 11:30:00,164217.07188614222,164220.2618281333
2024-10-12 15:30:00,164212.02044431074,164220.20777618972
2024-10-12 19:30:00,164213.04424051137,164220.17664271445
2024-10-12 23:30:00,164222.78932092653,164220.1822443843
2024-10-13 03:30:00,164219.81151884544,164220.17447704362
2024-10-13 07:30:00,164213.59428854505,164220.0948847139
2024-10-13 11:30:00,164213.75616221243,164220.02858026713
2024-10-13 15:30:00,164221.58387437367,164220.04710173243
2024-10-13 19:30:00,164223.32328052292,164220.09668976828
2024-10-13 23:30:00,164237.46201034894,164220.22611642155
2024-10-14 03:30:00,164231.5078281007,164220.30833866165
2024-10-14 07:30:00,164230.1407479898,164220.40330746712
2024-10-14 11:30:00,164233.0865310399,164220.53056027112
2024-10-14 15:30:00,164224.21548934368,164220.55074031538
2024-10-14 19:30:00,164221.2890951693,164220.55608367213
2024-10-14 23:30:00,164217.07728571797,164220.5422450597
2024-10-15 03:30:00,164220.97312140334,164220.5443610312
2024-10-15 07:30:00,164198.28102489575,164220.43682772754
2024-10-15 11:30:00,164211.22282001455,164220.3668723121
2024-10-15 15:30:00,164225.84391007607,164220.38586761334
2024-10-15 19:30:00,164207.817395565,164220.33844990435
2024-10-15 23:30:00,164226.04354395776,164220.37469468958
2024-10-16 03:30:00,164220.37809840054,164220.33352694762
2024-10-16 07:30:00,164206.98341198862,164220.2494604062
2024-10-16 11:30:00,164216.86030820143,164220.2091368515
2024-10-16 15:30:00,164223.3957495071,164220.15430006137
2024-10-16 19:30:00,164214.98474418043,164220.11806940183
2024-10-16 23:30:00,164220.19893956016,164220.1190635177
2024-10-17 03:30:00,164229.00005373245,164220.1291607591
2024-10-17 07:30:00,164218.8795700389,164220.1663877925
2024-10-17 11:30:00,164219.3420740483,164220.1416819423
2024-10-17 15:30:00,164230.53329959692,164220.15053019157
2024-10-17 19:30:00,164211.0918706007,164220.105115101
2024-10-17 23:30:00,164220.7291060782,164220.09043321313
2024-10-18 03:30:00,164228.79299045273,164220.09197022134
2024-10-18 07:30:00,164216.0210979557,164220.0969896955
2024-10-18 11:30:00,164217.5779712328,164220.08972546263
2024-10-18 15:30:00,164226.37179032643,164220.10954297378
2024-10-18 19:30:00,164220.4769014765,164220.10084526893
2024-10-18 23:30:00,164213.5426882032,164220.0473155265
2024-10-19 03:30:00,164223.53118271765,164220.01764168678
2024-10-19 07:30:00,164206.62215469987,164219.95519001072
2024-10-19 11:30:00,164202.40303689492,164219.89286761917
2024-10-19 15:30:00,164225.7604055896,164219.88516352163
2024-10-19 19:30:00,164229.24929315012,164219.94937001984
2024-10-19 23:30:00,164235.67631196373,164220.08276010535
2024-10-20 03:30:00,164216.74564874105,164220.0361368606
2024-10-20 07:30:00,164219.59549540892,164219.9917941224
2024-10-20 11:30:00,164216.61051106415,164219.98744633622
2024-10-20 15:30:00,164223.98982371003,164219.97214303951
2024-10-20 19:30:00,164230.28057727436,164220.01431360352
2024-10-20 23:30:00,164222.91897472058,164220.08554952746
2024-10-21 03:30:00,164220.485948883,164220.1183918153
2024-10-21 07:30:00,164223.5140903583,164220.10102126535
2024-10-21 11:30:00,164211.74297614355,164220.08511366273
2024-10-21 15:30:00,164218.2927106637,164220.02639203568
2024-10-21 19:30:00,164212.68199305068,164219.9317262469
2024-10-21 23:30:00,164221.03163190608,164219.97238437532
2024-10-22 03:30:00,164209.78920043554,164219.95131835123
2024-10-22 07:30:00,164219.9765257989,164219.9392982758
2024-10-22 11:30:00,164220.08438441376,164219.9563255417
2024-10-22 15:30:00,164219.670492029,164219.96326921514
2024-10-22 19:30:00,164234.7326501439,164219.98512893968
2024-10-22 23:30:00,164234.98136879352,164220.02028394424
2024-10-23 03:30:00,164224.59803160393,164220.06629057988
2024-10-23 07:30:00,164220.56120480722,164220.11195133423
2024-10-23 11:30:00,164223.36414006315,164220.16090815436
2024-10-23 15:30:00,164225.37842296352,164220.2184186148
2024-10-23 19:30:00,164219.02114388437,164220.1527001191
2024-10-23 23:30:00,164221.60366428454,164220.1040002925
2024-10-24 03:30:00,164227.87022803715,164220.1182743041
2024-10-24 07:30:00,164212.76123091523,164220.06015162688
2024-10-24 11:30:00,164222.6998802773,164220.09604534964
2024-10-24 15:30:00,164217.06326269318,164220.10396419553
2024-10-24 19:30:00,164220.98092672174,164220.0902195842
2024-10-24 23:30:00,164232.17191659112,164220.13104729148
2024-10-25 03:30:00,164226.68598123587,164220.1457126318
2024-10-25 07:30:00,164217.39255684803,164220.15881416586
2024-10-25 11:30:00,164224.34968874208,164220.14150676367
2024-10-25 15:30:00,164221.8016072831,164220.1682175054
2024-10-25 19:30:00,164220.6440196179,164220.17111809165
2024-10-25 23:30:00,164226.21052736058,164220.1904998365
2024-10-26 03:30:00,164224.32489244352,164220.2244639732
2024-10-26 07:30:00,164213.7249484746,164220.18949090276
2024-10-26 11:30:00,164215.8011431733,164220.19335746721
2024-10-26 15:30:00,164215.81938001877,164220.2201070649
2024-10-26 19:30:00,164215.15251650335,164220.1831436147
2024-10-26 23:30:00,164221.09323178176,164220.1335590259
2024-10-27 03:30:00,164224.08390189806,164220.12714521118
2024-10-27 07:30:00,164224.93580055717,164220.19872756902
2024-10-27 11:30:00,164221.7585043186,164220.32397597926
2024-10-27 15:30:00,164223.67586457517,164220.4276875808
2024-10-27 19:30:00,164220.1073250843,164220.44834905124
2024-10-27 23:30:00,164225.6174215051,164220.5046929153
2024-10-28 03:30:00,164225.1596338812,164220.43343969094
2024-10-28 07:30:00,164222.4904594809,164220.35857735854
2024-10-28 11:30:00,164220.13590356952,164220.323720028
2024-10-28 15:30:00,164221.3194137281,164220.31302501675
2024-10-28 19:30:00,164216.8602628082,164220.2960499223
2024-10-28 23:30:00,164215.03508196305,164220.26033482252
2024-10-29 03:30:00,164219.67151451638,164220.30553737396
2024-10-29 07:30:00,164218.03051987707,164220.33190212655
2024-10-29 11:30:00,164217.9419267306,164220.39331087607
2024-10-29 15:30:00,164220.59705517557,164220.4303458161
2024-10-29 19:30:00,164215.65812260148,164220.42683464361
2024-10-29 23:30:00,164219.09127849896,164220.4511610115
2024-10-30 03:30:00,164220.55323133458,164220.3967599095
2024-10-30 07:30:00,164220.1056898022,164220.3650155327
2024-10-30 11:30:00,164219.5644699443,164220.37170574832
2024-10-30 15:30:00,164222.38135497953,164220.37662490446
2024-10-30 19:30:00,164214.5033448553,164220.36548544758
2024-10-30 23:30:00,164218.29708388355,164220.31217370724
2024-10-31 03:30:00,164221.43268977784,164220.32599698968
2024-10-31 07:30:00,164216.25474467067,164220.32460707388
2024-10-31 11:30:00,164218.24267832664,164220.29548457175
2024-10-31 15:30:00,164223.3964984062,164220.29518771532
2024-10-31 19:30:00,164220.00750394745,164220.2851218293
2024-10-31 23:30:00,164222.66270139156,164220.28346300204
2024-11-01 03:30:00,164228.29313906163,164220.31267694928
2024-11-01 07:30:00,164228.637138025,164220.3582599465
2024-11-01 11:30:00,164222.80966381522,164220.35305834352
2024-11-01 15:30:00,164225.71543450744,164220.3715415143
2024-11-01 19:30:00,164210.37096577804,164220.33909201942
2024-11-01 23:30:00,164224.59023172475,164220.39758158338
2024-11-02 03:30:00,164230.77327169685,164220.4804428549
2024-11-02 07:30:00,164223.95912358546,164220.54281002528
2024-11-02 11:30:00,164219.62119279112,164220.57957281542
2024-11-02 15:30:00,164231.68629876323,164220.6640321522
2024-11-02 19:30:00,164217.29344040842,164220.66324486036
2024-11-02 23:30:00,164203.97957622545,164220.5974481309
2024-11-03 03:30:00,164214.1840640056,164220.57453051483
2024-11-03 07:30:00,164220.37739896684,164220.57508610736
2024-11-03 11:30:00,164210.0475027621,164220.5487616465
2024-11-03 15:30:00,164224.55042126044,164220.56766783277
2024-11-03 19:30:00,164239.62289076266,164220.63199910012
2024-11-03 23:30:00,164224.39056533278,164220.6387916324
2024-11-04 03:30:00,164222.04769236923,164220.59158583026
2024-11-04 07:30:00,164224.05963424695,164220.52645923846
2024-11-04 11:30:00,164227.91117059853,164220.5734070949
2024-11-04 15:30:00,164223.48965572173,164220.57843689094
2024-11-04 19:30:00,164222.85530275034,164220.53852366252
2024-11-04 23:30:00,164219.6215130131,164220.4608598384
2024-11-05 03:30:00,164218.3901566415,164220.37786003333
2024-11-05 07:30:00,164229.03523019765,164220.39967052997
2024-11-05 11:30:00,164223.25968041786,164220.44791456315
2024-11-05 15:30:00,164224.0841405343,164220.5030495304
2024-11-05 19:30:00,164224.11396115876,164220.56015663638
2024-11-05 23:30:00,164222.9641936358,164220.67865213382
2024-11-06 03:30:00,164223.89587177557,164220.72524549102
2024-11-06 07:30:00,164229.04099388723,164220.7189250423
2024-11-06 11:30:00,164218.74083871092,164220.72082847668
2024-11-06 15:30:00,164229.59558979722,164220.75508752346
2024-11-06 19:30:00,164225.2245265267,164220.75334031455
2024-11-06 23:30:00,164211.8307799311,164220.78487203806
2024-11-07 03:30:00,164214.0408123473,164220.79600917117
2024-11-07 07:30:00,164200.95381013604,164220.73204020376
2024-11-07 11:30:00,164207.51558271758,164220.67899637736
2024-11-07 15:30:00,164208.85729100028,164220.66637730974
2024-11-07 19:30:00,164224.9366131383,164220.63669731855
2024-11-07 23:30:00,164237.05365067918,164220.7683497181
2024-11-08 03:30:00,164226.38210882203,164220.78793805526
2024-11-08 07:30:00,164227.4923069326,164220.79029937656
2024-11-08 11:30:00,164224.0479062456,164220.84800514783
2024-11-08 15:30:00,164231.05346139884,164220.917486564
2024-11-08 19:30:00,164226.0945135361,164220.92256148832
2024-11-08 23:30:00,164224.22427720905,164220.99451022607
2024-11-09 03:30:00,164220.55922935504,164221.04946508122
2024-11-09 07:30:00,164225.1428086642,164221.10262533923
2024-11-09 11:30:00,164221.08020126796,164221.04755434522
2024-11-09 15:30:00,164213.10181368332,164220.98176314236
2024-11-09 19:30:00,164216.24410381442,164220.93197021462
2024-11-09 23:30:00,164216.71171355926,164220.90560529046
2024-11-10 03:30:00,164206.98620905328,164220.87493050878
2024-11-10 07:30:00,164220.73312765313,164220.93462915282
2024-11-10 11:30:00,164220.42241390044,164220.90197220675
2024-11-10 15:30:00,164217.7174068315,164220.8798043842
2024-11-10 19:30:00,164226.29533234407,164220.84130275602
2024-11-10 23:30:00,164223.94043029324,164220.81136645802
2024-11-11 03:30:00,164217.2691312817,164220.84309690568
2024-11-11 07:30:00,164220.35501019517,164220.8800273334
2024-11-11 11:30:00,164213.3680769411,164220.8594506156
2024-11-11 15:30:00,164212.43453503263,164220.8617511196
2024-11-11 19:30:00,164217.8197310734,164220.88828162279
2024-11-11 23:30:00,164231.1470181847,164220.93471327415
2024-11-12 03:30:00,164226.74035255035,164220.97320679473
2024-11-12 07:30:00,164227.51162168244,164221.0505253122
2024-11-12 11:30:00,164225.05138976293,164221.11327657636
2024-11-12 15:30:00,164217.141640809,164221.088597501
2024-11-12 19:30:00,164226.05971896218,164221.1037999368
2024-11-12 23:30:00,164232.2929496208,164221.07508293272
2024-11-13 03:30:00,164223.79996651545,164221.03226147947
2024-11-13 07:30:00,164221.9318052891,164220.98665624225
2024-11-13 11:30:00,164224.16090378223,164220.93706942417
2024-11-13 15:30:00,164224.57258273757,164220.93905327635
2024-11-13 19:30:00,164219.54622022717,164220.92937063778
2024-11-13 23:30:00,164216.73592431782,164220.92747418556
2024-11-14 03:30:00,164203.3425418848,164220.82952652156
2024-11-14 07:30:00,164201.5422741885,164220.84764457316
2024-11-14 11:30:00,164210.72124516717,164220.84485804627
2024-11-14 15:30:00,164217.29312857077,164220.79735370458
2024-11-14 19:30:00,164245.8277742066,164221.00852247476
2024-11-14 23:30:00,164247.06731166036,164221.12532118426
2024-11-15 03:30:00,164234.047369265,164221.20126157792
2024-11-15 07:30:00,164219.57761072184,164221.2712293487
2024-11-15 11:30:00,164236.15715682466,164221.37843406326
2024-11-15 15:30:00,164245.71286822978,164221.50241805616
2024-11-15 19:30:00,164226.9946119372,164221.56913954372
2024-11-15 23:30:00,164226.8508704737,164221.60609471545
2024-11-16 03:30:00,164229.3009170826,164221.6077661785
2024-11-16 07:30:00,164223.11208750829,164221.6312801644
2024-11-16 11:30:00,164217.6141355348,164221.621680506
2024-11-16 15:30:00,164221.38901054757,164221.5708789002
2024-11-16 19:30:00,164207.3123538676,164221.549881585
2024-11-16 23:30:00,164191.64487778253,164221.38830253892
2024-11-17 03:30:00,164207.53474094093,164221.27020115274
2024-11-17 07:30:00,164221.31422427864,164221.2996074101
2024-11-17 11:30:00,164218.09917311772,164221.30250297612
2024-11-17 15:30:00,164251.0761885951,164221.4397496332
2024-11-17 19:30:00,164252.08497165458,164221.61535002303
2024-11-17 23:30:00,164224.85099059765,164221.67817392526
2024-11-18 03:30:00,164226.95327906025,164221.69718557157
2024-11-18 07:30:00,164214.26865146172,164221.73966610918
2024-11-18 11:30:00,164205.0051447059,164221.75412226366
2024-11-18 15:30:00,164213.92568279395,164221.68837380368
2024-11-18 19:30:00,164211.08357894566,164221.58745316922
2024-11-18 23:30:00,164214.30718226108,164221.468735782
2024-11-19 03:30:00,164229.4919050028,164221.53954831677
2024-11-19 07:30:00,164231.3606410868,164221.6049102372
2024-11-19 11:30:00,164228.23212016837,164221.66947473222
2024-11-19 15:30:00,164230.36711115838,164221.7049041069
2024-11-19 19:30:00,164220.47645046367,164221.65043673574
2024-11-19 23:30:00,164216.24086235612,164221.6133361115
2024-11-20 03:30:00,164223.1206435037,164221.62797330387
2024-11-20 07:30:00,164217.54490826433,164221.59481118113
2024-11-20 11:30:00,164212.5282033522,164221.5991735545
2024-11-20 15:30:00,164214.20589228143,164221.57646900794
2024-11-20 19:30:00,164231.2148575132,164221.67942936602
2024-11-20 23:30:00,164223.73678273792,164221.6944579818
2024-11-21 03:30:00,164216.1130030255,164221.7295902184
2024-11-21 07:30:00,164236.5542318649,164221.82168858542
2024-11-21 11:30:00,164239.62627783866,164221.93025466
2024-11-21 15:30:00,164239.31171468133,164222.03937256362
2024-11-21 19:30:00,164237.81215545264,164222.05648092646
2024-11-21 23:30:00,164226.083909667,164222.007050598
2024-11-22 03:30:00,164242.76506625945,164222.10797856827
2024-11-22 07:30:00,164232.63693461503,164222.1750659561
2024-11-22 11:30:00,164242.15053707434,164222.2794348284
2024-11-22 15:30:00,164244.7899761421,164222.38727679048
2024-11-22 19:30:00,164230.95631697073,164222.45358330762
2024-11-22 23:30:00,164218.5800954918,164222.43678570323
2024-11-23 03:30:00,164214.15565195878,164222.36059361394
2024-11-23 07:30:00,164231.93513796298,164222.4671153197
2024-11-23 11:30:00,164208.575234813,164222.38864506714
2024-11-23 15:30:00,164219.3655523439,164222.40143556523
2024-11-23 19:30:00,164221.9975995883,164222.4070837478
2024-11-23 23:30:00,164206.16671530364,164222.2626104073
2024-11-24 03:30:00,164210.23691490424,164222.17122670548
2024-11-24 07:30:00,164221.02622284525,164222.1914137388
2024-11-24 11:30:00,164215.97461539108,164222.1448855535
2024-11-24 15:30:00,164209.32100083987,164222.07554885105
2024-11-24 19:30:00,164219.5415579456,164222.06942406396
2024-11-24 23:30:00,164214.17464654866,164222.00255805947
2024-11-25 03:30:00,164221.14264145246,164221.98487888728
2024-11-25 07:30:00,164225.17914430902,164222.0485133086
2024-11-25 11:30:00,164213.2303760818,164222.0342312692
2024-11-25 15:30:00,164215.066984961,164222.03005129666
2024-11-25 19:30:00,164218.14381116192,164222.04666960033
2024-11-25 23:30:00,164223.09464140175,164222.05778854265
2024-11-26 03:30:00,164215.1128668058,164222.0079494588
2024-11-26 07:30:00,164224.1794051919,164222.00374726235
2024-11-26 11:30:00,164230.79135246988,164222.0539297521
2024-11-26 15:30:00,164218.9102211473,164222.0274539552
2024-11-26 19:30:00,164221.29800333548,164222.03406883444
2024-11-26 23:30:00,164230.04313928686,164222.05865615542
2024-11-27 03:30:00,164229.74639559098,164222.08413816494
2024-11-27 07:30:00,164224.81214247446,164222.09703640378
2024-11-27 11:30:00,164226.5664680481,164222.13276176198
2024-11-27 15:30:00,164217.76612392213,164222.11302126304
2024-11-27 19:30:00,164203.95354223356,164222.0413172599
2024-11-27 23:30:00,164214.99810257004,164222.0411118188
2024-11-28 03:30:00,164219.46835425872,164222.0399831507
2024-11-28 07:30:00,164220.3980013552,164222.05313582558
2024-11-28 11:30:00,164224.4186809084,164222.08911779322
2024-11-28 15:30:00,164219.79282223046,164222.08464983242
2024-11-28 19:30:00,164209.54926831953,164222.05071175305
2024-11-28 23:30:00,164220.73549111697,164222.05984626766
2024-11-29 03:30:00,164228.87277070555,164222.1060659308
2024-11-29 07:30:00,164227.93914243652,164222.1495851121
2024-11-29 11:30:00,164233.17866462673,164222.22521952703
2024-11-29 15:30:00,164234.11209882374,164222.29039032615
2024-11-29 19:30:00,164223.72815321182,164222.34163926146
2024-11-29 23:30:00,164223.00505764462,164222.36779467124
2024-11-30 03:30:00,164226.14939791622,164222.39399860532
2024-11-30 07:30:00,164227.33692335367,164222.45556626472
2024-11-30 11:30:00,164230.7972083238,164222.52531365355
2024-11-30 15:30:00,164228.55634383688,164222.55397946152
2024-11-30 19:30:00,164226.48979307097,164222.58999217887
2024-11-30 23:30:00,164224.1010356907,164222.59798292498
2024-12-01 03:30:00,164226.58108367567,164222.58847150614
2024-12-01 07:30:00,164225.80688269954,164222.5727478655
2024-12-01 11:30:00,164227.92609085652,164222.60117246016
2024-12-01 15:30:00,164231.32816139096,164222.63235427617
2024-12-01 19:30:00,164212.87824784516,164222.64628362097
2024-12-01 23:30:00,164217.31976491513,164222.6058921387
2024-12-02 03:30:00,164232.37232122105,164222.61477574718
2024-12-02 07:30:00,164222.9119925619,164222.6089583526
2024-12-02 11:30:00,164221.39499335745,164222.61881280018
2024-12-02 15:30:00,164232.21132789066,164222.62172962868
2024-12-02 19:30:00,164231.12927915985,164222.69859539953
2024-12-02 23:30:00,164225.03786765065,164222.8155859074
2024-12-03 03:30:00,164223.9065848119,164222.86959991188
2024-12-03 07:30:00,164219.4342309095,164222.86436008938
2024-12-03 11:30:00,164217.83321121632,164222.90761402523
2024-12-03 15:30:00,164220.9492835666,164222.8876077047
2024-12-03 19:30:00,164208.27258453853,164222.7134393368
2024-12-03 23:30:00,164220.11350654849,164222.68967789912
2024-12-04 03:30:00,164233.13506123543,164222.75127439282
2024-12-04 07:30:00,164224.11879070837,164222.75160303983
2024-12-04 11:30:00,164227.5814869881,164222.74977146418
2024-12-04 15:30:00,164238.67929485565,164222.8341583483
2024-12-04 19:30:00,164225.44709493706,164222.84855719373
2024-12-04 23:30:00,164211.50796060567,164222.8034819026
2024-12-05 03:30:00,164221.39039629197,164222.82014990065
2024-12-05 07:30:00,164219.06076589457,164222.76473621008
2024-12-05 11:30:00,164221.904288456,164222.75720625473
2024-12-05 15:30:00,164223.191042933,164222.75224460143
2024-12-05 19:30:00,164223.0818693266,164222.7465107579
2024-12-05 23:30:00,164221.02317294228,164222.7357273096
2024-12-06 03:30:00,164226.61363244322,164222.75082597998
2024-12-06 07:30:00,164214.4002705429,164222.66948862807
2024-12-06 11:30:00,164213.07991897714,164222.638039074
2024-12-06 15:30:00,164228.02677204774,164222.62932341982
2024-12-06 19:30:00,164231.08926578073,164222.66190530453
2024-12-06 23:30:00,164224.03059447967,164222.72968205207
2024-12-07 03:30:00,164223.9446542426,164222.78470339594
2024-12-07 07:30:00,164228.46202415338,164222.9375268071
2024-12-07 11:30:00,164223.30643856287,164223.02525378406
2024-12-07 15:30:00,164220.44014210807,164223.08960295687
2024-12-07 19:30:00,164226.46683876513,164223.09810421034
2024-12-07 23:30:00,164212.8602626539,164222.9636964991
2024-12-08 03:30:00,164219.07724540983,164222.9231139246
2024-12-08 07:30:00,164229.8814331483,164222.936386848
2024-12-08 11:30:00,164219.3017326628,164222.91001921697
2024-12-08 15:30:00,164215.26371745177,164222.82229841728
2024-12-08 19:30:00,164234.20396398762,164222.86735091978
2024-12-08 23:30:00,164228.15607832684,164222.88919425933
2024-12-09 03:30:00,164222.78086964914,164222.9015367054
2024-12-09 07:30:00,164230.73201362486,164222.9325878441
2024-12-09 11:30:00,164231.21271182358,164222.9888795694
2024-12-09 15:30:00,164221.78371762641,164223.03711236906
2024-12-09 19:30:00,164230.5757328409,164223.1167325303
2024-12-09 23:30:00,164223.38283742388,164223.15379432958
2024-12-10 03:30:00,164220.9792270366,164223.23153331838
2024-12-10 07:30:00,164227.16577151272,164223.26727022874
2024-12-10 11:30:00,164225.84256555338,164223.29738218235
2024-12-10 15:30:00,164211.19303208796,164223.26113565598
2024-12-10 19:30:00,164218.835682299,164223.21969315573
2024-12-10 23:30:00,164223.7047555521,164223.2183838516
2024-12-11 03:30:00,164215.52006460383,164223.2086668145
2024-12-11 07:30:00,164219.40841305046,164223.2034079415
2024-12-11 11:30:00,164223.99447407475,164223.26244348113
2024-12-11 15:30:00,164226.14207581605,164223.3385964855
2024-12-11 19:30:00,164230.15813503097,164223.40714317412
2024-12-11 23:30:00,164233.1081045822,164223.41803809858
2024-12-12 03:30:00,164226.98077222265,164223.4193737634
2024-12-12 07:30:00,164222.90798267233,164223.39379799113
2024-12-12 11:30:00,164225.9458852846,164223.39876741072
2024-12-12 15:30:00,164213.07435741898,164223.37617139186
2024-12-12 19:30:00,164214.86498688834,164223.31397843588
2024-12-12 23:30:00,164220.52324527412,164223.24859118953
2024-12-13 03:30:00,164231.37636752948,164223.29068230625
2024-12-13 07:30:00,164221.983227554,164223.29096798552
2024-12-13 11:30:00,164224.68290610187,164223.29386799844
2024-12-13 15:30:00,164218.8234299095,164223.26192826044
2024-12-13 19:30:00,164218.41767343887,164223.2556585561
2024-12-13 23:30:00,164220.31385174932,164223.27553593068
2024-12-14 03:30:00,164219.23473569754,164223.36382589632
2024-12-14 07:30:00,164219.38484854877,164223.46295130946
2024-12-14 11:30:00,164216.6968029741,164223.4961488528
2024-12-14 15:30:00,164209.4016686683,164223.45230740894
2024-12-14 19:30:00,164200.2425988811,164223.1990564349
2024-12-14 23:30:00,164211.67907644252,164223.00245512812
2024-12-15 03:30:00,164241.6321438531,164223.04459276472
2024-12-15 07:30:00,164238.01116439037,164223.14700139622
2024-12-15 11:30:00,164232.65132589542,164223.1275245577
2024-12-15 15:30:00,164250.58556873706,164223.15459511607
2024-12-15 19:30:00,164265.74647616834,164223.36988325068
2024-12-15 23:30:00,164248.44908701262,164223.4898733426
2024-12-16 03:30:00,164222.99154891423,164223.45482129723
2024-12-16 07:30:00,164222.1430643314,164223.4494378351
2024-12-16 11:30:00,164224.81008530993,164223.48941533387
2024-12-16 15:30:00,164206.98642140545,164223.40940094972
2024-12-16 19:30:00,164200.88002719177,164223.37366580154
2024-12-16 23:30:00,164209.90799225456,164223.47512754862
2024-12-17 03:30:00,164212.7711759742,164223.50421885436
2024-12-17 07:30:00,164230.4355946791,164223.55489313434
2024-12-17 11:30:00,164233.3241683651,164223.63947644128
2024-12-17 15:30:00,164224.52927378207,164223.4919935812
2024-12-17 19:30:00,164235.18068450454,164223.39808087482
2024-12-17 23:30:00,164226.6848143026,164223.40826878432
2024-12-18 03:30:00,164235.60590720526,164223.45633894065
2024-12-18 07:30:00,164218.65029120812,164223.48068138366
2024-12-18 11:30:00,164222.16868442856,164223.57603438216
2024-12-18 15:30:00,164231.17478508133,164223.67186272817
2024-12-18 19:30:00,164227.88141701254,164223.7651840508
2024-12-18 23:30:00,164224.15657696238,164223.81990291024
2024-12-19 03:30:00,164229.91925055554,164223.82227705218
2024-12-19 07:30:00,164233.0589804771,164223.83171227106
2024-12-19 11:30:00,164227.17263327644,164223.82582623276
2024-12-19 15:30:00,164219.14838678442,164223.7634999862
2024-12-19 19:30:00,164201.66162346717,164223.65897316957
2024-12-19 23:30:00,164213.3967110454,164223.64317232897
2024-12-20 03:30:00,164214.2960953358,164223.59414706138
2024-12-20 07:30:00,164225.6564255475,164223.63921104628
2024-12-20 11:30:00,164225.7031393471,164223.71240513513
2024-12-20 15:30:00,164232.3403526857,164223.8131521374
2024-12-20 19:30:00,164249.76360807355,164223.91620075158
2024-12-20 23:30:00,164225.61003042487,164223.92660768318
2024-12-21 03:30:00,164225.2920519296,164223.97760239936
2024-12-21 07:30:00,164234.76766052327,164223.96767700298
2024-12-21 11:30:00,164226.7648810011,164223.8962247983
2024-12-21 15:30:00,164216.91805109242,164223.77181555616
2024-12-21 19:30:00,164224.49693191616,164223.69784209208
2024-12-21 23:30:00,164216.89436601617,164223.6467890718
2024-12-22 03:30:00,164226.98855384297,164223.55914178063
2024-12-22 07:30:00,164235.52248350557,164223.5751726078
2024-12-22 11:30:00,164221.2090850344,164223.45883120754
2024-12-22 15:30:00,164218.824637451,164223.31457932593
2024-12-22 19:30:00,164212.07487180483,164223.20968240834
2024-12-22 23:30:00,164222.12699712114,164223.22938741738
2024-12-23 03:30:00,164219.58678805473,164223.25956039567
2024-12-23 07:30:00,164207.79536668115,164223.12545055526
2024-12-23 11:30:00,164211.56590951237,164223.14206541472
2024-12-23 15:30:00,164213.6295218719,164223.11019857874
2024-12-23 19:30:00,164214.13354613105,164223.06650939284
2024-12-23 23:30:00,164216.53316028972,164223.1241007539
2024-12-24 03:30:00,164225.56542053417,164223.2092591185
2024-12-24 07:30:00,164228.10309842747,164223.24857509398
2024-12-24 11:30:00,164207.83624409986,164223.20336192014
2024-12-24 15:30:00,164202.79322022735,164223.1670964723
2024-12-24 19:30:00,164207.24629228312,164223.09878944085
2024-12-24 23:30:00,164203.2706488007,164223.03821167554
2024-12-25 03:30:00,164212.96582809679,164222.9927849347
2024-12-25 07:30:00,164212.10967962822,164222.92017679758
2024-12-25 11:30:00,164234.34631777013,164223.0374875847
2024-12-25 15:30:00,164240.92378514624,164223.18113647462
2024-12-25 19:30:00,164259.70377575592,164223.41202516682
2024-12-25 23:30:00,164247.4489154504,164223.54732668932
2024-12-26 03:30:00,164236.30292554715,164223.6650492379
2024-12-26 07:30:00,164241.02653069314,164223.75864437956
2024-12-26 11:30:00,164235.22646332323,164223.78328388432
2024-12-26 15:30:00,164216.82291716954,164223.77168775108
2024-12-26 19:30:00,164220.05005875445,164223.76475472565
2024-12-26 23:30:00,164213.26954879574,164223.6715681118
2024-12-27 03:30:00,164216.55774064132,164223.59829780651
2024-12-27 07:30:00,164213.7723025464,164223.53696536247
2024-12-27 11:30:00,164209.29246052162,164223.44099865403
2024-12-27 15:30:00,164205.75288626377,164223.3742584448
2024-12-27 19:30:00,164197.81015961184,164223.3401285413
2024-12-27 23:30:00,164210.29006218736,164223.31397276142
2024-12-28 03:30:00,164221.0326530117,164223.32266331004
2024-12-28 07:30:00,164218.07865292046,164223.30977804094
2024-12-28 11:30:00,164226.52578122632,164223.32148415386
2024-12-28 15:30:00,164213.7208892796,164223.287751193
2024-12-28 19:30:00,164206.84777156072,164223.2727428777
2024-12-28 23:30:00,164217.8641084794,164223.25679075194
2024-12-29 03:30:00,164213.661678556,164223.1722846844
2024-12-29 07:30:00,164221.11156480925,164223.1343536976
2024-12-29 11:30:00,164230.3169795038,164223.1184554469
2024-12-29 15:30:00,164229.27450107675,164223.0915799039
2024-12-29 19:30:00,164250.57369762697,164223.2407218173
2024-12-29 23:30:00,164236.52088159602,164223.31580972814
2024-12-30 03:30:00,164236.55450814686,164223.37361589613
2024-12-30 07:30:00,164233.3795303629,164223.407185935
2024-12-30 11:30:00,164228.45321007655,164223.39416372255
2024-12-30 15:30:00,164224.2223307932,164223.3700858723
2024-12-30 19:30:00,164226.22392740473,164223.36860884083
2024-12-30 23:30:00,164222.17750466205,164223.35792255733
2024-12-31 03:30:00,164221.6480780332,164223.33051697045
2024-12-31 07:30:00,164216.7375770673,164223.28013193913
2024-12-31 11:30:00,164213.80047641366,164223.20165630334
2024-12-31 15:30:00,164205.2985339041,164223.05704726174
2024-12-31 19:30:00,164217.82652501026,164223.08453769045
2024-12-31 23:30:00,164221.53927451876,164223.10797941047
2025-01-01 03:30:00,164225.99108289537,164223.07252808643
2025-01-01 07:30:00,164228.5747314437,164223.1039877469
2025-01-01 11:30:00,164227.24722781233,164223.1365001605
2025-01-01 15:30:00,164218.30615130602,164223.0592491795
2025-01-01 19:30:00,164211.07361064857,164222.94782879887
2025-01-01 23:30:00,164218.60757587306,164222.9121049557
2025-01-02 03:30:00,164226.0531534444,164222.924030337
2025-01-02 07:30:00,164233.21036038708,164223.0005643896
2025-01-02 11:30:00,164229.68573872218,164223.06641176465
2025-01-02 15:30:00,164233.05050260332,164223.1336407593
2025-01-02 19:30:00,164244.50955291555,164223.33495725028
2025-01-02 23:30:00,164224.30260532288,164223.35823002126
2025-01-03 03:30:00,164231.10131014974,164223.3469314041
2025-01-03 07:30:00,164228.59517524604,164223.3718002071
2025-01-03 11:30:00,164224.5489965472,164223.35495303798
2025-01-03 15:30:00,164220.84536252,164223.25587563612
2025-01-03 19:30:00,164218.78548293782,164223.21886668055
2025-01-03 23:30:00,164224.01197902733,164223.28833344954
2025-01-04 03:30:00,164230.85623123715,164223.34092142148
2025-01-04 07:30:00,164229.25671057592,164223.3975655586
2025-01-04 11:30:00,164220.05633194247,164223.38729913352
2025-01-04 15:30:00,164218.30949294704,164223.3601794114
2025-01-04 19:30:00,164206.6894329086,164223.2691103202
2025-01-04 23:30:00,164209.42159089766,164223.20465708658
2025-01-05 03:30:00,164218.60886956434,164223.16018618172
2025-01-05 07:30:00,164227.14234450975,164223.23097548154
2025-01-05 11:30:00,164221.97235648532,164223.28037791213
2025-01-05 15:30:00,164212.64246794002,164223.19490955598
2025-01-05 19:30:00,164237.69134898472,164223.23158779604
2025-01-05 23:30:00,164225.38921477654,164223.23913568654
2025-01-06 03:30:00,164220.99174636643,164223.2227306428
2025-01-06 07:30:00,164223.77249542743,164223.19667770545
2025-01-06 11:30:00,164226.11584592363,164223.2122855241
2025-01-06 15:30:00,164220.7664048273,164223.21409809473
2025-01-06 19:30:00,164226.31444797787,164223.21325147926
2025-01-06 23:30:00,164217.70832625308,164223.2401851659
2025-01-07 03:30:00,164218.97149081854,164223.2395976404
2025-01-07 07:30:00,164229.45586584587,164223.23723337764
2025-01-07 11:30:00,164228.28758497923,164223.2871547794
2025-01-07 15:30:00,164219.67259814165,164223.31164856098
2025-01-07 19:30:00,164225.5726041809,164223.26369656206
2025-01-07 23:30:00,164231.49172074677,164223.28222790884
2025-01-08 03:30:00,164223.8423183565,164223.28812484615
2025-01-08 07:30:00,164223.00096784346,164223.24517459175
2025-01-08 11:30:00,164225.2670703832,164223.21214325042
2025-01-08 15:30:00,164223.5794745715,164223.22211967793
2025-01-08 19:30:00,164227.1643255256,164223.20316741505
2025-01-08 23:30:00,164223.21948858834,164223.20225992153
2025-01-09 03:30:00,164224.38900375433,164223.2212031255
2025-01-09 07:30:00,164224.1681736669,164223.2045498041
2025-01-09 11:30:00,164220.53593731867,164223.17506853613
2025-01-09 15:30:00,164222.42429780192,164223.2374644568
2025-01-09 19:30:00,164230.0359005928,164223.29968789173
2025-01-09 23:30:00,164227.92506366735,164223.32313404797
2025-01-10 03:30:00,164227.98594689544,164223.39238894958
2025-01-10 07:30:00,164220.20686593652,164223.39682479895
2025-01-10 11:30:00,164223.46903443526,164223.39390568982
2025-01-10 15:30:00,164204.47716695297,164223.27354508505
2025-01-10 19:30:00,164209.27846640942,164223.15754692603
2025-01-10 23:30:00,164219.0613624341,164223.07950946965
2025-01-11 03:30:00,164222.15149778646,164223.05268016722
2025-01-11 07:30:00,164226.32015043404,164223.07163665481
2025-01-11 11:30:00,164227.90738665345,164223.0825338846
2025-01-11 15:30:00,164233.00426197148,164223.19325557657
2025-01-11 19:30:00,164211.6542567436,164223.17541818687
2025-01-11 23:30:00,164213.27002933944,164223.1351225428
2025-01-12 03:30:00,164215.512410853,164223.04698945017
2025-01-12 07:30:00,164221.29923710698,164223.04318950322
2025-01-12 11:30:00,164226.25783822284,164223.05193912613
2025-01-12 15:30:00,164223.78966669436,164223.07952933048
2025-01-12 19:30:00,164220.35969159077,164223.0903183202
2025-01-12 23:30:00,164226.07229132767,164223.12230965123
2025-01-13 03:30:00,164227.57903197745,164223.16866685278
2025-01-13 07:30:00,164231.37335148948,164223.2352696469
2025-01-13 11:30:00,164231.56896905228,164223.31789279176
2025-01-13 15:30:00,164237.27069650954,164223.4727207242
2025-01-13 19:30:00,164233.18871989622,164223.65575472987
2025-01-13 23:30:00,164222.36626949924,164223.7151280246
2025-01-14 03:30:00,164225.39984560548,164223.62494858992
2025-01-14 07:30:00,164219.38787102123,164223.52148584896
2025-01-14 11:30:00,164225.947684753,164223.48424339818
2025-01-14 15:30:00,164215.0110293552,164223.2866070683
2025-01-14 19:30:00,164210.03634837843,164222.97710635836
2025-01-14 23:30:00,164213.68918890003,164222.78399581325
2025-01-15 03:30:00,164225.10748229153,164222.79575099866
2025-01-15 07:30:00,164220.8677745634,164222.78866605554
2025-01-15 11:30:00,164216.47822811702,164222.74237796
2025-01-15 15:30:00,164234.8488724738,164222.89716935484
2025-01-15 19:30:00,164255.05221677583,164223.19812596365
2025-01-15 23:30:00,164237.12974496483,164223.34935792314
2025-01-16 03:30:00,164220.84744651755,164223.39422609282
2025-01-16 07:30:00,164222.41553263337,164223.3496701926
2025-01-16 11:30:00,164235.2688694388,164223.36047408744
2025-01-16 15:30:00,164218.5981889718,164223.32752361626
2025-01-16 19:30:00,164211.28823048572,164223.19478776059
2025-01-16 23:30:00,164225.24043850656,164223.1867634506
2025-01-17 03:30:00,164237.4586687956,164223.19705657056
2025-01-17 07:30:00,164225.3224503267,164223.23412412126
2025-01-17 11:30:00,164217.98150769813,164223.2108620283
2025-01-17 15:30:00,164227.86257454474,164223.19246085864
2025-01-17 19:30:00,164239.0589291383,164223.2545581482
2025-01-17 23:30:00,164222.8351439733,164223.24721685384
2025-01-18 03:30:00,164217.93645187837,164223.18064575008
2025-01-18 07:30:00,164228.40633559035,164223.1547977229
2025-01-18 11:30:00,164226.25763891506,164223.14971442093
2025-01-18 15:30:00,164218.81130103336,164223.1478417223
2025-01-18 19:30:00,164208.76926067058,164223.18732859567
2025-01-18 23:30:00,164214.91789232174,164223.1957796027
2025-01-19 03:30:00,164222.6774480038,164223.24234267313
2025-01-19 07:30:00,164218.11417168778,164223.2004412628
2025-01-19 11:30:00,164217.82495580724,164223.15667357645
2025-01-19 15:30:00,164226.8448122684,164223.1261427964
2025-01-19 19:30:00,164242.8198500746,164223.08756636304
2025-01-19 23:30:00,164236.6209945872,164223.14873838617
2025-01-20 03:30:00,164226.27085108787,164223.15417615927
2025-01-20 07:30:00,164231.8941368452,164223.13821213882
2025-01-20 11:30:00,164238.63084635916,164223.2041341686
2025-01-20 15:30:00,164219.4104807257,164223.2179809999
2025-01-20 19:30:00,164214.6270761239,164223.1631484677
2025-01-20 23:30:00,164212.33979900222,164223.13784531763
2025-01-21 03:30:00,164231.2769622515,164223.16166980876
2025-01-21 07:30:00,164212.69731692923,164223.0348633278
2025-01-21 11:30:00,164201.58748689186,164222.92585444925
2025-01-21 15:30:00,164221.16323421636,164222.9388466535
2025-01-21 19:30:00,164246.16846785878,164223.12825552045
2025-01-21 23:30:00,164227.12374376354,164223.15601522403
2025-01-22 03:30:00,164217.87692004273,164223.14651595728
2025-01-22 07:30:00,164243.64824248292,164223.34569860063
2025-01-22 11:30:00,164251.02208328573,164223.56489956606
2025-01-22 15:30:00,164240.64326982567,164223.71497594356
2025-01-22 19:30:00,164244.80971645293,164223.88539911204
2025-01-22 23:30:00,164232.46689130864,164223.97391983992
2025-01-23 03:30:00,164237.12886267807,164224.03816118516
2025-01-23 07:30:00,164224.5562079901,164224.01845623826
2025-01-23 11:30:00,164222.10496992094,164224.09772693727
2025-01-23 15:30:00,164211.56534025967,164224.14646093745
2025-01-23 19:30:00,164224.65101794168,164224.2431538578
2025-01-23 23:30:00,164223.7877509948,164224.35713775887
2025-01-24 03:30:00,164217.91762659512,164224.3846477505
2025-01-24 07:30:00,164220.9235583893,164224.43361374363
2025-01-24 11:30:00,164234.98607590282,164224.43716795548
2025-01-24 15:30:00,164219.24220557822,164224.31671473567
2025-01-24 19:30:00,164195.02267128113,164223.9573752664
2025-01-24 23:30:00,164203.69145112004,164223.7142782423
2025-01-25 03:30:00,164228.6757508816,164223.6719050497
2025-01-25 07:30:00,164224.18040435354,164223.57831545893
2025-01-25 11:30:00,164204.39739623666,164223.407042864
2025-01-25 15:30:00,164218.73329295855,164223.41765606284
2025-01-25 19:30:00,164254.5372350881,164223.60925148692
2025-01-25 23:30:00,164234.15811241994,164223.7252990626
2025-01-26 03:30:00,164221.239243943,164223.7513074143
2025-01-26 07:30:00,164225.4676552548,164223.81628159602
2025-01-26 11:30:00,164244.5911128413,164224.01238521998
2025-01-26 15:30:00,164214.8209980698,164224.06276361892
2025-01-26 19:30:00,164206.57042538977,164224.1114317621
2025-01-26 23:30:00,164215.60322347717,164224.14094932485
2025-01-27 03:30:00,164220.83764110535,164224.13986592536
2025-01-27 07:30:00,164230.2972536679,164224.20774704064
2025-01-27 11:30:00,164205.55136189336,164224.0912224888
2025-01-27 15:30:00,164224.48024170334,164224.1509966689
2025-01-27 19:30:00,164242.53411699503,164224.34925414357
2025-01-27 23:30:00,164236.72428988814,164224.45403292915
2025-01-28 03:30:00,164231.36272049937,164224.55237205108
2025-01-28 07:30:00,164224.26190152243,164224.5698739217
2025-01-28 11:30:00,164234.77995081476,164224.59466820676
2025-01-28 15:30:00,164206.43396029578,164224.4677763135
2025-01-28 19:30:00,164198.53310070722,164224.1786618862
2025-01-28 23:30:00,164204.138642391,164223.9987605573
2025-01-29 03:30:00,164209.7378689223,164223.8497792282
2025-01-29 07:30:00,164219.89504995025,164223.77486544818
2025-01-29 11:30:00,164215.76885026012,164223.70439678253
2025-01-29 15:30:00,164243.05851087117,164223.80904222743
2025-01-29 19:30:00,164256.41316286693,164223.9767602022
2025-01-29 23:30:00,164238.32540738332,164224.06647077287
2025-01-30 03:30:00,164244.9368106407,164224.1958526207
2025-01-30 07:30:00,164229.9374316019,164224.26918514585
2025-01-30 11:30:00,164228.0124205997,164224.34814039138
2025-01-30 15:30:00,164218.0191982848,164224.41881074905
2025-01-30 19:30:00,164216.739357385,164224.4127709289
2025-01-30 23:30:00,164214.6778567943,164224.37465194153
2025-01-31 03:30:00,164221.4720064729,164224.3495459614
2025-01-31 07:30:00,164227.2916647789,164224.34241781328
2025-01-31 11:30:00,164209.7804582175,164224.24538020443
2025-01-31 15:30:00,164213.5209032991,164224.21879549327
2025-01-31 19:30:00,164224.37537937716,164224.29269420842
2025-01-31 23:30:00,164226.86413173575,164224.33856396322
2025-02-01 03:30:00,164226.13481142352,164224.33901761865
2025-02-01 07:30:00,164216.25716502406,164224.24483319998
2025-02-01 11:30:00,164223.34353703476,164224.20959874615
2025-02-01 15:30:00,164238.63121787686,164224.2406027199
2025-02-01 19:30:00,164231.68027842467,164224.16932897276
2025-02-01 23:30:00,164223.99985000296,164224.16764699869
2025-02-02 03:30:00,164235.58381682436,164224.19254981357
2025-02-02 07:30:00,164242.20166374824,164224.2681414164
2025-02-02 11:30:00,164231.00131703858,164224.30398764132
2025-02-02 15:30:00,164223.50697762935,164224.31877439193
2025-02-02 19:30:00,164233.28421781948,164224.39932291905
2025-02-02 23:30:00,164232.17009330314,164224.44464577612
2025-02-03 03:30:00,164228.90837575833,164224.43382435682
2025-02-03 07:30:00,164222.06961082603,164224.39389602485
2025-02-03 11:30:00,164222.57985268757,164224.4079155846
2025-02-03 15:30:00,164231.50768717402,164224.4812388858
2025-02-03 19:30:00,164221.34233492403,164224.56264389702
2025-02-03 23:30:00,164216.05649178315,164224.5995044575
2025-02-04 03:30:00,164216.95147645744,164224.590296718
2025-02-04 07:30:00,164226.74043889798,164224.58806390906
2025-02-04 11:30:00,164216.78006102506,164224.55921782317
2025-02-04 15:30:00,164210.0097028905,164224.54459135066
2025-02-04 19:30:00,164219.0813080413,164224.44120223433
2025-02-04 23:30:00,164221.666117729,164224.42051836185
2025-02-05 03:30:00,164215.2443563796,164224.38858841747
2025-02-05 07:30:00,164218.26516553332,164224.35799214026
2025-02-05 11:30:00,164216.70603065702,164224.30571538876
2025-02-05 15:30:00,164226.2815224252,164224.336354931
2025-02-05 19:30:00,164222.03061188277,164224.31255584158
2025-02-05 23:30:00,164219.00845996742,164224.3197788067
2025-02-06 03:30:00,164221.61808415077,164224.33448210298
2025-02-06 07:30:00,164228.32557282844,164224.32820269727
2025-02-06 11:30:00,164228.01267583048,164224.32667542426
2025-02-06 15:30:00,164218.6723435001,164224.32111845404
2025-02-06 19:30:00,164235.30437446962,164224.37518384453
2025-02-06 23:30:00,164240.3698869636,164224.42450699018
2025-02-07 03:30:00,164230.0348200905,164224.45890977755
2025-02-07 07:30:00,164215.51656698727,164224.4173297728
2025-02-07 11:30:00,164215.96938475224,164224.36567596372
2025-02-07 15:30:00,164216.30550466353,164224.3252650198
2025-02-07 19:30:00,164216.06735907673,164224.26361520623
2025-02-07 23:30:00,164216.61804060073,164224.22694049517
2025-02-08 03:30:00,164210.55278555633,164224.1500726163
2025-02-08 07:30:00,164209.32945432354,164224.0676352866
2025-02-08 11:30:00,164213.52334224392,164224.02867642508
2025-02-08 15:30:00,164207.84739704352,164223.94769364313
2025-02-08 19:30:00,164210.92814542202,164223.8415394477
2025-02-08 23:30:00,164221.9494766091,164223.8083417418
2025-02-09 03:30:00,164228.04877214294,164223.808690771
2025-02-09 07:30:00,164220.7144560899,164223.8115107163
2025-02-09 11:30:00,164219.42922680115,164223.78906734055
2025-02-09 15:30:00,164222.74442384404,164223.89055210105
2025-02-09 19:30:00,164229.8775569112,164224.00499149272
2025-02-09 23:30:00,164224.1835700185,164224.03344820155
2025-02-10 03:30:00,164226.0023466554,164224.05484180636
2025-02-10 07:30:00,164229.56928051586,164224.07289252902
2025-02-10 11:30:00,164221.42362241028,164224.03687161658
2025-02-10 15:30:00,164214.51709592683,164223.93416513852
2025-02-10 19:30:00,164194.06218471684,164223.83643140507
2025-02-10 23:30:00,164216.43532835066,164223.8540163996
2025-02-11 03:30:00,164221.30581698695,164223.88620198923
2025-02-11 07:30:00,164229.29904728077,164223.93064537906
2025-02-11 11:30:00,164227.09527724682,164223.93529781807
2025-02-11 15:30:00,164225.46166706795,164223.94458670903
2025-02-11 19:30:00,164229.22230763495,164223.9938234648
2025-02-11 23:30:00,164231.36743411742,164224.02324092478
2025-02-12 03:30:00,164224.28645611086,164224.0049488366
2025-02-12 07:30:00,164222.24133267172,164223.95421539876
2025-02-12 11:30:00,164225.5102051277,164223.92055559918
2025-02-12 15:30:00,164234.76282403085,164223.9066229743
2025-02-12 19:30:00,164229.94160414903,164223.88858344234
2025-02-12 23:30:00,164226.1336098885,164223.9095131112
2025-02-13 03:30:00,164224.91196896817,164223.90680268544
2025-02-13 07:30:00,164224.80454450377,164223.93689531586
2025-02-13 11:30:00,164217.6562531065,164223.89083180673
2025-02-13 15:30:00,164212.80001890066,164223.87854841535
2025-02-13 19:30:00,164215.17746247642,164223.90711016027
2025-02-13 23:30:00,164222.81637108282,164223.95781672798
2025-02-14 03:30:00,164218.48681179676,164223.92103522524
2025-02-14 07:30:00,164223.4885418367,164223.9355950434
2025-02-14 11:30:00,164226.58431035976,164223.99173994476
2025-02-14 15:30:00,164239.12908872264,164224.01551892393
2025-02-14 19:30:00,164229.07220978363,164223.87118555175
2025-02-14 23:30:00,164230.15144853087,164223.83241723827
2025-02-15 03:30:00,164230.3354419894,164223.88512832418
2025-02-15 07:30:00,164228.15509959692,164223.9170148073
2025-02-15 11:30:00,164226.0820668069,164223.8659770149
2025-02-15 15:30:00,164229.33295591874,164223.92561460906
2025-02-15 19:30:00,164229.12428124237,164224.02470377996
2025-02-15 23:30:00,164221.44785953223,164224.00363389676
2025-02-16 03:30:00,164216.50718180064,164223.8872367468
2025-02-16 07:30:00,164217.94487183724,164223.8462501996
2025-02-16 11:30:00,164222.82017039869,164223.87313165906
2025-02-16 15:30:00,164228.4838756996,164223.87658333214
2025-02-16 19:30:00,164230.68003162355,164223.83003390153
2025-02-16 23:30:00,164231.64952222697,164223.8790026696
2025-02-17 03:30:00,164237.44846358258,164223.9874027346
2025-02-17 07:30:00,164237.25627356116,164224.03656905668
2025-02-17 11:30:00,164226.87722281963,164224.04001118947
2025-02-17 15:30:00,164221.20887430003,164224.05333104092
2025-02-17 19:30:00,164219.02120863536,164224.1102863074
2025-02-17 23:30:00,164224.67859419945,164224.16451242898
2025-02-18 03:30:00,164223.7781390983,164224.1706273795
2025-02-18 07:30:00,164214.59642118274,164224.1510843211
2025-02-18 11:30:00,164217.58074979286,164224.14972762106
2025-02-18 15:30:00,164233.98925796244,164224.18941898603
2025-02-18 19:30:00,164234.23092882487,164224.14170275687
2025-02-18 23:30:00,164223.64151196383,164224.0695945201
2025-02-19 03:30:00,164225.27506063652,164224.06406235087
2025-02-19 07:30:00,164232.73392069884,164224.06872781675
2025-02-19 11:30:00,164210.088349873,164223.9101583918
2025-02-19 15:30:00,164207.0492852921,164223.84148508386
2025-02-19 19:30:00,164219.58083649704,164223.86900597482
2025-02-19 23:30:00,164219.0176272549,164223.90610502067
2025-02-20 03:30:00,164223.57339528165,164223.8633074264
2025-02-20 07:30:00,164226.97055301073,164223.94260318243
2025-02-20 11:30:00,164235.2269145957,164224.12948889186
2025-02-20 15:30:00,164241.4693340666,164224.2423005577
2025-02-20 19:30:00,164244.5024994359,164224.23304517756
2025-02-20 23:30:00,164232.70405377983,164224.2640468999
2025-02-21 03:30:00,164230.72225945082,164224.33540989662
2025-02-21 07:30:00,164231.85584647034,164224.2698965854
2025-02-21 11:30:00,164214.07528803096,164224.06463661176
2025-02-21 15:30:00,164205.02812714837,164223.866774708
2025-02-21 19:30:00,164216.25631340878,164223.7081446911
2025-02-21 23:30:00,164227.3775306851,164223.67987046542
2025-02-22 03:30:00,164222.756844049,164223.60002591746
2025-02-22 07:30:00,164220.13248701458,164223.57544968982
2025-02-22 11:30:00,164217.9085564116,164223.55213628145
2025-02-22 15:30:00,164222.4741997066,164223.61274105613
2025-02-22 19:30:00,164218.69838943912,164223.57967089777
2025-02-22 23:30:00,164224.23350939524,164223.58214733336
2025-02-23 03:30:00,164219.55670630006,164223.59125333172
2025-02-23 07:30:00,164228.6311214788,164223.63407312665
2025-02-23 11:30:00,164229.03987575648,164223.60103868137
2025-02-23 15:30:00,164226.27893874102,164223.64013164342
2025-02-23 19:30:00,164231.30234894276,164223.8416854082
2025-02-23 23:30:00,164221.23799533528,164223.9391662094
2025-02-24 03:30:00,164226.20641130398,164223.92544765622
2025-02-24 07:30:00,164223.86876010845,164223.9237162993
2025-02-24 11:30:00,164224.07396079137,164224.03303054682
2025-02-24 15:30:00,164221.06040035156,164224.04595892123
2025-02-24 19:30:00,164227.48765805678,164223.89568349323
2025-02-24 23:30:00,164232.20503106678,164223.8848330413
2025-02-25 03:30:00,164223.28466847853,164223.8961965109
2025-02-25 07:30:00,164223.37093590744,164223.8845480701
2025-02-25 11:30:00,164207.5992871621,164223.67903792745
2025-02-25 15:30:00,164197.43800015686,164223.58246571684
2025-02-25 19:30:00,164213.12839423397,164223.6188988771
2025-02-25 23:30:00,164224.10116679274,164223.66610967327
2025-02-26 03:30:00,164222.82759706266,164223.67716498414
2025-02-26 07:30:00,164226.3141613492,164223.65503669347
2025-02-26 11:30:00,164242.8474354689,164223.86223710224
2025-02-26 15:30:00,164265.86127478973,164224.09213173052
2025-02-26 19:30:00,164237.54333124173,164224.06440514294
2025-02-26 23:30:00,164229.31182604402,164224.02322478828
2025-02-27 03:30:00,164226.15152390316,164223.99427369607
2025-02-27 07:30:00,164212.1010561388,164223.92671344394
2025-02-27 11:30:00,164203.0964967952,164223.75069425497
2025-02-27 15:30:00,164203.12237116694,164223.73229653758
2025-02-27 19:30:00,164209.64663225433,164223.79403837954
2025-02-27 23:30:00,164225.25001175233,164223.91132376486
2025-02-28 03:30:00,164235.3530663881,164224.05363041747
2025-02-28 07:30:00,164229.49820619135,164224.10698128544
2025-02-28 11:30:00,164235.59943497455,164224.21715120054
2025-02-28 15:30:00,164250.6195580676,164224.25915701827
2025-02-28 19:30:00,164229.77986947485,164224.1111942772
2025-02-28 23:30:00,164225.07866494844,164224.03760126367
2025-03-01 03:30:00,164234.52227608935,164223.9797427384
2025-03-01 07:30:00,164226.36377999635,164223.95988911839
2025-03-01 11:30:00,164219.35818010455,164223.9118100045
2025-03-01 15:30:00,164221.35573787818,164223.93034633555
2025-03-01 19:30:00,164230.0944756264,164224.0045414369
2025-03-01 23:30:00,164237.1100554864,164224.129164763
2025-03-02 03:30:00,164237.24827394407,164224.21681069338
2025-03-02 07:30:00,164227.40852636265,164224.2174599244
2025-03-02 11:30:00,164223.01907140587,164224.29100777543
2025-03-02 15:30:00,164252.31977582793,164224.50655706727
2025-03-02 19:30:00,164233.07088608365,164224.55486543788
2025-03-02 23:30:00,164226.20245074385,164224.55118943236
2025-03-03 03:30:00,164250.6165860529,164224.6871992914
2025-03-03 07:30:00,164243.93562319054,164224.84096850347
2025-03-03 11:30:00,164212.87873504884,164224.78283071463
2025-03-03 15:30:00,164214.17025342197,164224.64693646764
2025-03-03 19:30:00,164223.7778807768,164224.6030342585
2025-03-03 23:30:00,164211.3116262498,164224.53254412656
2025-03-04 03:30:00,164211.94953759658,164224.4012425753
2025-03-04 07:30:00,164217.67521042028,164224.26498450123
2025-03-04 11:30:00,164215.42341223417,164224.17844058567
2025-03-04 15:30:00,164226.08250312446,164224.19274906066
2025-03-04 19:30:00,164233.3750961533,164224.19325394026
2025-03-04 23:30:00,164231.2135379081,164224.18793974363
2025-03-05 03:30:00,164225.47409165796,164224.16886038752
2025-03-05 07:30:00,164242.18699700502,164224.28062364407
2025-03-05 11:30:00,164232.68950169842,164224.33678836076
2025-03-05 15:30:00,164222.1053162878,164224.28455296697
2025-03-05 19:30:00,164234.7862260926,164224.35924125125
2025-03-05 23:30:00,164231.10559119243,164224.44284735908
2025-03-06 03:30:00,164229.64063463832,164224.5133426823
2025-03-06 07:30:00,164225.87431748648,164224.5085308967
2025-03-06 11:30:00,164222.641184286,164224.54109269258
2025-03-06 15:30:00,164228.8761826545,164224.64590646906
2025-03-06 19:30:00,164235.85559264518,164224.73909693907
2025-03-06 23:30:00,164230.41325940134,164224.78769217056
2025-03-07 03:30:00,164218.78372008243,164224.80735530224
2025-03-07 07:30:00,164213.15134731133,164224.77894520102
2025-03-07 11:30:00,164211.45279426593,164224.7497605544
2025-03-07 15:30:00,164210.32563663943,164224.66111674448
2025-03-07 19:30:00,164224.55746975465,164224.67515484378
2025-03-07 23:30:00,164226.26968167012,164224.71549496433
2025-03-08 03:30:00,164211.17860835226,164224.65749787656
2025-03-08 07:30:00,164224.31627358086,164224.63522399188
2025-03-08 11:30:00,164226.04389297002,164224.62428630932
2025-03-08 15:30:00,164224.80363611222,164224.65834904605
2025-03-08 19:30:00,164237.6649967272,164224.67146361416
2025-03-08 23:30:00,164240.1649865423,164224.67032527845
2025-03-09 03:30:00,164224.75093279232,164224.64097034905
2025-03-09 07:30:00,164226.16534771572,164224.70013024198
2025-03-09 11:30:00,164219.48113925208,164224.7196399892
2025-03-09 15:30:00,164216.5752355102,164224.72113849391
2025-03-09 19:30:00,164216.810336602,164224.72526614682
2025-03-09 23:30:00,164231.6226970471,164224.80862534928
2025-03-10 03:30:00,164217.55638937934,164224.8475342594
2025-03-10 07:30:00,164220.766974319,164224.91107603718
2025-03-10 11:30:00,164227.58277656254,164224.9891840056
2025-03-10 15:30:00,164221.76209056564,164225.06648785848
2025-03-10 19:30:00,164226.59183187265,164225.15350833882
2025-03-10 23:30:00,164229.6615200641,164225.19635302466
2025-03-11 03:30:00,164230.05359479264,164225.20749092827
2025-03-11 07:30:00,164220.85183508132,164225.20825414488
2025-03-11 11:30:00,164234.5768179735,164225.29240742914
2025-03-11 15:30:00,164229.96236143867,164225.33250708246
2025-03-11 19:30:00,164218.72330875348,164225.27053903718
2025-03-11 23:30:00,164228.131420923,164225.29247154217
2025-03-12 03:30:00,164236.2510035425,164225.34940852487
2025-03-12 07:30:00,164234.6270436653,164225.37750720902
2025-03-12 11:30:00,164226.9096884201,164225.40798535352
2025-03-12 15:30:00,164232.95380841265,164225.51041153402
2025-03-12 19:30:00,164232.47071845172,164225.723792277
2025-03-12 23:30:00,164234.97030183073,164225.82676435186
2025-03-13 03:30:00,164236.0340276306,164225.90858774434
2025-03-13 07:30:00,164222.4740350101,164225.8706710095
2025-03-13 11:30:00,164216.4299252787,164225.81141905414
2025-03-13 15:30:00,164224.32971932297,164225.80513045556
2025-03-13 19:30:00,164223.21751264125,164225.77177048338
2025-03-13 23:30:00,164221.0713809204,164225.71457018782
2025-03-14 03:30:00,164229.8326060596,164225.74538213198
2025-03-14 07:30:00,164225.31275738138,164225.76244560257
2025-03-14 11:30:00,164226.0867683501,164225.76564873158
2025-03-14 15:30:00,164234.82815130614,164225.7660116609
2025-03-14 19:30:00,164218.902265416,164225.7046820013
2025-03-14 23:30:00,164218.40240812782,164225.66173088038
2025-03-15 03:30:00,164220.37055572018,164225.63650080678
2025-03-15 07:30:00,164211.0327130591,164225.55999063211
2025-03-15 11:30:00,164214.99342923242,164225.54519716612
2025-03-15 15:30:00,164222.0462338336,164225.59656502685
2025-03-15 19:30:00,164218.31425760427,164225.61399166647
2025-03-15 23:30:00,164208.185144612,164225.53270707495
2025-03-16 03:30:00,164228.96941919852,164225.59094378276
2025-03-16 07:30:00,164224.825034635,164225.59836874274
2025-03-16 11:30:00,164211.60392405832,164225.51514437443
2025-03-16 15:30:00,164235.16952350287,164225.49314678987
2025-03-16 19:30:00,164243.99679238105,164225.5760611376
2025-03-16 23:30:00,164239.30408805495,164225.62690913497
2025-03-17 03:30:00,164238.65110021608,164225.67310723622
2025-03-17 07:30:00,164240.0322115036,164225.73909119127
2025-03-17 11:30:00,164232.33623302527,164225.77383655915
2025-03-17 15:30:00,164233.37155782455,164225.7962732364
2025-03-17 19:30:00,164229.1868377914,164225.79662077277
2025-03-17 23:30:00,164220.10692103743,164225.78917111445
2025-03-18 03:30:00,164224.09759598982,164225.8313400822
2025-03-18 07:30:00,164221.54407382535,164225.85133564877
2025-03-18 11:30:00,164217.01757562743,164225.81909901116
2025-03-18 15:30:00,164223.5387786525,164225.7916262498
2025-03-18 19:30:00,164229.7055953929,164225.78621271517
2025-03-18 23:30:00,164225.1225410887,164225.74995170886
2025-03-19 03:30:00,164227.60980495915,164225.6952924943
2025-03-19 07:30:00,164229.8491322354,164225.65414170912
2025-03-19 11:30:00,164229.61971378856,164225.6693777701
2025-03-19 15:30:00,164229.57922099048,164225.71587969616
2025-03-19 19:30:00,164227.9469949616,164225.76546739796
2025-03-19 23:30:00,164215.95698143233,164225.7170139937
2025-03-20 03:30:00,164220.97097686876,164225.70141864795
2025-03-20 07:30:00,164230.28375376505,164225.78857049567
2025-03-20 11:30:00,164212.7016478009,164225.7614643735
2025-03-20 15:30:00,164220.7911419124,164225.6881415065
2025-03-20 19:30:00,164226.92662285012,164225.6475620289
2025-03-20 23:30:00,164228.47207975472,164225.67439851662
2025-03-21 03:30:00,164222.11021232084,164225.656816026
2025-03-21 07:30:00,164242.72069504508,164225.71229810567
2025-03-21 11:30:00,164236.82610187255,164225.86084117237
2025-03-21 15:30:00,164227.80945653614,164225.97617545704
2025-03-21 19:30:00,164235.57586578224,164226.06503673084
2025-03-21 23:30:00,164230.24562405684,164226.12741449085
2025-03-22 03:30:00,164227.51854784312,164226.1493320051
2025-03-22 07:30:00,164231.56759519433,164226.17487112829
2025-03-22 11:30:00,164232.28211324246,164226.1585111208
2025-03-22 15:30:00,164233.0466487331,164226.1117184245
2025-03-22 19:30:00,164230.69521096186,164226.0350112663
2025-03-22 23:30:00,164225.98154036677,164225.99766396955
2025-03-23 03:30:00,164205.34571974343,164225.85668319341
2025-03-23 07:30:00,164227.417331584,164225.83202477737
2025-03-23 11:30:00,164224.9586994132,164225.89248817394
2025-03-23 15:30:00,164222.90082537313,164225.99178094187
2025-03-23 19:30:00,164233.30049656646,164226.0864708483
2025-03-23 23:30:00,164232.15069879842,164226.11298844893
2025-03-24 03:30:00,164221.67022497472,164226.1069516763
2025-03-24 07:30:00,164232.92678855473,164226.1780311293
2025-03-24 11:30:00,164235.58480564164,164226.2762325139
2025-03-24 15:30:00,164221.70419604462,164226.2719547158
2025-03-24 19:30:00,164217.8723040244,164226.26736535237
2025-03-24 23:30:00,164224.13656089074,164226.26682674958
2025-03-25 03:30:00,164222.13388495313,164226.28114440877
2025-03-25 07:30:00,164229.21036731626,164226.2843624412
2025-03-25 11:30:00,164232.44075080287,164226.3032561915
2025-03-25 15:30:00,164228.46391557975,164226.31539495167
2025-03-25 19:30:00,164227.89861874873,164226.29648533947
2025-03-25 23:30:00,164229.91709327872,164226.34470255027
2025-03-26 03:30:00,164235.67070490957,164226.39728195916
2025-03-26 07:30:00,164224.77918817205,164226.40233989287
2025-03-26 11:30:00,164231.5376052492,164226.4438045843
2025-03-26 15:30:00,164228.74515061104,164226.48649764128
2025-03-26 19:30:00,164223.72382623923,164226.46558746457
2025-03-26 23:30:00,164230.1206398199,164226.45400751318
2025-03-27 03:30:00,164221.09936257292,164226.4418669248
2025-03-27 07:30:00,164219.00442687096,164226.4176085413
2025-03-27 11:30:00,164222.6611795845,164226.5012857214
2025-03-27 15:30:00,164221.9481541493,164226.63745324357
2025-03-27 19:30:00,164221.09168650364,164226.6816937562
2025-03-27 23:30:00,164227.80445760879,164226.70226759402
2025-03-28 03:30:00,164230.0113223245,164226.74217717882
2025-03-28 07:30:00,164210.93150934638,164226.65671800106
2025-03-28 11:30:00,164225.2107339117,164226.55873632574
2025-03-28 15:30:00,164228.57670251722,164226.35159981312
2025-03-28 19:30:00,164220.8765540209,164226.25900660636
2025-03-28 23:30:00,164225.62043122237,164226.23849885733
2025-03-29 03:30:00,164231.15943466086,164226.26632058376
2025-03-29 07:30:00,164222.81035970378,164226.32581671467
2025-03-29 11:30:00,164223.05673350784,164226.43670691858
2025-03-29 15:30:00,164234.05195895088,164226.60853796185
2025-03-29 19:30:00,164233.14695546054,164226.73909531298
2025-03-29 23:30:00,164235.62990408187,164226.7967613815
2025-03-30 03:30:00,164239.10858053854,164226.81762534898
2025-03-30 07:30:00,164236.5148659927,164226.85660679234
2025-03-30 11:30:00,164233.29245205462,164226.84379022056
2025-03-30 15:30:00,164240.53655121938,164226.78777351585
2025-03-30 19:30:00,164213.65494978655,164226.6981906287
2025-03-30 23:30:00,164220.41958951723,164226.6723068763
2025-03-31 03:30:00,164231.89300723255,164226.6576998271
2025-03-31 07:30:00,164224.34870496741,164226.64650496584
2025-03-31 11:30:00,164223.3138661381,164226.66848099933
2025-03-31 15:30:00,164234.74731019908,164226.74287862334
2025-03-31 19:30:00,164212.98201290972,164226.64780938602
2025-03-31 23:30:00,164206.24968299104,164226.47636287217
2025-04-01 03:30:00,164243.45700706544,164226.51085583394
2025-04-01 07:30:00,164219.81241740653,164226.46865522864
2025-04-01 11:30:00,164218.0420977882,164226.44100537524
2025-04-01 15:30:00,164228.56848215417,164226.3090537437
2025-04-01 19:30:00,164225.2706529859,164226.26571911538
2025-04-01 23:30:00,164207.49447885033,164226.1617859382
2025-04-02 03:30:00,164245.27363105307,164226.13210285487
2025-04-02 07:30:00,164235.63789476734,164226.0860043636
2025-04-02 11:30:00,164218.58225483733,164226.11769058462
2025-04-02 15:30:00,164223.81881978316,164226.1712937311
2025-04-02 19:30:00,164231.77419810594,164226.21571771626
2025-04-02 23:30:00,164212.5744231246,164226.2227332545
2025-04-03 03:30:00,164213.79977014454,164226.23301232417
2025-04-03 07:30:00,164230.68253637967,164226.3052752462
2025-04-03 11:30:00,164223.85872590623,164226.3521380999
2025-04-03 15:30:00,164220.421654174,164226.32068893907
2025-04-03 19:30:00,164226.63882316696,164226.28326520027
2025-04-03 23:30:00,164216.31349922428,164226.20048720756
2025-04-04 03:30:00,164220.98669254073,164226.17555721247
2025-04-04 07:30:00,164234.56113885716,164226.13319133388
2025-04-04 11:30:00,164228.01753789553,164226.10723597946
2025-04-04 15:30:00,164228.26135946042,164226.1414362193
2025-04-04 19:30:00,164227.17570472462,164226.099155545
2025-04-04 23:30:00,164220.29265718273,164226.0390836894
2025-04-05 03:30:00,164222.37573829814,164225.9987231542
2025-04-05 07:30:00,164233.21006390837,164226.03947730095
2025-04-05 11:30:00,164226.42617473076,164226.06050502564
2025-04-05 15:30:00,164225.658331021,164226.04262807211
2025-04-05 19:30:00,164234.93522258924,164226.03751490513
2025-04-05 23:30:00,164232.93169852515,164226.05150623363
2025-04-06 03:30:00,164233.12050951013,164226.13115506378
2025-04-06 07:30:00,164237.51929588505,164226.2665325559
2025-04-06 11:30:00,164231.89558606452,164226.3801036214
2025-04-06 15:30:00,164217.72167615884,164226.42119272985
2025-04-06 19:30:00,164224.04196252598,164226.41832880076
2025-04-06 23:30:00,164226.91318801968,164226.42190383608
2025-04-07 03:30:00,164214.40425821042,164226.43982411307
2025-04-07 07:30:00,164223.50816769837,164226.43533463593
2025-04-07 11:30:00,164232.67470811805,164226.47217249786
2025-04-07 15:30:00,164228.59760201132,164226.49325008618
2025-04-07 19:30:00,164226.7019981944,164226.43234453877
2025-04-07 23:30:00,164232.53352050978,164226.3899475053
2025-04-08 03:30:00,164234.95371813525,164226.4466296461
2025-04-08 07:30:00,164225.8199218702,164226.44471061358
2025-04-08 11:30:00,164233.3685407743,164226.52186284427
2025-04-08 15:30:00,164221.02283160517,164226.54657171146
2025-04-08 19:30:00,164224.63873947007,164226.5900628385
2025-04-08 23:30:00,164226.1336271821,164226.55956800593
2025-04-09 03:30:00,164231.64176650852,164226.6378201011
2025-04-09 07:30:00,164230.5263221283,164226.6920387
2025-04-09 11:30:00,164234.05095586146,164226.72797302948
2025-04-09 15:30:00,164235.97778291858,164226.8069490981
2025-04-09 19:30:00,164228.41609356581,164226.81708388528
2025-04-09 23:30:00,164232.74277744573,164226.83420198184
2025-04-10 03:30:00,164239.75683135333,164226.88810885162
2025-04-10 07:30:00,164207.7894148694,164226.81553985045
2025-04-10 11:30:00,164212.052301093,164226.69040364557
2025-04-10 15:30:00,164206.33516625577,164226.55914145013
2025-04-10 19:30:00,164211.91556191206,164226.52132063432
2025-04-10 23:30:00,164225.7768553293,164226.50823971434
2025-04-11 03:30:00,164227.7790814639,164226.46117348058
2025-04-11 07:30:00,164219.32113501936,164226.37614065476
2025-04-11 11:30:00,164222.5970922003,164226.35218178688
2025-04-11 15:30:00,164232.99697050036,164226.35242157624
2025-04-11 19:30:00,164221.68600563225,164226.29250650504
2025-04-11 23:30:00,164231.2025723885,164226.2715746748
2025-04-12 03:30:00,164235.43678996374,164226.26825668773
2025-04-12 07:30:00,164225.09831075554,164226.28283599747
2025-04-12 11:30:00,164234.60251741027,164226.38379484264
2025-04-12 15:30:00,164233.74269676284,164226.43608916175
2025-04-12 19:30:00,164234.7557722635,164226.5001906041
2025-04-12 23:30:00,164236.3273751821,164226.58494612778
2025-04-13 03:30:00,164230.96801433637,164226.59125395154
2025-04-13 07:30:00,164227.28092584608,164226.60218822077
2025-04-13 11:30:00,164224.8690142771,164226.5954229204
2025-04-13 15:30:00,164228.51981730608,164226.56037662036
2025-04-13 19:30:00,164223.04658724612,164226.58340063057
2025-04-13 23:30:00,164222.20423743513,164226.60452190446
2025-04-14 03:30:00,164224.137228775,164226.62544786587
2025-04-14 07:30:00,164216.57636001293,164226.6562459045
2025-04-14 11:30:00,164217.03301188844,164226.66757691928
2025-04-14 15:30:00,164228.46904708893,164226.70325921514
2025-04-14 19:30:00,164221.0150328769,164226.71826352223
2025-04-14 23:30:00,164211.91600001586,164226.73899049667
2025-04-15 03:30:00,164221.1054085883,164226.69530154884
2025-04-15 07:30:00,164221.89169162774,164226.6790051988
2025-04-15 11:30:00,164206.8159292508,164226.65240522762
2025-04-15 15:30:00,164227.1030754132,164226.60759162714
2025-04-15 19:30:00,164223.48015650618,164226.49361031674
2025-04-15 23:30:00,164212.700016704,164226.3458099203
2025-04-16 03:30:00,164225.43104421327,164226.27236516477
2025-04-16 07:30:00,164223.12697740376,164226.17844719754
2025-04-16 11:30:00,164220.65353086925,164226.1135432967
2025-04-16 15:30:00,164232.0724476703,164226.10632601802
2025-04-16 19:30:00,164232.4685716044,164226.12455787256
2025-04-16 23:30:00,164221.1377169754,164226.13028451666
2025-04-17 03:30:00,164232.1308486106,164226.17491369788
2025-04-17 07:30:00,164232.4596661002,164226.23555587718
2025-04-17 11:30:00,164222.95093656422,164226.26851899351
2025-04-17 15:30:00,164222.76380940713,164226.2642136088
2025-04-17 19:30:00,164227.47944494375,164226.25184610632
2025-04-17 23:30:00,164216.20247153376,164226.20229016434
2025-04-18 03:30:00,164229.73108245345,164226.2140750393
2025-04-18 07:30:00,164232.20609118236,164226.2271692557
2025-04-18 11:30:00,164220.18634370874,164226.17476164413
2025-04-18 15:30:00,164221.24602469875,164226.12846610916
2025-04-18 19:30:00,164232.86895485214,164226.1558103308
2025-04-18 23:30:00,164228.27847897355,164226.2242630949
2025-04-19 03:30:00,164232.2899767221,164226.28714642744
2025-04-19 07:30:00,164236.39511842717,164226.3210984533
2025-04-19 11:30:00,164225.02861029338,164226.38958157826
2025-04-19 15:30:00,164217.5065798946,164226.37133401152
2025-04-19 19:30:00,164228.71722045567,164226.381281776
2025-04-19 23:30:00,164226.86701119185,164226.37236472842
2025-04-20 03:30:00,164232.02119049552,164226.42742571828
2025-04-20 07:30:00,164235.78930850248,164226.3889180153
2025-04-20 11:30:00,164227.6189901643,164226.33776739467
2025-04-20 15:30:00,164208.44059398602,164226.23016260273
2025-04-20 19:30:00,164226.53803753518,164226.17995244576
2025-04-20 23:30:00,164223.99221735907,164226.14521129747
2025-04-21 03:30:00,164224.5566680206,164226.12875640954
2025-04-21 07:30:00,164236.82995122086,164226.15799172083
2025-04-21 11:30:00,164229.73643858288,164226.14384908383
2025-04-21 15:30:00,164209.78498624568,164226.01461762557
2025-04-21 19:30:00,164223.14746812018,164225.9726857209
2025-04-21 23:30:00,164228.10003252063,164225.98445512177
2025-04-22 03:30:00,164231.45973845807,164226.1295330035
2025-04-22 07:30:00,164229.2096415749,164226.13949028123
2025-04-22 11:30:00,164232.4807275135,164226.18127932624
2025-04-22 15:30:00,164202.97228520492,164226.0705652142
2025-04-22 19:30:00,164211.12948860577,164225.94739294774
2025-04-22 23:30:00,164228.11449547875,164225.92496959592
2025-04-23 03:30:00,164225.77407823916,164225.94776878075
2025-04-23 07:30:00,164223.56896408903,164225.89578086708
2025-04-23 11:30:00,164242.32593422433,164225.93323158138
2025-04-23 15:30:00,164229.94303151715,164225.9790028896
2025-04-23 19:30:00,164224.70961347036,164226.01698794207
2025-04-23 23:30:00,164236.91119632963,164226.08795813893
2025-04-24 03:30:00,164234.77335046354,164226.1581773918
2025-04-24 07:30:00,164226.8438128176,164226.1450298668
2025-04-24 11:30:00,164236.40291120973,164226.16704186902
2025-04-24 15:30:00,164231.60577551162,164226.18449664643
2025-04-24 19:30:00,164223.93764341992,164226.16249122797
2025-04-24 23:30:00,164233.9483435609,164226.18488706287
2025-04-25 03:30:00,164226.12467880748,164226.1318535845
2025-04-25 07:30:00,164221.07186083557,164226.11125732155
2025-04-25 11:30:00,164229.21788597596,164226.09836999222
2025-04-25 15:30:00,164231.36891013104,164226.11294643403
2025-04-25 19:30:00,164206.9422197764,164226.019715287
2025-04-25 23:30:00,164226.7158945703,164226.0008000356
2025-04-26 03:30:00,164227.18666364116,164226.03461837486
2025-04-26 07:30:00,164228.7687169054,164226.08886443058
2025-04-26 11:30:00,164233.67751719677,164226.15006630623
2025-04-26 15:30:00,164235.9333005688,164226.2277615641
2025-04-26 19:30:00,164219.26818779012,164226.21763101572
2025-04-26 23:30:00,164234.9873911209,164226.2575362019
2025-04-27 03:30:00,164242.95399399876,164226.32943993344
2025-04-27 07:30:00,164228.73117475797,164226.42832696348
2025-04-27 11:30:00,164238.67288675878,164226.50311670153
2025-04-27 15:30:00,164236.55985462377,164226.54746754654
2025-04-27 19:30:00,164208.29361349632,164226.47756232144
2025-04-27 23:30:00,164219.835819377,164226.44542558893
2025-04-28 03:30:00,164229.69454378737,164226.43728730633
2025-04-28 07:30:00,164232.90247810184,164226.49335463074
2025-04-28 11:30:00,164237.00643031255,164226.57085294634
2025-04-28 15:30:00,164239.21414760588,164226.59953177217
2025-04-28 19:30:00,164218.6991343405,164226.51926609932
2025-04-28 23:30:00,164216.39514966204,164226.41240635252
2025-04-29 03:30:00,164243.04141956748,164226.43425545827
2025-04-29 07:30:00,164230.38769557278,164226.4002156226
2025-04-29 11:30:00,164225.96227901423,164226.35949243902
2025-04-29 15:30:00,164235.23205382272,164226.33002300904
2025-04-29 19:30:00,164204.04146950983,164226.27661478528
2025-04-29 23:30:00,164210.5439697817,164226.2217502312
2025-04-30 03:30:00,164221.52871817,164226.1641708475
2025-04-30 07:30:00,164223.53091618852,164226.15962757653
2025-04-30 11:30:00,164221.47776218943,164226.14942699904
2025-04-30 15:30:00,164242.40791249066,164226.1919859007
2025-04-30 19:30:00,164232.52898411435,164226.3005801851
2025-04-30 23:30:00,164222.17310291322,164226.38904362914
2025-05-01 03:30:00,164239.86832995855,164226.3691065341
2025-05-01 07:30:00,164255.27150382925,164226.56610145868
2025-05-01 11:30:00,164235.76887113228,164226.6645835328
2025-05-01 15:30:00,164244.24364906378,164226.7516677934
2025-05-01 19:30:00,164245.85735663841,164226.86603836925
2025-05-01 23:30:00,164224.72230452174,164226.96174851188
2025-05-02 03:30:00,164227.88712216055,164226.8651567958
2025-05-02 07:30:00,164228.61800968097,164226.8261574342
2025-05-02 11:30:00,164223.9415173909,164226.85593111507
2025-05-02 15:30:00,164237.3190637273,164226.93093247034
2025-05-02 19:30:00,164237.02826088405,164226.96012170796
2025-05-02 23:30:00,164216.04375868035,164226.97939579436
2025-05-03 03:30:00,164223.7580252069,164227.03471943364
2025-05-03 07:30:00,164226.18213899783,164227.00971722594
2025-05-03 11:30:00,164213.38296128786,164226.95151853363
2025-05-03 15:30:00,164214.94189231406,164226.92107541216
2025-05-03 19:30:00,164229.12591438973,164226.93489258562
2025-05-03 23:30:00,164208.29597813202,164226.89035080178
2025-05-04 03:30:00,164215.58264425042,164226.8603283113
2025-05-04 07:30:00,164224.16125212781,164226.80255116278
2025-05-04 11:30:00,164213.90456433088,164226.7241457541
2025-05-04 15:30:00,164214.01478355995,164226.6449981102
2025-05-04 19:30:00,164228.3433791519,164226.65148519038
2025-05-04 23:30:00,164222.765144801,164226.6652212327
2025-05-05 03:30:00,164222.2269715167,164226.66439475055
2025-05-05 07:30:00,164242.64742317563,164226.71682452428
2025-05-05 11:30:00,164240.64452385274,164226.79581535273
2025-05-05 15:30:00,164232.3719453077,164226.8331132099
2025-05-05 19:30:00,164238.15911024762,164226.8510236969
2025-05-05 23:30:00,164237.79990712518,164226.8780693002
2025-05-06 03:30:00,164233.3501402455,164226.87934502648
2025-05-06 07:30:00,164227.0552422729,164226.8212113953
2025-05-06 11:30:00,164227.561612817,164226.79713376617
2025-05-06 15:30:00,164222.3879756127,164226.82305765207
2025-05-06 19:30:00,164235.9653405092,164226.88929864086
2025-05-06 23:30:00,164230.50714803734,164226.90926508536
2025-05-07 03:30:00,164222.53769008568,164226.954450818
2025-05-07 07:30:00,164223.63611121385,164226.95516161533
2025-05-07 11:30:00,164226.91328519373,164226.92315371017
2025-05-07 15:30:00,164228.9107529594,164226.92489343768
2025-05-07 19:30:00,164227.79238213223,164226.9309511262
2025-05-07 23:30:00,164227.00666064018,164226.90024634916
2025-05-08 03:30:00,164224.82260509126,164226.8439623878
2025-05-08 07:30:00,164225.8117507478,164226.8439169927
2025-05-08 11:30:00,164224.23781719507,164226.79319075058
2025-05-08 15:30:00,164223.05449165346,164226.80447775085
2025-05-08 19:30:00,164226.522287687,164226.81494190762
2025-05-08 23:30:00,164222.9241866893,164226.79711168265
2025-05-09 03:30:00,164221.1590500273,164226.73887436886
2025-05-09 07:30:00,164219.87387194447,164226.67969409007
2025-05-09 11:30:00,164225.87393981605,164226.63426622315
2025-05-09 15:30:00,164225.97088131183,164226.5786723253
2025-05-09 19:30:00,164229.95249086324,164226.58720786587
2025-05-09 23:30:00,164233.2137501508,164226.5898243809
2025-05-10 03:30:00,164226.28913877485,164226.51500386657
2025-05-10 07:30:00,164229.54021486102,164226.6358416443
2025-05-10 11:30:00,164227.04609080713,164226.71914047608
2025-05-10 15:30:00,164229.4540149558,164226.84757852438
2025-05-10 19:30:00,164225.06330463642,164226.9206215395
2025-05-10 23:30:00,164225.71856824172,164226.92029772236
2025-05-11 03:30:00,164225.68113634796,164226.9086424717
2025-05-11 07:30:00,164224.5848701092,164226.93788544447
2025-05-11 11:30:00,164228.55670302815,164226.97099439346
2025-05-11 15:30:00,164233.65889933644,164226.97467177594
2025-05-11 19:30:00,164227.75295170487,164227.0083770319
2025-05-11 23:30:00,164224.59564009236,164226.97167185243
2025-05-12 03:30:00,164227.657268844,164226.92845229068
2025-05-12 07:30:00,164232.35605293527,164226.9687730806
2025-05-12 11:30:00,164231.2652460857,164226.95023268432
2025-05-12 15:30:00,164237.43402592718,164226.97074006856
2025-05-12 19:30:00,164221.77950486544,164226.8986496941
2025-05-12 23:30:00,164219.4291489743,164226.80477065963
2025-05-13 03:30:00,164230.89264519163,164226.80435194218
2025-05-13 07:30:00,164227.9030307383,164226.80780808046
2025-05-13 11:30:00,164237.9403866946,164226.8804268161
2025-05-13 15:30:00,164238.59644533388,164226.93640808293
2025-05-13 19:30:00,164229.98991388726,164226.9749821198
2025-05-13 23:30:00,164234.7900009989,164227.04490302852
2025-05-14 03:30:00,164233.21168274368,164227.09531666167
2025-05-14 07:30:00,164232.92451899865,164227.18613976717
2025-05-14 11:30:00,164226.37154199928,164227.23802048998
2025-05-14 15:30:00,164236.94790038036,164227.2851252305
2025-05-14 19:30:00,164226.06666375764,164227.3131898465
2025-05-14 23:30:00,164221.50389819377,164227.36645594751
2025-05-15 03:30:00,164231.18269824656,164227.42244089002
2025-05-15 07:30:00,164224.85678732034,164227.4389136439
2025-05-15 11:30:00,164232.37966412335,164227.5809343932
2025-05-15 15:30:00,164237.57637408786,164227.63911938583
2025-05-15 19:30:00,164217.86208761344,164227.60790789194
2025-05-15 23:30:00,164211.78607836968,164227.60283045677
2025-05-16 03:30:00,164230.881001923,164227.6331079996
2025-05-16 07:30:00,164227.7686044372,164227.65889481647
2025-05-16 11:30:00,164221.52217797624,164227.6637206337
2025-05-16 15:30:00,164232.46989139967,164227.66592865443
2025-05-16 19:30:00,164227.45005935026,164227.63804803079
2025-05-16 23:30:00,164223.68678921583,164227.65220954322
2025-05-17 03:30:00,164234.83702236763,164227.6672438419
2025-05-17 07:30:00,164243.79614609733,164227.73022428632
2025-05-17 11:30:00,164232.89968363903,164227.7854951034
2025-05-17 15:30:00,164234.17477123957,164227.84888933582
2025-05-17 19:30:00,164238.90206771556,164227.9123483512
2025-05-17 23:30:00,164226.01145535486,164227.96684270576
2025-05-18 03:30:00,164231.5725435449,164227.97707304516
2025-05-18 07:30:00,164230.75972772102,164227.9690376926
2025-05-18 11:30:00,164224.36056824602,164227.99222782892
2025-05-18 15:30:00,164233.10516645768,164228.0581119498
2025-05-18 19:30:00,164237.18373336727,164228.08208294155
2025-05-18 23:30:00,164226.76668493208,164228.07368408574
2025-05-19 03:30:00,164215.58494458135,164227.98087835166
2025-05-19 07:30:00,164225.27148023294,164227.9190803617
2025-05-19 11:30:00,164214.52589519872,164227.86073194453
2025-05-19 15:30:00,164220.79521103436,164227.8790021175
2025-05-19 19:30:00,164234.24410738883,164227.9097070449
2025-05-19 23:30:00,164226.06254372792,164227.9052377812
2025-05-20 03:30:00,164221.0420377662,164227.84424248827
2025-05-20 07:30:00,164233.6841917935,164227.83254739543
2025-05-20 11:30:00,164223.61161394336,164227.8102841942
2025-05-20 15:30:00,164232.46137921305,164227.943733001
2025-05-20 19:30:00,164234.29735760178,164227.98684033475
2025-05-20 23:30:00,164233.78363256232,164228.04123708588
2025-05-21 03:30:00,164217.2521985038,164228.00065669965
2025-05-21 07:30:00,164232.6153032753,164227.97724198885
2025-05-21 11:30:00,164229.3973867892,164227.97535836778
2025-05-21 15:30:00,164224.83778019866,164228.05898500085
2025-05-21 19:30:00,164232.44412525324,164228.11063309602
2025-05-21 23:30:00,164223.0272386865,164228.08245090808
2025-05-22 03:30:00,164214.02193696357,164227.9855742331
2025-05-22 07:30:00,164232.5922688851,164228.00436660703
2025-05-22 11:30:00,164232.83647284858,164228.00634296998
2025-05-22 15:30:00,164219.598048512,164228.0987083217
2025-05-22 19:30:00,164226.70694901238,164228.18524976843
2025-05-22 23:30:00,164230.59804351593,164228.1990472575
2025-05-23 03:30:00,164224.6866764064,164228.19300613622
2025-05-23 07:30:00,164231.72481692175,164228.23831642972
2025-05-23 11:30:00,164235.15548223688,164228.1984805854
2025-05-23 15:30:00,164229.139008775,164228.19401379235
2025-05-23 19:30:00,164221.1957095322,164228.1744921038
2025-05-23 23:30:00,164228.6603399207,164228.12865401266
2025-05-24 03:30:00,164223.38416147933,164228.0653807405
2025-05-24 07:30:00,164220.8684699603,164228.0321843913
2025-05-24 11:30:00,164229.13768373753,164227.99182201645
2025-05-24 15:30:00,164228.30247619003,164227.97347035355
2025-05-24 19:30:00,164228.77167028523,164228.00032605836
2025-05-24 23:30:00,164232.9840010435,164227.9949685999
2025-05-25 03:30:00,164224.9889615271,164227.98865905948
2025-05-25 07:30:00,164224.27584033055,164228.00645894557
2025-05-25 11:30:00,164239.68306674535,164228.0645988387
2025-05-25 15:30:00,164236.10500830042,164228.0909104952
2025-05-25 19:30:00,164235.4262882743,164228.2491553202
2025-05-25 23:30:00,164233.70120889536,164228.28796262204
2025-05-26 03:30:00,164229.5078609109,164228.30085816243
2025-05-26 07:30:00,164220.6835405232,164228.25594051584
2025-05-26 11:30:00,164222.7353171787,164228.19515051576
2025-05-26 15:30:00,164223.6801172859,164228.1270772753
2025-05-26 19:30:00,164204.95645183913,164228.0475676311
2025-05-26 23:30:00,164211.75013108368,164227.91847174204
2025-05-27 03:30:00,164228.69203457818,164227.8392386341
2025-05-27 07:30:00,164219.18151876354,164227.7861849897
2025-05-27 11:30:00,164234.1063918174,164227.7608155734
2025-05-27 15:30:00,164240.42600759043,164227.78229420097
2025-05-27 19:30:00,164234.46393684723,164227.9276848862
2025-05-27 23:30:00,164228.98772440426,164227.97852880307
2025-05-28 03:30:00,164243.70873718793,164228.05638543304
2025-05-28 07:30:00,164235.26568151155,164228.0695143409
2025-05-28 11:30:00,164228.11496738644,164228.02011732466
2025-05-28 15:30:00,164234.5416524309,164227.99415901813
2025-05-28 19:30:00,164223.32369067587,164228.01985099775
2025-05-28 23:30:00,164221.88507018783,164228.05035055624
2025-05-29 03:30:00,164230.31197923614,164227.97963144328
2025-05-29 07:30:00,164226.28720407942,164227.956850935
2025-05-29 11:30:00,164226.83307117294,164227.9616886692
2025-05-29 15:30:00,164242.64800999596,164228.0028884257
2025-05-29 19:30:00,164234.75580716316,164228.1735236349
2025-05-29 23:30:00,164232.01811504998,164228.29282444192
2025-05-30 03:30:00,164231.92547633447,164228.35058420955
2025-05-30 07:30:00,164230.76163640566,164228.39075487742
2025-05-30 11:30:00,164224.273225024,164228.4062852265
2025-05-30 15:30:00,164227.30434539646,164228.3223765204
2025-05-30 19:30:00,164219.34754386,164228.2491462968
2025-05-30 23:30:00,164202.94695445057,164228.1423343609
2025-05-31 03:30:00,164213.73044393305,164227.99712388293
2025-05-31 07:30:00,164219.48592096116,164227.79831508923
2025-05-31 11:30:00,164211.56753887612,164227.66386324336
2025-05-31 15:30:00,164227.480274371,164227.57073338397
2025-05-31 19:30:00,164235.87080920188,164227.51525256486
2025-05-31 23:30:00,164226.22808066796,164227.5236179879
2025-06-01 03:30:00,164231.06221809066,164227.54125740973
2025-06-01 07:30:00,164243.33671318198,164227.62302798478
2025-06-01 11:30:00,164242.3901879619,164227.72552059902
2025-06-01 15:30:00,164233.18534468175,164227.70255549322
2025-06-01 19:30:00,164240.19256495446,164227.72013496028
2025-06-01 23:30:00,164228.6293304257,164227.7900548033
2025-06-02 03:30:00,164221.83304022157,164227.77936044228
2025-06-02 07:30:00,164225.54059439516,164227.7757963056
2025-06-02 11:30:00,164224.98601549424,164227.84025771788
2025-06-02 15:30:00,164238.5831922849,164227.9715982733
2025-06-02 19:30:00,164246.2092944194,164228.06650594008
2025-06-02 23:30:00,164231.29734406085,164228.19429130637
2025-06-03 03:30:00,164231.23463209101,164228.2812467944
2025-06-03 07:30:00,164233.8459321609,164228.33505057232
2025-06-03 11:30:00,164222.89004611137,164228.38496991553
2025-06-03 15:30:00,164224.47168831603,164228.44306383084
2025-06-03 19:30:00,164234.50163224174,164228.477276348
2025-06-03 23:30:00,164225.0848391159,164228.49016353866
2025-06-04 03:30:00,164217.70874297086,164228.46506226895
2025-06-04 07:30:00,164222.08177353741,164228.35080865983
2025-06-04 11:30:00,164228.3324894071,164228.2824084685
2025-06-04 15:30:00,164224.8189206556,164228.24044722042
2025-06-04 23:30:00,164227.58236102964,164228.127954432
2025-06-05 03:30:00,164225.90654071575,164228.08637007716
2025-06-05 07:30:00,164233.56245091173,164228.12272319803
2025-06-05 11:30:00,164232.20184085367,164228.14864625968
2025-06-05 15:30:00,164230.17532632817,164228.19215101225
2025-06-05 19:30:00,164233.75943583608,164228.17982752246
2025-06-05 23:30:00,164231.4172309072,164228.1849117843
2025-06-06 03:30:00,164231.28090293825,164228.23375654884
2025-06-06 07:30:00,164230.36945419252,164228.27137299004
2025-06-06 11:30:00,164233.38449172783,164228.30752498188
2025-06-06 15:30:00,164230.16301373838,164228.31452085215
2025-06-06 19:30:00,164228.84622439882,164228.32040823912
2025-06-06 23:30:00,164229.57013423828,164228.3347293207
2025-06-07 03:30:00,164222.6778454206,164228.32274742308
2025-06-07 07:30:00,164225.4306146365,164228.32061817104
2025-06-07 11:30:00,164237.86603762477,164228.3967534807
2025-06-07 15:30:00,164237.07542202965,164228.47508270066
2025-06-07 19:30:00,164232.24813407022,164228.50707066932
2025-06-07 23:30:00,164230.47742478672,164228.54926753018
2025-06-08 03:30:00,164228.4996139828,164228.59027626738
2025-06-08 07:30:00,164231.60473598668,164228.65581182067
2025-06-08 11:30:00,164241.02084155453,164228.74043138348
2025-06-08 15:30:00,164235.4002602722,164228.79310947823
2025-06-08 19:30:00,164216.57791262394,164228.71839116403
2025-06-08 23:30:00,164216.73489836085,164228.6263305395
2025-06-09 03:30:00,164226.06704569884,164228.62508979606
2025-06-09 07:30:00,164228.80125158918,164228.62096150964
2025-06-09 11:30:00,164230.91076542862,164228.64255187064
2025-06-09 15:30:00,164234.95647251167,164228.67329185698
2025-06-09 19:30:00,164230.13491981808,164228.7016249027
2025-06-09 23:30:00,164229.94931512565,164228.72526036014
2025-06-10 03:30:00,164231.80872101427,164228.75949267673
2025-06-10 07:30:00,164232.8105590751,164228.80544624635
2025-06-10 11:30:00,164232.91633285413,164228.82980172025
2025-06-10 15:30:00,164239.1444422137,164228.8604472112
2025-06-10 19:30:00,164234.3951309049,164228.89755435757
2025-06-10 23:30:00,164232.23548604385,164228.9402350612
2025-06-11 03:30:00,164232.2853380824,164228.96609019657
2025-06-11 07:30:00,164232.16843606977,164228.96504205768
2025-06-11 11:30:00,164232.69460491952,164228.97302730256
2025-06-11 15:30:00,164237.4543602556,164228.97314090218
2025-06-11 19:30:00,164226.3766839319,164228.99882346677
2025-06-11 23:30:00,164222.05883554817,164229.01351445325
2025-06-12 03:30:00,164230.72936954407,164229.01260229878
2025-06-12 07:30:00,164223.10977924478,164228.98582435749
2025-06-12 11:30:00,164231.15320507795,164228.94790714173
2025-06-12 15:30:00,164236.89304762898,164228.93839095344
2025-06-12 19:30:00,164231.3333151688,164228.94589598852
2025-06-13 03:30:00,164220.9408410246,164228.8441266249
2025-06-13 07:30:00,164227.5576830695,164228.81397586124
2025-06-13 11:30:00,164228.59005734418,164228.8264394306
2025-06-13 15:30:00,164237.45635071324,164228.82929589317
2025-06-13 19:30:00,164234.4745940051,164228.87653145634
2025-06-13 23:30:00,164212.32404704514,164228.82495925884
2025-06-14 03:30:00,164226.00478568324,164228.79586986243
2025-06-14 07:30:00,164230.15477441016,164228.82563383484
2025-06-14 11:30:00,164236.7806125504,164228.85035826423
2025-06-14 15:30:00,164235.6068420861,164228.83929347768
2025-06-14 19:30:00,164237.39073421544,164228.94900497547
2025-06-14 23:30:00,164230.82303005288,164229.0559541422
2025-06-15 03:30:00,164233.61961762942,164229.07133962374
2025-06-15 07:30:00,164237.94419963498,164229.1285058889
2025-06-15 11:30:00,164233.15613650763,164229.19386520647
2025-06-15 15:30:00,164238.46730564523,164229.22755854492
2025-06-15 19:30:00,164235.00465348776,164229.27000008503
2025-06-15 23:30:00,164228.4795987072,164229.29692598103
2025-06-16 03:30:00,164226.41001194596,164229.24958322584
2025-06-16 07:30:00,164224.96579740994,164229.1437947501
2025-06-16 11:30:00,164229.59086658785,164229.12520589025
2025-06-16 15:30:00,164237.37100597817,164229.1431622652
2025-06-16 19:30:00,164233.10776846317,164229.11061002218
2025-06-16 23:30:00,164224.70730840947,164229.10328335396
2025-06-17 03:30:00,164222.52372267962,164229.0524472817
2025-06-17 07:30:00,164219.95140447264,164228.99172636456
2025-06-17 11:30:00,164224.57771798194,164228.9929463069
2025-06-17 15:30:00,164234.12661982785,164228.998684809
2025-06-17 19:30:00,164240.17602043692,164229.0154954105
2025-06-17 23:30:00,164230.06195317072,164229.03400815342
2025-06-18 03:30:00,164228.09741244907,164229.1043029167
2025-06-18 07:30:00,164228.74610690842,164229.12382329127
2025-06-18 11:30:00,164231.01236551642,164229.21644391105
2025-06-18 15:30:00,164239.819588714,164229.32332243733
2025-06-18 19:30:00,164235.80509234816,164229.33209201577
2025-06-18 23:30:00,164229.0756920747,164229.34901981548
2025-06-19 03:30:00,164229.30414957128,164229.39543617392
2025-06-19 07:30:00,164236.66581657343,164229.41218687492
2025-06-19 11:30:00,164231.79118160318,164229.45813950224
2025-06-19 15:30:00,164237.12459797648,164229.48433736045
2025-06-19 19:30:00,164239.05565423108,164229.511069364
2025-06-19 23:30:00,164233.18913228944,164229.50772947483
2025-06-20 03:30:00,164230.910544066,164229.58446175326
2025-06-20 07:30:00,164231.8081732304,164229.5799273148
2025-06-20 11:30:00,164227.80158167696,164229.57096211752
2025-06-20 15:30:00,164224.74494821607,164229.57044058954
2025-06-20 19:30:00,164226.24527048334,164229.53561556275
2025-06-20 23:30:00,164226.66090967652,164229.5560294447
2025-06-21 03:30:00,164224.28024433323,164229.613660385
2025-06-21 07:30:00,164232.32082493324,164229.612135419
2025-06-21 11:30:00,164234.79057282142,164229.62311350871
2025-06-21 15:30:00,164230.8341864697,164229.68623787927
2025-06-21 19:30:00,164219.18295955798,164229.64396827557
2025-06-21 23:30:00,164222.77580643666,164229.60002312344
2025-06-22 03:30:00,164223.24648349703,164229.59193215205
2025-06-22 07:30:00,164229.66180797672,164229.58034221418
2025-06-22 11:30:00,164235.2581932499,164229.58091924232
2025-06-22 15:30:00,164222.7637999731,164229.54510346253
2025-06-22 19:30:00,164207.06267907628,164229.46570441502
2025-06-22 23:30:00,164220.15490754566,164229.41792108706
2025-06-23 03:30:00,164225.76212855583,164229.43128045267
2025-06-23 07:30:00,164225.08936503623,164229.45499334636
2025-06-23 11:30:00,164236.69312570227,164229.49743964954
2025-06-23 15:30:00,164233.91123412264,164229.5289495256
2025-06-23 19:30:00,164217.03004218466,164229.46298532275
2025-06-23 23:30:00,164217.0934529666,164229.37371258077
2025-06-24 03:30:00,164235.97045140123,164229.43540634407
2025-06-24 07:30:00,164223.957614011,164229.43361855578
2025-06-24 11:30:00,164237.3827778321,164229.42069558435
2025-06-24 15:30:00,164243.51668610802,164229.46233422373
2025-06-24 19:30:00,164231.82140158393,164229.4420820513
2025-06-24 23:30:00,164228.206853568,164229.41121488655
2025-06-25 03:30:00,164228.2585193374,164229.40419611367
2025-06-25 07:30:00,164224.9171331959,164229.42798034215
2025-06-25 11:30:00,164229.93006711896,164229.46840028564
2025-06-25 15:30:00,164241.6442310433,164229.56932227305
2025-06-25 19:30:00,164222.78522068245,164229.66948389576
2025-06-25 23:30:00,164220.504696715,164229.7186668487
2025-06-26 03:30:00,164226.25523445997,164229.70497696046
2025-06-26 07:30:00,164223.63892432064,164229.7300185647
2025-06-26 11:30:00,164235.97949346362,164229.74054160767
2025-06-26 15:30:00,164240.8893258189,164229.74314451905
2025-06-26 19:30:00,164225.1944079637,164229.69106851408
2025-06-26 23:30:00,164224.0883291133,164229.66354382146
2025-06-27 03:30:00,164228.95259551736,164229.58064414913
2025-06-27 07:30:00,164233.3555813927,164229.56991324958
2025-06-27 11:30:00,164221.5765140026,164229.5331803654
2025-06-27 15:30:00,164237.95980865264,164229.55238349023
2025-06-27 19:30:00,164230.19247487298,164229.5909721655
2025-06-27 23:30:00,164204.0909013776,164229.49100492502
2025-06-28 03:30:00,164215.50311481464,164229.40780905745
2025-06-28 07:30:00,164226.60764022672,164229.40960926053
2025-06-28 11:30:00,164230.1545210838,164229.4282690915
2025-06-28 15:30:00,164240.7952024603,164229.41786006038
2025-06-28 19:30:00,164237.73627816208,164229.4346042795
2025-06-28 23:30:00,164229.1151355227,164229.41829540575
2025-06-29 03:30:00,164231.91209037654,164229.41822020375
2025-06-29 07:30:00,164231.42078214503,164229.4219232697
2025-06-29 11:30:00,164231.5271277622,164229.46267553227
2025-06-29 15:30:00,164237.01194330928,164229.5172125992
2025-06-29 19:30:00,164234.7468717406,164229.60372567715
2025-06-29 23:30:00,164226.0342077526,164229.73342934737
2025-06-30 03:30:00,164223.05297692277,164229.78580312824
2025-06-30 07:30:00,164228.6164202409,164229.837098068
2025-06-30 11:30:00,164227.119077918,164229.92446626487
2025-06-30 15:30:00,164235.69534303647,164229.97061833605
2025-06-30 19:30:00,164237.70867728654,164229.98094343767
2025-06-30 23:30:00,164226.13245645782,164229.98040622298
2025-07-01 03:30:00,164232.94771273623,164229.99099888952
2025-07-01 07:30:00,164231.5268173192,164229.92465115993
2025-07-01 11:30:00,164232.69811027928,164229.87020128535
2025-07-01 15:30:00,164238.5233519305,164229.9001900901
2025-07-01 19:30:00,164236.69313224318,164229.88053035576
2025-07-01 23:30:00,164225.617341822,164229.86360907147
2025-07-02 03:30:00,164218.47940358496,164229.84476841622
2025-07-02 07:30:00,164225.7433351921,164229.84590740947
2025-07-02 11:30:00,164227.40000719522,164229.85946916058
2025-07-02 15:30:00,164230.41907691146,164229.81360334385
2025-07-02 19:30:00,164226.48513331625,164229.70279345
2025-07-02 23:30:00,164223.53451726973,164229.65918206354
2025-07-03 03:30:00,164226.1456195361,164229.6305921054
2025-07-03 07:30:00,164225.69671110038,164229.58480996464
2025-07-03 11:30:00,164234.7912402339,164229.65167060576
2025-07-03 15:30:00,164233.94995086672,164229.70491927175
2025-07-03 19:30:00,164239.9622054109,164229.73559664912
2025-07-03 23:30:00,164233.35622086911,164229.78206508592
2025-07-04 03:30:00,164234.0973094551,164229.8741356842
2025-07-04 07:30:00,164240.28225772807,164229.97638559536
2025-07-04 11:30:00,164240.91260828517,164230.04706042053
2025-07-04 15:30:00,164235.00990483243,164230.1043131406
2025-07-04 19:30:00,164228.5942933292,164230.09587727574
2025-07-04 23:30:00,164225.11220231693,164230.0820775064
2025-07-05 03:30:00,164224.95020175265,164230.0767348306
2025-07-05 07:30:00,164229.66556501036,164230.05496451832
2025-07-05 11:30:00,164235.74442811147,164230.07475550857
2025-07-05 15:30:00,164226.71622071177,164230.05543089617
2025-07-05 19:30:00,164218.23767840266,164229.96871716753
2025-07-05 23:30:00,164225.39041380901,164229.93504779824
2025-07-06 03:30:00,164225.07472473642,164229.90037641165
2025-07-06 07:30:00,164230.18948874954,164229.89937101814
2025-07-06 11:30:00,164236.56246539357,164229.91712506092
2025-07-06 15:30:00,164229.60979279893,164229.91403444117
2025-07-06 19:30:00,164212.10925024815,164229.82053179227
2025-07-06 23:30:00,164223.33741407134,164229.78571212653
2025-07-07 03:30:00,164226.82026992406,164229.80885416287
2025-07-07 07:30:00,164224.61686682448,164229.80430808573
2025-07-07 11:30:00,164231.36201503477,164229.76797276398
2025-07-07 15:30:00,164234.67638661127,164229.75457033148
2025-07-07 19:30:00,164221.15703833586,164229.69260890278
2025-07-07 23:30:00,164230.28613020043,164229.69154021796
2025-07-08 03:30:00,164234.65588927557,164229.72593281738
2025-07-08 07:30:00,164231.44689314603,164229.72505101378
2025-07-08 11:30:00,164236.0543323094,164229.69730515205
2025-07-08 15:30:00,164238.43609377206,164229.7142651158
2025-07-08 19:30:00,164226.56032344344,164229.77003277396
2025-07-08 23:30:00,164229.87777751658,164229.84345667987
2025-07-09 03:30:00,164239.40444153475,164229.91796727112
2025-07-09 07:30:00,164232.05310103056,164229.93613402778
2025-07-09 11:30:00,164225.39141742766,164229.9052996814
2025-07-09 15:30:00,164233.46613854525,164229.89697379334
2025-07-09 19:30:00,164211.56563753917,164229.7932347862
2025-07-09 23:30:00,164221.85384829453,164229.74800871452
2025-07-10 03:30:00,164224.6309789805,164229.70790959697
2025-07-10 07:30:00,164223.6308309272,164229.65662619955
2025-07-10 11:30:00,164238.15964179736,164229.68591842827
2025-07-10 15:30:00,164238.30146082162,164229.68120903498
2025-07-10 19:30:00,164226.3764035319,164229.6364116754
2025-07-10 23:30:00,164214.86367724827,164229.53936246425
2025-07-11 03:30:00,164231.58123248396,164229.53542891343
2025-07-11 07:30:00,164226.87209902413,164229.5058404383
2025-07-11 11:30:00,164233.66879007817,164229.5112828135
2025-07-11 15:30:00,164235.4709670564,164229.50020240454
2025-07-11 19:30:00,164222.50183932416,164229.47855522795
2025-07-11 23:30:00,164227.91614637533,164229.51127763483
2025-07-12 03:30:00,164229.4135955578,164229.50392694215
2025-07-12 07:30:00,164237.51599492852,164229.584408594
2025-07-12 11:30:00,164237.21610292533,164229.6182795317
2025-07-12 15:30:00,164240.4002892778,164229.6378730605
2025-07-12 19:30:00,164238.75267245088,164229.67932198386
2025-07-12 23:30:00,164231.78117025152,164229.69099891867
2025-07-13 03:30:00,164232.54798369366,164229.7554830446
2025-07-13 07:30:00,164234.8804520566,164229.79616509454
2025-07-13 11:30:00,164236.49580089634,164229.84008589206
2025-07-13 15:30:00,164240.1100275051,164229.8548285409
2025-07-13 19:30:00,164237.68256290324,164229.87265059032
2025-07-13 23:30:00,164224.72747360443,164229.94155851565
2025-07-14 03:30:00,164232.56696609617,164229.97801507352
2025-07-14 07:30:00,164229.8116368002,164229.97610875344
2025-07-14 11:30:00,164234.47270347746,164229.96328703634
2025-07-14 15:30:00,164240.05157787265,164229.98798001296
2025-07-14 19:30:00,164238.61956473772,164229.9948068492
2025-07-14 23:30:00,164229.31073353998,164229.9864052019
2025-07-15 03:30:00,164230.53897147608,164229.96929050103
2025-07-15 07:30:00,164229.56839597938,164229.9227582585
2025-07-15 11:30:00,164230.63082258264,164229.90872873671
2025-07-15 15:30:00,164239.0074151313,164229.91172934498
2025-07-15 19:30:00,164238.31382131702,164229.9301136107
2025-07-15 23:30:00,164234.2605634105,164229.96223008126
2025-07-16 03:30:00,164236.72037778687,164230.0195098915
2025-07-16 07:30:00,164236.7977157314,164230.08524277105
2025-07-16 11:30:00,164234.30830434142,164230.11145075856
2025-07-16 15:30:00,164240.16922291895,164230.12699640825
2025-07-16 19:30:00,164238.8716844255,164230.15901816363
2025-07-16 23:30:00,164231.9445567339,164230.19922509874
2025-07-17 03:30:00,164234.85575629998,164230.2677363966
2025-07-17 07:30:00,164240.52079268242,164230.38201077556
2025-07-17 11:30:00,164234.9216846222,164230.43947725688
2025-07-17 15:30:00,164234.66872743567,164230.44248896584
2025-07-17 19:30:00,164239.35707410745,164230.437939264
2025-07-17 23:30:00,164231.4238606175,164230.4455054165
2025-07-18 03:30:00,164233.84508277557,164230.4774369183
2025-07-18 07:30:00,164237.78243023588,164230.5276387146
2025-07-18 11:30:00,164235.89973214446,164230.5547907514
2025-07-18 15:30:00,164222.91290586026,164230.46086473556
2025-07-18 19:30:00,164234.78988978462,164230.45522472129
2025-07-18 23:30:00,164228.70474041344,164230.45316387873
2025-07-19 03:30:00,164231.91836089478,164230.46768727494
2025-07-19 07:30:00,164236.269796923,164230.4654871658
2025-07-19 11:30:00,164235.56214303174,164230.4864369515
2025-07-19 15:30:00,164229.54115410443,164230.44430670777
2025-07-19 19:30:00,164230.15480117188,164230.3948575241
2025-07-19 23:30:00,164236.41939697973,164230.41280343905
2025-07-20 03:30:00,164230.37202308254,164230.40981165582
2025-07-20 07:30:00,164232.55273435183,164230.4139481065
2025-07-20 11:30:00,164238.658434674,164230.47426395648
2025-07-20 15:30:00,164232.8380972444,164230.51922589552
2025-07-20 19:30:00,164227.0120359048,164230.52348570342
2025-07-20 23:30:00,164232.75051885747,164230.55731686554
2025-07-21 03:30:00,164239.19172738143,164230.640158438
2025-07-21 07:30:00,164237.08913885572,164230.66664907092
2025-07-21 11:30:00,164242.98259869302,164230.71216032578
2025-07-21 15:30:00,164231.00864712772,164230.71312955167
2025-07-21 19:30:00,164230.07073996394,164230.77361722058
2025-07-21 23:30:00,164234.35936716493,164230.83797033576
2025-07-22 03:30:00,164237.5196192781,164230.91726553452
2025-07-22 07:30:00,164240.7685841594,164230.97896984665
2025-07-22 11:30:00,164240.2489329036,164231.00669617805
2025-07-22 15:30:00,164241.53628536296,164231.11098776356
2025-07-22 19:30:00,164217.52824237227,164231.16912978186
2025-07-22 23:30:00,164231.20414265466,164231.23051442136
2025-07-23 03:30:00,164237.30520019156,164231.29464259712
2025-07-23 07:30:00,164235.8429452845,164231.3543847096
2025-07-23 11:30:00,164240.24522189237,164231.3741185773
2025-07-23 15:30:00,164242.27344297557,164231.42057529316
2025-07-23 19:30:00,164226.62532957835,164231.47388244537
2025-07-23 23:30:00,164233.0622813665,164231.5625981587
2025-07-24 03:30:00,164243.05813451714,164231.601974176
2025-07-24 07:30:00,164240.60496398114,164231.6944594536
2025-07-24 11:30:00,164235.78524697738,164231.68558428218
2025-07-24 15:30:00,164239.0170373853,164231.66058623372
2025-07-24 19:30:00,164225.64112463355,164231.6262513618
2025-07-24 23:30:00,164234.5750144819,164231.66163003354
2025-07-25 03:30:00,164235.75244597928,164231.7032629593
2025-07-25 07:30:00,164233.0561956464,164231.74847997294
2025-07-25 11:30:00,164232.4500945962,164231.7624801256
2025-07-25 15:30:00,164237.70528608115,164231.74059709802
2025-07-25 19:30:00,164225.47245479378,164231.75552617642
2025-07-25 23:30:00,164224.1572437593,164231.77581810445
2025-07-26 03:30:00,164229.7851506009,164231.79542874967
2025-07-26 07:30:00,164230.55788908145,164231.83386744282
2025-07-26 11:30:00,164230.51650023687,164231.8035174804
2025-07-26 15:30:00,164231.23428141247,164231.74987834485
2025-07-26 19:30:00,164238.23130095672,164231.82230552813
2025-07-26 23:30:00,164230.65803158123,164231.85880387516
2025-07-27 03:30:00,164237.59738804467,164231.9068305003
2025-07-27 07:30:00,164237.39380399842,164231.92926507033
2025-07-27 11:30:00,164229.590118228,164231.9737850938
2025-07-27 15:30:00,164237.55277964514,164231.97152382153
2025-07-27 19:30:00,164237.74137016467,164232.01346212876
2025-07-27 23:30:00,164235.56807513582,164232.18833531626
2025-07-28 03:30:00,164234.82399672206,164232.29567354912
2025-07-28 07:30:00,164237.09085222622,164232.35391361578
2025-07-28 11:30:00,164235.63369608618,164232.38435347693
2025-07-28 15:30:00,164236.96105406972,164232.3630526525
2025-07-28 19:30:00,164238.89510784033,164232.36949059516
2025-07-28 23:30:00,164226.2664053537,164232.35366431644
2025-07-29 03:30:00,164234.02645965296,164232.3654108124
2025-07-29 07:30:00,164235.03805485682,164232.3855067719
2025-07-29 11:30:00,164235.4712027865,164232.40741829982
2025-07-29 15:30:00,164239.47205380502,164232.42108558037
2025-07-29 19:30:00,164237.19758812175,164232.43470067138
2025-07-29 23:30:00,164237.57258774556,164232.49880278244
2025-07-30 03:30:00,164234.08752132024,164232.56010580686
2025-07-30 07:30:00,164236.72267306107,164232.60514054477
2025-07-30 11:30:00,164237.51707277578,164232.66290718288
2025-07-30 15:30:00,164232.1589422854,164232.643260512
2025-07-30 19:30:00,164227.73670996496,164232.58786069354
2025-07-30 23:30:00,164226.55587227579,164232.59021300366
2025-07-31 03:30:00,164227.0267465289,164232.55731874696
2025-07-31 07:30:00,164230.76275312435,164232.5530739459
2025-07-31 11:30:00,164229.675966714,164232.5362842594
2025-07-31 15:30:00,164221.0124201913,164232.4390013053
2025-07-31 19:30:00,164221.7964491821,164232.35624195493
2025-07-31 23:30:00,164228.83405376013,164232.37411257686
2025-08-01 03:30:00,164227.71276140693,164232.42540900919
2025-08-01 07:30:00,164237.39485760825,164232.49013968924
2025-08-01 11:30:00,164234.75739782536,164232.53101408167
2025-08-01 15:30:00,164230.21642327326,164232.52988822813
2025-08-01 19:30:00,164233.202047312,164232.567204417
2025-08-01 23:30:00,164236.66603270062,164232.64015728052
2025-08-02 03:30:00,164237.90973460805,164232.70551347532
2025-08-02 07:30:00,164240.8185383823,164232.78952362688
2025-08-02 11:30:00,164242.84359941204,164232.83425895567
2025-08-02 15:30:00,164244.42804791193,164232.89247060593
2025-08-02 19:30:00,164239.75286695315,164232.8913076145
2025-08-02 23:30:00,164232.92613475985,164232.88891824722
2025-08-03 03:30:00,164234.19770985926,164232.8894760272
2025-08-03 07:30:00,164238.95184832727,164232.8820848639
2025-08-03 11:30:00,164238.0517758767,164232.86619135053
2025-08-03 15:30:00,164223.23412104277,164232.8007703295
2025-08-03 19:30:00,164215.28918404997,164232.72685305568
2025-08-03 23:30:00,164218.7015242348,164232.69123817745
2025-08-04 03:30:00,164219.58572967394,164232.66143555482
2025-08-04 07:30:00,164227.33354162416,164232.6484798693
2025-08-04 11:30:00,164233.8344218303,164232.6378687233
2025-08-04 15:30:00,164221.869616822,164232.61094314617
2025-08-04 19:30:00,164219.94866486877,164232.6204486265
2025-08-04 23:30:00,164227.89013302902,164232.63433595552
2025-08-05 03:30:00,164237.54338814007,164232.70360630774
2025-08-05 07:30:00,164227.49622384275,164232.68864372492
2025-08-05 11:30:00,164235.77336169762,164232.6842598155
2025-08-05 15:30:00,164230.86686906044,164232.69124357254
2025-08-05 19:30:00,164214.3211495199,164232.7035319018
2025-08-05 23:30:00,164234.4965408301,164232.7655270505
2025-08-06 03:30:00,164237.4904981741,164232.82480609632
2025-08-06 07:30:00,164227.55912420223,164232.8411519706
2025-08-06 11:30:00,164240.42508475052,164232.89150235796
2025-08-06 15:30:00,164243.25750114818,164232.93917521645
2025-08-06 19:30:00,164234.64339961807,164233.0140994458
2025-08-06 23:30:00,164235.08040584697,164233.0407343105
2025-08-07 03:30:00,164238.98168900254,164233.0647665312
2025-08-07 07:30:00,164237.4124014627,164233.0979082441
2025-08-07 11:30:00,164241.81659467984,164233.12992081285
2025-08-07 15:30:00,164230.79454772055,164233.0874677792
2025-08-07 19:30:00,164220.90185854587,164233.05603186312
2025-08-07 23:30:00,164218.80012813516,164232.99448936654
2025-08-08 03:30:00,164221.02621501483,164232.8923881081
2025-08-08 07:30:00,164217.39027311132,164232.810927953
2025-08-08 11:30:00,164223.77172216642,164232.80192964597
2025-08-08 15:30:00,164222.06505555866,164232.73859029604
2025-08-08 19:30:00,164225.84940325408,164232.81794455
2025-08-08 23:30:00,164223.9201279584,164232.82942388149
2025-08-09 03:30:00,164234.16012760488,164232.88236359612
