time,pressure_kPa
2022-09-02 11:45:00,0.7096361231887048
2022-09-02 15:45:00,0.7087273056171397
2022-09-02 19:45:00,0.7086967550672886
2022-09-02 23:45:00,0.7085541934606899
2022-09-03 03:45:00,0.7076466638303929
2022-09-03 07:45:00,0.7070969999454503
2022-09-03 11:45:00,0.7068019518389125
2022-09-03 15:45:00,0.706157113991478
2022-09-03 19:45:00,0.7055930263209055
2022-09-03 23:45:00,0.7049861830290833
2022-09-04 03:45:00,0.7040687028702921
2022-09-04 07:45:00,0.7033634867461271
2022-09-04 11:45:00,0.7028231096036716
2022-09-04 15:45:00,0.702087004536473
2022-09-04 19:45:00,0.7011162712889156
2022-09-04 23:45:00,0.700068313906553
2022-09-05 03:45:00,0.6989243207450032
2022-09-05 07:45:00,0.6977920708788725
2022-09-05 11:45:00,0.6967759131742418
2022-09-05 15:45:00,0.6957359868831801
2022-09-05 19:45:00,0.6945705302986767
2022-09-05 23:45:00,0.6933360026523219
2022-09-06 03:45:00,0.6920746948041795
2022-09-06 07:45:00,0.6908881296136605
2022-09-06 11:45:00,0.6898145466200662
2022-09-06 15:45:00,0.6887945971668974
2022-09-06 19:45:00,0.6877677864878569
2022-09-06 23:45:00,0.6867592111045459
2022-09-07 03:45:00,0.685826171833598
2022-09-07 07:45:00,0.6849551174902788
2022-09-07 11:45:00,0.6840979735635629
2022-09-07 15:45:00,0.6832994598282874
2022-09-07 19:45:00,0.6826060575278465
2022-09-07 23:45:00,0.6818933971092446
2022-09-08 03:45:00,0.6812395531373453
2022-09-08 07:45:00,0.6806604749960713
2022-09-08 11:45:00,0.6800995912664285
2022-09-08 15:45:00,0.679764987520682
2022-09-08 19:45:00,0.6796783315591542
2022-09-08 23:45:00,0.6797032968442712
2022-09-09 03:45:00,0.67985005069415
2022-09-09 07:45:00,0.6801666657315344
2022-09-09 11:45:00,0.6806118927119704
2022-09-09 15:45:00,0.6811815392892328
2022-09-09 19:45:00,0.6818487552652128
2022-09-09 23:45:00,0.6825369350917243
2022-09-10 03:45:00,0.683234793114425
2022-09-10 07:45:00,0.683984055722761
2022-09-10 11:45:00,0.6847916817403947
2022-09-10 15:45:00,0.6856372864186223
2022-09-10 19:45:00,0.6865360780963217
2022-09-10 23:45:00,0.6874174198391014
2022-09-11 03:45:00,0.6883243228718314
2022-09-11 07:45:00,0.6893128338220318
2022-09-11 11:45:00,0.6903332460363351
2022-09-11 15:45:00,0.6913887317493272
2022-09-11 19:45:00,0.692504774697777
2022-09-11 23:45:00,0.6936273662497738
2022-09-12 03:45:00,0.6947470204799813
2022-09-12 07:45:00,0.6958793405553929
2022-09-12 11:45:00,0.6970440113875318
2022-09-12 15:45:00,0.6982427527150566
2022-09-12 19:45:00,0.6994684838087393
2022-09-12 23:45:00,0.70072227314382
2022-09-13 03:45:00,0.7019410968434564
2022-09-13 07:45:00,0.7031274854960174
2022-09-13 11:45:00,0.7043191454559612
2022-09-13 15:45:00,0.7055184436897319
2022-09-13 19:45:00,0.7067190439098345
2022-09-13 23:45:00,0.7079292714689658
2022-09-14 03:45:00,0.7090894964003827
2022-09-14 07:45:00,0.7101840498546051
2022-09-14 11:45:00,0.7112279575649503
2022-09-14 15:45:00,0.7122233563613312
2022-09-14 19:45:00,0.7131777276948126
2022-09-14 23:45:00,0.7141370558790383
2022-09-15 03:45:00,0.7150874030399808
2022-09-15 07:45:00,0.7159781257444302
2022-09-15 11:45:00,0.7168115577621422
2022-09-15 15:45:00,0.7176056965180495
2022-09-15 19:45:00,0.7183080214368653
2022-09-15 23:45:00,0.7189959885630647
2022-09-16 03:45:00,0.7196949692675304
2022-09-16 07:45:00,0.7203859305125845
2022-09-16 11:45:00,0.7210535004619967
2022-09-16 15:45:00,0.7217167136064591
2022-09-16 19:45:00,0.722352121788258
2022-09-16 23:45:00,0.7229905025618428
2022-09-17 03:45:00,0.7236732216652464
2022-09-17 07:45:00,0.724367165950162
2022-09-17 11:45:00,0.725378085243229
2022-09-17 15:45:00,0.726448248690538
2022-09-17 19:45:00,0.7275112387575322
2022-09-17 23:45:00,0.7285911533361578
2022-09-18 03:45:00,0.7297608271503246
2022-09-18 07:45:00,0.7309353907565871
2022-09-18 11:45:00,0.7321065557956686
2022-09-18 15:45:00,0.7333591963311464
2022-09-18 19:45:00,0.7346199742879188
2022-09-18 23:45:00,0.7359123110167972
2022-09-19 03:45:00,0.7372979886873835
2022-09-19 07:45:00,0.7386873184038507
2022-09-19 11:45:00,0.7400731393528167
2022-09-19 15:45:00,0.7415496076650645
2022-09-19 19:45:00,0.743120259555736
2022-09-19 23:45:00,0.7447654737260958
2022-09-20 03:45:00,0.7465023595344291
2022-09-20 07:45:00,0.7482820692796706
2022-09-20 11:45:00,0.7500682960151195
2022-09-20 15:45:00,0.7519331747238363
2022-09-20 19:45:00,0.7538915176142693
2022-09-20 23:45:00,0.7559248753111603
2022-09-21 03:45:00,0.7580378035007143
2022-09-21 07:45:00,0.7601639376556664
2022-09-21 11:45:00,0.7622637793511475
2022-09-21 15:45:00,0.7643883183644626
2022-09-21 19:45:00,0.7665455604579479
2022-09-21 23:45:00,0.7687140367808443
2022-09-22 03:45:00,0.7709053743178049
2022-09-22 07:45:00,0.7731035991087145
2022-09-22 11:45:00,0.7753107794717526
2022-09-22 15:45:00,0.7775229435209569
2022-09-22 19:45:00,0.7797005764314096
2022-09-22 23:45:00,0.7819148961671993
2022-09-23 03:45:00,0.7841540979573265
2022-09-23 07:45:00,0.7863968336849174
2022-09-23 11:45:00,0.7886320230537114
2022-09-23 15:45:00,0.7907712201637604
2022-09-23 19:45:00,0.7927906337309008
2022-09-23 23:45:00,0.7947715183450071
2022-09-24 03:45:00,0.7967205966485411
2022-09-24 07:45:00,0.798591922674027
2022-09-24 11:45:00,0.8004043854009673
2022-09-24 15:45:00,0.8021640303445698
2022-09-24 19:45:00,0.8038779543559602
2022-09-24 23:45:00,0.8056018176810841
2022-09-25 03:45:00,0.8073602129156049
2022-09-25 07:45:00,0.8091000336589751
2022-09-25 11:45:00,0.8108212203546725
2022-09-25 15:45:00,0.8125361345760952
2022-09-25 19:45:00,0.8142125934569843
2022-09-25 23:45:00,0.8159111031701286
2022-09-26 03:45:00,0.8176296624479249
2022-09-26 07:45:00,0.8192673465557736
2022-09-26 11:45:00,0.820875710298929
2022-09-26 15:45:00,0.8224674719041039
2022-09-26 19:45:00,0.8239853557234273
2022-09-26 23:45:00,0.8254636268063831
2022-09-27 03:45:00,0.8269335597994172
2022-09-27 07:45:00,0.828346123914987
2022-09-27 11:45:00,0.8296877984818722
2022-09-27 15:45:00,0.8309906686013503
2022-09-27 19:45:00,0.8322262573438587
2022-09-27 23:45:00,0.8333527398682441
2022-09-28 03:45:00,0.8344437659213768
2022-09-28 07:45:00,0.8354914123100439
2022-09-28 11:45:00,0.8364615550897729
2022-09-28 15:45:00,0.8373945689114243
2022-09-28 19:45:00,0.838275081441525
2022-09-28 23:45:00,0.8390426140761523
2022-09-29 03:45:00,0.8397647766217877
2022-09-29 07:45:00,0.8404754234204597
2022-09-29 11:45:00,0.8411551471796788
2022-09-29 15:45:00,0.8418423537740171
2022-09-29 19:45:00,0.8425315923761518
2022-09-29 23:45:00,0.8431305074825515
2022-09-30 03:45:00,0.8436692991725814
2022-09-30 07:45:00,0.8442197453157023
2022-09-30 11:45:00,0.8447881943702271
2022-09-30 15:45:00,0.8453625592495315
2022-09-30 19:45:00,0.8460348371670254
2022-09-30 23:45:00,0.8466884552207987
2022-10-01 03:45:00,0.847316067350922
2022-10-01 07:45:00,0.8479639789912323
2022-10-01 11:45:00,0.8486233859486884
2022-10-01 15:45:00,0.849263671557981
2022-10-01 19:45:00,0.849933695925602
2022-10-01 23:45:00,0.8505922303457947
2022-10-02 03:45:00,0.8511921481485986
2022-10-02 07:45:00,0.851765914982689
2022-10-02 11:45:00,0.8522975635830041
2022-10-02 15:45:00,0.8527226693299319
2022-10-02 19:45:00,0.8531017630432239
2022-10-02 23:45:00,0.853435287653955
2022-10-03 03:45:00,0.8537147790454223
2022-10-03 07:45:00,0.8539860816890295
2022-10-03 11:45:00,0.8542239251412371
2022-10-03 15:45:00,0.854376972994825
2022-10-03 19:45:00,0.8545098222362744
2022-10-03 23:45:00,0.8546141975671173
2022-10-04 03:45:00,0.854711315043535
2022-10-04 07:45:00,0.8548062132690452
2022-10-04 11:45:00,0.8548951334166013
2022-10-04 15:45:00,0.8549402673218887
2022-10-04 19:45:00,0.8549790625083389
2022-10-04 23:45:00,0.854979984160765
2022-10-05 03:45:00,0.8549742295962304
2022-10-05 07:45:00,0.854989685934579
2022-10-05 11:45:00,0.8550270679480201
2022-10-05 15:45:00,0.8550227456371478
2022-10-05 19:45:00,0.8550171244183205
2022-10-05 23:45:00,0.8549957905459971
2022-10-06 03:45:00,0.8549593972045788
2022-10-06 07:45:00,0.8549435440756681
2022-10-06 11:45:00,0.8549707784059354
2022-10-06 15:45:00,0.8549750333527247
2022-10-06 19:45:00,0.8549788294354062
2022-10-06 23:45:00,0.8549759272982268
2022-10-07 03:45:00,0.8549243452171493
2022-10-07 07:45:00,0.8548770232885428
2022-10-07 11:45:00,0.854859955696643
2022-10-07 15:45:00,0.8548527100711252
2022-10-07 19:45:00,0.8548944041835749
2022-10-07 23:45:00,0.8549513757083451
2022-10-08 03:45:00,0.8549941982294564
2022-10-08 07:45:00,0.8550625935767618
2022-10-08 11:45:00,0.8552143678527517
2022-10-08 15:45:00,0.8554155566036825
2022-10-08 19:45:00,0.8556754778279441
2022-10-08 23:45:00,0.8559526399564896
2022-10-09 03:45:00,0.8562118344344984
2022-10-09 07:45:00,0.8565121578494842
2022-10-09 11:45:00,0.8568558158103992
2022-10-09 15:45:00,0.8571876812847983
2022-10-09 19:45:00,0.8574859716971217
2022-10-09 23:45:00,0.8577154682945871
2022-10-10 03:45:00,0.8578576711626287
2022-10-10 07:45:00,0.857952447036242
2022-10-10 11:45:00,0.8580145243033682
2022-10-10 15:45:00,0.858017821294708
2022-10-10 19:45:00,0.8579962979054965
2022-10-10 23:45:00,0.8579356502985038
2022-10-11 03:45:00,0.8577973980953736
2022-10-11 07:45:00,0.8576710171994908
2022-10-11 11:45:00,0.8575592374686213
2022-10-11 15:45:00,0.857427989701405
2022-10-11 19:45:00,0.8573192639886038
2022-10-11 23:45:00,0.8572563143057902
2022-10-12 03:45:00,0.8571856507810536
2022-10-12 07:45:00,0.8571643133856913
2022-10-12 11:45:00,0.8572136284533092
2022-10-12 15:45:00,0.857258614090547
2022-10-12 19:45:00,0.857339630121097
2022-10-12 23:45:00,0.8575306477424847
2022-10-13 03:45:00,0.8577890446127596
2022-10-13 07:45:00,0.8580979690448245
2022-10-13 11:45:00,0.8584666385883919
2022-10-13 15:45:00,0.8588324827077444
2022-10-13 19:45:00,0.8592344005621566
2022-10-13 23:45:00,0.8597504335489677
2022-10-14 03:45:00,0.8603443161202812
2022-10-14 07:45:00,0.8609746028730411
2022-10-14 11:45:00,0.861634413442923
2022-10-14 15:45:00,0.8622647039960976
2022-10-14 19:45:00,0.8628725951535967
2022-10-14 23:45:00,0.8635466558378263
2022-10-15 03:45:00,0.8642596934525661
2022-10-15 07:45:00,0.8649735004280141
2022-10-15 11:45:00,0.8656804486093004
2022-10-15 15:45:00,0.8663586912274556
2022-10-15 19:45:00,0.866959184258919
2022-10-15 23:45:00,0.867529166896619
2022-10-16 03:45:00,0.8680666787998701
2022-10-16 07:45:00,0.8685311687849506
2022-10-16 11:45:00,0.8689838680582629
2022-10-16 15:45:00,0.8694288459834715
2022-10-16 19:45:00,0.8698121161251944
2022-10-16 23:45:00,0.8701671188235529
2022-10-17 03:45:00,0.8705060360970758
2022-10-17 07:45:00,0.8708323356818555
2022-10-17 11:45:00,0.871208354513776
2022-10-17 15:45:00,0.8716950965891519
2022-10-17 19:45:00,0.8722308583267273
2022-10-17 23:45:00,0.8728065580518414
2022-10-18 03:45:00,0.8733877060383712
2022-10-18 07:45:00,0.873940704201555
2022-10-18 11:45:00,0.8745391221361521
2022-10-18 15:45:00,0.8751605164085924
2022-10-18 19:45:00,0.8757610357851666
2022-10-18 23:45:00,0.8763553723672818
2022-10-19 03:45:00,0.8768754662366182
2022-10-19 07:45:00,0.8773307664495507
2022-10-19 11:45:00,0.8777811854673961
2022-10-19 15:45:00,0.8781824432981888
2022-10-19 19:45:00,0.8784786492309146
2022-10-19 23:45:00,0.8787239335913843
2022-10-20 03:45:00,0.8788767174815164
2022-10-20 07:45:00,0.8789238401419628
2022-10-20 11:45:00,0.878915248969723
2022-10-20 15:45:00,0.8788873940626893
2022-10-20 19:45:00,0.8787717770953554
2022-10-20 23:45:00,0.8786282368888892
2022-10-21 03:45:00,0.8784348419694823
2022-10-21 07:45:00,0.8782267955535041
2022-10-21 11:45:00,0.8780294491633399
2022-10-21 15:45:00,0.8778851256691743
2022-10-21 19:45:00,0.8777628876116982
2022-10-21 23:45:00,0.8776918004659553
2022-10-22 03:45:00,0.8776904915185768
2022-10-22 07:45:00,0.8777054122033511
2022-10-22 11:45:00,0.8777249222650463
2022-10-22 15:45:00,0.8777489818169237
2022-10-22 19:45:00,0.8777291804320162
2022-10-22 23:45:00,0.8776431467602115
2022-10-23 03:45:00,0.8774862712855057
2022-10-23 07:45:00,0.8772049899905854
2022-10-23 11:45:00,0.8767983336810115
2022-10-23 15:45:00,0.8762998146492134
2022-10-23 19:45:00,0.8756932885356042
2022-10-23 23:45:00,0.8749780311086437
2022-10-24 03:45:00,0.8741489096731405
2022-10-24 07:45:00,0.8731650476906813
2022-10-24 11:45:00,0.8720531022748159
2022-10-24 15:45:00,0.8708964371268619
2022-10-24 19:45:00,0.8697102780782802
2022-10-24 23:45:00,0.8685257894472611
2022-10-25 03:45:00,0.8673471947273128
2022-10-25 07:45:00,0.8661595107697908
2022-10-25 11:45:00,0.8649524985007038
2022-10-25 15:45:00,0.8637838751331376
2022-10-25 19:45:00,0.8626219698696341
2022-10-25 23:45:00,0.8614439129401885
2022-10-26 03:45:00,0.8602656305866403
2022-10-26 07:45:00,0.8590661643933759
2022-10-26 11:45:00,0.8578233518616538
2022-10-26 15:45:00,0.8565455783107485
2022-10-26 19:45:00,0.8552177361948261
2022-10-26 23:45:00,0.853777625904184
2022-10-27 03:45:00,0.8523105938475841
2022-10-27 07:45:00,0.8507846170876707
2022-10-27 11:45:00,0.8491453947685381
2022-10-27 15:45:00,0.847432623213503
2022-10-27 19:45:00,0.8456498219853441
2022-10-27 23:45:00,0.8437635143792498
2022-10-28 03:45:00,0.8418266274668773
2022-10-28 07:45:00,0.8398725769558357
2022-10-28 11:45:00,0.8378539016748463
2022-10-28 15:45:00,0.8357916418657705
2022-10-28 19:45:00,0.8336490682853677
2022-10-28 23:45:00,0.8314354109939761
2022-10-29 03:45:00,0.829220548257094
2022-10-29 07:45:00,0.8270227412670783
2022-10-29 11:45:00,0.8248304577769733
2022-10-29 15:45:00,0.8226642436837495
2022-10-29 19:45:00,0.8204891146002526
2022-10-29 23:45:00,0.8182870027267148
2022-10-30 03:45:00,0.816119464027945
2022-10-30 07:45:00,0.8139894276899835
2022-10-30 11:45:00,0.8118666424292567
2022-11-01 07:45:00,0.7995860616465676
2022-11-01 11:45:00,0.7971257507598746
2022-11-01 15:45:00,0.7945596514020897
2022-11-01 19:45:00,0.791975566102501
2022-11-01 23:45:00,0.7893895496939122
2022-11-02 03:45:00,0.7868301246399633
2022-11-02 07:45:00,0.7843256183478535
2022-11-02 11:45:00,0.7817946223464588
2022-11-02 15:45:00,0.779318253438205
2022-11-02 19:45:00,0.7769336156544135
2022-11-02 23:45:00,0.7745953385618707
2022-11-03 03:45:00,0.7723284431192055
2022-11-03 07:45:00,0.7701650924318879
2022-11-03 11:45:00,0.7679808157262646
2022-11-03 15:45:00,0.7658729998846299
2022-11-03 19:45:00,0.7638769997497089
2022-11-03 23:45:00,0.761950383702753
2022-11-04 03:45:00,0.7600837029717458
2022-11-04 07:45:00,0.7583158899146482
2022-11-04 11:45:00,0.7565606197502328
2022-11-04 15:45:00,0.7547791115824203
2022-11-04 19:45:00,0.7530502385755399
2022-11-04 23:45:00,0.7513125228478286
2022-11-05 03:45:00,0.7495891119213831
2022-11-05 07:45:00,0.7478183199109556
2022-11-05 11:45:00,0.7459691723985046
2022-11-05 15:45:00,0.744017000673382
2022-11-05 19:45:00,0.7420117693173274
2022-11-05 23:45:00,0.7399392235567179
2022-11-06 03:45:00,0.7377677245665095
2022-11-06 07:45:00,0.7355321549459455
2022-11-06 23:45:00,0.728180095604336
2022-11-07 03:45:00,0.7258101607239109
2022-11-07 07:45:00,0.7235641281332337
2022-11-07 11:45:00,0.7214201573636922
2022-11-07 15:45:00,0.7193855776217367
2022-11-07 19:45:00,0.7174475188705861
2022-11-07 23:45:00,0.7156760848965347
2022-11-08 03:45:00,0.7141288007001272
2022-11-08 07:45:00,0.712791064438609
2022-11-08 11:45:00,0.7116218093917424
2022-11-08 15:45:00,0.7105498534738107
2022-11-08 19:45:00,0.7095770330076037
2022-11-08 23:45:00,0.7086942434612342
2022-11-09 03:45:00,0.7078748485536124
2022-11-09 07:45:00,0.7071292122566584
2022-11-09 11:45:00,0.7064487533394125
2022-11-09 15:45:00,0.7057672084030713
2022-11-09 19:45:00,0.7050828850089855
2022-11-09 23:45:00,0.7044140702833793
2022-11-10 03:45:00,0.7037558240257503
2022-11-10 07:45:00,0.7030931033347853
2022-11-10 11:45:00,0.702425003848144
2022-11-10 15:45:00,0.7017646558806436
2022-11-10 19:45:00,0.7011336007533482
2022-11-10 23:45:00,0.7005769168268295
2022-11-11 03:45:00,0.6999972749545758
2022-11-11 07:45:00,0.699407218136956
2022-11-11 11:45:00,0.698863062995877
2022-11-11 15:45:00,0.698389295485412
2022-11-11 19:45:00,0.697995728541005
2022-11-11 23:45:00,0.6976626651202404
2022-11-12 03:45:00,0.697333357737735
2022-11-12 07:45:00,0.6970025268292592
2022-11-12 11:45:00,0.6967363162499405
2022-11-12 15:45:00,0.6965236828849901
2022-11-12 19:45:00,0.6964238722545698
2022-11-12 23:45:00,0.696359116471631
2022-11-13 03:45:00,0.6962624147197505
2022-11-13 07:45:00,0.6961513727588181
2022-11-13 11:45:00,0.6960349209754946
2022-11-13 15:45:00,0.6958922522249198
2022-11-13 19:45:00,0.6958062876032182
2022-11-13 23:45:00,0.6957453027749366
2022-11-14 03:45:00,0.6956148231180659
2022-11-14 07:45:00,0.6954490388523422
2022-11-14 11:45:00,0.6953003689729313
2022-11-14 15:45:00,0.6952625922561781
2022-11-14 19:45:00,0.6952153177031747
2022-11-14 23:45:00,0.6951711358745187
2022-11-15 03:45:00,0.6951261825206063
2022-11-15 07:45:00,0.6951090805405565
2022-11-15 11:45:00,0.6951295366420598
2022-11-15 15:45:00,0.6951940846080054
2022-11-15 19:45:00,0.6953076871329458
2022-11-15 23:45:00,0.6954968832488639
2022-11-16 03:45:00,0.695748959541871
2022-11-16 07:45:00,0.6963183458361338
2022-11-16 11:45:00,0.697030589831847
2022-11-16 15:45:00,0.6978900722705637
2022-11-16 19:45:00,0.6988077726139267
2022-11-16 23:45:00,0.6997969035073273
2022-11-17 03:45:00,0.7008140717228021
2022-11-17 07:45:00,0.7018332531479322
2022-11-17 11:45:00,0.7029317280090699
2022-11-17 15:45:00,0.7040831944608558
2022-11-17 19:45:00,0.7052490503811604
2022-11-17 23:45:00,0.7064694481116778
2022-11-18 03:45:00,0.7077146647083341
2022-11-18 07:45:00,0.7089372578753252
2022-11-18 11:45:00,0.7102308805508952
2022-11-18 15:45:00,0.7115391478315395
2022-11-18 19:45:00,0.7128562572198206
2022-11-18 23:45:00,0.7141967256571534
2022-11-19 03:45:00,0.7155566232084427
2022-11-19 07:45:00,0.7169065292469711
2022-11-19 11:45:00,0.7183116736954549
2022-11-19 15:45:00,0.7197840609320827
2022-11-19 19:45:00,0.7212738836535125
2022-11-19 23:45:00,0.7228116946105805
2022-11-20 03:45:00,0.7243684757245272
2022-11-20 07:45:00,0.725958859113859
2022-11-20 11:45:00,0.7276115171919356
2022-11-20 15:45:00,0.7293365928257789
2022-11-20 19:45:00,0.7310664798737204
2022-11-20 23:45:00,0.7328352273807852
2022-11-21 03:45:00,0.7346442596973425
2022-11-21 07:45:00,0.7364573368230054
2022-11-21 11:45:00,0.7374502695064032
2022-11-21 15:45:00,0.7384537146977539
2022-11-21 19:45:00,0.7394286182798521
2022-11-21 23:45:00,0.7413118222206303
2022-11-22 03:45:00,0.7431498801127332
2022-11-22 07:45:00,0.7449118383657908
2022-11-22 11:45:00,0.7465820057366406
2022-11-22 15:45:00,0.7481895783580124
2022-11-22 19:45:00,0.7497416005032038
2022-11-22 23:45:00,0.7511685417262302
2022-11-23 03:45:00,0.7524391155103449
2022-11-23 07:45:00,0.7535158006540921
2022-11-23 11:45:00,0.7543648344121503
2022-11-23 15:45:00,0.7550455152207398
2022-11-23 19:45:00,0.7555703655749464
2022-11-23 23:45:00,0.7559404640408789
2022-11-24 03:45:00,0.7561777078611277
2022-11-24 07:45:00,0.7562834818322448
2022-11-24 11:45:00,0.7561997946000586
2022-11-24 15:45:00,0.7559833326012286
2022-11-24 19:45:00,0.7557045747006721
2022-11-24 23:45:00,0.7553849203500134
2022-11-25 03:45:00,0.7550270751606978
2022-11-25 07:45:00,0.754638442359672
2022-11-25 11:45:00,0.7541701551651372
2022-11-25 15:45:00,0.7536436705144014
2022-11-25 19:45:00,0.753106807046743
2022-11-25 23:45:00,0.7526112523490345
2022-11-26 03:45:00,0.7521538661709828
2022-11-26 07:45:00,0.7517375807517616
2022-11-26 11:45:00,0.7513344778635542
2022-11-26 15:45:00,0.7509195891041318
2022-11-26 19:45:00,0.750466897548758
2022-11-26 23:45:00,0.7500615937320809
2022-11-27 03:45:00,0.7496807653060813
2022-11-27 07:45:00,0.749278803846579
2022-11-27 11:45:00,0.748859459281356
2022-11-27 15:45:00,0.7484342243924325
2022-11-27 19:45:00,0.7479421795254042
2022-11-27 23:45:00,0.7474804782459807
2022-11-28 03:45:00,0.7470161593497954
2022-11-28 07:45:00,0.7464974703819237
2022-11-28 11:45:00,0.7460082505917036
2022-11-28 15:45:00,0.7455754427931449
2022-11-28 19:45:00,0.7451290442636147
2022-11-28 23:45:00,0.7447128546960602
2022-11-29 03:45:00,0.7443612551211143
2022-11-29 07:45:00,0.7440057482389986
2022-11-29 11:45:00,0.7436385434312789
2022-11-29 15:45:00,0.7433087659441224
2022-11-29 19:45:00,0.743016220428031
2022-12-01 23:45:00,0.7447568950963346
2022-12-02 03:45:00,0.7435320711685842
2022-12-02 07:45:00,0.742272707461755
2022-12-02 11:45:00,0.7408713425814822
2022-12-02 15:45:00,0.7392873022714279
2022-12-02 19:45:00,0.7375756769275861
2022-12-02 23:45:00,0.73571168908946
2022-12-03 03:45:00,0.7337189782901676
2022-12-03 07:45:00,0.7316870659255543
2022-12-03 11:45:00,0.7295791885641209
2022-12-03 15:45:00,0.7273772549616904
2022-12-03 19:45:00,0.725092135532238
2022-12-03 23:45:00,0.7227321324649891
2022-12-04 03:45:00,0.7202848003855844
2022-12-04 07:45:00,0.7178188274902446
2022-12-04 11:45:00,0.7152684840388861
2022-12-04 15:45:00,0.712638543781889
2022-12-04 19:45:00,0.7099720332792789
2022-12-04 23:45:00,0.7072413705036307
2022-12-05 03:45:00,0.7044449889088079
2022-12-05 07:45:00,0.7016391409642184
2022-12-05 11:45:00,0.6987759329009934
2022-12-05 15:45:00,0.6958547144971409
2022-12-05 19:45:00,0.6929420537797247
2022-12-05 23:45:00,0.6899914194986928
2022-12-06 03:45:00,0.6870386402355294
2022-12-06 07:45:00,0.6841378020362902
2022-12-06 11:45:00,0.6812169417655889
2022-12-06 15:45:00,0.6782456195217917
2022-12-06 19:45:00,0.6752986217496135
2022-12-06 23:45:00,0.6723921079933908
2022-12-07 03:45:00,0.6695457542161202
2022-12-07 07:45:00,0.6668170560797384
2022-12-07 11:45:00,0.6642302876300968
2022-12-07 15:45:00,0.6617126352214304
2022-12-07 19:45:00,0.6592898784867742
2022-12-07 23:45:00,0.6569895778547803
2022-12-08 03:45:00,0.6548067193731333
2022-12-08 07:45:00,0.6528577066718025
2022-12-08 11:45:00,0.651200371852935
2022-12-08 15:45:00,0.6497930350298953
2022-12-08 19:45:00,0.6486116466847683
2022-12-08 23:45:00,0.647632049466683
2022-12-09 03:45:00,0.6468296736789692
2022-12-09 07:45:00,0.6461825615388931
2022-12-09 11:45:00,0.6457950908525303
2022-12-09 15:45:00,0.645609534282918
2022-12-09 19:45:00,0.6455422985090637
2022-12-09 23:45:00,0.6455569725609873
2022-12-10 03:45:00,0.6456424479099993
2022-12-10 07:45:00,0.6458226243932242
2022-12-10 11:45:00,0.6461534187850626
2022-12-10 15:45:00,0.6466004244995793
2022-12-10 19:45:00,0.6470898128376472
2022-12-10 23:45:00,0.6475258595490676
2022-12-11 03:45:00,0.6479612780078534
2022-12-11 07:45:00,0.6484219435332749
2022-12-11 11:45:00,0.648891978412882
2022-12-11 15:45:00,0.6493797290750754
2022-12-11 19:45:00,0.6499049230889105
2022-12-11 23:45:00,0.650368890338629
2022-12-12 03:45:00,0.6508162046065693
2022-12-12 07:45:00,0.65136038610496
2022-12-12 11:45:00,0.6519538091200028
2022-12-12 15:45:00,0.6525379585226676
2022-12-12 19:45:00,0.6532034583513056
2022-12-12 23:45:00,0.6538606908584359
2022-12-13 03:45:00,0.6545257349077264
2022-12-13 07:45:00,0.6553092491039547
2022-12-13 11:45:00,0.6560908647909992
2022-12-13 15:45:00,0.6568326352410747
2022-12-13 19:45:00,0.6575881284955936
2022-12-13 23:45:00,0.658337831041655
2022-12-14 03:45:00,0.6590468311343842
2022-12-14 07:45:00,0.6597853054668708
2022-12-14 11:45:00,0.6605741601076882
2022-12-14 15:45:00,0.6613028326781603
2022-12-14 19:45:00,0.6620200131866335
2022-12-14 23:45:00,0.6627772757469006
2022-12-15 03:45:00,0.6635031723670332
2022-12-15 07:45:00,0.6641929218534792
2022-12-15 11:45:00,0.6648474754131781
2022-12-15 15:45:00,0.6654675539236636
2022-12-15 19:45:00,0.6660958457544898
2022-12-15 23:45:00,0.6667360450572783
2022-12-16 03:45:00,0.6673612899363047
2022-12-16 07:45:00,0.6679638858904352
2022-12-16 11:45:00,0.668554815872134
2022-12-16 15:45:00,0.6691145826683073
2022-12-16 19:45:00,0.669668016685054
2022-12-16 23:45:00,0.6703452687385347
2022-12-17 03:45:00,0.6710283318226934
2022-12-17 07:45:00,0.6716864043532127
2022-12-17 11:45:00,0.6724325006473938
2022-12-17 15:45:00,0.6732595840757567
2022-12-17 19:45:00,0.6741604514145149
2022-12-17 23:45:00,0.6751524149202366
2022-12-18 03:45:00,0.6762268254141168
2022-12-18 07:45:00,0.6773135253670349
2022-12-18 11:45:00,0.6784529840053154
2022-12-18 15:45:00,0.6796590756869847
2022-12-18 19:45:00,0.6809131143802195
2022-12-18 23:45:00,0.6822325587517419
2022-12-19 03:45:00,0.6836220384827109
2022-12-19 07:45:00,0.6849648338736782
2022-12-19 11:45:00,0.6863546587117446
2022-12-19 15:45:00,0.6877994298802105
2022-12-19 19:45:00,0.6892522570333706
2022-12-19 23:45:00,0.6907501011301491
2022-12-20 03:45:00,0.6922779093664916
2022-12-20 07:45:00,0.693762266628365
2022-12-20 11:45:00,0.6952468199846936
2022-12-20 15:45:00,0.6967077561926146
2022-12-20 19:45:00,0.6981574891138118
2022-12-20 23:45:00,0.6996491551206442
2022-12-21 03:45:00,0.7011657201383117
2022-12-21 07:45:00,0.7026483462647766
2022-12-21 11:45:00,0.7041197113744626
2022-12-21 15:45:00,0.7055626737202609
2022-12-21 19:45:00,0.7069599432550797
2022-12-21 23:45:00,0.7083583106053817
2022-12-22 03:45:00,0.7097527836309846
2022-12-22 07:45:00,0.7110598667489074
2022-12-22 11:45:00,0.7122620759167376
2022-12-22 15:45:00,0.7133853118745981
2022-12-22 19:45:00,0.7144704978840302
2022-12-22 23:45:00,0.7155620812918668
2022-12-23 03:45:00,0.7166547324829238
2022-12-23 07:45:00,0.7176535652562651
2022-12-23 11:45:00,0.7185180895048615
2022-12-23 15:45:00,0.719259519628047
2022-12-23 19:45:00,0.7199687014555815
2022-12-23 23:45:00,0.7206929588337747
2022-12-24 03:45:00,0.7214327452259528
2022-12-24 07:45:00,0.7221575508459557
2022-12-24 11:45:00,0.7228274340101587
2022-12-24 23:45:00,0.7241561441539848
2022-12-25 03:45:00,0.7248759795625361
2022-12-25 07:45:00,0.7256305932638375
2022-12-25 11:45:00,0.7264016379230442
2022-12-25 15:45:00,0.7271852016087093
2022-12-25 19:45:00,0.7279914779589469
2022-12-25 23:45:00,0.7288256197855664
2022-12-26 03:45:00,0.729663031182863
2022-12-26 07:45:00,0.7304912845338258
2022-12-26 11:45:00,0.7313817817407078
2022-12-26 15:45:00,0.732329813052168
2022-12-26 19:45:00,0.7333101791611973
2022-12-26 23:45:00,0.734312496318045
2022-12-27 03:45:00,0.7353115200821723
2022-12-27 07:45:00,0.7362194553997715
2022-12-27 11:45:00,0.737120870771109
2022-12-27 15:45:00,0.7380951377926075
2022-12-27 19:45:00,0.739063044240957
2022-12-27 23:45:00,0.7400120261870989
2022-12-28 03:45:00,0.740996265768807
2022-12-28 07:45:00,0.7419317975346893
2022-12-28 11:45:00,0.7428696583744565
2022-12-28 15:45:00,0.743866782267341
2022-12-29 03:45:00,0.7452615025868059
2022-12-29 07:45:00,0.7461937564860497
2022-12-29 11:45:00,0.7470393754235242
2022-12-29 15:45:00,0.7478622843012441
2022-12-29 19:45:00,0.7486475588601502
2022-12-29 23:45:00,0.7493589634570347
2022-12-30 03:45:00,0.7500653628434233
2022-12-30 07:45:00,0.7508268367445715
2022-12-30 11:45:00,0.7516242689768222
2022-12-30 15:45:00,0.7524362796128059
2022-12-30 19:45:00,0.7532273062054062
2022-12-30 23:45:00,0.7539860909807687
2022-12-31 03:45:00,0.7547221863202902
2022-12-31 23:45:00,0.7566453763237995
2023-01-01 03:45:00,0.7574986362967333
2023-01-01 07:45:00,0.7583913751201845
2023-01-01 11:45:00,0.7591892838909103
2023-01-01 15:45:00,0.7599635371550866
2023-01-01 19:45:00,0.7606999885355159
2023-01-01 23:45:00,0.761387282319351
2023-01-02 03:45:00,0.7620209799415687
2023-01-02 07:45:00,0.7626450800250277
2023-01-02 11:45:00,0.7631514966223849
2023-01-02 15:45:00,0.7635334113045014
2023-01-02 19:45:00,0.7638544001551801
2023-01-02 23:45:00,0.7640820179753594
2023-01-03 03:45:00,0.7642457314989883
2023-01-03 07:45:00,0.764498463384877
2023-01-03 11:45:00,0.7647398797121319
2023-01-03 15:45:00,0.7649299188894734
2023-01-03 19:45:00,0.7651084687529672
2023-01-03 23:45:00,0.7652482395044369
2023-01-04 03:45:00,0.7654480795240584
2023-01-04 07:45:00,0.7657762192262308
2023-01-04 11:45:00,0.766198073231041
2023-01-04 15:45:00,0.7667240818173898
2023-01-04 19:45:00,0.7672576555610362
2023-01-04 23:45:00,0.767759607643601
2023-01-05 03:45:00,0.7682317028669263
2023-01-05 07:45:00,0.7687187469613417
2023-01-05 11:45:00,0.7692462900508337
2023-01-05 15:45:00,0.7698728247533393
2023-01-05 19:45:00,0.7704898691402117
2023-01-05 23:45:00,0.7710320535326667
2023-01-06 03:45:00,0.7715174355149998
2023-01-06 07:45:00,0.7720310194739748
2023-01-08 19:45:00,0.7773222904191651
2023-01-09 07:45:00,0.7761672485405315
2023-01-09 19:45:00,0.7741681964631646
2023-01-09 23:45:00,0.7719506989501173
2023-01-10 03:45:00,0.7697239607403568
2023-01-10 07:45:00,0.7674919608570254
2023-01-10 11:45:00,0.7652067269680379
2023-01-10 15:45:00,0.7628424571383722
2023-01-10 23:45:00,0.759803903946913
2023-01-11 03:45:00,0.7571933730309495
2023-01-11 07:45:00,0.7546316985805965
2023-01-13 03:45:00,0.7447533207226711
2023-01-13 07:45:00,0.7415253726624758
2023-01-13 11:45:00,0.7384712323399785
2023-01-13 15:45:00,0.7355816573284257
2023-01-13 19:45:00,0.7327475688791611
2023-01-13 23:45:00,0.7299791633224151
2023-01-14 03:45:00,0.7272907330292537
2023-01-14 07:45:00,0.7244939943170023
2023-01-14 11:45:00,0.7216755443102052
2023-01-14 15:45:00,0.7188360143002085
2023-01-14 19:45:00,0.7159318777342516
2023-01-14 23:45:00,0.7129131875596562
2023-01-15 03:45:00,0.7098355600603545
2023-01-15 07:45:00,0.7080222850778439
2023-01-15 11:45:00,0.7061620391531672
2023-01-15 15:45:00,0.7042399164882422
2023-01-15 19:45:00,0.7022123797273853
2023-01-15 23:45:00,0.6986623358737374
2023-01-16 03:45:00,0.6949627873105395
2023-01-16 07:45:00,0.6911830383489442
2023-01-16 11:45:00,0.6874435984974658
2023-01-16 15:45:00,0.6836543781003304
2023-01-16 19:45:00,0.6798483009238008
2023-01-16 23:45:00,0.6759778435126866
2023-01-17 03:45:00,0.6720941979991749
2023-01-17 07:45:00,0.6682729169936916
2023-01-17 11:45:00,0.6646837837978515
2023-01-17 15:45:00,0.6613069482226662
2023-01-17 19:45:00,0.6580454593937546
2023-01-17 23:45:00,0.6549216945676632
2023-01-18 03:45:00,0.6519184627195818
2023-01-18 07:45:00,0.6489042948747631
2023-01-18 11:45:00,0.645855514208061
2023-01-18 15:45:00,0.6428568809275886
2023-01-18 19:45:00,0.6399007773269848
2023-01-18 23:45:00,0.6370122528386828
2023-01-19 03:45:00,0.6340948007225349
2023-01-19 07:45:00,0.6310594288008398
2023-01-19 11:45:00,0.6278933332757708
2023-01-19 15:45:00,0.6245951502193341
2023-01-19 19:45:00,0.6212814678094448
2023-01-19 23:45:00,0.6179459015826203
2023-01-20 03:45:00,0.6145633995719489
2023-01-20 07:45:00,0.6111758118744788
2023-01-20 11:45:00,0.6077084367275836
2023-01-20 19:45:00,0.6012190759341174
2023-01-20 23:45:00,0.5976691159953355
2023-01-21 03:45:00,0.5941178374958429
2023-01-21 07:45:00,0.5906262171635248
2023-01-21 11:45:00,0.5900759615517039
2023-01-21 15:45:00,0.5895648904855118
2023-01-21 23:45:00,0.5891732510421797
2023-01-22 03:45:00,0.5889638271128133
2023-01-22 07:45:00,0.5888525990944977
2023-01-22 11:45:00,0.5888585085233529
2023-01-22 15:45:00,0.5889744997746531
2023-01-22 19:45:00,0.5892912487672145
2023-01-22 23:45:00,0.5897879345125557
2023-01-23 03:45:00,0.5903774030315521
2023-01-23 07:45:00,0.5910493365706094
2023-01-23 11:45:00,0.5918554663562616
2023-01-23 15:45:00,0.5927529053913686
2023-01-23 19:45:00,0.5930411599191651
2023-01-23 23:45:00,0.5942074331900675
2023-01-24 03:45:00,0.5953922646772467
2023-01-24 07:45:00,0.5961179308684728
2023-01-24 11:45:00,0.597430840050245
2023-01-24 15:45:00,0.5987896559930579
2023-01-24 19:45:00,0.599986806919497
2023-01-24 23:45:00,0.60129405492789
2023-01-25 03:45:00,0.6026512880736636
2023-01-25 07:45:00,0.6040052221890841
2023-01-25 11:45:00,0.6053374617423009
2023-01-25 15:45:00,0.6066829342335831
2023-01-25 19:45:00,0.6082124559769913
2023-01-25 23:45:00,0.6097523284080862
2023-01-26 03:45:00,0.6113601566792989
2023-01-26 07:45:00,0.613010394333659
2023-01-26 11:45:00,0.6145896322813087
2023-01-26 15:45:00,0.6161375643567841
2023-01-26 19:45:00,0.6176938863780939
2023-01-26 23:45:00,0.6192271919477654
2023-01-27 03:45:00,0.6207025714766653
2023-01-27 07:45:00,0.6221675055197242
2023-01-27 11:45:00,0.6235603382547519
2023-01-27 15:45:00,0.6248763543192575
2023-01-27 19:45:00,0.6261706712147344
2023-01-27 23:45:00,0.6274368314378292
2023-01-28 03:45:00,0.6289883888233456
2023-01-28 07:45:00,0.6304915068581168
2023-01-28 11:45:00,0.6318890797385459
2023-01-28 15:45:00,0.6331840388446246
2023-01-28 19:45:00,0.634475654268941
2023-01-28 23:45:00,0.6357772654364868
2023-01-29 03:45:00,0.6369953335766952
2023-01-29 07:45:00,0.6382483449510856
2023-01-29 11:45:00,0.6394334219578861
2023-01-29 15:45:00,0.6406117093708362
2023-01-29 19:45:00,0.6418449456919454
2023-01-29 23:45:00,0.643173616577269
2023-01-30 03:45:00,0.6445507444246485
2023-01-30 07:45:00,0.6459385853226909
2023-01-30 11:45:00,0.6473860798839659
2023-01-30 15:45:00,0.6489149215523354
2023-01-30 19:45:00,0.6505836677822148
2023-01-30 23:45:00,0.6523980730851355
2023-01-31 03:45:00,0.6543689947346347
2023-01-31 07:45:00,0.6564146287473052
2023-01-31 11:45:00,0.6584756121669768
2023-01-31 15:45:00,0.6605880934554225
2023-01-31 19:45:00,0.6627156942925577
2023-01-31 23:45:00,0.6648956357265012
2023-02-01 03:45:00,0.6671425764615667
2023-02-01 07:45:00,0.6693592675593669
2023-02-01 11:45:00,0.6714474968467762
2023-02-01 15:45:00,0.6734584260669529
2023-02-01 19:45:00,0.6753804671363617
2023-02-01 23:45:00,0.6772174939903453
2023-02-02 03:45:00,0.6789834777877162
2023-02-02 07:45:00,0.6807068815731991
2023-02-02 11:45:00,0.6824645770480576
2023-02-02 15:45:00,0.6841980529017513
2023-02-02 19:45:00,0.6858824836842877
2023-02-02 23:45:00,0.6874813148693757
2023-02-03 03:45:00,0.6889767137719232
2023-02-03 07:45:00,0.6904639362366941
2023-02-03 11:45:00,0.6919501931730012
2023-02-03 15:45:00,0.6934675897304644
2023-02-03 19:45:00,0.6949532822606317
2023-02-03 23:45:00,0.6964078683209937
2023-02-04 03:45:00,0.6978732766234926
2023-02-04 07:45:00,0.6993013491914177
2023-02-04 11:45:00,0.7007099629920011
2023-02-04 15:45:00,0.7003934665635453
2023-02-04 19:45:00,0.7017232165525973
2023-02-04 23:45:00,0.7030675204949838
2023-02-05 03:45:00,0.7044615938473987
2023-02-05 07:45:00,0.705803196673009
2023-02-05 11:45:00,0.7070620960736659
2023-02-05 15:45:00,0.7082633830962698
2023-02-05 19:45:00,0.7076842827617997
2023-02-05 23:45:00,0.708597801191828
2023-02-06 03:45:00,0.7095097817315567
2023-02-06 07:45:00,0.7103490045019456
2023-02-06 11:45:00,0.7110516730627034
2023-02-06 15:45:00,0.7116209500208976
2023-02-06 19:45:00,0.7119559831584268
2023-02-06 23:45:00,0.7120797812830251
2023-02-07 03:45:00,0.7120711897654399
2023-02-07 07:45:00,0.711962433738271
2023-02-07 11:45:00,0.7116800398229309
2023-02-07 15:45:00,0.7112823221580106
2023-02-07 19:45:00,0.7107099557725794
2023-02-07 23:45:00,0.7100075938846298
2023-02-08 03:45:00,0.7092490015750856
2023-02-08 07:45:00,0.7084247272643714
2023-02-08 11:45:00,0.707514755880361
2023-02-08 15:45:00,0.7065605898465974
2023-02-08 19:45:00,0.7054976043762369
2023-02-08 23:45:00,0.7043590927609427
2023-02-09 03:45:00,0.7031566577145318
2023-02-09 07:45:00,0.7019204446430258
2023-02-09 11:45:00,0.7006875202841705
2023-02-09 15:45:00,0.699436111247858
2023-02-09 19:45:00,0.6981177397474982
2023-02-09 23:45:00,0.6967315085263076
2023-02-10 03:45:00,0.695246000611762
2023-02-10 07:45:00,0.6936705074931488
2023-02-10 11:45:00,0.6920926023882604
2023-02-10 15:45:00,0.6905163648086405
2023-02-10 19:45:00,0.6888838112671859
2023-02-10 23:45:00,0.6872422205032711
2023-02-11 03:45:00,0.6856449965308085
2023-02-11 07:45:00,0.6840059117829156
2023-02-11 11:45:00,0.6824119493451588
2023-02-11 15:45:00,0.6808930410716971
2023-02-11 19:45:00,0.6793473496531347
2023-02-11 23:45:00,0.6778207761839137
2023-02-12 03:45:00,0.6763488405736131
2023-02-12 07:45:00,0.6749175063705446
2023-02-12 11:45:00,0.6735430080822375
2023-02-12 15:45:00,0.672207319596523
2023-02-12 19:45:00,0.6708630129135364
2023-02-12 23:45:00,0.6695252230727118
2023-02-13 03:45:00,0.6682795695767036
2023-02-13 07:45:00,0.667074283321802
2023-02-13 11:45:00,0.6659659821638345
2023-02-13 15:45:00,0.6648895924424663
2023-02-13 19:45:00,0.6637996794188104
2023-02-13 23:45:00,0.6627003092152743
2023-02-14 03:45:00,0.6616286185096655
2023-02-14 07:45:00,0.6605822752257325
2023-02-14 11:45:00,0.6595583675965628
2023-02-14 15:45:00,0.6584957996047642
2023-02-14 19:45:00,0.6574020223194537
2023-02-14 23:45:00,0.6562241984660941
2023-02-15 03:45:00,0.6549351972886484
2023-02-15 07:45:00,0.6535924300068747
2023-02-15 11:45:00,0.6522156556531026
2023-02-15 15:45:00,0.6507605050523972
2023-02-15 19:45:00,0.6492724730029772
2023-02-15 23:45:00,0.6477571885946827
2023-02-16 03:45:00,0.6461431303938439
2023-02-16 07:45:00,0.6444331981162651
2023-02-16 11:45:00,0.642678939231216
2023-02-16 15:45:00,0.6408480346751215
2023-02-16 19:45:00,0.6390349785928138
2023-02-16 23:45:00,0.6372152661364965
2023-02-17 03:45:00,0.6353690063676004
2023-02-17 07:45:00,0.6335163114047923
2023-02-17 11:45:00,0.6316261653785566
2023-02-17 23:45:00,0.6276434679086152
2023-02-18 03:45:00,0.6259888053739223
2023-02-18 07:45:00,0.6244029724328516
2023-02-18 11:45:00,0.6228736984178878
2023-02-18 15:45:00,0.6213851939886939
2023-02-18 19:45:00,0.6200663624100231
2023-02-18 23:45:00,0.6188427450421777
2023-02-19 03:45:00,0.6176668999212144
2023-02-19 07:45:00,0.6165901122042576
2023-02-19 11:45:00,0.6156236820524883
2023-02-19 15:45:00,0.6147170786532367
2023-02-19 19:45:00,0.6138737884876563
2023-02-19 23:45:00,0.6130101253952753
2023-02-20 03:45:00,0.612047864100985
2023-02-20 07:45:00,0.6110578910249953
2023-02-20 11:45:00,0.6100623787478189
2023-02-20 15:45:00,0.6090804822592211
2023-02-20 19:45:00,0.6081428152096708
2023-02-20 23:45:00,0.6072035671280996
2023-02-21 03:45:00,0.60617011615892
2023-02-21 07:45:00,0.6050604734005472
2023-02-21 11:45:00,0.6039675654354091
2023-02-21 15:45:00,0.6029259095024411
2023-02-21 19:45:00,0.6019842920862385
2023-02-21 23:45:00,0.6011048466410442
2023-02-22 03:45:00,0.6002880031497227
2023-02-22 07:45:00,0.5994697312893241
2023-02-22 11:45:00,0.5986973714939627
2023-02-22 15:45:00,0.5979735463411786
2023-02-22 19:45:00,0.5973006610691052
2023-02-22 23:45:00,0.5966673948582376
2023-02-23 15:45:00,0.5948789702903873
2023-02-23 19:45:00,0.5940848551174487
2023-02-23 23:45:00,0.5932819397063034
2023-02-24 03:45:00,0.5924966651883175
2023-02-24 07:45:00,0.5917047727094502
2023-02-24 11:45:00,0.5908465762630282
2023-02-24 15:45:00,0.5899685817102549
2023-02-24 19:45:00,0.589097223548235
2023-02-24 23:45:00,0.5882174681868837
2023-02-25 03:45:00,0.5873644136314599
2023-02-25 07:45:00,0.586528187987027
2023-02-25 11:45:00,0.5856140079387755
2023-02-25 15:45:00,0.5846270507138192
2023-02-25 19:45:00,0.5836437502247247
2023-02-25 23:45:00,0.582615760566297
2023-02-26 03:45:00,0.5815023916753788
2023-02-26 07:45:00,0.5803764774378731
2023-02-26 11:45:00,0.5791804089019943
2023-02-26 15:45:00,0.5778712859780624
2023-02-26 19:45:00,0.5765771845782385
2023-02-26 23:45:00,0.5751953865212597
2023-02-27 03:45:00,0.5736883715916646
2023-02-27 07:45:00,0.5720615521462427
2023-02-27 11:45:00,0.5703874390856819
2023-02-27 15:45:00,0.5686756669091679
2023-02-27 19:45:00,0.5669159831850511
2023-02-27 23:45:00,0.565086351110146
2023-02-28 03:45:00,0.563172032399144
2023-02-28 07:45:00,0.5611573219142053
2023-02-28 11:45:00,0.559071396202135
2023-02-28 15:45:00,0.5569526412845873
2023-02-28 19:45:00,0.5548073412810716
2023-02-28 23:45:00,0.552637494210358
2023-03-01 03:45:00,0.5504510508859578
2023-03-01 07:45:00,0.5482617753147855
2023-03-01 11:45:00,0.5460621894863116
2023-03-01 15:45:00,0.5439524066890786
2023-03-01 19:45:00,0.5418129614177718
2023-03-01 23:45:00,0.5397257601750985
2023-03-02 03:45:00,0.537651628456119
2023-03-02 07:45:00,0.5355878228498225
2023-03-02 11:45:00,0.5335702495347365
2023-03-02 15:45:00,0.5316744831035585
2023-03-02 19:45:00,0.5298080686556632
2023-03-02 23:45:00,0.527953551584598
2023-03-03 03:45:00,0.5261789933472895
2023-03-03 07:45:00,0.5245338798530551
2023-03-03 11:45:00,0.5230103428330104
2023-03-03 15:45:00,0.5216514637962465
2023-03-03 19:45:00,0.5203623601526048
2023-03-03 23:45:00,0.5191446406940384
2023-03-04 03:45:00,0.5180169094507694
2023-03-04 07:45:00,0.5169104110296527
2023-03-04 11:45:00,0.5158160904994903
2023-03-04 15:45:00,0.5151006619232253
2023-03-04 19:45:00,0.5143815546639998
2023-03-04 23:45:00,0.5132588269885316
2023-03-05 03:45:00,0.5120692942332323
2023-03-05 07:45:00,0.5107798324899374
2023-03-05 11:45:00,0.5094328004600343
2023-03-05 15:45:00,0.5080577139596284
2023-03-05 19:45:00,0.5065396634185226
2023-03-05 23:45:00,0.504981768747504
2023-03-06 03:45:00,0.5034406989215685
2023-03-06 07:45:00,0.5018124987320771
2023-03-06 11:45:00,0.5001066377109538
2023-03-06 15:45:00,0.49842554351397145
2023-03-06 19:45:00,0.49677848403381375
2023-03-06 23:45:00,0.4952185229629833
2023-03-07 03:45:00,0.49383508550386546
2023-03-07 07:45:00,0.4925740309118761
2023-03-07 11:45:00,0.491414038190331
2023-03-07 15:45:00,0.49038653966314466
2023-03-07 19:45:00,0.48945003400912546
2023-03-07 23:45:00,0.48865220084254424
2023-03-08 03:45:00,0.4880194476650946
2023-03-08 07:45:00,0.4875444241427764
2023-03-08 11:45:00,0.4871941979335625
2023-03-08 15:45:00,0.4869214066700924
2023-03-08 19:45:00,0.4866734032951
2023-03-08 23:45:00,0.48649563417651315
2023-03-09 03:45:00,0.4863414836617121
2023-03-09 07:45:00,0.4862243834717847
2023-03-09 11:45:00,0.4861522865788828
2023-03-09 15:45:00,0.48609183390617006
2023-03-09 19:45:00,0.48602743408438737
2023-03-09 23:45:00,0.48597749932125633
2023-03-10 03:45:00,0.48675624590268096
2023-03-10 07:45:00,0.4875333896531055
2023-03-10 11:45:00,0.4883168615605163
2023-03-10 15:45:00,0.48847352060912086
2023-03-10 19:45:00,0.4886656662280787
2023-03-10 23:45:00,0.48890957102318766
2023-03-11 03:45:00,0.4892227028248143
2023-03-11 07:45:00,0.48963510648837816
2023-03-11 11:45:00,0.490167001943462
2023-03-11 15:45:00,0.49077107474801207
2023-03-11 19:45:00,0.49139602751867906
2023-03-11 23:45:00,0.49211261441573595
2023-03-12 03:45:00,0.4929372414473391
2023-03-12 07:45:00,0.4938568535926007
2023-03-12 11:45:00,0.4948960866731028
2023-03-12 15:45:00,0.49600441793169353
2023-03-12 19:45:00,0.4970803548853643
2023-03-12 23:45:00,0.49822541333612325
2023-03-13 03:45:00,0.4994616394138953
2023-03-13 07:45:00,0.5007422668008489
2023-03-13 11:45:00,0.5020714234692951
2023-03-13 15:45:00,0.5034531095926645
2023-03-13 19:45:00,0.5047827562200947
2023-03-13 23:45:00,0.5061976629018059
2023-03-14 03:45:00,0.5076911438593598
2023-03-14 07:45:00,0.5092714907682128
2023-03-14 11:45:00,0.510863415875352
2023-03-14 15:45:00,0.512454612576067
2023-03-14 19:45:00,0.5140836266746911
2023-03-14 23:45:00,0.5158113815140742
2023-03-15 03:45:00,0.5176016667112161
2023-03-15 07:45:00,0.5194684286596598
2023-03-15 11:45:00,0.5213756718956619
2023-03-15 15:45:00,0.5233350559056391
2023-03-15 19:45:00,0.525373821629901
2023-03-15 23:45:00,0.5274818411024116
2023-03-16 03:45:00,0.529632614747463
2023-03-16 07:45:00,0.5318094676015904
2023-03-16 11:45:00,0.5340008071684422
2023-03-16 15:45:00,0.5361698946526182
2023-03-16 19:45:00,0.5384292337414398
2023-03-16 23:45:00,0.5407387279876423
2023-03-17 03:45:00,0.5431526603668095
2023-03-17 07:45:00,0.5456563334546661
2023-03-17 11:45:00,0.5482022093213899
2023-03-17 15:45:00,0.5507649598108484
2023-03-17 19:45:00,0.5533964209500598
2023-03-17 23:45:00,0.5560585475096407
2023-03-18 03:45:00,0.5587487772452513
2023-03-18 07:45:00,0.5614438207400292
2023-03-18 11:45:00,0.564143428483299
2023-03-18 15:45:00,0.5668122593855397
2023-03-18 19:45:00,0.5694693872705826
2023-03-18 23:45:00,0.5720937110252382
2023-03-19 03:45:00,0.5746959206397133
2023-03-19 07:45:00,0.5773455355948618
2023-03-19 11:45:00,0.5800316060176406
2023-03-19 15:45:00,0.5827390039651198
2023-03-19 19:45:00,0.5854768494365714
2023-03-19 23:45:00,0.5881928039244537
2023-03-20 03:45:00,0.5908894699346785
2023-03-20 07:45:00,0.5936548395939523
2023-03-20 11:45:00,0.5964745419604851
2023-03-20 15:45:00,0.5993171961890247
2023-03-20 19:45:00,0.6021768126910318
2023-03-20 23:45:00,0.6049818746292207
2023-03-21 03:45:00,0.6076873407138299
2023-03-21 07:45:00,0.6103946514248613
2023-03-21 11:45:00,0.6130994632536642
2023-03-21 15:45:00,0.6157391213016518
2023-03-21 19:45:00,0.618284652129005
2023-03-21 23:45:00,0.6207070566269122
2023-03-22 03:45:00,0.6229345208725123
2023-03-22 07:45:00,0.6249934784040329
2023-03-22 11:45:00,0.6269258460085595
2023-03-22 15:45:00,0.6286916049067045
2023-03-22 19:45:00,0.630312676987556
2023-03-22 23:45:00,0.6317573535964438
2023-03-23 03:45:00,0.6330581957389858
2023-03-23 07:45:00,0.6342161245582068
2023-03-23 11:45:00,0.635199770337573
2023-03-23 15:45:00,0.636056692120604
2023-03-23 19:45:00,0.6368366373344465
2023-03-23 23:45:00,0.6375136615772699
2023-03-24 03:45:00,0.6381051912222262
2023-03-24 07:45:00,0.6386467026540761
2023-03-24 11:45:00,0.6391013925930118
2023-03-24 15:45:00,0.6394881849807657
2023-03-24 19:45:00,0.6398436032644212
2023-03-24 23:45:00,0.6401312827401812
2023-03-25 03:45:00,0.6403790788621329
2023-03-25 07:45:00,0.6405966618054082
2023-03-25 11:45:00,0.6407488714172824
2023-03-25 15:45:00,0.6408070970225499
2023-03-25 19:45:00,0.6408191588206569
2023-03-25 23:45:00,0.6407540018650212
2023-03-26 03:45:00,0.6405560739448137
2023-03-26 07:45:00,0.6402381057937143
2023-03-26 11:45:00,0.6398035292399133
2023-03-26 15:45:00,0.6392632141685979
2023-03-26 19:45:00,0.6386818615099126
2023-03-26 23:45:00,0.6379727616446934
2023-03-27 03:45:00,0.6371198982181436
2023-03-27 07:45:00,0.6361796486558917
2023-03-27 11:45:00,0.6351796081311136
2023-03-27 15:45:00,0.634167361224788
2023-03-27 19:45:00,0.6332138140659309
2023-03-27 23:45:00,0.6321957470448537
2023-03-28 03:45:00,0.6311103500502412
2023-03-28 07:45:00,0.6300051958451585
2023-03-28 11:45:00,0.62892626204303
2023-03-28 15:45:00,0.6278857149201634
2023-03-28 19:45:00,0.6269348884979922
2023-03-28 23:45:00,0.6259214711940193
2023-03-29 03:45:00,0.6248580088955349
2023-03-29 07:45:00,0.6237516540673855
2023-03-29 11:45:00,0.6226350477905993
2023-03-29 15:45:00,0.6215197133129043
2023-03-29 19:45:00,0.6203529258116894
2023-03-29 23:45:00,0.6190756022591577
2023-03-30 03:45:00,0.6177005415649142
2023-03-30 07:45:00,0.6162113020156774
2023-03-30 11:45:00,0.6146576785864521
2023-03-30 15:45:00,0.6130211107240939
2023-03-30 19:45:00,0.6112372706117067
2023-03-30 23:45:00,0.6093256055012178
2023-03-31 03:45:00,0.6072942755498137
2023-03-31 07:45:00,0.6051270180905941
2023-03-31 11:45:00,0.6028901071373455
2023-03-31 15:45:00,0.6006093255624467
2023-03-31 19:45:00,0.5982423742843553
2023-03-31 23:45:00,0.5958121452066805
2023-04-01 03:45:00,0.5933165883739399
2023-04-01 07:45:00,0.5907074107809559
2023-04-01 11:45:00,0.5880447434505458
2023-04-01 15:45:00,0.585343324901068
2023-04-01 19:45:00,0.582612686797856
2023-04-01 23:45:00,0.57992164358519
2023-04-02 03:45:00,0.5772213771618937
2023-04-02 07:45:00,0.5745213445403793
2023-04-02 11:45:00,0.571783113053796
2023-04-02 15:45:00,0.5690265327127846
2023-04-02 19:45:00,0.5662829205039026
2023-04-02 23:45:00,0.5636028460066247
2023-04-03 03:45:00,0.5609258602278517
2023-04-03 07:45:00,0.5581928502836631
2023-04-03 11:45:00,0.5554494859835937
2023-04-03 15:45:00,0.5526921510419022
2023-04-03 19:45:00,0.5499341739772858
2023-04-03 23:45:00,0.5472359289935587
2023-04-04 03:45:00,0.5445828175456787
2023-04-04 07:45:00,0.5419021820900971
2023-04-04 11:45:00,0.5392016935850303
2023-04-04 15:45:00,0.536465960747764
2023-04-04 19:45:00,0.5337298364257793
2023-04-04 23:45:00,0.5310768345064061
2023-04-05 03:45:00,0.5285221491877876
2023-04-05 07:45:00,0.5260239770315256
2023-04-05 11:45:00,0.5236022516428497
2023-04-05 15:45:00,0.5212283014316511
2023-04-05 19:45:00,0.5189438768281679
2023-04-05 23:45:00,0.5167658190424417
2023-04-06 03:45:00,0.514766328093296
2023-04-06 07:45:00,0.5129201776863074
2023-04-06 11:45:00,0.5112131998484253
2023-04-06 15:45:00,0.5096296893381512
2023-04-06 19:45:00,0.5081558528954039
2023-04-06 23:45:00,0.5068609585866072
2023-04-07 03:45:00,0.5056652020147452
2023-04-07 07:45:00,0.5045618352589619
2023-04-07 11:45:00,0.5035742041757232
2023-04-07 15:45:00,0.5026281707539271
2023-04-07 19:45:00,0.5017107251872853
2023-04-07 23:45:00,0.5008473714823877
2023-04-08 03:45:00,0.5000485386496936
2023-04-08 07:45:00,0.4992724866663539
2023-04-08 11:45:00,0.4985223973941457
2023-04-08 15:45:00,0.4977536651025642
2023-04-08 19:45:00,0.4969731149082738
2023-04-08 23:45:00,0.49624011251746203
2023-04-09 03:45:00,0.4955066652700542
2023-04-09 07:45:00,0.49475966119832443
2023-04-09 11:45:00,0.4940200883062751
2023-04-09 15:45:00,0.4932977667067982
2023-04-09 19:45:00,0.4925795863423899
2023-04-09 23:45:00,0.49191353716624603
2023-04-10 03:45:00,0.4913070782139297
2023-04-10 07:45:00,0.490728293008058
2023-04-10 11:45:00,0.4901651634527987
2023-04-10 15:45:00,0.4896242358684116
2023-04-10 19:45:00,0.48907019288910003
2023-04-10 23:45:00,0.48856999685740277
2023-04-11 03:45:00,0.48810492597309113
2023-04-11 07:45:00,0.4876272117731838
2023-04-11 11:45:00,0.487140901606359
2023-04-11 15:45:00,0.4866344081996752
2023-04-11 19:45:00,0.4861035774759584
2023-04-11 23:45:00,0.48562016226330895
2023-04-12 03:45:00,0.4851681390663865
2023-04-12 07:45:00,0.4847183274034707
2023-04-12 11:45:00,0.4842540912982041
2023-04-12 15:45:00,0.4838116041691965
2023-04-12 19:45:00,0.4833599883214904
2023-04-12 23:45:00,0.4830054352928008
2023-04-13 03:45:00,0.482764921543399
2023-04-13 07:45:00,0.48262144627784564
2023-04-13 15:45:00,0.48227881403458683
2023-04-13 19:45:00,0.4825069369857416
2023-04-13 23:45:00,0.48287511513537573
2023-04-14 03:45:00,0.4833859854898202
2023-04-14 07:45:00,0.48406293194169897
2023-04-14 11:45:00,0.48485964764062217
2023-04-14 15:45:00,0.4857764624895854
2023-04-14 19:45:00,0.48682472788938635
2023-04-14 23:45:00,0.487941258593275
2023-04-15 03:45:00,0.48914214373618775
2023-04-15 07:45:00,0.49050582665442377
2023-04-15 11:45:00,0.4919653376395156
2023-04-15 15:45:00,0.4934814423480132
2023-04-15 19:45:00,0.49501621306245913
2023-04-15 23:45:00,0.49655531877440473
2023-04-16 03:45:00,0.49809950236063494
2023-04-16 07:45:00,0.49974511156132173
2023-04-16 11:45:00,0.5014355920058324
2023-04-16 15:45:00,0.5031439472167272
2023-04-16 19:45:00,0.5048221337723567
2023-04-16 23:45:00,0.5064681104418902
2023-04-17 03:45:00,0.5081246597268483
2023-04-17 07:45:00,0.5097835157056854
2023-04-17 11:45:00,0.5114845593715829
2023-04-17 15:45:00,0.5132453924989572
2023-04-17 19:45:00,0.5149591454975081
2023-04-17 23:45:00,0.5166052808159045
2023-04-18 03:45:00,0.5182563554062938
2023-04-18 07:45:00,0.5199604255219259
2023-04-18 11:45:00,0.5216644501152226
2023-04-18 15:45:00,0.5234095478686844
2023-04-18 19:45:00,0.5251931063582935
2023-04-18 23:45:00,0.526969950348571
2023-04-19 03:45:00,0.5287333677517358
2023-04-19 07:45:00,0.5305051595615058
2023-04-19 11:45:00,0.5322419610711546
2023-04-19 15:45:00,0.5339981061395394
2023-04-19 19:45:00,0.5357972122449718
2023-04-19 23:45:00,0.537590399258616
2023-04-20 03:45:00,0.5393606839010805
2023-04-20 07:45:00,0.5411074747336833
2023-04-20 11:45:00,0.5427723539777909
2023-04-20 15:45:00,0.5443977545047025
2023-04-20 19:45:00,0.5459747159489284
2023-04-20 23:45:00,0.5475091080983859
2023-04-21 03:45:00,0.5489793830258488
2023-04-21 07:45:00,0.5504261571220285
2023-04-21 11:45:00,0.5518216620689932
2023-04-21 15:45:00,0.5531760451917358
2023-04-21 19:45:00,0.5545025324719007
2023-04-21 23:45:00,0.5556970596154953
2023-04-22 03:45:00,0.5568987464379905
2023-04-22 11:45:00,0.5584572452961031
2023-04-22 15:45:00,0.5597969680628729
2023-04-22 19:45:00,0.5611627882779866
2023-04-22 23:45:00,0.5625144078303479
2023-04-23 03:45:00,0.5638607230400704
2023-04-23 07:45:00,0.5652631367880283
2023-04-23 11:45:00,0.5667260529764881
2023-04-23 15:45:00,0.5682814077408788
2023-04-23 19:45:00,0.5698689950796443
2023-04-23 23:45:00,0.5714264725978475
2023-04-24 03:45:00,0.5729951523222336
2023-04-24 11:45:00,0.5752634420946674
2023-04-24 15:45:00,0.5770091003243438
2023-04-24 19:45:00,0.5788084658307743
2023-04-24 23:45:00,0.5805663440022015
2023-04-25 03:45:00,0.5823434680549915
2023-04-25 11:45:00,0.585105066692857
2023-04-25 15:45:00,0.5871224297639976
2023-04-25 19:45:00,0.589250771041374
2023-04-25 23:45:00,0.5914317686379048
2023-04-26 03:45:00,0.5936714403263015
2023-04-26 07:45:00,0.5959695555623902
2023-04-26 11:45:00,0.5983012035385366
2023-04-26 15:45:00,0.6006910721362344
2023-04-26 19:45:00,0.6031136004015263
2023-04-26 23:45:00,0.60552441947136
2023-04-27 03:45:00,0.6079394749943131
2023-04-27 07:45:00,0.610350130634125
2023-04-27 11:45:00,0.6127527999826228
2023-04-27 15:45:00,0.6151098317260474
2023-04-27 19:45:00,0.6174072047052142
2023-04-27 23:45:00,0.6196353578855828
2023-04-28 03:45:00,0.6217867668381032
2023-04-28 07:45:00,0.6238405871315877
2023-04-28 15:45:00,0.6255141285398369
2023-04-28 19:45:00,0.6272649101800568
2023-04-28 23:45:00,0.6289196190918235
2023-04-29 03:45:00,0.6304850614160881
2023-04-29 07:45:00,0.6319653296881207
2023-04-29 15:45:00,0.6341676860499232
2023-04-29 19:45:00,0.6354923844444713
2023-04-29 23:45:00,0.6368821877248216
2023-04-30 03:45:00,0.6382986005985393
2023-04-30 07:45:00,0.6396470573236461
2023-04-30 11:45:00,0.6409640351469474
2023-04-30 15:45:00,0.6422492146408929
2023-04-30 19:45:00,0.6435849757242147
2023-04-30 23:45:00,0.644947752041982
2023-05-01 03:45:00,0.6462901648806328
2023-05-01 07:45:00,0.6475376781703658
2023-05-01 11:45:00,0.6487391516947285
2023-05-01 15:45:00,0.6498956917190779
2023-05-01 19:45:00,0.6510578677056523
2023-05-01 23:45:00,0.6521945284475035
2023-05-02 03:45:00,0.6532732177901267
2023-05-02 07:45:00,0.6542846940162512
2023-05-02 11:45:00,0.6552607188773676
2023-05-02 15:45:00,0.6561434314951667
2023-05-02 19:45:00,0.6570380921918357
2023-05-02 23:45:00,0.6579749274777703
2023-05-03 03:45:00,0.6588818997258905
2023-05-03 07:45:00,0.6597051044645709
2023-05-03 11:45:00,0.6605149844754086
2023-05-03 15:45:00,0.661253871407497
2023-05-03 19:45:00,0.661905894039377
2023-05-03 23:45:00,0.6625327760160293
2023-05-04 03:45:00,0.6631761198902897
2023-05-04 07:45:00,0.6638483079427436
2023-05-04 11:45:00,0.6646162846443937
2023-05-04 15:45:00,0.6653719706453686
2023-05-04 19:45:00,0.6660594724459166
2023-05-04 23:45:00,0.6667360731113845
2023-05-05 03:45:00,0.6674287277929221
2023-05-05 07:45:00,0.6681196119866967
2023-05-05 11:45:00,0.668872439666371
2023-05-05 15:45:00,0.6696433114460685
2023-05-05 19:45:00,0.6703961245956982
2023-05-05 23:45:00,0.6711760478795752
2023-05-06 03:45:00,0.6719278850119849
2023-05-06 07:45:00,0.6726086483069027
2023-05-06 11:45:00,0.67321832078815
2023-05-06 15:45:00,0.6737498158770157
2023-05-06 19:45:00,0.6742275752082836
2023-05-06 23:45:00,0.6747742435698488
2023-05-07 03:45:00,0.6752390656914615
2023-05-07 07:45:00,0.6750507599943911
2023-05-07 11:45:00,0.6753153398084435
2023-05-07 15:45:00,0.6754922275779203
2023-05-07 19:45:00,0.6756363400542609
2023-05-07 23:45:00,0.6757819929197807
2023-05-08 03:45:00,0.6759222607584592
2023-05-08 07:45:00,0.6760349927258387
2023-05-08 11:45:00,0.6761093641831348
2023-05-08 15:45:00,0.6761405814892385
2023-05-08 19:45:00,0.6762033014064416
2023-05-08 23:45:00,0.6763275462839726
2023-05-09 03:45:00,0.6765118553007271
2023-05-09 07:45:00,0.6763833028335473
2023-05-09 11:45:00,0.6765908951453914
2023-05-09 15:45:00,0.6767859338031867
2023-05-09 19:45:00,0.6769958693274374
2023-05-09 23:45:00,0.6773094069085525
2023-05-10 03:45:00,0.6776565490678933
2023-05-10 11:45:00,0.6778871330748647
2023-05-10 15:45:00,0.6782182063420921
2023-05-10 19:45:00,0.6784849104519795
2023-05-10 23:45:00,0.6787366961573226
2023-05-11 03:45:00,0.6790187721479451
2023-05-11 07:45:00,0.6793297598460883
2023-05-11 11:45:00,0.6796951844250996
2023-05-11 15:45:00,0.6800492021800824
2023-05-11 19:45:00,0.680379393244537
2023-05-11 23:45:00,0.6807035445958081
2023-05-12 03:45:00,0.6810710196889576
2023-05-12 07:45:00,0.681489009035555
2023-05-12 11:45:00,0.6819762512544472
2023-05-12 15:45:00,0.682487407457399
2023-05-12 19:45:00,0.6830047662349314
2023-05-12 23:45:00,0.6834987617807404
2023-05-13 03:45:00,0.6840047752588432
2023-05-13 11:45:00,0.6844674812757308
2023-05-13 15:45:00,0.685153530419313
2023-05-13 19:45:00,0.6858409615115764
2023-05-13 23:45:00,0.6865424113017896
2023-05-14 03:45:00,0.6872821833509457
2023-05-14 07:45:00,0.6880629201531859
2023-05-14 11:45:00,0.6886757464977338
2023-05-14 15:45:00,0.6895650902995579
2023-05-14 19:45:00,0.6904709007818213
2023-05-14 23:45:00,0.6913289271023049
2023-05-15 03:45:00,0.6921780677213154
2023-05-15 07:45:00,0.6931113508536548
2023-05-15 11:45:00,0.6941055524034315
2023-05-15 15:45:00,0.695165469887957
2023-05-15 19:45:00,0.6962422656381344
2023-05-15 23:45:00,0.6973357655138606
2023-05-16 03:45:00,0.6984456116048274
2023-05-16 07:45:00,0.699633182752021
2023-05-16 11:45:00,0.7008675765397434
2023-05-16 15:45:00,0.7021326233680056
2023-05-16 19:45:00,0.7034122298302741
2023-05-16 23:45:00,0.7046929799887447
2023-05-17 03:45:00,0.7059968036895705
2023-05-17 07:45:00,0.7073369625963186
2023-05-17 11:45:00,0.7086749127441897
2023-05-17 15:45:00,0.7100520002564714
2023-05-17 19:45:00,0.7114568343131793
2023-05-17 23:45:00,0.7128326283492274
2023-05-18 03:45:00,0.7142263190764917
2023-05-18 07:45:00,0.7156838573812327
2023-05-18 11:45:00,0.7171518255507439
2023-05-18 15:45:00,0.7186687833833829
2023-05-18 19:45:00,0.7202292338563585
2023-05-18 23:45:00,0.7217730237291426
2023-05-19 03:45:00,0.7233109308703076
2023-05-19 07:45:00,0.7248362807981019
2023-05-19 11:45:00,0.7262937189177847
2023-05-19 15:45:00,0.7277781706559766
2023-05-19 19:45:00,0.7293301975317323
2023-05-19 23:45:00,0.7308432190744854
2023-05-20 03:45:00,0.7323162305275499
2023-05-20 07:45:00,0.733825690374289
2023-05-20 11:45:00,0.7353381428382284
2023-05-20 15:45:00,0.73690870885845
2023-05-20 19:45:00,0.7385353171808857
2023-05-20 23:45:00,0.7401479561064892
2023-05-21 03:45:00,0.7418021847453462
2023-05-21 07:45:00,0.7435741936656949
2023-05-21 11:45:00,0.7454944953768807
2023-05-21 15:45:00,0.7475497833634819
2023-05-21 19:45:00,0.7496749007186336
2023-05-21 23:45:00,0.7517510243677261
2023-05-22 03:45:00,0.7538585098699251
2023-05-22 07:45:00,0.7560459518489212
2023-05-22 11:45:00,0.7583049551060534
2023-05-22 15:45:00,0.7606433340921042
2023-05-22 19:45:00,0.7630144159596812
2023-05-22 23:45:00,0.7653593762111806
2023-05-23 03:45:00,0.7676684921143763
2023-05-23 07:45:00,0.7699193876928543
2023-05-23 11:45:00,0.7721367848796774
2023-05-23 15:45:00,0.7743465889883201
2023-05-23 19:45:00,0.7764820139710585
2023-05-23 23:45:00,0.7785153850442729
2023-05-24 03:45:00,0.780451751011715
2023-05-24 07:45:00,0.7823422108063642
2023-05-24 11:45:00,0.7841604449039046
2023-05-24 15:45:00,0.7859462526252625
2023-05-24 19:45:00,0.7876464995616106
2023-05-24 23:45:00,0.7892048736038191
2023-05-25 03:45:00,0.7906941725875367
2023-05-25 07:45:00,0.790938884170101
2023-05-25 11:45:00,0.7923334104998878
2023-05-25 15:45:00,0.7937520159700927
2023-05-25 19:45:00,0.7951623260866856
2023-05-25 23:45:00,0.7965311663692883
2023-05-26 03:45:00,0.7978229921151935
2023-05-26 11:45:00,0.7999597163568675
2023-05-26 15:45:00,0.8011164970096442
2023-05-26 19:45:00,0.8022581623663219
2023-05-26 23:45:00,0.8034050821997802
2023-05-27 03:45:00,0.8044669458760723
2023-05-27 07:45:00,0.8054522047739465
2023-05-27 11:45:00,0.8063637275558804
2023-05-27 15:45:00,0.8072634243618628
2023-05-27 19:45:00,0.8082018243633802
2023-05-27 23:45:00,0.8091867553412035
2023-05-28 03:45:00,0.8101324679417062
2023-05-28 07:45:00,0.8100364446678403
2023-05-28 11:45:00,0.8108544799643227
2023-05-28 15:45:00,0.8115981988187042
2023-05-28 19:45:00,0.8123222652089093
2023-05-28 23:45:00,0.8130288511471626
2023-05-29 03:45:00,0.813689796096474
2023-05-29 07:45:00,0.8142951846646493
2023-05-29 11:45:00,0.814842097740253
2023-05-29 15:45:00,0.8152821765035068
2023-05-29 19:45:00,0.815701189093176
2023-05-29 23:45:00,0.8161100518951657
2023-05-30 03:45:00,0.8164920749230776
2023-05-30 07:45:00,0.8167900061056697
2023-05-30 11:45:00,0.8170147542375708
2023-05-30 15:45:00,0.8171634961240051
2023-05-30 19:45:00,0.8172741987659591
2023-05-30 23:45:00,0.8173807016297936
2023-05-31 03:45:00,0.8175141009276725
2023-05-31 07:45:00,0.8176103378139787
2023-05-31 11:45:00,0.8176675880178217
2023-05-31 15:45:00,0.8176867534793134
2023-05-31 19:45:00,0.8176748983129035
2023-05-31 23:45:00,0.8176657190198662
2023-06-01 03:45:00,0.8176379760815051
2023-06-01 23:45:00,0.818076481838192
2023-06-02 03:45:00,0.817852118894054
2023-06-02 07:45:00,0.8175514661373047
2023-06-02 11:45:00,0.8172211722029097
2023-06-02 15:45:00,0.8168051815865283
2023-06-02 19:45:00,0.8163242535011119
2023-06-02 23:45:00,0.8158064990715895
2023-06-03 03:45:00,0.8152325846398667
2023-06-03 07:45:00,0.8145817521752283
2023-06-03 11:45:00,0.813904775163349
2023-06-03 15:45:00,0.8131556428966582
2023-06-03 19:45:00,0.8122885875977497
2023-06-03 23:45:00,0.8113832194741979
2023-06-04 03:45:00,0.8104524566185931
2023-06-04 07:45:00,0.8093989273213604
2023-06-04 11:45:00,0.8082487310605118
2023-06-04 15:45:00,0.8069979030360326
2023-06-04 19:45:00,0.8056749427120028
2023-06-04 23:45:00,0.8042916531658031
2023-06-05 03:45:00,0.8028315185977122
2023-06-05 07:45:00,0.801212408991478
2023-06-05 11:45:00,0.7993982551365333
2023-06-05 15:45:00,0.7974431916803639
2023-06-05 19:45:00,0.7954150518860708
2023-06-05 23:45:00,0.7933896986982867
2023-06-06 07:45:00,0.7904184399825048
2023-06-06 11:45:00,0.7881659082620647
2023-06-06 15:45:00,0.7857788848247027
2023-06-06 19:45:00,0.7833027521766379
2023-06-06 23:45:00,0.7808044432223771
2023-06-07 03:45:00,0.7783124451081733
2023-06-07 07:45:00,0.7758726237781918
2023-06-07 11:45:00,0.7735011354520311
2023-06-07 15:45:00,0.7711069033063276
2023-06-07 19:45:00,0.7687432012693337
2023-06-07 23:45:00,0.7664646346982591
2023-06-08 03:45:00,0.7642634268611888
2023-06-08 07:45:00,0.7621296498573766
2023-06-08 11:45:00,0.7601047288084442
2023-06-08 15:45:00,0.7581123308709
2023-06-08 19:45:00,0.7561960683565785
2023-06-08 23:45:00,0.7543835174419392
2023-06-09 03:45:00,0.7526346178676886
2023-06-09 07:45:00,0.7509294414673712
2023-06-09 11:45:00,0.7492341455201758
2023-06-09 15:45:00,0.7474919841229819
2023-06-09 19:45:00,0.7457567021077004
2023-06-09 23:45:00,0.7440476877534934
2023-06-10 03:45:00,0.7423675613537697
2023-06-10 07:45:00,0.7415410333216352
2023-06-10 11:45:00,0.7399350096218333
2023-06-10 15:45:00,0.7383579839283072
2023-06-10 19:45:00,0.7368170537357801
2023-06-10 23:45:00,0.7352714069716313
2023-06-11 03:45:00,0.7337795871013928
2023-06-11 07:45:00,0.732372513759767
2023-06-11 11:45:00,0.730996900490603
2023-06-11 15:45:00,0.7296135001638824
2023-06-11 19:45:00,0.7282701667071668
2023-06-11 23:45:00,0.726915053198459
2023-06-12 03:45:00,0.725610917924276
2023-06-12 07:45:00,0.7243646555885586
2023-06-12 11:45:00,0.7231536936376415
2023-06-12 15:45:00,0.7219727359405613
2023-06-12 19:45:00,0.7208319603097852
2023-06-12 23:45:00,0.7197119563581371
2023-06-13 03:45:00,0.7185937125343795
2023-06-13 07:45:00,0.7174952778972297
2023-06-13 11:45:00,0.7163619103280234
2023-06-13 15:45:00,0.715291052856107
2023-06-13 19:45:00,0.7142054407096374
2023-06-13 23:45:00,0.7130850284642464
2023-06-14 03:45:00,0.7119444553552138
2023-06-14 07:45:00,0.7107717099446949
2023-06-14 11:45:00,0.7095608618844493
2023-06-14 15:45:00,0.7082887278353069
2023-06-14 19:45:00,0.7069493702101559
2023-06-14 23:45:00,0.7055396988717696
2023-06-15 03:45:00,0.7040588333969631
2023-06-15 07:45:00,0.7025442198121314
2023-06-22 03:45:00,0.6782457584306637
2023-06-22 07:45:00,0.6786825663613161
2023-06-22 11:45:00,0.6790719472499958
2023-06-22 15:45:00,0.6796007355577585
2023-06-22 19:45:00,0.6802349432436086
2023-06-22 23:45:00,0.6808613828052258
2023-06-23 03:45:00,0.6814854149358227
2023-06-23 07:45:00,0.6820473918658045
2023-06-23 11:45:00,0.6824917953050347
2023-06-23 15:45:00,0.6829866993594809
2023-06-23 19:45:00,0.6835255017764188
2023-06-23 23:45:00,0.6840620356357381
2023-06-24 03:45:00,0.6846109935897324
2023-06-24 07:45:00,0.6851407134485712
2023-06-24 11:45:00,0.6857172423482059
2023-06-24 15:45:00,0.6863762723188871
2023-06-24 19:45:00,0.687123781647915
2023-06-24 23:45:00,0.6879384549466311
2023-06-25 03:45:00,0.688810859340423
2023-06-25 07:45:00,0.6897117799881661
2023-06-25 11:45:00,0.6906701202123877
2023-06-25 15:45:00,0.6916976391876825
2023-06-25 19:45:00,0.6927554803624681
2023-06-25 23:45:00,0.6938917163115359
2023-06-26 03:45:00,0.6951009174160174
2023-06-26 07:45:00,0.6962287519336798
2023-06-26 11:45:00,0.6973077447428572
2023-06-26 15:45:00,0.6983745933983004
2023-06-26 19:45:00,0.6993392755706231
2023-06-26 23:45:00,0.7003423920738365
2023-06-27 03:45:00,0.7013387098158806
2023-06-27 07:45:00,0.7022752363984143
2023-06-27 11:45:00,0.703129948752369
2023-06-27 15:45:00,0.7039295288802804
2023-06-27 19:45:00,0.7047016643835804
2023-06-27 23:45:00,0.7055136254624303
2023-06-28 03:45:00,0.7063861435529917
2023-06-28 07:45:00,0.7072904089997047
2023-06-28 11:45:00,0.7081985746094825
2023-06-28 15:45:00,0.7090141921894357
2023-06-28 19:45:00,0.7098009254768015
2023-06-28 23:45:00,0.7106777704798937
2023-06-29 03:45:00,0.7115592875583238
2023-06-29 07:45:00,0.7124721582724309
2023-06-29 11:45:00,0.713399134439112
2023-06-29 15:45:00,0.7143911663949571
2023-06-29 19:45:00,0.7154340946779955
2023-06-29 23:45:00,0.7165198254669201
2023-06-30 03:45:00,0.7175905464500518
2023-06-30 07:45:00,0.7186497310688199
2023-06-30 11:45:00,0.7184994465625932
2023-06-30 15:45:00,0.718325911792879
2023-06-30 19:45:00,0.7181259928313307
2023-06-30 23:45:00,0.7178934117688489
2023-07-01 03:45:00,0.7176262406147982
2023-07-01 07:45:00,0.7173241065599212
2023-07-01 11:45:00,0.7169853500407788
2023-07-01 15:45:00,0.7166124897260965
2023-07-01 19:45:00,0.7162328043052167
2023-07-01 23:45:00,0.7158289855292728
2023-07-02 03:45:00,0.7154126738752475
2023-07-02 07:45:00,0.7150181025187003
2023-07-02 11:45:00,0.7146508193752676
2023-07-02 15:45:00,0.7142733707104303
2023-07-02 19:45:00,0.7139181590176154
2023-07-02 23:45:00,0.7136190674294456
2023-07-03 03:45:00,0.7133522704123434
2023-07-03 07:45:00,0.7131328700041306
2023-07-03 11:45:00,0.7129788432998363
2023-07-03 15:45:00,0.7128261239887939
2023-07-03 19:45:00,0.7127167779411154
2023-07-03 23:45:00,0.7126983511970244
2023-07-04 03:45:00,0.7127522196302644
2023-07-04 07:45:00,0.712908831311807
2023-07-04 11:45:00,0.7131394529140345
2023-07-04 15:45:00,0.7133854175419403
2023-07-04 19:45:00,0.7136566424507029
2023-07-04 23:45:00,0.714013577001954
2023-07-05 03:45:00,0.7144403319800907
2023-07-05 07:45:00,0.7149526092846825
2023-07-05 11:45:00,0.7154982198911681
2023-07-05 15:45:00,0.7160240535397884
2023-07-05 19:45:00,0.7165617287293597
2023-07-05 23:45:00,0.7171634317748302
2023-07-06 03:45:00,0.7178169628365686
2023-07-06 07:45:00,0.7185512893168332
2023-07-06 11:45:00,0.7193214080598271
2023-07-07 19:45:00,0.7227299833396703
2023-07-07 23:45:00,0.7245477513890224
2023-07-08 03:45:00,0.7264062135646847
2023-07-08 07:45:00,0.7283204302111861
2023-07-08 11:45:00,0.7302546809196654
2023-07-08 15:45:00,0.7321454402019192
2023-07-08 19:45:00,0.7339901352499905
2023-07-08 23:45:00,0.7358021203488576
2023-07-09 03:45:00,0.7375791114474824
2023-07-09 07:45:00,0.7393720360221399
2023-07-09 11:45:00,0.741102635445259
2023-07-09 15:45:00,0.7427983120685313
2023-07-09 19:45:00,0.7444623272254706
2023-07-09 23:45:00,0.7460533382697263
2023-07-10 03:45:00,0.747601332267241
2023-07-10 07:45:00,0.7491441551316634
2023-07-10 11:45:00,0.7505825959196075
2023-07-10 15:45:00,0.7519293577009483
2023-07-10 19:45:00,0.7532588907687067
2023-07-10 23:45:00,0.7545196296031353
2023-07-11 03:45:00,0.7557006085661513
2023-07-11 07:45:00,0.7569373966395769
2023-07-11 11:45:00,0.7581990420904088
2023-07-11 15:45:00,0.7594894928348828
2023-07-11 19:45:00,0.7608251857703913
2023-07-11 23:45:00,0.7621443289523563
2023-07-12 03:45:00,0.763449793507512
2023-07-12 07:45:00,0.7648074484354745
2023-07-12 11:45:00,0.7662523162576919
2023-07-12 15:45:00,0.7677856917781154
2023-07-12 19:45:00,0.7693617217293698
2023-07-12 23:45:00,0.7709389098666367
2023-07-13 03:45:00,0.7725211849445236
2023-07-13 07:45:00,0.774119073571409
2023-07-13 11:45:00,0.7758173881522206
2023-07-13 15:45:00,0.7776360710874084
2023-07-13 19:45:00,0.7795954128474444
2023-07-13 23:45:00,0.7816089137769462
2023-07-14 03:45:00,0.7837006355493135
2023-07-14 07:45:00,0.7858897405323071
2023-07-14 11:45:00,0.7881872631961908
2023-07-14 15:45:00,0.7905923775524064
2023-07-14 19:45:00,0.7931043794652687
2023-07-14 23:45:00,0.7957186865848864
2023-07-15 03:45:00,0.7984584768525675
2023-07-15 07:45:00,0.8012956532629323
2023-07-15 11:45:00,0.8042526596209236
2023-07-15 15:45:00,0.8072563946550592
2023-07-15 19:45:00,0.8103474077347408
2023-07-15 23:45:00,0.8135505844534509
2023-07-16 03:45:00,0.8168330203312153
2023-07-16 07:45:00,0.8201983956466945
2023-07-16 11:45:00,0.8236505597747188
2023-07-16 15:45:00,0.8271688641781987
2023-07-16 19:45:00,0.8307389031549915
2023-07-16 23:45:00,0.8343923097051886
2023-07-17 03:45:00,0.8381237972268638
2023-07-17 07:45:00,0.8418872092700844
2023-07-17 11:45:00,0.8456712425376771
2023-07-17 15:45:00,0.8495090364907432
2023-07-17 19:45:00,0.8533823428807084
2023-07-17 23:45:00,0.8572596805572208
2023-07-18 03:45:00,0.8611525397109013
2023-07-18 07:45:00,0.8650268618779138
2023-07-18 11:45:00,0.8688644948818445
2023-07-18 15:45:00,0.8727415540065818
2023-07-18 19:45:00,0.8765927284853237
2023-07-18 23:45:00,0.8803251220790638
2023-07-19 03:45:00,0.8839578613656754
2023-07-19 07:45:00,0.8874494692146533
2023-07-19 11:45:00,0.8908405723713302
2023-07-19 15:45:00,0.8942191987951804
2023-07-19 19:45:00,0.8975907974016613
2023-07-19 23:45:00,0.9008250250882981
2023-07-20 03:45:00,0.9039593448121885
2023-07-20 07:45:00,0.9069733592012481
2023-07-20 11:45:00,0.9099170721759766
2023-07-20 15:45:00,0.9128890925949249
2023-07-20 19:45:00,0.9158593344963702
2023-07-20 23:45:00,0.91872991050287
2023-07-21 03:45:00,0.9215232570647323
2023-07-21 07:45:00,0.9242267153527093
2023-07-21 11:45:00,0.9268847836575957
2023-07-21 15:45:00,0.9278451887547274
2023-07-21 19:45:00,0.9287964099314328
2023-07-21 23:45:00,0.9297115737363231
2023-07-22 03:45:00,0.9305891521039619
2023-07-22 07:45:00,0.9314480441821374
2023-07-22 11:45:00,0.9322674836154192
2023-07-27 07:45:00,0.9719410962917556
2023-07-27 11:45:00,0.9736520146097659
2023-07-27 15:45:00,0.97519982725676
2023-07-27 19:45:00,0.9765893890140029
2023-07-27 23:45:00,0.977893150216412
2023-07-28 03:45:00,0.9790886136406853
2023-07-28 07:45:00,0.9801704715496469
2023-07-28 11:45:00,0.9811057440518205
2023-07-28 15:45:00,0.9818620445800594
2023-07-28 19:45:00,0.9823340298652576
2023-07-28 23:45:00,0.9825958172621239
2023-07-29 03:45:00,0.9826558424429219
2023-07-29 07:45:00,0.9825567803456834
2023-07-29 11:45:00,0.9823165805429673
2023-07-29 15:45:00,0.9819241413247803
2023-07-29 19:45:00,0.9813478585766436
2023-07-29 23:45:00,0.9805419098136514
2023-07-30 03:45:00,0.9795376654880965
2023-07-30 07:45:00,0.9784314843450804
2023-07-30 11:45:00,0.9771605932581462
2023-07-30 15:45:00,0.9758201562504445
2023-07-30 19:45:00,0.9743580961578621
2023-07-30 23:45:00,0.9726963726394082
2023-07-31 03:45:00,0.9709369294736112
2023-07-31 07:45:00,0.9691458105063471
2023-07-31 11:45:00,0.9672557446993311
2023-07-31 15:45:00,0.9652817326118172
2023-07-31 19:45:00,0.9632722327591301
2023-07-31 23:45:00,0.9611685394489498
2023-08-01 03:45:00,0.9589469317716977
2023-08-01 07:45:00,0.9567049728347479
2023-08-01 11:45:00,0.9543860781126569
2023-08-01 15:45:00,0.9519904210258501
2023-08-01 19:45:00,0.9495514202944156
2023-08-01 23:45:00,0.9470752541588441
2023-08-02 03:45:00,0.9445534865302936
2023-08-02 07:45:00,0.9420571512059766
2023-08-02 11:45:00,0.9395464044276194
2023-08-02 15:45:00,0.9369568010816647
2023-08-02 19:45:00,0.9343854697223508
2023-08-02 23:45:00,0.931953014033055
2023-08-03 03:45:00,0.9296108714869658
2023-08-03 07:45:00,0.9273871702294837
2023-08-03 11:45:00,0.9252282535992857
2023-08-03 15:45:00,0.9230583691832749
2023-08-03 19:45:00,0.920862016392807
2023-08-03 23:45:00,0.9187647977127416
2023-08-04 03:45:00,0.9167135186692718
2023-08-04 07:45:00,0.9146686046091721
2023-08-04 11:45:00,0.912612578721596
2023-08-04 15:45:00,0.9104934578633522
2023-08-04 19:45:00,0.9083171263531762
2023-08-04 23:45:00,0.9061461704719016
2023-08-05 03:45:00,0.903922961891983
2023-08-05 07:45:00,0.9015801616520174
2023-08-05 11:45:00,0.8991476396526364
2023-08-05 15:45:00,0.896631325299748
2023-08-05 19:45:00,0.8940596751453196
2023-08-05 23:45:00,0.8914698041788766
2023-08-06 03:45:00,0.8888300673581799
2023-08-06 07:45:00,0.8860584620498851
2023-08-06 11:45:00,0.883268771344506
2023-08-06 15:45:00,0.8824532164161019
2023-08-06 19:45:00,0.8816637983084169
2023-08-06 23:45:00,0.880894284494774
2023-08-07 03:45:00,0.8801753144543307
2023-08-07 07:45:00,0.8794153808530174
2023-08-07 11:45:00,0.8786354267958685
2023-08-07 15:45:00,0.8778869728019099
2023-08-07 19:45:00,0.8771973826041659
2023-08-07 23:45:00,0.8765475874984676
2023-08-08 03:45:00,0.8759530489539721
2023-08-08 07:45:00,0.8753669145554341
2023-08-08 11:45:00,0.8747785795664296
2023-08-08 15:45:00,0.8741817270012657
2023-08-08 19:45:00,0.8735788478023667
2023-08-08 23:45:00,0.8729655308068907
2023-08-09 03:45:00,0.8723724052797998
2023-08-09 07:45:00,0.8717880286319339
2023-08-09 11:45:00,0.8711784501873991
2023-08-09 15:45:00,0.8705449183970579
2023-08-09 19:45:00,0.8698879457423272
2023-08-09 23:45:00,0.8692111990680924
2023-08-10 03:45:00,0.8685301227871394
2023-08-10 07:45:00,0.8678632449988537
2023-08-10 11:45:00,0.8671921407265907
2023-08-10 15:45:00,0.8665352228614351
2023-08-10 19:45:00,0.8658812159944904
2023-08-10 23:45:00,0.8652168100716977
2023-08-11 03:45:00,0.8645798586388782
2023-08-11 07:45:00,0.8629151304627184
2023-08-11 11:45:00,0.8612855231797927
2023-08-11 15:45:00,0.8597335991717746
2023-08-11 19:45:00,0.858277066268089
2023-08-11 23:45:00,0.8568692553826784
2023-08-12 03:45:00,0.8555301745481396
2023-08-12 07:45:00,0.8542610358923035
2023-08-12 11:45:00,0.8530280412092563
2023-08-12 15:45:00,0.851856362392158
2023-08-12 19:45:00,0.8508397942569119
2023-08-12 23:45:00,0.8499444190679304
2023-08-13 03:45:00,0.8491873306423355
2023-08-13 07:45:00,0.848462909820938
2023-08-13 11:45:00,0.847752483462183
2023-08-13 15:45:00,0.8470617283741675
2023-08-13 19:45:00,0.8464204897101737
2023-08-13 23:45:00,0.845870788093651
2023-08-14 03:45:00,0.8453971039095749
2023-08-14 07:45:00,0.8449171914603064
2023-08-14 11:45:00,0.8444816256278767
2023-08-14 15:45:00,0.8440379517647163
2023-08-14 19:45:00,0.8435814858751485
2023-08-14 23:45:00,0.8431491148219483
2023-08-15 03:45:00,0.8427076467920211
2023-08-15 07:45:00,0.8421765454322497
2023-08-15 11:45:00,0.8416389096600916
2023-08-15 15:45:00,0.8411334660168701
2023-08-15 19:45:00,0.8405847706088159
2023-08-16 03:45:00,0.8397291355939939
2023-08-16 07:45:00,0.8391182572970528
2023-08-16 11:45:00,0.8385211918280007
2023-08-16 15:45:00,0.8379611384296778
2023-08-16 19:45:00,0.8373634426473402
2023-08-16 23:45:00,0.8367206917245384
2023-08-17 03:45:00,0.8360820975069636
2023-08-17 07:45:00,0.8353845780720437
2023-08-17 11:45:00,0.8346533497729346
2023-08-17 15:45:00,0.8339460583740752
2023-08-17 19:45:00,0.8332003989448649
2023-08-17 23:45:00,0.8323295976770027
2023-08-18 03:45:00,0.8314258940684616
2023-08-18 07:45:00,0.8304606602485569
2023-08-18 11:45:00,0.8294613409483074
2023-08-18 15:45:00,0.8284686771561325
2023-08-18 19:45:00,0.8274457266807035
2023-08-18 23:45:00,0.8263507988121531
2023-08-19 03:45:00,0.8252326272855783
2023-08-19 07:45:00,0.8241147367316546
2023-08-19 11:45:00,0.8230045549228542
2023-08-19 15:45:00,0.8218986942206468
2023-08-19 19:45:00,0.8207966667625503
2023-08-19 23:45:00,0.819697154188026
2023-08-20 03:45:00,0.8186799777147804
2023-08-20 07:45:00,0.8177378840060084
2023-08-20 11:45:00,0.8168374068931165
2023-08-20 15:45:00,0.815986512946544
2023-08-20 19:45:00,0.8151583572035561
2023-08-20 23:45:00,0.8143534966905185
2023-08-21 03:45:00,0.8136103203015295
2023-08-21 07:45:00,0.8129621855851294
2023-08-21 11:45:00,0.8123323144394181
2023-08-21 15:45:00,0.8116761876644292
2023-08-21 19:45:00,0.8110018780380411
2023-08-21 23:45:00,0.81031293606662
2023-08-22 03:45:00,0.8095437708818769
2023-08-22 07:45:00,0.8087713022222617
2023-08-22 11:45:00,0.8079772920931602
2023-08-22 15:45:00,0.8071136645233541
2023-08-22 19:45:00,0.8062025003722448
2023-08-22 23:45:00,0.8052291200144411
2023-08-23 03:45:00,0.804143604199375
2023-08-23 07:45:00,0.8030126970284651
2023-08-23 11:45:00,0.801859390831176
2023-08-23 15:45:00,0.8006857930983791
2023-08-23 19:45:00,0.799500092376124
2023-08-23 23:45:00,0.798283033021765
2023-08-24 03:45:00,0.7969758127241073
2023-08-24 07:45:00,0.7956293774752866
2023-08-24 11:45:00,0.7942966207180837
2023-08-24 15:45:00,0.7929808583875093
2023-08-24 19:45:00,0.7916814910517516
2023-08-24 23:45:00,0.790383700733208
2023-08-25 03:45:00,0.7890611111433311
2023-08-25 07:45:00,0.7877325581913677
2023-08-25 11:45:00,0.7864405884674397
2023-08-25 15:45:00,0.7851303357801682
2023-08-25 19:45:00,0.7837899324140088
2023-08-25 23:45:00,0.7824331732793146
2023-08-26 03:45:00,0.7810263188231948
2023-08-26 07:45:00,0.7796265635942335
2023-08-26 11:45:00,0.7782750175276973
2023-08-26 15:45:00,0.7769063934069037
2023-08-26 19:45:00,0.7755305289211518
2023-08-26 23:45:00,0.774111007871926
2023-08-27 03:45:00,0.7726806734136275
2023-08-27 07:45:00,0.7711946003934728
2023-08-27 11:45:00,0.7696861441301258
2023-08-27 15:45:00,0.7681796267289942
2023-08-27 19:45:00,0.7666031934187929
2023-08-27 23:45:00,0.7649551166667186
2023-08-28 03:45:00,0.7632390950944368
2023-08-28 07:45:00,0.7615348561122652
2023-09-05 03:45:00,0.7180492543309049
2023-09-05 07:45:00,0.7195028568285775
2023-09-05 11:45:00,0.7209908040096702
2023-09-05 15:45:00,0.7225692400467698
2023-09-05 19:45:00,0.7242436126357883
2023-09-05 23:45:00,0.7260476365414282
2023-09-06 03:45:00,0.7280830012245071
2023-09-06 07:45:00,0.7303162729639828
2023-09-06 11:45:00,0.7327171263371252
2023-09-06 15:45:00,0.73529906167646
2023-09-06 19:45:00,0.7379072826495061
2023-09-06 23:45:00,0.7406814404209121
2023-09-07 03:45:00,0.743689237576024
2023-09-07 07:45:00,0.7468626100969215
2023-09-07 11:45:00,0.7501611890291139
2023-09-07 15:45:00,0.7536137834699312
2023-09-07 19:45:00,0.7571616044849759
2023-09-07 23:45:00,0.7609358697811008
2023-09-08 03:45:00,0.7649816864880381
2023-09-08 07:45:00,0.769152184152197
2023-09-08 11:45:00,0.7733713532172535
2023-09-08 15:45:00,0.7776394777171631
2023-09-08 19:45:00,0.7819606408372775
2023-09-08 23:45:00,0.7864084388271011
2023-09-09 03:45:00,0.7910333269770956
2023-09-09 07:45:00,0.7956548703026926
2023-09-09 11:45:00,0.8001743663773413
2023-09-09 15:45:00,0.8047276178095909
2023-09-09 19:45:00,0.8094223504636577
2023-09-09 23:45:00,0.8142839463832803
2023-09-10 03:45:00,0.8193238276034381
2023-09-10 07:45:00,0.8243772181000926
2023-09-10 11:45:00,0.8293164296211072
2023-09-10 15:45:00,0.8343411353834971
2023-09-10 19:45:00,0.8394412022584088
2023-09-10 23:45:00,0.8448658399887169
2023-09-11 03:45:00,0.8502761748841755
2023-09-11 07:45:00,0.8557815121503951
2023-09-11 11:45:00,0.8613315160760374
2023-09-11 15:45:00,0.8668812840601094
2023-09-11 19:45:00,0.8724401826232999
2023-09-11 23:45:00,0.878070677753889
2023-09-12 03:45:00,0.8838250922152097
2023-09-12 07:45:00,0.8896169392601149
2023-09-12 11:45:00,0.8905824941129348
2023-09-12 15:45:00,0.891549873723672
2023-09-12 19:45:00,0.8924418418825287
2023-09-12 23:45:00,0.8932867142323107
2023-09-13 03:45:00,0.8941256813674122
2023-09-13 07:45:00,0.8949480005728233
2023-09-13 11:45:00,0.8957882964418236
2023-09-13 15:45:00,0.896682175456849
2023-09-13 19:45:00,0.8975099121347068
2023-09-13 23:45:00,0.8983281284776112
2023-09-14 03:45:00,0.8992044410785965
2023-09-14 07:45:00,0.9000969663076177
2023-09-14 11:45:00,0.9010394948146354
2023-09-14 15:45:00,0.9020194578016345
2023-09-14 19:45:00,0.9029690803351427
2023-09-14 23:45:00,0.9038911968764103
2023-09-15 03:45:00,0.9048754407643248
2023-09-15 07:45:00,0.9058955195172405
2023-09-15 11:45:00,0.9069562550168423
2023-09-15 15:45:00,0.9080318857723948
2023-09-15 19:45:00,0.9090465525818194
2023-09-15 23:45:00,0.9100104223052117
2023-09-16 03:45:00,0.9109797449979973
2023-09-16 07:45:00,0.911966223360348
2023-09-16 11:45:00,0.9129207186570327
2023-09-16 15:45:00,0.9138310305365432
2023-09-16 19:45:00,0.9146927202237813
2023-09-16 23:45:00,0.9154996111237337
2023-09-17 03:45:00,0.9162856535035016
2023-09-17 07:45:00,0.9170827910080714
2023-09-17 11:45:00,0.9178646741118138
2023-09-17 15:45:00,0.9185961617349532
2023-09-17 19:45:00,0.9192685319081866
2023-09-17 23:45:00,0.9198431600102757
2023-09-18 03:45:00,0.920356173571003
2023-09-18 07:45:00,0.9208598996127225
2023-09-18 11:45:00,0.9213342689936306
2023-09-18 15:45:00,0.9217580398750355
2023-09-18 19:45:00,0.9221380532047874
2023-09-18 23:45:00,0.9224529816880946
2023-09-19 03:45:00,0.9226989719443394
2023-09-19 07:45:00,0.9229342658902435
2023-09-19 11:45:00,0.9231387010755133
2023-09-19 15:45:00,0.9233249325418125
2023-09-19 19:45:00,0.9234704511190495
2023-09-19 23:45:00,0.9235394802266068
2023-09-20 03:45:00,0.9246203664759227
2023-09-20 07:45:00,0.9256633798646446
2023-09-20 11:45:00,0.9266883529737563
2023-09-20 15:45:00,0.9276439766282492
2023-09-20 19:45:00,0.9285363071656708
2023-09-20 23:45:00,0.929311676215873
2023-09-21 03:45:00,0.9299501868777196
2023-09-21 07:45:00,0.9304987907459877
2023-09-21 11:45:00,0.9309886545088899
2023-09-21 15:45:00,0.9313925878956426
2023-09-21 19:45:00,0.931750594325865
2023-09-21 23:45:00,0.9319622823170821
2023-09-22 03:45:00,0.932064066984342
2023-09-22 07:45:00,0.9321114657583052
2023-09-22 11:45:00,0.9321055717035577
2023-09-22 15:45:00,0.9319971728290162
2023-09-22 19:45:00,0.9318166737791911
2023-09-22 23:45:00,0.9314961637482077
2023-09-23 03:45:00,0.9310977783431508
2023-09-23 07:45:00,0.9306938542610006
2023-09-23 11:45:00,0.9303069381410469
2023-09-23 15:45:00,0.9299126640314429
2023-09-23 19:45:00,0.9295122692155916
2023-09-23 23:45:00,0.9290779655112523
2023-09-24 03:45:00,0.9286303081492564
2023-09-24 07:45:00,0.9282288765744638
2023-09-24 11:45:00,0.9278974133460324
2023-09-24 15:45:00,0.9276090255420015
2023-09-24 19:45:00,0.927312103645736
2023-09-24 23:45:00,0.9269870917864584
2023-09-25 03:45:00,0.9266387570336982
2023-09-25 07:45:00,0.9262944420023805
2023-09-25 11:45:00,0.9260089418758601
2023-09-25 15:45:00,0.9257313047271921
2023-09-25 19:45:00,0.9254349181628228
2023-09-25 23:45:00,0.9250245251244578
2023-09-26 03:45:00,0.9246734903745021
2023-09-26 07:45:00,0.9243510347725222
2023-09-26 11:45:00,0.9240469670997123
2023-09-26 15:45:00,0.9237896815271152
2023-09-26 19:45:00,0.9236206060101008
2023-09-26 23:45:00,0.9235066713146631
2023-09-27 03:45:00,0.9233569361453051
2023-09-27 07:45:00,0.9231902819657679
2023-09-27 11:45:00,0.9230029201746146
2023-09-27 15:45:00,0.9228161334165998
2023-09-27 19:45:00,0.9227149272722569
2023-09-27 23:45:00,0.9226626239977352
2023-09-28 03:45:00,0.9226091037509289
2023-09-28 07:45:00,0.9225275230207439
2023-09-28 19:45:00,0.9217363055641042
2023-10-01 15:45:00,0.9086101557235772
2023-10-01 19:45:00,0.9065771195504971
2023-10-01 23:45:00,0.904540012766987
2023-10-02 03:45:00,0.9024283297524024
2023-10-02 07:45:00,0.900217894440377
2023-10-02 11:45:00,0.8979556399271117
2023-10-02 15:45:00,0.8956955308246625
2023-10-02 19:45:00,0.8935055507734737
2023-10-02 23:45:00,0.8914303130416693
2023-10-03 03:45:00,0.8893688296868649
2023-10-03 07:45:00,0.8872716459416857
2023-10-03 11:45:00,0.8851445515337457
2023-10-03 15:45:00,0.8829598521813466
2023-10-03 19:45:00,0.8807439490107202
2023-10-03 23:45:00,0.8785557989292643
2023-10-04 03:45:00,0.8764151458459583
2023-10-07 23:45:00,0.8604233864976658
2023-10-08 03:45:00,0.8600440708052374
2023-10-08 07:45:00,0.8596568705753644
2023-10-08 11:45:00,0.8592327801868288
2023-10-08 15:45:00,0.8588072646864523
2023-10-08 19:45:00,0.8583721024108238
2023-10-08 23:45:00,0.8579635619082995
2023-10-09 03:45:00,0.8574853303865406
2023-10-09 07:45:00,0.8568616584188233
2023-10-09 11:45:00,0.8561361190616849
2023-10-09 15:45:00,0.8553232875011941
2023-10-09 19:45:00,0.854414375236715
2023-10-09 23:45:00,0.8534846142517487
2023-10-10 03:45:00,0.8525157054292947
2023-10-10 07:45:00,0.8514863085095802
2023-10-10 11:45:00,0.8503304283338756
2023-10-10 15:45:00,0.8490794259583889
2023-10-10 19:45:00,0.8476749357844865
2023-10-10 23:45:00,0.8462656919916245
2023-10-11 03:45:00,0.8447478922255607
2023-10-11 07:45:00,0.8430674304341739
2023-10-11 11:45:00,0.8413149450324138
2023-10-11 15:45:00,0.839432180833903
2023-10-11 19:45:00,0.8372519446005566
2023-10-11 23:45:00,0.8348936133595966
2023-10-12 03:45:00,0.8325623062119971
2023-10-12 07:45:00,0.8302229044775874
2023-10-12 11:45:00,0.8279111610517135
2023-10-12 15:45:00,0.8254882419224165
2023-10-12 19:45:00,0.8228167281060831
2023-10-12 23:45:00,0.8199999188630853
2023-10-13 03:45:00,0.81719198923172
2023-10-13 07:45:00,0.8144735507428532
2023-10-13 11:45:00,0.8139918668229925
2023-10-13 15:45:00,0.8135632141400865
2023-10-13 19:45:00,0.8111605951005573
2023-10-13 23:45:00,0.8107583661688543
2023-10-14 03:45:00,0.8104048114268912
2023-10-14 07:45:00,0.8100707046397382
2023-10-14 11:45:00,0.8098023314000273
2023-10-14 15:45:00,0.8095692578279858
2023-10-14 19:45:00,0.8093731753246598
2023-10-14 23:45:00,0.8092027759263861
2023-10-15 03:45:00,0.8090178832221566
2023-10-15 07:45:00,0.8088361761287626
2023-10-15 11:45:00,0.8087032970386832
2023-10-15 15:45:00,0.8085996730824019
2023-10-15 19:45:00,0.8084559061226004
2023-10-15 23:45:00,0.808263864553155
2023-10-16 03:45:00,0.8080591367795139
2023-10-16 07:45:00,0.8078232658885367
2023-10-16 11:45:00,0.8076072545609827
2023-10-17 23:45:00,0.8047618154816677
2023-10-18 03:45:00,0.8041981068564878
2023-10-18 07:45:00,0.8036640201276819
2023-10-18 11:45:00,0.8032052383185406
2023-10-18 15:45:00,0.8029507561984238
2023-10-18 19:45:00,0.802809264067797
2023-10-18 23:45:00,0.8026589636159223
2023-10-19 03:45:00,0.8025206167825158
2023-10-19 07:45:00,0.8021298914399548
2023-10-19 11:45:00,0.8017107154449653
2023-10-19 15:45:00,0.8013007520186838
2023-10-19 19:45:00,0.8008237918007771
2023-10-19 23:45:00,0.8002352846418694
2023-10-20 03:45:00,0.7996197470118335
2023-10-20 07:45:00,0.7990157390847951
2023-10-20 11:45:00,0.7983831672744715
2023-10-20 15:45:00,0.7977516652740412
2023-10-20 19:45:00,0.7971116695432836
2023-10-20 23:45:00,0.7964392158443698
2023-10-21 03:45:00,0.7957989527071928
2023-10-21 07:45:00,0.7951814905882777
2023-10-21 11:45:00,0.7945535969064395
2023-10-21 15:45:00,0.793935239795076
2023-10-23 15:45:00,0.7899937588021237
2023-10-23 19:45:00,0.7892062592129484
2023-10-23 23:45:00,0.788398667996735
2023-10-24 03:45:00,0.7875968979586268
2023-10-24 07:45:00,0.7868499058273122
2023-10-24 11:45:00,0.7861325190718167
2023-10-24 15:45:00,0.7854612111204718
2023-10-24 19:45:00,0.7848704686491261
2023-10-24 23:45:00,0.7842803103791485
2023-10-25 03:45:00,0.7836446418480151
2023-10-25 07:45:00,0.7829876706652905
2023-10-25 11:45:00,0.7823519305771379
2023-10-25 15:45:00,0.781693217733119
2023-10-25 19:45:00,0.7811024787699121
2023-10-25 23:45:00,0.780438883205028
2023-10-26 03:45:00,0.7797123639349521
2023-10-26 07:45:00,0.7790149267495199
2023-10-26 11:45:00,0.7783249836425622
2023-10-26 15:45:00,0.7776257813814449
2023-10-26 19:45:00,0.7770562517759633
2023-10-26 23:45:00,0.7764886839291867
2023-10-27 03:45:00,0.7757690950670741
2023-11-01 23:45:00,0.7603086850739176
2023-11-02 03:45:00,0.7582202213754208
2023-11-02 07:45:00,0.756102527114242
2023-11-02 11:45:00,0.7538559134597844
2023-11-02 15:45:00,0.7513816648648787
2023-11-02 19:45:00,0.7488558775577021
2023-11-02 23:45:00,0.7464550909411708
2023-11-03 03:45:00,0.7441091209114765
2023-11-03 07:45:00,0.7417427100103493
2023-11-03 11:45:00,0.739451591833816
2023-11-03 15:45:00,0.737142482365644
2023-11-03 19:45:00,0.7350121191112265
2023-11-03 23:45:00,0.7331421110930914
2023-11-04 03:45:00,0.7313882901364919
2023-11-04 07:45:00,0.7296391165910637
2023-11-04 11:45:00,0.7279719742002253
2023-11-04 15:45:00,0.7262924537143505
2023-11-04 19:45:00,0.7246992856161291
2023-11-04 23:45:00,0.7233073091672529
2023-11-05 03:45:00,0.7219131982322542
2023-11-05 07:45:00,0.7204753382651435
2023-11-06 23:45:00,0.7169926675289705
2023-11-07 03:45:00,0.7161857339307284
2023-11-07 07:45:00,0.715407476337768
2023-11-07 11:45:00,0.7146923359586457
2023-11-07 15:45:00,0.7130258124344223
2023-11-07 19:45:00,0.7112154610524049
2023-11-07 23:45:00,0.7094472710789689
2023-11-08 03:45:00,0.7077049506446496
2023-11-08 07:45:00,0.7059510123560873
2023-11-08 11:45:00,0.7041879060726794
2023-11-08 15:45:00,0.7023304113930716
2023-11-08 19:45:00,0.7003544679159044
2023-11-08 23:45:00,0.6983759635499296
2023-11-09 03:45:00,0.6965171906046222
2023-11-09 07:45:00,0.6947760580704665
2023-11-09 11:45:00,0.6931396749521163
2023-11-09 15:45:00,0.6915739643384651
2023-11-09 19:45:00,0.6900054219258647
2023-11-09 23:45:00,0.6885995881464118
2023-11-10 03:45:00,0.6873539432451896
2023-11-10 07:45:00,0.686232714344625
2023-11-10 11:45:00,0.6852087599940186
2023-11-10 15:45:00,0.6842151398566465
2023-11-10 19:45:00,0.683199792691243
2023-11-10 23:45:00,0.6823081424818046
2023-11-11 03:45:00,0.6816334930229958
2023-11-11 07:45:00,0.6820359225297539
2023-11-11 11:45:00,0.6824368628839184
2023-11-11 15:45:00,0.6827588538828206
2023-11-13 19:45:00,0.6807246205318167
2023-11-14 19:45:00,0.6798460338308168
2023-11-14 23:45:00,0.6796776557984712
2023-11-15 03:45:00,0.6795243707428162
2023-11-15 07:45:00,0.6793875851129061
2023-11-15 11:45:00,0.6792986190411765
2023-11-15 15:45:00,0.6792016577994389
2023-11-15 19:45:00,0.6790419491525181
2023-11-15 23:45:00,0.6788502123315946
2023-11-16 03:45:00,0.6786791299711727
2023-11-16 07:45:00,0.6785199004216578
2023-11-16 11:45:00,0.6783836957952055
2023-11-16 15:45:00,0.6783018891550949
2023-11-16 19:45:00,0.6781905123551759
2023-11-16 23:45:00,0.6782787437756017
2023-11-17 03:45:00,0.6783905219744639
2023-11-17 07:45:00,0.6785961910913069
2023-11-17 11:45:00,0.6789575776469083
2023-11-17 15:45:00,0.679526139309077
2023-11-17 19:45:00,0.6801386688757203
2023-11-17 23:45:00,0.6807770711159955
2023-11-18 03:45:00,0.6815009911132567
2023-11-21 15:45:00,0.6831688403196201
2023-11-21 19:45:00,0.6849953363709049
2023-11-21 23:45:00,0.687023541274254
2023-11-22 03:45:00,0.6889164149279078
2023-11-22 07:45:00,0.6908179017582531
2023-11-22 11:45:00,0.6926676610616476
2023-11-22 15:45:00,0.6946267135659937
2023-11-22 19:45:00,0.6966925033656932
2023-11-22 23:45:00,0.6986752517916307
2023-11-23 03:45:00,0.7005461123611562
2023-11-23 07:45:00,0.7023866837592465
2023-11-23 11:45:00,0.7041769355897209
2023-11-23 15:45:00,0.7059799803995437
2023-11-23 19:45:00,0.7078645428841744
2023-11-23 23:45:00,0.7096777607742586
2023-11-24 03:45:00,0.711273111751686
2023-11-24 07:45:00,0.7127319074635332
2023-11-24 11:45:00,0.7140411731859541
2023-11-24 15:45:00,0.7152990109505488
2023-11-24 19:45:00,0.7165431962207447
2023-11-24 23:45:00,0.7176519931065478
2023-11-25 03:45:00,0.7186118030773463
2023-11-25 07:45:00,0.7194320647717537
2023-11-25 11:45:00,0.7201028860923365
2023-11-25 15:45:00,0.7207501957534785
2023-11-25 19:45:00,0.7213600222104516
2023-11-25 23:45:00,0.7219079166653133
2023-11-26 03:45:00,0.722445775310601
2023-11-26 07:45:00,0.7229680198268343
2023-11-26 11:45:00,0.7234663684977579
2023-11-26 15:45:00,0.7240256132740369
2023-12-15 15:45:00,0.6242482706717939
2023-12-15 19:45:00,0.6237318541745792
2023-12-15 23:45:00,0.6247813207626416
2023-12-17 23:45:00,0.625608004418351
2023-12-18 03:45:00,0.6271905706909394
2023-12-18 19:45:00,0.6291660689653946
2023-12-18 23:45:00,0.6304632174443694
2023-12-19 03:45:00,0.6314047201273985
2023-12-19 07:45:00,0.6322934898100169
2023-12-19 11:45:00,0.6329947233415165
2023-12-19 15:45:00,0.6340958218551809
2023-12-19 19:45:00,0.6352018136542852
2023-12-19 23:45:00,0.6358458343769172
2023-12-20 03:45:00,0.6362725334396062
2023-12-20 07:45:00,0.6365599841637367
2023-12-20 11:45:00,0.6367084709769615
2023-12-20 15:45:00,0.6369342541441606
2023-12-20 19:45:00,0.6371787592858522
2023-12-20 23:45:00,0.6370916214838862
2023-12-21 03:45:00,0.6366834796964398
2023-12-21 07:45:00,0.6363540904715507
2023-12-21 11:45:00,0.6361657056890213
2023-12-21 19:45:00,0.6357774890127461
2023-12-21 23:45:00,0.6351971779590916
2023-12-22 03:45:00,0.6343480415301044
2023-12-22 07:45:00,0.633445146594801
2023-12-22 11:45:00,0.6324873176058933
2023-12-22 15:45:00,0.6314114552811039
2023-12-22 19:45:00,0.6303040626644655
2023-12-22 23:45:00,0.6290382207325771
2023-12-23 03:45:00,0.627569876448868
2023-12-23 07:45:00,0.6260258239302308
2023-12-23 11:45:00,0.6245104409689507
2023-12-23 15:45:00,0.6230107384497653
2023-12-23 19:45:00,0.6215266493145065
2023-12-23 23:45:00,0.6200575517865272
2023-12-24 03:45:00,0.6185945884155649
2023-12-24 07:45:00,0.6171487510228377
2023-12-24 11:45:00,0.6157120583548792
2023-12-24 15:45:00,0.6143257026936213
2023-12-24 19:45:00,0.6128782659450482
2023-12-24 23:45:00,0.6114661000115436
2023-12-25 03:45:00,0.6101409162138294
2023-12-25 07:45:00,0.608926859641279
2023-12-25 11:45:00,0.6077926962493778
2023-12-25 15:45:00,0.6066822796264001
2023-12-25 19:45:00,0.6054847674673574
2023-12-26 23:45:00,0.6031271044637083
2023-12-27 03:45:00,0.6017373069132872
2023-12-27 07:45:00,0.6004633030575602
2023-12-27 11:45:00,0.5992689131336756
2023-12-27 15:45:00,0.5981485484849324
2023-12-27 19:45:00,0.597046785918309
2023-12-27 23:45:00,0.5959058771844555
2023-12-28 03:45:00,0.594790683202828
2023-12-28 07:45:00,0.5937626797493064
2023-12-28 11:45:00,0.5928012803053608
2023-12-28 15:45:00,0.5918911919015031
2023-12-28 19:45:00,0.590975256754532
2023-12-28 23:45:00,0.5899998308361583
2023-12-29 03:45:00,0.5890421854495912
2023-12-29 07:45:00,0.5881649016703566
2023-12-29 11:45:00,0.5873385079116343
2023-12-29 15:45:00,0.5865324460814616
2023-12-29 19:45:00,0.5856800327135379
2023-12-29 23:45:00,0.5847512107231962
2023-12-30 03:45:00,0.5837931689429651
2023-12-30 07:45:00,0.5828614923165867
2023-12-30 11:45:00,0.5819560749885306
2023-12-30 15:45:00,0.5805992067677699
2023-12-30 19:45:00,0.5792173348925002
2023-12-30 23:45:00,0.5776940974335586
2023-12-31 03:45:00,0.5766849133194758
2023-12-31 07:45:00,0.575712621961325
2023-12-31 11:45:00,0.5747547947668019
2023-12-31 15:45:00,0.5737661917327503
2023-12-31 19:45:00,0.5727813927212431
2023-12-31 23:45:00,0.571765156477919
2024-01-01 03:45:00,0.5707455208586746
2024-01-01 07:45:00,0.5697966057281197
2024-01-01 11:45:00,0.5688916359243656
2024-01-01 15:45:00,0.5680238952935568
2024-01-01 19:45:00,0.5672150930097948
2024-01-01 23:45:00,0.5657364406428104
2024-01-02 03:45:00,0.5642274321848971
2024-01-02 07:45:00,0.5634451324282627
2024-01-02 11:45:00,0.5627246360720937
2024-01-02 15:45:00,0.5619977174295187
2024-01-02 19:45:00,0.5605217218074663
2024-01-02 23:45:00,0.5591155157707095
2024-01-03 03:45:00,0.5577134617949533
2024-01-03 07:45:00,0.5562825425661633
2024-01-03 11:45:00,0.554841578906355
2024-01-03 15:45:00,0.5532854912527796
2024-01-03 19:45:00,0.5516811465654059
2024-01-03 23:45:00,0.5501114222185126
2024-01-04 03:45:00,0.5485438090658036
2024-01-04 07:45:00,0.5469914977928326
2024-01-04 11:45:00,0.5454234109113992
2024-01-04 15:45:00,0.5437681695255336
2024-01-04 19:45:00,0.5420710173445349
2024-01-04 23:45:00,0.5404554014034583
2024-01-05 03:45:00,0.5389568532100576
2024-01-05 07:45:00,0.5374273154810867
2024-01-05 11:45:00,0.5357975482316224
2024-01-05 15:45:00,0.5351408640686329
2024-01-05 19:45:00,0.5334183271095836
2024-01-05 23:45:00,0.5317501235857616
2024-01-06 03:45:00,0.5301542636289467
2024-01-06 07:45:00,0.5285875017827114
2024-01-06 11:45:00,0.5270040524109478
2024-01-06 15:45:00,0.5254305666321186
2024-01-06 19:45:00,0.5238440840196251
2024-01-06 23:45:00,0.522328707454603
2024-01-07 03:45:00,0.5209474345996489
2024-01-07 07:45:00,0.5196345168058193
2024-01-07 11:45:00,0.5183057647081276
2024-01-07 15:45:00,0.5169295851217072
2024-01-07 19:45:00,0.5155191266731124
2024-01-07 23:45:00,0.5140705730477578
2024-01-08 03:45:00,0.5126477432551702
2024-01-08 07:45:00,0.5112196752504984
2024-01-08 11:45:00,0.509733350481056
2024-01-08 15:45:00,0.5081520179722863
2024-01-08 19:45:00,0.50659848749813
2024-01-08 23:45:00,0.5050171298412472
2024-01-09 03:45:00,0.5033579342800448
2024-01-09 07:45:00,0.5015756132330021
2024-01-09 11:45:00,0.4996630042355984
2024-01-09 15:45:00,0.49768468624482276
2024-01-09 19:45:00,0.49575528484000125
2024-01-09 23:45:00,0.49437385668480893
2024-01-10 03:45:00,0.4929854291558581
2024-01-10 07:45:00,0.4916017415901388
2024-01-10 11:45:00,0.490211818451153
2024-01-10 15:45:00,0.4888168806224941
2024-01-10 19:45:00,0.4874688458028227
2024-01-10 23:45:00,0.4856756737284922
2024-01-11 03:45:00,0.48388311315387433
2024-01-11 07:45:00,0.4820524367980242
2024-01-11 11:45:00,0.48016192351875764
2024-01-11 15:45:00,0.4782359018379504
2024-01-11 19:45:00,0.4763389581124958
2024-01-11 23:45:00,0.47449725371216933
2024-01-12 03:45:00,0.4726695872734949
2024-01-12 07:45:00,0.47081357534318846
2024-01-12 11:45:00,0.4689353975146516
2024-01-12 15:45:00,0.46704471376359885
2024-01-12 19:45:00,0.46522579825425747
2024-01-12 23:45:00,0.46347247419317605
2024-01-13 03:45:00,0.46170366409836344
2024-01-13 07:45:00,0.45988039821534377
2024-01-13 11:45:00,0.4580140454779396
2024-01-13 15:45:00,0.4561405382409265
2024-01-13 23:45:00,0.45340867551680536
2024-01-14 03:45:00,0.451595819795528
2024-01-14 07:45:00,0.4497327539790902
2024-01-14 11:45:00,0.4477947017168764
2024-01-14 15:45:00,0.4458582443190241
2024-01-14 19:45:00,0.4439096973885356
2024-01-14 23:45:00,0.44195397027351546
2024-01-15 03:45:00,0.43992415758518677
2024-01-15 07:45:00,0.4378168267793616
2024-01-15 11:45:00,0.4356333760580118
2024-01-15 15:45:00,0.4334621028590683
2024-01-15 19:45:00,0.4312873256054956
2024-01-15 23:45:00,0.4291159147770517
2024-01-16 03:45:00,0.42693562563335635
2024-01-16 07:45:00,0.4246610289071162
2024-01-16 11:45:00,0.4222927465192696
2024-01-16 15:45:00,0.4198617541368579
2024-01-16 19:45:00,0.41735794196264253
2024-01-16 23:45:00,0.4148350361009955
2024-01-17 03:45:00,0.41231487674972045
2024-01-17 07:45:00,0.40976295722823236
2024-01-17 11:45:00,0.4070984985019543
2024-01-17 15:45:00,0.404407431735085
2024-01-17 19:45:00,0.4016217836590972
2024-01-17 23:45:00,0.3987606880239488
2024-01-18 03:45:00,0.39587914892171255
2024-01-18 07:45:00,0.39300870331482046
2024-01-18 11:45:00,0.39013903566909464
2024-01-18 15:45:00,0.3872550885481368
2024-01-18 19:45:00,0.38438862008305236
2024-01-18 23:45:00,0.38151523306832913
2024-01-19 03:45:00,0.37864297519109424
2024-01-19 07:45:00,0.3757591280219077
2024-01-19 11:45:00,0.37289865197800165
2024-01-19 15:45:00,0.37008019921253443
2024-01-19 19:45:00,0.36727312192928174
2024-01-19 23:45:00,0.3644468453122649
2024-01-20 03:45:00,0.36156114396816574
2024-01-20 07:45:00,0.35865960665290714
2024-01-20 11:45:00,0.355812314350564
2024-01-20 15:45:00,0.353016064599876
2024-01-20 19:45:00,0.35026857486469676
2024-01-20 23:45:00,0.3476064913318006
2024-01-21 03:45:00,0.34498705276312125
2024-01-21 07:45:00,0.3424130021746499
2024-01-21 11:45:00,0.339938639141463
2024-01-21 15:45:00,0.3375553912597339
2024-01-21 19:45:00,0.3352485448712701
2024-01-21 23:45:00,0.3329950116198065
2024-01-22 03:45:00,0.3307522368558714
2024-01-22 07:45:00,0.32857822062945036
2024-01-22 11:45:00,0.32649797436719163
2024-01-22 15:45:00,0.32454138093431034
2024-01-22 19:45:00,0.322666798822027
2024-01-22 23:45:00,0.3208835095361418
2024-01-23 03:45:00,0.3190973444171161
2024-01-23 07:45:00,0.3173918955795358
2024-01-23 11:45:00,0.31582558977633535
2024-01-23 19:45:00,0.31304138886877053
2024-01-23 23:45:00,0.3115810529880563
2024-01-24 03:45:00,0.3101628321498202
2024-01-24 07:45:00,0.3088288841019057
2024-01-24 11:45:00,0.3076199634573814
2024-01-24 15:45:00,0.30645748274231477
2024-01-25 07:45:00,0.30231007883938926
2024-01-25 11:45:00,0.3011584720447484
2024-01-25 15:45:00,0.3000038265663776
2024-01-25 19:45:00,0.2987628263175249
2024-01-25 23:45:00,0.2974860535566764
2024-01-26 03:45:00,0.29615754343755474
2024-01-26 07:45:00,0.29482090636244096
2024-01-26 11:45:00,0.2935290210261082
2024-01-26 15:45:00,0.29218556474795376
2024-01-26 19:45:00,0.2907428439519295
2024-01-26 23:45:00,0.28924351079226884
2024-01-27 03:45:00,0.28768101305460647
2024-01-27 07:45:00,0.28608304582127664
2024-01-27 11:45:00,0.2844219916102158
2024-01-27 15:45:00,0.28265277457040305
2024-01-27 19:45:00,0.28071322234876595
2024-01-27 23:45:00,0.2786880242184438
2024-01-28 03:45:00,0.27659924663627933
2024-01-28 07:45:00,0.2744538596364067
2024-01-28 11:45:00,0.2722684298337494
2024-01-28 15:45:00,0.27004957362920184
2024-01-28 19:45:00,0.26887675871086814
2024-01-28 23:45:00,0.2666203159279494
2024-01-29 03:45:00,0.2644367787610845
2024-01-29 07:45:00,0.26228939291184916
2024-01-29 11:45:00,0.26023690658016985
2024-01-29 15:45:00,0.2582198939855873
2024-01-29 19:45:00,0.25623662651262735
2024-01-29 23:45:00,0.25436253779701445
2024-01-30 03:45:00,0.252596544400076
2024-01-30 07:45:00,0.2509155362849641
2024-01-30 11:45:00,0.24933592678586725
2024-01-30 15:45:00,0.24777885927816456
2024-01-30 19:45:00,0.24620433776747747
2024-01-30 23:45:00,0.24467968005552304
2024-01-31 03:45:00,0.24319063526624468
2024-01-31 07:45:00,0.24169025301868535
2024-01-31 11:45:00,0.24025206928766302
2024-01-31 15:45:00,0.23883871618372965
2024-01-31 19:45:00,0.23741720609726605
2024-01-31 23:45:00,0.23603982746836816
2024-02-01 19:45:00,0.232487325020468
2024-02-01 23:45:00,0.23117209816324275
2024-02-02 03:45:00,0.22986629495167424
2024-02-02 07:45:00,0.2285149310100969
2024-02-02 11:45:00,0.22713273181108246
2024-02-02 15:45:00,0.22579732784451068
2024-02-02 19:45:00,0.22436838360028005
2024-02-02 23:45:00,0.2229149056652402
2024-02-05 19:45:00,0.21419903572529975
2024-02-05 23:45:00,0.21173336187139177
2024-02-06 03:45:00,0.20919621809104888
2024-02-06 07:45:00,0.20647186555430458
2024-02-06 19:45:00,0.20091883663592558
2024-02-07 07:45:00,0.1946491769528586
2024-02-07 11:45:00,0.19103708201921438
2024-02-07 15:45:00,0.18900572280250616
2024-02-07 19:45:00,0.1854895414614793
2024-02-07 23:45:00,0.1820585389333944
2024-02-08 03:45:00,0.17865496267319309
2024-02-08 07:45:00,0.17528466507682477
2024-02-08 11:45:00,0.17187608002078109
2024-02-08 15:45:00,0.16856082142752649
2024-02-08 19:45:00,0.16711893026106533
2024-02-08 23:45:00,0.16570008355924848
2024-02-09 03:45:00,0.1643323848075714
2024-02-09 07:45:00,0.16137757183626306
2024-02-09 11:45:00,0.1584479646720327
2024-02-09 15:45:00,0.1556022046615624
2024-02-09 19:45:00,0.15290548872446744
2024-02-09 23:45:00,0.1502468449111779
2024-02-10 03:45:00,0.1476302609559212
2024-02-10 07:45:00,0.14500660138646052
2024-02-10 11:45:00,0.14237846182375355
2024-02-10 15:45:00,0.1399079132120776
2024-02-10 19:45:00,0.13762193320067348
2024-02-10 23:45:00,0.135418167693877
2024-02-11 03:45:00,0.13330341490309028
2024-02-11 07:45:00,0.13121552047001445
2024-02-11 11:45:00,0.12928230296848853
2024-02-11 15:45:00,0.12759623111112905
2024-02-11 19:45:00,0.12617697548688325
2024-02-11 23:45:00,0.12495013040632474
2024-02-12 03:45:00,0.12394604298021494
2024-02-12 07:45:00,0.12311168707113623
2024-02-12 11:45:00,0.12243742956933856
2024-02-12 15:45:00,0.12185239083547335
2024-02-12 19:45:00,0.1213932112307374
2024-02-12 23:45:00,0.12099883098508782
2024-02-13 03:45:00,0.12072540042826638
2024-02-13 07:45:00,0.1205315723051193
2024-02-13 11:45:00,0.12030052165848085
2024-02-13 15:45:00,0.12008181553078909
2024-02-13 19:45:00,0.11989631592479746
2024-02-13 23:45:00,0.11970478760534978
2024-02-14 03:45:00,0.11949022337925748
2024-02-14 07:45:00,0.11925502500928886
2024-02-14 11:45:00,0.11898463039607975
2024-02-14 15:45:00,0.11872405621564965
2024-02-14 19:45:00,0.11857128470139908
2024-02-14 23:45:00,0.11843764663012346
2024-02-15 03:45:00,0.11833781917709865
2024-02-15 07:45:00,0.11842024408673849
2024-02-15 11:45:00,0.11847396749382874
2024-02-15 15:45:00,0.11853754108247044
2024-02-15 19:45:00,0.11869880605326089
2024-02-15 23:45:00,0.11881331243408752
2024-02-16 19:45:00,0.11839794832168724
2024-02-16 23:45:00,0.11857981461032002
2024-02-17 03:45:00,0.11876231937095819
2024-02-18 23:45:00,0.11716147015719038
2024-02-19 03:45:00,0.11824415748381678
2024-02-19 07:45:00,0.11935558928546497
2024-02-19 11:45:00,0.12046256545684596
2024-02-19 15:45:00,0.12152890807854737
2024-02-19 19:45:00,0.12257029845746387
2024-02-19 23:45:00,0.12353751753231362
2024-02-20 03:45:00,0.12448395270258933
2024-02-20 07:45:00,0.12543380410199706
2024-02-20 11:45:00,0.12634673184485917
2024-02-20 15:45:00,0.12720315525761294
2024-02-20 19:45:00,0.12856838784687216
2024-02-20 23:45:00,0.12991429418285894
2024-02-21 03:45:00,0.13123693548200427
2024-02-21 07:45:00,0.1326872558490732
2024-02-21 11:45:00,0.13339898452973406
2024-02-21 23:45:00,0.13463986986322735
2024-02-22 03:45:00,0.13521695638666603
2024-02-22 07:45:00,0.1367222526253916
2024-02-22 11:45:00,0.13823010018462775
2024-02-22 15:45:00,0.13968805916990393
2024-02-22 19:45:00,0.1410987826314662
2024-02-22 23:45:00,0.14244539191271788
2024-02-23 03:45:00,0.14375627366020055
2024-02-23 07:45:00,0.1450100898343438
2024-02-23 11:45:00,0.14623512007167316
2024-02-23 15:45:00,0.14738310463207777
2024-02-23 19:45:00,0.148462821640096
2024-02-23 23:45:00,0.14956689112769067
2024-02-24 03:45:00,0.15064578550286398
2024-02-24 07:45:00,0.1517022083570725
2024-02-24 11:45:00,0.15273661029305058
2024-02-24 15:45:00,0.15374828104626959
2024-02-24 19:45:00,0.15473670389198502
2024-02-24 23:45:00,0.15578481120799004
2024-02-25 03:45:00,0.15690838682527317
2024-02-25 07:45:00,0.15807876993065587
2024-02-25 23:45:00,0.16208751767513888
2024-02-26 03:45:00,0.1633142912792877
2024-02-26 07:45:00,0.1646022669010927
2024-02-26 11:45:00,0.16582138550118408
2024-02-26 15:45:00,0.16695820434769199
2024-02-26 19:45:00,0.16802307191374546
2024-02-26 23:45:00,0.16903523033447937
2024-02-27 03:45:00,0.16993660193883076
2024-02-27 07:45:00,0.17080659435194645
2024-02-27 11:45:00,0.17162457751293586
2024-02-27 15:45:00,0.1724336151151784
2024-02-27 19:45:00,0.1732354376607505
2024-02-27 23:45:00,0.17401787770958782
2024-02-28 03:45:00,0.1746220559186388
2024-02-28 07:45:00,0.17515276221370024
2024-02-28 11:45:00,0.17575970877513325
2024-02-28 15:45:00,0.17637061257852654
2024-02-28 19:45:00,0.17701378708069093
2024-02-28 23:45:00,0.17767021250339415
2024-02-29 03:45:00,0.1783736636419719
2024-02-29 07:45:00,0.17908320772778985
2024-02-29 11:45:00,0.17987041882296906
2024-02-29 15:45:00,0.18068819029212374
2024-02-29 19:45:00,0.18144763592200686
2024-02-29 23:45:00,0.18222143625730863
2024-03-01 03:45:00,0.1829722179384406
2024-03-01 07:45:00,0.18357682811089854
2024-03-01 11:45:00,0.18423113992563578
2024-03-01 15:45:00,0.18486212164093832
2024-03-01 19:45:00,0.18538733957853937
2024-03-01 23:45:00,0.18597341209383145
2024-03-02 03:45:00,0.1861882003194838
2024-03-02 07:45:00,0.18635738604520166
2024-03-02 11:45:00,0.1864395771355044
2024-03-02 15:45:00,0.18645625126813958
2024-03-02 19:45:00,0.18684452870274382
2024-03-02 23:45:00,0.18724705227980284
2024-03-03 03:45:00,0.18763668311671383
2024-03-03 07:45:00,0.18748783229802143
2024-03-03 11:45:00,0.18722187793214798
2024-03-03 15:45:00,0.18688133438089233
2024-03-03 19:45:00,0.18650442238570258
2024-03-03 23:45:00,0.18611206883257592
2024-03-04 03:45:00,0.1858023773721796
2024-03-04 07:45:00,0.18550212041155534
2024-03-04 11:45:00,0.1850893859620918
2024-03-04 15:45:00,0.18461572468509913
2024-03-04 19:45:00,0.18413264171962201
2024-03-04 23:45:00,0.18367437630903743
2024-03-05 03:45:00,0.18319150616727936
2024-03-05 07:45:00,0.18263380372595545
2024-03-05 11:45:00,0.18199340392323032
2024-03-05 15:45:00,0.1813732534909282
2024-03-05 19:45:00,0.18077606836033003
2024-03-05 23:45:00,0.18022854959441847
2024-03-06 03:45:00,0.17966895961768614
2024-03-06 07:45:00,0.17904198830431506
2024-03-06 11:45:00,0.1783912506760703
2024-03-06 15:45:00,0.17777054062808303
2024-03-06 19:45:00,0.17716462328167104
2024-03-06 23:45:00,0.17657930994942372
2024-03-07 03:45:00,0.17603124422638827
2024-03-07 23:45:00,0.17487943546993528
2024-03-08 03:45:00,0.174555348268698
2024-03-08 07:45:00,0.17431548007364406
2024-03-08 11:45:00,0.17424676574476672
2024-03-08 15:45:00,0.1743565058500808
2024-03-08 19:45:00,0.17454614423051168
2024-03-08 23:45:00,0.1748384516443538
2024-03-09 03:45:00,0.17522236883805098
2024-03-09 07:45:00,0.1757299055584786
2024-03-09 11:45:00,0.1763850557430487
2024-03-09 15:45:00,0.17715106270297148
2024-03-09 19:45:00,0.17798132430952443
2024-03-09 23:45:00,0.17886233954149747
2024-03-10 03:45:00,0.1797918858232075
2024-03-10 07:45:00,0.18074877884094226
2024-03-10 11:45:00,0.18178900175259233
2024-03-10 15:45:00,0.18288212675301121
2024-03-10 19:45:00,0.1839895511791444
2024-03-10 23:45:00,0.1851068374547083
2024-03-11 03:45:00,0.18621416226822607
2024-03-11 07:45:00,0.18731930649986367
2024-03-11 11:45:00,0.18815565042189195
2024-03-11 15:45:00,0.1890397550272051
2024-03-11 19:45:00,0.18994972947532313
2024-03-11 23:45:00,0.1911447052419388
2024-04-10 07:45:00,0.3576270511463388
2024-04-10 11:45:00,0.3573941918331719
2024-04-10 15:45:00,0.3576759972793745
2024-04-10 19:45:00,0.35797379555083625
2024-04-10 23:45:00,0.35860321909821324
2024-04-11 03:45:00,0.3598722356491578
2024-04-11 07:45:00,0.361377904669624
2024-04-11 11:45:00,0.36299632264140314
2024-04-11 15:45:00,0.36488504076305056
2024-04-11 19:45:00,0.36685998741056697
2024-04-11 23:45:00,0.3690521381375498
2024-04-12 03:45:00,0.37146975338878246
2024-04-12 07:45:00,0.37392990645150803
2024-04-12 11:45:00,0.3764578557329989
2024-04-12 15:45:00,0.3790666867809347
2024-04-12 19:45:00,0.38138358978523934
2024-04-12 23:45:00,0.3834532745474511
2024-04-13 03:45:00,0.38540815175767085
2024-04-13 07:45:00,0.38734797406542765
2024-04-13 11:45:00,0.3892626494909073
2024-04-13 15:45:00,0.39120662439316933
2024-04-13 19:45:00,0.392974171570968
2024-04-13 23:45:00,0.3943559934957752
2024-04-14 03:45:00,0.39546443137578013
2024-04-14 07:45:00,0.396549654101774
2024-04-14 11:45:00,0.3977456442644247
2024-04-14 15:45:00,0.3990647864260119
2024-04-14 19:45:00,0.40031679288774386
2024-04-14 23:45:00,0.40143263877403296
2024-04-15 03:45:00,0.40253719442766844
2024-04-15 07:45:00,0.40371404163169755
2024-04-15 11:45:00,0.4050755723695063
2024-04-15 15:45:00,0.40665737763613635
2024-04-15 19:45:00,0.4082938164526937
2024-04-15 23:45:00,0.40992526274192037
2024-04-16 03:45:00,0.4115278425014722
2024-04-16 07:45:00,0.4132318250048429
2024-04-16 11:45:00,0.4150245788029415
2024-04-16 15:45:00,0.4168279513098278
2024-04-16 19:45:00,0.41860270902565144
2024-04-16 23:45:00,0.42040819386564887
2024-04-17 03:45:00,0.422216813141767
2024-04-17 07:45:00,0.4240055292031458
2024-04-17 11:45:00,0.4257900506565743
2024-04-17 15:45:00,0.4274744477969917
2024-04-17 19:45:00,0.42906801866559885
2024-04-17 23:45:00,0.430593626416074
2024-04-18 03:45:00,0.4320264400587807
2024-04-18 07:45:00,0.43335323055077407
2024-04-18 11:45:00,0.4346244670955983
2024-04-18 15:45:00,0.4358176332386311
2024-04-18 19:45:00,0.4369402900964616
2024-04-18 23:45:00,0.43804633637046486
2024-04-19 03:45:00,0.43903830524120424
2024-04-19 07:45:00,0.43991296063485485
2024-04-19 11:45:00,0.4407258920625752
2024-04-19 15:45:00,0.44147723666306243
2024-04-19 19:45:00,0.44223173636734037
2024-04-19 23:45:00,0.44296324479391835
2024-04-20 03:45:00,0.44363883343172517
2024-04-20 07:45:00,0.4442074007956733
2024-04-20 11:45:00,0.44470090954252006
2024-04-20 15:45:00,0.445134501928794
2024-04-20 19:45:00,0.4455398713663856
2024-04-20 23:45:00,0.4458677528927519
2024-04-21 03:45:00,0.44608057128100853
2024-04-21 07:45:00,0.446171777396108
2024-04-21 11:45:00,0.44613894299603174
2024-04-21 15:45:00,0.4460020044183111
2024-04-21 19:45:00,0.44581348910174373
2024-04-21 23:45:00,0.44554555159338594
2024-04-22 03:45:00,0.4451676691737662
2024-04-22 07:45:00,0.44468308462537554
2024-04-22 11:45:00,0.44414179024212813
2024-04-22 15:45:00,0.44355129155338646
2024-04-22 19:45:00,0.44293964743723097
2024-04-22 23:45:00,0.4422831558315591
2024-04-23 03:45:00,0.44154276694438455
2024-04-23 19:45:00,0.4401865804033469
2024-04-23 23:45:00,0.4392656131187832
2024-04-24 03:45:00,0.43826600497298984
2024-04-24 07:45:00,0.43722984951055766
2024-04-24 11:45:00,0.4361511234331412
2024-04-24 15:45:00,0.435017048141137
2024-04-24 19:45:00,0.4338651751553606
2024-04-24 23:45:00,0.43271519508741507
2024-04-25 03:45:00,0.43151563013217803
2024-04-25 07:45:00,0.4312587256097314
2024-04-25 11:45:00,0.43089898596663645
2024-04-25 15:45:00,0.4303975434058831
2024-04-25 19:45:00,0.42983080547471453
2024-04-25 23:45:00,0.429182768305707
2024-04-26 03:45:00,0.42835264932568773
2024-04-26 07:45:00,0.42737556862516757
2024-04-26 11:45:00,0.42622776971028004
2024-04-26 15:45:00,0.42489109701483224
2024-04-26 19:45:00,0.42343540471080787
2024-04-26 23:45:00,0.42184654184149567
2024-04-27 03:45:00,0.4200841959826559
2024-04-27 07:45:00,0.4181454663713134
2024-04-27 11:45:00,0.41604466426316417
2024-04-27 15:45:00,0.41379160028556145
2024-04-27 19:45:00,0.411516235200916
2024-04-27 23:45:00,0.4092250652437368
2024-04-28 03:45:00,0.4068830983611527
2024-04-28 07:45:00,0.4044331980576639
2024-04-28 11:45:00,0.40187856895735924
2024-04-28 15:45:00,0.399238311525504
2024-04-28 19:45:00,0.3965990556251373
2024-04-28 23:45:00,0.39402545085072893
2024-04-29 03:45:00,0.3914882983149904
2024-04-29 07:45:00,0.3889280723654582
2024-04-29 11:45:00,0.3863188278526499
2024-04-29 15:45:00,0.3836375690394737
2024-04-29 19:45:00,0.38095288128175925
2024-04-29 23:45:00,0.3783147575274015
2024-04-30 03:45:00,0.37566432218496143
2024-04-30 07:45:00,0.37295103957001335
2024-04-30 11:45:00,0.37014326608716314
2024-04-30 15:45:00,0.36722394693575355
2024-04-30 19:45:00,0.36424455669617845
2024-04-30 23:45:00,0.3612219793382037
2024-05-01 03:45:00,0.35816544945692874
2024-05-01 07:45:00,0.355003092742581
2024-05-01 11:45:00,0.3517610568928763
2024-05-01 15:45:00,0.3484905083136231
2024-05-01 19:45:00,0.34515587827675714
2024-05-01 23:45:00,0.3417456841092145
2024-05-02 03:45:00,0.3382688535049688
2024-05-02 07:45:00,0.33474444963803734
2024-05-02 11:45:00,0.33120138718616216
2024-05-02 15:45:00,0.3277116005702343
2024-05-02 19:45:00,0.324240910290403
2024-05-02 23:45:00,0.3207641963638108
2024-05-03 03:45:00,0.31730957055350245
2024-05-03 07:45:00,0.31389986016009547
2024-05-03 11:45:00,0.3105259078756147
2024-05-03 15:45:00,0.3071861524835548
2024-05-03 19:45:00,0.3038651992351385
2024-05-03 23:45:00,0.3005204280859479
2024-05-04 03:45:00,0.2972386711971759
2024-05-04 07:45:00,0.29404015044109694
2024-05-04 11:45:00,0.29089429340023354
2024-05-04 15:45:00,0.2877900928784523
2024-05-04 19:45:00,0.2846549623942457
2024-05-04 23:45:00,0.2815420623402276
2024-05-05 03:45:00,0.27847951634376966
2024-05-05 07:45:00,0.27551691769217196
2024-05-05 11:45:00,0.2726429962177728
2024-05-05 15:45:00,0.26982176916014056
2024-05-05 19:45:00,0.26699315521286354
2024-05-05 23:45:00,0.2642357695212757
2024-05-06 03:45:00,0.261569346753947
2024-05-06 07:45:00,0.2590035956040717
2024-05-06 11:45:00,0.2565560191863734
2024-05-06 15:45:00,0.2542175420117522
2024-05-07 07:45:00,0.2456994709060801
2024-05-07 11:45:00,0.2437607775439594
2024-05-07 15:45:00,0.24191281713593155
2024-05-07 19:45:00,0.2400935278705654
2024-05-07 23:45:00,0.23836911116537612
2024-05-08 03:45:00,0.23679349647328957
2024-05-08 07:45:00,0.2369985978452038
2024-05-08 11:45:00,0.23722368676051697
2024-05-08 15:45:00,0.23750581394646386
2024-05-08 19:45:00,0.23631229727362826
2024-05-08 23:45:00,0.23521375127975425
2024-05-09 03:45:00,0.23431614862713146
2024-05-09 07:45:00,0.23355459115716168
2024-05-09 11:45:00,0.23291575798293843
2024-05-09 15:45:00,0.2324240245574982
2024-05-09 19:45:00,0.2319890875134209
2024-05-09 23:45:00,0.23156831453917046
2024-05-10 03:45:00,0.23128699434524613
2024-05-10 07:45:00,0.2311700710593351
2024-05-10 11:45:00,0.2312386471297855
2024-05-10 15:45:00,0.2315312428597887
2024-05-10 19:45:00,0.23191746255720083
2024-05-10 23:45:00,0.23237243546147415
2024-05-11 03:45:00,0.23301152101240097
2024-05-11 07:45:00,0.23380379645635724
2024-05-11 11:45:00,0.23481814812645624
2024-05-11 15:45:00,0.23607840028161386
2024-05-11 19:45:00,0.23746064868065023
2024-05-11 23:45:00,0.2389246488676418
2024-05-12 03:45:00,0.24054226324695016
2024-05-12 07:45:00,0.24234183228393114
2024-05-12 11:45:00,0.24432804417421544
2024-05-12 15:45:00,0.2464844114804513
2024-05-12 19:45:00,0.24869044510264832
2024-05-12 23:45:00,0.25091426224349694
2024-05-13 03:45:00,0.2532043223735778
2024-05-13 07:45:00,0.255625031363166
2024-05-13 11:45:00,0.2581792546741093
2024-05-13 15:45:00,0.2608335284995419
2024-05-13 19:45:00,0.263494504021947
2024-05-13 23:45:00,0.2661675698952139
2024-05-14 03:45:00,0.2688745323661572
2024-05-14 07:45:00,0.271609366467179
2024-05-14 11:45:00,0.27435740049578267
2024-05-14 15:45:00,0.2771709384159272
2024-05-14 19:45:00,0.28001204171381827
2024-05-14 23:45:00,0.28281342088232536
2024-05-15 03:45:00,0.2855948918763481
2024-05-15 07:45:00,0.28836660953052096
2024-05-15 11:45:00,0.2911716250249174
2024-05-15 15:45:00,0.2940050572163203
2024-05-15 19:45:00,0.2968483830595234
2024-05-15 23:45:00,0.29970720053257294
2024-05-16 03:45:00,0.30255923970228754
2024-05-16 07:45:00,0.3054250850251174
2024-05-16 11:45:00,0.308321379393033
2024-05-16 15:45:00,0.3112113628739331
2024-05-16 19:45:00,0.3141530247026227
2024-05-16 23:45:00,0.3171041013350509
2024-05-17 03:45:00,0.3200510564562111
2024-05-17 07:45:00,0.3229986307901337
2024-05-17 11:45:00,0.3259377348879157
2024-05-17 15:45:00,0.32883111913597457
2024-05-17 19:45:00,0.3317180091396453
2024-05-17 23:45:00,0.3346267088043949
2024-05-18 03:45:00,0.33751577276605893
2024-05-18 07:45:00,0.34037498308056297
2024-05-18 11:45:00,0.34323086192017693
2024-05-18 15:45:00,0.3461127541896612
2024-05-18 19:45:00,0.3490278553698762
2024-05-18 23:45:00,0.35197911682525984
2024-05-19 03:45:00,0.35491339142940154
2024-05-19 07:45:00,0.3578158503956643
2024-05-19 11:45:00,0.36068842497340703
2024-05-19 15:45:00,0.363531693226172
2024-05-19 19:45:00,0.3663718987809528
2024-05-19 23:45:00,0.36915555593539795
2024-05-20 03:45:00,0.3718621262449797
2024-05-20 07:45:00,0.3744635994646194
2024-05-20 11:45:00,0.37696960420512265
2024-05-20 15:45:00,0.3794071198763904
2024-05-20 19:45:00,0.3818236498092872
2024-05-20 23:45:00,0.3841647100883115
2024-05-21 03:45:00,0.3864521565387997
2024-05-21 07:45:00,0.38869603792382074
2024-05-21 11:45:00,0.3908798596898436
2024-05-21 15:45:00,0.39299489445638464
2024-05-21 19:45:00,0.39319016680615504
2024-05-21 23:45:00,0.3933554974042471
2024-05-22 03:45:00,0.3934873051914921
2024-05-22 07:45:00,0.3953230894022187
2024-05-22 11:45:00,0.39709694124178896
2024-05-22 15:45:00,0.3987667960065365
2024-05-22 19:45:00,0.4004061076225336
2024-05-22 23:45:00,0.40196284099444113
2024-05-23 03:45:00,0.4034428119091095
2024-05-23 07:45:00,0.40482950247860955
2024-05-23 11:45:00,0.40616149993995265
2024-05-23 15:45:00,0.4073807923781416
2024-05-23 19:45:00,0.4085402599749451
2024-05-23 23:45:00,0.40960544288793166
2024-05-24 03:45:00,0.4105091921839636
2024-05-24 07:45:00,0.411277241132872
2024-05-24 11:45:00,0.4119672805756104
2024-05-24 15:45:00,0.4125852845368583
2024-05-24 19:45:00,0.41317571132372904
2024-05-24 23:45:00,0.4137721548296893
2024-05-25 03:45:00,0.4142874767644882
2024-05-25 07:45:00,0.4146853409422006
2024-05-25 11:45:00,0.4149985416904175
2024-05-25 15:45:00,0.4152181179275742
2024-05-25 19:45:00,0.4153864011120117
2024-05-25 23:45:00,0.4155224070514199
2024-05-26 03:45:00,0.4155815003094589
2024-05-26 07:45:00,0.41556069623679753
2024-05-26 11:45:00,0.41542851769102584
2024-05-26 15:45:00,0.41512787371841414
2024-05-26 19:45:00,0.41472324726022464
2024-05-26 23:45:00,0.4142589173992925
2024-05-27 03:45:00,0.4136965116035461
2024-05-27 07:45:00,0.4130585149717004
2024-05-27 11:45:00,0.41230759097624964
2024-05-27 15:45:00,0.41142527881292157
2024-05-27 19:45:00,0.4104766541217784
2024-05-27 23:45:00,0.40949625647515436
2024-05-28 03:45:00,0.4084665051993914
2024-05-28 07:45:00,0.4073749311950294
2024-05-28 11:45:00,0.40623055719308454
2024-05-28 15:45:00,0.40495815969947746
2024-05-28 19:45:00,0.4036298251019966
2024-05-28 23:45:00,0.4022513588461737
2024-05-29 03:45:00,0.40085590638846175
2024-05-29 07:45:00,0.3994489271899558
2024-05-29 11:45:00,0.3980653671585848
2024-05-30 23:45:00,0.39125378661338944
2024-05-31 03:45:00,0.3895636306438906
2024-05-31 07:45:00,0.38791422777998097
2024-05-31 11:45:00,0.3862534518530379
2024-05-31 15:45:00,0.3845552465803394
2024-05-31 19:45:00,0.382849741005316
2024-05-31 23:45:00,0.38119978996197534
2024-06-01 03:45:00,0.3796246466928831
2024-06-01 07:45:00,0.3781082195994077
2024-06-01 11:45:00,0.3765971238577295
2024-06-01 15:45:00,0.375069559971795
2024-06-01 19:45:00,0.3735482621742535
2024-06-01 23:45:00,0.3720288949760446
2024-06-02 03:45:00,0.37055797981754396
2024-06-02 07:45:00,0.36916009815005585
2024-06-02 11:45:00,0.36774979633248106
2024-06-02 15:45:00,0.36625615229541564
2024-06-02 19:45:00,0.36468407927411445
2024-06-02 23:45:00,0.3630632313145132
2024-06-03 03:45:00,0.36142831809457093
2024-06-03 07:45:00,0.3597610987452702
2024-06-03 19:45:00,0.35538270009470724
2024-06-03 23:45:00,0.35374866448375875
2024-06-04 03:45:00,0.35221167100674916
2024-06-04 07:45:00,0.35079121175742584
2024-06-04 11:45:00,0.3494559034134544
2024-06-04 15:45:00,0.34819791267986777
2024-06-04 19:45:00,0.34701104257574933
2024-06-04 23:45:00,0.34592001368277675
2024-06-05 03:45:00,0.3449487275385155
2024-06-05 07:45:00,0.3440785360176234
2024-06-05 11:45:00,0.34329426149511827
2024-06-05 15:45:00,0.34258717695540264
2024-06-05 19:45:00,0.3419269856473478
2024-06-05 23:45:00,0.34129307044210544
2024-06-06 03:45:00,0.34072527385986223
2024-06-06 07:45:00,0.34026451791402684
2024-06-06 11:45:00,0.33990001209981946
2024-06-06 15:45:00,0.339649485375359
2024-06-06 19:45:00,0.33942260078236247
2024-06-06 23:45:00,0.3392146315758426
2024-06-07 03:45:00,0.3390133394385683
2024-06-07 07:45:00,0.3388712899878464
2024-06-07 11:45:00,0.33875921663173086
2024-06-07 15:45:00,0.3387051751423442
2024-06-07 19:45:00,0.3386244796549146
2024-06-07 23:45:00,0.3385142979279528
2024-06-08 03:45:00,0.3384163624905798
2024-06-08 07:45:00,0.3383530284456695
2024-06-08 11:45:00,0.338283779779112
2024-06-08 15:45:00,0.33816453305693034
2024-06-08 19:45:00,0.33798582552885686
2024-06-08 23:45:00,0.3377339982094878
2024-06-09 03:45:00,0.33745047496279096
2024-06-09 07:45:00,0.3371619528597964
2024-06-09 11:45:00,0.33687601742926454
2024-06-09 15:45:00,0.33656726350594346
2024-06-09 19:45:00,0.33621662681263925
2024-06-09 23:45:00,0.33585292128151006
2024-06-10 03:45:00,0.33547818432691207
2024-06-10 07:45:00,0.33512595480472746
2024-06-10 11:45:00,0.33481300591228697
2024-06-10 15:45:00,0.3345688680617115
2024-06-10 19:45:00,0.33434662591557146
2024-06-10 23:45:00,0.3341508394508813
2024-06-11 03:45:00,0.3339732451455733
2024-06-11 07:45:00,0.33376056595700854
2024-06-11 11:45:00,0.33356081285896066
2024-06-11 15:45:00,0.3334214300044356
2024-06-11 19:45:00,0.33327951745226586
2024-06-11 23:45:00,0.33310577807440284
2024-06-12 03:45:00,0.3328759329637385
2024-06-12 07:45:00,0.33255920581673476
2024-06-12 11:45:00,0.3321804965027367
2024-06-12 15:45:00,0.3318897942946941
2024-06-12 19:45:00,0.3316334431049773
2024-06-12 23:45:00,0.3313625980396183
2024-06-13 03:45:00,0.33100597009043864
2024-06-13 07:45:00,0.3305745708211809
2024-06-13 11:45:00,0.33004894221302156
2024-06-13 15:45:00,0.32922108027175956
2024-06-13 19:45:00,0.3284230354569556
2024-06-13 23:45:00,0.32759971421885103
2024-06-14 03:45:00,0.3267383040052946
2024-06-14 07:45:00,0.3258842063546229
2024-06-14 11:45:00,0.32505885767431586
2024-06-14 15:45:00,0.3242842236331316
2024-06-14 19:45:00,0.3235741806954623
2024-06-14 23:45:00,0.32317281016041915
2024-06-15 03:45:00,0.3227203331495235
2024-06-15 07:45:00,0.32225382427641797
2024-06-15 11:45:00,0.3217785994926971
2024-06-15 15:45:00,0.32132525471878864
2024-06-15 19:45:00,0.3208687179972815
2024-06-15 23:45:00,0.3203296348890192
2024-06-16 03:45:00,0.3196996745918649
2024-06-16 07:45:00,0.31899255476241334
2024-06-16 11:45:00,0.3182355701809859
2024-06-16 15:45:00,0.3174567034583247
2024-06-16 19:45:00,0.3166378265968208
2024-06-16 23:45:00,0.3157595004857315
2024-06-17 03:45:00,0.31481168858028247
2024-06-17 07:45:00,0.3137547383796285
2024-06-17 11:45:00,0.31262015972390056
2024-06-17 15:45:00,0.31146675012981895
2024-06-17 19:45:00,0.3103451760640403
2024-06-17 23:45:00,0.30921789440125746
2024-06-18 03:45:00,0.30809965653887955
2024-06-18 07:45:00,0.30704766448480664
2024-06-18 11:45:00,0.306114102055561
2024-06-18 15:45:00,0.30516835280067756
2024-06-18 19:45:00,0.3040894680468304
2024-06-18 23:45:00,0.3029467652646427
2024-06-19 03:45:00,0.30168482636547833
2024-06-19 07:45:00,0.3003264555967565
2024-06-19 11:45:00,0.2988723937157789
2024-06-19 15:45:00,0.2973166352956816
2024-06-19 19:45:00,0.295668696134087
2024-06-19 23:45:00,0.293900452539857
2024-06-20 03:45:00,0.29193996472129835
2024-06-20 07:45:00,0.2897947326048353
2024-06-20 11:45:00,0.287511408234353
2024-06-20 15:45:00,0.28508520673963134
2024-06-20 19:45:00,0.28258382685631045
2024-06-20 23:45:00,0.28001168894766754
2024-06-21 03:45:00,0.27729470425824687
2024-06-24 15:45:00,0.24907468133878372
2024-06-24 19:45:00,0.2455868537366407
2024-06-24 23:45:00,0.24214357207179493
2024-06-25 03:45:00,0.23875792138507682
2024-06-25 07:45:00,0.23543360235024527
2024-06-25 11:45:00,0.23210567915245123
2024-06-25 15:45:00,0.22873799821265217
2024-06-25 19:45:00,0.22546099623584112
2024-06-25 23:45:00,0.22226450698241249
2024-06-26 03:45:00,0.2191788976344725
2024-06-26 07:45:00,0.2162446053219948
2024-06-26 11:45:00,0.21337953369559803
2024-06-26 15:45:00,0.2105472275778961
2024-06-26 19:45:00,0.20785827077748956
2024-06-26 23:45:00,0.20533590858659723
2024-06-28 15:45:00,0.19162772907557796
2024-06-28 19:45:00,0.18976998395280018
2024-06-28 23:45:00,0.1880144693524874
2024-06-29 03:45:00,0.1863554605202064
2024-06-29 07:45:00,0.18471654927289166
2024-06-29 11:45:00,0.1829916565958681
2024-06-29 15:45:00,0.18108389429578764
2024-06-29 19:45:00,0.17905018246516485
2024-06-29 23:45:00,0.176949762735833
2024-06-30 03:45:00,0.1748535503174216
2024-06-30 07:45:00,0.17265928146529402
2024-06-30 11:45:00,0.17029739914545436
2024-06-30 15:45:00,0.16778168052442285
2024-06-30 19:45:00,0.1651511587756688
2024-06-30 23:45:00,0.16253467164427915
2024-07-01 03:45:00,0.1599262519282099
2024-07-01 07:45:00,0.15732926155011442
2024-07-01 11:45:00,0.15470925639979385
2024-07-01 15:45:00,0.1520450016555444
2024-07-01 19:45:00,0.1493938123913526
2024-07-01 23:45:00,0.14678868485600444
2024-07-02 03:45:00,0.144179179790765
2024-07-02 07:45:00,0.14161273690171955
2024-07-02 11:45:00,0.13913646446443845
2024-07-02 15:45:00,0.13673959520707926
2024-07-02 19:45:00,0.13434607272448587
2024-07-02 23:45:00,0.13200652122638895
2024-07-03 03:45:00,0.1296507996631407
2024-07-03 07:45:00,0.12718696496459303
2024-07-03 11:45:00,0.12472827360437141
2024-07-06 07:45:00,0.10443589336448332
2024-07-06 11:45:00,0.10496674563416367
2024-07-06 15:45:00,0.10561838128450123
2024-07-06 19:45:00,0.10634209458747862
2024-07-06 23:45:00,0.10716662380791357
2024-07-07 03:45:00,0.10808735821543328
2024-07-07 07:45:00,0.10907297146501627
2024-07-07 11:45:00,0.11013803944397929
2024-07-07 15:45:00,0.11126308062074981
2024-07-07 19:45:00,0.11241190595741571
2024-07-07 23:45:00,0.11360249357754552
2024-07-08 03:45:00,0.11483720313072879
2024-07-08 07:45:00,0.11603522999254735
2024-07-08 11:45:00,0.1172425133677708
2024-07-08 15:45:00,0.11845876052169954
2024-07-08 19:45:00,0.11965241208821537
2024-07-08 23:45:00,0.12087337316241432
2024-07-09 03:45:00,0.12212962615686121
2024-07-09 07:45:00,0.1233798943687247
2024-07-09 11:45:00,0.12465152503599305
2024-07-09 15:45:00,0.12686531036626086
2024-07-09 19:45:00,0.12908832204955165
2024-07-09 23:45:00,0.13130615982969016
2024-07-10 03:45:00,0.13351648355058732
2024-07-10 07:45:00,0.13563675736122055
2024-07-10 11:45:00,0.13773197449034083
2024-07-10 15:45:00,0.1398946575284813
2024-07-10 19:45:00,0.14198284497366237
2024-07-10 23:45:00,0.14394785183590092
2024-07-11 03:45:00,0.1457387894809493
2024-07-11 07:45:00,0.14736888962648886
2024-07-11 11:45:00,0.1489275689047011
2024-07-11 15:45:00,0.15040954752385538
2024-07-11 19:45:00,0.15175350710663
2024-07-11 23:45:00,0.15289557729256137
2024-07-12 03:45:00,0.1533690525818986
2024-07-12 07:45:00,0.15376540762418012
2024-07-12 11:45:00,0.15411304798834308
2024-07-12 15:45:00,0.1544364852822335
2024-07-12 19:45:00,0.1547416831879597
2024-07-12 23:45:00,0.15499274648149805
2024-07-13 03:45:00,0.1551841508521726
2024-07-13 07:45:00,0.15534953663821083
2024-07-13 11:45:00,0.15551935122921748
2024-07-13 15:45:00,0.15586918512768816
2024-07-13 19:45:00,0.15620235316516828
2024-07-13 23:45:00,0.15646728208856361
2024-07-14 03:45:00,0.15669239764359283
2024-07-14 07:45:00,0.15688979906537692
2024-07-14 11:45:00,0.1571442016705616
2024-07-14 15:45:00,0.1575246232621686
2024-07-14 19:45:00,0.1579483552590867
2024-07-14 23:45:00,0.15839488951449665
2024-07-15 03:45:00,0.15883598219867928
2024-07-15 07:45:00,0.15931437630173526
2024-07-15 11:45:00,0.15991404565840833
2024-07-15 15:45:00,0.16064532750846683
2024-07-15 19:45:00,0.16147321045363072
2024-07-15 23:45:00,0.1623177097425182
2024-07-16 03:45:00,0.16318996147780332
2024-07-16 07:45:00,0.16406698569224354
2024-07-16 11:45:00,0.16498150984310422
2024-07-16 15:45:00,0.1659917748835736
2024-07-16 19:45:00,0.1670170135669746
2024-07-16 23:45:00,0.16803061504414304
2024-07-17 03:45:00,0.1690365276611652
2024-07-17 07:45:00,0.17001942246421547
2024-07-17 11:45:00,0.1709492874990142
2024-07-17 15:45:00,0.171797920884663
2024-07-17 19:45:00,0.17259869443475084
2024-07-17 23:45:00,0.17332655514969553
2024-07-18 03:45:00,0.17400261801283706
2024-07-18 07:45:00,0.1747062236874118
2024-07-18 11:45:00,0.17539277388998417
2024-07-18 15:45:00,0.17462195595567365
2024-07-18 19:45:00,0.17384173477108403
2024-07-18 23:45:00,0.17305723368021386
2024-07-19 03:45:00,0.1722522134277678
2024-07-19 07:45:00,0.17145736909659615
2024-07-19 11:45:00,0.17070084907760888
2024-07-19 15:45:00,0.16995585734272617
2024-07-19 19:45:00,0.16924319748030825
2024-07-19 23:45:00,0.1685402314867379
2024-07-20 03:45:00,0.16784110068713923
2024-07-20 07:45:00,0.16717719711173182
2024-07-20 11:45:00,0.16655102304444913
2024-07-20 15:45:00,0.1659173396581929
2024-07-20 19:45:00,0.16528397144035636
2024-07-20 23:45:00,0.16465486144081834
2024-07-21 03:45:00,0.16398248519014075
2024-07-21 07:45:00,0.16381576134971637
2024-07-21 11:45:00,0.16349457340050183
2024-07-21 15:45:00,0.16301346454907112
2024-07-21 19:45:00,0.16243796531879662
2024-07-21 23:45:00,0.1617449639152111
2024-07-22 03:45:00,0.16093855072106844
2024-07-22 07:45:00,0.16005725279462182
2024-07-22 11:45:00,0.15905073531086375
2024-07-22 15:45:00,0.15791373450042975
2024-07-22 19:45:00,0.15672207134406207
2024-07-22 23:45:00,0.15545105017655952
2024-07-23 03:45:00,0.15410583554242516
2024-07-23 07:45:00,0.15276235869251
2024-07-23 11:45:00,0.15134491822255458
2024-07-23 15:45:00,0.14986097892920477
2024-07-23 19:45:00,0.14837647899551043
2024-07-23 23:45:00,0.1468399939268804
2024-07-24 03:45:00,0.14525107411345678
2024-07-24 19:45:00,0.14105724601688605
2024-07-24 23:45:00,0.13935728086489474
2024-07-25 03:45:00,0.13768273759152963
2024-07-25 07:45:00,0.1360680692930746
2024-07-25 11:45:00,0.13445400393758794
2024-07-25 15:45:00,0.13283537385656513
2024-07-25 19:45:00,0.13126485177425806
2024-07-25 23:45:00,0.1297578816115783
2024-07-26 03:45:00,0.1283493881169909
2024-07-26 07:45:00,0.12697414613660507
2024-07-26 23:45:00,0.12275062576525686
2024-07-27 03:45:00,0.12146483960287921
2024-07-27 07:45:00,0.1202121232347764
2024-07-27 11:45:00,0.11893479010223529
2024-07-27 15:45:00,0.11764374761258801
2024-07-27 19:45:00,0.11635769165040442
2024-07-27 23:45:00,0.1150971821372121
2024-07-28 03:45:00,0.11385442956551058
2024-07-28 07:45:00,0.11260797634553327
2024-07-28 11:45:00,0.11130015608555101
2024-07-28 15:45:00,0.10992571306042298
2024-07-28 19:45:00,0.10851399456016766
2024-07-28 23:45:00,0.10712115723471183
2024-07-29 03:45:00,0.10570928030511355
2024-07-29 07:45:00,0.10431192850807358
2024-07-29 11:45:00,0.10288705892073434
2024-07-29 15:45:00,0.10142170012562915
2024-07-29 19:45:00,0.09996281692656404
2024-07-29 23:45:00,0.09853011618910185
2024-07-30 03:45:00,0.09713840874517667
2024-07-30 07:45:00,0.09581954670389636
2024-07-30 11:45:00,0.09455204027812598
2024-07-30 15:45:00,0.09331030796907064
2024-07-30 19:45:00,0.09210492144656181
2024-07-30 23:45:00,0.09097070887244987
2024-07-31 03:45:00,0.0898883597521941
2024-07-31 07:45:00,0.08885795938171562
2024-07-31 11:45:00,0.08785990872607462
2024-07-31 15:45:00,0.08685680948199648
2024-07-31 19:45:00,0.08589085036871373
2024-07-31 23:45:00,0.08499017965999422
2024-08-01 03:45:00,0.08419423259380641
2024-08-01 07:45:00,0.08346915003824334
2024-08-01 11:45:00,0.08280755100224045
2024-08-01 15:45:00,0.08225257490014523
2024-08-01 19:45:00,0.08176861313240048
2024-08-01 23:45:00,0.08135204958761338
2024-08-02 03:45:00,0.08104154159875014
2024-08-02 07:45:00,0.08074870005704465
2024-08-02 11:45:00,0.08046018789916458
2024-08-02 15:45:00,0.08020825906374554
2024-08-02 19:45:00,0.08000090836558642
2024-08-02 23:45:00,0.07982320582251581
2024-08-03 03:45:00,0.0797084288196749
2024-08-03 07:45:00,0.07958985348142139
2024-08-03 11:45:00,0.07942874980484134
2024-08-03 15:45:00,0.07924692388072568
2024-08-03 19:45:00,0.07902274725827675
2024-08-03 23:45:00,0.07877864308341112
2024-08-04 03:45:00,0.07853255851921608
2024-08-04 07:45:00,0.07823599708203152
2024-08-04 23:45:00,0.07609142691697135
2024-08-05 03:45:00,0.07566598486803817
2024-08-05 07:45:00,0.0752653226613802
2024-08-05 11:45:00,0.07490566981003348
2024-08-05 15:45:00,0.07462585314901232
2024-08-05 19:45:00,0.07433558895673399
2024-08-05 23:45:00,0.07401470081535608
2024-08-06 03:45:00,0.0736942561347917
2024-08-06 07:45:00,0.07335665328660254
2024-08-06 11:45:00,0.07310069621032923
2024-08-06 15:45:00,0.0729419911402227
2024-08-06 19:45:00,0.0727809793259127
2024-08-06 23:45:00,0.07259951924181898
2024-08-07 03:45:00,0.07239987395174201
2024-08-07 07:45:00,0.07216245536303631
2024-08-07 11:45:00,0.07195895550297442
2024-08-07 15:45:00,0.07178729241065254
2024-08-07 19:45:00,0.07156732888652671
2024-08-07 23:45:00,0.07126894613102347
2024-08-08 03:45:00,0.0708942805437389
2024-08-08 07:45:00,0.07023915630608635
2024-08-08 11:45:00,0.06956732637784822
2024-08-08 15:45:00,0.06887826199239486
2024-08-08 19:45:00,0.06828824672037302
2024-08-08 23:45:00,0.06751927142156627
2024-08-09 03:45:00,0.066617427057531
2024-08-09 07:45:00,0.0655937813799483
2024-08-09 11:45:00,0.06448803543042443
2024-08-09 15:45:00,0.06326260664216651
2024-08-09 19:45:00,0.06193006033966218
2024-08-09 23:45:00,0.060493235008798524
2024-08-10 03:45:00,0.05894030873499158
2024-08-10 07:45:00,0.05734298513513103
2024-08-10 11:45:00,0.055953956495767024
2024-08-10 15:45:00,0.054537078712251816
2024-08-10 19:45:00,0.05308263857353855
2024-08-10 23:45:00,0.05140047270492004
2024-08-11 03:45:00,0.04963011110505754
2024-08-11 07:45:00,0.04782145694416033
2024-08-11 11:45:00,0.046040259128213135
2024-08-11 15:45:00,0.044231124313562534
2024-08-11 19:45:00,0.04237295476776817
2024-08-11 23:45:00,0.040478053709574774
2024-08-12 03:45:00,0.038558986724200786
2024-08-12 07:45:00,0.03659222775189441
2024-08-12 11:45:00,0.03463633885950576
2024-08-12 15:45:00,0.032689212608877624
2024-08-12 19:45:00,0.030732343590324118
2024-08-12 23:45:00,0.028729980557129622
2024-08-13 03:45:00,0.02672500614352416
2024-08-13 07:45:00,0.024645905561464426
2024-08-13 11:45:00,0.022544170684393128
2024-08-13 15:45:00,0.02045661697280561
2024-08-13 19:45:00,0.01831174176801449
2024-08-13 23:45:00,0.01608291035049858
2024-08-14 03:45:00,0.013783010797390194
2024-08-14 07:45:00,0.011356129319948532
2024-08-14 11:45:00,0.008816867491269018
2024-08-14 15:45:00,0.006203098663237774
2024-08-14 19:45:00,0.003460663318128998
2024-08-14 23:45:00,0.0005617401436481678
2024-08-15 03:45:00,-0.0024506947497192066
2024-08-15 07:45:00,-0.0055334795704292256
2024-08-15 11:45:00,-0.008686006259072676
2024-08-15 15:45:00,-0.01187938820606392
2024-08-15 19:45:00,-0.015167396379924716
2024-08-15 23:45:00,-0.018599107536036483
2024-08-16 03:45:00,-0.022159065149710125
2024-08-16 07:45:00,-0.0257819398812587
2024-08-16 19:45:00,-0.03261011816520112
2024-08-16 23:45:00,-0.03662078180381745
2024-08-17 03:45:00,-0.04072803013782427
2024-08-17 07:45:00,-0.044857133434240845
2024-08-17 11:45:00,-0.049024237015064795
2024-08-17 15:45:00,-0.05324378584087355
2024-08-17 19:45:00,-0.05751815543759198
2024-08-17 23:45:00,-0.06186583292225246
2024-08-18 03:45:00,-0.06628128285454268
2024-08-18 07:45:00,-0.07072221809601963
2024-08-18 11:45:00,-0.07519817792665275
2024-08-18 15:45:00,-0.07964292961310172
2024-08-18 19:45:00,-0.08404215838307075
2024-08-18 23:45:00,-0.08841010317039383
2024-08-19 03:45:00,-0.09274198726962848
2024-08-19 07:45:00,-0.09704177698186196
2024-08-19 11:45:00,-0.09921172894973226
2024-08-19 15:45:00,-0.10130263669079718
2024-08-19 19:45:00,-0.10330194702274678
2024-08-19 23:45:00,-0.10719268605989425
2024-08-20 03:45:00,-0.11100452227934421
2024-08-20 07:45:00,-0.11476063306777935
2024-08-20 11:45:00,-0.11847382912832422
2024-08-20 15:45:00,-0.12214871839895636
2024-08-20 19:45:00,-0.1257036870066439
2024-08-20 23:45:00,-0.1290967432269025
2024-08-21 03:45:00,-0.13241065117629436
2024-08-21 07:45:00,-0.13569489815868072
2024-08-21 11:45:00,-0.13902633214877885
2024-08-21 15:45:00,-0.14236402811893473
2024-08-21 19:45:00,-0.1456344302666302
2024-08-21 23:45:00,-0.14878675226941301
2024-08-22 03:45:00,-0.15186278814725623
2024-08-22 23:45:00,-0.1643877783240691
2024-08-23 03:45:00,-0.16720550363762143
2024-08-23 07:45:00,-0.16996754195662364
2024-08-23 11:45:00,-0.17271381517935147
2024-08-23 15:45:00,-0.17540633519177318
2024-08-23 19:45:00,-0.17797534944201046
2024-08-23 23:45:00,-0.18036017883631178
2024-08-24 03:45:00,-0.1826063843987035
2024-08-24 07:45:00,-0.18477015365912108
2024-08-24 11:45:00,-0.1868508222439414
2024-08-24 15:45:00,-0.18878011246914228
2024-08-24 19:45:00,-0.19059323233135833
2024-08-24 23:45:00,-0.1922741923573382
2024-08-25 03:45:00,-0.19382714776741425
2024-08-25 07:45:00,-0.1953066755837915
2024-08-25 11:45:00,-0.1967459651090849
2024-08-25 15:45:00,-0.1980951242506469
2024-08-25 19:45:00,-0.19934616282302825
2024-08-25 23:45:00,-0.20050884680064648
2024-08-26 03:45:00,-0.20155299266492432
2024-08-26 07:45:00,-0.20249950373768588
2024-08-26 11:45:00,-0.20342409863340005
2024-08-26 15:45:00,-0.20427226294770584
2024-08-26 19:45:00,-0.205069290293857
2024-08-26 23:45:00,-0.20580241544954703
2024-08-27 03:45:00,-0.20645629181592723
2024-08-27 07:45:00,-0.20700278625194402
2024-08-27 11:45:00,-0.20750758707852282
2024-08-27 15:45:00,-0.2079650257779244
2024-08-27 19:45:00,-0.2083757444570028
2024-08-27 23:45:00,-0.2087145201963148
2024-08-28 03:45:00,-0.20900658507974046
2024-08-28 07:45:00,-0.2092065038753138
2024-08-28 11:45:00,-0.20932457443021385
2024-08-28 15:45:00,-0.20941939898525616
2024-08-28 19:45:00,-0.209443302410402
2024-08-28 23:45:00,-0.20936850468137264
2024-08-29 03:45:00,-0.20922592466802803
2024-08-29 07:45:00,-0.20899744033797663
2024-08-29 11:45:00,-0.2087206309562858
2024-08-29 15:45:00,-0.20838960674596527
2024-08-29 19:45:00,-0.20791557352147869
2024-08-29 23:45:00,-0.2072732546944469
2024-08-30 03:45:00,-0.20649651664824312
2024-08-30 07:45:00,-0.20564008272997197
2024-08-30 11:45:00,-0.20468670404368045
2024-08-31 11:45:00,-0.2031627167116044
2024-08-31 15:45:00,-0.2021297618099709
2024-08-31 19:45:00,-0.20052199945844457
2024-08-31 23:45:00,-0.19884626328635027
2024-09-01 03:45:00,-0.19710458931098415
2024-09-01 07:45:00,-0.19534756507579892
2024-09-01 11:45:00,-0.1935088795995179
2024-09-01 15:45:00,-0.19159236707281996
2024-09-01 19:45:00,-0.189640565847922
2024-09-01 23:45:00,-0.1875951272878078
2024-09-02 03:45:00,-0.1855057640430329
2024-09-02 07:45:00,-0.18336542323749477
2024-09-02 11:45:00,-0.18112141902389087
2024-09-02 15:45:00,-0.17887323749016287
2024-09-02 19:45:00,-0.17667672906499365
2024-09-02 23:45:00,-0.17452031696009668
2024-09-03 03:45:00,-0.17240422416383344
2024-09-03 07:45:00,-0.1702910720996456
2024-09-03 11:45:00,-0.16810200680500925
2024-09-03 15:45:00,-0.16596443267063155
2024-09-03 19:45:00,-0.16395807084911995
2024-09-03 23:45:00,-0.1620849624780012
2024-09-04 03:45:00,-0.16029309199052322
2024-09-04 07:45:00,-0.15854885877357616
2024-09-04 11:45:00,-0.1568248769380341
2024-09-04 15:45:00,-0.15515199707918864
2024-09-04 19:45:00,-0.15362497010409482
2024-09-05 23:45:00,-0.14625443831263576
2024-09-06 03:45:00,-0.14529648662579986
2024-09-06 07:45:00,-0.1454837437423206
2024-09-06 11:45:00,-0.14568941814607603
2024-09-06 15:45:00,-0.14593557297524168
2024-09-06 19:45:00,-0.14623882212634426
2024-09-06 23:45:00,-0.14569049125991113
2024-09-07 03:45:00,-0.14524377335468486
2024-09-07 07:45:00,-0.14479207698165325
2024-09-07 11:45:00,-0.14435230259942902
2024-09-07 15:45:00,-0.14397521542517494
2024-09-07 19:45:00,-0.14372587640053175
2024-09-07 23:45:00,-0.14364361570809703
2024-09-08 03:45:00,-0.14369140609227166
2024-09-08 07:45:00,-0.1437687825244246
2024-09-08 11:45:00,-0.14389050935849756
2024-09-08 15:45:00,-0.1441699420635048
2024-09-08 19:45:00,-0.14459357256367472
2024-09-08 23:45:00,-0.1451825541644648
2024-09-09 03:45:00,-0.14592891471944683
2024-09-09 07:45:00,-0.14677254936440737
2024-09-09 11:45:00,-0.14766899869416394
2024-09-09 15:45:00,-0.14863576189759245
2024-09-09 19:45:00,-0.14969205098811608
2024-09-09 23:45:00,-0.15089491377669856
2024-09-10 03:45:00,-0.15224848736775065
2024-09-10 07:45:00,-0.15371488714953965
2024-09-10 11:45:00,-0.15521851680599957
2024-09-10 15:45:00,-0.15681054576316467
2024-09-10 19:45:00,-0.15844765839680403
2024-09-10 23:45:00,-0.1601962984707359
2024-09-11 03:45:00,-0.16202844618579762
2024-09-11 07:45:00,-0.1639262053218127
2024-09-11 11:45:00,-0.16585122481231337
2024-09-11 15:45:00,-0.16778349220877953
2024-09-11 19:45:00,-0.16976168176519368
2024-09-11 23:45:00,-0.1718265861778685
2024-09-12 03:45:00,-0.17388761190998003
2024-09-12 07:45:00,-0.1759218424195444
2024-09-12 11:45:00,-0.17801324881896144
2024-09-12 15:45:00,-0.18013314102922573
2024-09-12 19:45:00,-0.18229628704359319
2024-09-12 23:45:00,-0.18455818277058117
2024-09-13 03:45:00,-0.18681938620758623
2024-09-13 07:45:00,-0.18908490352566829
2024-09-13 11:45:00,-0.1913177239197079
2024-09-13 15:45:00,-0.19352413630067192
2024-09-13 19:45:00,-0.1958364748201322
2024-09-13 23:45:00,-0.1982875192327609
2024-09-14 03:45:00,-0.20078244127061928
2024-09-14 07:45:00,-0.20333207632773193
2024-09-14 11:45:00,-0.2059495186993153
2024-09-14 15:45:00,-0.20756572237912232
2024-09-14 19:45:00,-0.20913709365251248
2024-09-14 23:45:00,-0.21067622226522859
2024-09-15 03:45:00,-0.2121563765382474
2024-09-15 07:45:00,-0.21359049736020785
2024-09-15 11:45:00,-0.21611316697732558
2024-09-15 15:45:00,-0.2186066790798708
2024-09-15 19:45:00,-0.2210901518403965
2024-09-15 23:45:00,-0.2235811839593158
2024-09-16 03:45:00,-0.2260634711837315
2024-09-16 07:45:00,-0.22854837493711433
2024-09-16 11:45:00,-0.23109269545852668
2024-09-16 15:45:00,-0.23365969452719115
2024-09-16 19:45:00,-0.2361668316531884
2024-09-16 23:45:00,-0.23867516017657767
2024-09-17 03:45:00,-0.24115584225471254
2024-09-17 07:45:00,-0.24366734620986136
2024-09-17 11:45:00,-0.24625684445852436
2024-09-17 15:45:00,-0.24886991115455426
2024-09-17 19:45:00,-0.25139407745811104
2024-09-17 23:45:00,-0.25384260728230124
2024-09-18 03:45:00,-0.256273843102806
2024-09-18 23:45:00,-0.2664259321401518
2024-09-19 03:45:00,-0.2687196296188125
2024-09-19 07:45:00,-0.27103027924116063
2024-09-19 11:45:00,-0.27334123210443545
2024-09-19 15:45:00,-0.27561564041426045
2024-09-19 19:45:00,-0.27777574730395926
2024-09-19 23:45:00,-0.2780923237000531
2024-09-20 03:45:00,-0.27843987117636654
2024-09-20 07:45:00,-0.27881939676342976
2024-09-20 11:45:00,-0.2792213937153381
2024-09-20 15:45:00,-0.2796043205320427
2024-09-20 19:45:00,-0.27995499162617976
2024-09-20 23:45:00,-0.2816928700748714
2024-09-21 03:45:00,-0.28340553808613544
2024-09-21 07:45:00,-0.28516494154642047
2024-09-21 11:45:00,-0.2869397947807931
2024-09-21 15:45:00,-0.28866719102831595
2024-09-21 19:45:00,-0.2903163354254097
2024-09-21 23:45:00,-0.2918235272040301
2024-09-22 03:45:00,-0.29324350042911745
2024-09-22 07:45:00,-0.29469035063231663
2024-09-22 11:45:00,-0.29613225608406113
2024-09-22 15:45:00,-0.29754979136280835
2024-09-22 19:45:00,-0.29886643467705615
2024-09-22 23:45:00,-0.3000097464945088
2024-09-23 03:45:00,-0.3009852647439092
2024-09-23 07:45:00,-0.3018860434357381
2024-09-23 11:45:00,-0.30270366472262045
2024-09-23 15:45:00,-0.30338320415166364
2024-09-23 19:45:00,-0.303897132164202
2024-09-23 23:45:00,-0.30420125659252367
2024-09-24 03:45:00,-0.30429495406447593
2024-09-24 07:45:00,-0.30425106013955494
2024-09-24 11:45:00,-0.3041400420866621
2024-09-24 15:45:00,-0.3039752903336847
2024-09-24 19:45:00,-0.30369449521922215
2024-09-24 23:45:00,-0.3032330109009478
2024-09-25 03:45:00,-0.30260483892555423
2024-09-25 07:45:00,-0.3018480601559027
2024-09-25 11:45:00,-0.30102948633613696
2024-09-25 15:45:00,-0.300131904918295
2024-09-25 19:45:00,-0.2991598107675607
2024-09-25 23:45:00,-0.29803586693580825
2024-09-26 03:45:00,-0.29680461742602526
2024-09-26 07:45:00,-0.29553893375513074
2024-09-26 11:45:00,-0.2942424493805798
2024-09-26 15:45:00,-0.2929063764652343
2024-09-26 19:45:00,-0.2914751151821667
2024-09-26 23:45:00,-0.28992946847289197
2024-09-27 03:45:00,-0.28833778474867916
2024-09-27 07:45:00,-0.28675789181991607
2024-09-27 11:45:00,-0.2851338713029161
2024-09-27 15:45:00,-0.2834543822441468
2024-09-27 19:45:00,-0.28169245180369723
2024-09-27 23:45:00,-0.2798041181016576
2024-09-28 03:45:00,-0.2778794506861892
2024-09-28 07:45:00,-0.27591327852418984
2024-09-28 11:45:00,-0.2739533941865107
2024-09-28 15:45:00,-0.27204936867757823
2024-09-28 19:45:00,-0.27008100530188967
2024-09-28 23:45:00,-0.268008063632443
2024-09-29 03:45:00,-0.2659312003888721
2024-09-29 07:45:00,-0.2638108325564299
2024-09-29 11:45:00,-0.26166415223613576
2024-09-29 15:45:00,-0.25956010435936294
2024-09-29 19:45:00,-0.257460285272455
2024-09-29 23:45:00,-0.2553640078059498
2024-09-30 03:45:00,-0.25328587712548284
2024-09-30 07:45:00,-0.25118492296570943
2024-09-30 11:45:00,-0.24902478743392448
2024-09-30 15:45:00,-0.24690238346404259
2024-09-30 19:45:00,-0.24486411617648207
2024-09-30 23:45:00,-0.2428478656496213
2024-10-01 03:45:00,-0.24085340222739737
2024-10-01 07:45:00,-0.23883017844630028
2024-10-01 11:45:00,-0.2367085987881002
2024-10-01 15:45:00,-0.2345725509375508
2024-10-01 19:45:00,-0.23253233134452675
2024-10-01 23:45:00,-0.23053122898588205
2024-10-02 03:45:00,-0.22855195798211203
2024-10-02 07:45:00,-0.22651743930042353
2024-10-02 11:45:00,-0.22438651229712195
2024-10-02 15:45:00,-0.2222224603007117
2024-10-02 19:45:00,-0.22016460764156737
2024-10-02 23:45:00,-0.2181709974430369
2024-10-03 03:45:00,-0.2161534915081513
2024-10-03 07:45:00,-0.2153046241189065
2024-10-03 15:45:00,-0.21458699372093865
2024-10-03 19:45:00,-0.21376196341651524
2024-10-03 23:45:00,-0.21192270300591406
2024-10-04 03:45:00,-0.21004319725810425
2024-10-04 07:45:00,-0.20812070050803277
2024-10-04 11:45:00,-0.20619634007868592
2024-10-04 15:45:00,-0.20426476063302174
2024-10-04 19:45:00,-0.20237681701891017
2024-10-04 23:45:00,-0.2005391894747927
2024-10-05 03:45:00,-0.19867346759517074
2024-10-05 07:45:00,-0.1967955516501697
2024-10-05 11:45:00,-0.19489607157738958
2024-10-05 15:45:00,-0.19303914171157766
2024-10-05 19:45:00,-0.19125028109144987
2024-10-05 23:45:00,-0.18953960853919105
2024-10-06 03:45:00,-0.18786317138979397
2024-10-06 11:45:00,-0.18478539034389727
2024-10-06 15:45:00,-0.1830238264238815
2024-10-06 19:45:00,-0.18135408114247323
2024-10-06 23:45:00,-0.17984242106632578
2024-10-07 03:45:00,-0.17843961757111515
2024-10-07 07:45:00,-0.17703796484251835
2024-10-07 11:45:00,-0.175616705831996
2024-10-07 15:45:00,-0.17421230701976528
2024-10-07 19:45:00,-0.17289479529033341
2024-10-07 23:45:00,-0.1717725427805687
2024-10-08 03:45:00,-0.1708604721746505
2024-10-08 07:45:00,-0.17006647447944134
2024-10-08 11:45:00,-0.16935908730963917
2024-10-08 15:45:00,-0.16875458138512775
2024-10-08 19:45:00,-0.16833429630909155
2024-10-08 23:45:00,-0.16815882851208838
2024-10-09 03:45:00,-0.1681718147929247
2024-10-09 07:45:00,-0.16832960865958999
2024-10-09 11:45:00,-0.1685715104815967
2024-10-09 15:45:00,-0.16887773967500552
2024-10-09 19:45:00,-0.169326021157304
2024-10-09 23:45:00,-0.16994095287712882
2024-10-10 03:45:00,-0.17067280644759217
2024-10-10 07:45:00,-0.17150720421072824
2024-10-10 11:45:00,-0.17238041199302456
2024-10-10 15:45:00,-0.17326911208711115
2024-10-10 19:45:00,-0.17422046714930994
2024-10-10 23:45:00,-0.17527384387285186
2024-10-11 03:45:00,-0.17637064959277157
2024-10-11 07:45:00,-0.17746181038861564
2024-10-11 11:45:00,-0.17855679465314023
2024-10-11 15:45:00,-0.17968161461774332
2024-10-11 19:45:00,-0.18090436353204212
2024-10-11 23:45:00,-0.18220879605392823
2024-10-12 03:45:00,-0.1835856391855776
2024-10-12 07:45:00,-0.18502962428305206
2024-10-12 11:45:00,-0.18650870305687312
2024-10-12 15:45:00,-0.18802769868942443
2024-10-12 19:45:00,-0.18962524143939594
2024-10-12 23:45:00,-0.1913038442166091
2024-10-13 03:45:00,-0.19304052084133833
2024-10-13 07:45:00,-0.19488563340103332
2024-10-13 11:45:00,-0.19675515600486576
2024-10-13 15:45:00,-0.19858371225401827
2024-10-13 19:45:00,-0.20046085684888842
2024-10-13 23:45:00,-0.20242194253046908
2024-10-14 03:45:00,-0.2044293700469848
2024-10-14 07:45:00,-0.2065613840224036
2024-10-14 11:45:00,-0.20874806929965273
2024-10-14 15:45:00,-0.210900523720361
2024-10-14 19:45:00,-0.2130570425216673
2024-10-14 23:45:00,-0.21523287518042125
2024-10-15 03:45:00,-0.21747505395769717
2024-10-15 07:45:00,-0.21984880504386756
2024-10-15 11:45:00,-0.2223423369555883
2024-10-15 15:45:00,-0.22484354458922665
2024-10-15 19:45:00,-0.22725846675694156
2024-10-15 23:45:00,-0.2296677269413127
2024-10-16 03:45:00,-0.23210534423112184
2024-10-16 07:45:00,-0.23462346919413968
2024-10-16 11:45:00,-0.23724720458118018
2024-10-16 15:45:00,-0.2398996379590114
2024-10-16 19:45:00,-0.24250461638223522
2024-10-16 23:45:00,-0.24511078918660192
2024-10-17 03:45:00,-0.2477980315644113
2024-10-17 07:45:00,-0.25061649766819194
2024-10-17 11:45:00,-0.2535807265414657
2024-10-17 15:45:00,-0.2565930341092054
2024-10-17 19:45:00,-0.25954368386476817
2024-10-17 23:45:00,-0.26248018987613425
2024-10-18 03:45:00,-0.26549090270103437
2024-10-18 07:45:00,-0.26856468664128486
2024-10-18 11:45:00,-0.27023526230639194
2024-10-18 15:45:00,-0.27338170355536673
2024-10-18 19:45:00,-0.27651706152235717
2024-10-18 23:45:00,-0.27963704169419096
2024-10-19 03:45:00,-0.28281532319303837
2024-10-19 07:45:00,-0.28604876187552264
2024-10-19 11:45:00,-0.2893295043074607
2024-10-19 15:45:00,-0.2926540680249123
2024-10-19 19:45:00,-0.29597261087789356
2024-10-19 23:45:00,-0.2992544367183146
2024-10-20 03:45:00,-0.30253336341132175
2024-10-20 07:45:00,-0.30579814506994973
2024-10-20 11:45:00,-0.30910368676038563
2024-10-20 15:45:00,-0.3124177732147976
2024-10-20 19:45:00,-0.31570397905277897
2024-10-20 23:45:00,-0.3189357696782764
2024-10-21 03:45:00,-0.32211211920534244
2024-10-21 07:45:00,-0.3234777471448114
2024-10-21 11:45:00,-0.3267334962531005
2024-10-21 15:45:00,-0.3300295179814361
2024-10-21 19:45:00,-0.33326251203020485
2024-10-21 23:45:00,-0.336379846715561
2024-10-22 03:45:00,-0.3394081922198465
2024-10-22 07:45:00,-0.34241638783956696
2024-10-22 11:45:00,-0.3454727833092682
2024-10-22 15:45:00,-0.3485473706321779
2024-10-22 19:45:00,-0.35156654282121785
2024-10-22 23:45:00,-0.3544211876757506
2024-10-23 03:45:00,-0.3571025582845904
2024-10-23 07:45:00,-0.35970925081606786
2024-10-23 11:45:00,-0.36229893054388596
2024-10-23 15:45:00,-0.3648977667013923
2024-10-23 19:45:00,-0.36741083620572085
2024-10-23 23:45:00,-0.36974652162098287
2024-10-24 03:45:00,-0.372000834337771
2024-10-24 07:45:00,-0.37419629428080753
2024-10-24 11:45:00,-0.3763388421923797
2024-10-24 15:45:00,-0.37845440153340487
2024-10-24 19:45:00,-0.38051584818008344
2024-10-24 23:45:00,-0.3824725496811482
2024-10-25 03:45:00,-0.38437419305965526
2024-10-25 07:45:00,-0.3862795958526011
2024-10-25 11:45:00,-0.3882140333237057
2024-10-25 15:45:00,-0.39019238209945206
2024-10-25 19:45:00,-0.39217064568646776
2024-10-25 23:45:00,-0.3941032124514908
2024-10-26 03:45:00,-0.3960818746570184
2024-10-26 07:45:00,-0.3981208612513746
2024-10-26 11:45:00,-0.40017898735587687
2024-10-26 15:45:00,-0.40227630905607237
2024-10-26 19:45:00,-0.40438258353321616
2024-10-26 23:45:00,-0.40648022808778106
2024-10-27 03:45:00,-0.4085957492817488
2024-10-27 07:45:00,-0.4106736658094669
2024-10-27 11:45:00,-0.4127508598208101
2024-10-27 15:45:00,-0.41487428941338184
2024-10-27 19:45:00,-0.41702263316888954
2024-10-27 23:45:00,-0.41913661311579464
2024-10-28 03:45:00,-0.4212213824479445
2024-10-28 07:45:00,-0.4232092414386327
2024-10-28 11:45:00,-0.42513837686283307
2024-10-28 15:45:00,-0.4270987468792926
2024-10-28 19:45:00,-0.42904107395180735
2024-10-28 23:45:00,-0.430891304093004
2024-10-29 03:45:00,-0.43267072084951264
2024-10-29 07:45:00,-0.43428613693507667
2024-10-29 11:45:00,-0.43577295584361
2024-10-29 15:45:00,-0.43725692122082327
2024-10-29 19:45:00,-0.43878655145416035
2024-10-29 23:45:00,-0.4402815040272292
2024-10-30 03:45:00,-0.4416809036122954
2024-10-30 07:45:00,-0.44293590362487034
2024-10-30 11:45:00,-0.444076154252141
2024-10-30 15:45:00,-0.4451999294770924
2024-10-30 19:45:00,-0.4464121835582198
2024-10-30 23:45:00,-0.44762081216160543
2024-10-31 03:45:00,-0.44878361961848834
2024-10-31 07:45:00,-0.44986489999944856
2024-10-31 11:45:00,-0.45088626195482767
2024-10-31 15:45:00,-0.45189814958885743
2024-10-31 19:45:00,-0.4529489606850732
2024-10-31 23:45:00,-0.45398820981936255
2024-11-01 03:45:00,-0.45490206326367744
2024-11-01 07:45:00,-0.4556731510428945
2024-11-01 11:45:00,-0.4563202971409934
2024-11-01 15:45:00,-0.4569441810114931
2024-11-01 19:45:00,-0.4576295894010631
2024-11-01 23:45:00,-0.4583352016672299
2024-11-02 03:45:00,-0.45899807304790663
2024-11-02 07:45:00,-0.4596122349028648
2024-11-02 11:45:00,-0.46016898753163676
2024-11-02 15:45:00,-0.46070749541197886
2024-11-02 19:45:00,-0.461264111589483
2024-11-02 23:45:00,-0.4618401650794914
2024-11-03 03:45:00,-0.4623913421656107
2024-11-03 07:45:00,-0.4629041758377981
2024-11-03 11:45:00,-0.4633278786003345
2024-11-03 15:45:00,-0.4637410644961123
2024-11-03 19:45:00,-0.464212563049763
2024-11-03 23:45:00,-0.4647379345717725
2024-11-04 03:45:00,-0.4652828785847263
2024-11-04 07:45:00,-0.46582581495837927
2024-11-04 11:45:00,-0.4663077297152885
2024-11-04 15:45:00,-0.46676249938393866
2024-11-04 19:45:00,-0.4672649416410245
2024-11-04 23:45:00,-0.4678151144320095
2024-11-05 03:45:00,-0.4683857378972846
2024-11-05 07:45:00,-0.4689318547355291
2024-11-05 11:45:00,-0.4693875832848273
2024-11-05 15:45:00,-0.469775714170773
2024-11-05 19:45:00,-0.4702346051348309
2024-11-05 23:45:00,-0.47078048017740093
2024-11-06 03:45:00,-0.4714045338742284
2024-11-06 07:45:00,-0.4720610782281884
2024-11-06 11:45:00,-0.47265899817489687
2024-11-06 15:45:00,-0.4732126776850393
2024-11-06 19:45:00,-0.47382712689345385
2024-11-06 23:45:00,-0.47456721547680064
2024-11-07 03:45:00,-0.47540630146900226
2024-11-07 07:45:00,-0.4762729694342367
2024-11-07 11:45:00,-0.47712212863119186
2024-11-07 15:45:00,-0.47786201313657967
2024-11-07 19:45:00,-0.47856173778313554
2024-11-07 23:45:00,-0.4792824813617078
2024-11-08 03:45:00,-0.4799810311627629
2024-11-08 07:45:00,-0.4806351390861203
2024-11-08 11:45:00,-0.48126125192535707
2024-11-08 15:45:00,-0.4818387067978065
2024-11-08 19:45:00,-0.48234903829117054
2024-11-08 23:45:00,-0.4828169564105322
2024-11-09 03:45:00,-0.4832752814646938
2024-11-09 07:45:00,-0.48366649509928183
2024-11-09 11:45:00,-0.4839615283938842
2024-11-09 15:45:00,-0.4841819257200213
2024-11-09 19:45:00,-0.4843146324238374
2024-11-09 23:45:00,-0.484417992928763
2024-11-10 03:45:00,-0.4844846168440957
2024-11-10 07:45:00,-0.4845205609699523
2024-11-10 11:45:00,-0.48451538691677976
2024-11-10 15:45:00,-0.484449172486514
2024-11-10 19:45:00,-0.48430224358817364
2024-11-10 23:45:00,-0.4840827796647198
2024-11-11 03:45:00,-0.48382513187625065
2024-11-11 07:45:00,-0.4835997931769487
2024-11-11 11:45:00,-0.4833616489037094
2024-11-11 15:45:00,-0.4830451846077719
2024-11-11 19:45:00,-0.48266197649633635
2024-11-11 23:45:00,-0.4823298291688217
2024-11-12 03:45:00,-0.48206127794760467
2024-11-12 07:45:00,-0.481884402461958
2024-11-12 11:45:00,-0.4818085684159167
2024-11-12 15:45:00,-0.4817565820137887
2024-11-12 19:45:00,-0.4817521961750686
2024-11-12 23:45:00,-0.4818964535396318
2024-11-13 03:45:00,-0.4822410856870743
2024-11-13 07:45:00,-0.482815307845735
2024-11-13 11:45:00,-0.48361808237795917
2024-11-13 15:45:00,-0.48451786853681517
2024-11-13 19:45:00,-0.48538917943941673
2024-11-13 23:45:00,-0.4862873820351097
2024-11-14 03:45:00,-0.4872347783002365
2024-11-14 07:45:00,-0.48828563912687467
2024-11-14 11:45:00,-0.489425561827443
2024-11-14 15:45:00,-0.49056620459348
2024-11-14 19:45:00,-0.4915970739500668
2024-11-14 23:45:00,-0.4925969009434767
2024-11-15 03:45:00,-0.4936270451612111
2024-11-15 07:45:00,-0.49475126396039126
2024-11-15 11:45:00,-0.49596740346907564
2024-11-15 15:45:00,-0.497218320348398
2024-11-15 19:45:00,-0.49845975087023947
2024-11-15 23:45:00,-0.49971728035167307
2024-11-16 03:45:00,-0.5010593063473445
2024-11-16 07:45:00,-0.5025388845919938
2024-11-16 11:45:00,-0.5041607262632648
2024-11-16 15:45:00,-0.5058185231873965
2024-11-16 19:45:00,-0.5074320084296946
2024-11-16 23:45:00,-0.5090380966021837
2024-11-17 03:45:00,-0.5106766334647687
2024-11-17 07:45:00,-0.5123685543443072
2024-11-17 11:45:00,-0.5141738534632443
2024-11-17 15:45:00,-0.5160202117358129
2024-11-17 19:45:00,-0.5178295117642651
2024-11-17 23:45:00,-0.5196010579517528
2024-11-18 03:45:00,-0.5213518137428701
2024-11-18 07:45:00,-0.5231210496716918
2024-11-18 11:45:00,-0.5250128371550162
2024-11-18 15:45:00,-0.5269247967726629
2024-11-18 19:45:00,-0.5287442391814899
2024-11-18 23:45:00,-0.5305107193291577
2024-11-19 03:45:00,-0.5322358063637933
2024-11-19 07:45:00,-0.5339437367462782
2024-11-19 11:45:00,-0.53569076393593
2024-11-19 15:45:00,-0.5374230392837728
2024-11-19 19:45:00,-0.5390173558159305
2024-11-19 23:45:00,-0.5405049034666737
2024-11-20 03:45:00,-0.5419673264628257
2024-11-20 07:45:00,-0.5434230168129843
2024-11-20 11:45:00,-0.5448919242804618
2024-11-20 15:45:00,-0.5463373594453954
2024-11-20 19:45:00,-0.5476060650679251
2024-11-20 23:45:00,-0.5487125856422879
2024-11-21 03:45:00,-0.5497004337894935
2024-11-21 07:45:00,-0.5505808217313238
2024-11-21 11:45:00,-0.5514469019316055
2024-11-21 15:45:00,-0.5522867589851288
2024-11-21 19:45:00,-0.5529989078223985
2024-11-21 23:45:00,-0.5535446720790349
2024-11-22 03:45:00,-0.5540053915624648
2024-11-22 07:45:00,-0.5544084978673405
2024-11-22 11:45:00,-0.5547756682541012
2024-11-22 15:45:00,-0.5552135147849824
2024-11-22 19:45:00,-0.5556479707362489
2024-11-22 23:45:00,-0.5560736689854178
2024-11-23 03:45:00,-0.5565351645990663
2024-11-23 07:45:00,-0.5570080177472136
2024-11-23 11:45:00,-0.5575001059244807
2024-11-23 15:45:00,-0.5580413498281945
2024-11-23 19:45:00,-0.5585995126711063
2024-11-23 23:45:00,-0.5591827752836619
2024-11-24 03:45:00,-0.5597551438318512
2024-11-24 07:45:00,-0.560330133850109
2024-11-24 11:45:00,-0.5609452383777516
2024-11-24 15:45:00,-0.5616047010380123
2024-11-24 19:45:00,-0.5623234416411524
2024-11-24 23:45:00,-0.5630241078822171
2024-11-25 03:45:00,-0.5636905008401834
2024-11-25 07:45:00,-0.5642978158348437
2024-11-25 11:45:00,-0.5649152015956195
2024-11-25 15:45:00,-0.5655685040809786
2024-11-25 19:45:00,-0.5662434204663435
2024-11-25 23:45:00,-0.5669440255908194
2024-11-26 03:45:00,-0.5676299461945267
2024-11-26 07:45:00,-0.5682260356708758
2024-11-26 11:45:00,-0.5687806732341676
2024-11-26 15:45:00,-0.5693972198639864
2024-11-26 19:45:00,-0.5700468328272708
2024-11-26 23:45:00,-0.5706403394185608
2024-11-27 03:45:00,-0.5711783619021061
2024-11-27 07:45:00,-0.571621189350894
2024-11-27 11:45:00,-0.571966488732895
2024-11-27 15:45:00,-0.5722468995015864
2024-11-27 19:45:00,-0.5724016821203289
2024-11-27 23:45:00,-0.5723646476605464
2024-11-28 03:45:00,-0.572069219276467
2024-11-28 07:45:00,-0.5714973327595938
2024-11-28 11:45:00,-0.5706728533541391
2024-11-28 15:45:00,-0.5696968114880517
2024-11-28 19:45:00,-0.5686679257406962
2024-11-28 23:45:00,-0.5675948071504895
2024-11-29 03:45:00,-0.5665513798327813
2024-11-29 07:45:00,-0.5654693755267128
2024-11-29 11:45:00,-0.5643730692943039
2024-11-29 15:45:00,-0.5633713435005546
2024-11-29 19:45:00,-0.562501112269677
2024-11-29 23:45:00,-0.5616879107905287
2024-11-30 03:45:00,-0.5609144850098164
2024-11-30 07:45:00,-0.5600739192024661
2024-11-30 11:45:00,-0.559179631501689
2024-11-30 15:45:00,-0.558333186939714
2024-11-30 19:45:00,-0.5575180269853957
2024-11-30 23:45:00,-0.5566865502064151
2024-12-01 03:45:00,-0.5558474514588669
2024-12-01 07:45:00,-0.5548922435068345
2024-12-01 11:45:00,-0.553792243035327
2024-12-01 15:45:00,-0.5526957114312425
2024-12-01 19:45:00,-0.5516468313294642
2024-12-01 23:45:00,-0.5505806629482071
2024-12-02 03:45:00,-0.5494739733943705
2024-12-02 07:45:00,-0.5482983397525544
2024-12-02 11:45:00,-0.5469738210537951
2024-12-02 15:45:00,-0.5456527128425799
2024-12-02 19:45:00,-0.544413275056183
2024-12-02 23:45:00,-0.5431875599569391
2024-12-03 03:45:00,-0.5419726713828839
2024-12-03 07:45:00,-0.5407446956857088
2024-12-03 11:45:00,-0.5394250737929673
2024-12-03 15:45:00,-0.5381086434406639
2024-12-03 19:45:00,-0.5369210321676071
2024-12-03 23:45:00,-0.535747786499587
2024-12-04 03:45:00,-0.5346142970875326
2024-12-04 07:45:00,-0.5335277614385108
2024-12-04 11:45:00,-0.5324183927604026
2024-12-04 15:45:00,-0.5313657365146369
2024-12-04 19:45:00,-0.5304968819211536
2024-12-04 23:45:00,-0.5297473423161285
2024-12-05 03:45:00,-0.529045250700833
2024-12-05 07:45:00,-0.528423376166704
2024-12-05 11:45:00,-0.5278573749103741
2024-12-05 15:45:00,-0.5273428623437023
2024-12-05 19:45:00,-0.5270081115983156
2024-12-05 23:45:00,-0.5267861553547387
2024-12-06 03:45:00,-0.5266715634753192
2024-12-06 07:45:00,-0.5267086029527166
2024-12-06 11:45:00,-0.5268373294253499
2024-12-06 15:45:00,-0.527060679760023
2024-12-06 19:45:00,-0.5274536056300326
2024-12-06 23:45:00,-0.5280186726021429
2024-12-07 03:45:00,-0.5287159872195349
2024-12-07 07:45:00,-0.5295126630362652
2024-12-07 11:45:00,-0.530360208620797
2024-12-07 15:45:00,-0.5311878543263862
2024-12-07 19:45:00,-0.5320615260057191
2024-12-07 23:45:00,-0.532992279674418
2024-12-08 03:45:00,-0.5339487480343359
2024-12-08 07:45:00,-0.5349628880037396
2024-12-08 11:45:00,-0.5359627472849592
2024-12-08 15:45:00,-0.5369375890880603
2024-12-08 19:45:00,-0.537963416994613
2024-12-08 23:45:00,-0.539108003204389
2024-12-09 03:45:00,-0.5404169493884292
2024-12-09 07:45:00,-0.5418295049700822
2024-12-09 11:45:00,-0.5432902901617976
2024-12-09 15:45:00,-0.544726029390465
2024-12-09 19:45:00,-0.5461805349448466
2024-12-09 23:45:00,-0.5477565674174851
2024-12-10 03:45:00,-0.5494811549772148
2024-12-10 07:45:00,-0.551319350642398
2024-12-10 11:45:00,-0.5532243148493297
2024-12-10 15:45:00,-0.5551180217162665
2024-12-10 19:45:00,-0.5570259833530722
2024-12-10 23:45:00,-0.55898783655516
2024-12-11 03:45:00,-0.5610284037048996
2024-12-11 07:45:00,-0.5632093465707608
2024-12-11 11:45:00,-0.5654979988444755
2024-12-11 15:45:00,-0.5677437811011061
2024-12-12 07:45:00,-0.5720131618958784
2024-12-12 11:45:00,-0.5745885304208291
2024-12-12 15:45:00,-0.5772053122162597
2024-12-12 19:45:00,-0.5799196290354884
2024-12-12 23:45:00,-0.5827005626466484
2024-12-13 03:45:00,-0.5855889937003429
2024-12-13 07:45:00,-0.5886472997902932
2024-12-13 11:45:00,-0.5918368205855384
2024-12-13 15:45:00,-0.5950802884977512
2024-12-13 19:45:00,-0.5983738499402578
2024-12-13 23:45:00,-0.6016911984160204
2024-12-14 03:45:00,-0.6049685046824543
2024-12-14 07:45:00,-0.6082624078756448
2024-12-14 11:45:00,-0.6115627145137047
2024-12-14 15:45:00,-0.6147384501932417
2024-12-15 03:45:00,-0.6209980352558767
2024-12-15 07:45:00,-0.6240999317701419
2024-12-15 11:45:00,-0.6272204983445437
2024-12-15 15:45:00,-0.630218894981188
2024-12-15 23:45:00,-0.634749008448648
2024-12-16 03:45:00,-0.637688047621863
2024-12-16 07:45:00,-0.6407157726566556
2024-12-16 11:45:00,-0.6438341448851497
2024-12-16 15:45:00,-0.6468779838781153
2024-12-16 19:45:00,-0.6498633868898382
2024-12-16 23:45:00,-0.6528772396907526
2024-12-17 03:45:00,-0.6559240980983099
2024-12-17 07:45:00,-0.6590032830561994
2024-12-17 11:45:00,-0.6622056721750972
2024-12-17 15:45:00,-0.6653131678154833
2024-12-17 19:45:00,-0.6682772194127389
2024-12-17 23:45:00,-0.6711931690431998
2024-12-18 03:45:00,-0.6740895379601454
2024-12-18 07:45:00,-0.6769694022866124
2024-12-18 11:45:00,-0.6798568031824808
2024-12-18 15:45:00,-0.6827019318500926
2024-12-18 19:45:00,-0.6853775559459376
2024-12-18 23:45:00,-0.6880021391524099
2024-12-19 03:45:00,-0.6906231970640001
2024-12-19 07:45:00,-0.6932022276325935
2024-12-19 11:45:00,-0.6957806224710816
2024-12-19 15:45:00,-0.6983062457056781
2024-12-19 19:45:00,-0.7006844363268825
2024-12-19 23:45:00,-0.702963109487358
2024-12-20 03:45:00,-0.7051892416495716
2024-12-20 07:45:00,-0.7072892830375269
2024-12-20 11:45:00,-0.7093224881422714
2024-12-20 15:45:00,-0.7113501328673955
2024-12-20 19:45:00,-0.7132709872432229
2024-12-20 23:45:00,-0.71518151395883
2024-12-21 03:45:00,-0.7170036038319677
2024-12-21 07:45:00,-0.71870277468736
2024-12-21 11:45:00,-0.7202437998756972
2024-12-21 15:45:00,-0.7216680467990136
2024-12-21 19:45:00,-0.7228879961622724
2024-12-21 23:45:00,-0.7239267601559667
2024-12-22 03:45:00,-0.7247694772312516
2024-12-22 07:45:00,-0.7254454975454789
2024-12-22 11:45:00,-0.7260555842542313
2024-12-22 15:45:00,-0.726666863174525
2024-12-22 19:45:00,-0.7272129539631507
2024-12-22 23:45:00,-0.7276595959207816
2024-12-23 03:45:00,-0.7280261664433274
2024-12-23 07:45:00,-0.7282987763746569
2024-12-23 11:45:00,-0.7285774551580656
2024-12-23 15:45:00,-0.7288728787685688
2024-12-23 19:45:00,-0.7291297993356451
2024-12-23 23:45:00,-0.7292377885502473
2024-12-24 03:45:00,-0.7291387090470005
2024-12-24 07:45:00,-0.7288908443131886
2024-12-24 11:45:00,-0.7286072923529847
2024-12-24 15:45:00,-0.7283877288027552
2024-12-24 19:45:00,-0.728165662056516
2024-12-24 23:45:00,-0.7278624249570186
2024-12-25 03:45:00,-0.7273925085000348
2024-12-25 07:45:00,-0.7268504141453545
2024-12-25 11:45:00,-0.7262407597277684
2024-12-25 15:45:00,-0.7256600094567247
2024-12-25 19:45:00,-0.7251463794332549
2024-12-25 23:45:00,-0.7246337104891207
2024-12-26 03:45:00,-0.7240137226030646
2024-12-26 07:45:00,-0.7232477062689133
2024-12-26 11:45:00,-0.7224136946447088
2024-12-26 15:45:00,-0.7216391380694472
2024-12-26 19:45:00,-0.7210602128552193
2024-12-26 23:45:00,-0.7205545850986265
2024-12-27 03:45:00,-0.7200338203827588
2024-12-27 07:45:00,-0.7192546363733467
2024-12-27 11:45:00,-0.7184920012623878
2024-12-27 15:45:00,-0.7177692787629265
2024-12-27 19:45:00,-0.7171075224518122
2024-12-27 23:45:00,-0.7165977335282488
2024-12-28 03:45:00,-0.7160954506221835
2024-12-28 07:45:00,-0.7155376535752392
2024-12-28 11:45:00,-0.7150103813932079
2024-12-28 15:45:00,-0.7145774587218996
2024-12-28 19:45:00,-0.7142186039489536
2024-12-28 23:45:00,-0.7139265334178935
2024-12-29 03:45:00,-0.7136085448397496
2024-12-29 07:45:00,-0.7132108854883937
2024-12-29 11:45:00,-0.7128001454383366
2024-12-29 15:45:00,-0.7124630556799807
2024-12-29 19:45:00,-0.7127156469834861
2024-12-29 23:45:00,-0.7130411517629662
2024-12-30 03:45:00,-0.712848862334392
2024-12-30 07:45:00,-0.7125338762556075
2024-12-30 11:45:00,-0.712157958025794
2024-12-30 15:45:00,-0.7118534636259896
2024-12-30 19:45:00,-0.7121555283630028
2024-12-30 23:45:00,-0.7119387910747729
2024-12-31 03:45:00,-0.711710638304458
2024-12-31 07:45:00,-0.7113625044155361
2024-12-31 11:45:00,-0.7109579874733359
2024-12-31 15:45:00,-0.7105989685697623
2024-12-31 19:45:00,-0.7102522748150721
2024-12-31 23:45:00,-0.7098708035714894
2025-01-01 03:45:00,-0.7094265802853821
2025-01-01 07:45:00,-0.7089220083161248
2025-01-01 11:45:00,-0.7082997670379182
2025-01-01 15:45:00,-0.7077267770518598
2025-01-01 19:45:00,-0.7072720404095829
2025-01-01 23:45:00,-0.7069188091962847
2025-01-02 03:45:00,-0.7066310992240155
2025-01-02 07:45:00,-0.7063372196846749
2025-01-02 11:45:00,-0.706019075812644
2025-01-02 15:45:00,-0.7056890891979869
2025-01-02 19:45:00,-0.7054386403845899
2025-01-02 23:45:00,-0.7052816361248213
2025-01-03 03:45:00,-0.7051041951150658
2025-01-03 07:45:00,-0.7048978181889387
2025-01-03 11:45:00,-0.7046673299138198
2025-01-03 15:45:00,-0.7043707038801355
2025-01-03 19:45:00,-0.7040741273861222
2025-01-03 23:45:00,-0.7038449492801195
2025-01-04 03:45:00,-0.7036464911960816
2025-01-04 07:45:00,-0.703470325237447
2025-01-04 11:45:00,-0.7032796961425349
2025-01-04 15:45:00,-0.7029893813917089
2025-01-04 19:45:00,-0.7026766659131011
2025-01-04 23:45:00,-0.7023519383973712
2025-01-05 03:45:00,-0.7020629612463248
2025-01-05 07:45:00,-0.7017380457823023
2025-01-05 11:45:00,-0.7015004071429052
2025-01-05 15:45:00,-0.7012733522039998
2025-01-05 19:45:00,-0.7011422742306255
2025-01-05 23:45:00,-0.7011781116345952
2025-01-06 03:45:00,-0.7013423195304684
2025-01-06 07:45:00,-0.7016082577403352
2025-01-06 11:45:00,-0.7019084443740212
2025-01-06 15:45:00,-0.7022043691345331
2025-01-06 19:45:00,-0.7025687482823775
2025-01-06 23:45:00,-0.7030829390553258
2025-01-07 03:45:00,-0.7037024466760529
2025-01-07 07:45:00,-0.704391678189862
2025-01-07 11:45:00,-0.7051557544600654
2025-01-07 15:45:00,-0.7059728738743075
2025-01-07 19:45:00,-0.7068553334815616
2025-01-07 23:45:00,-0.7078533205323865
2025-01-08 03:45:00,-0.7089564732391374
2025-01-08 07:45:00,-0.7101427131168173
2025-01-08 11:45:00,-0.7113470377722678
2025-01-08 15:45:00,-0.7125368233631448
2025-01-08 19:45:00,-0.7137436561380965
2025-01-08 23:45:00,-0.7149782356264744
2025-01-09 03:45:00,-0.7163035265784111
2025-01-09 07:45:00,-0.7176173797533546
2025-01-09 11:45:00,-0.7189419463195207
2025-01-09 15:45:00,-0.7202830718111486
2025-01-09 19:45:00,-0.7215669181802725
2025-01-09 23:45:00,-0.7228125235351698
2025-01-10 03:45:00,-0.7241282335417117
2025-01-10 07:45:00,-0.7254934898105531
2025-01-10 11:45:00,-0.7268503398683196
2025-01-10 15:45:00,-0.7282153046536689
2025-01-10 19:45:00,-0.7295670710093092
2025-01-10 23:45:00,-0.7308397713517574
2025-01-11 03:45:00,-0.7321498022353969
2025-01-11 07:45:00,-0.733390051773174
2025-01-11 11:45:00,-0.7345437901709974
2025-01-11 15:45:00,-0.7356555829361604
2025-01-11 19:45:00,-0.736700047555246
2025-01-11 23:45:00,-0.7375783744590174
2025-01-12 03:45:00,-0.738432125961608
2025-01-12 07:45:00,-0.7392822680795008
2025-01-12 11:45:00,-0.7400664300744708
2025-01-12 15:45:00,-0.7407813427289469
2025-01-12 19:45:00,-0.7414274745209417
2025-01-12 23:45:00,-0.7420345949127185
2025-01-13 03:45:00,-0.7427013922019148
2025-01-13 07:45:00,-0.743397162445381
2025-01-13 11:45:00,-0.7440423398791195
2025-01-13 15:45:00,-0.7446436407195867
2025-01-13 19:45:00,-0.7452078006220718
2025-01-13 23:45:00,-0.7456741553889605
2025-01-14 03:45:00,-0.746169799191118
2025-01-14 07:45:00,-0.7467483272607066
2025-01-14 11:45:00,-0.7473215417891362
2025-01-14 15:45:00,-0.7478257786089626
2025-01-14 19:45:00,-0.7482725445458953
2025-01-14 23:45:00,-0.7486397703691676
2025-01-15 03:45:00,-0.7490226922512551
2025-01-15 07:45:00,-0.7494415576463851
2025-01-15 11:45:00,-0.7498330644266781
2025-01-15 15:45:00,-0.7501845268917808
2025-01-15 19:45:00,-0.7505095215341417
2025-01-15 23:45:00,-0.7508016402555755
2025-01-16 03:45:00,-0.7511404450996202
2025-01-16 07:45:00,-0.7515534359548857
2025-01-16 11:45:00,-0.7520232383239783
2025-01-16 15:45:00,-0.752497406062518
2025-01-16 19:45:00,-0.7529145518429705
2025-01-16 23:45:00,-0.7532676135767548
2025-01-17 03:45:00,-0.7535818602981788
2025-01-17 07:45:00,-0.7539326516709498
2025-01-17 11:45:00,-0.7543132215814476
2025-01-17 15:45:00,-0.7547260462378544
2025-01-17 19:45:00,-0.7551704827297845
2025-01-17 23:45:00,-0.7555648182491176
2025-01-18 03:45:00,-0.7559811368979605
2025-01-18 07:45:00,-0.756447326530827
2025-01-18 11:45:00,-0.7569539581536631
2025-01-18 15:45:00,-0.7575362372685603
2025-01-18 19:45:00,-0.7581487693707374
2025-01-18 23:45:00,-0.758708667152201
2025-01-19 03:45:00,-0.7592599465907318
2025-01-19 07:45:00,-0.7598462565913819
2025-01-19 11:45:00,-0.7604514250275094
2025-01-19 15:45:00,-0.7611694493529435
2025-01-19 19:45:00,-0.7619690823298712
2025-01-19 23:45:00,-0.7627869075653185
2025-01-20 03:45:00,-0.7636407946468502
2025-01-20 07:45:00,-0.7646216298668973
2025-01-20 11:45:00,-0.7656381458567901
2025-01-20 15:45:00,-0.7667184266044434
2025-01-20 19:45:00,-0.7678171516401677
2025-01-20 23:45:00,-0.7688646063805087
2025-01-21 03:45:00,-0.7699446367392785
2025-01-21 07:45:00,-0.7710879871283206
2025-01-21 11:45:00,-0.7722674513027695
2025-01-21 15:45:00,-0.7734992970701109
2025-01-21 19:45:00,-0.7747717192641188
2025-01-21 23:45:00,-0.7759767907238385
2025-01-22 03:45:00,-0.7771632892249671
2025-01-22 07:45:00,-0.778424688005787
2025-01-22 11:45:00,-0.7796681122224149
2025-01-22 15:45:00,-0.7808675568785014
2025-01-22 19:45:00,-0.7820620944507745
2025-01-22 23:45:00,-0.7832434755003079
2025-01-23 03:45:00,-0.784437783818495
2025-01-23 07:45:00,-0.7856880526724337
2025-01-23 11:45:00,-0.7870027923080747
2025-01-23 15:45:00,-0.788374501571701
2025-01-23 19:45:00,-0.7898078889022457
2025-01-23 23:45:00,-0.7913132705092796
2025-01-24 03:45:00,-0.7928058424820889
2025-01-24 07:45:00,-0.7943984324117392
2025-01-24 11:45:00,-0.7961098609910726
2025-01-24 15:45:00,-0.7978738330634002
2025-01-24 19:45:00,-0.7996989587178689
2025-01-24 23:45:00,-0.8016029904076352
2025-01-25 03:45:00,-0.8035134986897537
2025-01-25 07:45:00,-0.8054883143167906
2025-01-25 11:45:00,-0.8075575488369873
2025-01-25 15:45:00,-0.8096216596287417
2025-01-25 19:45:00,-0.8116615052941604
2025-01-25 23:45:00,-0.8137666348055136
2025-01-26 03:45:00,-0.8159017142942643
2025-01-26 07:45:00,-0.8181663322527639
2025-01-26 11:45:00,-0.8205580944376856
2025-01-26 15:45:00,-0.8230251367857857
2025-01-26 19:45:00,-0.8254816966857211
2025-01-26 23:45:00,-0.8280170069759526
2025-01-27 03:45:00,-0.8306347842240976
2025-01-27 07:45:00,-0.8333255589289874
2025-01-27 11:45:00,-0.8361108421163075
2025-01-27 15:45:00,-0.8389313570599811
2025-01-27 19:45:00,-0.8417371441667862
2025-01-27 23:45:00,-0.8445540693934839
2025-01-28 03:45:00,-0.847386509376483
2025-01-28 07:45:00,-0.8503288746662496
2025-01-28 11:45:00,-0.853372103383033
2025-01-28 15:45:00,-0.8564555610108209
2025-01-28 19:45:00,-0.859546813888695
2025-01-28 23:45:00,-0.8627073822421626
2025-01-29 03:45:00,-0.8658824858634877
2025-01-29 07:45:00,-0.8691113373270127
2025-01-29 11:45:00,-0.8724495622014695
2025-01-29 15:45:00,-0.8758693562662638
2025-01-29 19:45:00,-0.879332893256944
2025-01-29 23:45:00,-0.8828777503360538
2025-01-30 03:45:00,-0.8864544255615361
2025-01-30 07:45:00,-0.890138316481999
2025-01-30 11:45:00,-0.8939176881799201
2025-01-30 15:45:00,-0.8977329630806234
2025-01-30 19:45:00,-0.9015922544101157
2025-01-30 23:45:00,-0.9055359583106782
2025-02-02 03:45:00,-0.9331922224342398
2025-02-02 07:45:00,-0.9380501144609961
2025-02-02 11:45:00,-0.9429186030711091
2025-02-02 15:45:00,-0.9477999889644697
2025-02-02 19:45:00,-0.9527203769266077
2025-02-02 23:45:00,-0.9576998409686186
2025-02-03 03:45:00,-0.9626439247705516
2025-02-03 07:45:00,-0.9675800160624971
2025-02-03 11:45:00,-0.9725873236634079
2025-02-03 15:45:00,-0.9775668330778009
2025-02-03 19:45:00,-0.9825590754864871
2025-02-03 23:45:00,-0.9876224836491063
2025-02-04 03:45:00,-0.9926482027009731
2025-02-04 07:45:00,-0.9975888293267253
2025-02-04 11:45:00,-1.0025357068392753
2025-02-04 15:45:00,-1.0074810497729583
2025-02-04 19:45:00,-1.012460529479313
2025-02-04 23:45:00,-1.0174732818434356
2025-02-05 03:45:00,-1.022388755111149
2025-02-05 07:45:00,-1.0271525452009795
2025-02-05 11:45:00,-1.0319374042148337
2025-02-05 15:45:00,-1.0367028620954009
2025-02-05 19:45:00,-1.0413832992018515
2025-02-05 23:45:00,-1.046109747379226
2025-02-06 03:45:00,-1.0508018015190106
2025-02-06 07:45:00,-1.055300750827387
2025-02-06 11:45:00,-1.0597340041805394
2025-02-06 15:45:00,-1.0641767473959254
2025-02-06 19:45:00,-1.0685200799366243
2025-02-06 23:45:00,-1.072787525180198
2025-02-07 03:45:00,-1.0769710149214433
2025-02-07 07:45:00,-1.080990721454096
2025-02-07 11:45:00,-1.0848430574648502
2025-02-07 15:45:00,-1.088540792427762
2025-02-07 19:45:00,-1.0920155921615693
2025-02-07 23:45:00,-1.0953022733052398
2025-02-08 23:45:00,-1.109805482148848
2025-02-09 03:45:00,-1.1123003460890737
2025-02-09 11:45:00,-1.1166784711702602
2025-02-09 15:45:00,-1.118741922424444
2025-02-10 03:45:00,-1.124871060543426
2025-02-10 07:45:00,-1.1265787441960082
2025-02-10 11:45:00,-1.1280703076436898
2025-02-10 15:45:00,-1.129378337396032
2025-02-10 19:45:00,-1.1306356100006252
2025-02-10 23:45:00,-1.1318211325934535
2025-02-11 03:45:00,-1.132869106154998
2025-02-11 07:45:00,-1.133745138436826
2025-02-11 11:45:00,-1.1344461441480038
2025-02-11 15:45:00,-1.1350148287490927
2025-02-12 03:45:00,-1.1385209778896017
2025-02-12 07:45:00,-1.1386861257528405
2025-02-12 11:45:00,-1.1387000497402404
2025-02-12 15:45:00,-1.1386509524695845
2025-02-12 19:45:00,-1.1385644043848946
2025-02-12 23:45:00,-1.1383920796716653
2025-02-13 03:45:00,-1.1381959170545541
2025-02-13 07:45:00,-1.1378809714156468
2025-02-13 11:45:00,-1.137430376043528
2025-02-13 15:45:00,-1.136923318963008
2025-02-13 19:45:00,-1.1363847339637647
2025-02-14 03:45:00,-1.13655727428456
2025-02-14 07:45:00,-1.135874086025668
2025-02-14 11:45:00,-1.1351169379143498
2025-02-14 15:45:00,-1.13436388115064
2025-02-14 19:45:00,-1.1335799499967125
2025-02-14 23:45:00,-1.1326963115009958
2025-02-15 03:45:00,-1.1316215323562941
2025-02-15 07:45:00,-1.130604862635356
2025-02-15 11:45:00,-1.1296356559406535
2025-02-15 15:45:00,-1.1286894201424262
2025-02-15 19:45:00,-1.1277614756297705
2025-02-15 23:45:00,-1.1268263062553383
2025-02-16 03:45:00,-1.1259388002978759
2025-02-16 07:45:00,-1.125082171664861
2025-02-16 11:45:00,-1.1242263813426507
2025-02-16 15:45:00,-1.1233921689027817
2025-02-16 19:45:00,-1.1226017679106892
2025-02-16 23:45:00,-1.1218419996009406
2025-02-17 03:45:00,-1.1206798354830032
2025-02-17 07:45:00,-1.119565570748375
2025-02-17 11:45:00,-1.118461961963154
2025-02-17 15:45:00,-1.1174247790028546
2025-02-17 19:45:00,-1.1164150347282984
2025-02-17 23:45:00,-1.1154534339825457
2025-02-18 03:45:00,-1.1146743583129495
2025-02-18 07:45:00,-1.1139764540308128
2025-02-18 11:45:00,-1.1132574388721368
2025-02-18 15:45:00,-1.1125639580610212
2025-02-18 19:45:00,-1.1118198692881067
2025-02-18 23:45:00,-1.1109429234098775
2025-02-19 03:45:00,-1.1101078132270905
2025-02-19 07:45:00,-1.1093682567184238
2025-02-19 11:45:00,-1.1085847625421972
2025-02-19 15:45:00,-1.1077773209038213
2025-02-19 19:45:00,-1.1069158962481074
2025-02-19 23:45:00,-1.1059703163998316
2025-02-20 03:45:00,-1.1050972344217713
2025-02-20 07:45:00,-1.1043924912906542
2025-02-20 11:45:00,-1.103664078447261
2025-02-20 15:45:00,-1.1029121642055368
2025-02-20 19:45:00,-1.1021827706076113
2025-02-20 23:45:00,-1.1013722439321232
2025-02-21 03:45:00,-1.1005481755947666
2025-02-21 07:45:00,-1.0998944874436138
2025-02-21 11:45:00,-1.0993219812723332
2025-02-21 15:45:00,-1.0987375272582613
2025-02-21 19:45:00,-1.0982229578427398
2025-02-21 23:45:00,-1.0977315869797475
2025-02-22 03:45:00,-1.097265865670562
2025-02-22 07:45:00,-1.096931083925663
2025-02-22 11:45:00,-1.0967525948583607
2025-02-22 15:45:00,-1.096661253729954
2025-02-22 19:45:00,-1.0967126252855053
2025-02-22 23:45:00,-1.0968992394776849
2025-02-23 03:45:00,-1.0980205234905773
2025-02-23 07:45:00,-1.099162424559105
2025-02-23 11:45:00,-1.1003518636165106
2025-02-23 15:45:00,-1.101492683969958
2025-02-23 19:45:00,-1.102592258896296
2025-02-23 23:45:00,-1.103207891984189
2025-02-24 03:45:00,-1.1038339608344094
2025-02-24 07:45:00,-1.1049335273750187
2025-02-24 11:45:00,-1.1057431497886094
2025-02-24 15:45:00,-1.1065581115219212
2025-02-24 19:45:00,-1.1075661424459686
2025-02-24 23:45:00,-1.108587993786754
2025-02-25 03:45:00,-1.1095131122469648
2025-02-25 07:45:00,-1.1105179544652908
2025-02-25 11:45:00,-1.1116399509463046
2025-02-25 15:45:00,-1.1127878497747048
2025-02-25 19:45:00,-1.1139362397342585
2025-02-25 23:45:00,-1.1151233162026857
2025-02-26 03:45:00,-1.116361415079699
2025-02-26 07:45:00,-1.117670623821845
2025-02-26 11:45:00,-1.1190023915625635
2025-02-26 15:45:00,-1.1203676813380894
2025-02-26 19:45:00,-1.121222904500555
2025-02-26 23:45:00,-1.1220541820105707
2025-02-27 03:45:00,-1.1234263240808449
2025-02-27 07:45:00,-1.1248317991966252
2025-02-27 11:45:00,-1.1262512265326003
2025-02-27 15:45:00,-1.1276316187020943
2025-02-27 19:45:00,-1.1290245045978948
2025-02-27 23:45:00,-1.130407728368552
2025-02-28 03:45:00,-1.131732464406147
2025-02-28 07:45:00,-1.1330828515636933
2025-02-28 11:45:00,-1.1344030000411975
2025-02-28 15:45:00,-1.135666928322808
2025-02-28 19:45:00,-1.1369104655014777
2025-02-28 23:45:00,-1.1372286428992309
2025-03-01 03:45:00,-1.1383226737598902
2025-03-01 07:45:00,-1.139352988793988
2025-03-01 11:45:00,-1.140361344238441
2025-03-01 15:45:00,-1.1413393408830403
2025-03-01 19:45:00,-1.1423189321213971
2025-03-01 23:45:00,-1.1433587756353338
2025-03-02 03:45:00,-1.1443613430435602
2025-03-02 07:45:00,-1.1453389110549077
2025-03-02 11:45:00,-1.1463039925999936
2025-03-02 15:45:00,-1.1473107258732536
2025-03-02 19:45:00,-1.1483852194437283
2025-03-02 23:45:00,-1.1495226617490033
2025-03-03 03:45:00,-1.1505871537158263
2025-03-03 11:45:00,-1.1528375748928013
2025-03-03 15:45:00,-1.1539832918089967
2025-03-03 19:45:00,-1.1551395780873033
2025-03-03 23:45:00,-1.1563060099273887
2025-03-04 03:45:00,-1.157370434979281
2025-03-04 07:45:00,-1.1583536084531936
2025-03-04 11:45:00,-1.1593219596971354
2025-03-04 15:45:00,-1.1601871420609693
2025-03-04 19:45:00,-1.1609812371170714
2025-03-04 23:45:00,-1.1616901220869704
2025-03-05 03:45:00,-1.1621874330702873
2025-03-05 07:45:00,-1.1625850405589446
2025-03-05 11:45:00,-1.1629678187038501
2025-03-05 15:45:00,-1.163326724233758
2025-03-05 19:45:00,-1.1636813638412666
2025-03-05 23:45:00,-1.1641338871907712
2025-03-06 03:45:00,-1.1645551690985876
2025-03-06 07:45:00,-1.1648675883457147
2025-03-06 11:45:00,-1.1652085587390033
2025-03-06 15:45:00,-1.1655614583122444
2025-03-06 19:45:00,-1.1658843104915753
2025-03-06 23:45:00,-1.1662430581292174
2025-03-07 03:45:00,-1.1665404145977174
2025-03-07 07:45:00,-1.1667061638186396
2025-03-07 11:45:00,-1.1668577784373118
2025-03-07 15:45:00,-1.167040870276039
2025-03-07 19:45:00,-1.1672428925981766
2025-03-07 23:45:00,-1.167497723003768
2025-03-08 03:45:00,-1.1677748743986816
2025-03-08 07:45:00,-1.1679509336441853
2025-03-08 11:45:00,-1.1680750578298116
2025-03-08 15:45:00,-1.1681904965895427
2025-03-08 19:45:00,-1.1682643207046581
2025-03-08 23:45:00,-1.1683686837064806
2025-03-09 03:45:00,-1.1684911898721944
2025-03-09 07:45:00,-1.1685453755475828
2025-03-09 11:45:00,-1.168479172916994
2025-03-09 15:45:00,-1.1683612875506273
2025-03-09 19:45:00,-1.1682073698593611
2025-03-09 23:45:00,-1.1680378605129034
2025-03-10 03:45:00,-1.1678655673762535
2025-03-10 07:45:00,-1.1676182282061873
2025-03-10 11:45:00,-1.1672455622610212
2025-03-10 15:45:00,-1.1668875424891723
2025-03-10 19:45:00,-1.166537429576738
2025-03-10 23:45:00,-1.1661714752741905
2025-03-11 03:45:00,-1.1658198469147991
2025-03-11 07:45:00,-1.1654404905566027
2025-03-11 11:45:00,-1.1650359469019702
2025-03-11 15:45:00,-1.1646757210344298
2025-03-11 19:45:00,-1.164365907198671
2025-03-11 23:45:00,-1.1640117666727252
2025-03-12 03:45:00,-1.163627594835086
2025-03-12 07:45:00,-1.1632342763439796
2025-03-12 11:45:00,-1.162850172132013
2025-03-12 15:45:00,-1.1625506890633237
2025-03-12 19:45:00,-1.162257506296651
2025-03-12 23:45:00,-1.161934380063496
2025-03-13 03:45:00,-1.1616052295007369
2025-03-13 07:45:00,-1.1613044224288813
2025-03-13 11:45:00,-1.1610828704658045
2025-03-13 15:45:00,-1.1609014439453784
2025-03-13 19:45:00,-1.1607227800333806
2025-03-13 23:45:00,-1.1605444632604884
2025-03-14 03:45:00,-1.1603805726826362
2025-03-14 07:45:00,-1.1602534125496407
2025-03-14 11:45:00,-1.1602119209999542
2025-03-14 15:45:00,-1.1602618965538771
2025-03-14 19:45:00,-1.1602928812507005
2025-03-14 23:45:00,-1.160363132910216
2025-03-15 03:45:00,-1.1605051460359144
2025-03-15 07:45:00,-1.1606862187415683
2025-03-15 11:45:00,-1.1609903159453996
2025-03-15 15:45:00,-1.1613773065199453
2025-03-15 19:45:00,-1.1617872782940701
2025-03-15 23:45:00,-1.1622877067808464
2025-03-16 03:45:00,-1.1629293260768832
2025-03-16 07:45:00,-1.163662954789662
2025-03-16 11:45:00,-1.1644697961610067
2025-03-16 15:45:00,-1.1652965277606588
2025-03-16 19:45:00,-1.1661084005203786
2025-03-16 23:45:00,-1.1669070202965988
2025-03-17 03:45:00,-1.167797262766405
2025-03-17 07:45:00,-1.1686924867137454
2025-03-17 11:45:00,-1.1695952156112552
2025-03-17 15:45:00,-1.1704543544841481
2025-03-17 19:45:00,-1.1712018180559254
2025-03-17 23:45:00,-1.1718937571896757
2025-03-18 03:45:00,-1.1727160640187742
2025-03-18 07:45:00,-1.173386777170762
2025-03-18 11:45:00,-1.1741726321295671
2025-03-18 15:45:00,-1.1749449560882834
2025-03-18 19:45:00,-1.1756502861048963
2025-03-18 23:45:00,-1.176299752993125
2025-03-19 03:45:00,-1.1770373207221043
2025-03-19 07:45:00,-1.177825523015006
2025-03-19 11:45:00,-1.1785923108754506
2025-03-19 15:45:00,-1.1793982079097445
2025-03-19 19:45:00,-1.180206589621253
2025-03-19 23:45:00,-1.1809976370715145
2025-03-20 03:45:00,-1.1819028245472472
2025-03-20 07:45:00,-1.182897512761108
2025-03-20 11:45:00,-1.1839434153765267
2025-03-20 15:45:00,-1.1850239517966819
2025-03-20 19:45:00,-1.1861463138610944
2025-03-20 23:45:00,-1.1872057087378274
2025-03-21 03:45:00,-1.1882869530861435
2025-03-21 07:45:00,-1.1894982408462893
2025-03-21 11:45:00,-1.1907430514556527
2025-03-21 15:45:00,-1.192013872535493
2025-03-21 19:45:00,-1.1933531306103584
2025-03-21 23:45:00,-1.1946681630365363
2025-03-22 03:45:00,-1.1960096320157754
2025-03-22 07:45:00,-1.1974288461465854
2025-03-22 11:45:00,-1.1988503075950872
2025-03-22 15:45:00,-1.2001721613907304
2025-03-22 19:45:00,-1.2014219673970552
2025-03-22 23:45:00,-1.202608831180744
2025-03-23 03:45:00,-1.2037521630852157
2025-03-23 07:45:00,-1.2049270013865805
2025-03-23 11:45:00,-1.2061039639680824
2025-03-23 15:45:00,-1.2072548319442384
2025-03-23 19:45:00,-1.2084297060454572
2025-03-23 23:45:00,-1.2095920488728238
2025-03-24 03:45:00,-1.2107528240624417
2025-03-24 07:45:00,-1.2119777668348861
2025-03-24 11:45:00,-1.2133159847761403
2025-03-24 15:45:00,-1.214710905099982
2025-03-24 19:45:00,-1.2161492258363698
2025-03-24 23:45:00,-1.217593908810299
2025-03-25 03:45:00,-1.219077797967046
2025-03-25 07:45:00,-1.2206467186222574
2025-03-25 11:45:00,-1.2223202659782133
2025-03-25 15:45:00,-1.2240112454346728
2025-03-25 19:45:00,-1.225716906086788
2025-03-25 23:45:00,-1.2274438118988946
2025-03-26 03:45:00,-1.2292190767117623
2025-03-26 07:45:00,-1.2310309314289973
2025-03-26 11:45:00,-1.2328101540606728
2025-03-26 15:45:00,-1.234588408016099
2025-03-26 19:45:00,-1.2363853265375555
2025-03-26 23:45:00,-1.238208419070703
2025-03-27 03:45:00,-1.240031799546882
2025-03-27 07:45:00,-1.2418009133405696
2025-03-27 11:45:00,-1.2434300166429728
2025-03-27 15:45:00,-1.244970544117036
2025-03-27 19:45:00,-1.2465823405723635
2025-03-27 23:45:00,-1.2481892137692014
2025-03-28 03:45:00,-1.2497960548965896
2025-03-28 07:45:00,-1.2513609468765448
2025-03-28 11:45:00,-1.25283553093572
2025-03-28 15:45:00,-1.2543073042796753
2025-03-28 19:45:00,-1.255862912570715
2025-03-28 23:45:00,-1.257406876959065
2025-03-29 03:45:00,-1.2589619780345098
2025-03-29 07:45:00,-1.26051788698841
2025-03-29 11:45:00,-1.2620016088931234
2025-03-29 15:45:00,-1.2634513697915228
2025-03-29 19:45:00,-1.2649923012627282
2025-03-29 23:45:00,-1.2665135982278806
2025-03-30 03:45:00,-1.2679765035888975
2025-03-30 07:45:00,-1.2694172145160048
2025-03-30 11:45:00,-1.2707847300819373
2025-03-30 15:45:00,-1.2721256580867952
2025-03-30 19:45:00,-1.2735002226287395
2025-03-30 23:45:00,-1.2747765615957765
2025-03-31 03:45:00,-1.2759403568632224
2025-03-31 07:45:00,-1.2770630318367202
2025-03-31 11:45:00,-1.2781272383349642
2025-03-31 15:45:00,-1.2792093552385921
2025-03-31 19:45:00,-1.2803441317696234
2025-03-31 23:45:00,-1.2814460791129203
2025-04-01 03:45:00,-1.2824399942129927
2025-04-01 07:45:00,-1.283439758515054
2025-04-01 11:45:00,-1.284456692610939
2025-04-01 15:45:00,-1.2854881133595422
2025-04-01 19:45:00,-1.286593524798608
2025-04-01 23:45:00,-1.2877352881125643
2025-04-02 03:45:00,-1.2887797656405933
2025-04-02 07:45:00,-1.2898383165775067
2025-04-02 11:45:00,-1.2909186987051398
2025-04-02 15:45:00,-1.292026893623758
2025-04-02 19:45:00,-1.2932125002707844
2025-04-02 23:45:00,-1.2944858375633557
2025-04-03 03:45:00,-1.2957134392055238
2025-04-03 07:45:00,-1.2969099439865617
2025-04-03 11:45:00,-1.298112654686285
2025-04-03 15:45:00,-1.2992756220224129
2025-04-03 19:45:00,-1.300425418141277
2025-04-03 23:45:00,-1.3016217934348864
2025-04-04 03:45:00,-1.3027388283632961
2025-04-04 07:45:00,-1.303707146821146
2025-04-04 11:45:00,-1.3045283784847594
2025-04-04 15:45:00,-1.3052270461541453
2025-04-04 19:45:00,-1.3058076711708466
2025-04-04 23:45:00,-1.3063429148570396
2025-04-05 03:45:00,-1.306788499320923
2025-04-05 07:45:00,-1.3070479134849449
2025-04-05 11:45:00,-1.3071424485545697
2025-04-05 15:45:00,-1.3071049496217446
2025-04-05 19:45:00,-1.3069464725308642
2025-04-05 23:45:00,-1.306782589383447
2025-04-06 03:45:00,-1.3065594771847966
2025-04-06 07:45:00,-1.3062411722463474
2025-04-06 11:45:00,-1.3058290613778274
2025-04-06 15:45:00,-1.3054286662536103
2025-04-06 19:45:00,-1.3050336766419912
2025-04-06 23:45:00,-1.3046500018395586
2025-04-07 03:45:00,-1.3042403684754933
2025-04-07 07:45:00,-1.3037708688157994
2025-04-07 11:45:00,-1.3032369711834355
2025-04-07 15:45:00,-1.302660327130215
2025-04-07 19:45:00,-1.3020222908838253
2025-04-07 23:45:00,-1.3013398905256377
2025-04-08 03:45:00,-1.3005924499843213
2025-04-08 07:45:00,-1.2997310692142594
2025-04-08 11:45:00,-1.2987290778822744
2025-04-08 15:45:00,-1.2976133756462063
2025-04-08 19:45:00,-1.2963728431828714
2025-04-08 23:45:00,-1.2950204010784614
2025-04-09 03:45:00,-1.2935420691391941
2025-04-09 07:45:00,-1.2919683058322435
2025-04-09 11:45:00,-1.2902963605500661
2025-04-09 15:45:00,-1.2885250461984907
2025-04-09 19:45:00,-1.2866692601883996
2025-04-09 23:45:00,-1.2847330633587228
2025-04-10 03:45:00,-1.282660408546299
2025-04-10 07:45:00,-1.2805607115491004
2025-04-10 11:45:00,-1.2784874203815448
2025-04-10 15:45:00,-1.2763898934567535
2025-04-10 19:45:00,-1.2742431983966522
2025-04-10 23:45:00,-1.2720634034315343
2025-04-11 03:45:00,-1.2698566285186674
2025-04-11 07:45:00,-1.2677283940848203
2025-04-11 11:45:00,-1.26575405750624
2025-04-11 15:45:00,-1.2638196181357801
2025-04-11 19:45:00,-1.261825671317698
2025-04-11 23:45:00,-1.259851485017757
2025-04-12 03:45:00,-1.2578628334133433
2025-04-12 07:45:00,-1.255905686831071
2025-04-12 11:45:00,-1.2540087742025472
2025-04-12 15:45:00,-1.2520662124288546
2025-04-12 19:45:00,-1.2500383444569196
2025-04-12 23:45:00,-1.2480359672956345
2025-04-13 03:45:00,-1.2460059569768547
2025-04-13 07:45:00,-1.2439453826247593
2025-04-13 11:45:00,-1.2418797701236104
2025-04-13 15:45:00,-1.2397741395175952
2025-04-13 19:45:00,-1.2375642454494575
2025-04-13 23:45:00,-1.2353764063030677
2025-04-14 03:45:00,-1.2332281312782092
2025-04-14 07:45:00,-1.2310570177053899
2025-04-14 11:45:00,-1.2288973724261631
2025-04-14 15:45:00,-1.2267127692347382
2025-04-14 19:45:00,-1.2244816990550025
2025-04-14 23:45:00,-1.222340993015532
2025-04-15 03:45:00,-1.220296503286118
2025-04-15 07:45:00,-1.218279478426251
2025-04-15 11:45:00,-1.2163109463563218
2025-04-15 15:45:00,-1.2143287207845812
2025-04-15 19:45:00,-1.212289551941102
2025-04-15 23:45:00,-1.2102907877046525
2025-04-16 03:45:00,-1.2083981149640874
2025-04-16 07:45:00,-1.2065407200346867
2025-04-16 11:45:00,-1.204696520816475
2025-04-16 15:45:00,-1.2028834824089571
2025-04-16 19:45:00,-1.2010544310382696
2025-04-16 23:45:00,-1.1992216297525127
2025-04-17 03:45:00,-1.1974561872110443
2025-04-17 07:45:00,-1.1957257671617287
2025-04-17 11:45:00,-1.1940098583643555
2025-04-17 15:45:00,-1.1922936754402267
2025-04-17 19:45:00,-1.1905486141388475
2025-04-17 23:45:00,-1.1887219523687997
2025-04-18 03:45:00,-1.18688492091352
2025-04-18 07:45:00,-1.1850996319759246
2025-04-18 11:45:00,-1.1833300703609644
2025-04-18 15:45:00,-1.1815963296641327
2025-04-18 19:45:00,-1.179901123339448
2025-04-18 23:45:00,-1.1781547763446272
2025-04-19 03:45:00,-1.1764450750098372
2025-04-19 07:45:00,-1.1748624649038988
2025-04-19 11:45:00,-1.1733680826414812
2025-04-19 15:45:00,-1.1719454198576504
2025-04-19 19:45:00,-1.1706245629081709
2025-04-19 23:45:00,-1.1693711956869317
2025-04-20 03:45:00,-1.16818497042341
2025-04-20 07:45:00,-1.1671254081393962
2025-04-20 11:45:00,-1.1661661810551525
2025-04-20 15:45:00,-1.165266513539449
2025-04-20 19:45:00,-1.1644678886492918
2025-04-20 23:45:00,-1.1637228579406282
2025-04-21 03:45:00,-1.163048435405948
2025-04-21 07:45:00,-1.162466341816645
2025-04-21 11:45:00,-1.1619872793590678
2025-04-21 15:45:00,-1.1615545971608718
2025-04-21 19:45:00,-1.1611690947410234
2025-04-21 23:45:00,-1.1608472183854195
2025-04-22 03:45:00,-1.1606205196080348
2025-04-22 07:45:00,-1.1604766598053056
2025-04-22 11:45:00,-1.1604050709405023
2025-04-22 15:45:00,-1.1604070068070453
2025-04-22 19:45:00,-1.160493968446036
2025-04-22 23:45:00,-1.1606226261555748
2025-04-23 03:45:00,-1.160812834792777
2025-04-23 07:45:00,-1.1610769523740883
2025-04-23 11:45:00,-1.1614018146068747
2025-04-23 15:45:00,-1.1618313462231944
2025-04-23 19:45:00,-1.1624004774454058
2025-04-23 23:45:00,-1.1630453654438746
2025-04-24 03:45:00,-1.1637845294759561
2025-04-24 07:45:00,-1.1645671029072198
2025-04-24 11:45:00,-1.1654017011746212
2025-04-24 15:45:00,-1.1663888142043826
2025-04-24 19:45:00,-1.1675145117598507
2025-04-24 23:45:00,-1.1687161754610966
2025-04-25 03:45:00,-1.1700263155188229
2025-04-25 07:45:00,-1.1713303303315394
2025-04-25 11:45:00,-1.172635194134641
2025-04-25 15:45:00,-1.174030311693626
2025-04-25 19:45:00,-1.175519704707987
2025-04-25 23:45:00,-1.1770348702551061
2025-04-26 03:45:00,-1.1786139260302166
2025-04-26 07:45:00,-1.1801535830863816
2025-04-26 11:45:00,-1.1816459592607662
2025-04-26 15:45:00,-1.1831935984737971
2025-04-26 19:45:00,-1.184819390636259
2025-04-26 23:45:00,-1.186473605319461
2025-04-27 03:45:00,-1.1881580605319675
2025-04-27 07:45:00,-1.189860539365941
2025-04-27 11:45:00,-1.1915879801707625
2025-04-27 15:45:00,-1.193398985330957
2025-04-27 19:45:00,-1.1952987926129301
2025-04-27 23:45:00,-1.1971899173551457
2025-04-28 03:45:00,-1.1990995531097024
2025-04-28 07:45:00,-1.201039359010537
2025-04-28 11:45:00,-1.2030550296468128
2025-04-28 15:45:00,-1.2051078603998278
2025-04-28 19:45:00,-1.207209430360487
2025-04-28 23:45:00,-1.209286744672554
2025-04-29 03:45:00,-1.2113125799451463
2025-04-29 07:45:00,-1.2133312069147877
2025-04-29 11:45:00,-1.2153325256134484
2025-04-29 15:45:00,-1.2173421944254696
2025-04-29 19:45:00,-1.2193777339532335
2025-04-29 23:45:00,-1.2213442739681075
2025-04-30 03:45:00,-1.223167080212635
2025-04-30 07:45:00,-1.2248947383774542
2025-04-30 11:45:00,-1.2265459579541167
2025-04-30 15:45:00,-1.2281304266997826
2025-04-30 19:45:00,-1.2297180887275894
2025-04-30 23:45:00,-1.2312513493945247
2025-05-01 03:45:00,-1.2326668257532323
2025-05-01 07:45:00,-1.234007994159974
2025-05-01 11:45:00,-1.2352561385477945
2025-05-01 15:45:00,-1.236384534482406
2025-05-01 19:45:00,-1.2374764884710474
2025-05-01 23:45:00,-1.2385383510323393
2025-05-02 03:45:00,-1.239510003934356
2025-05-02 07:45:00,-1.2403703725760622
2025-05-02 11:45:00,-1.2411614450625705
2025-05-02 15:45:00,-1.2418422216839746
2025-05-02 19:45:00,-1.2424908759213462
2025-05-02 23:45:00,-1.2431954357459525
2025-05-03 03:45:00,-1.243905357986892
2025-05-03 07:45:00,-1.2444987610707525
2025-05-03 11:45:00,-1.245032616802163
2025-05-03 15:45:00,-1.2455068703800254
2025-05-03 19:45:00,-1.2459710192783522
2025-05-03 23:45:00,-1.2465279330304768
2025-05-04 03:45:00,-1.2471155117101664
2025-05-04 07:45:00,-1.247625646055638
2025-05-04 11:45:00,-1.2481205467849001
2025-05-04 15:45:00,-1.2486300845419258
2025-05-04 19:45:00,-1.249151448000618
2025-05-04 23:45:00,-1.2496911739804324
2025-05-05 03:45:00,-1.2502449155019446
2025-05-05 07:45:00,-1.2507641038532875
2025-05-05 11:45:00,-1.251279590901325
2025-05-05 15:45:00,-1.2518412207084713
2025-05-05 19:45:00,-1.2523947356769551
2025-05-05 23:45:00,-1.2529046994158335
2025-05-06 03:45:00,-1.2534090780179208
2025-05-06 07:45:00,-1.2538883270868064
2025-05-06 11:45:00,-1.2543361954432057
2025-05-06 15:45:00,-1.2547916482436747
2025-05-06 19:45:00,-1.2552577729484822
2025-05-06 23:45:00,-1.255643516641221
2025-05-07 03:45:00,-1.2559960695010173
2025-05-07 07:45:00,-1.2563414994794644
2025-05-07 11:45:00,-1.2566756481272252
2025-05-07 15:45:00,-1.2570139356270973
2025-05-07 19:45:00,-1.257343591146103
2025-05-07 23:45:00,-1.2576649138341283
2025-05-08 03:45:00,-1.2579958246559113
2025-05-08 07:45:00,-1.258343925173869
2025-05-08 11:45:00,-1.2587144350449737
2025-05-08 15:45:00,-1.259062658277919
2025-05-08 19:45:00,-1.2593626283906874
2025-05-08 23:45:00,-1.2596986715386491
2025-05-09 03:45:00,-1.260064114773952
2025-05-09 07:45:00,-1.2604896724407664
2025-05-09 11:45:00,-1.2609344730214942
2025-05-09 15:45:00,-1.2613039701800508
2025-05-09 19:45:00,-1.261617711740873
2025-05-09 23:45:00,-1.2619219003725772
2025-05-10 03:45:00,-1.2622229998381842
2025-05-10 07:45:00,-1.2625708302136602
2025-05-10 11:45:00,-1.262901852232893
2025-05-10 15:45:00,-1.2631234698955356
2025-05-10 19:45:00,-1.2632819754463984
2025-05-10 23:45:00,-1.2634373054589783
2025-05-11 03:45:00,-1.2635439877424877
2025-05-11 07:45:00,-1.2636733634160568
2025-05-11 11:45:00,-1.2637848007097414
2025-05-11 15:45:00,-1.2637864467643225
2025-05-11 19:45:00,-1.26370135452709
2025-05-11 23:45:00,-1.263580058004332
2025-05-12 03:45:00,-1.2634213971089174
2025-05-12 07:45:00,-1.2632099822325928
2025-05-12 11:45:00,-1.262944043361638
2025-05-12 15:45:00,-1.2626168236855932
2025-05-12 19:45:00,-1.2622013493082251
2025-05-12 23:45:00,-1.261814996479928
2025-05-13 03:45:00,-1.2614519183227948
2025-05-13 07:45:00,-1.261068588970582
2025-05-13 11:45:00,-1.2606361489627405
2025-05-13 15:45:00,-1.2602491195160417
2025-05-14 07:45:00,-1.2587189651456463
2025-05-14 11:45:00,-1.258720146630094
2025-05-14 15:45:00,-1.2588061315322023
2025-05-14 19:45:00,-1.2589060407419943
2025-05-14 23:45:00,-1.2590945528156574
2025-05-15 03:45:00,-1.2594984706468377
2025-05-15 07:45:00,-1.2600560861936034
2025-05-15 11:45:00,-1.2607277610748178
2025-05-15 15:45:00,-1.2615452561579825
2025-05-15 19:45:00,-1.2623896876247565
2025-05-15 23:45:00,-1.2632876861796283
2025-05-16 03:45:00,-1.2643178679839526
2025-05-16 07:45:00,-1.2654244938800836
2025-05-16 11:45:00,-1.2666029581702714
2025-05-16 15:45:00,-1.2679269230036447
2025-05-16 19:45:00,-1.2693178875838202
2025-05-16 23:45:00,-1.2707163058764739
2025-05-17 03:45:00,-1.2722029315237977
2025-05-17 07:45:00,-1.2737752492216408
2025-05-17 11:45:00,-1.275360139888043
2025-05-17 15:45:00,-1.2770575355743454
2025-05-17 19:45:00,-1.278806222572026
2025-05-17 23:45:00,-1.2805149924776404
2025-05-18 03:45:00,-1.2822309293599452
2025-05-18 07:45:00,-1.2840512735742122
2025-05-18 11:45:00,-1.2858821101150828
2025-05-18 15:45:00,-1.2877486615160443
2025-05-18 19:45:00,-1.289610860871871
2025-05-18 23:45:00,-1.2913692687450404
2025-05-19 03:45:00,-1.2930742847308434
2025-05-19 07:45:00,-1.2948107646489726
2025-05-19 11:45:00,-1.2965054918856393
2025-05-19 15:45:00,-1.2981467752486615
2025-05-19 19:45:00,-1.299730887445284
2025-05-19 23:45:00,-1.3012563759555569
2025-05-20 03:45:00,-1.3027473281362913
2025-05-20 07:45:00,-1.3042235952412564
2025-05-20 11:45:00,-1.305651230597649
2025-05-20 15:45:00,-1.3070156285072403
2025-05-20 19:45:00,-1.3083598438012756
2025-05-20 23:45:00,-1.309676864638775
2025-05-21 03:45:00,-1.310947965615996
2025-05-21 07:45:00,-1.3121567435108865
2025-05-21 11:45:00,-1.3133097339939177
2025-05-21 15:45:00,-1.3144406525211731
2025-05-21 19:45:00,-1.3155275455432192
2025-05-21 23:45:00,-1.3166230937464005
2025-05-22 03:45:00,-1.3176340013308874
2025-05-22 07:45:00,-1.3185641813054931
2025-05-22 11:45:00,-1.3194505922362332
2025-05-22 15:45:00,-1.320332472542408
2025-05-22 19:45:00,-1.3211791175924374
2025-05-22 23:45:00,-1.321981531396384
2025-05-23 03:45:00,-1.3227231298245417
2025-05-23 07:45:00,-1.3234079174903852
2025-05-23 11:45:00,-1.3240652443078584
2025-05-23 15:45:00,-1.3247512157963008
2025-05-23 19:45:00,-1.3254640468021255
2025-05-23 23:45:00,-1.326132544735342
2025-05-24 03:45:00,-1.326716935502482
2025-05-24 07:45:00,-1.327224765349834
2025-05-24 11:45:00,-1.327735842413476
2025-05-24 15:45:00,-1.328324944589562
2025-05-24 19:45:00,-1.3289676558836292
2025-05-24 23:45:00,-1.329604484649513
2025-05-25 03:45:00,-1.3302130905406182
2025-05-25 07:45:00,-1.3308035418417634
2025-05-25 11:45:00,-1.3314381993962443
2025-05-25 15:45:00,-1.3321467672938498
2025-05-25 19:45:00,-1.3328672227491678
2025-05-25 23:45:00,-1.3335874838951665
2025-05-26 03:45:00,-1.3342947742365618
2025-05-26 07:45:00,-1.3349540211241568
2025-05-26 11:45:00,-1.3355988793316291
2025-05-26 15:45:00,-1.3363098769769883
2025-05-26 19:45:00,-1.3370439896992574
2025-05-26 23:45:00,-1.3377695001294525
2025-05-27 03:45:00,-1.3385085146962925
2025-05-27 07:45:00,-1.3392770726662824
2025-05-27 11:45:00,-1.3400606429857234
2025-05-27 15:45:00,-1.3408610127714147
2025-05-27 19:45:00,-1.3417364232802516
2025-05-27 23:45:00,-1.3425953675502393
2025-05-28 03:45:00,-1.3434164717188188
2025-05-28 07:45:00,-1.3442627462426933
2025-05-28 11:45:00,-1.3450955979858963
2025-05-28 15:45:00,-1.3458782497195354
2025-05-28 19:45:00,-1.3459365580080873
2025-05-28 23:45:00,-1.3460030260785019
2025-05-29 03:45:00,-1.3460489334939223
2025-05-29 07:45:00,-1.346530766260652
2025-05-29 11:45:00,-1.3469029604598588
2025-05-29 15:45:00,-1.3471733550453953
2025-05-29 19:45:00,-1.3474384690555405
2025-05-29 23:45:00,-1.3476230446086037
2025-05-30 03:45:00,-1.3476377732344857
2025-05-30 07:45:00,-1.347547794328504
2025-05-30 11:45:00,-1.3473128971985708
2025-05-30 15:45:00,-1.3469241770283245
2025-05-30 19:45:00,-1.3465397118153535
2025-05-30 23:45:00,-1.34614130415168
2025-05-31 03:45:00,-1.3456291306971513
2025-05-31 07:45:00,-1.3450601199017531
2025-05-31 11:45:00,-1.3444525076240088
2025-05-31 15:45:00,-1.3437532517440516
2025-05-31 19:45:00,-1.3430457189981022
2025-05-31 23:45:00,-1.34240623240527
2025-06-01 03:45:00,-1.3417272561567952
2025-06-01 07:45:00,-1.3410164820899428
2025-06-01 11:45:00,-1.3403103076322107
2025-06-01 15:45:00,-1.3395462464967605
2025-06-01 19:45:00,-1.3387697364153026
2025-06-01 23:45:00,-1.3380513214520648
2025-06-02 03:45:00,-1.337342001563174
2025-06-02 07:45:00,-1.336603139573084
2025-06-02 11:45:00,-1.3359056186079912
2025-06-02 15:45:00,-1.3351883156151068
2025-06-02 19:45:00,-1.3344712387411386
2025-06-02 23:45:00,-1.3338554922717563
2025-06-03 03:45:00,-1.3332928768607977
2025-06-03 07:45:00,-1.3327434667276592
2025-06-03 11:45:00,-1.3322333740181205
2025-06-03 15:45:00,-1.331725918180256
2025-06-03 19:45:00,-1.3312039887624876
2025-06-03 23:45:00,-1.3307441500865114
2025-06-04 03:45:00,-1.330331607048503
2025-06-04 07:45:00,-1.3299313391133
2025-06-04 11:45:00,-1.3295792864791602
2025-06-04 15:45:00,-1.3292804627955928
2025-06-04 19:45:00,-1.3289993906070998
2025-06-04 23:45:00,-1.3288188968683532
2025-06-05 03:45:00,-1.3287342593950449
2025-06-05 07:45:00,-1.3287369157441307
2025-06-05 11:45:00,-1.3288227141234716
2025-06-05 15:45:00,-1.3289260433158083
2025-06-05 19:45:00,-1.3290490001534552
2025-06-05 23:45:00,-1.329248803138912
2025-06-06 03:45:00,-1.329599892687237
2025-06-06 07:45:00,-1.3300249785869829
2025-06-06 11:45:00,-1.330499947419693
2025-06-06 15:45:00,-1.3309696895892102
2025-06-06 19:45:00,-1.3314450460951892
2025-06-06 23:45:00,-1.3319896296479865
2025-06-07 03:45:00,-1.332613239209023
2025-06-07 07:45:00,-1.3333018574001083
2025-06-07 11:45:00,-1.3340117286030546
2025-06-07 15:45:00,-1.3347117294226485
2025-06-07 19:45:00,-1.3353714601808875
2025-06-07 23:45:00,-1.336048773527877
2025-06-08 03:45:00,-1.3367703347250273
2025-06-08 07:45:00,-1.3374941216721117
2025-06-08 11:45:00,-1.3381541792819895
2025-06-08 15:45:00,-1.3387147425543082
2025-06-08 19:45:00,-1.339172718326347
2025-06-08 23:45:00,-1.3396352866413386
2025-06-09 03:45:00,-1.3400972426877107
2025-06-09 07:45:00,-1.3405142494824973
2025-06-09 11:45:00,-1.340884544844163
2025-06-09 15:45:00,-1.3412056282667684
2025-06-09 19:45:00,-1.3415086339212001
2025-06-09 23:45:00,-1.3418239122870725
2025-06-10 03:45:00,-1.34217111808218
2025-06-10 07:45:00,-1.3425624593952115
2025-06-10 11:45:00,-1.3429976835730868
2025-06-10 15:45:00,-1.3434404465675414
2025-06-10 19:45:00,-1.343912587202664
2025-06-10 23:45:00,-1.3444367079136683
2025-06-11 03:45:00,-1.345002563865904
2025-06-11 07:45:00,-1.3455895650330916
2025-06-11 11:45:00,-1.3461887842430644
2025-06-11 15:45:00,-1.3467810046179736
2025-06-11 19:45:00,-1.3473209024798163
2025-06-11 23:45:00,-1.3478794112482495
2025-06-12 03:45:00,-1.348500167683257
2025-06-12 07:45:00,-1.3491246258056595
2025-06-12 11:45:00,-1.3497654334240374
2025-06-12 15:45:00,-1.350399443021195
2025-06-12 19:45:00,-1.3510084165839753
2025-06-12 23:45:00,-1.3516064239968701
2025-06-13 03:45:00,-1.352271644814476
2025-06-13 07:45:00,-1.3529861976695738
2025-06-13 11:45:00,-1.3537575632769276
2025-06-13 15:45:00,-1.3545868462476633
2025-06-13 19:45:00,-1.3553944702272633
2025-06-13 23:45:00,-1.356233929411577
2025-06-14 03:45:00,-1.3571610503329428
2025-06-14 07:45:00,-1.3581309077518506
2025-06-14 11:45:00,-1.3592024554108393
2025-06-14 15:45:00,-1.3603941619680113
2025-06-14 19:45:00,-1.3615829532027726
2025-06-14 23:45:00,-1.362781090157687
2025-06-15 03:45:00,-1.3640441494719437
2025-06-15 07:45:00,-1.365326408025774
2025-06-15 11:45:00,-1.3666504683633898
2025-06-15 15:45:00,-1.3680457417967307
2025-06-15 19:45:00,-1.3694047091154773
2025-06-15 23:45:00,-1.3707212525516166
2025-06-16 03:45:00,-1.372046177479492
2025-06-16 07:45:00,-1.3733819521371415
2025-06-16 11:45:00,-1.374749662006653
2025-06-16 15:45:00,-1.3761819372585133
2025-06-16 19:45:00,-1.3775817038401734
2025-06-16 23:45:00,-1.3789240301101693
2025-06-17 03:45:00,-1.380227428483182
2025-06-17 07:45:00,-1.38148470982564
2025-06-17 11:45:00,-1.382702819718883
2025-06-17 15:45:00,-1.3839888003110026
2025-06-17 19:45:00,-1.3852510375122216
2025-06-17 23:45:00,-1.3864085929941683
2025-06-18 03:45:00,-1.3874887470560004
2025-06-18 07:45:00,-1.388498371506365
2025-06-18 11:45:00,-1.3895319063283715
2025-06-18 15:45:00,-1.3906601075342457
2025-06-18 19:45:00,-1.3918349072771585
2025-06-18 23:45:00,-1.3929561644832236
2025-06-19 03:45:00,-1.3940329759876304
2025-06-19 07:45:00,-1.395119298776222
2025-06-19 11:45:00,-1.3962321559520372
2025-06-19 15:45:00,-1.3973826492452979
2025-06-19 19:45:00,-1.3985040599594762
2025-06-19 23:45:00,-1.39952488710317
2025-06-20 03:45:00,-1.4004593182739205
2025-06-20 07:45:00,-1.4013436813652431
2025-06-20 11:45:00,-1.4022279234308537
2025-06-20 15:45:00,-1.403155720011771
2025-06-20 19:45:00,-1.4040954339310394
2025-06-20 23:45:00,-1.4049453710133761
2025-06-21 03:45:00,-1.4056928559687276
2025-06-21 07:45:00,-1.406437508549869
2025-06-21 11:45:00,-1.407185933215923
2025-06-21 15:45:00,-1.4079538021136742
2025-06-21 19:45:00,-1.4087354581759723
2025-06-21 23:45:00,-1.4094506464564762
2025-06-22 03:45:00,-1.4101187484409443
2025-06-22 07:45:00,-1.4107578073641782
2025-06-22 11:45:00,-1.4113805255579144
2025-06-22 15:45:00,-1.4119819050620335
2025-06-22 19:45:00,-1.4125947523251443
2025-06-22 23:45:00,-1.4131598982997031
2025-06-23 03:45:00,-1.4136984823854746
2025-06-23 07:45:00,-1.414262220071193
2025-06-23 11:45:00,-1.4148584578005141
2025-06-23 15:45:00,-1.4154972764225753
2025-06-23 19:45:00,-1.416208384899305
2025-06-23 23:45:00,-1.4168928241540175
2025-06-24 03:45:00,-1.4175497040674625
2025-06-24 07:45:00,-1.4182318986917775
2025-06-24 11:45:00,-1.418908706145921
2025-06-24 15:45:00,-1.4196025251525621
2025-06-24 19:45:00,-1.4203268344451712
2025-06-24 23:45:00,-1.4210299017290866
2025-06-25 03:45:00,-1.42169996775461
2025-06-25 07:45:00,-1.4223531615359901
2025-06-25 11:45:00,-1.4229689903918428
2025-06-25 15:45:00,-1.42356119741543
2025-06-25 19:45:00,-1.4241406979775284
2025-06-25 23:45:00,-1.4246751877516701
2025-06-26 03:45:00,-1.4251280056208615
2025-06-26 07:45:00,-1.4255224404524887
2025-06-26 11:45:00,-1.4258764160192845
2025-06-26 15:45:00,-1.426225989508538
2025-06-26 19:45:00,-1.4266049369982776
2025-06-26 23:45:00,-1.4269388509808225
2025-06-27 03:45:00,-1.4271842639461605
2025-06-27 07:45:00,-1.4273680083528424
2025-06-27 11:45:00,-1.4275069485660175
2025-06-27 15:45:00,-1.4276311219373503
2025-06-27 19:45:00,-1.4277691657668163
2025-06-27 23:45:00,-1.4278962993062074
2025-06-28 03:45:00,-1.427916344333771
2025-06-28 07:45:00,-1.4278538109477759
2025-06-28 11:45:00,-1.4277377572370775
2025-06-28 15:45:00,-1.4275711115894023
2025-06-28 19:45:00,-1.4273986046055227
2025-06-28 23:45:00,-1.4271826618303596
2025-06-29 03:45:00,-1.4268957378132368
2025-06-29 07:45:00,-1.426561146828477
2025-06-29 11:45:00,-1.4261501217452506
2025-06-29 15:45:00,-1.4256448106545088
2025-06-29 19:45:00,-1.4251350821843396
2025-06-29 23:45:00,-1.4246211909407924
2025-06-30 03:45:00,-1.4240803343912898
2025-06-30 07:45:00,-1.4235415978806063
2025-06-30 11:45:00,-1.4229562087077232
2025-06-30 15:45:00,-1.4222645806702343
2025-06-30 19:45:00,-1.4215805219621045
2025-06-30 23:45:00,-1.4208588251218366
2025-07-01 03:45:00,-1.4201081794227841
2025-07-01 07:45:00,-1.4193435879653589
2025-07-01 11:45:00,-1.4185313187442308
2025-07-01 15:45:00,-1.417621368086466
2025-07-01 19:45:00,-1.4167211331493066
2025-07-01 23:45:00,-1.4158503018306718
2025-07-02 03:45:00,-1.415002283700436
2025-07-02 07:45:00,-1.4142001070539338
2025-07-02 11:45:00,-1.4134349313861039
2025-07-02 15:45:00,-1.4126118999786148
2025-07-02 19:45:00,-1.411824283208128
2025-07-02 23:45:00,-1.4111329830181143
2025-07-03 03:45:00,-1.4105307386485149
2025-07-03 07:45:00,-1.4100109363953963
2025-07-03 11:45:00,-1.4094683004420854
2025-07-03 15:45:00,-1.4088548271464596
2025-07-03 19:45:00,-1.4082182109654116
2025-07-03 23:45:00,-1.4076051529452285
2025-07-04 03:45:00,-1.4070041231134593
2025-07-04 07:45:00,-1.406376608531514
2025-07-04 11:45:00,-1.4057023146917085
2025-07-04 15:45:00,-1.4049472379533663
2025-07-04 19:45:00,-1.4041886245375155
2025-07-04 23:45:00,-1.403470865180906
2025-07-05 03:45:00,-1.4027718036888683
2025-07-05 07:45:00,-1.4020872837634442
2025-07-05 11:45:00,-1.4013798846066838
2025-07-05 15:45:00,-1.4006060254219552
2025-07-05 19:45:00,-1.3998195897318786
2025-07-05 23:45:00,-1.3990908509016298
2025-07-06 03:45:00,-1.39839058830227
2025-07-06 07:45:00,-1.3976688796707473
2025-07-06 11:45:00,-1.3969541563564276
2025-07-06 15:45:00,-1.3962176018695376
2025-07-06 19:45:00,-1.3954753265054096
2025-07-06 23:45:00,-1.3948020320577332
2025-07-07 03:45:00,-1.3941329694503821
2025-07-07 07:45:00,-1.3934487020921826
2025-07-07 11:45:00,-1.392815940184092
2025-07-07 15:45:00,-1.3922017459426876
2025-07-07 19:45:00,-1.3915797158116998
2025-07-07 23:45:00,-1.391041921502866
2025-07-08 03:45:00,-1.3905559257421678
2025-07-08 07:45:00,-1.390051446441427
2025-07-08 11:45:00,-1.3895988689160668
2025-07-08 15:45:00,-1.3891561651163307
2025-07-08 19:45:00,-1.3886829154256977
2025-07-08 23:45:00,-1.388257129832248
2025-07-09 03:45:00,-1.3879037118614281
2025-07-09 07:45:00,-1.387561786545481
2025-07-09 11:45:00,-1.3872864081879557
2025-07-09 15:45:00,-1.3870613050317946
2025-07-09 19:45:00,-1.3868349973211043
2025-07-09 23:45:00,-1.3866570824607896
2025-07-10 03:45:00,-1.3865709100061698
2025-07-10 07:45:00,-1.3864937224161185
2025-07-10 11:45:00,-1.3864587822848113
2025-07-10 15:45:00,-1.3864791602535256
2025-07-10 19:45:00,-1.3865082534954396
2025-07-10 23:45:00,-1.3866012390164575
2025-07-11 03:45:00,-1.3868065847671864
2025-07-11 07:45:00,-1.3870492743627705
2025-07-11 11:45:00,-1.3873428745837306
2025-07-11 15:45:00,-1.3876731531162274
2025-07-11 19:45:00,-1.3879838278465049
2025-07-11 23:45:00,-1.3883121236173925
2025-07-12 03:45:00,-1.3886940673834638
2025-07-12 07:45:00,-1.389079084266103
2025-07-12 11:45:00,-1.3895110542207407
2025-07-12 15:45:00,-1.3899963633576993
2025-07-12 19:45:00,-1.3904894443509839
2025-07-12 23:45:00,-1.3910106688833295
2025-07-13 03:45:00,-1.391601985040021
2025-07-13 07:45:00,-1.3922131679044432
2025-07-13 11:45:00,-1.3928755246196114
2025-07-13 15:45:00,-1.3935722221552973
2025-07-13 19:45:00,-1.394262106611461
2025-07-13 23:45:00,-1.394989101816426
2025-07-14 03:45:00,-1.3957387991015109
2025-07-14 07:45:00,-1.396493581614066
2025-07-14 11:45:00,-1.3973510629917987
2025-07-14 15:45:00,-1.3982823040970687
2025-07-14 19:45:00,-1.3991870638908201
2025-07-14 23:45:00,-1.400084301364771
2025-07-15 03:45:00,-1.400990843986639
2025-07-15 07:45:00,-1.401893053848568
2025-07-15 11:45:00,-1.4028903385483749
2025-07-15 15:45:00,-1.4040260317029094
2025-07-15 19:45:00,-1.4051624152828035
2025-07-15 23:45:00,-1.406342345736976
2025-07-16 03:45:00,-1.4075725183648191
2025-07-16 07:45:00,-1.4088246093049706
2025-07-16 11:45:00,-1.4101536190510287
2025-07-16 15:45:00,-1.4116034101433184
2025-07-16 19:45:00,-1.4130445333429793
2025-07-16 23:45:00,-1.4144544963321324
2025-07-17 03:45:00,-1.4158954414080442
2025-07-17 07:45:00,-1.417352627515635
2025-07-17 11:45:00,-1.4188301426281238
2025-07-17 15:45:00,-1.4203616532261338
2025-07-17 19:45:00,-1.4218631949756406
2025-07-17 23:45:00,-1.4232876127377416
2025-07-18 03:45:00,-1.4246920126428237
2025-07-18 07:45:00,-1.4261005451756577
2025-07-18 11:45:00,-1.4275572837975457
2025-07-18 15:45:00,-1.4290956947424487
2025-07-18 19:45:00,-1.4306660501657316
2025-07-18 23:45:00,-1.4322337041583142
2025-07-19 03:45:00,-1.433831387832327
2025-07-19 07:45:00,-1.4354879358906605
2025-07-19 11:45:00,-1.4371963447793275
2025-07-19 15:45:00,-1.4389966120153468
2025-07-19 19:45:00,-1.4408628015890175
2025-07-19 23:45:00,-1.4427396843184417
2025-07-20 03:45:00,-1.4446574415132785
2025-07-20 07:45:00,-1.4466049251032174
2025-07-20 11:45:00,-1.4485483622051225
2025-07-20 15:45:00,-1.4505370819288637
2025-07-20 19:45:00,-1.4525405683689772
2025-07-20 23:45:00,-1.4545079596442134
2025-07-21 03:45:00,-1.4564590436942615
2025-07-21 07:45:00,-1.4584116231585793
2025-07-21 11:45:00,-1.460302581159089
2025-07-21 15:45:00,-1.4622040823626357
2025-07-21 19:45:00,-1.4641048137583261
2025-07-21 23:45:00,-1.4659347751416556
2025-07-22 03:45:00,-1.4677675595831798
2025-07-22 07:45:00,-1.4696274730165442
2025-07-22 11:45:00,-1.4714165879415018
2025-07-22 15:45:00,-1.4731953442282735
2025-07-22 19:45:00,-1.474996877291763
2025-07-22 23:45:00,-1.4767185592394945
2025-07-23 03:45:00,-1.4783787179428027
2025-07-23 07:45:00,-1.480088925504904
2025-07-23 11:45:00,-1.4817492734061504
2025-07-23 15:45:00,-1.4834305244304213
2025-07-23 19:45:00,-1.4851519450656316
2025-07-23 23:45:00,-1.4868411350177984
2025-07-24 03:45:00,-1.4884557594881074
2025-07-24 07:45:00,-1.4900584998222406
2025-07-24 11:45:00,-1.4915812788870642
2025-07-24 15:45:00,-1.49301370200332
2025-07-24 19:45:00,-1.4943553084921755
2025-07-24 23:45:00,-1.4955922425371697
2025-07-25 03:45:00,-1.4966747755771879
2025-07-25 07:45:00,-1.497692219662566
2025-07-25 11:45:00,-1.4986353963995611
2025-07-25 15:45:00,-1.499459973814745
2025-07-25 19:45:00,-1.5001725360391238
2025-07-25 23:45:00,-1.5007204059106407
2025-07-26 03:45:00,-1.5010930601142596
2025-07-26 07:45:00,-1.501381988211581
2025-07-26 11:45:00,-1.5015698991320288
2025-07-26 15:45:00,-1.5016939723854779
2025-07-26 19:45:00,-1.5017785298088553
2025-07-26 23:45:00,-1.5018168014825692
2025-07-27 03:45:00,-1.5017946269125864
2025-07-27 07:45:00,-1.5017963274935173
2025-07-27 11:45:00,-1.5017473391475415
2025-07-27 15:45:00,-1.5016466336671912
2025-07-27 19:45:00,-1.5015313978106095
2025-07-27 23:45:00,-1.5013948736250524
2025-07-28 03:45:00,-1.501277744872598
2025-07-28 07:45:00,-1.501220680243704
2025-07-28 11:45:00,-1.501124256124089
2025-07-28 15:45:00,-1.5009959951485219
2025-07-28 19:45:00,-1.5008718292161414
2025-07-28 23:45:00,-1.50073142193002
2025-07-29 03:45:00,-1.5006058590081994
2025-07-29 07:45:00,-1.5005024100520172
2025-07-29 11:45:00,-1.5002964860402654
2025-07-29 15:45:00,-1.5000252381558992
2025-07-29 19:45:00,-1.4997444923015426
2025-07-29 23:45:00,-1.4994219606470025
2025-07-30 03:45:00,-1.4990745753112678
2025-07-30 07:45:00,-1.4986877568376298
2025-07-30 11:45:00,-1.498190056284643
2025-07-30 15:45:00,-1.4975798486965253
2025-07-30 19:45:00,-1.4969669519302784
2025-07-30 23:45:00,-1.4963227702689743
2025-07-31 03:45:00,-1.4956160293461096
2025-07-31 07:45:00,-1.494858813251604
2025-07-31 11:45:00,-1.4940319558737836
2025-07-31 15:45:00,-1.4931148283342504
2025-07-31 19:45:00,-1.4922288390260732
2025-07-31 23:45:00,-1.4913782419812884
2025-08-01 03:45:00,-1.4904892009554178
2025-08-01 07:45:00,-1.4895915818896595
2025-08-01 11:45:00,-1.4886722479476502
2025-08-01 15:45:00,-1.4877185607199932
2025-08-01 19:45:00,-1.4868057759956308
2025-08-01 23:45:00,-1.4859113060453741
2025-08-02 03:45:00,-1.4849835455279965
2025-08-02 07:45:00,-1.4840223446432128
2025-08-02 11:45:00,-1.4829860074453993
2025-08-02 15:45:00,-1.4818347467421484
2025-08-02 19:45:00,-1.4806353474854237
2025-08-02 23:45:00,-1.4793890057743435
2025-08-03 03:45:00,-1.47807404869838
2025-08-03 07:45:00,-1.4767093971454852
2025-08-03 11:45:00,-1.4752810634219207
2025-08-03 15:45:00,-1.4737291094433773
2025-08-03 19:45:00,-1.4720856689004431
2025-08-03 23:45:00,-1.4703711039851137
2025-08-04 03:45:00,-1.46855554177976
2025-08-04 07:45:00,-1.4666916742337517
2025-08-04 11:45:00,-1.4648157314056331
2025-08-04 15:45:00,-1.4628645482024054
2025-08-04 19:45:00,-1.46086706217658
2025-08-04 23:45:00,-1.458859166441511
2025-08-05 03:45:00,-1.4568250217535794
2025-08-05 07:45:00,-1.4548004021596606
2025-08-05 11:45:00,-1.452825872007684
2025-08-05 15:45:00,-1.4507830898789067
2025-08-05 19:45:00,-1.4487152527168725
2025-08-05 23:45:00,-1.446674050051721
2025-08-06 03:45:00,-1.4445847582777749
2025-08-06 07:45:00,-1.4424664109945224
2025-08-06 11:45:00,-1.4403791271323212
2025-08-06 15:45:00,-1.438221675098052
2025-08-06 19:45:00,-1.4360403763615803
2025-08-06 23:45:00,-1.433876598876627
2025-08-07 03:45:00,-1.4316923159705928
2025-08-07 07:45:00,-1.4294115538328827
2025-08-07 11:45:00,-1.427119077598874
2025-08-07 15:45:00,-1.424691238513076
2025-08-07 19:45:00,-1.4221516075279523
2025-08-07 23:45:00,-1.419561433912551
2025-08-08 03:45:00,-1.416932862369055
2025-08-08 07:45:00,-1.4142843882672649
2025-08-08 11:45:00,-1.4116718654680165
2025-08-08 15:45:00,-1.4090338433300489
2025-08-08 19:45:00,-1.406466961170132
2025-08-08 23:45:00,-1.4039599923474362
2025-08-09 03:45:00,-1.401494205021356
