Record Time,Distance (cm),Moving Average (cm)
2022-08-31 16:30:00,326040.52859415044,326040.52859415044
2022-08-31 20:30:00,326042.97041577916,326041.7495049648
2022-09-01 00:30:00,326044.38131369615,326042.6267745419
2022-09-01 04:30:00,326039.0358682472,326041.7290479682
2022-09-01 08:30:00,326032.72740718187,326039.92871981097
2022-09-01 16:30:00,326038.7983584234,326039.74032624636
2022-09-01 20:30:00,326030.9607884558,326038.486106562
2022-09-02 00:30:00,326018.8159608729,326036.0273383509
2022-09-02 04:30:00,326019.53468993923,326034.1948218607
2022-09-02 08:30:00,326025.52197282005,326033.32753695664
2022-09-02 12:30:00,326026.2380908177,326032.6830418531
2022-09-02 16:30:00,326029.59212223504,326032.42546521826
2022-09-02 20:30:00,326009.5273974773,326030.664075392
2022-09-03 00:30:00,326007.27601473813,326028.99349963106
2022-09-03 04:30:00,326016.6881898918,326028.1731456484
2022-09-03 08:30:00,326006.43302603066,326026.8143881723
2022-09-03 12:30:00,326009.48809077835,326025.795194208
2022-09-03 16:30:00,326020.7851948795,326025.5168609119
2022-09-03 20:30:00,326033.85628946766,326025.95577820437
2022-09-04 00:30:00,326010.15849392983,326025.1659139906
2022-09-04 04:30:00,325985.8159737309,326023.29210731154
2022-09-04 08:30:00,326021.0543847619,326023.19039265026
2022-09-04 12:30:00,326016.142178753,326022.88394856773
2022-09-04 16:30:00,326018.16796846787,326022.6874493969
2022-09-04 20:30:00,326017.395886442,326022.4757868787
2022-09-05 00:30:00,326020.51419216377,326022.4003409281
2022-09-05 04:30:00,326023.627159631,326022.44577865786
2022-09-05 08:30:00,326030.7374489215,326022.7419097387
2022-09-05 12:30:00,326022.58016435546,326022.7363323117
2022-09-05 16:30:00,326018.1207057518,326022.58247809304
2022-09-05 20:30:00,326006.1864219329,326022.0535730556
2022-09-06 00:30:00,325987.71916653484,326020.9806228519
2022-09-06 04:30:00,326005.32206005923,326020.50612094905
2022-09-06 08:30:00,326016.4539033543,326020.3869380786
2022-09-06 12:30:00,326014.0430569546,326020.20568433224
2022-09-06 16:30:00,326017.29746692977,326020.1249005154
2022-09-06 20:30:00,326021.3998891824,326020.1593596686
2022-09-07 00:30:00,326009.52525045566,326019.8795146894
2022-09-07 04:30:00,326005.448103703,326019.5094785102
2022-09-07 08:30:00,326002.6393171791,326019.08772447694
2022-09-07 12:30:00,326000.40621479135,326018.63207789924
2022-09-07 16:30:00,326022.969395491,326018.73534736567
2022-09-07 20:30:00,326026.9309301536,326018.92594231426
2022-09-08 00:30:00,326020.10767697165,326018.9527999201
2022-09-08 04:30:00,326010.9854168495,326018.775746963
2022-09-08 08:30:00,326015.28127632703,326018.69978021004
2022-09-08 12:30:00,326022.6545681435,326018.78392463416
2022-09-08 16:30:00,326002.20573795936,326018.4385457451
2022-09-08 20:30:00,326013.69215024455,326018.3416805308
2022-09-09 00:30:00,326039.09204638534,326018.7566878479
2022-09-09 04:30:00,326027.4214643646,326018.9265854266
2022-09-09 08:30:00,326020.0075800152,326018.9473737841
2022-09-09 12:30:00,326022.63267886534,326019.01690784225
2022-09-09 16:30:00,326011.6937360181,326018.88129354926
2022-09-09 20:30:00,326019.6262282763,326018.89483781694
2022-09-10 00:30:00,326031.9358610075,326019.1277132311
2022-09-10 04:30:00,326015.79917702056,326019.069317859
2022-09-10 08:30:00,325991.45314135036,326018.5931768847
2022-09-10 12:30:00,326002.42068953405,326018.31906692963
2022-09-10 16:30:00,326025.1109579362,326018.43226511305
2022-09-10 20:30:00,326025.341341365,326018.54552865814
2022-09-11 00:30:00,326026.0582126407,326018.66670098045
2022-09-11 04:30:00,326028.8524493354,326018.8283795258
2022-09-11 08:30:00,326014.55497119646,326018.76160752063
2022-09-11 12:30:00,326009.64358400146,326018.62133023574
2022-09-11 16:30:00,326015.04154681327,326018.56709109293
2022-09-11 20:30:00,326028.6116438144,326018.7170097903
2022-09-12 00:30:00,326020.0781329079,326018.7370263067
2022-09-12 04:30:00,326046.9883283891,326019.1464654673
2022-09-12 08:30:00,326025.1995512716,326019.2329381217
2022-09-12 12:30:00,326033.3474319228,326019.43173380906
2022-09-12 16:30:00,326035.6285406639,326019.65668945975
2022-09-12 20:30:00,326038.30348681123,326019.91212503996
2022-09-13 00:30:00,326009.42877369974,326019.77045812993
2022-09-13 04:30:00,326015.9825236797,326019.71995233727
2022-09-13 08:30:00,326026.61340669665,326019.8106556841
2022-09-13 12:30:00,326026.9520147308,326019.90340060677
2022-09-13 16:30:00,326027.06013404037,326019.99515359954
2022-09-13 20:30:00,326017.91399998515,326019.9688098829
2022-09-14 00:30:00,326025.7499544069,326020.0410741895
2022-09-14 04:30:00,326020.27390349173,326020.0439486253
2022-09-14 08:30:00,326011.75206471427,326019.94282808976
2022-09-14 12:30:00,326025.41421273444,326020.0087483867
2022-09-14 16:30:00,326027.0048788564,326020.0920356542
2022-09-14 20:30:00,326030.2069792512,326020.2110349906
2022-09-15 00:30:00,326016.94435601565,326020.1730503514
2022-09-15 04:30:00,326031.88694223925,326020.30769278685
2022-09-15 08:30:00,326033.8781738797,326020.4619027993
2022-09-15 12:30:00,326023.88102738204,326020.50031992944
2022-09-15 16:30:00,326030.54654384154,326020.61194463953
2022-09-15 20:30:00,326031.1260780315,326020.727484567
2022-09-16 00:30:00,326007.9181859868,326020.58825306065
2022-09-16 04:30:00,326024.02180621884,326020.62517298706
2022-09-16 08:30:00,326011.32634123036,326020.526249245
2022-09-16 12:30:00,326009.76909187186,326020.4130160095
2022-09-16 16:30:00,326036.86305623245,326020.5843705951
2022-09-16 20:30:00,326032.7184683074,326020.709464386
2022-09-17 00:30:00,326018.08445815934,326020.68267860817
2022-09-17 04:30:00,326030.6557475331,326020.7834166781
2022-09-17 08:30:00,326004.38009801274,326020.61938349146
2022-09-17 12:30:00,326018.80235587875,326020.6013931191
2022-09-17 16:30:00,326037.6958558084,326020.7689858905
2022-09-17 20:30:00,326037.7554493773,326020.9339030117
2022-09-18 00:30:00,326032.2319205597,326021.0425377959
2022-09-18 04:30:00,326015.9195885036,326020.99374780257
2022-09-18 08:30:00,326002.04599412536,326020.8149954094
2022-09-18 12:30:00,326014.3065353166,326020.7541686796
2022-09-18 16:30:00,326026.1907630124,326020.804507516
2022-09-18 20:30:00,326046.2629989865,326021.03807165794
2022-09-19 00:30:00,326020.206484263,326021.0305117725
2022-09-19 04:30:00,326010.3833983179,326020.93459183146
2022-09-19 08:30:00,326016.6994163342,326020.89677776454
2022-09-19 12:30:00,326022.6151400939,326020.91198451084
2022-09-19 16:30:00,326018.6824675765,326020.89242734475
2022-09-19 20:30:00,326021.1388415157,326020.89457007666
2022-09-20 00:30:00,326029.3722053498,326020.9676531393
2022-09-20 04:30:00,325991.93291060627,326020.71949294675
2022-09-20 08:30:00,325994.3314379038,326020.49586536165
2022-09-20 12:30:00,326019.3250807589,326020.4860268356
2022-09-20 16:30:00,326018.8921469507,326020.4727445032
2022-09-20 20:30:00,326030.71732013905,326020.5574104176
2022-09-21 00:30:00,326026.5483629281,326020.6065165857
2022-09-21 04:30:00,326009.6417190022,326020.5173718899
2022-09-21 08:30:00,326016.43811722274,326020.48447467486
2022-09-21 12:30:00,326022.0503925702,326020.497002018
2022-09-21 16:30:00,326015.6873294507,326020.45883001346
2022-09-21 20:30:00,326022.51199971675,326020.474996704
2022-09-22 00:30:00,326025.5392627677,326020.51456128265
2022-09-22 04:30:00,326005.3550575847,326020.3970457502
2022-09-22 08:30:00,326009.29400912113,326020.31163777603
2022-09-22 12:30:00,326024.14487369836,326020.340899119
2022-09-22 16:30:00,326025.5919296672,326020.38067965343
2022-09-22 20:30:00,326020.10893641907,326020.37863647117
2022-09-23 00:30:00,326022.73357579747,326020.39621064527
2022-09-23 04:30:00,326008.2305330548,326020.306094515
2022-09-23 08:30:00,326002.48595565394,326020.1750640822
2022-09-23 12:30:00,326027.28472960065,326020.2269594509
2022-09-23 16:30:00,326012.4299859713,326020.1704596431
2022-09-23 20:30:00,326020.4295845311,326020.172323851
2022-09-24 00:30:00,326026.0160451556,326020.2140647174
2022-09-24 04:30:00,326028.4992858892,326020.2728251513
2022-09-24 08:30:00,326003.9804200129,326020.15808990377
2022-09-24 12:30:00,326008.08508875733,326020.0736633224
2022-09-24 16:30:00,326027.18920646585,326020.1230768164
2022-09-24 20:30:00,326022.7264099366,326020.1410308379
2022-09-25 00:30:00,326023.9223960059,326020.1669305994
2022-09-25 04:30:00,326019.4584802369,326020.1621112091
2022-09-25 08:30:00,326012.3750450877,326020.1094958975
2022-09-25 12:30:00,326022.3736536435,326020.12469158706
2022-09-25 16:30:00,326023.0944794896,326020.1444901731
2022-09-25 20:30:00,326031.1368611116,326020.21728733164
2022-09-26 00:30:00,326022.7177049694,326020.23373744765
2022-09-26 04:30:00,326014.8405501929,326020.1984878577
2022-09-26 08:30:00,326010.36865247274,326020.1346577579
2022-09-26 12:30:00,326007.6209435928,326020.05392411805
2022-09-26 16:30:00,326017.85409120546,326020.03982262505
2022-09-26 20:30:00,326026.1629476332,326020.07882342127
2022-09-27 00:30:00,326021.7903700848,326020.0896559951
2022-09-27 04:30:00,326020.27752187895,326020.0908375415
2022-09-27 08:30:00,326023.77316842135,326020.1138521095
2022-09-27 12:30:00,326026.9961067253,326020.15659903263
2022-09-27 16:30:00,326019.8348866338,326020.1546131536
2022-09-27 20:30:00,326022.2829776284,326020.16767060437
2022-09-28 00:30:00,326024.3901223634,326020.1934172615
2022-09-28 04:30:00,326021.5139072259,326020.20142023097
2022-09-28 08:30:00,326025.80075018783,326020.2351511343
2022-09-28 12:30:00,326024.47961647325,326020.2605670944
2022-09-28 16:30:00,326016.9891449007,326020.24109434325
2022-09-28 20:30:00,326013.1445847785,326020.1991031624
2022-09-29 00:30:00,326012.76390396024,326020.15536669653
2022-09-29 04:30:00,326019.94584510924,326020.15414142405
2022-09-29 08:30:00,326027.46603935637,326020.1966524586
2022-09-29 12:30:00,326031.5423746543,326020.2622346678
2022-09-29 16:30:00,326009.45152550045,326020.2001041553
2022-09-29 20:30:00,326003.9973567062,326020.10751702706
2022-09-30 00:30:00,326007.49400492985,326020.0358493447
2022-09-30 04:30:00,326020.7908826491,326020.04011506954
2022-09-30 08:30:00,326016.9061173971,326020.02250834106
2022-09-30 12:30:00,326017.44049526454,326020.008083687
2022-09-30 16:30:00,326020.4371070468,326019.8958407423
2022-09-30 20:30:00,326008.9907555948,326019.70601023844
2022-10-01 00:30:00,326003.9291405627,326019.4800204444
2022-10-01 04:30:00,326010.58950247505,326019.32110219984
2022-10-01 08:30:00,326020.85555997107,326019.2547790311
2022-10-01 12:30:00,326012.76657834917,326019.21873347176
2022-10-01 16:30:00,326021.7126155621,326019.12381267804
2022-10-01 20:30:00,326017.4795533098,326019.04891692725
2022-10-02 00:30:00,326041.407608373,326019.17442608
2022-10-02 04:30:00,326027.5387516699,326019.2188930896
2022-10-02 08:30:00,326022.3766579069,326019.20141911786
2022-10-02 12:30:00,326019.48246351606,326019.16388785513
2022-10-02 16:30:00,326023.19295626646,326019.1283369331
2022-10-02 20:30:00,326004.4540187745,326019.1001514959
2022-10-03 00:30:00,326005.14723338705,326019.0883249328
2022-10-03 04:30:00,326011.5769472676,326019.05992914044
2022-10-03 08:30:00,326004.47014836123,326019.0490242645
2022-10-03 12:30:00,326009.2368480301,326019.04762847145
2022-10-03 16:30:00,326026.5772528759,326019.0798065714
2022-10-03 20:30:00,326010.9999829012,326018.9528270905
2022-10-04 00:30:00,326015.6311059448,326018.9832304906
2022-10-04 04:30:00,326018.95814367087,326019.1673536569
2022-10-04 08:30:00,326009.483251828,326019.10306958505
2022-10-04 12:30:00,326007.1466722965,326019.05309454916
2022-10-04 16:30:00,326024.6025033319,326019.0888419651
2022-10-04 20:30:00,326019.21915849525,326019.0989712543
2022-10-05 00:30:00,326024.3462071033,326019.12026022613
2022-10-05 04:30:00,326013.19774684386,326019.062319044
2022-10-05 08:30:00,325999.32330398326,326018.88779601664
2022-10-05 12:30:00,326015.5190922074,326018.84856783797
2022-10-05 16:30:00,326028.83031724684,326018.9080656796
2022-10-05 20:30:00,326031.29067764507,326019.04753376695
2022-10-06 00:30:00,326043.1047219037,326019.3552312968
2022-10-06 04:30:00,326027.6431658916,326019.4792374402
2022-10-06 08:30:00,325978.79286698694,326019.27000946045
2022-10-06 12:30:00,326028.05257194967,326019.3478400993
2022-10-06 16:30:00,326021.5423484281,326019.3714227743
2022-10-06 20:30:00,326023.10810619895,326019.38091286883
2022-10-07 00:30:00,326029.1571913138,326019.48997920693
2022-10-07 04:30:00,326036.93733722245,326019.66491939314
2022-10-07 08:30:00,326026.61874173005,326019.79813841847
2022-10-07 12:30:00,326021.93097608665,326019.91772042564
2022-10-07 16:30:00,326020.00635038444,326019.9012590639
2022-10-07 20:30:00,326017.52363241074,326019.8489962987
2022-10-08 00:30:00,326033.3536007605,326019.92258476414
2022-10-08 04:30:00,326022.4671229076,326019.98637202004
2022-10-08 08:30:00,326012.0921621393,326019.968654719
2022-10-08 12:30:00,326021.1656025473,326019.9603826879
2022-10-08 16:30:00,326029.1488083168,326020.11006641213
2022-10-08 20:30:00,326025.67854100466,326020.17665747186
2022-10-09 00:30:00,326020.43612822494,326020.07301348215
2022-10-09 04:30:00,326028.5844274483,326020.07947438816
2022-10-09 08:30:00,326027.447210522,326020.12080566876
2022-10-09 12:30:00,326033.4624063624,326020.18097082153
2022-10-09 16:30:00,326028.4195676387,326020.2738921083
2022-10-09 20:30:00,326025.89435709245,326020.30871504615
2022-10-10 00:30:00,326033.3520231081,326020.31658261333
2022-10-10 04:30:00,326030.2523237197,326020.3968778728
2022-10-10 08:30:00,326025.4000738476,326020.58547194226
2022-10-10 12:30:00,326027.0496134067,326020.72229929705
2022-10-10 16:30:00,326023.4830755723,326020.7132555062
2022-10-10 20:30:00,326038.8660385375,326020.7883927127
2022-10-11 00:30:00,326031.43179440673,326020.8182459447
2022-10-11 04:30:00,326027.2297737608,326020.8092310804
2022-10-11 08:30:00,326017.8098461611,326020.8273137191
2022-10-11 12:30:00,326017.77315076423,326020.87247797893
2022-10-11 16:30:00,326018.93724494905,326020.89412074635
2022-10-11 20:30:00,326007.03070656233,326020.77422665054
2022-10-12 00:30:00,326020.5130130467,326020.77664265124
2022-10-12 04:30:00,326027.82990183454,326020.6702069482
2022-10-12 08:30:00,326018.5769014708,326020.6334144493
2022-10-12 12:30:00,326023.09320426994,326020.5764465179
2022-10-12 16:30:00,326020.595118742,326020.4929275072
2022-10-12 20:30:00,326019.4731178185,326020.38831434614
2022-10-13 00:30:00,326019.22955103824,326020.4427631091
2022-10-13 04:30:00,326015.6047126157,326020.4406641588
2022-10-13 08:30:00,326017.18904495024,326020.3883065935
2022-10-13 12:30:00,326016.22289937787,326020.3287003971
2022-10-13 16:30:00,326018.637319828,326020.2819069848
2022-10-13 20:30:00,326010.1243318805,326020.2386310509
2022-10-14 00:30:00,326000.20992983226,326020.09674202546
2022-10-14 04:30:00,326031.19840658107,326020.15743370936
2022-10-14 08:30:00,326022.4588343643,326020.216915763
2022-10-14 12:30:00,326011.41690232605,326020.1391529273
2022-10-14 16:30:00,326015.9150594823,326020.07754281966
2022-10-14 20:30:00,326007.2025047352,326019.94974018354
2022-10-15 00:30:00,326004.53502241033,326019.88079944125
2022-10-15 04:30:00,326017.6103282371,326019.80148491904
2022-10-15 08:30:00,326027.259426741,326019.76471410156
2022-10-15 12:30:00,326022.4296164135,326019.7566507073
2022-10-15 16:30:00,326013.93099069776,326019.6643420787
2022-10-15 20:30:00,325989.22873916244,326019.431579085
2022-10-16 00:30:00,326000.4578337639,326019.39013268374
2022-10-16 04:30:00,326004.051531676,326019.2791867141
2022-10-16 08:30:00,326013.12102347176,326019.28915717104
2022-10-16 12:30:00,326015.0187173408,326019.31832175696
2022-10-16 16:30:00,326021.51559180696,326019.23305806564
2022-10-16 20:30:00,326004.3072793172,326019.0752181268
2022-10-17 00:30:00,325992.41992091056,326018.9326373643
2022-10-17 04:30:00,325986.48728420667,326018.6872570125
2022-10-17 08:30:00,326036.094419819,326018.8634476892
2022-10-17 12:30:00,326024.92092911556,326018.8974397628
2022-10-17 16:30:00,326022.57568046765,326018.81343878864
2022-10-17 20:30:00,326013.0510828584,326018.676192308
2022-10-18 00:30:00,326013.2410902554,326018.5706876952
2022-10-18 04:30:00,326017.2513911061,326018.57808659854
2022-10-18 08:30:00,326020.28129448555,326018.6793938228
2022-10-18 12:30:00,326024.6146003864,326018.73666085093
2022-10-18 16:30:00,326015.8995861006,326018.67948764586
2022-10-18 20:30:00,326018.24715367873,326018.5238440608
2022-10-19 00:30:00,326007.1887194728,326018.4515231453
2022-10-19 04:30:00,326004.4816163715,326018.4187354678
2022-10-19 08:30:00,326006.7553634182,326018.3634907294
2022-10-19 12:30:00,326025.00727429235,326018.37678036385
2022-10-19 16:30:00,326024.5554347497,326018.40940795926
2022-10-19 20:30:00,326012.96619856224,326018.3640043873
2022-10-20 00:30:00,326023.18651571684,326018.32963944494
2022-10-20 04:30:00,326009.76212673547,326018.4286906456
2022-10-20 08:30:00,326016.0503554705,326018.5493512987
2022-10-20 12:30:00,326023.07020677166,326018.57015755435
2022-10-20 16:30:00,326019.39451522013,326018.5729484892
2022-10-20 20:30:00,326024.1517092936,326018.5364728734
2022-10-21 00:30:00,326028.8049407927,326018.54900941707
2022-10-21 04:30:00,326022.91430829506,326018.6227460243
2022-10-21 08:30:00,326028.40262957616,326018.68921553734
2022-10-21 12:30:00,326009.5596525559,326018.6198225373
2022-10-21 16:30:00,326022.0542025772,326018.65519405465
2022-10-21 20:30:00,326009.46231271466,326018.58269579354
2022-10-22 00:30:00,326013.7021893962,326018.5169342748
2022-10-22 04:30:00,326018.8118769719,326018.5916943825
2022-10-22 08:30:00,326011.48383518896,326018.6038600829
2022-10-22 12:30:00,326012.37218671356,326018.5384562663
2022-10-22 16:30:00,326025.10724927275,326018.5357635974
2022-10-22 20:30:00,326018.5687746545,326018.5272071432
2022-10-23 00:30:00,326019.85455564683,326018.51121258683
2022-10-23 04:30:00,326019.75087208766,326018.57521447033
2022-10-23 08:30:00,325997.127774332,326018.5454467963
2022-10-23 12:30:00,326012.6029454145,326018.4638813286
2022-10-23 16:30:00,326018.7648674979,326018.49907511484
2022-10-23 20:30:00,325991.4007136107,326018.3378036097
2022-10-24 00:30:00,326019.03177539207,326018.299002111
2022-10-24 04:30:00,326027.25271420303,326018.2920767128
2022-10-24 08:30:00,326021.50332528324,326018.3894261865
2022-10-24 12:30:00,326021.15670547873,326018.46204627946
2022-10-24 16:30:00,326026.571214834,326018.45861299254
2022-10-24 20:30:00,326022.6477871967,326018.4581761996
2022-10-25 00:30:00,326029.8125235404,326018.4908991303
2022-10-25 04:30:00,326037.5759837849,326018.5915519278
2022-10-25 08:30:00,326014.31160931126,326018.6023106179
2022-10-25 12:30:00,325993.25138640136,326018.44052024436
2022-10-25 16:30:00,326007.00607532775,326018.3511402213
2022-10-25 20:30:00,325983.56992990896,326018.08687949233
2022-10-26 00:30:00,326007.0109738876,326017.9996198752
2022-10-26 04:30:00,326002.1006995603,326017.92884292733
2022-10-26 08:30:00,326007.87814830994,326017.91500679305
2022-10-26 12:30:00,326014.40978903655,326017.95272260107
2022-10-26 16:30:00,326004.46596362797,326017.8783441145
2022-10-26 20:30:00,325993.45173878205,326017.69661517645
2022-10-27 00:30:00,325997.5482775722,326017.5619368847
2022-10-27 04:30:00,326018.3529765524,326017.5512449662
2022-10-27 08:30:00,326028.4040616446,326017.5769721508
2022-10-27 12:30:00,326035.4730807447,326017.6240664509
2022-10-27 16:30:00,326033.1237951061,326017.6978937202
2022-10-27 20:30:00,326015.7370752698,326017.661527596
2022-10-28 00:30:00,326007.409199822,326017.5671891374
2022-10-28 04:30:00,326001.1621272268,326017.45412369294
2022-10-28 08:30:00,326017.9087199547,326017.41027908056
2022-10-28 12:30:00,326016.23394414806,326017.3644697899
2022-10-28 16:30:00,326017.03658796096,326017.36473336245
2022-10-28 20:30:00,326011.53668038285,326017.35580056027
2022-10-29 00:30:00,326010.3169990618,326017.3422066441
2022-10-29 04:30:00,326020.59793244937,326017.3458293516
2022-10-29 08:30:00,326025.4166185355,326017.33444368036
2022-10-29 12:30:00,326022.7092942568,326017.2853710115
2022-10-29 16:30:00,326019.08917923854,326017.33891353226
2022-10-29 20:30:00,326016.65793027665,326017.40925005206
2022-10-30 00:30:00,326007.3874677145,326017.40865817864
2022-10-30 04:30:00,326003.2149538551,326017.3110141298
2022-10-30 08:30:00,326013.1095867426,326017.2899222928
2022-10-30 12:30:00,326016.35693818034,326017.28390253126
2022-10-30 16:30:00,326017.5827444085,326017.26804496103
2022-10-30 20:30:00,326030.231560154,326017.3860494308
2022-10-31 00:30:00,326022.59791782155,326017.48976486
2022-10-31 04:30:00,326003.8676816838,326017.45242141123
2022-10-31 08:30:00,326007.89323862025,326017.3804085148
2022-10-31 12:30:00,326022.08264113247,326017.43216441915
2022-10-31 16:30:00,326026.37221740396,326017.45805109607
2022-10-31 20:30:00,326005.0777981636,326017.38915245637
2022-11-01 00:30:00,326003.0446544036,326017.17602493434
2022-11-01 04:30:00,326026.80858945276,326017.17196847755
2022-11-01 08:30:00,326021.7875750801,326017.16869579523
2022-11-01 12:30:00,326018.39565503376,326017.1626579703
2022-11-01 16:30:00,326013.38795572834,326017.1081857451
2022-11-01 20:30:00,326000.3659910842,326017.0854744801
2022-11-02 00:30:00,325998.8952428275,326017.05074119923
2022-11-02 04:30:00,325989.31060431845,326016.9270392939
2022-11-02 08:30:00,326008.758416558,326016.9508630061
2022-11-02 12:30:00,326023.1979302895,326017.0284245743
2022-11-02 16:30:00,326032.24743217067,326017.0599255704
2022-11-02 20:30:00,326032.9906249227,326017.1820958038
2022-11-03 00:30:00,326023.5136860689,326017.2258879156
2022-11-03 04:30:00,326015.6962669939,326017.20776637853
2022-11-03 08:30:00,326012.90881318954,326017.22679727495
2022-11-03 12:30:00,326019.7067709741,326017.2965756009
2022-11-03 16:30:00,326024.2235100853,326017.2944700829
2022-11-03 20:30:00,326021.3093372738,326017.3060821872
2022-11-04 00:30:00,326025.12489942653,326017.3104082557
2022-11-04 04:30:00,326016.9857695213,326017.3314528261
2022-11-04 08:30:00,326023.30249379575,326017.4646705473
2022-11-04 12:30:00,326019.58141339105,326017.48723899835
2022-11-04 16:30:00,326022.4363170053,326017.4517167747
2022-11-04 20:30:00,326008.9908271424,326017.3278287164
2022-11-05 00:30:00,326025.83489193645,326017.2318852166
2022-11-05 04:30:00,326018.27969840175,326017.1798659528
2022-11-05 08:30:00,326008.01113797247,326017.34218968044
2022-11-05 12:30:00,326011.91357650474,326017.25252859463
2022-11-05 16:30:00,326035.4775242712,326017.3299462382
2022-11-05 20:30:00,326013.1196171217,326017.27445463225
2022-11-06 00:30:00,326015.14741569484,326017.1966225455
2022-11-06 04:30:00,326012.75041448034,326017.06225075247
2022-11-06 08:30:00,326024.35554723145,326017.0496774497
2022-11-06 12:30:00,326027.1538375373,326017.07869334664
2022-11-06 16:30:00,325995.7506533327,326016.9439394741
2022-11-06 20:30:00,326013.663228014,326016.92249278305
2022-11-07 00:30:00,326015.12549917825,326016.821225552
2022-11-07 04:30:00,326036.1126737243,326016.8970341677
2022-11-07 08:30:00,326022.6899927309,326016.9559110043
2022-11-07 12:30:00,326015.45660523354,326016.9241943525
2022-11-07 16:30:00,326037.9096357446,326016.97286561603
2022-11-07 20:30:00,326022.7035959574,326016.95633814356
2022-11-08 00:30:00,326038.7221446855,326017.05792712385
2022-11-08 04:30:00,326025.87977400795,326017.04290127143
2022-11-08 08:30:00,326023.1041682095,326017.0187732586
2022-11-08 12:30:00,326018.53806726716,326016.9358602636
2022-11-08 16:30:00,326001.57835910365,326016.78674243845
2022-11-08 20:30:00,326000.1440194762,326016.64368500724
2022-11-09 00:30:00,326019.03713192925,326016.56415783404
2022-11-09 04:30:00,326009.596942927,326016.4494057185
2022-11-09 08:30:00,326028.49131537805,326016.46657928254
2022-11-09 12:30:00,326022.44864708337,326016.4410183585
2022-11-09 16:30:00,326020.15103602683,326016.42250702775
2022-11-09 20:30:00,326009.0890437593,326016.257079279
2022-11-10 00:30:00,326005.168422127,326016.1111716552
2022-11-10 04:30:00,326017.76691021345,326016.058600191
2022-11-10 08:30:00,326026.81181494193,326016.1086111287
2022-11-10 12:30:00,326016.94333585113,326016.10400104587
2022-11-10 16:30:00,326002.1017817602,326016.0104706948
2022-11-10 20:30:00,326014.51100779563,326016.05202792387
2022-11-11 00:30:00,326011.982873517,326016.0046382598
2022-11-11 04:30:00,326020.8997989621,326015.9661376883
2022-11-11 08:30:00,326025.15577085805,326016.00268696266
2022-11-11 12:30:00,326028.64393188426,326016.03352433833
2022-11-11 16:30:00,326028.5135757965,326016.0775157664
2022-11-11 20:30:00,326021.70664183144,326016.08992423315
2022-11-12 00:30:00,326001.62706073845,326015.99213262036
2022-11-12 04:30:00,326026.53253963555,326016.05284277047
2022-11-12 08:30:00,326011.15182637627,326016.0193026673
2022-11-12 12:30:00,326014.24840046774,326016.0083332289
2022-11-12 16:30:00,326020.38727544266,326016.01805520453
2022-11-12 20:30:00,326006.3736302781,326015.9972179734
2022-11-13 00:30:00,326003.77043382166,326016.01699855115
2022-11-13 04:30:00,326023.3692995116,326015.97350351186
2022-11-13 08:30:00,326023.6237054155,326015.97997501766
2022-11-13 12:30:00,326032.97380453727,326016.0997355855
2022-11-13 16:30:00,326028.6946489453,326016.17073330475
2022-11-13 20:30:00,326030.29996524693,326016.29905252985
2022-11-14 00:30:00,326022.91713389265,326016.4011753714
2022-11-14 04:30:00,326032.9902292965,326016.4866192662
2022-11-14 08:30:00,326011.9680754918,326016.4016673148
2022-11-14 12:30:00,326014.47403006454,326016.35746961285
2022-11-14 16:30:00,326008.1791235943,326016.3255147956
2022-11-14 20:30:00,326013.0682532566,326016.4579565406
2022-11-15 00:30:00,326015.17615280446,326016.53972497967
2022-11-15 04:30:00,326026.8398793686,326016.6663269113
2022-11-15 08:30:00,326021.43619551515,326016.71252231154
2022-11-15 12:30:00,326025.5566055622,326016.771066135
2022-11-15 16:30:00,326018.2516924808,326016.752933361
2022-11-15 20:30:00,326005.8662871743,326016.76159451576
2022-11-16 00:30:00,326012.26867589506,326016.8718653768
2022-11-16 04:30:00,326010.4330932405,326017.00489764917
2022-11-16 08:30:00,326018.2149021232,326016.9055669953
2022-11-16 12:30:00,326026.9698627759,326016.9169499601
2022-11-16 16:30:00,326022.6434410218,326016.9173264076
2022-11-16 20:30:00,326032.8398869622,326017.0272642082
2022-11-17 00:30:00,326020.37562140025,326017.06690049235
2022-11-17 04:30:00,326003.142622007,326016.98851844174
2022-11-17 08:30:00,326025.4645670596,326017.0173144005
2022-11-17 12:30:00,326021.3709841263,326016.99929431017
2022-11-17 16:30:00,326033.8790288786,326017.0991801034
2022-11-17 20:30:00,326028.7074122957,326017.15729265125
2022-11-18 00:30:00,326021.31766882614,326017.2357868143
2022-11-18 04:30:00,326003.6397164338,326017.2311095925
2022-11-18 08:30:00,326020.58008821507,326017.3079136191
2022-11-18 12:30:00,326031.59535490035,326017.34451406694
2022-11-18 16:30:00,326034.3883082951,326017.3991411422
2022-11-18 20:30:00,326021.1568338111,326017.44464467134
2022-11-19 00:30:00,326042.1509389327,326017.5500025781
2022-11-19 04:30:00,326028.4750874321,326017.65396347083
2022-11-19 08:30:00,326015.3678558204,326017.65017180616
2022-11-19 12:30:00,326021.21148703113,326017.6398455854
2022-11-19 16:30:00,326027.7264807366,326017.6861342827
2022-11-19 20:30:00,326023.8981250045,326017.6847254811
2022-11-20 00:30:00,326024.676315138,326017.66178867186
2022-11-20 04:30:00,326032.9635280995,326017.71761767083
2022-11-20 08:30:00,326029.72147530277,326017.7249445915
2022-11-20 12:30:00,326021.1216397183,326017.7891778535
2022-11-20 16:30:00,326031.90537215397,326017.84390657337
2022-11-20 20:30:00,326031.030644133,326017.9637306368
2022-11-21 00:30:00,326024.52076389996,326018.0238338285
2022-11-21 04:30:00,326024.80272981897,326018.05711634434
2022-11-21 08:30:00,326025.54281182354,326018.13522177003
2022-11-21 12:30:00,326014.94932151627,326018.14953918563
2022-11-21 16:30:00,326021.5987407022,326018.1300474714
2022-11-21 20:30:00,326013.4939785517,326018.1018541597
2022-11-22 00:30:00,326015.149967055,326018.07571755635
2022-11-22 04:30:00,326026.4425970105,326018.11289380596
2022-11-22 08:30:00,326022.1495271537,326018.25190354383
2022-11-22 12:30:00,326035.87845204916,326018.38121191406
2022-11-22 16:30:00,326009.82986514777,326018.3315730121
2022-11-22 20:30:00,325996.9784400159,326018.362560381
2022-11-23 00:30:00,326028.1120823221,326018.41300653067
2022-11-23 04:30:00,326022.54593158804,326018.3868577383
2022-11-23 08:30:00,326010.4128533232,326018.3252440052
2022-11-23 12:30:00,326015.3089759547,326018.292756619
2022-11-23 16:30:00,326010.9781703731,326018.2061285942
2022-11-23 20:30:00,325989.35341703356,326018.0211598711
2022-11-24 00:30:00,326005.31900648586,326017.8850847763
2022-11-24 04:30:00,326024.7671270362,326017.8139244611
2022-11-24 08:30:00,326032.3007903123,326017.9138643555
2022-11-24 12:30:00,326029.34427458746,326018.114380401
2022-11-24 16:30:00,326031.46879583766,326018.2502844038
2022-11-24 20:30:00,325999.59936906095,326018.3393368435
2022-11-25 00:30:00,326007.3358417718,326018.3411416651
2022-11-25 04:30:00,326025.5343768701,326018.47132876125
2022-11-25 08:30:00,326023.06326711865,326018.55569053243
2022-11-25 12:30:00,326020.86733677617,326018.59156579763
2022-11-25 16:30:00,326006.34637429815,326018.6020125236
2022-11-25 20:30:00,325990.15223465115,326018.5836819451
2022-11-26 00:30:00,325998.3264297455,326018.5880050127
2022-11-26 04:30:00,326011.06831768394,326018.5475346857
2022-11-26 08:30:00,326021.0050436382,326018.5064290301
2022-11-26 12:30:00,326021.89323876874,326018.43098546355
2022-11-26 16:30:00,326014.84941748565,326018.32946114347
2022-11-26 20:30:00,326017.42692138226,326018.33884917735
2022-11-27 00:30:00,326012.0026351684,326018.3643682627
2022-11-27 04:30:00,326017.5845617558,326018.4556040101
2022-11-27 08:30:00,326022.1094599946,326018.47894145467
2022-11-27 12:30:00,326019.98183570383,326018.49976307445
2022-11-27 16:30:00,325995.1660018521,326018.3782598183
2022-11-27 20:30:00,325989.67504927,326018.2568063121
2022-11-28 00:30:00,325986.9889656409,326018.12720612646
2022-11-28 04:30:00,326001.3350597568,326018.02019016707
2022-11-28 08:30:00,326006.8386568677,326017.9169792689
2022-11-28 12:30:00,326033.25677084265,326017.97557636106
2022-11-28 16:30:00,326023.5009787054,326018.00008635805
2022-11-28 20:30:00,326027.7953168871,326018.06196072814
2022-11-29 00:30:00,326021.9753918,326018.14300475083
2022-11-29 04:30:00,326020.87265783263,326018.2411031063
2022-11-29 08:30:00,326002.5120452153,326018.1822278755
2022-11-29 12:30:00,326020.72118082,326018.206473668
2022-11-29 16:30:00,326025.9375193874,326018.2528890846
2022-11-29 20:30:00,326014.04757004936,326018.16297802835
2022-11-30 00:30:00,326010.4454189344,326018.0954641457
2022-11-30 04:30:00,325998.12139552785,326018.0635403337
2022-11-30 08:30:00,326023.91150808596,326018.15253071964
2022-11-30 12:30:00,326008.31742316013,326018.07605728647
2022-11-30 16:30:00,326017.961494662,326018.029331049
2022-11-30 20:30:00,326003.33401417686,326018.01964336017
2022-12-01 00:30:00,326013.1291370603,326018.07566826383
2022-12-01 04:30:00,326017.47186342697,326018.0237975637
2022-12-01 08:30:00,326007.00116547506,326017.94165084366
2022-12-01 12:30:00,326012.770453543,326017.9103997243
2022-12-01 16:30:00,326014.2138507723,326017.9149880301
2022-12-01 20:30:00,326018.39429995394,326018.0151453016
2022-12-02 00:30:00,326014.95719736104,326018.1043783823
2022-12-02 04:30:00,326010.2427744393,326018.2206682163
2022-12-02 08:30:00,326019.57037558913,326018.2807346554
2022-12-02 12:30:00,326017.34256962675,326018.24820487393
2022-12-02 16:30:00,326028.42215898144,326018.2269533562
2022-12-02 20:30:00,326027.2678229616,326018.195160012
2022-12-03 00:30:00,326021.8548669774,326018.1859443504
2022-12-03 04:30:00,326018.8803415293,326018.20363365335
2022-12-03 08:30:00,326009.3641120991,326018.18394086947
2022-12-03 12:30:00,326013.4000539657,326018.1489035528
2022-12-03 16:30:00,326019.92285082577,326018.1250110013
2022-12-03 20:30:00,326020.49688817194,326018.1204973952
2022-12-04 00:30:00,326025.3210311012,326018.12158701563
2022-12-04 04:30:00,326014.0163840328,326018.10509042954
2022-12-04 08:30:00,326013.83367998776,326018.0524859084
2022-12-04 12:30:00,326019.0950697938,326018.04978399957
2022-12-04 16:30:00,326011.363766703,326017.98826983117
2022-12-04 20:30:00,326020.5898838117,326018.05270903494
2022-12-05 00:30:00,326007.77133007976,326017.95235591347
2022-12-05 04:30:00,326018.4878225521,326017.95351215877
2022-12-05 08:30:00,326014.87428208353,326017.9916407372
2022-12-05 12:30:00,326032.1910142705,326018.1042931692
2022-12-05 16:30:00,326026.23121770367,326018.0529247994
2022-12-05 20:30:00,326020.93262141914,326018.09633037884
2022-12-06 00:30:00,326030.6224726022,326018.1823029172
2022-12-06 04:30:00,326024.7249755961,326018.24882825674
2022-12-06 08:30:00,326027.64777408616,326018.2671184059
2022-12-06 12:30:00,326020.87574143894,326018.2322400942
2022-12-06 16:30:00,326017.8839454431,326018.3552028282
2022-12-06 20:30:00,326025.2656239639,326018.4196605835
2022-12-07 00:30:00,326023.55685661326,326018.46650145814
2022-12-07 04:30:00,326014.9385178976,326018.34886725905
2022-12-07 08:30:00,326016.3456922391,326018.31362114527
2022-12-07 12:30:00,326019.56663326477,326018.3364546343
2022-12-07 16:30:00,326000.6108452548,326018.1292391316
2022-12-07 20:30:00,326003.8294569349,326018.02438280365
2022-12-08 00:30:00,326015.8378946179,326017.89724808105
2022-12-08 04:30:00,326012.0144419492,326017.82021845854
2022-12-08 08:30:00,326011.6228172717,326017.7564331755
2022-12-08 12:30:00,326025.7343958651,326017.79641277884
2022-12-08 16:30:00,326009.111342861,326017.8382626886
2022-12-08 20:30:00,326012.55906787247,326017.90723517974
2022-12-09 00:30:00,326014.7556110459,326017.8834489526
2022-12-09 04:30:00,326014.94045353896,326017.9131351227
2022-12-09 08:30:00,326028.4583594804,326017.9129520343
2022-12-09 12:30:00,326024.4592555177,326017.9241220812
2022-12-09 16:30:00,326015.67182696634,326017.8992375864
2022-12-09 20:30:00,326004.75166447565,326017.87514103483
2022-12-10 00:30:00,326006.1807132608,326017.8807648745
2022-12-10 04:30:00,326024.94103509333,326017.9206211238
2022-12-10 08:30:00,326008.08583659667,326017.81658791075
2022-12-10 12:30:00,326011.9669510786,326017.7889413287
2022-12-10 16:30:00,326016.7350257189,326017.87023712846
2022-12-10 20:30:00,326013.72444281256,326017.865867323
2022-12-11 00:30:00,326031.3428466758,326017.97342272947
2022-12-11 04:30:00,326035.4514366889,326018.0542651613
2022-12-11 08:30:00,326029.75847494986,326018.07983573957
2022-12-11 12:30:00,326025.80216700945,326018.06404815696
2022-12-11 16:30:00,326001.4083334704,326017.9134634773
2022-12-11 20:30:00,326004.1674749294,326017.8160236612
2022-12-12 00:30:00,326002.8427811699,326017.82277766365
2022-12-12 04:30:00,326017.4278803514,326017.77219622314
2022-12-12 08:30:00,326012.88925611915,326017.78184861055
2022-12-12 12:30:00,326018.1211483045,326017.80336387636
2022-12-12 16:30:00,326014.3745852552,326017.769960042
2022-12-12 20:30:00,325990.5761629839,326017.6821963348
2022-12-13 00:30:00,326004.3825585721,326017.6855970278
2022-12-13 04:30:00,326013.06135393545,326017.6283306635
2022-12-13 08:30:00,326015.4059538817,326017.5826764884
2022-12-13 12:30:00,326003.3118104482,326017.4178876323
2022-12-13 16:30:00,326012.3854089224,326017.3272807433
2022-12-13 20:30:00,325994.5646626948,326017.1287512847
2022-12-14 00:30:00,326022.612179137,326017.1270570916
2022-12-14 04:30:00,326026.2566005092,326017.08964804275
2022-12-14 08:30:00,326018.35872871225,326017.12515167176
2022-12-14 12:30:00,326026.9139955584,326017.1942625912
2022-12-14 16:30:00,326026.0025165885,326017.29328144115
2022-12-14 20:30:00,326015.63617279805,326017.3075476608
2022-12-15 00:30:00,326009.6082534015,326017.27661488636
2022-12-15 04:30:00,326019.39932823443,326017.23527849116
2022-12-15 08:30:00,326014.18286797835,326017.19498222705
2022-12-15 12:30:00,326017.5878801948,326017.1507115306
2022-12-15 16:30:00,326019.7266905312,326017.15890596417
2022-12-15 20:30:00,326005.4033932333,326017.1563343312
2022-12-16 00:30:00,325994.84891887143,326017.05955790327
2022-12-16 04:30:00,326020.2053933578,326017.1138484595
2022-12-16 08:30:00,326033.8719953663,326017.20083231083
2022-12-16 12:30:00,326035.0403276986,326017.2456682271
2022-12-16 16:30:00,326025.4557038344,326017.2612919094
2022-12-16 20:30:00,326027.62950060563,326017.2323453185
2022-12-17 00:30:00,326029.1255805706,326017.28095620277
2022-12-17 04:30:00,326030.3972668338,326017.4323708963
2022-12-17 08:30:00,326030.81339737447,326017.4620866202
2022-12-17 12:30:00,326026.51329816406,326017.4906550316
2022-12-17 16:30:00,326005.39313730877,326017.3324000784
2022-12-17 20:30:00,326027.68298172165,326017.3267087974
2022-12-18 00:30:00,325998.24559274444,326017.198530597
2022-12-18 04:30:00,326007.2371806609,326017.21851650934
2022-12-18 08:30:00,326020.82500718156,326017.2198771703
2022-12-18 12:30:00,326029.4529122755,326017.2079747112
2022-12-18 16:30:00,326033.2740322801,326017.2017842889
2022-12-18 20:30:00,326010.3873602653,326017.1419538803
2022-12-19 00:30:00,326013.31621093303,326016.981760947
2022-12-19 04:30:00,326027.0455374455,326016.9738190026
2022-12-19 08:30:00,326026.77607039147,326017.0371979725
2022-12-19 12:30:00,326028.11674674397,326017.0755605264
2022-12-19 16:30:00,326016.90326675976,326017.01543155994
2022-12-19 20:30:00,326020.56180151686,326016.9968964294
2022-12-20 00:30:00,326028.9607222982,326017.0206986914
2022-12-20 04:30:00,326021.23543495213,326016.95554261835
2022-12-20 08:30:00,326023.9269588165,326016.9233508601
2022-12-20 12:30:00,326020.0762705348,326016.91754325357
2022-12-20 16:30:00,326023.08640539914,326016.8685489938
2022-12-20 20:30:00,326004.2868492182,326016.71997235535
2022-12-21 00:30:00,326005.85823145753,326016.6162916196
2022-12-21 04:30:00,326007.8066074196,326016.52186871733
2022-12-21 08:30:00,326016.383764454,326016.47098512086
2022-12-21 12:30:00,326020.6874191302,326016.50286344095
2022-12-21 16:30:00,326000.995698613,326016.388402096
2022-12-21 20:30:00,326019.09446969297,326016.41951593565
2022-12-22 00:30:00,326024.8068566929,326016.4731653226
2022-12-22 04:30:00,326020.2606119954,326016.43882096134
2022-12-22 08:30:00,326007.2950470696,326016.356296072
2022-12-22 12:30:00,326032.74399936915,326016.338882446
2022-12-22 16:30:00,326012.31554512115,326016.3526917792
2022-12-22 20:30:00,326010.2111492789,326016.42620683066
2022-12-23 00:30:00,326002.80170449073,326016.2855936205
2022-12-23 04:30:00,326028.1014462779,326016.316457591
2022-12-23 08:30:00,326015.7657187031,326016.34619573195
2022-12-23 12:30:00,326021.5786019193,326016.38102698734
2022-12-23 16:30:00,326022.0044052712,326016.4422838479
2022-12-23 20:30:00,326002.2265273511,326016.51380112744
2022-12-24 00:30:00,326011.99036842276,326016.5508642493
2022-12-24 04:30:00,326027.8730214179,326016.56811921805
2022-12-24 08:30:00,326028.36271079595,326016.54624099855
2022-12-24 12:30:00,326034.78044890513,326016.576441967
2022-12-24 16:30:00,326036.3028925384,326016.6032980598
2022-12-24 20:30:00,325998.977768426,326016.5998447229
2022-12-25 00:30:00,325990.5759273785,326016.5067340874
2022-12-25 04:30:00,326009.1311739055,326016.41560518206
2022-12-25 08:30:00,326016.6213681421,326016.3798168544
2022-12-25 12:30:00,326026.8632010297,326016.41312721133
2022-12-25 16:30:00,326012.2486096068,326016.4459174075
2022-12-25 20:30:00,326004.3357968785,326016.52471497544
2022-12-26 00:30:00,326016.9545052534,326016.6282042838
2022-12-26 04:30:00,326026.9698782393,326016.7165462869
2022-12-26 08:30:00,326030.0733259382,326016.766925633
2022-12-26 12:30:00,325998.8744140377,326016.6390432734
2022-12-26 16:30:00,326010.4020918319,326016.6143359086
2022-12-26 20:30:00,325999.04566843476,326016.51221783675
2022-12-27 00:30:00,326013.1610999611,326016.5186537522
2022-12-27 04:30:00,325999.7713595782,326016.4196915179
2022-12-27 08:30:00,326029.81380225945,326016.4624934194
2022-12-27 12:30:00,326032.3770867545,326016.5313559252
2022-12-27 16:30:00,326011.90445654443,326016.6243473402
2022-12-27 20:30:00,326001.0521090348,326016.68755322776
2022-12-28 00:30:00,326009.2967823853,326016.81148554303
2022-12-28 04:30:00,326011.2186170803,326016.8663941948
2022-12-28 08:30:00,326013.82299314265,326016.905196063
2022-12-28 12:30:00,326007.22627488006,326016.7605821965
2022-12-28 16:30:00,326011.4278964586,326016.6935095174
2022-12-28 20:30:00,326022.8030657212,326016.66577478865
2022-12-29 00:30:00,325994.0666290627,326016.5107261068
2022-12-29 04:30:00,326007.18784414034,326016.43469936406
2022-12-29 08:30:00,326025.8782200431,326016.56451144646
2022-12-29 12:30:00,326024.6887016355,326016.5865532288
2022-12-29 16:30:00,326027.6097674243,326016.5958434956
2022-12-29 20:30:00,326013.74243736017,326016.59414831403
2022-12-30 00:30:00,326028.8238400719,326016.6962506537
2022-12-30 04:30:00,326025.4899022916,326016.84829791344
2022-12-30 08:30:00,326029.917043064,326016.8816619967
2022-12-30 12:30:00,326042.95042204595,326017.07406754605
2022-12-30 16:30:00,326022.64036554116,326017.10006127314
2022-12-30 20:30:00,326010.42318389483,326017.1394455494
2022-12-31 00:30:00,325998.3702816316,326017.0574519081
2022-12-31 04:30:00,326007.80272474355,326017.003734471
2022-12-31 08:30:00,326031.5455336985,326017.1400920722
2022-12-31 12:30:00,326007.1358128798,326017.108788513
2022-12-31 16:30:00,326024.2793644857,326017.16470803355
2022-12-31 20:30:00,326006.5283371305,326017.0987860179
2023-01-01 00:30:00,326002.93314499926,326017.031985727
2023-01-01 04:30:00,326016.36971793126,326017.066024302
2023-01-01 08:30:00,326009.10344194504,326017.0078746706
2023-01-01 12:30:00,326027.61225987796,326017.06492850534
2023-01-01 16:30:00,326016.65518805484,326016.99955644464
2023-01-01 20:30:00,326005.9137551938,326016.8809227348
2023-01-02 00:30:00,326018.94829025783,326016.8647750864
2023-01-02 04:30:00,326028.6547609699,326016.91907741665
2023-01-02 08:30:00,326034.153318258,326017.0567952286
2023-01-02 12:30:00,326030.7652972849,326017.1532688026
2023-01-02 16:30:00,326011.2579196479,326017.1051302961
2023-01-02 20:30:00,326022.57529244066,326017.11667698645
2023-01-03 00:30:00,326025.99413354706,326017.12041644444
2023-01-03 04:30:00,326012.493935776,326017.1119583986
2023-01-03 08:30:00,326019.69266220677,326017.1445082998
2023-01-03 12:30:00,326027.65795458574,326017.192079882
2023-01-03 16:30:00,326009.45695412235,326017.1814864788
2023-01-03 20:30:00,325990.5298351249,326017.0144862083
2023-01-04 00:30:00,326021.4838385692,326017.090666811
2023-01-04 04:30:00,326007.98794723145,326017.0323341703
2023-01-04 08:30:00,326017.76769536844,326017.04840868857
2023-01-04 12:30:00,326020.34914090525,326016.98262050323
2023-01-04 16:30:00,326028.6523618003,326016.9960713038
2023-01-04 20:30:00,326013.7951416044,326016.9564186381
2023-01-05 00:30:00,326009.0923639525,326016.8368069234
2023-01-05 04:30:00,326004.12271789805,326016.7223499362
2023-01-05 08:30:00,326013.8087583756,326016.64546651556
2023-01-05 12:30:00,326018.0389393528,326016.629706504
2023-01-05 16:30:00,325993.04455491155,326016.4917098899
2023-01-05 20:30:00,326022.08752559085,326016.4740537879
2023-01-06 00:30:00,326018.55581215635,326016.4462702075
2023-01-06 04:30:00,326020.2775414963,326016.4759314498
2023-01-06 08:30:00,326039.592364005,326016.60507962626
2023-01-06 16:30:00,326033.0375066192,326016.76968916657
2023-01-06 20:30:00,326005.3523345356,326016.7781968627
2023-01-07 00:30:00,326014.55813413224,326016.77104736277
2023-01-07 04:30:00,326023.20088147133,326016.83354143833
2023-01-07 08:30:00,326021.45770231675,326016.8884849302
2023-01-07 12:30:00,326017.2749851216,326016.8412256523
2023-01-07 16:30:00,326047.0114274475,326017.05295796844
2023-01-07 20:30:00,325999.1642233485,326016.9781264348
2023-01-08 00:30:00,326016.42258568184,326016.9874391422
2023-01-08 04:30:00,326009.4295686703,326016.9566520759
2023-01-08 08:30:00,326021.3001512645,326016.9166620859
2023-01-08 12:30:00,326050.87340140285,326017.0642271467
2023-01-08 16:30:00,326019.36956080573,326017.08488487767
2023-01-08 20:30:00,325984.5543775978,326016.97205087275
2023-01-09 00:30:00,326001.9225868103,326016.9482624568
2023-01-09 04:30:00,326009.65343251836,326016.8628568558
2023-01-09 08:30:00,326028.6875355985,326016.9779501463
2023-01-09 12:30:00,326026.0601038238,326017.05668284325
2023-01-09 16:30:00,326053.9858201096,326017.26478783984
2023-01-09 20:30:00,325998.60355736234,326017.18031361944
2023-01-10 00:30:00,325998.6243398691,326016.99752866523
2023-01-10 04:30:00,326030.4813266772,326016.9697626875
2023-01-10 08:30:00,326023.7629643698,326016.936268215
2023-01-10 12:30:00,325982.29634239164,326016.69321891543
2023-01-10 16:30:00,326005.76437463437,326016.71755434095
2023-01-10 20:30:00,326011.75343309954,326016.7599339955
2023-01-11 00:30:00,325983.41444504727,326016.6513958049
2023-01-11 04:30:00,326012.5932881439,326016.6243869099
2023-01-11 08:30:00,326024.12980698433,326016.68718328344
2023-01-11 12:30:00,326028.132204559,326016.743110972
2023-01-11 16:30:00,326032.89274459204,326016.84656437614
2023-01-11 20:30:00,326036.983433155,326017.1058228687
2023-01-12 00:30:00,326008.8822197164,326017.13096064044
2023-01-12 04:30:00,326000.6568669433,326017.06166183046
2023-01-12 08:30:00,326008.14508431754,326017.02109831333
2023-01-12 12:30:00,326016.47962220263,326017.09466150746
2023-01-12 16:30:00,326032.8938638225,326017.2092338812
2023-01-12 20:30:00,325994.6336316728,326017.2096191828
2023-01-13 00:30:00,326015.6788780768,326017.1708856573
2023-01-13 04:30:00,326042.4899304641,326017.26157465146
2023-01-13 08:30:00,326014.91232067853,326017.2423209753
2023-01-13 12:30:00,326052.3291997227,326017.3843053561
2023-01-13 16:30:00,326044.02514426975,326017.4849904269
2023-01-13 20:30:00,326023.8254490932,326017.5307405739
2023-01-14 00:30:00,325999.20604121464,326017.4726276566
2023-01-14 04:30:00,326011.2480899969,326017.4270900128
2023-01-14 08:30:00,326047.79452499084,326017.614864633
2023-01-14 12:30:00,326024.1757610033,326017.6516684364
2023-01-14 16:30:00,326009.51250875153,326017.59460596833
2023-01-14 20:30:00,325999.7794811494,326017.56318746513
2023-01-15 00:30:00,326034.22127624345,326017.78314476885
2023-01-15 04:30:00,326042.4438953915,326017.90738221037
2023-01-15 08:30:00,325988.1814493753,326017.6521277635
2023-01-15 12:30:00,326016.81950208737,326017.55033544166
2023-01-15 16:30:00,326031.16507637966,326017.58223137766
2023-01-15 20:30:00,326015.5733602806,326017.5148786384
2023-01-16 00:30:00,325999.72862540814,326017.3506498386
2023-01-16 04:30:00,326034.0502686482,326017.37105767
2023-01-16 08:30:00,326043.96857423935,326017.4445502782
2023-01-16 12:30:00,326038.12068853324,326017.5093960344
2023-01-16 16:30:00,325993.0428459709,326017.4403999934
2023-01-16 20:30:00,325997.43707418384,326017.2714284429
2023-01-17 00:30:00,326019.5375211748,326017.3903777638
2023-01-17 04:30:00,326028.3578934459,326017.50837057264
2023-01-17 08:30:00,326027.7614546208,326017.5471216756
2023-01-17 12:30:00,326000.4952492395,326017.3853470218
2023-01-17 16:30:00,326017.5344318977,326017.2974162934
2023-01-17 20:30:00,326005.8098103129,326017.2718433887
2023-01-18 00:30:00,326002.9043962501,326017.21367682616
2023-01-18 04:30:00,326012.6131174237,326017.13304878137
2023-01-18 08:30:00,326038.2826212665,326017.1973311885
2023-01-18 12:30:00,326016.31038303644,326017.13137384935
2023-01-18 16:30:00,325975.52555167256,326016.9002134299
2023-01-18 20:30:00,326001.9321976138,326016.7961374304
2023-01-19 00:30:00,326029.66023476777,326016.8000453213
2023-01-19 04:30:00,326027.7801253262,326016.83660783735
2023-01-19 08:30:00,326052.28341439296,326016.9950237903
2023-01-19 12:30:00,326025.8057260145,326017.0270319215
2023-01-19 16:30:00,326009.4539499108,326016.95087295223
2023-01-19 20:30:00,325990.53801112814,326016.8740638009
2023-01-20 00:30:00,326006.8367006274,326016.8795301091
2023-01-20 04:30:00,326014.1643199537,326016.9150480563
2023-01-20 08:30:00,326027.5221701488,326016.9772737864
2023-01-20 12:30:00,326046.70073421026,326017.122599569
2023-01-20 16:30:00,326023.0596667509,326017.24586196075
2023-01-20 20:30:00,325983.7468096318,326017.04838899954
2023-01-21 00:30:00,325993.73290030885,326016.8747914778
2023-01-21 04:30:00,326028.03168188577,326016.91820527613
2023-01-21 08:30:00,326035.9950723376,326017.0785406128
2023-01-21 12:30:00,326040.80509095866,326017.12357464404
2023-01-21 16:30:00,326006.1734645048,326017.0892613445
2023-01-21 20:30:00,325993.84775159805,326016.997845715
2023-01-22 00:30:00,325989.89733123407,326016.92575424426
2023-01-22 04:30:00,326021.30410456285,326016.8877802682
2023-01-22 08:30:00,326026.56998376275,326016.94813929097
2023-01-22 12:30:00,326054.58880116744,326017.1325538119
2023-01-22 16:30:00,326006.09890227637,326017.0436962532
2023-01-22 20:30:00,326018.3161096331,326017.13358218776
2023-01-23 00:30:00,326015.4370776761,326017.1528375467
2023-01-23 04:30:00,326022.0162120394,326017.12011794123
2023-01-23 08:30:00,326013.6456937832,326017.0378999691
2023-01-23 12:30:00,325998.7788044484,326016.83677346376
2023-01-23 16:30:00,326059.90737915825,326016.9686421041
2023-01-23 20:30:00,326002.37914186093,326016.9876441903
2023-01-24 00:30:00,326000.5184304941,326017.04318890045
2023-01-24 04:30:00,326014.8877892716,326017.07534876285
2023-01-24 08:30:00,326012.9294419958,326017.0547234771
2023-01-24 12:30:00,326009.84808622766,326016.95966696984
2023-01-24 16:30:00,326001.4225946145,326016.8991864392
2023-01-24 20:30:00,326035.8354462114,326017.0751621337
2023-01-25 00:30:00,326010.86935116776,326017.04116685956
2023-01-25 04:30:00,326021.24029060075,326017.00915799005
2023-01-25 08:30:00,326020.6052086937,326016.9562634803
2023-01-25 12:30:00,326012.69272408535,326017.03346074314
2023-01-25 16:30:00,326050.5499465944,326017.25775043457
2023-01-25 20:30:00,326032.04587928235,326017.44210915436
2023-01-26 00:30:00,326015.414965401,326017.4547005814
2023-01-26 04:30:00,326020.03432867926,326017.5679015261
2023-01-26 08:30:00,326024.36687192746,326017.5374717477
2023-01-26 12:30:00,326017.020034733,326017.45167816104
2023-01-26 16:30:00,326009.68348838796,326017.4392705177
2023-01-26 20:30:00,326025.1114239731,326017.57368009834
2023-01-27 00:30:00,326012.2324618695,326017.5900805424
2023-01-27 04:30:00,326022.6741672843,326017.65407802956
2023-01-27 08:30:00,326050.75878096005,326017.86042321293
2023-01-27 12:30:00,326021.6248524402,326017.9408621937
2023-01-27 16:30:00,326016.1777306961,326017.96739758045
2023-01-27 20:30:00,326033.36365349847,326018.0263952776
2023-01-28 00:30:00,326007.32024400646,326018.10043781914
2023-01-28 04:30:00,325988.2538714026,326017.99466143514
2023-01-28 08:30:00,326032.600894553,326018.032218276
2023-01-28 12:30:00,326018.9256341338,326018.00002236816
2023-01-28 16:30:00,325995.40205991437,326017.8200910412
2023-01-28 20:30:00,326013.5207555436,326017.81885259534
2023-01-29 00:30:00,326018.25730434083,326017.7598216695
2023-01-29 04:30:00,326031.75122061756,326017.7948011015
2023-01-29 08:30:00,326047.2733236677,326017.8917635629
2023-01-29 12:30:00,326019.14318141044,326017.7587622186
2023-01-29 16:30:00,326026.2863069897,326017.7791306066
2023-01-29 20:30:00,326024.7543716706,326017.8591931081
2023-01-30 00:30:00,326006.7701678214,326017.9061198466
2023-01-30 04:30:00,326017.7306037053,326017.9615828576
2023-01-30 08:30:00,326037.3579297367,326017.99405434384
2023-01-30 12:30:00,326010.57217483094,326018.01325189666
2023-01-30 16:30:00,325979.2801342562,326017.761859549
2023-01-30 20:30:00,326010.8094492362,326017.7857763764
2023-01-31 00:30:00,326022.15071541735,326017.89313710504
2023-01-31 04:30:00,326023.0455238584,326017.93043211015
2023-01-31 08:30:00,326024.44657646486,326018.0161479455
2023-01-31 12:30:00,326043.0786835411,326018.10255254694
2023-01-31 16:30:00,326001.3735469434,326018.0171802502
2023-01-31 20:30:00,325983.83973677095,326017.89386171155
2023-02-01 00:30:00,326029.2982200039,326017.9516825481
2023-02-01 04:30:00,326007.65790658013,326017.8343816856
2023-02-01 08:30:00,326023.2273530424,326017.7733427738
2023-02-01 12:30:00,326050.35172014823,326017.88276413054
2023-02-01 16:30:00,325982.52849590214,326017.72226455656
2023-02-01 20:30:00,325997.9134216696,326017.5844887422
2023-02-02 00:30:00,326024.54253056005,326017.5763792283
2023-02-02 04:30:00,326026.89133642794,326017.6568116342
2023-02-02 08:30:00,326002.39518745797,326017.56017769704
2023-02-02 12:30:00,326015.46230522735,326017.49204557773
2023-02-02 16:30:00,326018.7354809662,326017.5438809232
2023-02-02 20:30:00,325982.1372415042,326017.4969949253
2023-02-03 00:30:00,326005.43108010903,326017.4073147105
2023-02-03 04:30:00,326029.8316958347,326017.52934682555
2023-02-03 08:30:00,326031.3449773022,326017.60519756266
2023-02-03 12:30:00,326016.32011834363,326017.5826890567
2023-02-03 16:30:00,326018.3345136099,326017.5250474467
2023-02-03 20:30:00,326005.55443692446,326017.4790099904
2023-02-04 00:30:00,326016.2900897926,326017.5192207493
2023-02-04 04:30:00,326036.9274405604,326017.7024873563
2023-02-04 08:30:00,326003.0036883892,326017.64212383685
2023-02-04 12:30:00,326009.28557059215,326017.5932223354
2023-02-04 16:30:00,326027.4676606702,326017.7855301888
2023-02-04 20:30:00,325976.2368985006,326017.5293814341
2023-02-05 00:30:00,326015.3313996875,326017.5113679566
2023-02-05 04:30:00,326034.06194061326,326017.58837577293
2023-02-05 08:30:00,326023.6769015553,326017.4994625749
2023-02-05 12:30:00,326012.504977084,326017.47171543323
2023-02-05 16:30:00,326023.9869083209,326017.4214343316
2023-02-05 20:30:00,326004.52344938956,326017.41682941414
2023-02-06 00:30:00,326001.4190625476,326017.343834572
2023-02-06 04:30:00,326022.81061252655,326017.34166641114
2023-02-06 08:30:00,326014.748798128,326017.3043947212
2023-02-06 12:30:00,326015.757287713,326017.29596306896
2023-02-06 16:30:00,325989.3885028321,326016.97583571
2023-02-06 20:30:00,326017.7521115885,326017.07910175575
2023-02-07 00:30:00,326023.4979499232,326017.1184093349
2023-02-07 04:30:00,326015.3433068749,326017.151263436
2023-02-07 08:30:00,326000.9230856339,326017.03805751586
2023-02-07 12:30:00,326001.50168126146,326016.76377018174
2023-02-07 16:30:00,326031.3360708522,326016.83025079314
2023-02-07 20:30:00,326025.738704836,326017.0590526111
2023-02-08 00:30:00,326009.2953534385,326017.1000124257
2023-02-08 04:30:00,326005.0190575603,326017.0742658982
2023-02-08 08:30:00,326012.6050986162,326016.984919026
2023-02-08 12:30:00,326016.4462320256,326016.93150862714
2023-02-08 16:30:00,326018.691847466,326016.7354310014
2023-02-08 20:30:00,326015.10735688667,326016.8271187765
2023-02-09 00:30:00,325994.28052751534,326016.80298648565
2023-02-09 04:30:00,326014.85309822607,326016.7161629943
2023-02-09 08:30:00,326016.257330063,326016.6744650259
2023-02-09 12:30:00,325993.201524542,326016.73504937114
2023-02-09 16:30:00,326012.8491294255,326016.77440912
2023-02-09 20:30:00,326014.02985179663,326016.78705589054
2023-02-10 00:30:00,325995.8118590129,326016.85593041254
2023-02-10 04:30:00,326012.97902808094,326016.8580734122
2023-02-10 08:30:00,326019.1916095194,326016.83063898183
2023-02-10 12:30:00,326035.3522431335,326016.8707503072
2023-02-10 16:30:00,326010.3219860536,326016.7453572043
2023-02-10 20:30:00,326005.03410636925,326016.5678609444
2023-02-11 00:30:00,326025.85597934184,326016.66215960897
2023-02-11 04:30:00,326033.6424503304,326016.84541285
2023-02-11 08:30:00,326014.10576702334,326016.8785277539
2023-02-11 12:30:00,325994.1629593351,326016.7545462935
2023-02-11 16:30:00,326022.3520906993,326016.6959808873
2023-02-11 20:30:00,325997.10590361257,326016.7097157314
2023-02-12 00:30:00,325997.2089564966,326016.60710505594
2023-02-12 04:30:00,325996.3344540602,326016.3506857426
2023-02-12 08:30:00,326031.56836464925,326016.4432193202
2023-02-12 12:30:00,326011.5375745646,326016.2165991805
2023-02-12 16:30:00,326006.38584842015,326016.00749198126
2023-02-12 20:30:00,326017.6118127784,326015.9729717795
2023-02-13 00:30:00,326025.9468022224,326016.12153156294
2023-02-13 04:30:00,326040.72359908884,326016.2852843912
2023-02-13 08:30:00,326028.3026421835,326016.1769961534
2023-02-13 12:30:00,326014.9033277589,326016.12548263534
2023-02-13 16:30:00,326025.2298537419,326016.2128012186
2023-02-13 20:30:00,326021.24017955456,326016.33202732087
2023-02-14 00:30:00,326018.97744089784,326016.24733934674
2023-02-14 04:30:00,326012.9122290602,326016.0832745338
2023-02-14 08:30:00,326025.5125517929,326016.2906695472
2023-02-14 12:30:00,326015.1966399336,326016.2816536463
2023-02-14 16:30:00,325986.02049844095,326016.0308504356
2023-02-14 20:30:00,326012.99963425886,326016.0165519577
2023-02-15 00:30:00,326021.42806024494,326016.1371043735
2023-02-15 04:30:00,326041.1418738954,326016.1765021804
2023-02-15 08:30:00,326009.22615745076,326015.9834887538
2023-02-15 12:30:00,326017.1468392209,326015.86696736875
2023-02-15 16:30:00,326006.96007930243,326015.94428533164
2023-02-15 20:30:00,326008.830016776,326016.0075794572
2023-02-16 00:30:00,326012.2144331421,326015.9668956348
2023-02-16 04:30:00,325993.23364794895,326015.7717609376
2023-02-16 08:30:00,325988.4136899279,326015.55316224485
2023-02-16 12:30:00,326039.25143469806,326015.76847438625
2023-02-16 16:30:00,325988.4971814243,326015.6071563281
2023-02-16 20:30:00,325991.7303618861,326015.52893717017
2023-02-17 00:30:00,326013.07961953816,326015.58546618844
2023-02-17 04:30:00,326021.84820916207,326015.63677225367
2023-02-17 08:30:00,326025.3559845206,326015.56495760503
2023-02-17 12:30:00,326022.4791961297,326015.5992287889
2023-02-17 16:30:00,326018.1285138193,326015.8359119119
2023-02-17 20:30:00,325995.9960764143,326015.80293346086
2023-02-18 00:30:00,326020.9851355918,326015.7547384654
2023-02-18 04:30:00,326008.6528296416,326015.6484757116
2023-02-18 08:30:00,326017.13795397675,326015.4532231537
2023-02-18 12:30:00,326051.35293238075,326015.59515207796
2023-02-18 16:30:00,326013.6097199961,326015.61823968956
2023-02-18 20:30:00,326003.0472277751,326015.6877353376
2023-02-19 00:30:00,326027.13607070764,326015.8005096158
2023-02-19 04:30:00,326018.33499853936,326015.8236800524
2023-02-19 08:30:00,326012.68716057827,326015.7412633326
2023-02-19 12:30:00,326021.16312049225,326015.59938770084
2023-02-19 16:30:00,326028.06821489334,326015.6272129683
2023-02-19 20:30:00,325996.98070770985,326015.7007346243
2023-02-20 00:30:00,326009.4509954571,326015.7880573751
2023-02-20 04:30:00,326013.4523343066,326015.70706099964
2023-02-20 08:30:00,326009.52678033954,326015.560014933
2023-02-20 12:30:00,326011.338940057,326015.39631409466
2023-02-20 16:30:00,326016.1068776144,326015.451499723
2023-02-20 20:30:00,325997.2071036317,326015.4701627899
2023-02-21 00:30:00,325999.43994381936,326015.5231773043
2023-02-21 04:30:00,326038.00489315676,326015.6159594631
2023-02-21 08:30:00,326023.475033883,326015.5987652971
2023-02-21 12:30:00,326041.5689865713,326015.5264329938
2023-02-21 16:30:00,326032.3078477362,326015.67203824635
2023-02-21 20:30:00,325984.4363183201,326015.4838171835
2023-02-22 00:30:00,326010.05482002086,326015.4539157521
2023-02-22 04:30:00,326036.720379215,326015.5356055697
2023-02-22 08:30:00,326010.8122937857,326015.51986445865
2023-02-22 12:30:00,325988.45182666165,326015.46249235986
2023-02-22 16:30:00,326034.55771127547,326015.3216608716
2023-02-22 20:30:00,326021.38586094615,326015.4272537554
2023-02-23 00:30:00,325993.02677965874,326015.385633473
2023-02-23 04:30:00,326018.99506566813,326015.40845167515
2023-02-23 08:30:00,326003.82221386157,326015.35785596335
2023-02-23 12:30:00,326020.3244774254,326015.4160581367
2023-02-23 16:30:00,325995.73315763247,326015.3844501534
2023-02-23 20:30:00,325981.07556697674,326015.0802286021
2023-02-24 00:30:00,326003.3087947529,326015.03822551086
2023-02-24 04:30:00,326033.21383403376,326015.1047451967
2023-02-24 08:30:00,326006.30607885617,326015.02530558646
2023-02-24 12:30:00,325991.5270900023,326014.90771873045
2023-02-24 16:30:00,326040.32512961264,326014.8509141917
2023-02-24 20:30:00,325996.3132665505,326014.65239967644
2023-02-25 00:30:00,326007.0409575883,326014.60587741085
2023-02-25 04:30:00,326013.4050586598,326014.569048133
2023-02-25 08:30:00,326052.37829133053,326014.72466712963
2023-02-25 12:30:00,326001.7081017401,326014.6396008352
2023-02-25 16:30:00,325998.4726647296,326014.5773184816
2023-02-25 20:30:00,326022.36576925055,326014.5620648442
2023-02-26 00:30:00,326028.50632444624,326014.65247519186
2023-02-26 04:30:00,326034.0266550401,326014.7155445683
2023-02-26 08:30:00,326001.425624624,326014.4414714775
2023-02-26 12:30:00,325982.90946999175,326014.22638601944
2023-02-26 16:30:00,326013.61824564636,326014.2121666581
2023-02-26 20:30:00,326021.1691262308,326014.1444192844
2023-02-27 00:30:00,326014.9214511424,326014.1866482129
2023-02-27 04:30:00,326010.2064686063,326014.3086070863
2023-02-27 08:30:00,326004.402525004,326014.1519494777
2023-02-27 12:30:00,325994.6010697613,326014.01681300893
2023-02-27 16:30:00,326001.791506124,326014.05230993236
2023-02-27 20:30:00,326016.62133805465,326014.06953539076
2023-02-28 00:30:00,326008.624237898,326014.0160183549
2023-02-28 04:30:00,326015.6015441325,326013.92629793
2023-02-28 08:30:00,326036.0298602196,326013.8638342442
2023-02-28 12:30:00,326027.57623632543,326013.91068454925
2023-02-28 16:30:00,326010.0545713075,326013.8205082399
2023-02-28 20:30:00,326011.55627183215,326013.747185463
2023-03-01 00:30:00,326005.9724266392,326013.7427535676
2023-03-01 04:30:00,325998.9389076103,326013.63835525594
2023-03-01 08:30:00,326015.2135362775,326013.5153308479
2023-03-01 12:30:00,326010.11120777985,326013.51276991976
2023-03-01 16:30:00,326005.98073181673,326013.6611065729
2023-03-01 20:30:00,326001.9727063821,326013.612013557
2023-03-02 00:30:00,326022.9208301081,326013.61629197194
2023-03-02 04:30:00,326037.28517825226,326013.6954011631
2023-03-02 08:30:00,326039.44550534064,326013.7787285457
2023-03-02 12:30:00,326028.80925360875,326013.69945393497
2023-03-02 16:30:00,326001.1860758652,326013.69841242896
2023-03-02 20:30:00,325997.9044443078,326013.7765496931
2023-03-03 00:30:00,326009.15731110016,326013.6646557547
2023-03-03 04:30:00,326009.4209825767,326013.67445062136
2023-03-03 08:30:00,326024.10274355236,326013.679313902
2023-03-03 12:30:00,326009.1944015772,326013.4506621321
2023-03-03 16:30:00,325998.3920275115,326013.53879286326
2023-03-03 20:30:00,325984.31554793863,326013.46324912034
2023-03-04 00:30:00,326006.4006282865,326013.36246077437
2023-03-04 04:30:00,326017.65356564557,326013.3111398256
2023-03-04 08:30:00,326021.59351220186,326013.41779718525
2023-03-04 12:30:00,326020.58303064376,326013.44624565984
2023-03-04 16:30:00,326012.9119797225,326013.41389287513
2023-03-04 20:30:00,325986.38244105503,326013.43747731706
2023-03-05 00:30:00,326014.49136620975,326013.4878122399
2023-03-05 04:30:00,326017.658642368,326013.42018416506
2023-03-05 08:30:00,326028.35995951184,326013.4036007329
2023-03-05 12:30:00,326023.767805702,326013.44497677375
2023-03-05 16:30:00,326005.2820242188,326013.3724629438
2023-03-05 20:30:00,325982.99588173255,326013.24713763717
2023-03-06 00:30:00,325999.46901353175,326013.15368721355
2023-03-06 04:30:00,326017.45872620266,326013.0455276893
2023-03-06 08:30:00,326008.9385960207,326013.07849939837
2023-03-06 12:30:00,326002.7287849047,326013.0420728112
2023-03-06 16:30:00,326021.9662293321,326013.01150930376
2023-03-06 20:30:00,325988.7066071093,326013.0807854627
2023-03-07 00:30:00,326001.13451342337,326013.0019138724
2023-03-07 04:30:00,326028.97707377217,326012.9736646121
2023-03-07 08:30:00,326005.0440089413,326012.87014854205
2023-03-07 12:30:00,326037.73594378505,326013.0103205793
2023-03-07 16:30:00,326028.75292692194,326013.0367984604
2023-03-07 20:30:00,325994.5764619174,326012.9815374189
2023-03-08 00:30:00,326005.5305220497,326013.0043788606
2023-03-08 04:30:00,326025.09104376775,326013.017047923
2023-03-08 08:30:00,326028.16358801787,326013.09157453355
2023-03-08 12:30:00,326043.9966298132,326013.24845976743
2023-03-08 16:30:00,326022.8585074474,326013.4344042375
2023-03-08 20:30:00,326005.69662699336,326013.3674293231
2023-03-09 00:30:00,326001.8339302406,326013.24707365816
2023-03-09 04:30:00,326027.4485413679,326013.3143249609
2023-03-09 08:30:00,326016.04431055917,326013.398331766
2023-03-09 12:30:00,326017.65342059074,326013.4880636512
2023-03-09 16:30:00,326036.6297386828,326013.517472917
2023-03-09 20:30:00,326016.3798488922,326013.4654792728
2023-03-10 00:30:00,326022.1725614443,326013.53701931733
2023-03-10 04:30:00,326038.72650905274,326013.72428293666
2023-03-10 08:30:00,326021.465843479,326013.77350929705
2023-03-10 12:30:00,326010.80755192874,326013.74218329653
2023-03-10 16:30:00,326038.4374151085,326013.8518808945
2023-03-10 20:30:00,326032.9659352557,326013.95109521877
2023-03-11 00:30:00,326022.02953347156,326014.105256363
2023-03-11 04:30:00,326027.2350480121,326014.1740449729
2023-03-11 08:30:00,326017.00326474727,326014.1781890545
2023-03-11 12:30:00,326006.5913385484,326014.2525769101
2023-03-11 16:30:00,326020.8514862915,326014.29703444825
2023-03-11 20:30:00,326022.86693096097,326014.3461293325
2023-03-12 00:30:00,326003.1349146983,326014.38681297516
2023-03-12 04:30:00,326039.4591958196,326014.53392501816
2023-03-12 08:30:00,326011.0433967944,326014.4886571697
2023-03-12 12:30:00,326016.03342388134,326014.38133039605
2023-03-12 16:30:00,326021.37432368286,326014.44273227174
2023-03-12 20:30:00,326028.21255642554,326014.5715014388
2023-03-13 00:30:00,326001.5147142715,326014.4362721884
2023-03-13 04:30:00,325995.42986909964,326014.22398007044
2023-03-13 08:30:00,326036.3140442416,326014.34735938825
2023-03-13 12:30:00,326012.1363771751,326014.44721170963
2023-03-13 16:30:00,326003.9671884879,326014.34507336403
2023-03-13 20:30:00,326006.8591103406,326014.3992578458
2023-03-14 00:30:00,326004.2352499088,326014.43829280924
2023-03-14 04:30:00,326037.20019183564,326014.66532468575
2023-03-14 08:30:00,326009.7701106347,326014.54422327457
2023-03-14 12:30:00,325989.9440996177,326014.42425952485
2023-03-14 16:30:00,326010.242583775,326014.4456858324
2023-03-14 20:30:00,326012.4346143503,326014.4169236189
2023-03-15 00:30:00,325997.124848517,326014.2568016539
2023-03-15 04:30:00,325980.40032034885,326013.9216723275
2023-03-15 08:30:00,326013.1139433571,326013.8372906674
2023-03-15 12:30:00,326010.5430898548,326013.8130671235
2023-03-15 16:30:00,326002.15063091565,326013.6848492189
2023-03-15 20:30:00,326021.1989532827,326013.684620184
2023-03-16 00:30:00,326010.1436685018,326013.63554367074
2023-03-16 04:30:00,326023.258590607,326013.69302345713
2023-03-16 08:30:00,326006.40896582126,326013.5868924239
2023-03-16 12:30:00,326023.97368710645,326013.63565379713
2023-03-16 16:30:00,326009.0249636604,326013.7634563817
2023-03-16 20:30:00,325989.3778549616,326013.63222427445
2023-03-17 00:30:00,326004.27047897666,326013.5369043785
2023-03-17 04:30:00,325985.6389679201,326013.2285549009
2023-03-17 08:30:00,326041.0773658717,326013.40550605877
2023-03-17 12:30:00,326008.29088773666,326013.3563063283
2023-03-17 16:30:00,325996.81759953726,326013.29995921854
2023-03-17 20:30:00,326011.4341447923,326013.3144265964
2023-03-18 00:30:00,326023.56317343103,326013.3774751536
2023-03-18 04:30:00,326015.8870687807,326013.5033274915
2023-03-18 08:30:00,326022.23388870375,326013.6912174847
2023-03-18 12:30:00,326019.6880656981,326013.58253210137
2023-03-18 16:30:00,325988.41563225223,326013.5820790504
2023-03-18 20:30:00,325975.8513744554,326013.49386245356
2023-03-19 00:30:00,326009.10627434246,326013.4717883136
2023-03-19 04:30:00,326007.85796330374,326013.3940647255
2023-03-19 08:30:00,326013.2195126314,326013.3266398817
2023-03-19 12:30:00,326031.7350983146,326013.37806156045
2023-03-19 16:30:00,326010.8004268098,326013.33734996594
2023-03-19 20:30:00,326000.6480784779,326013.36319442187
2023-03-20 00:30:00,326015.94599500083,326013.3351991964
2023-03-20 04:30:00,326033.3416999063,326013.47235958674
2023-03-20 08:30:00,326014.957396432,326013.46024537814
2023-03-20 12:30:00,326025.63140158483,326013.3173479848
2023-03-20 16:30:00,326034.31992117706,326013.43240465806
2023-03-20 20:30:00,326005.05148627906,326013.44353942754
2023-03-21 00:30:00,326033.29594292166,326013.47776093986
2023-03-21 04:30:00,326029.4190809027,326013.5393391752
2023-03-21 08:30:00,326013.8071474467,326013.54556132446
2023-03-21 12:30:00,326030.3319806075,326013.5964994362
2023-03-21 16:30:00,326006.7862812823,326013.47826647165
2023-03-21 20:30:00,326002.85097614146,326013.5108790741
2023-03-22 00:30:00,326011.76935785735,326013.5237588652
2023-03-22 04:30:00,326038.2378120533,326013.6614559638
2023-03-22 08:30:00,325997.63848239975,326013.59540986415
2023-03-22 12:30:00,326009.7725065024,326013.5867074555
2023-03-22 16:30:00,326027.66049876413,326013.65089423966
2023-03-22 20:30:00,326020.0034768775,326013.7775407577
2023-03-23 00:30:00,326027.76780528127,326013.9349177658
2023-03-23 04:30:00,326043.39532023453,326013.96486458293
2023-03-23 08:30:00,326018.92843897967,326013.9396057223
2023-03-23 12:30:00,326023.44852627185,326013.83893649845
2023-03-23 16:30:00,326014.75982828636,326013.7414475015
2023-03-23 20:30:00,326012.28302186326,326013.89615141007
2023-03-24 00:30:00,326012.2349719448,326013.9082633652
2023-03-24 04:30:00,326030.0697193173,326013.8713152547
2023-03-24 08:30:00,326000.076648848,326013.81167278276
2023-03-24 12:30:00,326016.08496952825,326013.96519024315
2023-03-24 16:30:00,326033.1832651753,326013.9575544315
2023-03-24 20:30:00,326031.29042422835,326014.0125797831
2023-03-25 00:30:00,326013.6231744573,326014.1270041987
2023-03-25 04:30:00,326033.37595679157,326014.2068980382
2023-03-25 08:30:00,326010.29907102656,326014.24288057804
2023-03-25 12:30:00,326001.3007345494,326014.1371931176
2023-03-25 16:30:00,326011.1737349233,326014.22297410254
2023-03-25 20:30:00,326015.9634571642,326014.4167957147
2023-03-26 00:30:00,326004.47364232154,326014.42326709005
2023-03-26 04:30:00,326027.0840621022,326014.3892128015
2023-03-26 08:30:00,326029.9114245211,326014.5203536108
2023-03-26 12:30:00,326004.13290803425,326014.5903859332
2023-03-26 16:30:00,326017.9908667086,326014.46630669484
2023-03-26 20:30:00,326027.30258652684,326014.63846958365
2023-03-27 00:30:00,326013.2893842068,326014.67318306485
2023-03-27 04:30:00,326006.4971017134,326014.63480552624
2023-03-27 08:30:00,326026.6234893624,326014.4917232931
2023-03-27 12:30:00,326002.91319737077,326014.49841826875
2023-03-27 16:30:00,325996.59166497516,326014.48796827014
2023-03-27 20:30:00,326012.06178711035,326014.430723925
2023-03-28 00:30:00,326006.29658557096,326014.30733648676
2023-03-28 04:30:00,326020.20839232166,326014.23056836054
2023-03-28 08:30:00,326020.4563122742,326014.33629440307
2023-03-28 12:30:00,325996.08185882005,326014.40947434097
2023-03-28 16:30:00,326012.7769608579,326014.40480053663
2023-03-28 20:30:00,326028.95289947453,326014.44804372126
2023-03-29 00:30:00,326023.5267590962,326014.4958509877
2023-03-29 04:30:00,326024.0530924844,326014.57277667586
2023-03-29 08:30:00,326022.2589214323,326014.67197887826
2023-03-29 12:30:00,326000.7823482657,326014.7063193144
2023-03-29 16:30:00,325991.2471741249,326014.6477396922
2023-03-29 20:30:00,325976.61243493424,326014.42546800815
2023-03-30 00:30:00,326008.2015677116,326014.4231198405
2023-03-30 04:30:00,326029.2946566134,326014.49919268757
2023-03-30 08:30:00,326030.3001808729,326014.46736113564
2023-03-30 12:30:00,326008.3025431791,326014.36028506263
2023-03-30 16:30:00,326002.24603915756,326014.3169043285
2023-03-30 20:30:00,326018.15713161445,326014.35357577173
2023-03-31 00:30:00,326004.91130242276,326014.34768063715
2023-03-31 04:30:00,325996.0182099283,326014.3314545389
2023-03-31 08:30:00,326018.0159125832,326014.34702329617
2023-03-31 12:30:00,326037.84005142236,326014.50107242755
2023-03-31 16:30:00,326004.5968743218,326014.49338433036
2023-03-31 20:30:00,325999.56095364166,326014.479985704
2023-04-01 00:30:00,326035.72325865016,326014.55111030705
2023-04-01 04:30:00,326038.5439487543,326014.55810347653
2023-04-01 08:30:00,326014.1559604153,326014.41760600463
2023-04-01 12:30:00,326008.30805188545,326014.30371043953
2023-04-01 16:30:00,326018.1439038952,326014.39792059525
2023-04-01 20:30:00,326018.78469606664,326014.5139219939
2023-04-02 00:30:00,326012.1931318024,326014.53078766447
2023-04-02 04:30:00,326003.77280645753,326014.49940890825
2023-04-02 08:30:00,326019.08592030633,326014.471537668
2023-04-02 12:30:00,326035.1390504683,326014.6156746063
2023-04-02 16:30:00,326005.445454223,326014.65486031026
2023-04-02 20:30:00,326006.1586980063,326014.776211144
2023-04-03 00:30:00,326018.18781333073,326014.8416955053
2023-04-03 04:30:00,326016.2790538914,326014.8340593289
2023-04-03 08:30:00,326008.36820001586,326014.76058537234
2023-04-03 12:30:00,326039.69920115574,326014.8667863196
2023-04-03 16:30:00,326040.28037756495,326015.0188329743
2023-04-03 20:30:00,326005.31182278955,326015.12399620615
2023-04-04 00:30:00,326026.24418056215,326015.1892896192
2023-04-04 04:30:00,326030.5038075959,326015.2606516483
2023-04-04 08:30:00,326029.02290238225,326015.2643346642
2023-04-04 12:30:00,326025.4530654549,326015.2736972184
2023-04-04 16:30:00,326020.0297254744,326015.355628892
2023-04-04 20:30:00,326016.1846474869,326015.54001092404
2023-04-05 00:30:00,326021.7175180286,326015.66361372673
2023-04-05 04:30:00,326018.2104029058,326015.6677897085
2023-04-05 08:30:00,326010.06554770074,326015.67405055114
2023-04-05 12:30:00,326020.83532381966,326015.774642434
2023-04-05 16:30:00,326002.92416432145,326015.6688531839
2023-04-05 20:30:00,326012.7998604755,326015.80270459154
2023-04-06 00:30:00,326027.80672903225,326015.9508835671
2023-04-06 04:30:00,325997.8179530661,326015.77777734096
2023-04-06 08:30:00,326010.4619106008,326015.8078767946
2023-04-06 12:30:00,326017.5721838763,326015.69585590623
2023-04-06 16:30:00,326010.3371133125,326015.59354583063
2023-04-06 20:30:00,326024.4826195093,326015.75969115057
2023-04-07 00:30:00,326000.4615092575,326015.7315299684
2023-04-07 04:30:00,325992.9306977521,326015.55286137946
2023-04-07 08:30:00,326004.47535935027,326015.42126010905
2023-04-07 12:30:00,326001.10908167483,326015.1829959527
2023-04-07 16:30:00,326006.1226360202,326015.0900188893
2023-04-07 20:30:00,326015.6559405094,326015.1453484088
2023-04-08 00:30:00,326013.7587999266,326015.2115976848
2023-04-08 04:30:00,326000.8398289684,326015.06377150485
2023-04-08 08:30:00,326019.4711587349,326015.0828095503
2023-04-08 12:30:00,326007.7428027635,326015.02775056235
2023-04-08 16:30:00,325998.91514868574,326014.81822506234
2023-04-08 20:30:00,326007.57998180494,326014.76933691185
2023-04-09 00:30:00,326003.42604420043,326014.6651895938
2023-04-09 04:30:00,326017.61944135424,326014.5479281066
2023-04-09 08:30:00,326010.5424508713,326014.48724259215
2023-04-09 12:30:00,326011.6175068431,326014.49174234166
2023-04-09 16:30:00,325997.36296602397,326014.26355095784
2023-04-09 20:30:00,326009.18682210706,326014.1314447737
2023-04-10 00:30:00,326009.793415804,326014.0634663422
2023-04-10 04:30:00,326000.5445964412,326013.9151860557
2023-04-10 08:30:00,326011.1603892606,326013.88272563636
2023-04-10 12:30:00,325994.2072952369,326013.8139253957
2023-04-10 16:30:00,325988.2300828458,326013.6326953765
2023-04-10 20:30:00,326022.0591492376,326013.6282077003
2023-04-11 00:30:00,326019.2360023311,326013.71765818715
2023-04-11 04:30:00,326019.9243180648,326013.60913108854
2023-04-11 08:30:00,326013.80678336316,326013.6244832361
2023-04-11 12:30:00,326018.64976391173,326013.63901845855
2023-04-11 16:30:00,326015.91354497225,326013.608680799
2023-04-11 20:30:00,326012.2472989416,326013.5199849241
2023-04-12 00:30:00,326001.07265331835,326013.5175290299
2023-04-12 04:30:00,326000.712846374,326013.5468789037
2023-04-12 08:30:00,326022.6932464118,326013.4712078046
2023-04-12 12:30:00,326014.83669505425,326013.4862095706
2023-04-12 16:30:00,326014.81393405487,326013.5464692683
2023-04-12 20:30:00,326026.4412395887,326013.65525887517
2023-04-13 00:30:00,326011.8564957907,326013.69759913004
2023-04-13 04:30:00,325991.2605872538,326013.4423791046
2023-04-13 08:30:00,326033.3343510003,326013.5732915511
2023-04-13 12:30:00,326013.1615714292,326013.7022775056
2023-04-13 16:30:00,326000.51211151254,326013.6482193263
2023-04-13 20:30:00,326020.7306345501,326013.69430832745
2023-04-14 00:30:00,326020.28630490974,326013.8229830852
2023-04-14 04:30:00,326017.09772049345,326014.02685753047
2023-04-14 08:30:00,326013.7004963014,326014.0301161579
2023-04-14 12:30:00,326009.04834744945,326014.02181203343
2023-04-14 16:30:00,326012.1656819216,326014.0774512057
2023-04-14 20:30:00,326012.650972829,326014.0299624254
2023-04-15 00:30:00,326003.9836574001,326013.9957401415
2023-04-15 04:30:00,325992.59138162504,326013.8253667582
2023-04-15 08:30:00,326024.7989027521,326013.9275330746
2023-04-15 12:30:00,326028.9787818545,326013.95533915644
2023-04-15 16:30:00,325990.83666655014,326013.8542930614
2023-04-15 20:30:00,326013.2905281547,326013.98714124586
2023-04-16 00:30:00,326026.31634510116,326014.10961827985
2023-04-16 04:30:00,326033.3676767843,326014.3747777735
2023-04-16 08:30:00,326020.73262597946,326014.26175144076
2023-04-16 12:30:00,326009.0355149735,326014.2658882588
2023-04-16 16:30:00,326006.45653223456,326014.31943788484
2023-04-16 20:30:00,326020.72689185385,326014.37106425746
2023-04-17 00:30:00,326012.4761988464,326014.30946995417
2023-04-17 04:30:00,326018.33026987134,326014.3230432936
2023-04-17 08:30:00,326019.211019133,326014.30624957377
2023-04-17 12:30:00,326021.75535475626,326014.31773451297
2023-04-17 16:30:00,325994.1332678572,326014.3494991552
2023-04-17 20:30:00,326006.64391982625,326014.52056885173
2023-04-18 00:30:00,326020.1503638988,326014.5819249048
2023-04-18 04:30:00,326019.0941311859,326014.6443480597
2023-04-18 12:30:00,326013.2331215482,326014.5489450355
2023-04-18 16:30:00,326010.31488766934,326014.5462325263
2023-04-18 20:30:00,326018.7417910709,326014.64731471956
2023-04-19 00:30:00,326022.60895728716,326014.6845379725
2023-04-19 04:30:00,326014.1880349457,326014.5775342577
2023-04-19 08:30:00,326016.6082728962,326014.5867570312
2023-04-19 12:30:00,326029.4298809724,326014.60797758645
2023-04-19 16:30:00,326011.499136108,326014.48048716714
2023-04-19 20:30:00,326001.0241086602,326014.45798785076
2023-04-20 00:30:00,326026.56424431276,326014.420380596
2023-04-20 04:30:00,326026.69389864436,326014.4051561141
2023-04-20 08:30:00,326014.4056631294,326014.40849977714
2023-04-20 12:30:00,326029.31126381765,326014.4027974487
2023-04-20 16:30:00,326018.88368288166,326014.47038069787
2023-04-20 20:30:00,326018.4834545533,326014.5577129795
2023-04-21 00:30:00,326046.9514628166,326014.7542610519
2023-04-21 04:30:00,326015.1467349918,326014.62526062137
2023-04-21 08:30:00,325980.1531440179,326014.52757716674
2023-04-21 12:30:00,326017.1260543368,326014.5686584395
2023-04-21 16:30:00,326018.4740845958,326014.51733769
2023-04-21 20:30:00,325996.4284802242,326014.3856337981
2023-04-22 00:30:00,325992.98046581616,326014.1912911195
2023-04-22 04:30:00,326031.04805468826,326014.1223119824
2023-04-22 08:30:00,326026.70520965615,326014.1657576286
2023-04-22 12:30:00,326024.12912104995,326014.1695598341
2023-04-22 16:30:00,326014.157230989,326014.1661933687
2023-04-22 20:30:00,325997.1912183475,326014.08188161725
2023-04-23 00:30:00,326007.9659885973,326014.05803254823
2023-04-23 04:30:00,326034.91162249405,326014.0850822867
2023-04-23 08:30:00,326013.4425447831,326014.1597520964
2023-04-23 12:30:00,326011.6330671094,326014.13488113316
2023-04-23 16:30:00,326013.6538298277,326014.0257781423
2023-04-23 20:30:00,325986.5039923168,326013.77557461214
2023-04-24 00:30:00,326010.0403850149,326013.75555902865
2023-04-24 04:30:00,326013.70087603753,326013.6456423764
2023-04-24 08:30:00,326048.2947283109,326013.8579086182
2023-04-24 12:30:00,326031.5726970345,326014.02702572703
2023-04-24 16:30:00,325988.8997131324,326013.9025898512
2023-04-24 20:30:00,325982.70327507146,326013.716778778
2023-04-25 00:30:00,325984.8370142819,326013.60707694537
2023-04-25 04:30:00,326034.3798980898,326013.64783580566
2023-04-25 08:30:00,326008.29243710276,326013.5270593396
2023-04-25 12:30:00,326003.414689439,326013.5230469453
2023-04-25 16:30:00,326022.6563025023,326013.54911083233
2023-04-25 20:30:00,326038.6037369854,326013.61224575114
2023-04-26 00:30:00,326004.1946938327,326013.561437425
2023-04-26 04:30:00,326017.1265724496,326013.6208199431
2023-04-26 08:30:00,326028.9624745761,326013.63388689957
2023-04-26 12:30:00,326017.76119203045,326013.71683659044
2023-04-26 16:30:00,325998.4881200299,326013.7274313114
2023-04-26 20:30:00,325978.40607710154,326013.5394105851
2023-04-27 00:30:00,326007.57040595694,326013.5465269001
2023-04-27 04:30:00,326023.8899086913,326013.5670940307
2023-04-27 08:30:00,326020.46920974675,326013.56716608355
2023-04-27 12:30:00,325984.9720633232,326013.5051001869
2023-04-27 16:30:00,326022.7242222233,326013.56067147944
2023-04-27 20:30:00,326025.81294393004,326013.5431298284
2023-04-28 00:30:00,326012.3900955699,326013.48091383104
2023-04-28 04:30:00,326022.29783836554,326013.4711079421
2023-04-28 08:30:00,326043.0467189968,326013.58724088944
2023-04-28 12:30:00,326039.5804761698,326013.80399020726
2023-04-28 20:30:00,326005.70240804635,326014.0941407084
2023-04-29 00:30:00,326018.4822186539,326014.15189717436
2023-04-29 04:30:00,326006.1885765848,326014.022087736
2023-04-29 08:30:00,326021.68239436526,326013.97367320507
2023-04-29 12:30:00,325992.9920997343,326013.8876594778
2023-04-29 16:30:00,325990.89696160157,326013.82390061516
2023-04-29 20:30:00,326033.04147766903,326013.90752053686
2023-04-30 00:30:00,326027.11891230295,326014.03228239005
2023-04-30 04:30:00,325983.85417949705,326013.9639451405
2023-04-30 08:30:00,326033.42544394056,326014.05051554134
2023-04-30 12:30:00,326038.2278035074,326014.0526939239
2023-04-30 16:30:00,326005.75799144164,326014.0592170537
2023-04-30 20:30:00,326021.76605289243,326014.1839648023
2023-05-01 00:30:00,326022.61170857237,326014.1103044086
2023-05-01 04:30:00,326016.05712660914,326013.9839739471
2023-05-01 08:30:00,326026.5613188674,326014.05366697215
2023-05-01 12:30:00,326034.4294949243,326014.2004166522
2023-05-01 16:30:00,326013.7112415759,326014.17551405483
2023-05-01 20:30:00,326019.7861356792,326014.1811401201
2023-05-02 00:30:00,326025.6660351011,326014.25683058804
2023-05-02 04:30:00,325994.24640384834,326014.2033114723
2023-05-02 08:30:00,326018.9777027927,326014.2027035087
2023-05-02 12:30:00,326045.2328686619,326014.2594103525
2023-05-02 16:30:00,326020.36290574557,326014.34321625996
2023-05-02 20:30:00,326005.06066406483,326014.33704752993
2023-05-03 00:30:00,326041.31083955744,326014.4669521717
2023-05-03 04:30:00,326013.84998115804,326014.4533056956
2023-05-03 08:30:00,326023.35419304867,326014.5374966677
2023-05-03 12:30:00,326048.5094856444,326014.586992648
2023-05-03 16:30:00,326031.10080997285,326014.5354220435
2023-05-03 20:30:00,326023.74955992453,326014.63900483644
2023-05-04 00:30:00,326028.68899675785,326014.6527397589
2023-05-04 04:30:00,326031.9317528674,326014.66076192335
2023-05-04 08:30:00,326027.2423397217,326014.65075876226
2023-05-04 12:30:00,326036.68379291863,326014.7138527368
2023-05-04 16:30:00,326021.2978299814,326014.72097691946
2023-05-04 20:30:00,326008.56366316986,326014.6781624008
2023-05-05 00:30:00,326023.85973241954,326014.69019731315
2023-05-05 04:30:00,326006.85616930947,326014.6264094839
2023-05-05 08:30:00,326011.37874533806,326014.63378699875
2023-05-05 12:30:00,326029.7107339275,326014.6836488533
2023-05-05 16:30:00,326018.1384888103,326014.7691225864
2023-05-05 20:30:00,326010.86129181937,326014.7582317513
2023-05-06 00:30:00,326030.24455082073,326014.77192737925
2023-05-06 04:30:00,326008.9149983931,326014.83427033055
2023-05-06 08:30:00,325995.76103461947,326014.75168113963
2023-05-06 12:30:00,326025.4557865625,326014.79597104236
2023-05-06 16:30:00,326025.1203200466,326014.87902276556
2023-05-06 20:30:00,326009.16666368715,326014.79297807
2023-05-07 00:30:00,326031.31838203437,326014.9663312878
2023-05-07 04:30:00,326020.7404077901,326015.1225656138
2023-05-07 08:30:00,325992.9605997231,326015.05787595303
2023-05-07 12:30:00,326010.5540529987,326015.1109375896
2023-05-07 16:30:00,326001.60372173507,326015.08555043075
2023-05-07 20:30:00,326012.9468414085,326015.0703307729
2023-05-08 00:30:00,326019.90097836865,326015.10483739333
2023-05-08 04:30:00,326030.9864826345,326015.2742006162
2023-05-08 08:30:00,326008.1501005604,326015.21059916576
2023-05-08 12:30:00,326009.8614504795,326015.22250168107
2023-05-08 16:30:00,326025.49249000626,326015.3718125873
2023-05-08 20:30:00,326016.50819932675,326015.4219711127
2023-05-09 00:30:00,326035.1938065392,326015.6004416877
2023-05-09 04:30:00,326047.3032450403,326015.7672046297
2023-05-09 08:30:00,326005.6632581701,326015.7397934348
2023-05-09 12:30:00,325999.59612616425,326015.6722575883
2023-05-09 16:30:00,326005.9786450226,326015.7206602793
2023-05-09 20:30:00,326011.8609848159,326015.73568366526
2023-05-10 00:30:00,326022.89988973667,326015.8093155413
2023-05-10 04:30:00,326053.7343139715,326016.1081341791
2023-05-10 08:30:00,326011.3042621158,326016.1089424536
2023-05-10 12:30:00,325993.7293409429,326016.1062573171
2023-05-10 16:30:00,326017.5792900632,326016.2711405037
2023-05-10 20:30:00,326023.6338469533,326016.27998712007
2023-05-11 00:30:00,326006.0199981271,326016.2057399055
2023-05-11 04:30:00,326035.0600244144,326016.2907719636
2023-05-11 08:30:00,326034.41619651404,326016.4065551836
2023-05-11 12:30:00,326006.56777777337,326016.3386788569
2023-05-11 16:30:00,326014.1689114061,326016.3288775448
2023-05-11 20:30:00,325999.3940215006,326016.256668121
2023-05-12 00:30:00,326017.30337885034,326016.3478519722
2023-05-12 04:30:00,326027.01090731926,326016.49559388764
2023-05-12 08:30:00,326025.8014286943,326016.51305558585
2023-05-12 12:30:00,326008.05268676236,326016.47494317975
2023-05-12 16:30:00,326011.65531011374,326016.4571981014
2023-05-12 20:30:00,326008.45572606806,326016.3561558906
2023-05-13 00:30:00,326005.776230102,326016.32199709467
2023-05-13 04:30:00,326030.18676715496,326016.5406834986
2023-05-13 08:30:00,326032.8695696708,326016.5380723675
2023-05-13 12:30:00,326020.357181318,326016.5784971421
2023-05-13 16:30:00,326022.5507089068,326016.7023094871
2023-05-13 20:30:00,326027.28573957965,326016.73913591984
2023-05-14 00:30:00,326006.70786381006,326016.6628525429
2023-05-14 04:30:00,326004.1648595369,326016.59019602067
2023-05-14 08:30:00,326016.0248135511,326016.6032539827
2023-05-14 12:30:00,326027.1181987696,326016.70477000135
2023-05-14 16:30:00,326001.28911487083,326016.64366569207
2023-05-14 20:30:00,326031.6366194192,326016.750326628
2023-05-15 00:30:00,326042.345664954,326016.9658435244
2023-05-15 04:30:00,326026.87180969364,326017.15843019896
2023-05-15 08:30:00,326030.42304627947,326017.19002651086
2023-05-15 12:30:00,326040.1788886656,326017.25294845924
2023-05-15 16:30:00,326034.5029970791,326017.4982649229
2023-05-15 20:30:00,326029.3043044894,326017.5882299585
2023-05-16 00:30:00,326037.62218155916,326017.65174589364
2023-05-16 04:30:00,326025.8986840432,326017.6097852602
2023-05-16 08:30:00,326018.7746184724,326017.5987852181
2023-05-16 12:30:00,326013.5223935364,326017.623992401
2023-05-16 16:30:00,326018.8469514158,326017.6936014975
2023-05-16 20:30:00,326022.363201199,326017.70279424667
2023-05-17 00:30:00,326017.5840455447,326017.73149001464
2023-05-17 04:30:00,326010.6289312298,326017.6882240672
2023-05-17 08:30:00,326003.78251963627,326017.6015471037
2023-05-17 12:30:00,326024.3617695432,326017.61618988344
2023-05-17 16:30:00,326022.9384294997,326017.7780166342
2023-05-17 20:30:00,326023.6754384293,326017.87369932304
2023-05-18 00:30:00,326024.92582862556,326017.90052777657
2023-05-18 04:30:00,326011.2415771089,326017.8564123042
2023-05-18 08:30:00,326016.16467947204,326017.8469612828
2023-05-18 12:30:00,326031.4510268384,326017.94873729005
2023-05-18 16:30:00,326017.4827282505,326017.98878109216
2023-05-18 20:30:00,326021.1924580178,326018.00247196894
2023-05-19 00:30:00,326026.7326686838,326018.0255094628
2023-05-19 04:30:00,326012.61132242886,326018.0167010129
2023-05-19 08:30:00,326015.82096964016,326018.01230267074
2023-05-19 12:30:00,326009.64763171447,326017.90178731177
2023-05-19 16:30:00,325995.2741169018,326017.8111447463
2023-05-19 20:30:00,326031.36364465364,326017.98063936085
2023-05-20 00:30:00,326035.5225245009,326018.03068561887
2023-05-20 04:30:00,326036.64458447415,326018.0862760425
2023-05-20 08:30:00,326006.6264018766,326018.0428164824
2023-05-20 12:30:00,326020.14469166804,326017.9916065822
2023-05-20 16:30:00,326013.9867833488,326017.96424960153
2023-05-20 20:30:00,326001.4510418631,326017.869096458
2023-05-21 00:30:00,326023.12735782453,326017.7360008994
2023-05-21 04:30:00,326014.82244107674,326017.7341892016
2023-05-21 08:30:00,326005.0999419801,326017.8735567879
2023-05-21 12:30:00,326018.75827404205,326017.88267533376
2023-05-21 16:30:00,325997.84356376005,326017.7674210274
2023-05-21 20:30:00,326002.08543977124,326017.7990241534
2023-05-22 00:30:00,326022.52188636496,326017.9640600224
2023-05-22 04:30:00,326046.3985600618,326018.0498170357
2023-05-22 08:30:00,326000.95931525656,326017.90598522336
2023-05-22 12:30:00,326017.794619989,326017.87059694924
2023-05-22 16:30:00,326018.879797344,326017.89698000153
2023-05-22 20:30:00,325998.071426205,326017.9018973639
2023-05-23 00:30:00,326000.8742365966,326017.8622786376
2023-05-23 04:30:00,326028.3852407669,326017.8258184045
2023-05-23 08:30:00,326013.0520449106,326017.82363684097
2023-05-23 12:30:00,326023.5764594951,326017.89035970345
2023-05-23 16:30:00,326023.97161443153,326017.94800095825
2023-05-23 20:30:00,325999.4519433959,326018.02033588046
2023-05-24 00:30:00,326015.1823479448,326018.04906193033
2023-05-24 04:30:00,326034.7037541715,326018.16639644507
2023-05-24 08:30:00,326006.7526139622,326017.9343175939
2023-05-24 12:30:00,326015.0526112005,326017.8420266117
2023-05-24 16:30:00,326010.2275616579,326017.9611766034
2023-05-24 20:30:00,325985.2667653885,326017.97549777833
2023-05-25 00:30:00,325992.2930971108,326018.0171518724
2023-05-25 04:30:00,326016.8914272669,326017.91945091804
2023-05-25 08:30:00,326016.1595161201,326017.96340108017
2023-05-25 12:30:00,326013.23117506335,326018.0182417819
2023-05-25 16:30:00,326024.30684828095,326018.02746270807
2023-05-25 20:30:00,326003.175795798,326017.82954124897
2023-05-26 00:30:00,326020.9652607917,326017.92323156714
2023-05-26 04:30:00,326023.47478373675,326017.9586964347
2023-05-26 08:30:00,326024.9251007256,326017.9361412735
2023-05-26 12:30:00,326011.8607100629,326017.90317768714
2023-05-26 16:30:00,326025.85085550527,326018.05604213104
2023-05-26 20:30:00,326024.28905771126,326018.3123716317
2023-05-27 00:30:00,326022.8237560356,326018.397585878
2023-05-27 04:30:00,326035.2051753647,326018.4607996582
2023-05-27 08:30:00,326028.38548964873,326018.50502468564
2023-05-27 12:30:00,326022.7111589165,326018.71585762186
2023-05-27 16:30:00,326032.2858073802,326018.76927429874
2023-05-27 20:30:00,326030.3896740435,326018.7948426234
2023-05-28 00:30:00,326026.96386939246,326018.8762603543
2023-05-28 04:30:00,326039.4399897444,326018.9720265631
2023-05-28 08:30:00,326038.07635363814,326018.94425915886
2023-05-28 12:30:00,326034.6673219385,326018.9168113699
2023-05-28 16:30:00,326029.9084070611,326018.9778757904
2023-05-28 20:30:00,326018.6561543436,326019.04984104756
2023-05-29 00:30:00,326018.3412359958,326019.04905781057
2023-05-29 04:30:00,326033.52190885006,326019.2009096565
2023-05-29 08:30:00,326034.8736995464,326019.2741946853
2023-05-29 12:30:00,326018.3461027348,326019.4150502575
2023-05-29 16:30:00,326040.59637359285,326019.6911581019
2023-05-29 20:30:00,326035.2866938285,326019.703631525
2023-05-30 00:30:00,326025.69545465877,326019.69572342694
2023-05-30 04:30:00,326006.9239401379,326019.8238887639
2023-05-30 08:30:00,326025.34965229,326019.77902325476
2023-05-30 12:30:00,326029.8748197352,326019.7326177893
2023-05-30 16:30:00,326006.1831504693,326019.7349797839
2023-05-30 20:30:00,326037.2932776778,326019.8212421438
2023-05-31 00:30:00,326032.9735740123,326019.87880806293
2023-05-31 04:30:00,326006.4880785145,326019.8256466846
2023-05-31 08:30:00,326022.4531104263,326019.8028233044
2023-05-31 12:30:00,326020.99513949925,326019.7281879965
2023-05-31 16:30:00,326017.1811337034,326019.747465175
2023-05-31 20:30:00,326042.27470989415,326019.8724016984
2023-06-01 00:30:00,326036.1041388353,326019.93039116357
2023-06-01 04:30:00,325997.717119658,326019.94967291807
2023-06-01 08:30:00,326014.6504066295,326019.92563238385
2023-06-01 12:30:00,326026.76449250063,326019.82303029404
2023-06-01 16:30:00,326021.7259017407,326019.830602494
2023-06-01 20:30:00,326040.20021211175,326020.0258222054
2023-06-02 00:30:00,326042.6870158681,326020.03346762934
2023-06-02 04:30:00,326011.2712499365,326020.01914134476
2023-06-02 08:30:00,325998.47653300007,326019.8809321223
2023-06-02 12:30:00,326017.3054322259,326019.7075762699
2023-06-02 16:30:00,326012.95347096736,326019.60675771994
2023-06-02 20:30:00,326033.84615176055,326019.6628498968
2023-06-03 00:30:00,326045.0463392912,326019.75372402195
2023-06-03 04:30:00,326005.79511322815,326019.6085204684
2023-06-03 08:30:00,326001.71532556886,326019.4667037232
2023-06-03 12:30:00,326019.9221041191,326019.37358322984
2023-06-03 16:30:00,326006.54731803347,326019.2916359412
2023-06-03 20:30:00,326008.40487826057,326019.2907538028
2023-06-04 00:30:00,326036.69795352174,326019.3620772534
2023-06-04 04:30:00,326013.7522486859,326019.4003888055
2023-06-04 08:30:00,326000.62022773933,326019.34061926324
2023-06-04 12:30:00,326011.0351252417,326019.23686588166
2023-06-04 16:30:00,326005.5810430958,326019.1671022944
2023-06-04 20:30:00,326000.62643087696,326019.1102419558
2023-06-05 00:30:00,326045.44643976,326019.1946968944
2023-06-05 04:30:00,326018.951149172,326019.25045328756
2023-06-05 08:30:00,325993.4511738511,326019.23762072774
2023-06-05 12:30:00,326014.7403622851,326019.1780905929
2023-06-05 16:30:00,326012.28847664857,326019.106802574
2023-06-05 20:30:00,326013.2197749372,326019.12931985874
2023-06-06 00:30:00,326028.38381459896,326019.1130167063
2023-06-06 04:30:00,326031.467938536,326019.1726140994
2023-06-06 08:30:00,325995.69804962777,326019.1878221544
2023-06-06 12:30:00,326008.30676097615,326019.1753371987
2023-06-06 16:30:00,326008.9333186199,326019.2160571814
2023-06-06 20:30:00,325988.2726642838,326019.07897841954
2023-06-07 00:30:00,326026.6634642863,326019.11654778576
2023-06-07 04:30:00,326028.2715924499,326019.10146506253
2023-06-07 08:30:00,325988.70192982326,326018.99341966957
2023-06-07 12:30:00,326006.529004062,326018.9749060783
2023-06-07 16:30:00,326008.6741963241,326018.8814711134
2023-06-07 20:30:00,325999.4454038755,326018.78667780536
2023-06-08 00:30:00,326023.7887198981,326018.7233162129
2023-06-08 04:30:00,326057.2065528006,326018.7783345894
2023-06-08 08:30:00,325993.63693492976,326018.71152168245
2023-06-08 12:30:00,326001.4009442331,326018.72154844954
2023-06-08 16:30:00,326009.2149871211,326018.7395281279
2023-06-08 20:30:00,326009.18879910954,326018.7246826517
2023-06-09 00:30:00,326011.7929280373,326018.66297730897
2023-06-09 04:30:00,326034.77686981985,326018.5576581748
2023-06-09 08:30:00,326029.51029982424,326018.6588028287
2023-06-09 12:30:00,326017.34647266404,326018.79000911606
2023-06-09 16:30:00,326019.09432128514,326018.7984259562
2023-06-09 20:30:00,326016.54781497235,326018.7590591119
2023-06-10 00:30:00,326010.096461141,326018.78170612856
2023-06-10 04:30:00,326036.7722518764,326018.7912185034
2023-06-10 08:30:00,326029.7812389577,326018.76546873915
2023-06-10 12:30:00,326023.5490160329,326018.8598089517
2023-06-10 16:30:00,326015.58302647097,326018.8676651465
2023-06-10 20:30:00,326019.95986643864,326018.9819198406
2023-06-11 00:30:00,326038.3375626322,326019.0987764172
2023-06-11 04:30:00,326030.5961893427,326019.11869465065
2023-06-11 08:30:00,326042.19576044584,326019.20977427147
2023-06-11 12:30:00,326022.6046360839,326019.2906184344
2023-06-11 16:30:00,326024.4432977307,326019.36166281
2023-06-11 20:30:00,326003.63644863205,326019.3348890465
2023-06-12 00:30:00,326018.2869152818,326019.40439285303
2023-06-12 04:30:00,326038.2197060239,326019.4490202912
2023-06-12 08:30:00,326031.65263808833,326019.4422595602
2023-06-12 12:30:00,326016.36396388616,326019.4200750189
2023-06-12 16:30:00,326034.5515624558,326019.4867464275
2023-06-12 20:30:00,326028.78626077936,326019.4950826564
2023-06-13 00:30:00,326012.5102038781,326019.527317879
2023-06-13 04:30:00,326026.5493190054,326019.6516759871
2023-06-13 08:30:00,326018.46399016405,326019.66522696835
2023-06-13 12:30:00,326023.4487051541,326019.6448408927
2023-06-13 16:30:00,326045.1446608896,326019.888482815
2023-06-13 20:30:00,326037.07380724605,326019.91868941404
2023-06-14 00:30:00,326014.52277164115,326019.76411778457
2023-06-14 04:30:00,326030.79013694037,326019.78588626924
2023-06-14 08:30:00,326000.67912057467,326019.6206422376
2023-06-14 12:30:00,326006.1619619673,326019.43165931146
2023-06-14 16:30:00,326022.9909989042,326019.36770376604
2023-06-14 20:30:00,326018.89234010316,326019.3098595195
2023-06-15 00:30:00,326022.33554710285,326019.22493377246
2023-06-15 04:30:00,326025.56427623314,326019.22307595133
2023-06-15 08:30:00,326010.36959738965,326019.1763813897
2023-06-15 12:30:00,326016.33809529856,326019.1920241773
2023-06-15 16:30:00,326009.2108290349,326019.13849016407
2023-06-15 20:30:00,326037.3141226196,326019.2215508386
2023-06-16 00:30:00,326009.99838848825,326019.17940829945
2023-06-16 04:30:00,326020.0014811729,326019.23147802136
2023-06-16 08:30:00,326025.3781434844,326019.3514537094
2023-06-16 12:30:00,326011.4969860661,326019.2799826901
2023-06-16 16:30:00,326003.9329217637,326019.17439653596
2023-06-16 20:30:00,326006.97538506665,326019.08161846176
2023-06-17 00:30:00,326009.70476710686,326018.99705700885
2023-06-17 04:30:00,326020.6764258282,326019.04947283503
2023-06-17 08:30:00,326002.0490358227,326018.97105259256
2023-06-17 12:30:00,326004.8833050407,326018.8234541381
2023-06-17 16:30:00,326025.8829964593,326018.8701222948
2023-06-17 20:30:00,326044.9084896898,326019.00187802635
2023-06-18 00:30:00,326044.53822838,326019.10079780244
2023-06-18 04:30:00,325996.6905004644,326019.0123487915
2023-06-18 08:30:00,325984.7973991472,326018.8399956221
2023-06-18 12:30:00,325986.0341193744,326018.70880944247
2023-06-18 16:30:00,326002.89104431134,326018.75112570584
2023-06-18 20:30:00,326008.7972238063,326018.62575670116
2023-06-19 00:30:00,326047.0535216696,326018.6898177965
2023-06-19 04:30:00,326034.9247466082,326018.68026314175
2023-06-19 08:30:00,326004.7813542679,326018.6700128772
2023-06-19 12:30:00,325993.44217104104,326018.5216655404
2023-06-19 16:30:00,326012.08945857495,326018.5111248472
2023-06-19 20:30:00,326011.3920006957,326018.5663523963
2023-06-20 00:30:00,326038.540422793,326018.651980535
2023-06-20 04:30:00,326015.08982176747,326018.6534659833
2023-06-20 08:30:00,326028.248451728,326018.78206881526
2023-06-20 12:30:00,326023.7864821527,326018.81000330474
2023-06-20 16:30:00,326019.0486397438,326018.9278092824
2023-06-20 20:30:00,326001.53043952194,326018.92472594767
2023-06-21 00:30:00,326042.6129518166,326019.03634297795
2023-06-21 04:30:00,326046.6941496621,326019.0379851424
2023-06-21 08:30:00,325999.2246704255,326019.02834822674
2023-06-21 12:30:00,326011.4591005289,326018.9931508964
2023-06-21 16:30:00,326017.8172332653,326018.9872477626
2023-06-21 20:30:00,326017.95227274357,326019.09769691003
2023-06-22 00:30:00,326035.80769727624,326019.2917716916
2023-06-22 04:30:00,326011.8831642238,326019.2000934886
2023-06-22 08:30:00,325996.07687901135,326019.1057870114
2023-06-22 12:30:00,326013.80259419855,326019.0514877597
2023-06-22 16:30:00,326017.97116815456,326019.01815194706
2023-06-22 20:30:00,326009.7577959284,326019.0754066834
2023-06-23 00:30:00,326007.6872751232,326019.0337673899
2023-06-23 04:30:00,326046.6339651505,326019.10004633974
2023-06-23 08:30:00,326024.30142797076,326019.19753975095
2023-06-23 12:30:00,326006.64928331116,326019.150854596
2023-06-23 16:30:00,326014.04284213536,326019.17205059866
2023-06-23 20:30:00,326019.9729771919,326019.36486288643
2023-06-24 00:30:00,326024.87453996815,326019.5458709023
2023-06-24 04:30:00,326033.62637848407,326019.63884285354
2023-06-24 08:30:00,326023.78417340014,326019.6812020606
2023-06-24 12:30:00,326020.46128177934,326019.7213693202
2023-06-24 16:30:00,326022.7366777335,326019.71264615044
2023-06-24 20:30:00,326015.0896378939,326019.7788341621
2023-06-25 00:30:00,326022.1765043227,326019.78556329285
2023-06-25 04:30:00,326041.1029118321,326019.8834973378
2023-06-25 08:30:00,326032.2050232719,326019.923941352
2023-06-25 12:30:00,326005.59138177225,326019.88911175035
2023-06-25 16:30:00,326017.2364940268,326019.8412541866
2023-06-25 20:30:00,326036.1628319184,326019.9072195988
2023-06-26 00:30:00,326031.77398261946,326019.9569430799
2023-06-26 04:30:00,326034.2405382923,326019.951583985
2023-06-26 08:30:00,326025.7298899125,326019.93683065317
2023-06-26 12:30:00,326003.8545324809,326019.8320716174
2023-06-26 16:30:00,326029.7690721731,326019.81808975514
2023-06-26 20:30:00,326039.78021132114,326019.8702594067
2023-06-27 00:30:00,326010.3580641023,326019.77800493286
2023-06-27 04:30:00,326018.9845592101,326019.6643636521
2023-06-27 08:30:00,326036.59962031175,326019.65615957807
2023-06-27 12:30:00,326017.6254874934,326019.56148272
2023-06-27 16:30:00,326005.5316858789,326019.42605649127
2023-06-27 20:30:00,326038.2336188482,326019.53482018295
2023-06-28 00:30:00,326024.4212071285,326019.5685978004
2023-06-28 04:30:00,326004.4595976103,326019.4071405157
2023-06-28 08:30:00,326020.5076964308,326019.32732938725
2023-06-28 12:30:00,326022.6042176959,326019.35098558146
2023-06-28 16:30:00,326030.9572766062,326019.2974350427
2023-06-28 20:30:00,326037.11811883195,326019.30760962603
2023-06-29 00:30:00,326027.05891054147,326019.3151843809
2023-06-29 04:30:00,326010.9687637473,326019.33765562315
2023-06-29 08:30:00,326014.0177826284,326019.2747007917
2023-06-29 12:30:00,326010.9208723535,326019.1694010841
2023-06-29 16:30:00,326009.7362499552,326019.18914052565
2023-06-29 20:30:00,326023.85829867853,326019.1145017535
2023-06-30 00:30:00,326038.4751123338,326019.14506585523
2023-06-30 04:30:00,325992.9035744715,326019.06959638826
2023-06-30 08:30:00,325996.9551974239,326018.9279413161
2023-06-30 12:30:00,326019.5873067852,326018.92012002325
2023-06-30 16:30:00,326026.22867037856,326018.9703841159
2023-06-30 20:30:00,326025.94138126116,326018.87964340125
2023-07-01 00:30:00,326030.8436326351,326018.8504183668
2023-07-01 04:30:00,326009.10669147555,326018.9136937658
2023-07-01 08:30:00,325980.46543156146,326018.72377723764
2023-07-01 12:30:00,326000.9671699022,326018.5804587787
2023-07-01 16:30:00,326016.05573328264,326018.54895784287
2023-07-01 20:30:00,326051.9469027129,326018.61421723507
2023-07-02 00:30:00,326057.7958309305,326018.69815509656
2023-07-02 04:30:00,326024.46273082687,326018.7714411015
2023-07-02 08:30:00,325994.434528436,326018.74898552056
2023-07-02 12:30:00,326026.50228813087,326018.8000791645
2023-07-02 16:30:00,326036.0414823862,326018.9283458946
2023-07-02 20:30:00,326041.8519750983,326018.9728226909
2023-07-03 00:30:00,326055.8277965698,326019.0327196758
2023-07-03 04:30:00,326028.5949565426,326019.159385472
2023-07-03 08:30:00,325992.99086021364,326019.11091622
2023-07-03 12:30:00,326010.7445963805,326019.0599300659
2023-07-03 16:30:00,326009.4108241381,326019.0758384332
2023-07-03 20:30:00,326033.6902564971,326019.2163127567
2023-07-04 00:30:00,326058.5471061617,326019.337696938
2023-07-04 04:30:00,326000.5981880778,326019.26461882354
2023-07-04 08:30:00,325975.8513065648,326019.1270137059
2023-07-04 12:30:00,326002.72451429436,326019.08084364515
2023-07-04 16:30:00,326041.04340438405,326019.27785676334
2023-07-04 20:30:00,326007.36549941037,326019.315296033
2023-07-05 00:30:00,326055.34550116764,326019.3702908186
2023-07-05 04:30:00,326043.2055474138,326019.50503747544
2023-07-05 08:30:00,325979.0598852529,326019.4250858722
2023-07-05 12:30:00,326004.4655293466,326019.3680034669
2023-07-05 16:30:00,326002.8377897343,326019.3154996508
2023-07-05 20:30:00,325994.00573059404,326019.2087549599
2023-07-06 00:30:00,326025.0453772623,326019.19020808587
2023-07-06 04:30:00,326053.17805420357,326019.31081983953
2023-07-06 08:30:00,326000.022591739,326019.3348450735
2023-07-06 12:30:00,325991.0590782773,326019.2390246141
2023-07-06 16:30:00,326023.08423315786,326019.31764080597
2023-07-06 20:30:00,326007.057243174,326019.4219995776
2023-07-07 00:30:00,326013.30145817547,326019.3477662103
2023-07-07 04:30:00,326057.68611797685,326019.511180241
2023-07-07 08:30:00,326048.91370609886,326019.8456901092
2023-07-07 12:30:00,326003.6029624458,326019.8294343224
2023-07-07 16:30:00,326010.58929371164,326019.8400737524
2023-07-07 20:30:00,326025.59350432904,326019.98534097715
2023-07-08 00:30:00,326052.3432254032,326020.14397711883
2023-07-08 04:30:00,326035.03572683845,326020.02080586343
2023-07-08 08:30:00,326003.51760122326,326020.075698454
2023-07-08 12:30:00,326003.61343164224,326020.0879900507
2023-07-08 16:30:00,326050.2515864678,326020.3159711582
2023-07-08 20:30:00,326026.72043492727,326020.413369135
2023-07-09 00:30:00,326007.56637094566,326020.3898882622
2023-07-09 04:30:00,326031.78266180505,326020.37325377326
2023-07-09 08:30:00,326040.55482252326,326020.43461223267
2023-07-09 12:30:00,326022.019044909,326020.46057096735
2023-07-09 16:30:00,326017.68915305834,326020.45276447723
2023-07-09 20:30:00,326034.73721991235,326020.5538167269
2023-07-10 00:30:00,326020.823538648,326020.6134116019
2023-07-10 04:30:00,326027.0700566708,326020.55951051746
2023-07-10 08:30:00,326035.97582629713,326020.59392489155
2023-07-10 12:30:00,326006.8347606008,326020.5010679169
2023-07-10 16:30:00,326010.3992938722,326020.47226940247
2023-07-10 20:30:00,326010.833452174,326020.4215671011
2023-07-11 00:30:00,326023.9778263704,326020.34179078846
2023-07-11 04:30:00,326014.02789118246,326020.2497446876
2023-07-11 08:30:00,326025.14993082074,326020.15504563414
2023-07-11 12:30:00,326017.50081146887,326020.1266910529
2023-07-11 16:30:00,326020.1193190129,326020.10266894894
2023-07-11 20:30:00,326034.61165775335,326020.2747534441
2023-07-12 00:30:00,326013.6099657852,326020.2487703913
2023-07-12 04:30:00,325988.3901633399,326019.9719395986
2023-07-12 08:30:00,326012.0371168155,326019.8629644805
2023-07-12 12:30:00,326019.7246591403,326019.8816350096
2023-07-12 16:30:00,326024.7428464125,326019.8271421427
2023-07-12 20:30:00,326027.9064394973,326019.82225424674
2023-07-13 00:30:00,326019.81834984774,326019.86285505764
2023-07-13 04:30:00,326005.513860172,326019.7459913975
2023-07-13 08:30:00,326016.8795772204,326019.7371891033
2023-07-13 12:30:00,326018.82157609874,326019.7114828308
2023-07-13 16:30:00,326016.40942631173,326019.5518426387
2023-07-13 20:30:00,326019.78615262243,326019.455800113
2023-07-14 00:30:00,326025.0262065068,326019.51415252895
2023-07-14 04:30:00,326011.88162482786,326019.4091052394
2023-07-14 08:30:00,325997.6969133055,326019.39253742126
2023-07-14 12:30:00,326013.7715677365,326019.4348130088
2023-07-14 16:30:00,326022.0396707153,326019.4295278523
2023-07-14 20:30:00,326027.90691964474,326019.4796088497
2023-07-15 00:30:00,326036.1246970499,326019.55621523835
2023-07-15 04:30:00,326010.00784857053,326019.46979064017
2023-07-15 08:30:00,325983.24674291816,326019.31910811533
2023-07-15 12:30:00,326006.6744887096,326019.26542141207
2023-07-15 16:30:00,326009.79909082,326019.26868953306
2023-07-15 20:30:00,326002.3576968947,326019.074487168
2023-07-16 00:30:00,326039.22853084106,326019.2368768477
2023-07-16 04:30:00,326027.43737032777,326019.278187343
2023-07-16 08:30:00,325991.9503793114,326019.09247754206
2023-07-16 12:30:00,326013.05828950676,326019.10115145
2023-07-16 16:30:00,326005.16632537363,326019.10800369235
2023-07-16 20:30:00,326010.6574516627,326019.12845961784
2023-07-17 00:30:00,326032.6642119648,326019.25601208926
2023-07-17 04:30:00,326012.47851847607,326019.2104681596
2023-07-17 08:30:00,325961.6645646918,326018.9861099866
2023-07-17 12:30:00,325994.3796370252,326018.9277562754
2023-07-17 16:30:00,326031.7366037317,326018.9602763158
2023-07-17 20:30:00,326005.1265935349,326018.7392657816
2023-07-18 00:30:00,326027.7444831146,326018.6459671968
2023-07-18 04:30:00,326031.18965864286,326018.8376291867
2023-07-18 08:30:00,326017.1800328117,326019.0175327071
2023-07-18 12:30:00,326006.392662909,326019.1306357267
2023-07-18 16:30:00,326016.87184802775,326019.20830685843
2023-07-18 20:30:00,326014.467516084,326019.2398084822
2023-07-19 00:30:00,326041.8786028295,326019.21105893306
2023-07-19 04:30:00,326028.0744791834,326019.1730018918
2023-07-19 08:30:00,325978.9503163712,326019.02949612576
2023-07-19 12:30:00,325998.5072838184,326019.0576356412
2023-07-19 16:30:00,326022.29206794215,326019.1143168043
2023-07-19 20:30:00,326003.9486678303,326019.07296495506
2023-07-20 00:30:00,326036.05673185986,326019.05916667206
2023-07-20 04:30:00,326035.454377393,326019.17230309226
2023-07-20 08:30:00,325999.4667265664,326019.01240461913
2023-07-20 12:30:00,326001.0472534005,326018.88607557054
2023-07-20 16:30:00,326022.94168457325,326018.90770359733
2023-07-20 20:30:00,326008.71750166116,326018.94763172034
2023-07-21 00:30:00,326037.5836531177,326018.919691172
2023-07-21 04:30:00,326045.70359754225,326018.9141881047
2023-07-21 08:30:00,326003.0994124834,326018.9357144494
2023-07-21 12:30:00,325974.60252972826,326018.7309557228
2023-07-21 16:30:00,326018.0603793389,326018.73230653425
2023-07-21 20:30:00,326012.6093680433,326018.7026237304
2023-07-22 00:30:00,326005.99161190796,326018.53697881167
2023-07-22 04:30:00,326041.31031871145,326018.70046300325
2023-07-22 08:30:00,326031.0228958844,326018.89460754144
2023-07-22 12:30:00,325997.48502983106,326018.80395440606
2023-07-22 16:30:00,326025.9569270281,326018.84831973317
2023-07-22 20:30:00,326037.66863859404,326019.00337997015
2023-07-23 00:30:00,326022.3558546348,326019.0848720786
2023-07-23 04:30:00,326032.5444058716,326019.0065967493
2023-07-23 08:30:00,326027.43967777654,326019.0240314704
2023-07-23 12:30:00,326024.26824527036,326019.1219145924
2023-07-23 16:30:00,326037.6679967557,326019.2531654514
2023-07-23 20:30:00,326038.81551113253,326019.3578461955
2023-07-24 00:30:00,326024.86577304394,326019.3577974904
2023-07-24 04:30:00,326037.19522616337,326019.37762442196
2023-07-24 08:30:00,326037.98046898324,326019.45649273077
2023-07-24 12:30:00,326000.4503924009,326019.3453211231
2023-07-24 16:30:00,326017.5216302408,326019.31634863705
2023-07-24 20:30:00,326025.5048092765,326019.3742107002
2023-07-25 00:30:00,326036.1859195835,326019.452040785
2023-07-25 04:30:00,326017.2516608159,326019.31953383493
2023-07-25 08:30:00,326013.22705624165,326019.21410068474
2023-07-25 12:30:00,326027.512979037,326019.33588733623
2023-07-25 16:30:00,326020.94450334285,326019.356487388
2023-07-25 20:30:00,326043.6877929346,326019.39829272695
2023-07-26 00:30:00,326042.9149711787,326019.46018710785
2023-07-26 04:30:00,326044.0018609961,326019.5144166784
2023-07-26 08:30:00,326031.93895875954,326019.5489115054
2023-07-26 12:30:00,326037.0410595071,326019.73328109994
2023-07-26 16:30:00,326041.04825035855,326019.795943201
2023-07-26 20:30:00,326057.8599682807,326019.8963862952
2023-07-27 00:30:00,326038.3541864969,326020.0519203085
2023-07-27 04:30:00,326031.4138337391,326020.12097183365
2023-07-27 08:30:00,326015.4443631971,326020.0034426275
2023-07-27 12:30:00,326036.56776864326,326020.10867752274
2023-07-27 16:30:00,326041.68535632,326020.3095312474
2023-07-27 20:30:00,326036.7488813562,326020.3012827058
2023-07-28 00:30:00,326022.27039806056,326020.28933376656
2023-07-28 04:30:00,326004.9724088481,326020.2921827178
2023-07-28 08:30:00,326011.8214968503,326020.2439260535
2023-07-28 12:30:00,326020.899397337,326020.2344548293
2023-07-28 16:30:00,326016.15991394816,326020.152247259
2023-07-28 20:30:00,326039.7696674315,326020.16697808454
2023-07-29 00:30:00,326018.93636631576,326020.12185283884
2023-07-29 04:30:00,325990.52672816464,326020.0082859745
2023-07-29 08:30:00,325998.0344468303,326019.9194896645
2023-07-29 12:30:00,326010.39716858405,326019.91658019915
2023-07-29 16:30:00,326019.28142726386,326019.96960896195
2023-07-29 20:30:00,326035.7087736111,326020.0354449338
2023-07-30 00:30:00,326032.1782142836,326020.00046216685
2023-07-30 04:30:00,326009.22583704157,326020.09114140336
2023-07-30 08:30:00,325990.7770092798,326020.0568181359
2023-07-30 12:30:00,326016.62201590324,326020.04034429765
2023-07-30 16:30:00,326026.7280189372,326020.0431184563
2023-07-30 20:30:00,326031.77184668893,326020.0755099309
2023-07-31 00:30:00,326038.07001381036,326020.115656493
2023-07-31 04:30:00,326012.5244207836,326020.134643878
2023-07-31 08:30:00,325963.6110506061,326020.04100842826
2023-07-31 12:30:00,326018.6292940891,326020.13913134043
2023-07-31 16:30:00,326012.0665498741,326020.1169692104
2023-07-31 20:30:00,326016.9910366355,326019.9227699544
2023-08-01 00:30:00,326050.01192412694,326019.8795260277
2023-08-01 04:30:00,326014.9285697688,326019.82655846624
2023-08-01 08:30:00,325968.85982066893,326019.6844767565
2023-08-01 12:30:00,326024.5277050495,326019.67350685043
2023-08-01 16:30:00,326020.57022948575,326019.58755544544
2023-08-01 20:30:00,326001.14825692493,326019.3614236778
2023-08-02 00:30:00,326045.1913635341,326019.3023323832
2023-08-02 04:30:00,326041.9622798524,326019.37659529044
2023-08-02 08:30:00,325973.8880367702,326019.2704684936
2023-08-02 12:30:00,326006.02324198844,326019.24423874693
2023-08-02 16:30:00,326015.75227274484,326019.27946901694
2023-08-02 20:30:00,325998.42118894274,326019.0835297528
2023-08-03 00:30:00,326043.6204880623,326019.0006040967
2023-08-03 04:30:00,326042.5796910576,326019.23383466876
2023-08-03 08:30:00,326009.4330497811,326019.42039990885
2023-08-03 12:30:00,326022.5421465353,326019.53049786575
2023-08-03 16:30:00,326023.7888493502,326019.4346392267
2023-08-03 20:30:00,326004.94895157794,326019.4212139609
2023-08-04 00:30:00,326030.4784886863,326019.2830638916
2023-08-04 04:30:00,326034.2278498093,326019.2331877938
2023-08-04 08:30:00,325991.1571615411,326019.3003948843
2023-08-04 12:30:00,326009.9331226101,326019.33077040245
2023-08-04 16:30:00,326023.0322743243,326019.44296198344
2023-08-04 20:30:00,326005.1809522331,326019.50504654815
2023-08-05 00:30:00,326007.6834691546,326019.4085915031
2023-08-05 04:30:00,326047.04524484574,326019.37452034
2023-08-05 08:30:00,326011.25124234444,326019.43690173223
2023-08-05 12:30:00,326006.91371944593,326019.5249830721
2023-08-05 16:30:00,326016.266372476,326019.4871060683
2023-08-05 20:30:00,326033.2138345626,326019.6324204649
2023-08-06 00:30:00,326028.95887838874,326019.7194061327
2023-08-06 04:30:00,326029.84937082505,326019.56475753745
2023-08-06 08:30:00,326028.18926710886,326019.4496217653
2023-08-06 12:30:00,326032.60895550944,326019.6107661712
2023-08-06 16:30:00,326014.84558257123,326019.6344122204
2023-08-06 20:30:00,326013.776620385,326019.56876286515
2023-08-07 00:30:00,326030.49643505394,326019.4473918077
2023-08-07 04:30:00,326028.93478095747,326019.41349766386
2023-08-07 08:30:00,326010.0915288397,326019.450019484
2023-08-07 12:30:00,326007.94288251013,326019.4740719888
2023-08-07 16:30:00,326026.0537135517,326019.3396393615
2023-08-07 20:30:00,326023.4988630792,326019.3217417401
2023-08-08 00:30:00,326007.8281870003,326019.32319627376
2023-08-08 04:30:00,326013.61226507375,326019.2222496252
2023-08-08 08:30:00,326022.4569292113,326019.1217057735
2023-08-08 12:30:00,326009.79028160276,326019.0537681996
2023-08-08 16:30:00,326014.2630196029,326019.03473412484
2023-08-08 20:30:00,326032.44317803433,326019.0219894477
2023-08-09 00:30:00,326006.36989812873,326018.94169144484
2023-08-09 04:30:00,325991.84895072476,326018.74601863406
2023-08-09 08:30:00,326011.8939689308,326018.6122305375
2023-08-09 12:30:00,325987.34234695265,326018.5039393506
2023-08-09 16:30:00,326018.11701556464,326018.54681558226
2023-08-09 20:30:00,326038.24704583385,326018.6991133248
2023-08-10 00:30:00,326021.19910882687,326018.6836760051
2023-08-10 04:30:00,326010.62663695647,326018.6647801483
2023-08-10 08:30:00,326020.9362676557,326018.6413709085
2023-08-10 12:30:00,326011.56492720364,326018.60839377367
2023-08-10 16:30:00,326014.0410751507,326018.5746257522
2023-08-10 20:30:00,326028.2517734198,326018.5392930615
2023-08-11 00:30:00,326017.0460410918,326018.55838236876
2023-08-11 04:30:00,326004.02200645756,326018.6452259416
2023-08-11 08:30:00,326009.75724062324,326018.6325599628
2023-08-11 12:30:00,326010.41357232747,326018.58083170274
2023-08-11 16:30:00,326023.7434770868,326018.57527965086
2023-08-11 20:30:00,326029.3992275095,326018.5835729176
2023-08-12 00:30:00,326027.86991039035,326018.62830380956
2023-08-12 04:30:00,325983.29949680425,326018.5048906797
2023-08-12 08:30:00,326002.0941281507,326018.422749296
2023-08-12 12:30:00,326022.8214487853,326018.4449708109
2023-08-12 16:30:00,326003.3926972662,326018.37265564955
2023-08-12 20:30:00,326010.66371479316,326018.32197543944
2023-08-13 00:30:00,326042.3543488941,326018.4182428971
2023-08-13 04:30:00,326022.48582904116,326018.47715514275
2023-08-13 08:30:00,326009.2790067502,326018.5415001063
2023-08-13 12:30:00,326008.9192004053,326018.51454251003
2023-08-13 16:30:00,326009.16776843154,326018.4430319418
2023-08-13 20:30:00,326030.6087429945,326018.4580420715
2023-08-14 00:30:00,326041.2133296489,326018.4863122526
2023-08-14 04:30:00,326017.60303293314,326018.5285077213
2023-08-14 08:30:00,325998.7027539713,326018.61437444936
2023-08-14 12:30:00,326023.46118898725,326018.70763389533
2023-08-14 16:30:00,326016.45103908726,326018.7445891635
2023-08-14 20:30:00,326020.27964398294,326018.8441555362
2023-08-15 00:30:00,326038.5167307754,326018.84020109137
2023-08-15 04:30:00,326031.94042737084,326018.865218075
2023-08-15 08:30:00,326014.37968577014,326018.98982533306
2023-08-15 12:30:00,326032.0482732206,326019.0953252426
2023-08-15 16:30:00,326033.39218544104,326019.25213557633
2023-08-15 20:30:00,326030.2177171814,326019.3608037181
2023-08-16 00:30:00,326041.51175229356,326019.4099567199
2023-08-16 04:30:00,326025.7893938113,326019.4839060273
2023-08-16 08:30:00,326006.14834955084,326019.7310381654
2023-08-16 12:30:00,326024.68352087936,326019.8993930757
2023-08-16 16:30:00,326018.53467431734,326019.8260490234
2023-08-16 20:30:00,326010.9368429178,326019.8583281866
2023-08-17 00:30:00,326034.72176665836,326019.897090873
2023-08-17 04:30:00,326026.2510735024,326019.86965428886
2023-08-17 08:30:00,326007.8596836214,326019.8178745712
2023-08-17 12:30:00,326021.25088212127,326019.9004202335
2023-08-17 16:30:00,326029.3474751177,326019.9697292729
2023-08-17 20:30:00,326016.3267568483,326019.98005838826
2023-08-18 00:30:00,326020.82321445673,326019.8630840084
2023-08-18 04:30:00,326042.6664379889,326019.9441504462
2023-08-18 08:30:00,326019.9221085645,326020.17177151394
2023-08-18 12:30:00,326021.71326573286,326020.30069363565
2023-08-18 16:30:00,326030.067330747,326020.3438895401
2023-08-18 20:30:00,326012.64662890375,326020.3922115461
2023-08-19 00:30:00,326033.5690813445,326020.3783912655
2023-08-19 04:30:00,326044.50041590864,326020.428647035
2023-08-19 08:30:00,326014.7451236252,326020.51352701866
2023-08-19 12:30:00,326020.4323451157,326020.62122197263
2023-08-19 16:30:00,326041.0496592649,326020.72182183206
2023-08-19 20:30:00,326026.1350818022,326020.81858616613
2023-08-20 00:30:00,326030.43387293606,326020.77886516514
2023-08-20 04:30:00,326030.0691461714,326020.69200710196
2023-08-20 08:30:00,326019.1870487359,326020.7813828589
2023-08-20 12:30:00,326013.6689023517,326020.99841826234
2023-08-20 16:30:00,326024.38576095656,326021.03355927137
2023-08-20 20:30:00,326019.5125119407,326021.07191007084
2023-08-21 00:30:00,326024.8591331731,326021.17672963336
2023-08-21 04:30:00,326023.3259783139,326021.0768166312
2023-08-21 08:30:00,326011.114432624,326020.9662140575
2023-08-21 12:30:00,326015.47006442695,326021.06613091636
2023-08-21 16:30:00,326027.9172451016,326021.0770215724
2023-08-21 20:30:00,326026.58923196205,326021.0154693133
2023-08-22 00:30:00,325998.7794845009,326020.8844894792
2023-08-22 04:30:00,326015.08198560774,326020.7874760333
2023-08-22 08:30:00,326036.868593469,326020.83985889825
2023-08-22 12:30:00,326027.56739134784,326020.8581874876
2023-08-22 16:30:00,326025.3158351991,326020.7895643678
2023-08-22 20:30:00,326021.85214535677,326020.6953234468
2023-08-23 00:30:00,326015.7988925822,326020.6449518887
2023-08-23 04:30:00,326009.787412683,326020.4926862583
2023-08-23 08:30:00,326018.4719645532,326020.3843056781
2023-08-23 12:30:00,326022.52264468046,326020.5069293019
2023-08-23 16:30:00,326017.3656487764,326020.5060627382
2023-08-23 20:30:00,326018.9339734875,326020.4695580949
2023-08-24 00:30:00,326018.3045211092,326020.3702169923
2023-08-24 04:30:00,326002.8919710453,326020.290440938
2023-08-24 08:30:00,326019.31113371794,326020.32424136845
2023-08-24 12:30:00,326020.6342936965,326020.2860264499
2023-08-24 16:30:00,326027.33906391705,326020.3215517864
2023-08-24 20:30:00,326020.47416356206,326020.1925871787
2023-08-25 00:30:00,326022.2950670579,326020.0780321558
2023-08-25 04:30:00,326001.1062855116,326019.83972340316
2023-08-25 08:30:00,326022.84138205706,326019.78918131033
2023-08-25 12:30:00,326021.3094793425,326019.7017836428
2023-08-25 16:30:00,326022.5994112967,326019.5992900925
2023-08-25 20:30:00,326035.29508157674,326019.47392961074
2023-08-26 00:30:00,326016.94395687827,326019.35498389066
2023-08-26 04:30:00,325995.69715169,326019.1565578793
2023-08-26 12:30:00,326015.9398613764,326019.0620566917
2023-08-26 16:30:00,326020.384160222,326018.94305559614
2023-08-26 20:30:00,326029.8129921262,326018.90430761164
2023-08-27 00:30:00,326025.6766081173,326018.92333671806
2023-08-27 04:30:00,325974.074298309,326018.75072157534
2023-08-27 08:30:00,325990.88771209156,326018.63377305714
2023-08-27 12:30:00,326012.28234128776,326018.5856330793
2023-08-27 16:30:00,326004.13855178317,326018.51847463136
2023-08-27 20:30:00,326052.11191711057,326018.5874257469
2023-08-28 00:30:00,326043.2872095115,326018.7234639771
2023-08-28 04:30:00,325996.68278330273,326018.75785534654
2023-08-28 08:30:00,325980.87717244815,326018.6620046517
2023-08-28 12:30:00,326024.8782861359,326018.74290474976
2023-08-28 16:30:00,326016.72950900724,326018.72864822316
2023-08-28 20:30:00,326028.72187449236,326018.6896152672
2023-08-29 00:30:00,326036.8595876206,326018.71576819086
2023-08-29 04:30:00,326019.24178660754,326018.7717232164
2023-08-29 08:30:00,326005.4073893078,326018.853457183
2023-08-29 12:30:00,326019.2613533884,326018.8682020852
2023-08-29 16:30:00,326013.1697622402,326018.79245763435
2023-08-29 20:30:00,326030.8728448432,326018.78743527766
2023-08-30 00:30:00,326040.5561094475,326018.8013240801
2023-08-30 04:30:00,326011.2472548358,326018.79418907483
2023-08-30 08:30:00,325984.77851902496,326018.9124430883
2023-08-30 12:30:00,326013.53900286835,326018.8840057072
2023-08-30 16:30:00,326012.6859472432,326018.8874660277
2023-08-30 20:30:00,326002.5556351361,326018.8068213266
2023-08-31 00:30:00,326038.0692392794,326018.74010241684
2023-08-31 04:30:00,326038.5465310228,326018.87204633444
2023-08-31 08:30:00,325992.61719445704,326019.00476909307
2023-08-31 12:30:00,326004.5128550244,326018.8929542884
2023-08-31 16:30:00,326008.5009437145,326018.82552811096
2023-08-31 20:30:00,325998.06979002274,326018.8083299718
2023-09-01 00:30:00,326023.5060781899,326018.68718312634
2023-09-01 04:30:00,326029.5809603609,326018.61801374366
2023-09-01 08:30:00,326025.14180719864,326018.90434765664
2023-09-01 12:30:00,326033.4777131027,326019.0577245903
2023-09-01 16:30:00,326026.97846290295,326019.1204407364
2023-09-01 20:30:00,326013.49947767134,326019.2046769863
2023-09-02 00:30:00,326027.2897372069,326019.1134437413
2023-09-02 04:30:00,326035.3540028591,326019.07307676814
2023-09-02 08:30:00,326019.0513353995,326019.1268102073
2023-09-02 12:30:00,326021.56093771855,326019.1213285938
2023-09-02 16:30:00,326010.438474732,326019.0467454954
2023-09-02 20:30:00,326013.9547517935,326019.09705722844
2023-09-03 00:30:00,326016.03806004644,326019.01638444274
2023-09-03 04:30:00,326029.89602791105,326018.9921843204
2023-09-03 08:30:00,326015.32601680123,326019.1272058582
2023-09-03 08:30:00,326015.32601680123,326019.1060881412
2023-09-03 12:30:00,326011.3771604208,326019.1141105735
2023-09-03 12:30:00,326011.3771604208,326019.07136499253
2023-09-03 16:30:00,326029.77023643313,326019.10859130253
2023-09-03 16:30:00,326029.77023643313,326019.1671717703
2023-09-03 20:30:00,326022.50251687603,326019.2623452024
2023-09-05 00:30:01,326005.0176324598,326019.08768010273
2023-09-06 04:30:00,326019.7866906747,326018.82657280203
2023-09-06 08:30:00,326021.7441693203,326018.895117746
2023-09-06 12:30:00,326005.933039571,326018.88329514046
2023-09-06 16:30:00,326011.51907167316,326018.79779724707
2023-09-06 20:30:00,326031.59861701465,326018.8454428584
2023-09-07 00:30:00,326000.4229525741,326018.80188265594
2023-09-07 04:30:00,326019.2441023629,326018.83501111064
2023-09-07 08:30:00,326038.48535701213,326018.92929598
2023-09-07 12:30:00,326025.45696238126,326019.0214529258
2023-09-07 16:30:00,326020.2076365948,326019.056421261
2023-09-07 20:30:00,326029.31311763567,326019.03800914105
2023-09-08 00:30:00,326026.26353623247,326019.15503054165
2023-09-08 04:30:00,326008.57614347944,326019.25342579314
2023-09-08 08:30:00,326021.0450201528,326019.3072555062
2023-09-08 12:30:00,326026.8379972455,326019.5395828609
2023-09-08 16:30:00,326022.45326717896,326019.5650902233
2023-09-08 20:30:00,326022.0192348843,326019.46963251184
2023-09-09 00:30:00,325999.7050263042,326019.3431967323
2023-09-09 04:30:00,326009.6100588998,326019.3372168614
2023-09-09 08:30:00,326024.3834325468,326019.35749430186
2023-09-09 12:30:00,326024.3707087843,326019.4328224289
2023-09-09 16:30:00,326008.84609955025,326019.4022637488
2023-09-09 20:30:00,326016.79866892996,326019.334892546
2023-09-10 00:30:00,326032.34003547387,326019.4248572188
2023-09-10 04:30:00,326013.05226012337,326019.477976358
2023-09-10 08:30:00,325998.20591617946,326019.4100273907
2023-09-10 12:30:00,326014.4834302722,326019.43396773154
2023-09-10 16:30:00,326017.55204193405,326019.3975475248
2023-09-10 20:30:00,326025.8952086433,326019.3769356491
2023-09-11 00:30:00,326027.7204410897,326019.3760564179
2023-09-11 04:30:00,326017.0924876577,326019.57483871706
2023-09-11 08:30:00,326021.3543568624,326019.68813418003
2023-09-11 12:30:00,326032.2386022217,326019.74352920026
2023-09-11 16:30:00,326008.36684396595,326019.77278888674
2023-09-11 20:30:00,326019.80611055414,326019.8265676853
2023-09-12 00:30:00,326035.91039053304,326019.7886620479
2023-09-12 04:30:00,326018.3711378326,326019.764457982
2023-09-12 08:30:00,326003.89881318185,326019.73280978453
2023-09-12 12:30:00,326012.02127780346,326019.7510572987
2023-09-12 16:30:00,326017.2539123658,326019.7986228512
2023-09-12 20:30:00,326023.69657267106,326019.75796302577
2023-09-13 00:30:00,326018.8273489195,326019.6262807861
2023-09-13 04:30:00,326014.39681981446,326019.607420709
2023-09-13 08:30:00,326019.6608040118,326019.73070335627
2023-09-13 12:30:00,326035.93663702137,326019.80408834474
2023-09-13 16:30:00,326017.9796007098,326019.8130798837
2023-09-13 20:30:00,326014.6598187062,326019.7800220879
2023-09-14 00:30:00,326026.47872760094,326019.70921030454
2023-09-14 04:30:00,326026.07099750254,326019.6746842465
2023-09-14 08:30:00,326013.22961980855,326019.66791915265
2023-09-14 12:30:00,326013.5447877725,326019.55907512055
2023-09-14 16:30:00,326015.87884263025,326019.45605545695
2023-09-14 20:30:00,326007.62499936664,326019.3231571169
2023-09-15 00:30:00,326019.9371659688,326019.1962477856
2023-09-15 04:30:00,326023.7022620141,326019.1839705397
2023-09-15 08:30:00,326005.06201673264,326019.17758034664
2023-09-15 12:30:00,326024.07354640175,326019.1739922615
2023-09-15 16:30:00,326019.4140648304,326019.1791651469
2023-09-15 20:30:00,326016.7230881784,326019.2132018837
2023-09-16 00:30:00,326017.92062874703,326019.1143716607
2023-09-16 04:30:00,326028.8891812983,326019.1298899419
2023-09-16 08:30:00,326010.3717956188,326019.14466707123
2023-09-16 12:30:00,326014.7625583531,326019.1065004608
2023-09-16 16:30:00,326018.9622516578,326019.0454109111
2023-09-16 20:30:00,326002.0130583155,326018.9612126844
2023-09-17 00:30:02,326021.9043188169,326018.9675721218
2023-09-17 08:30:00,326014.67437041155,326018.79629044124
2023-09-17 12:30:00,326032.80342901155,326018.86191270914
2023-09-17 16:30:00,326050.2925829859,326018.9815887579
2023-09-17 20:30:00,326013.1921620764,326018.98481676483
2023-09-18 00:30:00,326017.81971408677,326018.89162524254
2023-09-18 04:30:00,326038.1058781383,326018.853787741
2023-09-18 08:30:00,326016.2008033557,326018.86240123055
2023-09-18 12:30:00,326007.29781146377,326018.7846820965
2023-09-18 16:30:00,326028.32233609474,326018.7093724919
2023-09-18 20:30:00,326021.2518506159,326018.68047763285
2023-09-19 00:30:00,326007.1309624675,326018.5425905886
2023-09-19 04:30:00,326011.7635380427,326018.4342733808
2023-09-19 08:30:00,326018.65136609034,326018.431103661
2023-09-19 12:30:00,326016.0059711915,326018.4449324707
2023-09-19 16:30:00,326021.2688642717,326018.4264892951
2023-09-19 20:30:00,326015.4390970622,326018.4023862484
2023-09-20 00:30:00,326030.059633918,326018.4331584422
2023-09-20 04:30:00,326043.5233329034,326018.55266941607
2023-09-20 08:30:00,326045.34232175525,326018.7552013044
2023-09-20 12:30:00,326030.05901252915,326018.84152644116
2023-09-20 16:30:00,326022.9505692155,326018.8121378264
2023-09-20 20:30:00,326003.63374423527,326018.6763065381
2023-09-21 00:30:00,326017.8138383501,326018.7889358508
2023-09-21 04:30:00,326046.69946722616,326018.9760215409
2023-09-21 08:30:00,326030.53846851416,326018.9385651802
2023-09-21 12:30:00,326022.2867194245,326018.90731860074
2023-09-21 16:30:00,326027.47199057677,326018.9200769166
2023-09-21 20:30:00,326016.6728446061,326018.8894301666
2023-09-22 00:30:00,326008.41668529453,326018.8457484667
2023-09-22 04:30:00,326011.56473693,326018.85626517824
2023-09-22 08:30:00,326032.4167109937,326018.93877847074
2023-09-22 12:30:00,326026.982763127,326018.96516970417
2023-09-22 16:30:00,326026.73201400414,326019.02059198363
2023-09-22 20:30:00,326022.7360246788,326019.0430893279
2023-09-23 00:30:00,326006.09368016006,326018.9708358312
2023-09-23 04:30:00,326028.0041076444,326019.1194283554
2023-09-23 08:30:00,326012.7087537989,326019.08036101866
2023-09-23 12:30:00,326029.33861418336,326019.1318658736
2023-09-23 16:30:00,326023.20768690575,326019.1074198558
2023-09-23 20:30:00,326010.4225166554,326019.04794265516
2023-09-24 00:30:00,325999.115700967,326018.9107866428
2023-09-24 04:30:00,326016.4215699762,326019.0014096278
2023-09-24 08:30:00,326028.2888370814,326019.03364308947
2023-09-24 12:30:00,326010.14786015404,326018.9675980055
2023-09-24 16:30:00,326026.67185837036,326018.9916953255
2023-09-24 20:30:00,326029.16474330047,326018.9554211345
2023-09-25 00:30:00,326012.0728380744,326018.9265979463
2023-09-25 04:30:00,325998.399636195,326018.94258897885
2023-09-25 08:30:00,326018.7649617962,326018.9415441131
2023-09-25 12:30:00,326032.72590207896,326019.040285529
2023-09-25 16:30:00,326018.96273311484,326019.031924193
2023-09-25 20:30:00,326018.7844316564,326018.96705030795
2023-09-26 00:30:00,326020.0112062958,326018.93372441485
2023-09-26 04:30:00,326015.394180492,326019.1767825454
2023-09-26 08:30:00,326019.19725822087,326019.34330928733
2023-09-26 12:30:00,326028.2311329643,326019.4371257089
2023-09-26 16:30:00,326019.7552194021,326019.5289884596
2023-09-26 20:30:00,326046.8840778448,326019.498236464
2023-09-27 00:30:00,326034.3285002777,326019.4455381743
2023-09-27 04:30:00,326007.3451442688,326019.5082579448
2023-09-27 08:30:00,326001.603716552,326019.6301787924
2023-09-27 12:30:00,325995.32900285476,326019.45635947894
2023-09-27 16:30:00,325994.8038889521,326019.3273852434
2023-09-27 20:30:00,326018.8526708194,326019.26933110406
2023-09-28 00:30:00,326022.37059280806,326019.18410172284
2023-09-28 04:30:00,326019.5506580303,326019.1859186136
2023-09-28 08:30:00,326011.52320469,326019.22189399815
2023-09-28 12:30:00,326018.2924656459,326019.2161946585
2023-09-28 16:30:00,326029.22067291103,326019.3106117801
2023-09-28 20:30:00,326017.69028425514,326019.2330673061
2023-09-29 00:30:00,326035.53893842694,326019.20355453534
2023-09-29 04:30:00,326041.7879512204,326019.3832056906
2023-09-29 08:30:00,325977.0240726886,326019.3375913003
2023-09-29 12:30:00,326001.3019905442,326019.2656088749
2023-09-29 16:30:00,326011.34356507874,326019.2577125092
2023-09-29 20:30:00,326014.8624680294,326019.3301056439
2023-09-30 00:30:00,326012.40648684325,326019.1791482766
2023-09-30 04:30:00,326019.3082544796,326019.06598194403
2023-09-30 08:30:00,326011.4116815065,326019.17653775023
2023-09-30 12:30:00,326011.56026117055,326019.2179930805
2023-09-30 16:30:00,326005.4894128587,326019.20027819305
2023-09-30 20:30:00,326002.1100968818,326019.224044704
2023-10-01 00:30:00,326022.2860973833,326019.2168683463
2023-10-01 04:30:00,326035.12950882665,326019.24950686673
2023-10-01 08:30:00,326022.8905192843,326019.2362639967
2023-10-01 12:30:00,326016.01544361626,326019.13354476437
2023-10-01 16:30:00,326033.8066328783,326019.17371047015
2023-10-01 20:30:00,326012.6661148528,326019.16880833585
2023-10-02 00:30:00,326008.09467495733,326019.055896205
2023-10-02 04:30:00,326037.88787941297,326019.0708013612
2023-10-02 08:30:00,326032.0823632465,326019.1474544662
2023-10-02 12:30:00,326021.56422548945,326019.147473806
2023-10-02 16:30:00,326037.33794547204,326019.3057059868
2023-10-02 20:30:00,325995.22047603386,326019.19550436473
2023-10-03 00:30:00,326007.28862848505,326019.1440371203
2023-10-03 04:30:00,326029.59484679333,326019.1422654666
2023-10-03 08:30:00,326026.70054392883,326019.23215171386
2023-10-03 12:30:00,326028.7686419995,326019.3824283381
2023-10-03 16:30:00,326042.2342801473,326019.39486088674
2023-10-03 20:30:00,326016.4980232462,326019.3589058351
2023-10-04 00:30:00,325977.16826072923,326019.1077710428
2023-10-04 04:30:00,325995.29157273215,326018.9668467924
2023-10-04 08:30:00,325997.6575423447,326018.8414979427
2023-10-04 12:30:00,326000.08244090603,326018.7317958548
2023-10-04 16:30:00,326020.83750637353,326018.7440383578
2023-10-04 20:30:00,325997.0457018635,326018.6186144474
2023-10-05 00:30:00,325993.18847496185,326018.4724642205
2023-10-05 04:30:00,326019.62719807704,326018.5564272413
2023-10-05 08:30:00,326035.9784433847,326018.65598161926
2023-10-05 12:30:00,326021.38069587573,326018.67146295024
2023-10-05 16:30:00,326039.9731837337,326018.7918116553
2023-10-05 20:30:00,326034.32918730535,326018.8791002825
2023-10-06 00:30:00,325993.97530505963,326018.73997293494
2023-10-06 04:30:00,326011.95592884003,326018.6962256621
2023-10-06 08:30:00,326037.2401061833,326018.78279514174
2023-10-06 12:30:00,326033.13941582176,326018.93478607055
2023-10-06 16:30:00,326033.2456290727,326019.05616348615
2023-10-06 20:30:00,326013.39116351603,326018.95444586885
2023-10-07 00:30:00,326005.6617600203,326018.98371294956
2023-10-07 04:30:00,326025.1123966735,326019.01649671665
2023-10-07 08:30:00,326034.91921638633,326018.99657414336
2023-10-07 12:30:00,326030.6466691572,326019.0255669186
2023-10-07 16:30:00,326026.96970669925,326019.06334384653
2023-10-07 20:30:00,326031.02425997006,326019.072903301
2023-10-08 00:30:00,326026.18888784683,326019.07248627086
2023-10-08 04:30:00,326016.77904478885,326019.11831253517
2023-10-08 08:30:00,326019.7771268966,326019.11122933263
2023-10-08 12:30:00,326019.32020737685,326019.06923050655
2023-10-08 16:30:00,326006.1044744684,326018.97789646906
2023-10-08 20:30:00,326020.185616214,326018.9676527893
2023-10-09 00:30:00,326009.4479334332,326019.0220824381
2023-10-09 04:30:00,325993.67860349244,326018.9330798939
2023-10-09 08:30:00,326025.03619150637,326018.936726592
2023-10-09 12:30:00,326027.65187080624,326018.9550571061
2023-10-09 16:30:00,326009.18572690024,326018.9569544656
2023-10-09 20:30:00,326023.06741294614,326018.99197538185
2023-10-10 00:30:00,326028.8370769209,326018.97240578104
2023-10-10 04:30:00,326027.44189959485,326019.05279482837
2023-10-10 08:30:00,326016.9689926955,326019.1576164849
2023-10-10 12:30:00,326013.7613600281,326019.1535825729
2023-10-10 16:30:00,326022.21882974025,326019.17965401313
2023-10-10 20:30:00,326022.4227718386,326019.16025492485
2023-10-11 00:30:00,326028.71493709384,326019.16581076843
2023-10-11 04:30:00,326032.5907642609,326019.2523933193
2023-10-11 08:30:00,326032.1074926784,326019.3124667037
2023-10-11 12:30:00,326024.0699076857,326019.26683153876
2023-10-11 16:30:00,326047.58239409496,326019.4859128244
2023-10-11 20:30:00,326025.78661611216,326019.51932347
2023-10-12 00:30:00,326038.3694547276,326019.5330612588
2023-10-12 04:30:00,326031.00739358366,326019.60365486634
2023-10-12 08:30:00,326002.76832567266,326019.5973392936
2023-10-12 12:30:00,325997.0769888499,326019.51385164587
2023-10-12 16:30:00,326001.77278909425,326019.42736492364
2023-10-12 20:30:00,326002.5027110861,326019.3089634623
2023-10-13 00:30:00,326020.90309761494,326019.3205598237
2023-10-13 04:30:00,326040.3637030034,326019.46562621027
2023-10-13 08:30:00,326014.4477418398,326019.4365029579
2023-10-13 12:30:00,326010.25756887347,326019.2930444766
2023-10-13 16:30:00,326022.9975396621,326019.3210776551
2023-10-13 20:30:00,326013.9542226983,326019.317135778
2023-10-14 00:30:00,326023.2720412277,326019.299221329
2023-10-14 04:30:00,326022.969409872,326019.28189402376
2023-10-14 08:30:00,326011.8256217521,326019.2740504592
2023-10-14 12:30:00,326012.3175823391,326019.2671945629
2023-10-14 16:30:00,326015.7624016732,326019.2665440548
2023-10-14 20:30:00,326013.1840015087,326019.29759993264
2023-10-15 00:30:00,326005.7737477552,326019.21847469127
2023-10-15 04:30:00,326019.78812400065,326019.19660799846
2023-10-15 08:30:00,326020.7326149918,326019.28415324015
2023-10-15 12:30:00,326019.07292039454,326019.25621678197
2023-10-15 16:30:00,326026.2120965563,326019.2941946128
2023-10-15 20:30:00,325995.37408984185,326019.1749264657
2023-10-16 00:30:00,326018.87938957004,326019.18028267147
2023-10-16 04:30:00,326039.27399749955,326019.2382984044
2023-10-16 08:30:00,326020.6196395418,326019.2955489291
2023-10-16 12:30:00,326012.6686402802,326019.28385106276
2023-10-16 16:30:00,326016.1761220754,326019.268286093
2023-10-16 20:30:00,326000.57811237586,326019.2602696353
2023-10-17 00:30:00,326025.89484824514,326019.29712840536
2023-10-17 04:30:00,326039.2643102646,326019.39357280225
2023-10-17 08:30:00,326027.8347491635,326019.4666860176
2023-10-17 12:30:00,326025.45551099215,326019.4258642508
2023-10-17 16:30:00,326032.37472737243,326019.3263206085
2023-10-17 20:30:00,325974.5698042438,326019.1117519539
2023-10-18 00:30:00,325972.4121398807,326018.8594876527
2023-10-18 04:30:00,326033.0692903347,326018.83150660933
2023-10-18 08:30:00,326022.5534807018,326018.8667992613
2023-10-18 12:30:00,326019.6229218149,326018.93527209654
2023-10-18 16:30:00,326039.64390029846,326018.99816967547
2023-10-18 20:30:00,326006.67683921254,326018.91719738994
2023-10-19 00:30:00,326025.53332348756,326019.01943272894
2023-10-19 04:30:00,326051.32342603744,326019.2392098844
2023-10-19 08:30:00,326039.91797669826,326019.35735772114
2023-10-19 12:30:00,326019.3851894131,326019.3761311557
2023-10-19 16:30:00,326043.4781741154,326019.4995162104
2023-10-19 20:30:00,326001.11889218405,326019.4199595166
2023-10-20 00:30:00,325983.06594915123,326019.1588834902
2023-10-20 04:30:00,326036.0588839653,326019.11741432943
2023-10-20 08:30:00,326031.7219220049,326019.0417454419
2023-10-20 12:30:00,326034.9294256202,326019.0688032924
2023-10-20 16:30:00,326022.44891987584,326019.06601635163
2023-10-20 20:30:00,326001.8049725905,326019.05585650913
2023-10-21 00:30:00,326024.5791615973,326019.0934416383
2023-10-21 04:30:00,326038.0597086257,326019.04544297943
2023-10-21 08:30:00,326022.7965067033,326019.00243208045
2023-10-21 12:30:00,326016.19484897517,326018.96858835575
2023-10-21 16:30:00,326038.5968924734,326019.0303933663
2023-10-21 20:30:00,326010.2787510141,326018.9948706241
2023-10-22 00:30:00,325985.6324892965,326018.8682917574
2023-10-22 04:30:00,326000.98681647045,326018.80952553265
2023-10-22 08:30:00,326041.06583576364,326018.8575762259
2023-10-22 12:30:00,326038.025912997,326018.9189270584
2023-10-22 16:30:00,326018.32915366394,326018.87224450096
2023-10-22 20:30:00,325998.99545550067,326018.74035245
2023-10-23 00:30:00,326027.1674709955,326018.85742906574
2023-10-23 04:30:00,326023.1136659984,326018.8302599455
2023-10-23 08:30:00,326043.18608615414,326018.99957845855
2023-10-23 12:30:00,326045.061330798,326019.08692688425
2023-10-23 16:30:00,326013.58744168124,326019.0334810774
2023-10-23 20:30:00,326013.6549677537,326019.05143913906
2023-10-24 00:30:00,325983.6088339021,326018.9652898776
2023-10-24 04:30:00,326004.99166720983,326018.9017904178
2023-10-24 08:30:00,326023.078562789,326018.87284444954
2023-10-24 12:30:00,326024.26709215366,326018.9512846273
2023-10-24 16:30:00,326016.56819714676,326018.89515317604
2023-10-24 20:30:00,326015.4820428452,326018.81913817354
2023-10-25 00:30:00,326019.39327936835,326018.85980729177
2023-10-25 04:30:00,325983.3723029238,326018.77632210695
2023-10-25 08:30:00,326017.09429447056,326018.76704062184
2023-10-25 12:30:00,326045.1223733727,326018.8359099068
2023-10-25 16:30:00,326014.19242696447,326018.80940820597
2023-10-25 20:30:00,326008.2336888294,326018.750792968
2023-10-26 00:30:00,326012.90435043554,326018.7113104355
2023-10-26 04:30:00,326005.9010729656,326018.6585709492
2023-10-26 08:30:00,326018.73046261404,326018.65597764024
2023-10-26 12:30:00,326028.3566558651,326018.65667498973
2023-10-26 16:30:00,326004.9561443717,326018.57445790624
2023-10-26 20:30:00,326022.82766213286,326018.4408111523
2023-10-27 00:30:00,326029.4683539233,326018.4138103392
2023-10-27 04:30:00,326018.2849465379,326018.4745870185
2023-10-27 08:30:00,326013.1853530091,326018.5389294432
2023-10-27 12:30:00,326037.40932735143,326018.7727090238
2023-10-27 16:30:00,326027.9963245386,326018.9571114437
2023-10-27 20:30:00,325999.220439116,326018.8480434898
2023-10-28 00:30:00,326016.5531540049,326018.8157243853
2023-10-28 04:30:00,326041.4776405545,326018.9375409549
2023-10-28 08:30:00,326019.0905536928,326018.9795817827
2023-10-28 12:30:00,326022.73634778056,326019.0042700168
2023-10-28 16:30:00,325991.8125769318,326018.7964472613
2023-10-28 20:30:00,325996.450639676,326018.6784492359
2023-10-29 00:30:00,326034.5074494008,326018.67271874135
2023-10-29 04:30:00,326018.7024862439,326018.5444661581
2023-10-29 08:30:00,326024.0119708339,326018.8055100367
2023-10-29 12:30:00,326048.6191829502,326019.0683833278
2023-10-29 16:30:00,326031.470915156,326019.18020193937
2023-10-29 20:30:00,325989.7203932086,326019.04052374593
2023-10-30 00:30:00,325991.0085784511,326018.9216464771
2023-10-30 04:30:00,326043.4394582044,326019.05570872
2023-10-30 08:30:00,326034.9974362815,326019.18674069096
2023-10-30 12:30:00,326021.6721836849,326019.2429180383
2023-10-30 16:30:00,326010.59399976535,326019.27127685444
2023-10-30 20:30:00,325988.6598667261,326019.19655335357
2023-10-31 00:30:00,326028.67093150667,326019.2320246542
2023-10-31 04:30:00,326042.05466536304,326019.2704977461
2023-10-31 08:30:00,326031.3623164734,326019.317563286
2023-10-31 12:30:00,326030.09627653006,326019.39579013555
2023-10-31 16:30:00,326033.51707287075,326019.3941814689
2023-10-31 20:30:00,325984.1323532804,326019.23566057126
2023-11-01 00:30:00,325990.9609063267,326019.1404729677
2023-11-01 04:30:00,326035.2633457174,326019.125892225
2023-11-01 08:30:00,326011.3059878837,326019.01046791737
2023-11-01 12:30:00,326031.7873583501,326019.06726309995
2023-11-01 16:30:00,326041.19145677687,326019.0886714961
2023-11-01 20:30:00,326003.8150704767,326019.13641924306
2023-11-02 00:30:00,325993.28582125274,326019.0586258695
2023-11-02 04:30:00,326015.8756362045,326018.98240803287
2023-11-02 08:30:00,326011.2408070479,326018.8965206058
2023-11-02 12:30:00,326004.8162793488,326018.7634519244
2023-11-02 16:30:00,326030.4551602331,326018.6980123693
2023-11-02 20:30:00,326015.0958231799,326018.6902223689
2023-11-03 00:30:00,326007.19021791144,326018.85701101995
2023-11-03 04:30:00,326031.6868932188,326019.0592072449
2023-11-03 08:30:00,326029.0370711183,326019.2335379603
2023-11-03 12:30:00,326031.1064530378,326019.4058935832
2023-11-03 16:30:00,326039.0158321066,326019.50688428176
2023-11-03 20:30:00,326009.70030316827,326019.5771876223
2023-11-04 00:30:00,325991.06296994025,326019.5653792611
2023-11-04 04:30:00,326008.5421163871,326019.50379547395
2023-11-04 08:30:00,326030.85365482036,326019.47532442637
2023-11-04 12:30:00,326011.11338193505,326019.4182837934
2023-11-04 16:30:00,326011.53411091096,326019.26028894435
2023-11-04 20:30:00,326030.1635673862,326019.23714661144
2023-11-05 00:30:00,326007.5499324263,326019.3125612079
2023-11-05 04:30:00,326001.6223455711,326019.255152412
2023-11-05 08:30:00,326050.57645331725,326019.3292432294
2023-11-05 12:30:00,326053.27978554997,326019.4411341724
2023-11-05 16:30:00,326050.88869667286,326019.5391512146
2023-11-05 20:30:00,326038.87784322526,326019.68074387964
2023-11-06 00:30:00,326006.348448353,326019.6845588148
2023-11-06 04:30:00,325979.2330322444,326019.4296734569
2023-11-06 08:30:00,326014.8022262582,326019.3179124006
2023-11-06 12:30:00,326002.2129154744,326019.15994710237
2023-11-06 16:30:00,325993.29598223814,326018.9728708553
2023-11-06 20:30:00,326012.50938277703,326018.8700104265
2023-11-07 00:30:00,326030.0068547499,326018.8912213537
2023-11-07 04:30:00,326000.7996948202,326018.80244718725
2023-11-07 08:30:00,326023.23734449316,326018.8216706183
2023-11-07 12:30:00,326031.78687141166,326018.890929863
2023-11-07 16:30:00,326023.01250785956,326018.9848633818
2023-11-07 20:30:00,326015.0685587176,326018.95643528464
2023-11-08 00:30:00,326010.7200551223,326018.96350262733
2023-11-08 04:30:00,326003.2832313593,326019.01686167106
2023-11-08 08:30:00,325995.3939863606,326018.85218275356
2023-11-08 12:30:00,326020.9558355305,326018.8149825576
2023-11-08 16:30:00,326020.70362221816,326018.8789708649
2023-11-08 20:30:00,326026.5638815126,326018.89839569025
2023-11-09 00:30:00,326035.6960975313,326018.9365013603
2023-11-09 04:30:00,326036.1100166226,326018.984657566
2023-11-09 08:30:00,326024.00386296655,326019.0237401786
2023-11-09 12:30:00,326029.2141655577,326019.10958909825
2023-11-09 16:30:00,326027.70417886367,326019.1400632601
2023-11-09 20:30:00,326013.33927647024,326019.0895993969
2023-11-10 00:30:00,326034.7815092908,326019.1233025758
2023-11-10 04:30:00,326041.015285743,326019.1701054729
2023-11-10 08:30:00,326027.01176792424,326019.14179589093
2023-11-10 12:30:00,326039.8621646793,326019.229530652
2023-11-10 16:30:00,326040.71460400784,326019.19137626264
2023-11-10 20:30:00,326015.85035855556,326019.1361748318
2023-11-11 00:30:00,326031.3803320689,326019.09734637255
2023-11-11 04:30:00,326031.57495696226,326019.1004995024
2023-11-11 08:30:00,326000.127721732,326019.08582948055
2023-11-11 12:30:00,325999.78525485785,326019.1008754028
2023-11-11 16:30:00,326032.7581741486,326019.2730164309
2023-11-11 20:30:00,326022.56989549845,326019.38450078876
2023-11-12 00:30:00,326042.6402707779,326019.50526286184
2023-11-12 04:30:00,326024.13484918955,326019.41510256287
2023-11-12 08:30:00,326021.50890828,326019.45433126535
2023-11-12 12:30:00,326026.29431505286,326019.5434242996
2023-11-12 16:30:00,326051.6494010998,326019.70260130765
2023-11-12 20:30:00,325969.10436017415,326019.45343540475
2023-11-13 00:30:00,325999.6387691988,326019.32213944907
2023-11-13 04:30:00,326030.95612878504,326019.3665101096
2023-11-13 08:30:00,326017.9103118502,326019.40031394357
2023-11-13 12:30:00,326018.79666390194,326019.4363088411
2023-11-13 16:30:00,326015.69768886926,326019.4359493255
2023-11-13 20:30:00,326000.3451724208,326019.3646224973
2023-11-14 00:30:00,326026.8050934364,326019.4814633066
2023-11-14 04:30:00,326033.3529902477,326019.55682367465
2023-11-14 08:30:00,326021.55184445705,326019.5613749494
2023-11-14 12:30:00,326028.0557538312,326019.6112795797
2023-11-14 16:30:00,326034.1507203695,326019.65538304526
2023-11-14 20:30:00,325998.5819839152,326019.673204679
2023-11-15 00:30:00,326012.2759722515,326019.63651902723
2023-11-15 04:30:00,326020.13553354,326019.53019422747
2023-11-15 08:30:00,326009.1295477333,326019.4663603841
2023-11-15 12:30:00,326020.8270996335,326019.5116851583
2023-11-15 16:30:00,325990.7680858349,326019.3705294014
2023-11-15 20:30:00,325998.06923178,326019.3565911759
2023-11-16 00:30:00,326048.7306214494,326019.48345658253
2023-11-16 04:30:00,326036.86417328584,326019.4701224883
2023-11-16 08:30:00,326029.6151058101,326019.48001335846
2023-11-16 12:30:00,326020.24361976446,326019.4510584072
2023-11-16 16:30:00,326050.1483115497,326019.5498005415
2023-11-16 20:30:00,326011.31182624283,326019.7539228859
2023-11-17 00:30:00,325979.5620776874,326019.79364476266
2023-11-17 04:30:00,326029.69357277465,326019.7748907762
2023-11-17 08:30:00,326014.0453163501,326019.7276231965
2023-11-17 12:30:00,326008.39137567824,326019.66522571794
2023-11-17 16:30:00,326020.9556088274,326019.5614018765
2023-11-17 20:30:00,326027.40632517583,326019.67656568735
2023-11-18 00:30:00,326033.6269291631,326019.7215301633
2023-11-18 04:30:00,326016.4676723307,326019.5278870872
2023-11-18 08:30:00,326020.3515403806,326019.4191846632
2023-11-18 12:30:00,326015.8562080622,326019.39957921125
2023-11-18 16:30:00,326026.58107502246,326019.3057064385
2023-11-18 20:30:00,325999.9320035787,326019.29911261296
2023-11-19 00:30:00,326006.73430243734,326019.4306034645
2023-11-19 04:30:00,326052.37702650466,326019.52125981194
2023-11-19 08:30:00,326010.7288792876,326019.4046317969
2023-11-19 12:30:00,326004.0459570524,326019.23305697145
2023-11-19 16:30:00,326023.84484368685,326019.24081210373
2023-11-19 20:30:00,326043.4632939832,326019.4722472226
2023-11-20 00:30:00,326024.94797156024,326019.47429616685
2023-11-20 04:30:00,325978.0219255011,326019.1407529273
2023-11-20 08:30:00,325994.54520162847,326018.9838012324
2023-11-20 12:30:00,326017.1370720371,326018.989035805
2023-11-20 16:30:00,325993.3317235914,326018.7375626445
2023-11-20 20:30:00,326012.09930629755,326018.7476768406
2023-11-21 00:30:00,326016.75324949285,326018.92056995275
2023-11-21 04:30:00,326009.5900594373,326018.968365747
2023-11-21 08:30:00,326036.0151582317,326018.94030642736
2023-11-21 12:30:00,326022.7964424209,326018.8556982575
2023-11-21 16:30:00,326012.57140927884,326018.8237107887
2023-11-21 20:30:00,326033.6005627114,326019.01596138434
2023-11-22 00:30:00,326031.4664007021,326019.0398443272
2023-11-22 04:30:00,325988.36191896134,326018.84677906585
2023-11-22 08:30:00,326019.14145374636,326018.71319777466
2023-11-22 12:30:00,326040.6939984575,326018.6889348172
2023-11-22 16:30:00,326027.0570819065,326018.76376615185
2023-11-22 20:30:00,326007.97389224917,326018.73220462125
2023-11-23 00:30:00,326017.31965400634,326018.91948695516
2023-11-23 04:30:00,326001.0108353929,326018.89737122285
2023-11-23 08:30:00,326019.4977408489,326018.8774777676
2023-11-23 12:30:00,326029.76366118673,326018.9080142622
2023-11-23 16:30:00,326017.3439863032,326018.91232420196
2023-11-23 20:30:00,325998.06947705575,326018.8155877254
2023-11-24 00:30:00,326026.5511535684,326018.8553536932
2023-11-24 04:30:00,326034.7448136479,326019.14075653045
2023-11-24 08:30:00,326033.679505123,326019.2328965897
2023-11-24 12:30:00,326043.04202238895,326019.22133908427
2023-11-24 16:30:00,326008.84858455806,326019.19165107084
2023-11-24 20:30:00,325988.75397528865,326019.08343044005
2023-11-25 00:30:00,326033.6939098197,326019.1989279922
2023-11-25 04:30:00,326035.00222928094,326019.36060108285
2023-11-25 08:30:00,326018.74497891526,326019.360681729
2023-11-25 12:30:00,326022.7387384564,326019.3294710767
2023-11-25 16:30:00,326018.17588876374,326019.40291410114
2023-11-25 20:30:00,326014.82662421337,326019.35846389044
2023-11-26 00:30:00,326023.65792364423,326019.32618372224
2023-11-26 04:30:00,326029.71194522677,326019.38966704824
2023-11-26 08:30:00,326002.79190879775,326019.3319256915
2023-11-26 12:30:00,326012.16794376675,326019.1916957827
2023-11-26 16:30:00,326010.5801185772,326019.0949390829
2023-11-26 20:30:00,326017.0357881222,326019.19391324406
2023-11-27 00:30:00,326050.8396672958,326019.3843938735
2023-11-27 04:30:00,326046.25514179864,326019.410935547
2023-11-27 08:30:00,326039.2472354436,326019.52291711234
2023-11-27 12:30:00,326035.11778638646,326019.5917028824
2023-11-27 16:30:00,326032.8836971337,326019.8198757724
2023-11-27 20:30:00,325995.4208269843,326019.8141545908
2023-11-28 00:30:00,325996.2338269229,326019.60152335477
2023-11-28 04:30:00,326012.9159691466,326019.5693760376
2023-11-28 08:30:00,326026.9573165926,326019.5857390696
2023-11-28 12:30:00,326038.8296988305,326019.5313530467
2023-11-28 16:30:00,325995.276704489,326019.33027409855
2023-11-28 20:30:00,325993.16581942065,326019.34941535525
2023-11-29 00:30:00,326018.6597425364,326019.5030329336
2023-11-29 04:30:00,326014.19553395914,326019.3405666877
2023-11-29 08:30:00,326027.92132414057,326019.30125495355
2023-11-29 12:30:00,326026.05245667364,326019.3255898035
2023-11-29 16:30:00,326047.2613641606,326019.5292973835
2023-11-29 20:30:00,326008.8615957385,326019.64152921137
2023-11-30 00:30:00,325974.62511576235,326019.3412746794
2023-11-30 04:30:00,326021.3524783454,326019.2262625293
2023-11-30 08:30:00,326010.3514164843,326019.1095353072
2023-11-30 12:30:00,326005.10783876415,326018.9707106529
2023-11-30 16:30:00,326002.04001632886,326018.79583811655
2023-11-30 20:30:00,326014.62961337325,326018.9652673393
2023-12-01 00:30:00,326034.6075360713,326019.20774861565
2023-12-01 04:30:00,326049.6420152188,326019.2876301129
2023-12-01 08:30:00,326041.2274826235,326019.45386063925
2023-12-01 12:30:00,326011.66786844,326019.3420856953
2023-12-01 16:30:00,326028.96505580755,326019.27416124544
2023-12-01 20:30:00,325989.6119694188,326019.19525512843
2023-12-02 00:30:00,326004.3481597233,326019.2567125644
2023-12-02 04:30:00,326049.85907642014,326019.44550945447
2023-12-02 08:30:00,326049.70915177953,326019.65922248084
2023-12-02 12:30:00,326031.3741158282,326019.80676601676
2023-12-02 16:30:00,326002.1309631354,326019.64940936625
2023-12-02 20:30:00,326007.8962744297,326019.60941187316
2023-12-03 00:30:00,326023.42312453163,326019.6995946877
2023-12-03 04:30:00,325993.81642251596,326019.48920318385
2023-12-03 08:30:00,326005.44337838265,326019.3581271131
2023-12-03 12:30:00,326013.9735792614,326019.26294448104
2023-12-03 16:30:00,325999.3384519461,326019.0425145912
2023-12-03 20:30:00,325998.98262560414,326018.9829719381
2023-12-04 00:30:00,326014.43399682053,326019.1128109763
2023-12-04 04:30:00,326031.2363768374,326019.238890201
2023-12-04 08:30:00,326024.07517312374,326019.2012319694
2023-12-04 12:30:00,326013.9625030078,326019.2170604198
2023-12-04 16:30:00,326003.82924932934,326019.1742556332
2023-12-04 20:30:00,326004.1968367492,326019.02999601857
2023-12-05 00:30:00,326040.90085593594,326019.21527892695
2023-12-05 04:30:00,326021.5583157955,326019.32603431714
2023-12-05 08:30:00,326027.30986672145,326019.19677550264
2023-12-05 12:30:00,326019.0883476956,326019.0068230701
2023-12-05 16:30:00,326007.3477630184,326018.7649289943
2023-12-05 20:30:00,325983.16100750916,326018.45539101807
2023-12-06 00:30:00,326030.92671968247,326018.5919369699
2023-12-06 04:30:00,326051.3585209822,326018.9926341296
2023-12-06 08:30:00,326010.4540585906,326018.9684776425
2023-12-06 12:30:00,326003.4831010027,326018.97553422884
2023-12-06 16:30:00,326016.32955948677,326019.1034985469
2023-12-06 20:30:00,325990.89517911803,326018.98341963766
2023-12-07 00:30:00,326030.3575895132,326018.98536816414
2023-12-07 04:30:00,326045.61430185963,326019.2343382032
2023-12-07 08:30:00,326041.7294993233,326019.3370723967
2023-12-07 12:30:00,326032.8313678197,326019.3428751545
2023-12-07 16:30:00,326020.38330632885,326019.3282684794
2023-12-07 20:30:00,326003.7146823898,326019.2651913886
2023-12-08 00:30:00,326048.7807392009,326019.47663963353
2023-12-08 04:30:00,326038.870755893,326019.6743481032
2023-12-08 08:30:00,326018.90560076066,326019.80496818316
2023-12-08 12:30:00,326016.61743981205,326019.78086598474
2023-12-08 16:30:00,326014.60587483126,326019.7469896103
2023-12-08 20:30:00,326025.3915607415,326019.7404767172
2023-12-09 00:30:00,326028.7021040308,326019.70162119775
2023-12-09 04:30:00,326033.36252448807,326019.68635735253
2023-12-09 08:30:00,326016.6740022387,326019.64563590405
2023-12-09 12:30:00,326035.41504349606,326019.6800852259
2023-12-09 16:30:00,326008.8932975038,326019.5755803295
2023-12-09 20:30:00,326001.277307959,326019.5085693933
2023-12-10 00:30:00,326032.1071812515,326019.49371201533
2023-12-10 04:30:00,326017.8234486822,326019.36486847606
2023-12-10 08:30:00,326004.7510101395,326019.2411975995
2023-12-10 12:30:00,326017.17855308665,326019.11517753516
2023-12-10 16:30:00,325983.36104174756,326018.79654663365
2023-12-10 20:30:00,325998.22737613146,326018.69864117575
2023-12-11 00:30:00,326048.25456245133,326018.7923869001
2023-12-11 04:30:00,326045.73291628767,326018.8710422297
2023-12-11 08:30:00,326028.7890697429,326019.03027194086
2023-12-11 12:30:00,326028.2666119802,326019.1885017027
2023-12-11 16:30:00,325998.8887151926,326019.0003380418
2023-12-11 20:30:00,326006.8437937116,326018.9129708096
2023-12-12 00:30:00,326030.4956996243,326018.8455009699
2023-12-12 04:30:00,326042.24532521435,326018.94611472555
2023-12-12 08:30:00,326024.0915153972,326018.9604625429
2023-12-12 12:30:00,326038.29331369215,326019.02712364646
2023-12-12 16:30:00,326001.96155022905,326018.7510800305
2023-12-12 20:30:00,325975.84703544225,326018.7885393375
2023-12-13 00:30:00,326012.2688147374,326018.8587062572
2023-12-13 04:30:00,326032.4051536405,326018.8667563953
2023-12-13 08:30:00,326027.0782010274,326018.91768911295
2023-12-13 12:30:00,326046.0205585055,326019.06893297186
2023-12-13 16:30:00,326020.6064194975,326019.09620369755
2023-12-13 20:30:00,325992.7766264603,326019.05415622
2023-12-14 00:30:00,326002.61676374293,326018.91977661056
2023-12-14 04:30:00,326006.95872755814,326018.7731418179
2023-12-14 08:30:00,326005.0198430154,326018.68129736546
2023-12-14 12:30:00,326025.75116075255,326018.66849407053
2023-12-14 16:30:00,325999.9523614499,326018.47850318765
2023-12-14 20:30:00,325984.3749821581,326018.3995754001
2023-12-15 00:30:00,326017.28671813244,326018.4274128772
2023-12-15 04:30:00,326034.31808029156,326018.5062048036
2023-12-15 08:30:00,326003.8773658085,326018.47702601517
2023-12-15 12:30:00,326011.8012389618,326018.4268823447
2023-12-15 16:30:00,326011.6461865736,326018.5428717933
2023-12-15 20:30:00,326005.05014250113,326018.58165463066
2023-12-16 00:30:00,326003.3802530253,326018.3297081394
2023-12-16 04:30:00,326026.35931340355,326018.2713478067
2023-12-16 08:30:00,326018.93351744534,326018.2120056491
2023-12-16 12:30:00,326039.9144357,326018.3212879599
2023-12-16 16:30:00,326037.7973353025,326018.25267142523
2023-12-16 20:30:00,325997.58347929735,326018.17640283104
2023-12-17 00:30:00,325951.0055832042,326018.01775563945
2023-12-17 04:30:00,325995.54924012715,326017.82806490257
2023-12-17 08:30:00,326012.4957320119,326017.8194561007
2023-12-17 12:30:00,326012.8542791835,326017.84425000905
2023-12-17 16:30:00,326035.1413560341,326017.9230597158
2023-12-17 20:30:00,326038.6382439313,326017.98545926437
2023-12-18 00:30:00,326031.9792626127,326017.9763055613
2023-12-18 04:30:00,326014.2288980084,326017.9638679262
2023-12-18 08:30:00,326003.2466899679,326017.86884097947
2023-12-18 12:30:00,325998.49640297866,326017.7723976179
2023-12-18 16:30:00,326020.0586877508,326017.736162133
2023-12-18 20:30:00,326019.14885079674,326017.8429223953
2023-12-19 00:30:00,326009.28037724126,326017.85706725536
2023-12-19 04:30:00,326043.6093892093,326017.80835815927
2023-12-19 08:30:00,326035.3764547972,326017.94528913434
2023-12-19 12:30:00,326017.08552763704,326018.01773119316
2023-12-19 16:30:00,326002.75280241045,326017.9005531861
2023-12-19 20:30:00,326026.3582860999,326017.80552536447
2023-12-20 00:30:00,326016.3502094454,326017.75776001945
2023-12-20 04:30:00,326012.0713263392,326017.94692335743
2023-12-20 08:30:00,326010.66151489894,326018.03645843116
2023-12-20 12:30:00,326030.5891543216,326018.1111922216
2023-12-20 16:30:00,326010.59652962675,326018.20710781065
2023-12-20 20:30:00,325986.3940260465,326018.06430069817
2023-12-21 00:30:00,326021.01700865995,326018.08798824914
2023-12-21 04:30:00,326039.75007587054,326018.25554389594
2023-12-21 08:30:00,326012.7306083313,326018.1261852854
2023-12-21 12:30:00,326020.0202319545,326018.1107618939
2023-12-21 16:30:00,326017.5576593419,326018.1384632832
2023-12-21 20:30:00,326041.057518477,326018.17989081517
2023-12-22 00:30:00,326043.1752711016,326018.2449400952
2023-12-22 04:30:00,326018.23691877973,326018.4109123164
2023-12-22 08:30:00,326020.8726078515,326018.4205298392
2023-12-22 12:30:00,326035.7436726408,326018.3930280291
2023-12-22 16:30:00,325994.3431614574,326018.21128402656
2023-12-22 20:30:00,325992.09461982735,326018.1230658465
2023-12-23 00:30:00,326021.67463435966,326018.1472601818
2023-12-23 04:30:00,326033.70069651515,326018.32887052133
2023-12-23 08:30:00,326014.5737012209,326018.30151474563
2023-12-23 12:30:00,325968.0954821914,326017.95891375124
2023-12-23 16:30:00,325991.39535289264,326017.8147546767
2023-12-23 20:30:00,326025.5139954685,326017.9672242235
2023-12-24 00:30:00,326023.1103316432,326017.9481085461
2023-12-24 04:30:00,326031.53066090937,326017.930252142
2023-12-24 08:30:00,326048.28572338953,326018.011397799
2023-12-24 12:30:00,326022.14369050815,326017.89529595524
2023-12-24 16:30:00,325992.16616765363,326017.80261586135
2023-12-24 20:30:00,326006.19865323644,326017.8995307388
2023-12-25 00:30:00,326041.4742398025,326017.94275479426
2023-12-25 04:30:00,326027.8381558658,326017.90295438643
2023-12-25 08:30:00,326021.15222833835,326017.9163279943
2023-12-25 12:30:00,326000.6729459772,326017.7937402583
2023-12-25 16:30:00,326011.37696714327,326017.7559684715
2023-12-25 20:30:00,325993.5082818404,326017.6375332362
2023-12-26 00:30:00,326013.0797437543,326017.57876557007
2023-12-26 04:30:00,326029.01162152283,326017.5748748829
2023-12-26 08:30:00,326031.2214560303,326017.7328168119
2023-12-26 12:30:00,326036.8987523573,326017.870210193
2023-12-26 16:30:00,326016.8376581655,326017.90497430175
2023-12-26 20:30:00,325991.0374689375,326017.7605391952
2023-12-27 00:30:00,326018.4156960838,326017.58040602185
2023-12-27 04:30:00,326030.0468109538,326017.4903597394
2023-12-27 08:30:00,326017.4751850025,326017.36940390355
2023-12-27 12:30:00,326010.18520819896,326017.2308895803
2023-12-27 16:30:00,325987.3252050871,326016.9777868467
2023-12-27 20:30:00,326008.65974683716,326017.05133640143
2023-12-28 00:30:00,326028.808467367,326017.2323066261
2023-12-28 04:30:00,326050.7559569075,326017.4425287803
2023-12-28 08:30:00,326028.47675264033,326017.45097009174
2023-12-28 12:30:00,326033.16298584425,326017.4194883529
2023-12-28 16:30:00,326014.6001848995,326017.52684102184
2023-12-28 20:30:00,325971.57978553424,326017.40691861144
2023-12-29 00:30:00,325975.7453449844,326017.16850529163
2023-12-29 04:30:00,326027.0532618215,326017.23993711313
2023-12-29 08:30:00,326018.93015947024,326017.18998619827
2023-12-29 12:30:00,326026.4615525628,326017.19225895323
2023-12-29 16:30:00,326002.30345519545,326016.9424927923
2023-12-29 20:30:00,326004.67910008243,326016.9192567053
2023-12-30 00:30:00,326002.3329539287,326017.0731891396
2023-12-30 04:30:00,326033.72643170384,326017.14193332486
2023-12-30 08:30:00,326025.16459141957,326017.22422874125
2023-12-30 12:30:00,326012.9540898873,326017.26781902526
2023-12-30 16:30:00,326027.7833675817,326017.4108376433
2023-12-30 20:30:00,325988.36203721195,326017.26490666467
2023-12-31 00:30:00,325997.69395047484,326017.0598311891
2023-12-31 04:30:00,326035.0091942491,326016.97853773925
2023-12-31 08:30:00,326027.14552314155,326016.90030463104
2023-12-31 12:30:00,326044.31457540643,326017.0816752253
2023-12-31 16:30:00,326026.0092898239,326017.06525430316
2023-12-31 20:30:00,325994.8556858093,326017.09438606084
2024-01-01 00:30:00,326017.6336563459,326017.1681943754
2024-01-01 04:30:00,326013.3388383067,326016.9653041637
2024-01-01 08:30:00,326013.706508666,326016.76528947975
2024-01-01 12:30:00,326015.944154554,326016.67956747266
2024-01-01 16:30:00,326026.4090803598,326016.81444590166
2024-01-01 20:30:00,326017.26745908154,326016.86650803866
2024-01-02 00:30:00,326008.5603140651,326016.78393686935
2024-01-02 04:30:00,326031.2309326138,326016.99179525883
2024-01-02 08:30:00,326027.85915695917,326017.116327362
2024-01-02 12:30:00,326035.5692555829,326017.2363033416
2024-01-02 16:30:00,326019.7234426546,326017.34955328994
2024-01-02 20:30:00,325999.7128655883,326017.35361017875
2024-01-03 00:30:00,326013.06165690505,326017.34598606813
2024-01-03 04:30:00,326027.93210204795,326017.327628986
2024-01-03 08:30:00,326035.9475658143,326017.39358672313
2024-01-03 12:30:00,326033.28067135136,326017.5009098806
2024-01-03 16:30:00,326026.41052674234,326017.6263614218
2024-01-03 20:30:00,326046.1029791367,326017.8591733239
2024-01-04 00:30:00,326016.289127752,326017.7224415007
2024-01-04 04:30:00,326028.16487017245,326017.7591445805
2024-01-04 08:30:00,326035.1856582345,326017.8028989779
2024-01-04 12:30:00,326044.45963820553,326017.9438505918
2024-01-04 16:30:00,326031.22069371544,326018.07647798455
2024-01-04 20:30:00,326001.28394583723,326018.1771609753
2024-01-05 00:30:00,326030.82690571755,326018.1766064532
2024-01-05 04:30:00,326032.5884086418,326018.0723280513
2024-01-05 08:30:00,326004.1889759901,326018.0375220369
2024-01-05 12:30:00,325988.9417777757,326017.9567369079
2024-01-05 16:30:00,326007.3831907039,326017.90703485906
2024-01-05 20:30:00,326053.29008572997,326018.25367322913
2024-01-06 00:30:00,326051.5721272908,326018.3715317723
2024-01-06 04:30:00,326017.1947257865,326018.21364523866
2024-01-06 08:30:00,326029.27568377246,326018.1444573744
2024-01-06 12:30:00,326036.50928446796,326018.1648902447
2024-01-06 16:30:00,325997.12639621686,326018.03568518854
2024-01-06 20:30:00,326010.1203030267,326018.0712719698
2024-01-07 00:30:00,326042.5238516861,326018.03651148366
2024-01-07 04:30:00,326029.0219442929,326017.98179586366
2024-01-07 08:30:00,326030.5332661506,326018.0463940047
2024-01-07 12:30:00,325988.7748998971,326017.89171322744
2024-01-07 16:30:00,326001.67576912296,326017.81987930683
2024-01-07 20:30:00,326010.3006199202,326017.73604074673
2024-01-08 00:30:00,326034.30827978055,326017.76718616753
2024-01-08 04:30:00,326019.8605002125,326017.69217492157
2024-01-08 08:30:00,326028.8187418932,326017.75964569737
2024-01-08 12:30:00,326045.2348983674,326017.8142004467
2024-01-08 16:30:00,326001.6526120246,326017.77397441625
2024-01-08 20:30:00,325994.63135398855,326017.7370524497
2024-01-09 00:30:00,326027.5945525054,326017.71198229
2024-01-09 04:30:00,326024.6486897494,326017.749900296
2024-01-09 08:30:00,326018.89461804,326017.8284758954
2024-01-09 12:30:00,326013.90532905434,326017.8102913174
2024-01-09 16:30:00,325994.87365316105,326017.8742502697
2024-01-09 20:30:00,325988.87166490505,326017.8222740963
2024-01-10 00:30:00,326035.5705972687,326017.7518076231
2024-01-10 04:30:00,326046.2100967662,326017.7544586257
2024-01-10 08:30:00,326048.3404528994,326017.86307742103
2024-01-10 12:30:00,326026.08150576643,326017.85093794204
2024-01-10 16:30:00,325991.0372933493,326017.8073189318
2024-01-10 20:30:00,326005.899298548,326017.8020717364
2024-01-11 00:30:00,326044.4126585354,326017.87938817486
2024-01-11 04:30:00,326023.71011106897,326017.7764147629
2024-01-11 08:30:00,326031.8807837897,326017.8196884763
2024-01-11 12:30:00,326040.03631447506,326017.8293718139
2024-01-11 16:30:00,326036.9132808023,326018.02354809485
2024-01-11 20:30:00,326004.5765116771,326018.1831562962
2024-01-12 00:30:00,326014.92272820655,326018.19790025987
2024-01-12 04:30:00,326044.13578662294,326018.2630704431
2024-01-12 08:30:00,326013.5192839502,326018.187743126
2024-01-12 12:30:00,326018.13353145175,326018.03281519795
2024-01-12 16:30:00,326008.3560271312,326017.9647574626
2024-01-12 20:30:00,325969.0273395892,326017.83281697996
2024-01-13 00:30:00,326020.83622088365,326017.9340361863
2024-01-13 04:30:00,326035.1222083908,326018.0904999687
2024-01-13 08:30:00,326037.93384269153,326018.2733555224
2024-01-13 12:30:00,326025.06245665957,326018.2695293886
2024-01-13 16:30:00,326029.8743310783,326018.4357625532
2024-01-13 20:30:00,326009.724328708,326018.5765922563
2024-01-14 00:30:00,325988.7963778021,326018.4183125878
2024-01-14 04:30:00,325999.4511684041,326018.2246075217
2024-01-14 08:30:00,326015.5918013573,326018.28968771925
2024-01-14 12:30:00,326034.87351555796,326018.4178670336
2024-01-14 16:30:00,325998.683228663,326018.3458506008
2024-01-14 20:30:00,325996.17319167394,326018.2965342073
2024-01-15 00:30:00,326023.5867697554,326018.4087926336
2024-01-15 04:30:00,326048.714067117,326018.53298570984
2024-01-15 08:30:00,326033.7873489197,326018.61550699576
2024-01-15 12:30:00,326030.20647970453,326018.5615739069
2024-01-15 16:30:00,326034.317178568,326018.5422397028
2024-01-15 20:30:00,326027.28353510704,326018.7072400129
2024-01-16 00:30:00,325994.4453787394,326018.9485722103
2024-01-16 04:30:00,326029.5153786657,326019.13727297995
2024-01-16 08:30:00,326023.3299011702,326019.1974628086
2024-01-16 12:30:00,325994.5706877963,326019.09588730085
2024-01-16 16:30:00,326026.4863908729,326019.0478041611
2024-01-16 20:30:00,326047.95431645366,326019.09956011956
2024-01-17 00:30:00,325991.64575954917,326018.87548510253
2024-01-17 04:30:00,326014.5568279973,326018.8773069358
2024-01-17 08:30:00,326031.3358884927,326019.0333580387
2024-01-17 12:30:00,326020.9822269805,326019.1582792832
2024-01-17 16:30:00,326015.7306375248,326019.1342345597
2024-01-17 20:30:00,326014.7656270083,326019.10988331644
2024-01-18 00:30:00,326016.2629734593,326019.14867551764
2024-01-18 04:30:00,326036.05079064646,326019.1066833034
2024-01-18 08:30:00,326042.9610602198,326019.1488200002
2024-01-18 12:30:00,326006.04697976774,326019.08749473427
2024-01-18 16:30:00,325996.32682293066,326019.0517948483
2024-01-18 20:30:00,326018.85340701835,326019.0101010756
2024-01-19 00:30:00,326004.55920660496,326018.9445955042
2024-01-19 04:30:00,326010.64758281916,326018.936685818
2024-01-19 08:30:00,326036.5064935495,326019.08026903274
2024-01-19 12:30:00,326022.68383684347,326019.03635060234
2024-01-19 16:30:00,326015.87808604294,326019.06569258246
2024-01-19 20:30:00,326029.62348452467,326019.3058562406
2024-01-20 00:30:00,326009.5389184601,326019.2420890728
2024-01-20 04:30:00,326039.7413095038,326019.2420403708
2024-01-20 08:30:00,326030.592559515,326019.34127343295
2024-01-20 12:30:00,325993.0383954911,326019.1913743415
2024-01-20 16:30:00,325966.89048383,326018.9098900331
2024-01-20 20:30:00,326002.58760523703,326018.69616829284
2024-01-21 00:30:00,326014.03854151873,326018.534297573
2024-01-21 04:30:00,326032.5613544206,326018.6138777709
2024-01-21 08:30:00,326034.39157090423,326018.68898312125
2024-01-21 12:30:00,326038.60985348414,326018.70490634814
2024-01-21 16:30:00,326014.7523822774,326018.81829090824
2024-01-21 20:30:00,326027.07791709417,326019.0126425597
2024-01-22 00:30:00,326056.290769873,326019.2049544237
2024-01-22 04:30:00,326033.84862707957,326019.2057762602
2024-01-22 08:30:00,326019.82706522953,326019.2349616158
2024-01-22 12:30:00,325987.6780763775,326019.34375380573
2024-01-22 16:30:00,325987.6851444717,326019.3231415367
2024-01-22 20:30:00,326012.1732613799,326019.2490263473
2024-01-23 00:30:00,326034.6385662801,326019.31307209533
2024-01-23 04:30:00,326019.2278489935,326019.2447231402
2024-01-23 08:30:00,326031.23628381244,326019.1500040315
2024-01-23 12:30:00,326014.615986739,326019.10818345495
2024-01-23 16:30:00,326006.5511677566,326019.18810012215
2024-01-23 20:30:00,326012.4437049371,326019.22279485385
2024-01-24 00:30:00,326000.6563853781,326018.99602899596
2024-01-24 04:30:00,326007.8849781114,326018.8851780084
2024-01-24 08:30:00,326009.635468377,326018.82119600865
2024-01-24 12:30:00,326002.08954810235,326018.82906602044
2024-01-24 16:30:00,325996.6383182104,326018.74718463747
2024-01-24 20:30:00,326009.10298563325,326018.83382188075
2024-01-25 00:30:00,326018.8132851783,326018.8656748887
2024-01-25 04:30:00,326018.8747736356,326018.8093590671
2024-01-25 08:30:00,326041.5841002655,326018.8669293128
2024-01-25 12:30:00,326042.82323194336,326018.89984308835
2024-01-25 16:30:00,326016.03757618566,326018.89539818844
2024-01-25 20:30:00,325985.05884796235,326018.86218362744
2024-01-26 00:30:00,326001.5219411341,326018.7683294333
2024-01-26 04:30:00,326020.26629412686,326018.7139932287
2024-01-26 08:30:00,326012.2697857858,326018.68507434416
2024-01-26 12:30:00,326023.3060354371,326018.7579678288
2024-01-26 16:30:00,326006.0524105954,326018.8620078594
2024-01-26 20:30:00,326005.46424396924,326018.8442550657
2024-01-27 00:30:00,326023.10858995427,326018.8125890801
2024-01-27 04:30:00,326026.2010506119,326018.676172934
2024-01-27 08:30:00,326039.86913345626,326018.7394639385
2024-01-27 12:30:00,326032.4639484244,326018.7355803973
2024-01-27 16:30:00,326025.18493236124,326018.7943845499
2024-01-27 20:30:00,326010.8239542927,326019.0124077096
2024-01-28 00:30:00,326000.47397266957,326019.14978897455
2024-01-28 04:30:00,326004.47868900927,326019.0243746811
2024-01-28 08:30:00,326019.84839301795,326019.0294759787
2024-01-28 12:30:00,326021.53835382574,326019.00212487456
2024-01-28 16:30:00,326019.91433041345,326019.0999630702
2024-01-28 20:30:00,326008.4860449265,326019.1211127638
2024-01-29 00:30:00,326012.3046760788,326019.17651122017
2024-01-29 04:30:00,326027.53278682806,326019.14210208197
2024-01-29 08:30:00,326000.105953643,326019.00288742763
2024-01-29 12:30:00,326017.87337399885,326019.0302167838
2024-01-29 16:30:00,326039.5728522971,326019.0957139211
2024-01-29 20:30:00,326022.31355340494,326019.28433345555
2024-01-30 00:30:00,325996.21034930594,326019.27609122684
2024-01-30 04:30:00,326033.7876008498,326019.2693045968
2024-01-30 08:30:00,326030.9726958008,326019.29056666716
2024-01-30 12:30:00,326033.89442796475,326019.2326769592
2024-01-30 16:30:00,325994.59253985237,326019.05813945935
2024-01-30 20:30:00,326001.03868161084,326019.09248943604
2024-01-31 00:30:00,326018.61019175436,326019.09791463276
2024-01-31 04:30:00,326032.6191661032,326019.2050275649
2024-01-31 08:30:00,326024.1041831375,326019.2627924231
2024-01-31 12:30:00,326019.5407973995,326019.2827737722
2024-01-31 16:30:00,326032.6331092236,326019.3173517104
2024-01-31 20:30:00,326030.97873798746,326019.39352548204
2024-02-01 00:30:00,326003.9245093133,326019.36777101125
2024-02-01 04:30:00,326007.9675695417,326019.2385301053
2024-02-01 08:30:00,326050.5774058389,326019.3647425991
2024-02-01 12:30:00,326035.7561353294,326019.36578081985
2024-02-01 16:30:00,325996.96434259065,326019.239341375
2024-02-01 20:30:00,326000.3148253973,326019.2426855962
2024-02-02 00:30:00,325983.94338913856,326019.080917442
2024-02-02 04:30:00,326023.5314339507,326019.05646928586
2024-02-02 08:30:00,326024.3876509729,326018.9922475367
2024-02-02 12:30:00,326007.5071559807,326018.8490613402
2024-02-02 16:30:00,326013.6461878745,326018.7781483465
2024-02-02 20:30:00,326045.2744581746,326018.7735454523
2024-02-03 00:30:00,325994.7658020192,326018.6539714205
2024-02-03 04:30:00,326013.2683181498,326018.5712127981
2024-02-03 08:30:00,326040.1222106296,326018.59863808914
2024-02-03 12:30:00,326029.68054898654,326018.516532038
2024-02-03 16:30:00,326014.0286579993,326018.4210207284
2024-02-03 20:30:00,326013.25992672617,326018.4875539556
2024-02-04 00:30:00,326019.03540120926,326018.4220455972
2024-02-04 04:30:00,326054.8949703459,326018.54597094003
2024-02-04 08:30:00,326039.8511055914,326018.74409388227
2024-02-04 12:30:00,325988.2632880469,326018.74032449484
2024-02-04 16:30:00,326018.36514028953,326018.80133532593
2024-02-04 20:30:00,326041.57716614316,326018.7362635504
2024-02-05 00:30:00,325994.57959901064,326018.4196383933
2024-02-05 04:30:00,325993.2135213397,326018.2864094797
2024-02-05 08:30:00,326021.65581525257,326018.24407687684
2024-02-05 12:30:00,326016.7108994302,326018.1340858488
2024-02-05 16:30:00,325989.33126626624,326018.0907795713
2024-02-05 20:30:00,325987.00412115146,326017.9623563387
2024-02-06 00:30:00,325998.85796813323,326017.7197680967
2024-02-06 04:30:00,326030.45009293646,326017.7277022558
2024-02-06 08:30:00,326032.29042592394,326017.7374642546
2024-02-06 12:30:00,326000.7184245809,326017.8038171695
2024-02-06 16:30:00,325986.863962809,326017.7215293566
2024-02-06 20:30:00,326008.94177737273,326017.7139802314
2024-02-07 00:30:00,326029.02007718105,326017.68460132804
2024-02-07 04:30:00,326012.3198256279,326017.6427086915
2024-02-07 08:30:00,326012.3473994386,326017.5512012334
2024-02-07 12:30:00,326034.123937878,326017.4894736751
2024-02-07 16:30:00,325987.9693533559,326017.4134555714
2024-02-07 20:30:00,326008.8206310122,326017.49228488817
2024-02-08 00:30:00,326054.40436038206,326017.6412282653
2024-02-08 04:30:00,326057.4189351213,326017.823285184
2024-02-08 08:30:00,326036.3606273734,326017.92031856923
2024-02-08 12:30:00,325991.1028188135,326017.7936379568
2024-02-08 16:30:00,325965.8905170685,326017.63262053404
2024-02-08 20:30:00,326014.3938317752,326017.77441034996
2024-02-09 00:30:00,326028.94297617034,326017.73759023275
2024-02-09 04:30:00,326019.66129065194,326017.5900968655
2024-02-09 08:30:00,326006.55938685517,326017.35797983187
2024-02-09 12:30:00,326029.23906074674,326017.375521804
2024-02-09 16:30:00,325987.22575187346,326017.3543465736
2024-02-09 20:30:00,325987.46974218613,326017.2519601493
2024-02-10 00:30:00,326018.23390519276,326017.1065226308
2024-02-10 04:30:00,326031.0164735605,326017.1471135335
2024-02-10 08:30:00,326020.9221967641,326017.08623249445
2024-02-10 12:30:00,326040.140916455,326017.08681361657
2024-02-10 16:30:00,325992.5003572243,326016.8400751523
2024-02-10 20:30:00,325973.49604063074,326016.66740586865
2024-02-11 00:30:00,326016.5827535369,326016.67662823165
2024-02-11 04:30:00,326015.3784286781,326016.5168651319
2024-02-11 08:30:00,326010.76651000563,326016.50157194334
2024-02-11 12:30:00,326031.93210436066,326016.5782306817
2024-02-11 16:30:00,326025.79056836927,326016.67508924415
2024-02-11 20:30:00,326007.1550768217,326016.8869100066
2024-02-12 00:30:00,326025.5339402367,326016.9130084474
2024-02-12 04:30:00,326044.59646317357,326016.96564319625
2024-02-12 08:30:00,326020.9813258609,326016.87146254716
2024-02-12 12:30:00,326038.566851096,326016.9464869607
2024-02-12 16:30:00,326029.3110151337,326016.94335742766
2024-02-12 20:30:00,325993.676045175,326016.8542002969
2024-02-13 00:30:00,326016.4444288358,326017.0078005804
2024-02-13 04:30:00,326046.22037523496,326017.2676295073
2024-02-13 08:30:00,326021.687852182,326017.30149645626
2024-02-13 12:30:00,326013.9312969158,326017.1851507972
2024-02-13 16:30:00,326035.205397752,326017.3880517366
2024-02-13 20:30:00,326030.35389442596,326017.57794452965
2024-02-14 00:30:00,326018.6222220371,326017.5503637089
2024-02-14 04:30:00,326033.0880840524,326017.4635526919
2024-02-14 08:30:00,326015.97877592745,326017.3646161753
2024-02-14 12:30:00,326006.98244352476,326017.23559375206
2024-02-14 16:30:00,326024.8213623662,326017.18283921765
2024-02-14 20:30:00,326029.6558823645,326017.19601892465
2024-02-15 00:30:00,326017.56925062893,326017.32448487956
2024-02-15 04:30:00,326042.75017833634,326017.3980115444
2024-02-15 08:30:00,326017.27257566166,326017.36435973604
2024-02-15 12:30:00,326023.0726779261,326017.5227041257
2024-02-15 16:30:00,326038.5266186472,326017.58959427994
2024-02-15 20:30:00,326005.6724136796,326017.3546948201
2024-02-16 00:30:00,326006.11377129034,326017.4350726631
2024-02-16 04:30:00,326027.89839780226,326017.5091924953
2024-02-16 08:30:00,326001.8322806473,326017.34528356284
2024-02-16 12:30:00,326000.8001669967,326017.23316100735
2024-02-16 16:30:00,326005.70381213614,326017.1774564219
2024-02-16 20:30:00,326035.1513736994,326017.2907105702
2024-02-17 00:30:00,326031.6329292607,326017.37609921355
2024-02-17 04:30:00,326020.8194573142,326017.291480695
2024-02-17 08:30:00,326023.02874961804,326017.1807456361
2024-02-17 12:30:00,326007.3625967282,326017.18805461924
2024-02-17 16:30:00,326002.9175989538,326017.2246700416
2024-02-17 20:30:00,326005.59256235644,326017.15099868237
2024-02-18 00:30:00,326016.35980880755,326017.2165575835
2024-02-18 04:30:00,326031.03662006086,326017.3298300126
2024-02-18 08:30:00,325990.05231589766,326017.07175124786
2024-02-18 12:30:00,325969.17268781964,326016.77446708665
2024-02-18 16:30:00,325981.6537710961,326016.58433200355
2024-02-18 20:30:00,326011.36702845676,326016.4829072476
2024-02-19 00:30:00,326020.28730060864,326016.5426204818
2024-02-19 04:30:00,326014.2892432724,326016.40122011385
2024-02-19 08:30:00,326035.9046410345,326016.43073167786
2024-02-19 12:30:00,326030.1390528855,326016.63684644114
2024-02-19 16:30:00,325989.8362624041,326016.7643229888
2024-02-19 20:30:00,326005.61804257537,326016.7811587518
2024-02-20 00:30:00,326018.08390082454,326016.80363297014
2024-02-20 04:30:00,326007.8978433459,326016.6666134642
2024-02-20 08:30:00,326019.4445180455,326016.58357428166
2024-02-20 12:30:00,325999.41630274913,326016.3658323331
2024-02-20 16:30:00,326011.4794513832,326016.3476493837
2024-02-20 20:30:00,326029.4819587133,326016.36100517045
2024-02-21 00:30:00,326033.98352760234,326016.23707604676
2024-02-21 04:30:00,326024.7834912964,326016.18671418127
2024-02-21 08:30:00,326006.4573773349,326016.1124381374
2024-02-21 16:30:00,326005.58269649884,326016.3712756446
2024-02-21 20:30:00,325988.0816315027,326016.23668553354
2024-02-22 00:30:00,326008.653294312,326016.0915164164
2024-02-22 04:30:00,326005.8709884139,326016.01689708355
2024-02-22 08:30:00,326026.0164519066,326015.98773601145
2024-02-22 12:30:00,326023.8032853519,326016.0390617021
2024-02-22 16:30:00,326014.9053863172,326016.08573331416
2024-02-22 20:30:00,326007.5521785726,326016.0584063512
2024-02-23 00:30:00,326042.9145659403,326016.2944855722
2024-02-23 04:30:00,326026.2581279248,326016.3971288672
2024-02-23 08:30:00,325997.0574593242,326016.3268606603
2024-02-23 12:30:00,326029.7778825718,326016.48154409305
2024-02-23 16:30:00,326000.15334613016,326016.5011811205
2024-02-23 20:30:00,326014.3302629078,326016.5303837868
2024-02-24 00:30:00,326037.0262303447,326016.6321320839
2024-02-24 04:30:00,326029.84102768544,326016.693396073
2024-02-24 08:30:00,326014.42964326165,326016.5416951959
2024-02-24 12:30:00,326025.0731137477,326016.4425325244
2024-02-24 16:30:00,326016.9349006119,326016.44754551
2024-02-24 20:30:00,326012.00101548695,326016.5980604124
2024-02-25 00:30:00,326055.1096735064,326016.89743321895
2024-02-25 04:30:00,326025.19630700856,326016.9249751903
2024-02-25 08:30:00,326004.50673247385,326016.8816061774
2024-02-25 12:30:00,326037.38394929084,326016.96025374084
2024-02-25 16:30:00,326044.8141774046,326017.1767999242
2024-02-25 20:30:00,325997.18112512055,326017.13052551716
2024-02-26 00:30:00,325980.24419473833,326016.8910596221
2024-02-26 04:30:00,326017.72279744135,326016.8436950792
2024-02-26 08:30:00,326011.0235547227,326016.6825465947
2024-02-26 12:30:00,326012.5573401838,326016.57133649284
2024-02-26 16:30:00,325990.0492527653,326016.37504778
2024-02-26 20:30:00,326005.7560734417,326016.3467355964
2024-02-27 00:30:00,326032.1442385672,326016.5236644562
2024-02-27 04:30:00,326028.4811447194,326016.65775638755
2024-02-27 08:30:00,326014.5564239968,326016.6281923148
2024-02-27 12:30:00,326026.55076044606,326016.6561945865
2024-02-27 16:30:00,326040.50845363573,326016.77124555415
2024-02-27 20:30:00,326025.73721015884,326016.8676207789
2024-02-28 00:30:00,326006.3336325655,326016.83426299394
2024-02-28 04:30:00,326024.2584149469,326016.8159704136
2024-02-28 08:30:00,326030.74513074534,326016.9871390008
2024-02-28 12:30:00,326014.5579455424,326016.9686170541
2024-02-28 16:30:00,326039.76063622476,326016.9696661263
2024-02-28 20:30:00,326014.4573756033,326016.9257768648
2024-02-29 00:30:00,326021.896407659,326017.0692743975
2024-02-29 04:30:00,326036.17146909086,326017.0825920972
2024-02-29 08:30:00,325997.8536678934,326016.8975695949
2024-02-29 12:30:00,326004.957562341,326016.73591112776
2024-02-29 16:30:00,326040.79871997656,326016.99404621223
2024-02-29 20:30:00,326027.22311864555,326017.14032798336
2024-03-01 00:30:00,326020.9440115418,326017.15336608276
2024-03-01 04:30:00,326014.6273675854,326017.0528532419
2024-03-01 08:30:00,326014.60470371606,326016.9997835244
2024-03-01 12:30:00,326034.9234107934,326017.08571991214
2024-03-01 16:30:00,326025.9409575166,326017.04833358974
2024-03-01 20:30:00,326043.67040888546,326017.1192367791
2024-03-02 00:30:00,326002.5512014517,326017.1115646681
2024-03-02 04:30:00,326030.1357606084,326017.235409311
2024-03-02 08:30:00,326012.8565033166,326017.02467801195
2024-03-02 12:30:00,325999.2181006695,326016.8205549133
2024-03-02 16:30:00,326017.07590162026,326016.9329099917
2024-03-02 20:30:00,326044.5065927513,326017.17979137355
2024-03-03 00:30:00,326039.1224432308,326017.48805424554
2024-03-03 04:30:00,326024.8283640938,326017.4952996654
2024-03-03 08:30:00,326003.43415348185,326017.37824102014
2024-03-03 12:30:00,325997.3871043351,326017.3217044188
2024-03-03 16:30:00,326036.24759383674,326017.4479692566
2024-03-03 20:30:00,326032.22449131636,326017.3750644138
2024-03-04 00:30:00,326037.95479215775,326017.6163436883
2024-03-04 04:30:00,326037.4745731498,326017.75157416315
2024-03-04 08:30:00,326023.08028326684,326017.65636786504
2024-03-04 12:30:00,326015.4873954406,326017.5770765044
2024-03-04 16:30:00,326014.94346624013,326017.58218716504
2024-03-04 20:30:00,326028.1033294509,326017.6651112026
2024-03-05 00:30:00,326030.7318918155,326017.7304547255
2024-03-05 04:30:00,326024.09290900244,326017.5583761706
2024-03-05 08:30:00,326004.97880811966,326017.36355886626
2024-03-05 12:30:00,325995.70493624633,326017.40513231984
2024-03-05 16:30:00,326002.3541454753,326017.31568542146
2024-03-05 20:30:00,326015.5290207878,326017.1701650563
2024-03-06 00:30:00,326040.7079798043,326017.4278655077
2024-03-06 04:30:00,326031.2587464643,326017.6404086648
2024-03-06 08:30:00,326024.862600734,326017.6583236675
2024-03-06 12:30:00,325987.2417931517,326017.49369178887
2024-03-06 16:30:00,325986.6195455466,326017.47854251106
2024-03-06 20:30:00,326020.09016836155,326017.66338076367
2024-03-07 00:30:00,326041.21668820287,326017.9000216579
2024-03-07 04:30:00,326033.391865045,326017.91645613895
2024-03-07 08:30:00,326020.07670815865,326017.8482230788
2024-03-07 12:30:00,325994.3827181962,326017.81282807107
2024-03-07 16:30:00,326006.2847732814,326017.921324219
2024-03-07 20:30:00,326031.8022689224,326018.0490364623
2024-03-08 00:30:00,326033.6237922213,326018.0747555407
2024-03-08 04:30:00,326012.0518013415,326018.07325819833
2024-03-08 08:30:00,326031.7502149602,326018.1816538158
2024-03-08 12:30:00,326015.8901365858,326018.07978900406
2024-03-08 16:30:00,325993.40373247897,326018.110148664
2024-03-08 20:30:00,326016.1543614407,326018.151119225
2024-03-09 00:30:00,326041.4972872178,326018.079012671
2024-03-09 04:30:00,326040.98712457763,326017.98721484677
2024-03-09 08:30:00,326028.6205859604,326017.94397439196
2024-03-09 12:30:00,326031.9361999193,326018.1720938395
2024-03-09 16:30:00,326003.731836256,326018.38349785726
2024-03-09 20:30:00,326024.23753302987,326018.4384906017
2024-03-10 00:30:00,326046.4180525972,326018.53611672705
2024-03-10 04:30:00,326016.8052404733,326018.5201611394
2024-03-10 08:30:00,326004.67789620545,326018.5096500185
2024-03-10 12:30:00,326037.36204988003,326018.55502984603
2024-03-10 16:30:00,326029.39403840643,326018.7906068658
2024-03-10 20:30:00,325984.7774009504,326018.7755658533
2024-03-11 00:30:00,326008.5639851043,326018.72154395335
2024-03-11 04:30:00,326015.6117119309,326018.6354838325
2024-03-11 08:30:00,325995.15713848756,326018.4915449595
2024-03-11 12:30:00,325994.66518537304,326018.23749059584
2024-03-11 16:30:00,326010.37468026485,326018.33734714915
2024-03-11 20:30:00,325990.259251942,326018.4309963744
2024-03-12 00:30:00,326045.0613231863,326018.59009452886
2024-03-12 04:30:00,326036.6054789058,326018.7086814016
2024-03-12 08:30:00,325996.25514307653,326018.6276123127
2024-03-12 12:30:00,326014.96895048476,326018.53284608986
2024-03-12 16:30:00,326037.679077635,326018.5992623428
2024-03-12 20:30:00,326023.4916750016,326018.6905282544
2024-03-13 00:30:00,326007.8389877847,326018.5916737714
2024-03-13 04:30:00,326030.9135070767,326018.5152326759
2024-03-13 08:30:00,326008.2391626356,326018.44404740643
2024-03-13 12:30:00,326011.33938342973,326018.29193864856
2024-03-13 16:30:00,326027.2482658011,326018.28041490924
2024-03-13 20:30:00,326014.10880764906,326018.39456442033
2024-03-14 00:30:00,326015.89805060974,326018.39151202794
2024-03-14 04:30:00,326039.035208123,326018.35137142957
2024-03-14 08:30:00,326009.6573141488,326018.2841617199
2024-03-14 12:30:00,326016.8734112998,326018.3005981131
2024-03-14 16:30:00,326037.5966790665,326018.3139572266
2024-03-14 20:30:00,325996.21888466645,326018.12325884803
2024-03-15 00:30:00,325994.25030253245,326017.98710287316
2024-03-15 04:30:00,326000.1696897057,326017.80320122873
2024-03-15 08:30:00,325975.3166469623,326017.5760384971
2024-03-15 12:30:00,326003.83281555574,326017.55844281014
2024-03-15 16:30:00,326043.4295226748,326017.662399013
2024-03-15 20:30:00,326032.2507025719,326017.67689521523
2024-03-16 00:30:00,326025.2555694003,326017.71983554354
2024-03-16 04:30:00,326029.2762031042,326017.64456193894
2024-03-16 08:30:00,325998.03630093223,326017.537096717
2024-03-16 12:30:00,325959.37116840715,326017.1812223621
2024-03-16 16:30:00,326024.310622404,326017.10180338874
2024-03-16 20:30:00,326034.71694237523,326017.26406332554
2024-03-17 00:30:00,326021.6503502799,326017.3508598562
2024-03-17 04:30:00,326019.33794903336,326017.3030361201
2024-03-17 08:30:00,326018.3746722044,326017.3954517154
2024-03-17 12:30:00,325995.33041250345,326017.3648944277
2024-03-17 16:30:00,326011.44120815315,326017.3969469194
2024-03-17 20:30:00,326022.71459996304,326017.32746773656
2024-03-18 00:30:00,326017.32827609713,326017.24755347305
2024-03-18 04:30:00,326024.8931772835,326017.2703116851
2024-03-18 08:30:00,325993.62389694876,326017.1060387652
2024-03-18 12:30:00,326022.6977372573,326017.19170994137
2024-03-18 16:30:00,325965.9224045529,326016.98503287765
2024-03-18 20:30:00,326023.7756793561,326017.0866145369
2024-03-19 00:30:00,326062.91452133894,326017.3466967298
2024-03-19 04:30:00,326010.41900094657,326017.2315145001
2024-03-19 08:30:00,325977.90139764716,326017.16363227525
2024-03-19 12:30:00,326004.4485552964,326017.3607041606
2024-03-19 16:30:00,325998.11666190554,326017.4526756176
2024-03-19 20:30:00,325988.01093307335,326017.32219463785
2024-03-20 00:30:00,326008.59622797556,326017.2568813829
2024-03-20 04:30:00,326017.3996800523,326017.2742581247
2024-03-20 08:30:00,326014.52609428787,326017.1548249026
2024-03-20 12:30:00,326025.1967549664,326017.12721429975
2024-03-20 16:30:00,325998.1871787148,326017.1738674635
2024-03-20 20:30:00,325999.63140675606,326017.14042257064
2024-03-21 00:30:00,326046.0123722127,326017.29644755047
2024-03-21 04:30:00,326034.67510991206,326017.4460412184
2024-03-21 08:30:00,326007.9769444401,326017.38197656145
2024-03-21 12:30:00,326008.56845369877,326017.43310589634
2024-03-21 16:30:00,326018.62077258,326017.47300154547
2024-03-21 20:30:00,326028.4422687081,326017.46719322144
2024-03-22 00:30:00,326022.46398900676,326017.40283825726
2024-03-22 04:30:00,326029.8795751057,326017.4313079992
2024-03-22 08:30:00,326010.50850336277,326017.4539399881
2024-03-22 12:30:00,325999.92999482,326017.3565847372
2024-03-22 16:30:00,326021.58231083007,326017.44547148346
2024-03-22 20:30:00,326009.1846906136,326017.5627107008
2024-03-23 00:30:00,326030.08923082147,326017.6817992369
2024-03-23 04:30:00,326029.34179623454,326017.8121926137
2024-03-23 08:30:00,326026.58597389667,326017.8153566247
2024-03-23 12:30:00,326019.603556895,326017.7920248
2024-03-23 16:30:00,326022.3218520719,326017.8332273875
2024-03-23 20:30:00,326009.8064268338,326017.84575098904
2024-03-24 00:30:00,326019.89349606755,326017.71785615635
2024-03-24 04:30:00,326025.45383808436,326017.7133878794
2024-03-24 08:30:00,326029.2348838927,326017.8921513493
2024-03-24 12:30:00,326006.0641875401,326017.76040859916
2024-03-24 16:30:00,326020.4872993141,326017.87337500567
2024-03-24 20:30:00,326038.9638775799,326018.01022842055
2024-03-25 00:30:00,326028.71598240786,326017.9640603764
2024-03-25 04:30:00,326021.5668060625,326017.91809247853
2024-03-25 08:30:00,326022.3128059488,326017.9618878268
2024-03-25 12:30:00,326035.68268677575,326018.0208298992
2024-03-25 16:30:00,326002.69536402315,326017.9417213626
2024-03-25 20:30:00,326022.6370332559,326018.0008103502
2024-03-26 00:30:00,326009.2850450262,326017.74622908083
2024-03-26 04:30:00,326024.45069346065,326017.7420867834
2024-03-26 08:30:00,326010.7718821592,326017.7768931705
2024-03-26 12:30:00,325988.8242768708,326017.50711721263
2024-03-26 16:30:00,326029.25324409275,326017.4206675831
2024-03-26 20:30:00,326029.4384997729,326017.59987522004
2024-03-27 00:30:00,326022.3985394339,326017.83406602393
2024-03-27 04:30:00,326036.44946067024,326017.93810304184
2024-03-27 08:30:00,326025.5099522859,326018.01858302834
2024-03-27 12:30:00,326019.8982705951,326018.05936597503
2024-03-27 16:30:00,326018.00795858516,326018.21469211846
2024-03-27 20:30:00,326012.8158264722,326018.2539129687
2024-03-28 00:30:00,326021.21495714644,326018.1931947386
2024-03-28 04:30:00,326042.86156342743,326018.2730859536
2024-03-28 08:30:00,325973.3434579061,326018.04412503086
2024-03-28 12:30:00,326020.72178286285,326018.01174182206
2024-03-28 16:30:00,326028.59843300865,326017.9455750408
2024-03-28 20:30:00,326023.7276612479,326017.9344108802
2024-03-29 00:30:00,326007.2048154219,326017.9392507849
2024-03-29 04:30:00,326014.62596564816,326017.88573717774
2024-03-29 08:30:00,326014.7555176979,326017.7969059941
2024-03-29 12:30:00,326012.99484136316,326017.788222082
2024-03-29 16:30:00,326009.2435029946,326017.61868245294
2024-03-29 20:30:00,326018.78952643025,326017.64274995757
2024-03-30 00:30:00,326016.74408044544,326017.61412591755
2024-03-30 04:30:00,326039.96015309345,326017.63517416193
2024-03-30 08:30:00,326003.3893355571,326017.6659278712
2024-03-30 12:30:00,326004.9490952727,326017.6658808319
2024-03-30 16:30:00,326017.632644151,326017.53718041064
2024-03-30 20:30:00,326045.4043890903,326017.6381874687
2024-03-31 00:30:00,326022.00000491284,326017.6440540985
2024-03-31 04:30:00,326031.99056851014,326017.74051632587
2024-03-31 08:30:00,326005.22997603397,326017.6884345055
2024-03-31 12:30:00,326015.9385864558,326017.58296325913
2024-03-31 16:30:00,326022.75613216753,326017.56526978494
2024-03-31 20:30:00,326005.05701830063,326017.35075094836
2024-04-01 00:30:00,325994.61272102105,326017.3066482793
2024-04-01 04:30:00,326041.3957548518,326017.36920380284
2024-04-01 08:30:00,326007.94445806736,326017.34191466257
2024-04-01 12:30:00,325971.97346804396,326017.1905555925
2024-04-01 16:30:00,325996.79505291156,326017.0778842108
2024-04-01 20:30:00,326040.31231583393,326017.05458267237
2024-04-02 00:30:00,326025.1675047954,326016.97705523664
2024-04-02 04:30:00,326024.7592100375,326016.9766710474
2024-04-02 08:30:00,326009.1811849056,326017.0085989997
2024-04-02 12:30:00,325999.0540816333,326017.0178599847
2024-04-02 16:30:00,326014.5138211278,326016.897116803
2024-04-02 20:30:00,326030.8929855994,326016.88971954904
2024-04-03 00:30:00,326018.1187121406,326016.7795191045
2024-04-03 04:30:00,326034.4630694581,326016.7627885284
2024-04-03 08:30:00,325993.29443790787,326016.5973116097
2024-04-03 12:30:00,326000.10801510664,326016.51187060797
2024-04-03 16:30:00,325999.2789769297,326016.42484566726
2024-04-03 20:30:00,326040.38295362535,326016.49306580157
2024-04-04 00:30:00,326049.7639480799,326016.5987994475
2024-04-04 04:30:00,326019.5057065391,326016.57331498933
2024-04-04 08:30:00,326024.1390281756,326016.6797606563
2024-04-04 12:30:00,326040.0981668509,326016.9263897153
2024-04-04 16:30:00,326022.0942667621,326017.03605705575
2024-04-04 20:30:00,326027.44031661993,326017.1022309215
2024-04-05 00:30:00,326030.588658856,326017.0460124718
2024-04-05 04:30:00,326007.15510693414,326016.91210336325
2024-04-05 08:30:00,326023.2153430017,326016.90295193146
2024-04-05 12:30:00,326022.6967026199,326017.0999236507
2024-04-05 16:30:00,326002.7316601069,326017.18943539826
2024-04-05 20:30:00,326015.08842824557,326017.16164795315
2024-04-06 00:30:00,326038.0660237043,326017.1441442615
2024-04-06 04:30:00,326026.0318263845,326017.1032551578
2024-04-06 08:30:00,325982.6349018216,326016.8952451226
2024-04-06 12:30:00,326025.19388098054,326017.0664182492
2024-04-06 16:30:00,326025.96731797216,326017.1757657197
2024-04-06 20:30:00,326002.6069430383,326017.0135694648
2024-04-07 00:30:00,326041.1042760333,326017.0551277082
2024-04-07 04:30:00,325994.4198713028,326016.9571725413
2024-04-07 08:30:00,326016.4111262256,326016.8719553817
2024-04-07 12:30:00,325988.7845189218,326016.7213686169
2024-04-07 16:30:00,325997.9415469773,326016.74657869746
2024-04-07 20:30:00,326036.2448408798,326016.85819247214
2024-04-08 00:30:00,326039.5987752171,326016.8476451832
2024-04-08 04:30:00,326000.0980125954,326016.62048344995
2024-04-08 08:30:00,326032.4608092347,326016.6418180237
2024-04-08 12:30:00,326029.5579964617,326016.6286057823
2024-04-08 16:30:00,326041.35689000366,326016.83763385867
2024-04-08 20:30:00,326013.07992025063,326016.77564712096
2024-04-09 00:30:00,325970.8745003069,326016.35596071935
2024-04-09 04:30:00,326013.36491208145,326016.3368477839
2024-04-09 08:30:00,326003.6088731578,326016.33090876695
2024-04-09 12:30:00,326018.43689692806,326016.2257690283
2024-04-09 16:30:00,326040.28558520396,326016.28627762164
2024-04-09 20:30:00,326023.2705307548,326016.50012834277
2024-04-10 00:30:00,326032.88473093626,326016.6352435974
2024-04-10 04:30:00,326005.05360612605,326016.576587454
2024-04-10 08:30:00,326004.9125195501,326016.63078401546
2024-04-10 12:30:00,326011.31613271113,326016.72328927845
2024-04-10 16:30:00,326014.7352684732,326016.7475147685
2024-04-10 20:30:00,326014.21353999147,326016.88059414655
2024-04-11 00:30:00,326015.5297957917,326016.71653010545
2024-04-11 04:30:00,326006.31328811176,326016.5482401566
2024-04-11 08:30:00,326001.19998195843,326016.5757114838
2024-04-11 12:30:00,326012.97073190135,326016.56461026944
2024-04-11 16:30:00,326026.7821742989,326016.5040719175
2024-04-11 20:30:00,326025.17693154863,326016.5134344539
2024-04-12 00:30:00,326031.9593133803,326016.64743626275
2024-04-12 04:30:00,326016.187084573,326016.56562280445
2024-04-12 08:30:00,325975.76831531286,326016.3852292082
2024-04-12 12:30:00,325991.930561429,326016.2774024193
2024-04-12 16:30:00,326026.95630882256,326016.27578043606
2024-04-12 20:30:00,326032.3105359675,326016.37690114893
2024-04-13 00:30:00,326022.22767372086,326016.4120657218
2024-04-13 04:30:00,326020.94646328996,326016.3115726949
2024-04-13 08:30:00,326004.6476955334,326016.2837414804
2024-04-13 12:30:00,326021.2928978859,326016.3082941837
2024-04-13 16:30:00,326030.09267636196,326016.26660527976
2024-04-13 20:30:00,326017.07436649414,326016.3824690677
2024-04-14 00:30:00,326028.6658741642,326016.5736666878
2024-04-14 04:30:00,326028.5851535946,326016.7315303761
2024-04-14 08:30:00,325973.94198211515,326016.72389334923
2024-04-14 12:30:00,325995.0741680009,326016.6752341961
2024-04-14 16:30:00,326024.8176885919,326016.5718351179
2024-04-14 20:30:00,326055.9080786048,326016.7032649847
2024-04-15 00:30:00,326018.01641796896,326016.6630474768
2024-04-15 04:30:00,326019.00398003106,326016.6059795708
2024-04-15 08:30:00,325993.2408596589,326016.5793382304
2024-04-15 12:30:00,326004.60945391364,326016.8306620388
2024-04-15 16:30:00,326018.9485565506,326016.80087278405
2024-04-15 20:30:00,326034.04861969483,326016.7971598802
2024-04-16 00:30:00,326014.4718241935,326016.7572791798
2024-04-16 04:30:00,326023.0192134192,326016.7777306486
2024-04-16 08:30:00,326003.6894066357,326016.6961458399
2024-04-16 12:30:00,326018.99274097505,326016.8276032203
2024-04-16 16:30:00,326034.31711689115,326016.95469160215
2024-04-16 20:30:00,326048.4739114238,326017.09779888805
2024-04-17 00:30:00,326025.06618898234,326017.14078729297
2024-04-17 04:30:00,326011.6494635248,326017.06721110543
2024-04-17 08:30:00,326019.0439611081,326017.2084336841
2024-04-17 12:30:00,326024.99948308646,326017.2212211609
2024-04-17 16:30:00,326029.8785120718,326017.57653286937
2024-04-17 20:30:00,326020.9705741649,326017.56094895164
2024-04-18 00:30:00,326003.72506079206,326017.23211861524
2024-04-18 04:30:00,326000.6835858846,326017.17803297605
2024-04-18 08:30:00,326002.31506900425,326017.31366448355
2024-04-18 12:30:00,326008.0552750401,326017.3337018155
2024-04-18 16:30:00,326010.8750626337,326017.40458181954
2024-04-18 20:30:00,326021.49150961055,326017.5905850225
2024-04-19 00:30:00,326041.2026322843,326017.7717317131
2024-04-19 04:30:00,326010.4523452984,326017.73313540895
2024-04-19 08:30:00,326002.7200717132,326017.66754639463
2024-04-19 12:30:00,326033.6733246429,326017.7146384484
2024-04-19 16:30:00,326017.68294463033,326017.822948259
2024-04-19 20:30:00,326006.1988293366,326017.85943394003
2024-04-20 00:30:00,326022.78467998054,326017.7303912054
2024-04-20 04:30:00,326015.6998694502,326017.6249732028
2024-04-20 08:30:00,325991.58519738395,326017.5339079414
2024-04-20 12:30:00,326036.49456713727,326017.6890530161
2024-04-20 16:30:00,326006.5271145587,326017.62186602707
2024-04-20 20:30:00,326016.9024513236,326017.55775593047
2024-04-21 00:30:00,326040.95429095137,326017.66047983017
2024-04-21 04:30:00,326020.82596266735,326017.61018198327
2024-04-21 08:30:00,326002.4631403721,326017.5654855222
2024-04-21 12:30:00,326046.3604375961,326017.82343242655
2024-04-21 16:30:00,326014.65642678423,326017.784955293
2024-04-21 20:30:00,326002.28231349605,326017.7466087534
2024-04-22 00:30:00,326035.58049399406,326017.777115771
2024-04-22 04:30:00,326014.34620611987,326017.693806937
2024-04-22 08:30:00,325991.78331355297,326017.50045882404
2024-04-22 12:30:00,326034.16736282327,326017.581368857
2024-04-22 16:30:00,326014.409339201,326017.53741045215
2024-04-22 20:30:00,326009.1313226171,326017.5336598732
2024-04-23 00:30:00,326037.90711376665,326017.633735527
2024-04-23 04:30:00,326032.76604184933,326017.6743588813
2024-04-23 08:30:00,326011.62867261114,326017.5765465964
2024-04-23 12:30:00,326021.6345594101,326017.6630486623
2024-04-23 16:30:00,326024.2499678244,326017.6839523763
2024-04-23 20:30:00,326009.6266715857,326017.52096789854
2024-04-24 00:30:00,326035.914443348,326017.5609593482
2024-04-24 04:30:00,326013.4050665749,326017.5156163511
2024-04-24 08:30:00,325982.7695702104,326017.29593170807
2024-04-24 12:30:00,326030.9586477647,326017.2696870469
2024-04-24 16:30:00,326030.2171672361,326017.42258595367
2024-04-24 20:30:00,326014.44812355976,326017.37709201087
2024-04-25 00:30:00,326024.2501447029,326017.46023145353
2024-04-25 04:30:00,326027.79296096484,326017.4787996063
2024-04-25 08:30:00,325998.15909520694,326017.4087285677
2024-04-25 12:30:00,326001.7873156466,326017.4807454498
2024-04-25 16:30:00,326032.2254707436,326017.49725782004
2024-04-25 20:30:00,326009.5433510649,326017.38672921614
2024-04-26 00:30:00,326029.34154176683,326017.4253014513
2024-04-26 04:30:00,326022.6459021797,326017.3486150153
2024-04-26 08:30:00,325989.59063900326,326017.1490632748
2024-04-26 12:30:00,326027.03850448085,326017.18873124087
2024-04-26 16:30:00,326045.29808178777,326017.3403430364
2024-04-26 20:30:00,325984.80990084395,326017.1847545607
2024-04-27 00:30:00,326017.7486445108,326017.16549726826
2024-04-27 04:30:00,326045.74769749417,326017.1815313464
2024-04-27 08:30:00,326022.69509827945,326017.4557071263
2024-04-27 12:30:00,326002.66403383267,326017.3553862983
2024-04-27 16:30:00,326024.56234172895,326017.33296356903
2024-04-27 20:30:00,326016.64587879047,326017.29362033313
2024-04-28 00:30:00,325995.7391548343,326017.2299222188
2024-04-28 04:30:00,326017.5617270877,326017.2462320045
2024-04-28 08:30:00,326005.4135346845,326017.1943320989
2024-04-28 12:30:00,326029.04924812843,326017.2835232476
2024-04-28 16:30:00,326040.988361771,326017.4598835741
2024-04-28 20:30:00,326018.2976159173,326017.45715073793
2024-04-29 00:30:00,326017.0229049341,326017.4586997629
2024-04-29 04:30:00,326001.99609029805,326017.24778830295
2024-04-29 08:30:00,326021.3918233779,326017.3478021241
2024-04-29 12:30:00,326013.37080224464,326017.3945893851
2024-04-29 16:30:00,326033.42449745635,326017.48232190346
2024-04-29 20:30:00,326022.83134209976,326017.3569160868
2024-04-30 00:30:00,325999.06647329713,326017.2295075779
2024-04-30 04:30:00,326024.1805760967,326017.1861187311
2024-04-30 08:30:00,326001.86743454234,326017.1674379451
2024-04-30 12:30:00,326043.7299386964,326017.32183434634
2024-04-30 16:30:00,326033.046553082,326017.3790033515
2024-04-30 20:30:00,326010.65893437964,326017.41012510745
2024-05-01 00:30:00,325992.3092794397,326017.3973282098
2024-05-01 04:30:00,325971.9902889311,326017.011742288
2024-05-01 08:30:00,325994.56757642835,326016.9374262789
2024-05-01 12:30:00,326032.76116982504,326017.27513573325
2024-05-01 16:30:00,326037.3396728421,326017.5003836217
2024-05-01 20:30:00,326041.3200597295,326017.5059821989
2024-05-02 00:30:00,326025.23886501,326017.50637864455
2024-05-02 04:30:00,326002.571499338,326017.3831135851
2024-05-02 08:30:00,326019.8325876891,326017.4422880451
2024-05-02 12:30:00,326014.1976740444,326017.526419114
2024-05-02 16:30:00,325996.956307849,326017.4288773735
2024-05-02 20:30:00,326030.1916617225,326017.42498112976
2024-05-03 00:30:00,326032.56808588555,326017.5052554284
2024-05-03 04:30:00,325989.5493567492,326017.2557348022
2024-05-03 08:30:00,325999.31289981114,326017.2891707017
2024-05-03 12:30:00,326052.47049624694,326017.5800733747
2024-05-03 16:30:00,326016.9895166854,326017.67846526223
2024-05-03 20:30:00,326055.6678282584,326017.7633812324
2024-05-04 00:30:00,326039.47638750816,326017.70622811816
2024-05-04 04:30:00,326016.68373965385,326017.6905505243
2024-05-04 08:30:00,326017.3252812659,326017.6526963748
2024-05-04 12:30:00,326041.2688030392,326017.6591999092
2024-05-04 16:30:00,326018.9099628014,326017.64150933165
2024-05-04 20:30:00,326039.1001554918,326017.70628621423
2024-05-05 00:30:00,326017.2433233551,326017.63214546145
2024-05-05 04:30:00,326018.8370927263,326017.6970453825
2024-05-05 08:30:00,326040.6212104873,326017.7937446463
2024-05-05 12:30:00,326023.5460932499,326017.7984634832
2024-05-05 16:30:00,326010.5616782003,326017.8419635837
2024-05-05 20:30:00,326032.76517007477,326017.94016770495
2024-05-06 00:30:00,326040.4311654569,326017.9533073814
2024-05-06 04:30:00,326002.41360195214,326017.8220950234
2024-05-06 08:30:00,326018.72407726437,326018.02259044256
2024-05-06 12:30:00,326012.6986512842,326017.9531724998
2024-05-06 16:30:00,326031.9535364958,326017.98642926937
2024-05-06 20:30:00,326017.71431072184,326018.0703590898
2024-05-07 00:30:00,326025.13362697634,326017.9816332618
2024-05-07 04:30:00,326024.18682088103,326018.1470052038
2024-05-07 08:30:00,326022.178382291,326018.1790455153
2024-05-07 12:30:00,326034.75400939333,326018.43443157343
2024-05-07 16:30:00,326032.5824333129,326018.62688094197
2024-05-07 20:30:00,326004.011310744,326018.4478057746
2024-05-08 00:30:00,326040.6082323793,326018.45341386995
2024-05-08 04:30:00,326028.85534461675,326018.6131768256
2024-05-08 08:30:00,326002.8679829012,326018.4487722349
2024-05-08 12:30:00,326010.6031489757,326018.3434675266
2024-05-08 16:30:00,326035.154767975,326018.3090112931
2024-05-08 20:30:00,326011.215280461,326018.2986521832
2024-05-09 00:30:00,326036.642266458,326018.6640286618
2024-05-09 04:30:00,326025.11502793327,326018.7293070832
2024-05-09 08:30:00,326019.603952805,326018.81816863676
2024-05-09 12:30:00,326022.43937048235,326018.84040460095
2024-05-09 16:30:00,326013.9910066466,326018.694323609
2024-05-09 20:30:00,326008.5569021789,326018.612581228
2024-05-10 00:30:00,326024.1635674172,326018.5641303196
2024-05-10 04:30:00,326022.4456041054,326018.66075253056
2024-05-10 08:30:00,325993.3834909114,326018.59670237143
2024-05-10 12:30:00,326007.54021790257,326018.575725067
2024-05-10 16:30:00,326045.4901394646,326018.74658546137
2024-05-10 20:30:00,326031.33435730904,326018.8417011131
2024-05-11 00:30:00,326032.5377316953,326018.93618964596
2024-05-11 04:30:00,326027.10514145094,326019.05169994227
2024-05-11 08:30:00,326007.85476011614,326019.088670932
2024-05-11 12:30:00,326011.58266774047,326019.0809594645
2024-05-11 16:30:00,326017.871134999,326019.0314536906
2024-05-11 20:30:00,325995.8284513596,326018.8684065784
2024-05-12 00:30:00,326023.918847074,326018.8237373212
2024-05-12 04:30:00,326020.1092706234,326018.8455272437
2024-05-12 08:30:00,325995.9616204211,326018.95771227207
2024-05-12 12:30:00,326012.2875828429,326019.0708068355
2024-05-12 16:30:00,326040.62351939606,326019.1467357831
2024-05-12 20:30:00,326043.48054396233,326019.2087913831
2024-05-13 00:30:00,325981.93461621914,326018.9849410636
2024-05-13 04:30:00,326013.90035474556,326018.94579601614
2024-05-13 08:30:00,326012.70256503206,326018.9905452911
2024-05-13 12:30:00,326019.76354375534,326018.98204887926
2024-05-13 20:30:00,326025.5688459145,326018.967433527
2024-05-14 00:30:00,326018.83828509983,326018.9125307948
2024-05-14 04:30:00,326031.3112278774,326018.92776026006
2024-05-14 08:30:00,325999.1240091122,326019.0684419751
2024-05-14 12:30:00,326000.95949829783,326019.10132091533
2024-05-14 16:30:00,326030.6169233673,326019.13371887495
2024-05-14 20:30:00,326054.2687770943,326019.124560766
2024-05-15 00:30:00,326036.79225117736,326019.2294536889
2024-05-15 04:30:00,326026.6734816422,326019.2723000666
2024-05-15 08:30:00,326028.04533650936,326019.46673848474
2024-05-15 12:30:00,326028.4184246443,326019.5997494945
2024-05-15 16:30:00,326038.0066059099,326019.706219044
2024-05-15 20:30:00,326023.0034498704,326019.6445141846
2024-05-16 00:30:00,326012.97118226264,326019.6361307101
2024-05-16 04:30:00,326033.77531269105,326019.69622065016
2024-05-16 08:30:00,326028.4248375355,326019.834407415
2024-05-16 12:30:00,326004.7807872598,326019.7550110255
2024-05-16 16:30:00,326016.3086844888,326019.65440525796
2024-05-16 20:30:00,326054.4238167711,326019.68764495256
2024-05-17 00:30:00,326028.7272278628,326019.70809768373
2024-05-17 04:30:00,325987.82237862627,326019.5749854776
2024-05-17 08:30:00,326046.18809284165,326019.7266286717
2024-05-17 12:30:00,326038.533773171,326019.80223923083
2024-05-17 16:30:00,326025.8273546024,326019.7796070661
2024-05-17 20:30:00,326034.7341371236,326019.8564984793
2024-05-18 00:30:00,326016.0889651565,326019.92557057075
2024-05-18 04:30:00,326034.8385256971,326020.11638029036
2024-05-18 08:30:00,326037.7755075352,326020.314483299
2024-05-18 12:30:00,326019.4952251653,326020.3783936348
2024-05-18 16:30:00,326022.980734335,326020.4460230857
2024-05-18 20:30:00,326038.68508544506,326020.5420765819
2024-05-19 00:30:00,326041.5352006817,326020.543934506
2024-05-19 04:30:00,326006.1539662076,326020.5199212149
2024-05-19 08:30:00,326036.3260627711,326020.70766418177
2024-05-19 12:30:00,326047.73874547845,326020.78624195175
2024-05-19 16:30:00,326044.44734618027,326020.9357637482
2024-05-19 20:30:00,326043.1611341277,326021.14225707104
2024-05-20 00:30:00,325999.15176354366,326021.0102296049
2024-05-20 04:30:00,326035.64152183547,326021.1216354841
2024-05-20 08:30:00,326039.1983206652,326021.3876305863
2024-05-20 12:30:00,326026.1441356197,326021.3298069465
2024-05-20 16:30:00,326028.2337458074,326021.4510730429
2024-05-20 20:30:00,326020.5254103149,326021.4713130372
2024-05-21 00:30:00,326027.7206599902,326021.397382138
2024-05-21 04:30:00,325971.2205845341,326021.1202571205
2024-05-21 08:30:00,326006.4380043622,326021.1424630646
2024-05-21 12:30:00,326014.4003637226,326020.96391516586
2024-05-21 16:30:00,326040.7799133268,326021.10985643143
2024-05-21 20:30:00,326036.30161501514,326021.2999083952
2024-05-22 00:30:00,326001.1444750299,326021.107528401
2024-05-22 04:30:00,326025.4792607417,326021.16972423694
2024-05-22 08:30:00,326046.7157825726,326021.47660953866
2024-05-22 12:30:00,326055.6650785202,326021.596708509
2024-05-22 16:30:00,326029.31275456864,326021.67996781284
2024-05-22 20:30:00,326022.1243453846,326021.75255453214
2024-05-23 00:30:00,326053.40688022267,326021.83914540627
2024-05-23 04:30:00,326003.6917523447,326021.6767192079
2024-05-23 08:30:00,325995.18662810704,326021.5848642106
2024-05-23 12:30:00,326028.43674249214,326021.6228652334
2024-05-23 16:30:00,326051.7178199551,326021.77631692134
2024-05-23 20:30:00,326005.0455591227,326021.75072411424
2024-05-24 00:30:00,326012.2765974899,326021.6186691095
2024-05-24 04:30:00,326022.2213512345,326021.6679220964
2024-05-24 08:30:00,326005.0461697965,326021.7923723734
2024-05-24 12:30:00,326045.99165392714,326021.87635564804
2024-05-24 16:30:00,326024.0266542472,326021.8417717766
2024-05-24 20:30:00,325974.3826650655,326021.6179423996
2024-05-25 00:30:00,326006.5890191786,326021.5192768938
2024-05-25 04:30:00,326014.27380678715,326021.4437508928
2024-05-25 08:30:00,325974.1763047447,326021.3097688232
2024-05-25 12:30:00,326021.3909002063,326021.4192860554
2024-05-25 16:30:00,326026.601879057,326021.38786934206
2024-05-25 20:30:00,326023.2464813775,326021.46442314266
2024-05-26 00:30:00,326031.0974560755,326021.47423271986
2024-05-26 04:30:00,326018.245423171,326021.4496490382
2024-05-26 08:30:00,326003.14432854083,326021.5253679742
2024-05-26 12:30:00,326023.10223853524,326021.50337766163
2024-05-26 16:30:00,326042.52105359547,326021.4878635377
2024-05-26 20:30:00,326022.9378865887,326021.70086904464
2024-05-27 00:30:00,326009.61064429756,326021.6554053563
2024-05-27 04:30:00,326020.48791808943,326021.5142892702
2024-05-27 08:30:00,326003.0750263514,326021.40467992984
2024-05-27 12:30:00,326018.9504486527,326021.4956654875
2024-05-27 16:30:00,326030.3235700532,326021.52785112057
2024-05-27 20:30:00,326019.2276809792,326021.5422745965
2024-05-28 00:30:00,326022.5861078489,326021.69225757424
2024-05-28 04:30:00,326011.63702739874,326021.6591586933
2024-05-28 08:30:00,326002.7958104637,326021.64453453565
2024-05-28 12:30:00,326019.4812227491,326021.5910818799
2024-05-28 16:30:00,326033.72495229385,326021.5505041733
2024-05-28 20:30:00,326023.96379806794,326021.58215882216
2024-05-29 00:30:00,326011.6120738088,326021.55193071533
2024-05-29 04:30:00,326029.1282880914,326021.7035072393
2024-05-29 08:30:00,326017.9062979362,326021.68403503014
2024-05-29 12:30:00,326026.53168352786,326021.7575595066
2024-05-29 16:30:00,326042.0553367022,326021.80577648565
2024-05-29 20:30:00,326026.22802241845,326021.82475235336
2024-05-30 00:30:00,325999.3563682808,326021.8263718784
2024-05-30 04:30:00,326010.23440652527,326021.74846031656
2024-05-30 08:30:00,326022.205216613,326021.8620792108
2024-05-30 12:30:00,326010.32450298546,326021.67545666493
2024-05-30 16:30:00,326037.95075364126,326021.7028544334
2024-05-30 20:30:00,326042.4156459018,326021.8802662296
2024-05-31 00:30:00,326032.7643247495,326022.10627206933
2024-05-31 04:30:00,326021.91556912067,326022.3851842492
2024-05-31 08:30:00,326030.07104510855,326022.58352764964
2024-05-31 12:30:00,326034.21421872405,326022.5916452412
2024-05-31 16:30:00,326016.2198356318,326022.4736573238
2024-05-31 20:30:00,326031.46668685565,326022.418610548
2024-06-01 00:30:00,326021.2322445027,326022.3962271932
2024-06-01 04:30:00,326014.1455952094,326022.4608869467
2024-06-01 08:30:00,326049.5478735244,326022.62689413014
2024-06-01 12:30:00,326032.6241157206,326022.7298351451
2024-06-01 16:30:00,326023.3705542358,326022.87740076735
2024-06-01 20:30:00,326044.9643013099,326022.95992948016
2024-06-02 00:30:00,326027.41131427814,326022.9311207002
2024-06-02 04:30:00,325997.2648100507,326022.9742237913
2024-06-02 08:30:00,326027.7359298424,326023.1330116686
2024-06-02 12:30:00,326023.7218081933,326022.9724044727
2024-06-02 16:30:00,326015.2250097357,326022.962546892
2024-06-02 20:30:00,326016.4156926882,326022.7432612184
2024-06-03 00:30:00,326015.8930843461,326022.61151092144
2024-06-03 04:30:00,326016.45152258733,326022.6102136194
2024-06-03 08:30:00,326011.2664828006,326022.5763655833
2024-06-03 12:30:00,326028.3181758115,326022.5040157105
2024-06-03 16:30:00,325996.9683144256,326022.38143666927
2024-06-03 20:30:00,325992.7466741449,326022.12247867294
2024-06-04 00:30:00,326038.02476522315,326022.23857611354
2024-06-04 04:30:00,326010.28250252845,326022.19078510685
2024-06-04 08:30:00,326010.0419919391,326022.0199514837
2024-06-04 12:30:00,326037.4413545656,326022.09757864184
2024-06-04 16:30:00,326015.31589844794,326022.1241385315
2024-06-04 20:30:00,326007.7815259509,326021.98456510063
2024-06-05 00:30:00,326018.534583262,326021.86223782576
2024-06-05 04:30:00,326016.43411147525,326021.94056469464
2024-06-05 08:30:00,326014.9151714763,326021.91928589134
2024-06-05 12:30:00,326049.08690799976,326022.12257224176
2024-06-05 16:30:00,326015.1115937092,326022.0284831759
2024-06-05 20:30:00,326007.59766950266,326021.97196562716
2024-06-06 00:30:00,326022.6043199014,326021.95783542003
2024-06-06 04:30:00,326004.9117064205,326021.85015321634
2024-06-06 08:30:00,326019.85851707164,326021.83719307545
2024-06-06 12:30:00,326038.33182247385,326021.85718085803
2024-06-06 16:30:00,326028.0697803216,326021.8319705061
2024-06-06 20:30:00,325993.9309531229,326021.7756556591
2024-06-07 00:30:00,325995.58246690856,326021.5241150699
2024-06-07 04:30:00,326009.7373789177,326021.4173107922
2024-06-07 08:30:00,326029.5098414678,326021.5661479909
2024-06-07 12:30:00,326044.7148712834,326021.756716272
2024-06-07 16:30:00,326029.4933483519,326021.72508822934
2024-06-07 20:30:00,326007.64215246984,326021.7051266205
2024-06-08 00:30:00,326007.6787812454,326021.54331944056
2024-06-08 04:30:00,326001.8942226054,326021.4135942711
2024-06-08 08:30:00,326002.5230377108,326021.3181701644
2024-06-08 12:30:00,326037.4347571673,326021.40194327437
2024-06-08 16:30:00,326054.61419983965,326021.62888848776
2024-06-08 20:30:00,326027.09313567635,326021.7324428648
2024-06-09 00:30:00,326001.32970156585,326021.60487936845
2024-06-09 04:30:00,326017.32370130275,326021.57626538636
2024-06-09 08:30:00,326031.6621805471,326021.79011281446
2024-06-09 12:30:00,326023.6355279865,326021.8800307479
2024-06-09 16:30:00,326057.33332692226,326021.9461938063
2024-06-09 20:30:00,326042.5046468361,326022.0085976585
2024-06-10 00:30:00,326010.97173280036,326021.88811721763
2024-06-10 04:30:00,326023.81599343254,326021.86974208907
2024-06-10 08:30:00,326013.0249099793,326021.8986256079
2024-06-10 12:30:00,326026.43658859277,326021.98160840594
2024-06-10 16:30:00,326045.3441248561,326022.1350887962
2024-06-10 20:30:00,326012.324205867,326022.2272438493
2024-06-11 00:30:00,325994.10990330594,326022.0607134372
2024-06-11 04:30:00,326029.33331065177,326022.11224438704
2024-06-11 08:30:00,326003.66449510516,326022.15527720656
2024-06-11 12:30:00,326003.83096416865,326022.1080335268
2024-06-11 16:30:00,326035.7143543086,326022.0806080235
2024-06-11 20:30:00,326028.0092087939,326021.9941759835
2024-06-12 00:30:00,326015.2039275165,326022.18003805773
2024-06-12 04:30:00,326021.58926657523,326022.2229928724
2024-06-12 08:30:00,326007.03325855767,326022.19132076926
2024-06-12 12:30:00,326034.9106882999,326022.2759416885
2024-06-12 16:30:00,326046.9205654081,326022.4128562647
2024-06-12 20:30:00,326054.1360207798,326022.5715627917
2024-06-13 00:30:00,326029.44488777703,326022.63048836216
2024-06-13 04:30:00,326028.83985392423,326022.6167585068
2024-06-13 08:30:00,326032.05208364077,326022.7996922542
2024-06-13 12:30:00,326033.1850949307,326022.9787233466
2024-06-13 16:30:00,326032.7137366258,326022.9903723092
2024-06-13 20:30:00,326027.5062953687,326022.84169185517
2024-06-14 00:30:00,326024.89227081736,326022.77558085317
2024-06-14 04:30:00,326022.67841150484,326022.75338601903
2024-06-14 08:30:00,326041.7306634925,326022.82941561344
2024-06-14 12:30:00,326031.69840367645,326022.8476377191
2024-06-14 16:30:00,326018.994771218,326022.7420164153
2024-06-14 20:30:00,326024.07224937103,326022.7479541903
2024-06-15 00:30:00,326034.8850025704,326022.8696976365
2024-06-15 04:30:00,326023.60798487364,326022.8132124819
2024-06-15 08:30:00,326012.8853747428,326022.72688213305
2024-06-15 12:30:00,326030.56410369213,326022.8701227799
2024-06-15 16:30:00,326020.2886456899,326022.89223367546
2024-06-15 20:30:00,326033.362116277,326022.7752242283
2024-06-16 00:30:00,326012.89552167204,326022.687270305
2024-06-16 04:30:00,326020.8018003316,326022.8704893145
2024-06-16 08:30:00,326028.64857248345,326022.7730475347
2024-06-16 12:30:00,326032.18581876566,326022.7377811214
2024-06-16 16:30:00,326032.3351645286,326022.77393562096
2024-06-16 20:30:00,326018.9586466531,326022.68629400723
2024-06-17 00:30:00,326024.4272151396,326022.7326176182
2024-06-17 04:30:00,326024.69271646685,326022.67625201144
2024-06-17 08:30:00,326031.1032485499,326022.6391839059
2024-06-17 12:30:00,326029.5309325904,326022.69493783603
2024-06-17 16:30:00,326021.7472901083,326022.68808536814
2024-06-17 20:30:00,326034.9626101127,326022.6674049496
2024-06-18 00:30:00,326020.28200347733,326022.5493316318
2024-06-18 04:30:00,326002.39333077415,326022.52843921277
2024-06-18 08:30:00,326022.2805884197,326022.45040879963
2024-06-18 12:30:00,326037.9376759019,326022.39595841314
2024-06-18 16:30:00,326037.7056076059,326022.35850430996
2024-06-18 20:30:00,326019.38843561785,326022.22643376264
2024-06-19 00:30:00,326026.1533617433,326022.37644264154
2024-06-19 04:30:00,326009.684293054,326022.232235815
2024-06-19 08:30:00,326029.6096529034,326022.17896543856
2024-06-19 12:30:00,326036.32248808874,326022.23551184114
2024-06-19 16:30:00,326019.7057347899,326022.18813400215
2024-06-19 20:30:00,325998.59769525524,326022.066313363
2024-06-20 00:30:00,326043.28867451724,326022.15280233254
2024-06-20 04:30:00,326015.2090688703,326022.3971828011
2024-06-20 08:30:00,325993.9187700751,326022.3276314995
2024-06-20 12:30:00,326029.974467346,326022.4141542974
2024-06-20 16:30:00,326007.1764575856,326022.22746843216
2024-06-20 20:30:00,325993.464500464,326021.9894844624
2024-06-21 00:30:00,326022.5429441119,326022.1083648462
2024-06-21 04:30:00,326011.8184402149,326022.0324713988
2024-06-21 08:30:00,326003.42345202237,326021.79195845133
2024-06-21 12:30:00,326031.7356369139,326021.6590171091
2024-06-21 16:30:00,326026.76026732393,326021.6448366244
2024-06-21 20:30:00,325981.0747559773,326021.41678334994
2024-06-22 00:30:00,326021.6421794802,326021.2403127902
2024-06-22 04:30:00,326010.0883175232,326021.2758492635
2024-06-22 08:30:00,326005.2236361116,326021.33161041903
2024-06-22 12:30:00,326027.0274148023,326021.32378082076
2024-06-22 16:30:00,326035.3271416125,326021.2327214966
2024-06-22 20:30:00,326000.58005452284,326021.20791313774
2024-06-23 00:30:00,326040.6868870999,326021.36574808
2024-06-23 04:30:00,326024.39797319914,326021.3778404243
2024-06-23 08:30:00,325994.69285411056,326021.3203220038
2024-06-23 12:30:00,326031.6033314565,326021.24038687896
2024-06-23 16:30:00,326032.9502007695,326021.2899621374
2024-06-23 20:30:00,326010.82816148043,326021.49243711744
2024-06-24 00:30:00,326030.85727281816,326021.6272607488
2024-06-24 04:30:00,326041.1869036087,326021.77677795343
2024-06-24 08:30:00,326002.90953602514,326021.93640701607
2024-06-24 12:30:00,326020.6465526793,326021.932271752
2024-06-24 16:30:00,326036.6853399718,326021.9882909793
2024-06-24 20:30:00,326007.0814810035,326021.89848542167
2024-06-25 00:30:00,326018.20986726583,326021.82688770606
2024-06-25 04:30:00,326043.74275376456,326021.9685395427
2024-06-25 08:30:00,326007.993242986,326021.9954779563
2024-06-25 12:30:00,326026.34299769334,326022.01348217385
2024-06-25 16:30:00,326040.39473979,326022.0016693194
2024-06-25 20:30:00,326021.8075197591,326021.99538950366
2024-06-26 00:30:00,325997.891534146,326021.9302833361
2024-06-26 04:30:00,326022.676962929,326021.9424446964
2024-06-26 08:30:00,326046.6969698667,326022.184788827
2024-06-26 12:30:00,326012.88544363744,326022.1510943547
2024-06-26 16:30:00,326061.9374328414,326022.32672692573
2024-06-26 20:30:00,326034.4322800742,326022.41119692073
2024-06-27 04:30:00,326047.7873016348,326022.612176604
2024-06-27 08:30:00,326011.4353838277,326022.6604423769
2024-06-27 12:30:00,326023.9329139603,326022.6853121603
2024-06-27 16:30:00,326019.62753308413,326022.60655562836
2024-06-27 20:30:00,326040.37986272224,326022.6982654868
2024-06-28 00:30:00,326032.07310971373,326022.81257295
2024-06-28 04:30:01,326038.575236679,326022.86534919904
2024-06-28 16:30:00,326038.0028805054,326022.8497574518
2024-06-29 00:30:01,326004.4005732012,326022.85922301974
2024-06-29 04:30:00,326032.0804825845,326022.98334845185
2024-06-29 08:30:00,326019.64643292624,326022.9688099082
2024-06-29 12:30:00,326015.0681119002,326022.9957622315
2024-06-29 16:30:01,326033.3385000542,326022.96955624525
2024-06-30 00:30:00,326007.5981456579,326022.7146289953
2024-06-30 04:30:00,326011.43972917733,326022.65476705274
2024-06-30 12:30:00,326039.2956033603,326022.64134812506
2024-06-30 16:30:00,326014.0552024308,326022.6289077044
2024-06-30 20:30:01,326023.3563958509,326022.5822968365
2024-07-01 00:30:00,326015.2862148956,326022.5481242525
2024-07-01 04:30:00,326032.670482004,326022.6545891192
2024-07-01 08:30:00,326043.75255469343,326022.62128268916
2024-07-01 12:30:00,326028.9382828754,326022.6000997418
2024-07-01 16:30:00,326022.01033233746,326022.5922823745
2024-07-01 20:30:00,326042.4520843394,326022.57784434594
2024-07-02 00:30:00,326004.46662505605,326022.4459783159
2024-07-02 04:30:00,326011.0088283242,326022.5249669267
2024-07-02 08:30:00,326047.9140078163,326022.6409328921
2024-07-02 12:30:00,326042.9373242751,326022.75136689254
2024-07-02 16:30:00,325992.73708409304,326022.6221259406
2024-07-02 20:30:00,326007.08231094945,326022.56848581566
2024-07-03 00:30:00,326012.17889670614,326022.54713990964
2024-07-03 04:30:00,326009.3014174851,326022.5060473516
2024-07-03 08:30:00,326044.2652908576,326022.69569567376
2024-07-03 12:30:00,326044.5470828837,326022.7889652546
2024-07-03 16:30:00,326021.11931025126,326022.9277640812
2024-07-03 20:30:00,326036.2457042831,326023.1777585073
2024-07-04 00:30:00,326016.8812518787,326023.0562440628
2024-07-04 04:30:00,325971.2146198419,326022.8317160014
2024-07-04 08:30:00,326010.229340658,326022.83279271814
2024-07-04 12:30:00,326041.54582439497,326022.85638162517
2024-07-04 16:30:00,326041.84530916665,326023.0088495029
2024-07-04 20:30:00,326018.71362515463,326023.0716776593
2024-07-05 00:30:00,326021.1325989517,326023.0866087839
2024-07-05 04:30:00,326005.17535418406,326023.0219032822
2024-07-05 08:30:00,326010.3138785684,326022.99545907014
2024-07-05 12:30:00,326036.20072693477,326022.92140055826
2024-07-05 16:30:00,326049.48002657754,326023.11892028735
2024-07-05 20:30:00,326023.743783718,326023.21171404724
2024-07-06 00:30:00,326012.36666992935,326023.1528769784
2024-07-06 04:30:00,325984.6144938376,326023.03622633143
2024-07-06 08:30:00,325987.35601748154,326022.84943035676
2024-07-06 12:30:00,326043.9529975683,326022.8817359608
2024-07-06 16:30:00,326052.384958636,326023.0214783649
2024-07-06 20:30:00,325996.486853474,326023.0361674473
2024-07-07 00:30:00,326018.51606430614,326023.1679697312
2024-07-07 04:30:00,326014.50707194145,326023.1953817601
2024-07-07 08:30:00,325990.0432442259,326022.9685622357
2024-07-07 12:30:00,326020.6847876921,326022.830458307
2024-07-07 16:30:00,326036.3376081391,326022.8697931334
2024-07-07 20:30:00,326007.3198215815,326022.867940657
2024-07-08 00:30:00,326023.7769037878,326022.9604586027
2024-07-08 04:30:00,325996.34012117964,326022.92853847955
2024-07-08 08:30:00,325990.75780528045,326022.86092220125
2024-07-08 12:30:00,325999.841803469,326022.6448707432
2024-07-08 16:30:00,326035.40036257857,326022.5344463911
2024-07-08 20:30:00,326037.4305354586,326022.5938567347
2024-07-09 00:30:00,326028.7132171415,326022.751233261
2024-07-09 04:30:00,326025.066044119,326022.795729484
2024-07-09 08:30:00,326007.33565196715,326022.65592184855
2024-07-09 12:30:00,326001.4418005187,326022.52837169066
2024-07-09 16:30:00,326023.61476138694,326022.3345868313
2024-07-09 20:30:00,326023.06780303625,326022.22288083244
2024-07-10 00:30:00,326011.6721200664,326022.2269060466
2024-07-10 04:30:00,326016.08154540544,326022.18245519587
2024-07-10 08:30:00,326009.8024045537,326022.1639350497
2024-07-10 12:30:00,326023.3387500765,326022.1461313801
2024-07-10 16:30:00,326055.0165055077,326022.20171977463
2024-07-10 20:30:00,326037.9140719827,326022.3487879707
2024-07-11 00:30:00,326017.866516047,326022.48532022786
2024-07-11 04:30:00,326017.0778382943,326022.4148864787
2024-07-11 08:30:00,326020.4967069465,326022.5116233283
2024-07-11 12:30:00,326014.563653989,326022.5733054537
2024-07-11 16:30:00,326028.0329209357,326022.5291592849
2024-07-11 20:30:00,326022.7585624024,326022.4989831562
2024-07-12 00:30:00,326027.42773259693,326022.5692349096
2024-07-12 04:30:00,326032.05048795487,326022.62935687153
2024-07-12 08:30:00,326014.61085605726,326022.6729062824
2024-07-12 12:30:00,326019.5510210104,326022.5846323325
2024-07-12 16:30:00,326037.1645307704,326022.52856316796
2024-07-12 20:30:00,326041.1931679439,326022.4541789562
2024-07-13 00:30:00,326018.2327797283,326022.38974155363
2024-07-13 04:30:00,326043.7275776328,326022.4753031842
2024-07-13 08:30:00,326047.32245098,326022.563063916
2024-07-13 12:30:00,326046.0430527855,326022.6369602255
2024-07-13 16:30:00,326027.68334432575,326022.6080499249
2024-07-13 20:30:00,326033.7506990595,326022.6439373024
2024-07-14 00:30:00,326037.60729879205,326022.7170121758
2024-07-14 04:30:00,326012.17658835644,326022.65665687044
2024-07-14 08:30:00,326013.56120074366,326022.49476340634
2024-07-14 12:30:00,326029.94681513903,326022.48469680554
2024-07-14 16:30:00,326035.1478741117,326022.5775307302
2024-07-14 20:30:00,326001.34627488913,326022.4469216815
2024-07-15 00:30:00,326050.2117450793,326022.5350064085
2024-07-15 04:30:00,326031.8063825113,326022.5821236363
2024-07-15 08:30:00,326020.8499013071,326022.6278967775
2024-07-15 12:30:00,326030.2028049979,326022.6258203483
2024-07-15 16:30:00,326022.91989417066,326022.6409424659
2024-07-15 20:30:00,326029.18093797064,326022.6169127056
2024-07-16 00:30:00,326042.3121429989,326022.7859737477
2024-07-16 04:30:00,326016.17955631716,326022.75940912694
2024-07-16 08:30:00,326019.0991088011,326022.7045271517
2024-07-16 12:30:00,326023.5367571294,326022.6548199009
2024-07-16 16:30:00,326034.72019396466,326022.6685269667
2024-07-16 20:30:00,326022.7082370887,326022.690076337
2024-07-17 00:30:00,326034.2456361444,326022.7465040439
2024-07-17 04:30:00,325999.0493848175,326022.59912857466
2024-07-17 08:30:00,326021.59942399105,326022.5445088933
2024-07-17 12:30:00,326032.0866088271,326022.55919668777
2024-07-17 16:30:00,326028.7235371909,326022.5992900618
2024-07-17 20:30:00,326023.79183470446,326022.5350902031
2024-07-18 00:30:00,326031.0282864254,326022.59685045
2024-07-18 04:30:00,326010.1784521896,326022.64159252704
2024-07-18 08:30:00,326018.14042301814,326022.61779847305
2024-07-18 12:30:00,326011.9368577381,326022.4683684836
2024-07-18 16:30:00,326035.3627753693,326022.4549039305
2024-07-18 20:30:00,326009.3049308106,326022.3969527534
2024-07-19 00:30:00,326023.27568880905,326022.3804144032
2024-07-19 04:30:00,325997.8902730978,326022.31263267936
2024-07-19 08:30:00,326020.7076997922,326022.26147202926
2024-07-19 12:30:00,326038.31745666615,326022.2729373659
2024-07-19 16:30:00,326015.1191211551,326022.2465775175
2024-07-19 20:30:00,325985.78518426215,326022.17294239684
2024-07-20 00:30:00,326022.4297632861,326022.05306359666
2024-07-20 04:30:00,326000.53385799937,326021.9687233043
2024-07-20 08:30:00,326012.6226705996,326022.0762169854
2024-07-20 12:30:00,326049.49530868384,326022.1884057288
2024-07-20 16:30:00,326050.74243876745,326022.438784931
2024-07-20 20:30:00,326033.7763769382,326022.67046238197
2024-07-21 00:30:00,326023.5289627021,326022.67612915544
2024-07-21 04:30:00,326016.06197691493,326022.7005172974
2024-07-21 08:30:00,326014.03612492775,326022.7615096704
2024-07-21 12:30:00,326048.7018970316,326022.8590169125
2024-07-21 16:30:00,326045.7272190278,326022.96802238206
2024-07-21 20:30:00,326000.40411609,326023.07911065855
2024-07-22 00:30:00,326023.25230190984,326023.08836423577
2024-07-22 04:30:00,326008.3281848021,326023.07824853045
2024-07-22 08:30:00,326012.0287737033,326023.11735851667
2024-07-22 12:30:00,326043.0670036345,326023.2095400616
2024-07-22 16:30:00,326059.1772343657,326023.3466095602
2024-07-22 20:30:00,326005.3992051698,326023.3743058283
2024-07-23 00:30:00,326026.92244766833,326023.29519985453
2024-07-23 04:30:00,326007.2332951633,326023.1965522796
2024-07-23 08:30:00,326005.55514800263,326023.25897925603
2024-07-23 12:30:00,326040.19951124914,326023.30838258815
2024-07-23 16:30:00,326043.1732566964,326023.3671357832
2024-07-23 20:30:00,326000.07602502184,326023.30534189544
2024-07-24 00:30:00,326021.6631506701,326023.252502113
2024-07-24 04:30:00,326019.6144024491,326023.12852222123
2024-07-24 08:30:00,326006.19484762114,326023.1474033224
2024-07-24 12:30:00,326034.8814631939,326023.22921315295
2024-07-24 16:30:00,326048.45783435315,326023.2968711666
2024-07-24 20:30:00,326033.1799125793,326023.4468621527
2024-07-25 00:30:00,326022.45983372425,326023.4712872473
2024-07-25 04:30:00,326039.2711579712,326023.44558842084
2024-07-25 08:30:00,326010.37296421773,326023.45926497964
2024-07-25 12:30:00,326033.27527637297,326023.49910566176
2024-07-25 16:30:00,326056.5277744358,326023.59182425163
2024-07-25 20:30:00,326030.1733943723,326023.63990399084
2024-07-26 00:30:00,326019.3243828217,326023.7630812821
2024-07-26 04:30:00,326019.1397847962,326023.7427526721
2024-07-26 08:30:00,326047.70685846254,326023.7485566296
2024-07-26 12:30:00,326029.2039893843,326023.84234137525
2024-07-26 16:30:00,326050.4352570796,326023.77623691683
2024-07-26 20:30:00,326009.97324273887,326023.6356677367
2024-07-27 00:30:00,325987.6035223246,326023.4297697629
2024-07-27 04:30:00,326031.96667614393,326023.33936618874
2024-07-27 08:30:00,326041.67243197944,326023.51214932103
2024-07-27 12:30:00,326024.85036874004,326023.51739191974
2024-07-27 16:30:00,326026.75218640483,326023.55810422444
2024-07-27 20:30:00,326024.6342994527,326023.46812957723
2024-07-28 00:30:00,326037.47389309015,326023.4989911965
2024-07-28 04:30:00,326021.5186565316,326023.487739295
2024-07-28 08:30:00,326017.99216242746,326023.37079000945
2024-07-28 12:30:00,326001.32030576194,326023.2462110024
2024-07-28 16:30:00,326022.5959394418,326023.15916613763
2024-07-28 20:30:00,326013.7583031461,326023.1063523006
2024-07-29 00:30:00,325988.9925705322,326022.9157725142
2024-07-29 04:30:00,326028.10744767624,326022.99747006706
2024-07-29 08:30:00,326051.149496495,326023.1744535702
2024-07-29 12:30:00,326018.3863060134,326023.19309511024
2024-07-29 16:30:00,326029.89881476504,326023.2305572312
2024-07-29 20:30:00,326032.9585433517,326023.22843456804
2024-07-30 00:30:00,326021.5148715511,326023.3061816401
2024-07-30 04:30:00,326012.3015174551,326023.3109960997
2024-07-30 08:30:00,326038.8440210577,326023.39729068277
2024-07-30 12:30:00,326022.9399618579,326023.3064260078
2024-07-30 16:30:00,326003.8500158483,326023.24973052676
2024-07-30 20:30:00,326011.58296776435,326023.18527327396
2024-07-31 00:30:00,326029.99800004525,326023.2660547327
2024-07-31 04:30:00,326028.8060887756,326023.2445858814
2024-07-31 08:30:00,326034.7221470559,326023.1944169501
2024-07-31 12:30:00,326044.6844888381,326023.28189587215
2024-07-31 16:30:00,326027.5394323987,326023.3126130947
2024-07-31 20:30:00,325998.14431364764,326023.0664588131
2024-08-01 00:30:00,326017.29402957694,326023.1377221715
2024-08-01 04:30:00,326040.2601213739,326023.3002293551
2024-08-01 08:30:00,326031.92985790246,326023.21142852225
2024-08-01 12:30:00,326058.94649202836,326023.30036834313
2024-08-01 16:30:00,326032.50017573853,326023.5212744078
2024-08-01 20:30:00,326023.420257611,326023.61204077816
2024-08-02 00:30:00,326008.6468946875,326023.59241854475
2024-08-02 04:30:00,326013.93213328964,326023.61814474367
2024-08-02 08:30:00,326014.5285714461,326023.4529407469
2024-08-02 12:30:00,326035.55856234865,326023.40300452174
2024-08-02 16:30:00,326031.27716702694,326023.45943705935
2024-08-02 20:30:00,326016.10403018526,326023.3475388699
2024-08-03 00:30:00,326031.80978081387,326023.4304751418
2024-08-03 04:30:00,326004.91935352195,326023.61772366223
2024-08-03 08:30:00,326018.4601588036,326023.66345042974
2024-08-03 12:30:00,326045.8348836766,326023.68727853685
2024-08-03 16:30:00,326034.25569267094,326023.64511400077
2024-08-03 20:30:00,326011.2829519517,326023.60383248294
2024-08-04 00:30:00,326010.43721358065,326023.5444136753
2024-08-04 04:30:00,326011.26597300684,326023.5782504466
2024-08-04 08:30:00,326037.0668716906,326023.7268781861
2024-08-04 12:30:00,326045.2541790864,326023.77717514255
2024-08-04 16:30:00,326037.03065240005,326023.70801195264
2024-08-04 20:30:00,326014.23513438966,326023.6551861231
2024-08-05 00:30:00,326020.2972309437,326023.69924479537
2024-08-05 04:30:00,326007.01293349033,326023.82368057116
2024-08-05 08:30:00,326019.80947245716,326024.00397754327
2024-08-05 12:30:00,326052.87739154825,326024.05355750985
2024-08-05 16:30:00,326049.98193229135,326024.0402073635
2024-08-05 20:30:00,326025.63401938055,326024.202136063
2024-08-06 00:30:00,326028.64966505335,326024.2584338449
2024-08-06 04:30:00,326019.1801888341,326024.2843956054
2024-08-06 08:30:00,326045.8655300834,326024.5945194157
2024-08-06 12:30:00,326044.4584923167,326024.7265955525
2024-08-06 16:30:00,326043.1143186092,326024.764243944
2024-08-06 20:30:00,326037.06969038513,326024.9295209929
2024-08-07 00:30:00,326037.2842830771,326025.004561989
2024-08-07 04:30:00,326017.2202546693,326025.1205627306
2024-08-07 08:30:00,326014.6954674711,326025.25354974275
2024-08-07 12:30:00,326041.6873547216,326025.48602502747
2024-08-07 16:30:00,326042.70760678494,326025.52662082866
2024-08-07 20:30:00,326019.8076789046,326025.42871607
2024-08-08 00:30:00,326025.4005072685,326025.4103121263
2024-08-08 04:30:00,326031.03125770745,326025.4434522018
2024-08-08 08:30:00,326035.517130748,326025.60001597274
2024-08-08 12:30:00,326008.50043795625,326025.6392306252
2024-08-08 16:30:00,326035.687868303,326025.7063034414
2024-08-08 20:30:00,326039.4028020547,326025.79705343593
2024-08-09 00:30:00,326036.14408126986,326025.933008776
2024-08-09 04:30:00,326021.819187167,326025.9648845635
2024-08-09 08:30:00,326020.8729861811,326026.0263877948
2024-08-09 12:30:00,326029.091345651,326026.0583466591
2024-08-09 16:30:00,326042.55442049715,326025.9891128535
2024-08-09 20:30:00,326027.7140869375,326025.9324462699
2024-08-10 00:30:00,326025.9435533366,326025.97731869936
2024-08-10 04:30:00,326054.75353042653,326026.18662810005
2024-08-10 08:30:00,326034.3040221095,326026.2633354065
2024-08-10 12:30:00,326029.35855285474,326026.3455292891
2024-08-10 16:30:00,326047.7626938966,326026.45513913885
2024-08-10 20:30:00,326043.603643639,326026.57094514574
2024-08-11 00:30:00,326029.9732048741,326026.58508665836
2024-08-11 04:30:00,326052.78627354314,326026.7002854672
2024-08-11 08:30:00,326047.5298246675,326026.88316862617
2024-08-11 12:30:00,326043.60484349565,326027.01680097333
2024-08-11 16:30:00,326064.5276876804,326027.16881851165
2024-08-11 20:30:00,326056.55993686855,326027.2541894502
2024-08-12 00:30:00,326040.98592735745,326027.3805958259
2024-08-12 04:30:00,326036.1102309305,326027.3382772331
2024-08-12 08:30:00,326056.5384878395,326027.3894774379
2024-08-12 12:30:00,326050.7211631997,326027.41546694015
2024-08-12 16:30:00,326044.68201959814,326027.509904025
2024-08-12 20:30:00,326030.75310691877,326027.49325073534
2024-08-13 04:30:00,326052.21564726345,326027.6604295669
2024-08-13 08:30:00,326057.23176119797,326027.9043991784
2024-08-13 12:30:00,326039.72987361,326027.95905313635
2024-08-13 16:30:00,326016.80291614187,326027.8565673376
2024-08-13 20:30:00,326022.4480064846,326027.9744541063
2024-08-14 00:30:00,326023.09467978345,326027.8229621214
2024-08-14 04:30:00,325995.6807661745,326027.6211430357
2024-08-14 08:30:00,326035.8003164468,326027.704664908
2024-08-14 12:30:00,326050.9501830866,326027.82057204813
2024-08-14 16:30:00,326029.4896700318,326027.8572747066
2024-08-14 20:30:00,326002.9819626577,326027.710911716
2024-08-15 00:30:00,326018.6992417565,326027.5789960666
2024-08-15 04:30:00,326004.39409310743,326027.51315549004
2024-08-15 08:30:00,326017.9827521153,326027.5069188605
2024-08-15 12:30:00,326042.0885570523,326027.6105602009
2024-08-15 16:30:00,326031.7191298785,326027.59379447973
2024-08-15 20:30:00,326036.2472950977,326027.6694316753
2024-08-16 00:30:00,326027.11546283745,326027.62959830486
2024-08-16 08:30:00,326022.49041787983,326027.79516688565
2024-08-16 12:30:00,326031.08061937505,326027.7895152595
2024-08-16 16:30:00,326016.45909286,326027.72061388684
2024-08-16 20:30:00,326020.2691854198,326027.70082372235
2024-08-17 00:30:00,326026.16067818936,326027.67347760865
2024-08-17 04:30:00,326024.2560251993,326027.7525650975
2024-08-17 08:30:00,326006.3104281407,326027.68610445206
2024-08-17 12:30:00,326035.0544188564,326027.8159783909
2024-08-17 16:30:00,326009.1185250307,326027.6685387823
2024-08-17 20:30:00,326013.5111492752,326027.6921692231
2024-08-18 00:30:00,326042.82262545725,326027.80198347394
2024-08-18 04:30:00,326018.27736604976,326027.916517704
2024-08-18 08:30:00,326010.2504436994,326027.8577690743
2024-08-18 12:30:00,326039.7777624783,326027.8659730395
2024-08-18 16:30:00,326018.6374455637,326027.885738907
2024-08-18 20:30:00,325994.21035576856,326027.9330713312
2024-08-19 00:30:00,326041.9379081737,326028.0426676508
2024-08-19 04:30:00,326027.57590405684,326028.1945892578
2024-08-19 08:30:00,326018.4403432764,326028.2272728122
2024-08-19 12:30:00,326047.0533809282,326028.21355411696
2024-08-19 16:30:00,326036.7455620074,326028.13491997786
2024-08-19 20:30:00,326021.8089135594,326028.0676870375
2024-08-20 00:30:00,326037.18338747416,326028.144397289
2024-08-20 04:30:00,326012.3682235842,326028.1236458658
2024-08-20 08:30:00,326019.7615986211,326028.1558114484
2024-08-20 12:30:00,326055.4335527558,326028.19362973893
2024-08-20 16:30:00,326039.7238162742,326028.1599027572
2024-08-20 20:30:00,326024.2470593237,326028.29385187646
2024-08-21 00:30:00,326030.26420599985,326028.3332445961
2024-08-21 04:30:00,326024.8594528376,326028.4261168884
2024-08-21 08:30:00,326039.5071040203,326028.58048953064
2024-08-21 12:30:00,326045.2913565227,326028.59298589523
2024-08-21 16:30:00,326033.6640350933,326028.449653315
2024-08-21 20:30:00,326027.56528821646,326028.5741818715
2024-08-22 00:30:00,326029.392481005,326028.58805846324
2024-08-22 04:30:00,326033.4129648075,326028.735135259
2024-08-22 08:30:00,326037.48715247895,326028.91452854255
2024-08-22 12:30:00,326037.31648911815,326028.898331789
2024-08-22 16:30:00,326046.59396861546,326028.91754927166
2024-08-22 20:30:00,326033.29160343943,326029.1041536449
2024-08-23 00:30:00,326041.65275641123,326029.2164548007
2024-08-23 04:30:00,326040.8015316398,326029.3354836164
2024-08-23 08:30:00,326033.9051803346,326029.4911596429
2024-08-23 12:30:00,326032.35767011484,326029.47698103
2024-08-23 16:30:00,326050.3833704527,326029.4877986486
2024-08-23 20:30:00,326038.38916200615,326029.5170640948
2024-08-24 00:30:00,326040.99336873495,326029.621185078
2024-08-24 04:30:00,326043.53080681263,326029.6451156895
2024-08-24 08:30:00,326032.03452459764,326029.7668098489
2024-08-24 12:30:00,326046.9412411294,326029.8435849318
2024-08-24 16:30:00,326057.67155421793,326029.85001066094
2024-08-24 20:30:00,326043.69994808076,326029.92600253574
2024-08-25 00:30:00,326061.02240102337,326030.16026106494
2024-08-25 04:30:00,326054.1641597302,326030.35702721623
2024-08-25 08:30:00,326034.8569046306,326030.2848364644
2024-08-25 12:30:00,326030.71041715925,326030.29329954175
2024-08-25 16:30:00,326028.9663530712,326030.1726877215
2024-08-25 20:30:00,326017.62369781605,326030.2156678062
2024-08-26 00:30:00,326041.3181374487,326030.5174353069
2024-08-26 04:30:00,326028.84431794856,326030.49989396875
2024-08-26 08:30:00,326023.7153441312,326030.39901145274
2024-08-26 12:30:00,326027.4691082363,326030.41372347233
2024-08-26 16:30:00,326030.1845227647,326030.4330062609
2024-08-26 20:30:00,326020.74135613785,326030.4111357928
2024-08-27 00:30:00,326041.78808699246,326030.43537283724
2024-08-27 04:30:00,326044.81944962085,326030.5662761692
2024-08-27 08:30:00,326040.3784731074,326030.69204195956
2024-08-27 12:30:00,326033.40427835524,326030.8722889966
2024-08-27 16:30:00,326005.24136898166,326030.7747914097
2024-08-27 20:30:00,326019.48188531573,326030.8069463657
2024-08-28 00:30:00,326042.63011779025,326031.1082809009
2024-08-28 04:30:00,326022.25189341063,326031.0753845286
2024-08-28 08:30:00,326022.58009352477,326030.91488226474
2024-08-28 12:30:00,326035.0014040258,326031.008225512
2024-08-28 16:30:00,326037.96153126383,326031.0535216721
2024-08-28 20:30:00,326045.27010442375,326031.12268774555
2024-08-29 00:30:00,326037.1667647158,326031.2106197296
2024-08-29 04:30:00,326022.9316639466,326031.2703396537
2024-08-29 08:30:00,326027.3187800929,326031.205591109
2024-08-29 12:30:00,326050.4168237166,326031.35995550145
2024-08-29 16:30:00,326031.6970449084,326031.51639948494
2024-08-29 20:30:00,326019.4533214883,326031.56061495526
2024-08-30 00:30:00,326052.50629749213,326031.6870660645
2024-08-30 04:30:00,326033.0980890921,326031.7111784258
2024-08-30 08:30:00,326010.7807162434,326031.57667600556
2024-08-30 12:30:00,326038.75170754874,326031.5433457736
2024-08-30 16:30:00,326036.9530596494,326031.59623131994
2024-08-30 20:30:00,326028.1599204656,326031.7648583245
2024-08-31 00:30:00,326033.3987386154,326031.855334218
2024-08-31 04:30:00,326025.5757733485,326031.77283788077
2024-08-31 08:30:00,326008.3211793657,326031.6402048553
2024-08-31 12:30:00,326032.140976472,326031.4896120713
2024-08-31 16:30:00,326047.42227644974,326031.5734440977
2024-08-31 20:30:00,326025.7550222768,326031.5865607532
2024-09-01 00:30:00,326028.8515031269,326031.70006978937
2024-09-01 04:30:00,326021.1147629102,326031.74042164115
2024-09-01 08:30:00,326021.324714493,326031.77860222006
2024-09-01 12:30:00,326046.45164057676,326031.8397992888
2024-09-01 16:30:00,326018.77414771443,326031.76955760724
2024-09-01 20:30:00,326023.8113730391,326031.8128572862
2024-09-02 00:30:00,326040.2660921859,326031.86036465346
2024-09-02 04:30:00,326028.6498603626,326031.9936821076
2024-09-02 08:30:00,326013.0465067731,326031.9632683321
2024-09-02 12:30:00,326029.1807890411,326031.86970600276
2024-09-02 16:30:00,326034.24733576126,326031.8696590538
2024-09-02 20:30:00,326033.1207767639,326031.9923434628
2024-09-03 00:30:00,326032.17501118575,326032.1144659213
2024-09-03 04:30:00,326012.58953347977,326032.1219016543
2024-09-03 08:30:00,326028.55860066245,326032.07410237886
2024-09-03 12:30:00,326038.33529788087,326032.0352322597
2024-09-03 16:30:00,326028.51720024983,326031.98740387685
2024-09-03 20:30:00,326014.70372712554,326031.9900364203
2024-09-04 00:30:00,326038.50994464423,326032.09235503664
2024-09-04 04:30:00,326036.96682820586,326032.260635344
2024-09-04 08:30:00,326019.75293194695,326032.26031770074
2024-09-04 12:30:00,326035.3718184031,326032.16197178414
2024-09-04 16:30:00,326050.84270037815,326032.16680755996
2024-09-04 20:30:00,326041.7056158629,326032.2570974278
2024-09-05 04:30:00,326036.25878361677,326032.3739676378
2024-09-05 08:30:00,326030.2334690002,326032.2856509085
2024-09-05 12:30:00,326048.9077458732,326032.3107879342
2024-09-05 16:30:00,326042.35843915027,326032.30651742883
2024-09-05 20:30:00,326010.00461827044,326032.15360741684
2024-09-06 00:30:00,326046.5004263912,326032.20567602315
2024-09-06 04:30:00,326051.08388894494,326032.39699599077
2024-09-06 08:30:00,326041.23338592943,326032.54692773346
2024-09-06 12:30:00,326032.06080742,326032.4925404606
2024-09-06 16:30:00,326049.6474032086,326032.53174835
2024-09-06 20:30:00,326031.5933993565,326032.59833434125
2024-09-07 00:30:00,326031.09373896767,326032.6304994921
2024-09-07 04:30:00,326037.22451555415,326032.6654896494
2024-09-07 08:30:00,326036.6896250186,326032.67211391084
2024-09-07 12:30:00,326038.03845348046,326032.8389953544
2024-09-07 16:30:00,326040.3326491581,326032.86523705424
2024-09-07 20:30:00,326033.6812817156,326032.8329120805
2024-09-08 00:30:00,326043.47851569485,326032.87434956315
2024-09-08 04:30:00,326055.046421183,326033.06207404914
2024-09-08 08:30:00,326040.24324898224,326033.1715105621
2024-09-08 12:30:00,326027.79655153624,326033.1641953412
2024-09-08 16:30:00,326007.89236750785,326032.9683645333
2024-09-08 20:30:00,326029.7268516976,326032.9797360857
2024-09-09 00:30:00,326036.751126489,326033.04079582094
2024-09-09 04:30:00,326015.95070256415,326032.82157080475
2024-09-09 08:30:00,326012.9343880076,326032.7008384087
2024-09-09 12:30:00,326022.50192291936,326032.66210038646
2024-09-09 16:30:00,326047.6911099707,326032.66169595753
2024-09-09 20:30:00,326022.51972687646,326032.54257778375
2024-09-10 00:30:00,326040.7572326866,326032.60350449453
2024-09-10 04:30:00,326037.9115033545,326032.51946624485
2024-09-10 08:30:00,326041.5283856556,326032.4855598098
2024-09-10 12:30:00,326034.1342514574,326032.4320536401
2024-09-10 16:30:00,326029.48277838936,326032.2340598023
2024-09-10 20:30:00,326041.8630390858,326032.1510264815
2024-09-11 00:30:00,326031.12901637115,326032.0953377188
2024-09-11 04:30:00,326011.5684440747,326031.9566835558
2024-09-11 08:30:00,326020.5122071989,326031.7531452471
2024-09-11 12:30:00,326018.69252773904,326031.5721925044
2024-09-11 16:30:00,326028.40825136885,326031.480250311
2024-09-11 20:30:00,326024.8954673403,326031.4471563021
2024-09-12 00:30:00,325985.87135749083,326031.1911124885
2024-09-12 04:30:00,326024.40427387244,326031.0348688178
2024-09-12 08:30:00,326031.5859131998,326030.89079102007
2024-09-12 12:30:00,326043.04596922046,326030.90942077065
2024-09-12 16:30:00,326038.20471329056,326031.0296555861
2024-09-12 20:30:00,326038.20676371147,326031.1181879301
2024-09-13 00:30:00,326012.31874734676,326031.05764898384
2024-09-13 04:30:00,326013.4585810058,326031.15752434806
2024-09-13 08:30:00,326017.0315559444,326031.05208187335
2024-09-13 12:30:00,326037.1370499706,326030.9744800019
2024-09-13 16:30:00,326065.7052415729,326031.177938269
2024-09-13 20:30:00,326057.3599553903,326031.48343261017
2024-09-14 00:30:00,326028.63026491535,326031.5392248751
2024-09-14 04:30:00,326020.82726486487,326031.6315460647
2024-09-14 08:30:00,326025.5169564913,326031.6738730556
2024-09-14 12:30:00,326033.34039685415,326031.62472608825
2024-09-14 16:30:00,326013.21110226476,326031.52074840496
2024-09-14 20:30:00,326028.1559959993,326031.47529166844
2024-09-15 00:30:00,326047.2498024189,326031.5884059358
2024-09-15 04:30:00,326033.2931026953,326031.59792938136
2024-09-15 08:30:00,326019.7335729676,326031.58252801315
2024-09-15 12:30:00,326027.1159033187,326031.5603787615
2024-09-15 16:30:00,326019.0635371169,326031.57492872933
2024-09-15 20:30:00,326034.745847176,326031.6558039347
2024-09-16 00:30:00,326033.72871344717,326031.69808346126
2024-09-16 04:30:00,326015.6315751588,326031.6499021761
2024-09-16 08:30:00,326015.93323366763,326031.70366086625
2024-09-16 12:30:00,326050.29294187616,326031.7887922797
2024-09-16 16:30:00,326012.81619027077,326031.8094496275
2024-09-16 20:30:00,326024.149192686,326031.86888003757
2024-09-17 00:30:00,326052.3508298241,326031.92211022956
2024-09-17 04:30:00,326042.8389103288,326032.05932556075
2024-09-17 08:30:00,326015.0452491425,326032.08611218334
2024-09-17 12:30:00,326054.72983711155,326032.16964332655
2024-09-17 16:30:00,326018.1070534313,326032.166680242
2024-09-17 20:30:00,326015.8521084709,326032.2875838884
2024-09-18 00:30:00,326057.71935530903,326032.3757483975
2024-09-18 04:30:00,326047.74238483905,326032.4884103013
2024-09-18 08:30:00,326024.8328719895,326032.52412275225
2024-09-18 12:30:00,326042.71337466507,326032.49987690715
2024-09-18 16:30:00,326028.7815770778,326032.4553853712
2024-09-18 20:30:00,326027.927640515,326032.4895682034
2024-09-19 00:30:00,326045.02219089854,326032.5333604013
2024-09-19 04:30:00,326051.5498633193,326032.7522522434
2024-09-19 08:30:00,326024.4506607642,326032.7784481213
2024-09-19 12:30:00,326049.6717102777,326032.7462590572
2024-09-19 16:30:00,326048.30990678957,326032.7942260433
2024-09-19 20:30:00,326019.01588364516,326032.76500159816
2024-09-20 00:30:00,326023.0770483223,326032.72484987933
2024-09-20 04:30:00,326043.77121314174,326032.83050217154
2024-09-20 08:30:00,326016.19936708064,326032.7002913506
2024-09-20 12:30:00,326043.36176642246,326032.68951151764
2024-09-20 16:30:00,326051.42967556254,326032.78876090574
2024-09-20 20:30:00,326013.035116082,326032.70758675976
2024-09-21 00:30:00,326002.79453707614,326032.5589948942
2024-09-21 04:30:00,326031.3150369899,326032.5472746271
2024-09-21 08:30:00,326013.9345306689,326032.41569573426
2024-09-21 12:30:00,326026.0730032709,326032.3528829642
2024-09-21 16:30:00,326061.3321995628,326032.43521945
2024-09-21 20:30:00,326031.2629040998,326032.42388593405
2024-09-22 00:30:00,326020.4908631531,326032.3056630667
2024-09-22 04:30:00,326030.9794856438,326032.25079130137
2024-09-22 08:30:00,326016.67506556853,326032.1545336769
2024-09-22 12:30:00,326033.4775886564,326032.1607902051
2024-09-22 16:30:00,326048.4614422878,326032.1500531763
2024-09-22 20:30:00,326038.69591778016,326032.1517668957
2024-09-23 00:30:00,326022.01442114497,326032.0457392555
2024-09-23 04:30:00,326038.82375495706,326032.01944287645
2024-09-23 08:30:00,326032.2770559688,326032.0207978003
2024-09-23 12:30:00,326006.89659766864,326031.79708470835
2024-09-23 16:30:00,326026.7162031229,326031.62414978596
2024-09-23 20:30:00,326033.71351847023,326031.56835967646
2024-09-24 00:30:00,326015.2777995133,326031.31280324346
2024-09-24 04:30:00,326024.573833405,326031.14749415783
2024-09-24 08:30:00,326029.0190559936,326031.1148804783
2024-09-24 12:30:00,326026.9699585491,326031.0939840615
2024-09-24 16:30:00,326056.41527604766,326031.2473299999
2024-09-24 20:30:00,326046.774659396,326031.41018453386
2024-09-25 00:30:00,326035.98382044793,326031.3803838802
2024-09-25 04:30:00,326020.29569555074,326031.3326262132
2024-09-25 08:30:00,326035.9637614331,326031.40105312545
2024-09-25 12:30:00,326027.8368342525,326031.4031074608
2024-09-25 16:30:00,326016.9428898109,326031.32913185767
2024-09-25 20:30:00,326049.34350988496,326031.4889204261
2024-09-26 00:30:00,326023.0760878951,326031.38438411825
2024-09-26 04:30:00,326029.5569265458,326031.2991186263
2024-09-26 08:30:00,326032.9663751366,326031.25771025766
2024-09-26 12:30:00,326020.68947817525,326031.18667785445
2024-09-26 16:30:00,326048.5165409674,326031.4284385918
2024-09-26 20:30:00,326042.5226981011,326031.5571582163
2024-09-27 00:30:00,326029.10114363645,326031.4815773551
2024-09-27 04:30:00,326022.1946889226,326031.48125777696
2024-09-27 08:30:00,326024.60403099866,326031.49256469024
2024-09-27 12:30:00,326013.02651418344,326031.36979994253
2024-09-27 16:30:00,325986.8697342689,326031.084370909
2024-09-27 20:30:00,326022.7829639237,326030.9587444258
2024-09-28 00:30:00,326031.5083173684,326030.9271329881
2024-09-28 04:30:00,326017.9977864585,326030.8995694267
2024-09-28 08:30:00,326024.5283704339,326030.8839805459
2024-09-28 12:30:00,326047.33712291066,326030.8667755135
2024-09-28 16:30:00,326035.58474779443,326030.88849452406
2024-09-28 20:30:00,326049.7426733739,326031.0577087804
2024-09-29 00:30:00,326048.1189759765,326031.0331986043
2024-09-29 04:30:00,326032.20738570124,326031.02822260774
2024-09-29 08:30:00,326039.16417285847,326031.1867894044
2024-09-29 12:30:00,326018.3801534061,326031.0729818394
2024-09-29 16:30:00,325995.88160668104,326030.84353238146
2024-09-29 20:30:00,326007.4522846636,326030.7278472653
2024-09-30 00:30:00,326033.26037491066,326030.7270742837
2024-09-30 04:30:00,326043.0813595065,326030.8248708544
2024-09-30 08:30:00,326017.6557567736,326030.8770193315
2024-09-30 12:30:00,326057.8899264187,326031.0208682139
2024-09-30 16:30:00,326040.949981199,326030.9847101399
2024-09-30 20:30:00,326010.2933706,326030.89833219757
2024-10-01 00:30:00,326051.9493182943,326031.0273702711
2024-10-01 04:30:00,326051.6343850987,326031.19787095377
2024-10-01 08:30:00,326035.8619768593,326031.27908471
2024-10-01 12:30:00,326048.4869907841,326031.2904553815
2024-10-01 16:30:00,326041.45944003854,326031.4171888582
2024-10-01 20:30:00,326040.09181722405,326031.5081410603
2024-10-02 00:30:00,326068.4712887727,326031.66571199097
2024-10-02 04:30:00,326045.39313268044,326031.7592498252
2024-10-02 08:30:00,326038.97685085126,326031.9041120826
2024-10-02 12:30:00,326032.6278676511,326031.923369505
2024-10-02 16:30:00,326055.7128098389,326032.0432883546
2024-10-02 20:30:00,326013.1799265102,326031.93188695656
2024-10-03 00:30:00,326026.26487859857,326031.8988694561
2024-10-03 04:30:00,326050.26441772626,326032.1093436697
2024-10-03 08:30:00,326033.0516255549,326032.13444436743
2024-10-03 12:30:00,326028.91908217716,326032.0818398104
2024-10-03 16:30:00,326037.6084296827,326032.1326288017
2024-10-03 20:30:00,326032.28544700745,326032.23085070046
2024-10-04 00:30:00,326043.0463358498,326032.25619366806
2024-10-04 04:30:00,326060.00634958077,326032.384906078
2024-10-04 08:30:00,326041.2890416678,326032.50521954015
2024-10-04 12:30:00,326048.3991388965,326032.57799786684
2024-10-04 16:30:00,326035.1312224072,326032.490224247
2024-10-04 20:30:00,326012.367437036,326032.3263238066
2024-10-05 00:30:00,326039.22559424303,326032.3646530868
2024-10-05 04:30:00,326050.58646909875,326032.4442513395
2024-10-05 08:30:00,326032.5041677691,326032.4568663326
2024-10-05 12:30:00,326036.79157577135,326032.38955427654
2024-10-05 16:30:00,326011.44932520995,326032.21783697687
2024-10-05 20:30:00,325993.72071325587,326032.12737083784
2024-10-06 00:30:00,326003.9161634339,326031.89079159923
2024-10-06 04:30:00,326019.91184364195,326031.71761356975
2024-10-06 08:30:00,326068.91181305546,326031.87138260936
2024-10-06 12:30:00,326041.32703961554,326031.9228616771
2024-10-06 16:30:00,326028.69986612385,326031.8064864711
2024-10-06 20:30:00,326020.65442435606,326031.74571438774
2024-10-07 00:30:00,326025.72280816257,326031.71587588324
2024-10-07 04:30:00,326029.635194941,326031.67371299095
2024-10-07 08:30:00,326017.958716295,326031.56965238694
2024-10-07 12:30:00,326050.81386114116,326031.64062687394
2024-10-07 16:30:00,326028.375376693,326031.5741975825
2024-10-07 20:30:00,325999.9865032514,326031.3870043688
2024-10-08 00:30:00,326007.29521703906,326031.1859860429
2024-10-08 04:30:00,326013.95119792706,326030.9576792471
2024-10-08 08:30:00,326016.2864297272,326030.82458580675
2024-10-08 12:30:00,326032.06120148144,326030.8482783064
2024-10-08 16:30:00,326019.5314181966,326030.91293969913
2024-10-08 20:30:00,326030.3310676999,326030.9162964547
2024-10-09 00:30:00,326019.9955200113,326030.8232097521
2024-10-09 04:30:00,326025.1545140137,326030.87434203795
2024-10-09 08:30:00,326025.1835840445,326030.942393127
2024-10-09 12:30:00,326057.5714130201,326031.13722362753
2024-10-09 16:30:00,326035.4802354503,326031.0693854358
2024-10-09 20:30:00,326008.87294048135,326030.9935699558
2024-10-10 00:30:00,325994.8602026048,326030.73858645535
2024-10-10 04:30:00,325987.6335070819,326030.45926425385
2024-10-10 08:30:00,326037.9547386652,326030.4394106594
2024-10-10 12:30:00,326054.7857843057,326030.5541413975
2024-10-10 16:30:00,326054.6474745025,326030.6939452648
2024-10-10 20:30:00,326034.98920850724,326030.6557573171
2024-10-11 00:30:00,326007.83378234797,326030.5263393503
2024-10-11 04:30:00,326009.5105236534,326030.5149064591
2024-10-11 08:30:00,326029.0218691613,326030.5621823589
2024-10-11 12:30:00,326017.3523139071,326030.5547367265
2024-10-11 16:30:00,326024.05666998815,326030.5305612744
2024-10-11 20:30:00,326042.90248866053,326030.6306002817
2024-10-12 00:30:00,326034.2756875644,326030.8995132266
2024-10-12 04:30:00,326017.14169207175,326030.8591655499
2024-10-12 08:30:00,326001.44290956313,326030.69170441857
2024-10-12 12:30:00,326007.99223055964,326030.49696142605
2024-10-12 16:30:00,326061.1659765392,326030.62452399964
2024-10-12 20:30:00,326029.5746381655,326030.57656774664
2024-10-13 00:30:00,326005.3723701831,326030.53797676234
2024-10-13 04:30:00,326003.2289478107,326030.4811454668
2024-10-13 08:30:00,326053.03752307955,326030.6811786176
2024-10-13 12:30:00,326046.23051635263,326030.7316978752
2024-10-13 16:30:00,325995.1320907956,326030.3396248154
2024-10-13 20:30:00,326005.06959983887,326030.0491228401
2024-10-14 00:30:00,326050.7118166325,326030.1717981274
2024-10-14 04:30:00,326015.9653951169,326030.1447877399
2024-10-14 08:30:00,326031.94756817486,326030.1805133604
2024-10-14 12:30:00,326022.6147980838,326030.12092670053
2024-10-14 16:30:00,326052.9519678094,326030.3417092869
2024-10-14 20:30:00,326058.57425203326,326030.51069959824
2024-10-15 00:30:00,326021.2699634237,326030.36636715935
2024-10-15 04:30:00,326034.2593714932,326030.3717353194
2024-10-15 08:30:00,326047.5368799181,326030.52619813575
2024-10-15 12:30:00,326036.52872434503,326030.57849158585
2024-10-15 16:30:00,326005.3455165795,326030.50228036067
2024-10-15 20:30:00,326017.1967470884,326030.4047853602
2024-10-16 00:30:00,326056.9594527041,326030.53384502267
2024-10-16 04:30:00,326058.90388636774,326030.7742467516
2024-10-16 08:30:00,326003.9319628057,326030.7075730246
2024-10-16 12:30:00,326005.9046712524,326030.46097152116
2024-10-16 16:30:00,326032.75121155946,326030.5717216394
2024-10-16 20:30:00,326015.49443314614,326030.52363964205
2024-10-17 00:30:00,326013.59180232324,326030.3083117115
2024-10-17 04:30:00,326006.7812323243,326030.10799127806
2024-10-17 08:30:00,326024.3961312434,326030.1599406231
2024-10-17 12:30:00,326062.2943821013,326030.201965873
2024-10-17 16:30:00,326014.9376479312,326030.1843580647
2024-10-17 20:30:00,325991.66022418893,326030.04995870753
2024-10-18 00:30:00,326057.02906848193,326030.0461237808
2024-10-18 04:30:00,326046.31711503566,326030.03820561524
2024-10-18 08:30:00,326009.6988621278,326029.9541277826
2024-10-18 12:30:00,326017.4455959276,326029.8137512341
2024-10-18 16:30:00,326039.3688537995,326029.87256943807
2024-10-18 20:30:00,325995.2301036973,326029.69091645576
2024-10-19 00:30:00,326003.50962298154,326029.4602910785
2024-10-19 04:30:00,326022.1408943908,326029.2969079177
2024-10-19 08:30:00,326034.2709406329,326029.3514650281
2024-10-19 12:30:00,326080.2124529415,326029.5211358207
2024-10-19 16:30:00,326029.063241496,326029.4142099024
2024-10-19 20:30:00,325984.98046063696,326029.225124219
2024-10-20 00:30:00,326023.1888737614,326029.2257454714
2024-10-20 04:30:00,326048.05104601313,326029.24952232075
2024-10-20 08:30:00,326034.7477914748,326029.3525691229
2024-10-20 12:30:00,325980.83773041214,326029.00521336735
2024-10-20 16:30:00,325998.1725363478,326028.7093403717
2024-10-20 20:30:00,326021.9956129236,326028.7591209097
2024-10-21 00:30:00,326014.2809017146,326028.82293404656
2024-10-21 04:30:00,326050.18834942847,326028.9277857824
2024-10-21 08:30:00,326044.2364756385,326029.0961299211
2024-10-21 12:30:00,326072.8558776453,326029.3560347787
2024-10-21 16:30:00,326033.0561709086,326029.1989457306
2024-10-21 20:30:00,326006.1772201148,326029.0595808196
2024-10-22 00:30:00,326003.32141038514,326028.96419497085
2024-10-22 04:30:00,326024.3035567029,326028.92710647674
2024-10-22 08:30:00,326055.8059800123,326029.1445004459
2024-10-22 12:30:00,326001.2657935605,326028.9655460287
2024-10-22 16:30:00,326032.4169441398,326028.8764099279
2024-10-22 20:30:00,326012.4105171269,326028.73037992424
2024-10-23 00:30:00,326014.5692834872,326028.6890180484
2024-10-23 04:30:00,326027.9962415019,326028.6288651958
2024-10-23 08:30:00,326050.6526981483,326028.73095209687
2024-10-23 12:30:00,326043.98670521396,326028.93700824986
2024-10-23 16:30:00,326013.8803484386,326028.86569794605
2024-10-23 20:30:00,326014.5140176744,326028.7590340528
2024-10-24 00:30:00,326009.8982084152,326028.7291474355
2024-10-24 04:30:00,326048.9872801775,326028.8647776954
2024-10-24 08:30:00,326067.2399115346,326029.0771157817
2024-10-24 12:30:00,326038.2377177442,326029.1397144439
2024-10-24 16:30:00,326004.32407132845,326028.8503188622
2024-10-24 20:30:00,326040.1375090584,326028.8134458047
2024-10-25 00:30:00,326043.339823028,326028.8543124857
2024-10-25 04:30:00,326040.31836002984,326028.9655495106
2024-10-25 08:30:00,326037.0132730644,326028.9713801308
2024-10-25 12:30:00,326026.01909382705,326028.9612815729
2024-10-25 16:30:00,326021.5618713967,326028.98694258166
2024-10-25 20:30:00,326056.8429801592,326029.0286063054
2024-10-26 00:30:00,326031.92758008424,326029.07778126205
2024-10-26 04:30:00,326025.0918974501,326029.0529755448
2024-10-26 08:30:00,326038.50425121834,326029.0837415231
2024-10-26 12:30:00,326027.1162120139,326029.11944559996
2024-10-26 16:30:00,326017.63682174793,326028.9478916042
2024-10-26 20:30:00,326025.50249873986,326028.8533349412
2024-10-27 00:30:00,326051.02245494386,326028.975120004
2024-10-27 04:30:00,326035.5505341477,326029.0493191441
2024-10-27 08:30:00,326031.7205746225,326029.0888554976
2024-10-27 12:30:00,326022.25953582,326029.1401500622
2024-10-27 16:30:00,326029.7928582164,326029.37861186196
2024-10-27 20:30:00,326035.75530132646,326029.4506804031
2024-10-28 00:30:00,326025.5791364511,326029.4177405091
2024-10-28 04:30:00,326004.21893052815,326029.3411913095
2024-10-28 08:30:00,326026.4953919963,326029.35211920703
2024-10-28 12:30:00,326064.1367785403,326029.44545062725
2024-10-28 16:30:00,326012.375473005,326029.3165102117
2024-10-28 20:30:00,326034.63497922145,326029.23257857753
2024-10-29 00:30:00,326048.8919292985,326029.2368727627
2024-10-29 04:30:00,326031.8525219554,326029.2349012974
2024-10-29 08:30:00,326024.2928597486,326029.1522828912
2024-10-29 12:30:00,326041.06041100464,326029.27828432235
2024-10-29 16:30:00,326035.99574356567,326029.5011406384
2024-10-29 20:30:00,326032.21771486016,326029.6387263617
2024-10-30 00:30:00,326058.6077512056,326029.77954511886
2024-10-30 08:30:00,326009.7723005204,326029.6611916516
2024-10-30 12:30:00,326057.2533986628,326029.65763563063
2024-10-30 16:30:00,326035.6978388051,326029.62829405296
2024-10-31 00:30:00,326054.2300471216,326029.74973030173
2024-10-31 04:30:00,326041.2746801316,326029.69152971206
2024-10-31 08:30:00,326034.7983762609,326029.68555442774
2024-10-31 12:30:00,326034.9957959668,326029.6097611985
2024-10-31 16:30:00,326014.3388765205,326029.4573984821
2024-10-31 20:30:00,325985.4697105875,326029.1505327145
2024-11-01 00:30:00,326026.18824947247,326028.91298754985
2024-11-01 04:30:00,326059.50496059505,326028.9922674819
2024-11-01 08:30:00,326011.7625079037,326028.83937791485
2024-11-01 12:30:00,326036.94652111304,326028.863640013
2024-11-01 16:30:00,326020.12978217675,326028.6637353631
2024-11-01 20:30:00,326014.7363819432,326028.67247949477
2024-11-02 00:30:00,326038.76391834946,326028.74269881926
2024-11-02 04:30:00,326043.67044034915,326028.7056540025
2024-11-02 08:30:00,326056.3107229349,326028.8363230889
2024-11-02 12:30:00,326057.5472961416,326028.9971557517
2024-11-02 16:30:00,326023.8704528766,326028.91997610667
2024-11-02 20:30:00,325986.08784490614,326028.6604390162
2024-11-03 00:30:00,326021.15125462075,326028.5374329419
2024-11-03 04:30:00,326047.17356611276,326028.4653386527
2024-11-03 08:30:00,325992.01612558163,326028.1885245174
2024-11-03 12:30:00,326003.9294889577,326027.9386950234
2024-11-03 16:30:00,326046.57919045177,326028.0030094506
2024-11-03 20:30:00,326005.166227336,326027.9625532163
2024-11-04 00:30:00,326023.3343768059,326027.8732767139
2024-11-04 04:30:00,326038.8322911133,326027.8072420061
2024-11-04 08:30:00,326030.4782287736,326027.7958603264
2024-11-04 12:30:00,326030.65648110624,326027.7613935024
2024-11-04 16:30:00,326036.8279665108,326027.90397013887
2024-11-04 20:30:00,326004.6729403972,326027.9654995049
2024-11-05 00:30:00,326048.9216840686,326028.2183395084
2024-11-05 04:30:00,326053.050741874,326028.404513094
2024-11-05 08:30:00,326053.08719293633,326028.3156107338
2024-11-05 12:30:00,326034.3379365447,326028.27634610975
2024-11-05 16:30:00,326005.4676718007,326028.1458281641
2024-11-05 20:30:00,326005.9103558579,326028.0629963187
2024-11-06 00:30:00,326034.6767226611,326028.1132992091
2024-11-06 04:30:00,326043.96160420973,326028.19378465443
2024-11-06 08:30:00,326040.1970299694,326028.3187190009
2024-11-06 12:30:00,326025.5082484113,326028.1765526373
2024-11-06 16:30:00,326044.405851794,326028.26661148615
2024-11-06 20:30:00,326030.3491646773,326028.43718823575
2024-11-07 00:30:00,326044.1285792792,326028.6441172371
2024-11-07 04:30:00,326061.0175361573,326028.9085348676
2024-11-07 08:30:00,326043.0812058286,326029.05906731763
2024-11-07 12:30:00,326031.64627026883,326029.05673624336
2024-11-07 16:30:00,325982.6573998438,326028.84957883693
2024-11-07 20:30:00,326009.88284985523,326028.73470120854
2024-11-08 00:30:00,326018.22582227475,326028.72475908644
2024-11-08 04:30:00,326025.47781457147,326028.7265753817
2024-11-08 08:30:00,326030.38203057775,326028.7557801375
2024-11-08 12:30:00,326018.5550116672,326028.5365868715
2024-11-08 16:30:00,326045.5348746271,326028.59307360847
2024-11-08 20:30:00,326046.6465789846,326028.8052850607
2024-11-09 00:30:00,326044.6329893078,326029.08490745793
2024-11-09 04:30:00,326039.6161186757,326029.3769446017
2024-11-09 08:30:00,326034.8467075352,326029.35948375263
2024-11-09 12:30:00,326075.5216038387,326029.4759771208
2024-11-09 20:30:00,325988.4407546704,326029.07077965635
2024-11-10 00:30:00,326012.78042667516,326029.09872679936
2024-11-10 04:30:00,326027.58260333264,326029.20082894445
2024-11-10 08:30:00,326032.07727997686,326029.2180911525
2024-11-10 12:30:00,325972.7947686632,326028.9663536087
2024-11-10 16:30:00,326043.18466694193,326029.0744213881
2024-11-10 20:30:00,326043.19633212034,326029.07608152064
2024-11-11 00:30:00,326013.40809816483,326028.9581855354
2024-11-11 04:30:00,325998.2776625917,326028.8516090976
2024-11-11 08:30:00,326036.7954385912,326029.0513409
2024-11-11 12:30:00,326049.60092597257,326029.2864182752
2024-11-11 16:30:00,326024.188300746,326029.07750485267
2024-11-12 00:30:00,326002.5382575863,326029.0585773191
2024-11-12 04:30:00,326024.0627540292,326029.17695121805
2024-11-12 08:30:00,326046.89139662206,326029.142030045
2024-11-12 12:30:00,326017.80056794966,326028.9804962473
2024-11-12 16:30:00,326015.9599697117,326029.09883646836
2024-11-12 20:30:00,326019.8977943245,326029.18308757344
2024-11-13 00:30:00,326021.8348777679,326029.0190140572
2024-11-13 04:30:00,326008.993715468,326028.97940224095
2024-11-13 08:30:00,326016.1089303621,326028.8894099807
2024-11-13 12:30:00,326061.18043846096,326029.1085329373
2024-11-13 16:30:00,326048.9787082003,326029.08595759864
2024-11-13 20:30:00,326029.031214491,326028.9180994308
2024-11-14 00:30:00,326054.1389404708,326029.10485498223
2024-11-14 04:30:00,326033.4561813595,326029.10029140185
2024-11-14 08:30:00,326027.85545609245,326028.9884651302
2024-11-14 12:30:00,325966.65626127744,326028.59146249905
2024-11-14 16:30:00,325974.24230295065,326028.4147396944
2024-11-14 20:30:00,326024.8309764558,326028.45811599767
2024-11-15 00:30:00,326036.0090847709,326028.3390798162
2024-11-15 04:30:00,325996.65014164575,326027.9853653575
2024-11-15 08:30:00,325994.49163677695,326027.9317271415
2024-11-15 12:30:00,326038.6529790368,326028.11779707205
2024-11-15 16:30:00,326049.1117835481,326028.2107548674
2024-11-15 20:30:00,326053.51265841385,326028.426767511
2024-11-16 00:30:00,326059.9755280571,326028.6903114072
2024-11-16 04:30:00,326028.4072031341,326028.8131862414
2024-11-16 08:30:00,326034.5634995746,326028.8709553796
2024-11-16 12:30:00,326014.1413784107,326028.5973587677
2024-11-16 16:30:00,326005.7661040567,326028.54524772294
2024-11-16 20:30:00,326017.1605419877,326028.6901358923
2024-11-17 00:30:00,326029.9982575347,326028.53655173915
2024-11-17 04:30:00,326018.26795610145,326028.37718151795
2024-11-17 08:30:00,325972.26285764005,326028.164476947
2024-11-17 12:30:00,326027.35351091815,326028.22077191854
2024-11-17 16:30:00,326078.85796353297,326028.4451418602
2024-11-17 20:30:00,326016.55400774704,326028.56630040595
2024-11-18 00:30:00,326034.2486344434,326028.74095388013
2024-11-18 04:30:00,326069.6971324516,326029.0111597782
2024-11-18 08:30:00,326059.3107106443,326029.1534311988
2024-11-18 12:30:00,326038.1475774231,326028.91442622425
2024-11-18 16:30:00,325996.8405889889,326028.7313429714
2024-11-18 20:30:00,326014.84861698514,326028.90104840515
2024-11-19 00:30:00,326038.6475946714,326028.9888820467
2024-11-19 04:30:00,326028.8278821248,326028.8796595246
2024-11-19 08:30:00,326019.831093785,326028.79490556044
2024-11-19 12:30:00,326010.20619080594,326028.9617718127
2024-11-19 16:30:00,326031.3547057994,326029.1503068664
2024-11-19 20:30:00,325994.6293145992,326028.99481653504
2024-11-20 00:30:00,326002.01024618256,326028.9250969013
2024-11-20 04:30:00,325995.4763284541,326028.6142331457
2024-11-20 08:30:00,325977.71141576045,326028.236249851
2024-11-20 12:30:00,325984.2372361641,326027.7327348426
2024-11-20 16:30:00,326005.47909785475,326027.57604692754
2024-11-20 20:30:00,326015.3792506683,326027.628331192
2024-11-21 00:30:00,326009.08224582986,326027.66106321156
2024-11-21 04:30:00,326004.8254413611,326027.5503921017
2024-11-21 08:30:00,326014.231659056,326027.314174369
2024-11-21 12:30:00,326026.1589408288,326027.45561270573
2024-11-21 16:30:00,326039.361680922,326027.49507143744
2024-11-21 20:30:00,326057.06551137276,326027.74879299564
2024-11-22 00:30:00,326079.81214651046,326028.119491081
2024-11-22 04:30:00,325992.9579643547,326027.9204099609
2024-11-22 08:30:00,326019.1585488364,326027.7414659307
2024-11-22 12:30:00,326048.75334733963,326027.7685491246
2024-11-22 16:30:00,326070.73682560027,326028.0915972903
2024-11-22 20:30:00,326030.44925910345,326028.1821384347
2024-11-23 00:30:00,326062.7678207048,326028.48253395915
2024-11-23 04:30:00,326040.11673621053,326028.43213314115
2024-11-23 08:30:00,326035.3746754008,326028.2510806631
2024-11-23 12:30:00,326044.67557238886,326028.2876593827
2024-11-23 16:30:00,326061.21781923814,326028.610919314
2024-11-23 20:30:00,326045.7365392218,326028.64273198537
2024-11-24 00:30:00,326037.5528832633,326028.6098516458
2024-11-24 04:30:00,326050.33396182425,326028.6667584742
2024-11-24 08:30:00,326035.7333653453,326028.6594862712
2024-11-24 12:30:00,326056.02780309157,326028.8299903011
2024-11-24 16:30:00,326031.9928525068,326028.88925723924
2024-11-24 20:30:00,326028.8910872031,326028.73043966567
2024-11-25 00:30:00,326020.6142833812,326028.66615957074
2024-11-25 04:30:00,326031.3519830912,326028.70172823913
2024-11-25 08:30:00,326032.526259656,326028.667762378
2024-11-25 12:30:00,326060.00515086117,326028.85463134875
2024-11-25 16:30:00,326044.32874739444,326029.0062900172
2024-11-25 20:30:00,326016.0369486216,326028.9525084824
2024-11-26 00:30:00,326031.5890874497,326028.84209162166
2024-11-26 04:30:00,326041.37229382375,326028.8751698016
2024-11-26 08:30:00,326051.29647844087,326028.9863965279
2024-11-26 12:30:00,326047.17101753,326029.1279390376
2024-11-26 16:30:00,326031.1474378649,326029.1356355128
2024-11-26 20:30:00,326037.97666027653,326029.1482568705
2024-11-27 00:30:00,326050.0210408438,326029.28713132726
2024-11-27 04:30:00,326030.10206954886,326029.4341946172
2024-11-27 08:30:00,326023.53285088565,326029.41736199724
2024-11-27 12:30:00,326066.3720132612,326029.43006219453
2024-11-27 16:30:00,326038.6209520492,326029.57918423455
2024-11-27 20:30:00,326023.6411592431,326029.5167193483
2024-11-28 00:30:00,326012.8407582984,326029.31188314944
2024-11-28 04:30:00,326007.4300605429,326029.17311916413
2024-11-28 08:30:00,326011.29384160886,326029.0992611065
2024-11-28 12:30:00,326058.530909151,326029.19852530054
2024-11-28 16:30:00,326024.8470279541,326029.1351803255
2024-11-28 20:30:00,326020.72034121957,326029.0698543389
2024-11-29 00:30:00,326029.58173217176,326028.9049337762
2024-11-29 04:30:00,325997.59143700066,326028.728021365
2024-11-29 08:30:00,326043.84664672933,326028.9205317956
2024-11-29 12:30:00,326081.28694760083,326029.0563145579
2024-11-29 16:30:00,326040.55485031626,326029.08375530096
2024-11-29 20:30:00,326026.4079033719,326029.06872242497
2024-11-30 00:30:00,326034.7771047446,326028.9594362318
2024-11-30 04:30:00,326023.9482649967,326028.86209682096
2024-11-30 08:30:00,326015.46972568857,326028.7535088964
2024-11-30 12:30:00,326052.74209166964,326028.85320718685
2024-11-30 16:30:00,326035.28382893774,326028.97087545885
2024-11-30 20:30:00,326027.38852968987,326029.2063744426
2024-12-01 00:30:00,326041.2300212362,326029.2908787783
2024-12-01 04:30:00,326042.5666509904,326029.19571973564
2024-12-01 08:30:00,326029.4589987233,326029.2951382234
2024-12-01 12:30:00,326037.2870287963,326029.2970511879
2024-12-01 16:30:00,326022.6002683641,326029.3109303238
2024-12-01 20:30:00,326020.99770701746,326029.34610630735
2024-12-02 00:30:00,326039.10353261913,326029.34801425267
2024-12-02 04:30:00,325997.9539106124,326029.09117981594
2024-12-02 08:30:00,326000.2908057197,326028.77646117995
2024-12-02 12:30:00,326061.73627152626,326028.7999947495
2024-12-02 16:30:00,326076.3367401508,326029.09474917233
2024-12-02 20:30:00,326024.6247002447,326029.3112483597
2024-12-03 00:30:00,326027.3388739995,326029.3460102663
2024-12-03 04:30:00,326022.0843567462,326029.20505965187
2024-12-03 08:30:00,326010.29041301477,326029.307724188
2024-12-03 12:30:00,326026.74287815776,326029.4358892959
2024-12-03 16:30:00,326029.0475440458,326029.3373969003
2024-12-03 20:30:00,326015.5444292185,326029.3957014053
2024-12-04 00:30:00,326033.5742702642,326029.45322889666
2024-12-04 04:30:00,326007.7225610419,326029.27845513215
2024-12-04 08:30:00,326011.42980953015,326029.17144154094
2024-12-04 12:30:00,326068.9812647761,326029.3867493143
2024-12-04 16:30:00,326075.3840525247,326029.60335653916
2024-12-04 20:30:00,326017.77551987715,326029.6769665362
2024-12-05 00:30:00,326038.4755583055,326029.61828043644
2024-12-05 04:30:00,326043.12117559096,326029.5624963562
2024-12-05 08:30:00,326015.8312398915,326029.3531932492
2024-12-05 12:30:00,326028.6618669097,326029.3213052175
2024-12-05 16:30:00,326033.4041740926,326029.4782518596
2024-12-05 20:30:00,326032.0519387051,326029.62511468463
2024-12-06 00:30:00,326045.30689989583,326029.68483478145
2024-12-06 04:30:00,326036.5056330684,326029.64294730313
2024-12-06 08:30:00,326010.78823772154,326029.47772936913
2024-12-06 12:30:00,326018.84769925114,326029.44031055365
2024-12-06 16:30:00,326053.0977265511,326029.4891413107
2024-12-06 20:30:00,326020.22287726874,326029.4322520556
2024-12-07 00:30:00,326029.6096979152,326029.35068530636
2024-12-07 04:30:00,326029.02327505033,326029.1709422664
2024-12-07 08:30:00,326032.1914920544,326029.1097640992
2024-12-07 12:30:00,326035.30842352856,326029.13033799385
2024-12-07 16:30:00,326039.6787567345,326029.4506826955
2024-12-07 20:30:00,326034.4101159258,326029.58847632515
2024-12-08 00:30:00,326028.4052989538,326029.64566439635
2024-12-08 04:30:00,326057.4059667749,326029.82503603795
2024-12-08 08:30:00,326037.4226150262,326029.8645898832
2024-12-08 12:30:00,326037.54455362936,326029.9712727032
2024-12-08 16:30:00,326068.692505396,326030.1013717524
2024-12-08 20:30:00,326030.0838774493,326030.0083228674
2024-12-09 00:30:00,326018.4492212161,326029.86122304667
2024-12-09 04:30:00,326033.801412879,326029.82855616015
2024-12-09 08:30:00,326039.63952794066,326029.8554821175
2024-12-09 12:30:00,326053.1316999308,326029.7296961405
2024-12-09 16:30:00,326049.7466480381,326029.8415226874
2024-12-09 20:30:00,326033.822969139,326030.0950546118
2024-12-10 00:30:00,326039.439615032,326030.24398862495
2024-12-10 04:30:00,326053.13310816995,326030.3867288754
2024-12-10 08:30:00,326061.52143835404,326030.55122138036
2024-12-10 12:30:00,326043.1868874399,326030.9444734405
2024-12-10 16:30:00,326034.102424263,326030.89373465464
2024-12-10 20:30:00,326035.0605771226,326030.84828350943
2024-12-11 00:30:00,326035.80921063997,326030.9734293891
2024-12-11 04:30:00,326022.9060447817,326031.11101811647
2024-12-11 08:30:00,326055.00653893687,326031.21275610727
2024-12-11 12:30:00,326033.5989763646,326031.1233597407
2024-12-11 16:30:00,326022.23735852493,326031.1124606221
2024-12-11 20:30:00,326025.67880409304,326031.0822736414
2024-12-12 00:30:00,326020.90470872214,326031.18430948106
2024-12-12 04:30:00,326040.06993511686,326031.2732382649
2024-12-12 08:30:00,326043.2405926704,326031.25295602076
2024-12-12 12:30:00,326039.87354616896,326031.3755836775
2024-12-12 16:30:00,326028.5014654396,326031.4452586538
2024-12-12 20:30:00,326025.80157566495,326031.478057439
2024-12-13 00:30:00,326031.24743014283,326031.53034939663
2024-12-13 04:30:00,326033.9911905736,326031.66922425834
2024-12-13 08:30:00,326025.4156306256,326031.72092814866
2024-12-13 12:30:00,326035.6443775515,326031.5790611436
2024-12-13 16:30:00,326010.5775215694,326031.36572121794
2024-12-13 20:30:00,326014.0417604031,326031.28244647296
2024-12-14 00:30:00,325996.09871618217,326030.96000078245
2024-12-14 04:30:00,326006.08124405524,326030.8079177975
2024-12-14 08:30:00,326021.08617461676,326030.7703106781
2024-12-14 12:30:00,326075.4555841755,326031.3747513609
2024-12-14 16:30:00,326024.7491971378,326031.6553452175
2024-12-14 20:30:00,325987.4703270175,326031.44778605393
2024-12-15 00:30:00,325984.4775098671,326031.1614995267
2024-12-15 04:30:00,325985.48269285547,326031.09945814457
2024-12-15 08:30:00,326035.9795742704,326031.32994668616
2024-12-15 12:30:00,326067.5938138328,326031.49072910176
2024-12-15 16:30:00,326035.2632717262,326031.4137929249
2024-12-15 20:30:00,326037.89905279997,326031.3270506715
2024-12-16 00:30:00,326019.72772799135,326031.10345178226
2024-12-16 04:30:00,326018.5266758843,326031.0485599642
2024-12-16 08:30:00,326029.14369254996,326031.0184499252
2024-12-16 12:30:00,326042.6029835107,326031.1765699535
2024-12-16 16:30:00,326040.78793730016,326031.37113569374
2024-12-16 20:30:00,326023.5811472797,326031.40680572315
2024-12-17 00:30:00,326000.8228920032,326031.2447203591
2024-12-17 04:30:00,326021.89117542515,326031.2648493553
2024-12-17 08:30:00,326026.09866892913,326031.5639371958
2024-12-17 12:30:00,326031.4019539817,326031.58642854623
2024-12-17 16:30:00,326083.9329300214,326031.61462280445
2024-12-17 20:30:00,326039.8988302232,326031.74431626266
2024-12-18 00:30:00,325980.4459160744,326031.4454122717
2024-12-18 04:30:00,326005.18004176114,326031.0869839901
2024-12-18 08:30:00,326014.6317980293,326030.83876780886
2024-12-18 12:30:00,326013.42965459084,326030.7014460154
2024-12-18 16:30:00,326070.0273758872,326031.1080392759
2024-12-18 20:30:00,326031.0243956048,326031.1979047127
2024-12-19 00:30:00,326024.21385013254,326031.11771724303
2024-12-19 04:30:00,326043.02041353536,326031.1965646398
2024-12-19 08:30:00,326019.14952386834,326031.19277814025
2024-12-19 12:30:00,326015.0504932467,326031.21969093155
2024-12-19 16:30:00,326050.8543239046,326031.3280221433
2024-12-19 20:30:00,326016.34393288015,326031.4486589115
2024-12-20 00:30:00,325990.5341316805,326031.3849027198
2024-12-20 04:30:00,326015.4503214279,326031.4958693475
2024-12-20 08:30:00,326025.73871677,326031.7626876864
2024-12-20 12:30:00,326004.32379815076,326031.8742796974
2024-12-20 16:30:00,326070.5301116321,326032.2356742184
2024-12-20 20:30:00,326041.22387537843,326032.3792554668
2024-12-21 00:30:00,326018.6554558333,326032.4324399668
2024-12-21 04:30:00,326030.606540868,326032.5756682974
2024-12-21 08:30:00,326030.2457861945,326032.66463567043
2024-12-21 12:30:00,326025.2370813708,326032.659514229
2024-12-21 16:30:00,326076.7065106719,326032.8669855054
2024-12-21 20:30:00,326033.8338733218,326032.7379208496
2024-12-22 00:30:00,326027.25987096253,326032.44596376317
2024-12-22 04:30:00,326040.0897515011,326032.70780702506
2024-12-22 08:30:00,326042.22576520155,326032.8359582271
2024-12-22 12:30:00,326040.14757468435,326032.788148379
2024-12-22 16:30:00,326036.9880653281,326032.6006552664
2024-12-22 20:30:00,326041.3423898208,326032.66117265925
2024-12-23 00:30:00,326039.41359106463,326032.53142693907
2024-12-23 04:30:00,326034.75156689424,326032.50162044284
2024-12-23 08:30:00,326014.3051194534,326032.3845673542
2024-12-23 12:30:00,326003.30667307257,326032.1547401358
2024-12-23 16:30:00,326025.7646941013,326031.95777832955
2024-12-23 20:30:00,326031.2919283428,326031.8775304913
2024-12-24 00:30:00,326012.0704012964,326031.73596114706
2024-12-24 04:30:00,325994.26345468586,326031.42445832957
2024-12-24 08:30:00,326021.5589052829,326031.34571132925
2024-12-24 12:30:00,326021.7571913185,326031.15531904163
2024-12-24 16:30:00,325993.45942742086,326030.9412444578
2024-12-24 20:30:00,326009.98780338094,326030.83622621436
2024-12-25 00:30:00,326023.9869959582,326030.85496350646
2024-12-25 04:30:00,325993.70458690525,326030.6458113054
2024-12-25 08:30:00,325997.25612204155,326030.4498660965
2024-12-25 12:30:00,326069.3884813194,326030.50199571013
2024-12-25 16:30:00,326051.37359740055,326030.54113376566
2024-12-25 20:30:00,326074.5010155252,326030.8659341374
2024-12-26 00:30:00,326037.7144411218,326030.89996388
2024-12-26 04:30:00,326037.12066029717,326030.87634369376
2024-12-26 08:30:00,326034.32893931534,326030.78207958746
2024-12-26 12:30:00,326054.17668321094,326030.8209999524
2024-12-26 16:30:00,326050.712448463,326030.92969445576
2024-12-26 20:30:00,326058.74146348366,326031.0450544735
2024-12-27 00:30:00,326063.5261522318,326031.1200828701
2024-12-27 04:30:00,326014.83938080503,326031.03529015486
2024-12-27 08:30:00,326009.6926201304,326030.95839998405
2024-12-27 12:30:00,326039.98577021755,326030.8118097449
2024-12-27 16:30:00,326032.45615763415,326030.77756088704
2024-12-27 20:30:00,326000.8646367338,326030.65102465084
2024-12-28 00:30:00,326011.13013998925,326030.6415212158
2024-12-28 04:30:00,326014.6498797103,326030.6816313223
2024-12-28 08:30:00,326038.15292605205,326030.8308484581
2024-12-28 12:30:00,326075.63143343077,326030.92585137073
2024-12-28 16:30:00,326041.64844019467,326031.01919254987
2024-12-28 20:30:00,326039.0244603508,326031.1208821006
2024-12-29 00:30:00,326021.13825259,326031.0739738807
2024-12-29 04:30:00,325994.3101439276,326031.05574447475
2024-12-29 08:30:00,326014.17433241964,326030.89089828415
2024-12-29 12:30:00,326020.4905442636,326030.5531404879
2024-12-29 16:30:00,326031.78480057797,326030.5044179893
2024-12-29 20:30:00,326032.98022241815,326030.54093087284
2024-12-30 00:30:00,326041.083828747,326030.57596822846
2024-12-30 04:30:00,326031.64125403244,326030.6187070564
2024-12-30 08:30:00,326022.0286165882,326030.6551453392
2024-12-30 12:30:00,326038.86691541993,326030.5780610267
2024-12-30 16:30:00,326046.99106303504,326030.6431012162
2024-12-30 20:30:00,326000.9364559381,326030.4961452508
2024-12-31 00:30:00,326035.98399784754,326030.46700067644
2024-12-31 04:30:00,326034.06773066043,326030.4197844524
2024-12-31 08:30:00,326020.4067521289,326030.3694941935
2024-12-31 12:30:00,326021.7018116159,326030.2829096536
2024-12-31 16:30:00,326050.05992684176,326030.4354633118
2024-12-31 20:30:00,326032.13301775133,326030.49732614926
2025-01-01 00:30:00,326019.4831646245,326030.38832410483
2025-01-01 04:30:00,326042.1034023659,326030.633599059
2025-01-01 08:30:00,326007.62273839395,326030.6743320183
2025-01-01 12:30:00,326022.86780584045,326030.4583960979
2025-01-01 16:30:00,326035.82558525377,326030.2333341262
2025-01-01 20:30:00,326003.63993173727,326030.11675207893
2025-01-02 00:30:00,325997.8669088931,326029.9530189395
2025-01-02 04:30:00,326027.4011583165,326029.98255672597
2025-01-02 08:30:00,326008.6998370579,326029.97372019285
2025-01-02 12:30:00,326040.63920222543,326030.0509219933
2025-01-02 16:30:00,326074.10240676376,326030.3012267861
2025-01-02 20:30:00,326012.50143926666,326030.2843212864
2025-01-03 00:30:00,326024.61737392674,326030.2345607512
2025-01-03 04:30:00,326043.483116078,326030.4332305014
2025-01-03 08:30:00,326028.4359191713,326030.5277088883
2025-01-03 12:30:00,326022.4867801367,326030.2694061958
2025-01-03 16:30:00,326050.9579767585,326030.1337057749
2025-01-03 20:30:00,326056.8292912256,326030.3506711713
2025-01-04 00:30:00,326041.89074573567,326030.3696444348
2025-01-04 04:30:00,326049.217153046,326030.40351097623
2025-01-04 08:30:00,326038.0646368969,326030.5270298484
2025-01-04 12:30:00,326034.728408274,326030.56073285604
2025-01-04 16:30:00,326064.74084056326,326030.73482544755
2025-01-04 20:30:00,326023.96501981723,326030.68989812036
2025-01-05 00:30:00,326012.74750274484,326030.5090125807
2025-01-05 04:30:00,326033.4491232925,326030.49203197076
2025-01-05 08:30:00,326059.4590477388,326030.7624253598
2025-01-05 12:30:00,326040.6246558534,326030.883408452
2025-01-05 16:30:00,326049.19946395996,326030.86175143765
2025-01-05 20:30:00,326062.5629168998,326031.09697388
2025-01-06 00:30:00,326020.3591426415,326031.0455819063
2025-01-06 04:30:00,326026.6668202376,326031.03249049064
2025-01-06 08:30:00,326042.0893083268,326031.0874783588
2025-01-06 12:30:00,326034.03196164046,326031.0803869039
2025-01-06 16:30:00,326048.77631428343,326031.13092889026
2025-01-06 20:30:00,326035.49203826144,326031.1369395699
2025-01-07 00:30:00,326025.4723269413,326031.120645281
2025-01-07 04:30:00,326028.1276949673,326030.9579882154
2025-01-07 08:30:00,326039.2199740644,326030.9679735434
2025-01-07 12:30:00,326037.684703102,326030.96875215153
2025-01-07 16:30:00,326043.3163209856,326030.82777334924
2025-01-07 20:30:00,326035.6490910638,326030.85869120265
2025-01-08 00:30:00,326017.6354466678,326030.85417023295
2025-01-08 04:30:00,326047.28581286804,326030.9290835662
2025-01-08 08:30:00,326064.0578247096,326031.0647407705
2025-01-08 12:30:00,326038.1554909517,326030.98153960955
2025-01-08 16:30:00,326032.1305612235,326030.88367246056
2025-01-08 20:30:00,326054.22785197606,326030.9970329207
2025-01-09 00:30:00,326041.18787395314,326031.00674547034
2025-01-09 04:30:00,326014.1396951219,326030.79011539783
2025-01-09 08:30:00,326028.4941382708,326030.6066303973
2025-01-09 12:30:00,326031.871434736,326030.5437667712
2025-01-09 16:30:00,326028.8434073994,326030.51455001085
2025-01-09 20:30:00,326012.66419233254,326030.3901256509
2025-01-10 00:30:00,326043.89368661394,326030.43503940635
2025-01-10 04:30:00,326043.06054863165,326030.5470088722
2025-01-10 08:30:00,326026.82396677084,326030.3904390268
2025-01-10 12:30:00,326006.1087656749,326030.23771563405
2025-01-10 16:30:00,326012.40765507106,326030.18310617044
2025-01-10 20:30:00,326021.0054740375,326030.15714322566
2025-01-11 00:30:00,326013.58458189823,326030.1164758544
2025-01-11 04:30:00,326008.2783235993,326029.93985579046
2025-01-11 08:30:00,326024.857226184,326029.83772597666
2025-01-11 12:30:00,326068.20512718766,326029.99512364896
2025-01-11 16:30:00,326054.837412129,326030.1414344639
2025-01-11 20:30:00,326005.7542828068,326030.03006061475
2025-01-12 00:30:00,326018.53920963116,326029.9594593896
2025-01-12 04:30:00,326024.03772597597,326029.9041623641
2025-01-12 08:30:00,326017.28697128914,326029.8590031456
2025-01-12 12:30:00,325998.0005585122,326029.64987081755
2025-01-12 16:30:00,325996.52193377755,326029.5717842187
2025-01-12 20:30:00,326013.8043932505,326029.57046551234
2025-01-13 00:30:00,326039.93881912326,326029.81402163976
2025-01-13 04:30:00,326019.6121123227,326029.88919313013
2025-01-13 08:30:00,326006.0478396103,326029.80564682453
2025-01-13 12:30:00,326064.32858897,326029.7438301845
2025-01-13 16:30:00,326076.86158026353,326030.0333434241
2025-01-13 20:30:00,326037.9390910708,326030.31372544664
2025-01-14 00:30:00,326033.5654461916,326030.586436204
2025-01-14 04:30:00,326043.65103999304,326030.9095936881
2025-01-14 08:30:00,326028.2955145531,326030.8669044674
2025-01-14 12:30:00,326027.6242004443,326030.6448510597
2025-01-14 16:30:00,325972.9039226989,326030.2984102318
2025-01-14 20:30:00,325985.38767478307,326030.0066803539
2025-01-15 00:30:00,325999.26379071485,326029.89299181354
2025-01-15 04:30:00,326020.37935276725,326029.9032844628
2025-01-15 08:30:00,326007.74934693374,326029.78442698723
2025-01-15 12:30:00,326041.3934951501,326029.7777076074
2025-01-15 16:30:00,326088.21148209425,326030.04117174516
2025-01-15 20:30:00,326048.4033079199,326030.17907263763
2025-01-16 00:30:00,325995.3212845255,326030.14850815164
2025-01-16 04:30:00,326028.60595041886,326030.1858124571
2025-01-16 08:30:00,326040.8728758082,326030.26789138425
2025-01-16 12:30:00,326040.1011095592,326030.31622002635
2025-01-16 16:30:00,325990.4187975566,326029.7966970682
2025-01-16 20:30:00,325984.3510298514,326029.48809817724
2025-01-17 00:30:00,326017.47503768577,326029.6938155195
2025-01-17 04:30:00,326017.70607277914,326029.76340458076
2025-01-17 08:30:00,326015.4690492222,326029.76805597625
2025-01-17 12:30:00,326036.47838313796,326029.8961044682
2025-01-17 16:30:00,326062.887502822,326029.85643850674
2025-01-17 20:30:00,326047.2771058616,326029.9467313415
2025-01-18 00:30:00,326015.59200378926,326029.89883219515
2025-01-18 04:30:00,326063.91842919827,326030.01493228215
2025-01-18 08:30:00,326029.95360110665,326030.0749549334
2025-01-18 12:30:00,326037.7479417039,326030.2010518694
2025-01-18 16:30:00,326023.6973346289,326030.05017970665
2025-01-18 20:30:00,326015.48604001274,326030.04541363515
2025-01-19 00:30:00,326009.417414491,326030.15032076195
2025-01-19 04:30:00,326013.11196321686,326030.137329883
2025-01-19 08:30:00,326009.0783836637,326030.04477247683
2025-01-19 12:30:00,326047.1665917461,326030.2827879968
2025-01-19 16:30:00,326051.8338986498,326030.1789201469
2025-01-19 20:30:00,326012.0322870156,326030.016744656
2025-01-20 00:30:00,325977.86809855694,326029.7901482267
2025-01-20 04:30:00,326045.26287009736,326029.871572278
2025-01-20 08:30:00,326062.5450691372,326030.0510127387
2025-01-20 12:30:00,326032.9182540157,326030.0936859201
2025-01-20 16:30:00,326025.218271984,326029.8076401496
2025-01-20 20:30:00,326030.10323937755,326029.7869144055
2025-01-21 00:30:00,325996.9007306986,326029.61825251515
2025-01-21 04:30:00,326021.2275941891,326029.51346275234
2025-01-21 08:30:00,326026.6868424876,326029.42713540385
2025-01-21 12:30:00,326037.09223536804,326029.41016129655
2025-01-21 16:30:00,326041.1307798746,326029.4331763774
2025-01-21 20:30:00,326004.22699064185,326029.2269797153
2025-01-22 00:30:00,325998.55375623127,326028.99998063286
2025-01-22 04:30:00,326044.8372026467,326029.0560119426
2025-01-22 08:30:00,326078.64117711707,326029.4134344852
2025-01-22 12:30:00,326014.4585076493,326029.47538912174
2025-01-22 16:30:00,326004.1915066384,326029.3555380803
2025-01-22 20:30:00,326045.81322444143,326029.43621194747
2025-01-23 00:30:00,326056.2659719561,326029.68174289557
2025-01-23 04:30:00,326042.77460282407,326029.95124927413
2025-01-23 08:30:00,326034.12074368214,326030.02103726525
2025-01-23 12:30:00,326033.5454457759,326030.08652756776
2025-01-23 16:30:00,326046.2400246792,326030.37975310814
2025-01-23 20:30:00,326022.515129541,326030.44934936456
2025-01-24 00:30:00,325999.9529759251,326030.31582703104
2025-01-24 04:30:00,326015.3532187197,326030.43609720777
2025-01-24 08:30:00,326091.3234469404,326030.95869345724
2025-01-24 12:30:00,326036.06105084287,326030.7735410657
2025-01-24 16:30:00,326009.7616129227,326030.54236337414
2025-01-24 20:30:00,326023.98516910506,326030.2617197829
2025-01-25 00:30:00,326028.0846403116,326030.2082208895
2025-01-25 04:30:00,326008.62221563637,326030.049896197
2025-01-25 08:30:00,326012.10044237383,326029.9264045473
2025-01-25 12:30:00,326044.4216954478,326029.87221017084
2025-01-25 16:30:00,326054.1376971962,326029.8912393304
2025-01-25 20:30:00,326007.57116503926,326029.60695989465
2025-01-26 00:30:00,325995.95915451465,326029.2315876851
2025-01-26 04:30:00,326035.01179121196,326029.3436566318
2025-01-26 08:30:00,326034.22614324844,326029.47995398246
2025-01-26 12:30:00,326056.85248675663,326029.5736579632
2025-01-26 16:30:00,326016.8409180677,326029.4869066323
2025-01-26 20:30:00,326024.6807866726,326029.6192185764
2025-01-27 00:30:00,326003.50253196445,326029.57684297627
2025-01-27 04:30:00,326009.8896868977,326029.55039746064
2025-01-27 08:30:00,325971.64289446425,326029.1808972852
2025-01-27 12:30:00,326017.3488458472,326028.85710513196
2025-01-27 16:30:00,326066.7190281544,326028.9963861762
2025-01-27 20:30:00,326022.92918985547,326028.90696800675
2025-01-28 00:30:00,326023.988658717,326028.92280359636
2025-01-28 04:30:00,326033.93546031765,326029.1429442429
2025-01-28 08:30:00,326036.2537316531,326029.26560757204
2025-01-28 12:30:00,326059.88429363276,326029.4844617351
2025-01-28 16:30:00,326034.9187506293,326029.5018725688
2025-01-28 20:30:00,326010.2768139568,326029.3757425218
2025-01-29 00:30:00,326009.6475760695,326029.2010966736
2025-01-29 04:30:00,325998.5638004323,326029.0173330425
2025-01-29 08:30:00,325996.46280185616,326028.8753007384
2025-01-29 12:30:00,326040.3904768895,326028.8837649688
2025-01-29 16:30:00,326070.09914942033,326029.01214322646
2025-01-29 20:30:00,326041.6820859698,326029.23850783776
2025-01-30 00:30:00,325996.91831207427,326029.02147625014
2025-01-30 04:30:00,326038.3047557498,326029.0450152784
2025-01-30 08:30:00,326025.9502912862,326029.0758127182
2025-01-30 12:30:00,326056.16531221435,326029.26727661036
2025-01-30 16:30:00,326019.20129935903,326029.09583979106
2025-01-30 20:30:00,326005.9739563926,326028.9505116724
2025-01-31 00:30:00,326022.93087804597,326028.96966563584
2025-01-31 04:30:00,326033.01633894874,326028.91918195016
2025-01-31 08:30:00,326014.09073833993,326028.95511528326
2025-01-31 12:30:00,326008.1188291036,326028.8731765236
2025-01-31 16:30:00,326070.69498804864,326029.066895428
2025-01-31 20:30:00,326020.91964777996,326029.1628938504
2025-02-01 00:30:00,326000.2553480346,326029.1761629568
2025-02-01 04:30:00,326009.55699340324,326029.0770287073
2025-02-01 08:30:00,325998.121005726,326029.0182574221
2025-02-01 12:30:00,326041.4162949205,326029.0225746038
2025-02-01 16:30:00,326015.6387311882,326028.6977764061
2025-02-01 20:30:00,326011.54366150696,326028.6924554185
2025-02-02 00:30:00,325996.9798755711,326028.53891376103
2025-02-02 04:30:00,326051.5553603479,326028.5837595625
2025-02-02 08:30:00,326036.49152149947,326028.6285129088
2025-02-02 12:30:00,326035.2416402304,326028.6993732426
2025-02-02 16:30:00,326073.42451702815,326028.82418735523
2025-02-02 20:30:00,326068.5163874881,326028.8891156678
2025-02-03 00:30:00,326022.2896643763,326028.7802207714
2025-02-03 04:30:00,326059.0622487174,326028.83491574734
2025-02-03 08:30:00,326020.96403882204,326028.7399124247
2025-02-03 12:30:00,326058.6152827203,326028.87261728273
2025-02-03 16:30:00,326040.6549437926,326028.7388067451
2025-02-03 20:30:00,326035.43732045486,326028.8025417487
2025-02-04 00:30:00,326024.6876332188,326028.8688758068
2025-02-04 04:30:00,326031.50511828554,326028.858075779
2025-02-04 08:30:00,326005.8355238945,326028.5601673132
2025-02-04 12:30:00,326028.52473635937,326028.49294553825
2025-02-04 16:30:00,326060.3238648855,326028.5547477656
2025-02-04 20:30:00,326029.0158065904,326028.3683749306
2025-02-05 00:30:00,326013.6062872729,326028.3308590674
2025-02-05 04:30:00,326044.05797688186,326028.42747660435
2025-02-05 08:30:00,326019.0787548715,326028.29964019626
2025-02-05 12:30:00,326016.68021462485,326028.2032416017
2025-02-05 16:30:00,326032.83620750357,326028.1146854529
2025-02-05 20:30:00,326008.2504767961,326027.9633434448
2025-02-06 00:30:00,326000.7777795436,326027.8261515148
2025-02-06 04:30:00,326006.5625499388,326027.7063451535
2025-02-06 08:30:00,325987.69271552714,326027.4200826061
2025-02-06 16:30:00,326037.2273217876,326027.3287216023
2025-02-06 20:30:00,326069.7745637151,326027.51936670084
2025-02-07 00:30:00,326026.71034499956,326027.5700644569
2025-02-07 04:30:00,326016.90993635595,326027.4003668227
2025-02-07 08:30:00,326012.5387526182,326027.1125507775
2025-02-07 12:30:00,326054.42545956,326027.20344445686
2025-02-07 16:30:00,326026.68036170077,326027.1729964149
2025-02-08 04:30:00,326044.19631486497,326027.11077543546
2025-02-08 08:30:00,326045.18337676255,326027.20506491844
2025-02-08 20:30:00,326012.6270979453,326027.1688260231
2025-02-09 00:30:00,326024.41859559866,326027.0575397887
2025-02-09 04:30:00,326022.0263074664,326026.9373441249
2025-02-09 08:30:00,326024.87979368854,326026.92623456445
2025-02-09 12:30:00,326017.73281086195,326026.99265767983
2025-02-10 00:30:00,326040.7968680751,326027.2688685031
2025-02-10 04:30:00,326028.31130108685,326027.3846660608
2025-02-10 08:30:00,326021.3434982217,326027.36435549456
2025-02-10 12:30:00,326042.85727633996,326027.2178361255
2025-02-10 16:30:00,326019.0870168337,326027.01118644176
2025-02-11 00:30:00,326034.2123200687,326027.2258958259
2025-02-11 04:30:00,326028.89172990655,326027.25411677896
2025-02-11 08:30:00,326047.4738987791,326027.42962217133
2025-02-11 12:30:00,326050.44521641615,326027.7345329731
2025-02-11 16:30:00,326022.55150059547,326027.8858676639
2025-02-11 20:30:00,326011.0924491754,326027.8701005472
2025-02-12 00:30:00,326025.6002186473,326027.7867365909
2025-02-12 04:30:00,326024.09641445696,326027.812808115
2025-02-12 08:30:00,326016.9996928905,326027.87648168055
2025-02-12 12:30:00,326030.12008810794,326027.67759504763
2025-02-12 16:30:00,326035.9886560149,326027.4399617671
2025-02-13 00:30:00,326026.4076027157,326027.3367046164
2025-02-13 04:30:00,326034.7286938364,326027.2845271535
2025-02-13 08:30:00,326042.11514757335,326027.3653437208
2025-02-13 12:30:00,326038.9310740169,326027.4314657885
2025-02-13 16:30:00,326029.6156715205,326027.7631134424
2025-02-13 20:30:00,325998.76923806116,326027.84136819845
2025-02-14 00:30:00,326015.53111695853,326027.93649876124
2025-02-14 04:30:00,326029.6117657559,326027.99048948055
2025-02-14 08:30:00,326028.6871625684,326028.11293284677
2025-02-14 12:30:00,326033.7348463512,326028.0681454269
2025-02-14 16:30:00,326056.0497088165,326027.8800648814
2025-02-14 20:30:00,325994.2043505521,326027.5631119144
2025-02-15 00:30:00,326017.5283517389,326027.6929778045
2025-02-15 04:30:00,326023.89610892656,326027.6654348718
2025-02-15 08:30:00,326017.78549546545,326027.53042095166
2025-02-15 12:30:00,326018.9487959252,326027.4067232111
2025-02-15 16:30:00,326026.6841135867,326027.61880108266
2025-02-15 20:30:00,326018.6701371357,326027.8194976165
2025-02-16 00:30:00,326020.4794215963,326027.837067113
2025-02-16 04:30:00,326030.9956877935,326027.91478415986
2025-02-16 08:30:00,326037.91757426236,326028.0460620841
2025-02-16 12:30:00,326033.1005079016,326028.02630842774
2025-02-16 16:30:00,326049.67760407145,326027.9490575578
2025-02-16 20:30:00,326031.73689096497,326027.8581791081
2025-02-17 00:30:00,326037.5897145321,326027.98682069144
2025-02-17 04:30:00,326046.34703206876,326027.8840639831
2025-02-17 08:30:00,326035.7751074465,326027.9181078798
2025-02-17 12:30:00,326011.4115682823,326027.76409400016
2025-02-17 16:30:00,326046.3250733489,326027.8964199576
2025-02-17 20:30:00,326018.07333766506,326027.9115503532
2025-02-18 00:30:00,326003.5180097168,326027.87705091015
2025-02-18 04:30:00,326010.4623721893,326027.8615562257
2025-02-18 08:30:00,326009.21592891274,326027.8623605839
2025-02-18 12:30:00,326032.4573287567,326027.7763415021
2025-02-18 16:30:00,326040.60675358714,326027.710685683
2025-02-18 20:30:00,326040.1126267256,326027.8748981959
2025-02-19 00:30:00,326009.1035943173,326028.0575619138
2025-02-19 04:30:00,326027.93499774253,326027.95622932696
2025-02-19 08:30:00,326055.8221794003,326027.9169141823
2025-02-19 12:30:00,325989.94174804364,326027.66558958596
2025-02-19 16:30:00,326019.3897232693,326027.63150450576
2025-02-19 20:30:00,325996.53957841493,326027.4352257867
2025-02-20 00:30:00,325998.44336217066,326027.4442470234
2025-02-20 04:30:00,326001.3635289872,326027.3280828994
2025-02-20 08:30:00,326044.3945094983,326027.4316365077
2025-02-20 12:30:00,326007.9049150637,326027.260950424
2025-02-20 16:30:00,326007.4414967026,326027.0639370721
2025-02-20 20:30:00,326046.40138239245,326027.310570942
2025-02-21 00:30:00,326037.5365862593,326027.5385407082
2025-02-21 04:30:00,326022.8337804901,326027.40986572485
2025-02-21 08:30:00,326053.5621010641,326027.2632044614
2025-02-21 12:30:00,326039.557787637,326027.4099838765
2025-02-21 16:30:00,326036.7325280992,326027.60028224764
2025-02-21 20:30:00,326018.45486247545,326027.4402918268
2025-02-22 00:30:00,325991.213951669,326027.05987065553
2025-02-22 04:30:00,326023.0741327165,326026.944663228
2025-02-22 08:30:00,326044.85304139636,326027.00742520293
2025-02-22 12:30:00,326045.8001484207,326027.0790901307
2025-02-22 16:30:00,326011.3628213564,326026.87512987736
2025-02-22 20:30:00,325997.37872329017,326026.7281333495
2025-02-23 00:30:00,326021.72593644884,326026.85546060407
2025-02-23 04:30:00,326029.781065491,326026.939833977
2025-02-23 08:30:00,326044.1518484336,326026.6639766758
2025-02-23 12:30:00,326022.04541192093,326026.5820138751
2025-02-23 16:30:00,326019.41707810864,326026.6384785838
2025-02-23 20:30:00,326040.79570926854,326026.7367858362
2025-02-24 00:30:00,326038.55749947694,326026.79803062667
2025-02-24 04:30:00,326011.3550976005,326026.8140123925
2025-02-24 08:30:00,326058.33183805627,326027.08437143156
2025-02-24 12:30:00,326052.352056345,326027.1307478111
2025-02-24 16:30:00,325989.37789726205,326026.7520355308
2025-02-24 20:30:00,325997.9469096173,326026.69575333537
2025-02-25 00:30:00,326043.5593734013,326026.9741171885
2025-02-25 04:30:00,326035.99658942217,326026.97987624235
2025-02-25 08:30:00,326049.0868240159,326027.0667808082
2025-02-25 12:30:00,326024.6551780437,326026.8784924532
2025-02-25 16:30:00,325994.3810639367,326026.74714827695
2025-02-25 20:30:00,325984.955523515,326026.51483679656
2025-02-26 00:30:00,326011.96450955095,326026.56432204554
2025-02-26 04:30:00,326017.0491255221,326026.6061901077
2025-02-26 08:30:00,326034.00598291185,326026.97088653134
2025-02-26 12:30:00,326087.14930525556,326027.37907635246
2025-02-26 16:30:00,326031.89596900076,326027.1754327317
2025-02-26 20:30:00,325992.2372479344,326026.9959476912
2025-02-27 00:30:00,326046.539500365,326027.1278239581
2025-02-27 04:30:00,326045.34085994493,326027.1945222016
2025-02-27 08:30:00,326050.9940619816,326027.28072296374
2025-02-27 12:30:00,326050.66568017175,326027.2268129435
2025-02-27 16:30:00,326019.88491851185,326027.1388957966
2025-02-27 20:30:00,326009.33096147724,326027.1333644956
2025-02-28 00:30:00,326044.36220557214,326027.3363740248
2025-02-28 04:30:00,326050.27757280506,326027.6387937463
2025-02-28 08:30:00,326028.18877649086,326027.82432576176
2025-02-28 12:30:00,326074.54288411804,326028.02404744143
2025-02-28 16:30:00,326064.16886174015,326027.9893673965
2025-02-28 20:30:00,325994.6956765999,326027.7145930727
2025-03-01 00:30:00,326020.2831736118,326027.8512296899
2025-03-01 04:30:00,326041.0761327459,326027.86743657285
2025-03-01 08:30:00,326021.1700856244,326027.8394821538
2025-03-01 12:30:00,325995.5835580028,326027.4852028894
2025-03-01 16:30:00,326022.4969131012,326027.50447548437
2025-03-01 20:30:00,326022.358186604,326027.6002896961
2025-03-02 00:30:00,326004.9366016421,326027.4950600096
2025-03-02 04:30:00,326018.03749119974,326027.40746440866
2025-03-02 08:30:00,325984.9891446839,326027.2372796505
2025-03-02 12:30:00,326019.7701088978,326027.30541578965
2025-03-02 16:30:00,326079.0405239676,326027.3542200932
2025-03-02 20:30:00,326000.82135944953,326027.2366862434
2025-03-03 00:30:00,325991.54590057617,326027.1857538021
2025-03-03 04:30:00,326051.52539706934,326027.43118306325
2025-03-03 08:30:00,325988.35134548286,326027.3740505473
2025-03-03 12:30:00,326005.067553939,326027.1614848105
2025-03-03 16:30:00,326046.0697515361,326027.3394439939
2025-03-03 20:30:00,326019.4530197178,326027.38569755066
2025-03-04 00:30:00,326020.3216699392,326027.52219927206
2025-03-04 04:30:00,326030.204774377,326027.39734204416
2025-03-04 08:30:00,325996.2715889147,326027.1621377601
2025-03-04 12:30:00,326014.8480592985,326027.04287705285
2025-03-04 16:30:00,326037.1060144565,326026.83048814896
2025-03-04 20:30:00,326037.7063778459,326026.6503126539
2025-03-05 00:30:00,326003.0993586218,326026.5380886437
2025-03-05 04:30:00,326066.6165557204,326026.58226587763
2025-03-05 08:30:00,326047.7242529268,326026.73875835777
2025-03-05 12:30:00,325982.4535614439,326026.29336817487
2025-03-05 16:30:00,326026.346460699,326026.2096928351
2025-03-05 20:30:00,326046.65679204854,326026.2753037801
2025-03-06 00:30:00,326036.9833393356,326026.34720849426
2025-03-06 04:30:00,326043.6896192636,326026.41846288595
2025-03-06 08:30:00,326026.9261996065,326026.54180017085
2025-03-06 12:30:00,325989.6497852691,326026.3144612756
2025-03-06 16:30:00,326039.97599172563,326026.19546786527
2025-03-06 20:30:00,326070.07696083334,326026.4355915743
2025-03-07 00:30:00,326053.82634986733,326026.6707966187
2025-03-07 04:30:00,326069.1000583345,326026.8172415395
2025-03-07 08:30:00,326051.55713596405,326027.00717359263
2025-03-07 12:30:00,325995.37084994785,326026.88255742495
2025-03-07 16:30:00,326032.2429331303,326026.87908798415
2025-03-07 20:30:00,326050.7174939282,326027.1274331136
2025-03-08 00:30:00,326026.8997109325,326027.28019294626
2025-03-08 04:30:00,326030.84034121997,326027.4221683339
2025-03-08 08:30:00,326047.4252569371,326027.77148144157
2025-03-08 12:30:00,326031.2323247146,326027.79160262336
2025-03-08 16:30:00,326036.59721882164,326027.787939234
2025-03-08 20:30:00,326074.41995863424,326027.814947344
2025-03-09 00:30:00,326072.334292916,326028.08020285517
2025-03-09 04:30:00,326052.41980944906,326028.2866556057
2025-03-09 08:30:00,326058.10172063136,326028.55155658256
2025-03-09 12:30:00,326020.91527315974,326028.3567299174
2025-03-09 16:30:00,325998.63924608706,326028.1937001755
2025-03-09 20:30:00,326019.2100311549,326028.1417714528
2025-03-10 00:30:00,326046.81957083405,326028.2491151274
2025-03-10 04:30:00,326017.03061972704,326028.0929904427
2025-03-10 08:30:00,326031.5176087027,326028.01445154584
2025-03-10 12:30:00,326050.3459158268,326028.14205991314
2025-03-10 16:30:00,326026.5513115742,326028.13302157033
2025-03-10 20:30:00,326064.584746991,326028.4282354853
2025-03-11 00:30:00,326055.9119810056,326028.60717517516
2025-03-11 04:30:00,326005.6533822366,326028.5141471909
2025-03-11 08:30:00,326054.3372202704,326028.68151893286
2025-03-11 12:30:00,326055.27100762,326028.8948041417
2025-03-11 16:30:00,325979.38656671124,326028.6150965856
2025-03-11 20:30:00,326013.5419825897,326028.53041616984
2025-03-12 00:30:00,326063.6554637061,326028.65883524646
2025-03-12 04:30:00,326056.149838049,326028.8152315215
2025-03-12 08:30:00,326038.41059193166,326028.91111407045
2025-03-12 12:30:00,326075.2257449438,326029.0929593997
2025-03-12 16:30:00,326030.4069385889,326029.1565544657
2025-03-12 20:30:00,326020.6993916764,326029.1093077462
2025-03-13 00:30:00,326038.3405812254,326029.1323706577
2025-03-13 04:30:00,326031.14949411905,326029.1449838656
2025-03-13 08:30:00,326051.0422811572,326029.1649189627
2025-03-13 12:30:00,326081.2296898361,326029.33689926116
2025-03-13 16:30:00,326015.1039330091,326029.2952927383
2025-03-13 20:30:00,325988.852015726,326029.1710445068
2025-03-14 00:30:00,326053.5506731485,326029.32719229726
2025-03-14 04:30:00,326025.0876554328,326029.3327299563
2025-03-14 08:30:00,325987.8952941535,326029.17013554997
2025-03-14 12:30:00,326067.37843873963,326029.3782827602
2025-03-14 16:30:00,326048.801092172,326029.44986061583
2025-03-14 20:30:00,326009.9107242742,326029.3413098584
2025-03-15 00:30:00,326044.91983947635,326029.4441556182
2025-03-15 04:30:00,326020.4349797294,326029.3647460954
2025-03-15 08:30:00,326018.07092835556,326029.2311670997
2025-03-15 12:30:00,326026.5413215246,326029.16233514145
2025-03-15 16:30:00,326002.52598550555,326029.01183688577
2025-03-15 20:30:00,325998.45109312265,326029.0100694139
2025-03-16 00:30:00,326053.9783335844,326029.2236650618
2025-03-16 04:30:00,326045.2921475411,326029.31077829393
2025-03-16 08:30:00,325987.4286112401,326029.0815641199
2025-03-16 12:30:00,326046.63400467695,326029.15322611056
2025-03-16 16:30:00,326061.2908914085,326029.18234379165
2025-03-16 20:30:00,326015.7712076702,326029.30215966457
2025-03-17 00:30:00,326029.67862018425,326029.3696611559
2025-03-17 04:30:00,326049.54755243135,326029.5121691754
2025-03-17 08:30:00,326024.1614346056,326029.54759105947
2025-03-17 12:30:00,326046.240400346,326029.699211084
2025-03-17 16:30:00,326039.2085710263,326029.76879140316
2025-03-17 20:30:00,326047.7426555479,326029.93030539434
2025-03-18 00:30:00,326063.5802681768,326030.169754542
2025-03-18 04:30:00,326053.9859525581,326030.2974782352
2025-03-18 08:30:00,326009.38081733865,326030.1389406967
2025-03-18 12:30:00,326015.95195241313,326030.043670944
2025-03-18 16:30:00,326069.31093708804,326030.15274501627
2025-03-18 20:30:00,326042.42141785315,326030.21210349904
2025-03-19 00:30:00,326034.8085295674,326030.19665247144
2025-03-19 04:30:00,326063.9890103526,326030.29466346186
2025-03-19 08:30:00,326019.7862669963,326030.20583657053
2025-03-19 12:30:00,326042.88347122783,326030.38068047573
2025-03-19 16:30:00,326041.17272120935,326030.3520562972
2025-03-19 20:30:00,326060.0664934115,326030.5853516069
2025-03-20 00:30:00,326035.6358094163,326030.7637838274
2025-03-20 04:30:00,326041.40059164475,326030.9356628244
2025-03-20 08:30:00,326026.6644517073,326031.0325990622
2025-03-20 12:30:00,326012.9524513609,326030.9242386322
2025-03-20 16:30:00,326055.8925428856,326031.00915968383
2025-03-20 20:30:00,326028.15710077895,326030.94274009526
2025-03-21 00:30:00,326021.44833345665,326031.01132197934
2025-03-21 04:30:00,326050.87766625086,326031.1387812489
2025-03-21 08:30:00,326032.75107290637,326031.010608435
2025-03-21 12:30:00,326024.19652876427,326031.2009127723
2025-03-21 16:30:00,326044.08132318174,326031.33808832744
2025-03-21 20:30:00,326074.9762178398,326031.7738474353
2025-03-22 00:30:00,326045.98279102513,326032.0379553734
2025-03-22 04:30:00,326040.8320784334,326032.25722509256
2025-03-22 08:30:00,326035.91927076847,326032.21014043293
2025-03-22 12:30:00,326019.08925644273,326032.2722756628
2025-03-22 16:30:00,326037.73447431606,326032.44056998286
2025-03-22 20:30:00,326057.0339204732,326032.4996396389
2025-03-23 00:30:00,326039.19573650387,326032.50885714026
2025-03-23 04:30:00,326059.8722992084,326032.71462668874
2025-03-23 08:30:00,326029.9520383953,326032.58345967386
2025-03-23 12:30:00,325987.2283746757,326032.292740713
2025-03-23 16:30:00,326037.22386746784,326032.2954703761
2025-03-23 20:30:00,326064.1006511238,326032.54905809084
2025-03-24 00:30:00,326059.43812959077,326032.9280813015
2025-03-24 04:30:00,326057.00644948194,326033.11659417243
2025-03-24 08:30:00,326063.75980148383,326033.22163172846
2025-03-24 12:30:00,325998.13765271124,326032.9568400856
2025-03-24 16:30:00,326027.6187518853,326033.04715081083
2025-03-24 20:30:00,326050.3599280792,326033.34149083745
2025-03-25 00:30:00,326034.53685133107,326033.4126625868
2025-03-25 04:30:00,326019.7469276057,326033.3569173763
2025-03-25 08:30:00,326046.556889112,326033.3702787134
2025-03-25 12:30:00,326028.19958796335,326033.40446858027
2025-03-25 16:30:00,326024.2819533083,326033.43149566476
2025-03-25 20:30:00,326047.60050830257,326033.4693001038
2025-03-26 00:30:00,326049.3230724552,326033.5291088426
2025-03-26 04:30:00,326033.6515197271,326033.65297785436
2025-03-26 08:30:00,326061.9073546357,326033.6728418354
2025-03-26 12:30:00,326044.03210304887,326033.62661987264
2025-03-26 16:30:00,325989.01252949185,326033.62459005165
2025-03-26 20:30:00,326029.218362301,326033.79832034436
2025-03-27 00:30:00,326039.9513865396,326033.77827597293
2025-03-27 04:30:00,326033.0354521567,326033.76182521036
2025-03-27 08:30:00,326033.6422292926,326033.6760219063
2025-03-27 12:30:00,326048.8972698923,326033.8107001944
2025-03-27 16:30:00,326041.80540455546,326034.0741687534
2025-03-27 20:30:00,326028.59020928876,326034.31658367434
2025-03-28 00:30:00,326042.3725997843,326034.48551750893
2025-03-28 04:30:00,326032.0316108252,326034.5687535384
2025-03-28 08:30:00,326040.81588964484,326034.6065863536
2025-03-28 12:30:00,326070.562523457,326034.5144375658
2025-03-28 16:30:00,326018.31580321834,326034.43899220036
2025-03-28 20:30:00,326032.0060350129,326034.6599299063
2025-03-29 00:30:00,326031.55507981736,326034.5766831255
2025-03-29 04:30:00,326015.6998897981,326034.4120110692
2025-03-29 08:30:00,326001.3337998963,326034.13612072426
2025-03-29 12:30:00,326021.2870078778,326033.9729058782
2025-03-29 16:30:00,326030.7267913372,326034.033138505
2025-03-29 20:30:00,326019.66239557386,326034.0905353611
2025-03-30 00:30:00,326036.7244212391,326034.0481032259
2025-03-30 04:30:00,326026.52690849104,326033.9161550908
2025-03-30 08:30:00,326020.6467007872,326033.8742546702
2025-03-30 12:30:00,326050.3777857988,326033.740004124
2025-03-30 16:30:00,326036.00604646263,326033.58354403917
2025-03-30 20:30:00,326031.3652834411,326033.78726407717
2025-03-31 00:30:00,326035.5840903648,326033.87226917024
2025-03-31 04:30:00,326021.06033672614,326033.76107030344
2025-03-31 08:30:00,326012.0148720573,326033.71020800585
2025-03-31 12:30:00,326037.97026112094,326033.94568968983
2025-03-31 16:30:00,326050.8790629944,326034.10336830036
2025-03-31 20:30:00,326045.00697139744,326034.22919488256
2025-04-01 00:30:00,326034.0887922016,326034.3911514968
2025-04-01 04:30:00,326010.3581448051,326034.3484884613
2025-04-01 08:30:00,325994.5463072384,326034.40158380877
2025-04-01 12:30:00,326035.2897485506,326034.4878040291
2025-04-01 16:30:00,326014.401913034,326034.128700635
2025-04-01 20:30:00,326026.13646311447,326034.2693400998
2025-04-02 00:30:00,326032.2568136493,326034.4955118391
2025-04-02 04:30:00,326053.94397430855,326034.5089483793
2025-04-02 08:30:00,326007.41360676585,326034.61484983086
2025-04-02 12:30:00,326020.98635115294,326034.70328759315
2025-04-02 16:30:00,326042.2485800425,326034.68205886264
2025-04-02 20:30:00,326021.4364541995,326034.6930779431
2025-04-03 00:30:00,326008.31348964985,326034.62636583037
2025-04-03 04:30:00,326051.26847633184,326034.7433863968
2025-04-03 08:30:00,325985.5823596981,326034.68400179
2025-04-03 12:30:00,326024.30603851273,326034.73654611903
2025-04-03 16:30:00,326046.50872806937,326034.78878341685
2025-04-03 20:30:00,326050.7348011346,326034.8611635463
2025-04-04 00:30:00,326043.9771820879,326035.0882625655
2025-04-04 04:30:00,326039.6233476945,326034.9383002987
2025-04-04 08:30:00,326026.88154099375,326034.8225074546
2025-04-04 12:30:00,326026.7689090883,326035.0687038304
2025-04-04 16:30:00,326032.62353340234,326035.10357645655
2025-04-04 20:30:00,326038.09638568794,326035.05601864343
2025-04-05 00:30:00,326032.4877554721,326035.0310431775
2025-04-05 04:30:00,326048.34424577456,326035.05690221366
2025-04-05 08:30:00,326026.67796268506,326035.0555231197
2025-04-05 12:30:00,326016.2404266076,326035.2032489049
2025-04-05 16:30:00,326039.7010051101,326035.20172120153
2025-04-05 20:30:00,326040.54451933753,326035.03765208204
2025-04-06 00:30:00,326043.15439793916,326034.9783634603
2025-04-06 04:30:00,326047.83479696093,326034.86022311926
2025-04-06 08:30:00,326063.14854048024,326034.924619811
2025-04-06 12:30:00,326034.50953745196,326035.1420569638
2025-04-06 16:30:00,326046.62284127733,326035.22194534243
2025-04-06 20:30:00,326050.4590749241,326035.2205096813
2025-04-07 00:30:00,326047.7324096526,326035.3362468964
2025-04-07 04:30:00,326043.84809718764,326035.40851220733
2025-04-07 08:30:00,326053.92069975927,326035.4445980008
2025-04-07 12:30:00,326015.5095136238,326035.3572490503
2025-04-07 16:30:00,326045.08115434664,326035.4043820255
2025-04-07 20:30:00,326064.2238970916,326035.3477372391
2025-04-08 00:30:00,326050.8175624595,326035.2281998476
2025-04-08 04:30:00,326031.6593881344,326035.1128641737
2025-04-08 08:30:00,326063.90638686606,326035.14511231944
2025-04-08 12:30:00,326047.10667124955,326035.2906200866
2025-04-08 16:30:00,326025.71151374426,326035.4410215736
2025-04-08 20:30:00,326051.4696463884,326035.62024165824
2025-04-09 00:30:00,326054.70768869406,326035.66406453523
2025-04-09 04:30:00,326057.794987945,326035.8905332475
2025-04-09 08:30:00,326044.59066165454,326035.96316131944
2025-04-09 12:30:00,326033.3367378375,326035.8686658862
2025-04-09 16:30:00,326047.3719234683,326035.9843359523
2025-04-09 20:30:00,326058.87509764446,326035.95261567814
2025-04-10 00:30:00,326034.003467139,326035.83090171224
2025-04-10 04:30:00,326051.35299408593,326036.08478844474
2025-04-10 08:30:00,326053.671088517,326036.0810877127
2025-04-10 12:30:00,326077.4270831387,326036.20417702117
2025-04-10 16:30:00,326007.6873401932,326036.36140354053
2025-04-10 20:30:00,326009.79890595365,326036.3406086704
2025-04-11 00:30:00,326018.41263424815,326036.0892596178
2025-04-11 04:30:00,326030.681084932,326035.94776654494
2025-04-11 08:30:00,326041.1729559704,326035.96311301185
2025-04-11 12:30:00,326049.57194265904,326035.820591888
2025-04-11 16:30:00,326040.8032270428,326035.8783490461
2025-04-11 20:30:00,326059.58913111157,326036.09440315404
2025-04-12 00:30:00,326063.95218416984,326036.23668983707
2025-04-12 04:30:00,326016.3471182135,326036.1544544154
2025-04-12 08:30:00,326038.3592016726,326036.08399286267
2025-04-12 12:30:00,326066.6088730256,326036.0027661026
2025-04-12 16:30:00,326059.35856193566,326036.2486251522
2025-04-12 20:30:00,326034.3290597347,326036.50127539673
2025-04-13 00:30:00,326066.45671460975,326036.57297562703
2025-04-13 04:30:00,326054.5268784191,326036.73652686586
2025-04-13 08:30:00,326027.8881945225,326036.95870964567
2025-04-13 12:30:00,326042.3269060525,326036.8195344641
2025-04-13 16:30:00,326042.964456492,326036.7871087103
2025-04-13 20:30:00,326030.80743143876,326036.9032015279
2025-04-14 00:30:00,326034.5937411068,326036.8458343147
2025-04-14 04:30:00,326022.5053541737,326036.85733639495
2025-04-14 08:30:00,326036.8481336941,326036.96165420243
2025-04-14 12:30:00,326041.8369763168,326037.0466300624
2025-04-14 16:30:00,326045.3815277218,326037.28471640806
2025-04-14 20:30:00,326045.3532849142,326037.5452841402
2025-04-15 00:30:00,326050.8824588028,326037.52808483585
2025-04-15 04:30:00,326050.07531457103,326037.55465798604
2025-04-15 08:30:00,326029.45120701374,326037.7881168515
2025-04-15 12:30:00,326036.24943140807,326037.7304247777
2025-04-15 16:30:00,326047.6357931411,326037.6545631207
2025-04-15 20:30:00,326022.89176882175,326037.6941217937
2025-04-16 00:30:00,326036.6285656237,326037.7327326017
2025-04-16 04:30:00,326033.3214836674,326037.6425877753
2025-04-16 08:30:00,326007.5100614637,326037.5500801467
2025-04-16 12:30:00,326029.48055921996,326037.4569699182
2025-04-16 16:30:00,326023.4826534399,326037.3696037094
2025-04-16 20:30:00,326052.2655949726,326037.39473115065
2025-04-17 00:30:00,326047.21810530283,326037.3038302458
2025-04-17 04:30:00,326036.8026567371,326037.2083674912
2025-04-17 08:30:00,326012.2177338353,326037.22412813845
2025-04-17 12:30:00,326038.2386485714,326037.3479431171
2025-04-17 16:30:00,326047.3734230847,326037.2260680393
2025-04-17 20:30:00,326045.22603052354,326037.2416492208
2025-04-18 00:30:00,326029.71964439075,326037.21337763645
2025-04-18 04:30:00,326037.3726801446,326037.0655091353
2025-04-18 08:30:00,325988.4564195307,326036.8914544272
2025-04-18 12:30:00,326019.0390691038,326036.7589855265
2025-04-18 16:30:00,326046.95744490024,326036.79112288036
2025-04-18 20:30:00,326051.4538515973,326036.74327487027
2025-04-19 00:30:00,326044.6580295319,326036.7933983153
2025-04-19 04:30:00,326057.06461733975,326036.88042068033
2025-04-19 08:30:00,326007.1763642023,326036.7721535275
2025-04-19 12:30:00,326023.7414050437,326036.8320921591
2025-04-19 16:30:00,326043.1670446775,326036.76139494684
2025-04-19 20:30:00,326055.34539804165,326036.9124410427
2025-04-20 00:30:00,326038.5296501824,326037.0073372468
2025-04-20 04:30:00,326046.1096626175,326036.98084833764
2025-04-20 08:30:00,326000.534436974,326036.8018670269
2025-04-20 12:30:00,326020.00904622325,326036.778603235
2025-04-20 16:30:00,326033.5590543425,326036.7201461859
2025-04-20 20:30:00,326048.60055740696,326036.5736147391
2025-04-21 00:30:00,326042.62927159766,326036.5549840756
2025-04-21 04:30:00,326052.93648259994,326036.6222307654
2025-04-21 08:30:00,326026.8486799051,326036.571838594
2025-04-21 12:30:00,326005.8768579336,326036.49843638
2025-04-21 16:30:00,326021.3622324341,326036.4074794807
2025-04-21 20:30:00,326040.2623958571,326036.31430434395
2025-04-22 00:30:00,326036.820648158,326036.30110940867
2025-04-22 04:30:00,326033.4285934785,326036.1541999324
2025-04-22 08:30:00,326024.2153893524,326036.12232965993
2025-04-22 12:30:00,326021.75681794825,326036.3141543448
2025-04-22 16:30:00,326024.9350920679,326036.24588337034
2025-04-22 20:30:00,326036.63508992444,326036.09329691925
2025-04-23 00:30:00,326031.52243593225,326035.9382097322
2025-04-23 04:30:00,326044.99310013757,326035.87146890257
2025-04-23 08:30:00,326054.38295938534,326035.81937533536
2025-04-23 12:30:00,326023.3376889208,326035.95937553653
2025-04-23 16:30:00,326025.2347341974,326035.9461309938
2025-04-23 20:30:00,326048.548491887,326035.93606745935
2025-04-24 00:30:00,326036.77711754455,326035.94851338275
2025-04-24 04:30:00,326041.4715118845,326036.06920551765
2025-04-24 08:30:00,326064.1795325723,326036.16710909246
2025-04-24 12:30:00,326069.6062398273,326036.39714604727
2025-04-24 16:30:00,326051.70846771053,326036.5495155717
2025-04-24 20:30:00,326055.1819282778,326036.59163457155
2025-04-25 00:30:00,326048.91201496887,326036.58935091883
2025-04-25 04:30:00,326037.3853645143,326036.61009450105
2025-04-25 08:30:00,326038.04873237264,326036.4775465996
2025-04-25 12:30:00,326047.59189258574,326036.4973232081
2025-04-25 16:30:00,326025.947339258,326036.7025165957
2025-04-25 20:30:00,326040.9120083483,326036.7674812959
2025-04-26 00:30:00,326042.43272271164,326036.7812664969
2025-04-26 04:30:00,325988.8294252105,326036.5356774583
2025-04-26 08:30:00,326029.7319128999,326036.51395347837
2025-04-26 12:30:00,326065.06817127374,326036.60379181936
2025-04-26 16:30:00,326054.60957788985,326036.67492611567
2025-04-26 20:30:00,326034.7153307839,326036.7089545684
2025-04-27 00:30:00,326058.6157616551,326036.7991943566
2025-04-27 04:30:00,326036.8929507514,326036.8262018006
2025-04-27 08:30:00,326009.83578052506,326036.65409008326
2025-04-27 12:30:00,326027.3298348977,326036.4139084802
2025-04-27 16:30:00,326013.46700748947,326036.38697072613
2025-04-27 20:30:00,326061.3941037473,326036.5502377747
2025-04-28 00:30:00,326025.5449168772,326036.51684798056
2025-04-28 04:30:00,325990.32701698504,326036.375887576
2025-04-28 08:30:00,326041.18635319575,326036.5972906499
2025-04-28 12:30:00,326067.58554720756,326036.85450475727
2025-04-28 16:30:00,326054.12570379686,326036.9844987154
2025-04-28 20:30:00,326045.4497000468,326037.12776151806
2025-04-29 00:30:00,326063.4549682744,326037.2762645571
2025-04-29 04:30:00,326041.46274674207,326037.3592414363
2025-04-29 08:30:00,325981.43765125354,326037.1414133833
2025-04-29 12:30:00,326028.39526539214,326037.01928827
2025-04-29 16:30:00,326025.8096798706,326036.9626417889
2025-04-29 20:30:00,326027.8890005324,326036.9433291061
2025-04-30 00:30:00,326026.0584360116,326036.8904088041
2025-04-30 04:30:00,326017.4849161274,326036.87054535636
2025-04-30 08:30:00,326016.2328831691,326036.8939787514
2025-04-30 12:30:00,326029.56929992774,326036.8473067448
2025-04-30 16:30:00,326051.8800761976,326036.8528679292
2025-04-30 20:30:00,326040.6776288053,326036.8288160259
2025-05-01 00:30:00,326059.8720740302,326036.97205648053
2025-05-01 04:30:00,326067.8804946404,326037.29162509076
2025-05-01 08:30:00,325987.31176681624,326037.2514331995
2025-05-01 12:30:00,326006.1580925707,326037.0895906663
2025-05-01 16:30:00,326060.54711949325,326037.3459529244
2025-05-01 20:30:00,326034.7425201215,326037.3937643522
2025-05-02 00:30:00,326013.9096021265,326037.2918353993
2025-05-02 04:30:00,326039.2576099971,326037.21024448646
2025-05-02 08:30:00,326033.08038285654,326037.35283768695
2025-05-02 12:30:00,326022.85079736635,326037.3631957215
2025-05-02 16:30:00,326050.56812315324,326037.4094154055
2025-05-02 20:30:00,326050.5058251121,326037.5709119105
2025-05-03 00:30:00,326033.2944312074,326037.7096949192
2025-05-03 04:30:00,326056.50146027555,326037.7387670521
2025-05-03 08:30:00,325995.2299178585,326037.79236459755
2025-05-03 12:30:00,326012.5403579758,326037.72699970566
2025-05-03 16:30:00,326040.78144962643,326037.6951814921
2025-05-03 20:30:00,326062.3527646597,326037.75972573383
2025-05-04 00:30:00,326047.87969273387,326037.7814063486
2025-05-04 04:30:00,326045.57372733235,326037.8144640132
2025-05-04 08:30:00,326020.5476180425,326037.77927555237
2025-05-04 12:30:00,326031.91722650663,326037.80787731585
2025-05-04 16:30:00,326022.1538284182,326037.74971228815
2025-05-04 20:30:00,326039.37845019455,326037.75683486875
2025-05-05 00:30:00,326051.8637691098,326037.8644793889
2025-05-05 04:30:00,326054.99394566077,326037.90142216615
2025-05-05 08:30:00,326061.4811807834,326038.0947733777
2025-05-05 12:30:00,326024.4012047239,326038.1401110339
2025-05-05 16:30:00,326037.4650989711,326038.12768933317
2025-05-05 20:30:00,326058.66257644905,326038.228345206
2025-05-06 00:30:00,326034.4951977949,326038.18023853854
2025-05-06 04:30:00,326036.31196304195,326038.1162227946
2025-05-06 08:30:00,326061.21297574736,326038.10546965717
2025-05-06 12:30:00,326030.95448416565,326038.0857193611
2025-05-06 16:30:00,326026.56632443407,326037.97429426754
2025-05-06 20:30:00,326055.6658686676,326038.00322089944
2025-05-07 00:30:00,326031.80247085646,326037.9147212395
2025-05-07 04:30:00,326043.84668063716,326037.91471336974
2025-05-07 08:30:00,326044.3344090943,326037.8614561994
2025-05-07 12:30:00,326037.34213484026,326037.9827485395
2025-05-07 16:30:00,326057.348344725,326038.0508995971
2025-05-07 20:30:00,326038.9021888358,326037.91022344015
2025-05-08 00:30:00,326048.9690446685,326037.8999538969
2025-05-08 04:30:00,326033.097569023,326037.9079437907
2025-05-08 08:30:00,326021.9035804836,326037.67459486634
2025-05-08 12:30:00,326038.8539511791,326037.6287464215
2025-05-08 16:30:00,326021.47664891183,326037.6052193946
2025-05-08 20:30:00,326036.2959130622,326037.5209208762
2025-05-09 00:30:00,326034.5093567448,326037.4087079209
2025-05-09 04:30:00,326019.18444355176,326037.1942048965
2025-05-09 08:30:00,326026.00296496326,326037.09093991487
2025-05-09 12:30:00,326034.02534777945,326037.09476552566
2025-05-09 16:30:00,326017.92918216606,326036.93119474064
2025-05-09 20:30:00,326035.6068364018,326036.8019266227
2025-05-10 00:30:00,326037.0792929877,326036.819014544
2025-05-10 04:30:00,326034.1452943929,326036.7234162124
2025-05-10 08:30:00,326038.1479366531,326036.63717647985
2025-05-10 12:30:00,326023.2073897247,326036.33595596085
2025-05-10 16:30:00,326056.9489461234,326036.60963154933
2025-05-10 20:30:00,326040.4717075676,326036.78003600275
2025-05-11 00:30:00,326047.99495460413,326036.94438222697
2025-05-11 04:30:00,326049.3546838947,326037.04812444345
2025-05-11 08:30:00,326035.2418592367,326037.015173906
2025-05-11 12:30:00,326042.5425025488,326036.97612146096
2025-05-11 16:30:00,326046.8991241021,326037.00998755574
2025-05-11 20:30:00,326048.38593060616,326036.94774755294
2025-05-12 00:30:00,326023.8734593882,326036.7250879708
2025-05-12 04:30:00,326019.9703470048,326036.74521701963
2025-05-12 08:30:00,326018.0214179133,326036.6322293321
2025-05-12 12:30:00,326014.3291140117,326036.3417862265
2025-05-12 16:30:00,326050.91893470846,326036.29489940853
2025-05-12 20:30:00,326065.6092976344,326036.46867850795
2025-05-13 00:30:00,326051.9313146606,326036.3879818416
2025-05-13 04:30:00,326013.5634697901,326036.16040734923
2025-05-13 08:30:00,326014.43609056296,326036.0856734383
2025-05-13 12:30:00,326032.3296768601,326036.03013327613
2025-05-13 16:30:00,326040.62623003806,326036.0171431292
2025-05-13 20:30:00,326053.5096490215,326036.1432665602
2025-05-14 00:30:00,326039.6628338952,326036.1714281868
2025-05-14 04:30:00,326052.3838717464,326036.3374199511
2025-05-14 08:30:00,326057.4248223384,326036.451734888
2025-05-14 12:30:00,326037.31610827456,326036.4266189544
2025-05-14 16:30:00,326040.24874305434,326036.39810348407
2025-05-14 20:30:00,326044.66814569297,326036.3942971551
2025-05-15 00:30:00,326045.9323108739,326036.3667963332
2025-05-15 04:30:00,326004.9730204469,326036.11622803257
2025-05-15 08:30:00,326008.94641487626,326036.00231252064
2025-05-15 12:30:00,326038.50434191426,326036.0148398013
2025-05-15 16:30:00,326054.7444449873,326036.05433231156
2025-05-15 20:30:00,326062.70353141124,326036.27550877037
2025-05-16 00:30:00,326041.80233641516,326036.30425194144
2025-05-16 04:30:00,326031.6261779041,326036.2948335761
2025-05-16 08:30:00,326024.0338490649,326036.386632396
2025-05-16 12:30:00,326037.4314867065,326036.43080421543
2025-05-16 16:30:00,326034.9589021463,326036.4945611527
2025-05-16 20:30:00,326019.0452779707,326036.310003836
2025-05-17 00:30:00,326033.60482664243,326036.2343745101
2025-05-17 04:30:00,326051.1034501797,326036.3138233626
2025-05-17 08:30:00,326031.6118259166,326036.42156831856
2025-05-17 12:30:00,326034.39204479253,326036.4001982976
2025-05-17 16:30:00,326049.2611301843,326036.4106855592
2025-05-17 20:30:00,326023.54938920686,326036.29025977413
2025-05-18 00:30:00,326035.0423753134,326036.3198305015
2025-05-18 04:30:00,326047.36510312656,326036.3753439626
2025-05-18 08:30:00,326043.72691779444,326036.68240228615
2025-05-18 12:30:00,326040.91875753086,326036.80395611085
2025-05-18 16:30:00,326053.11418654496,326036.83816023107
2025-05-18 20:30:00,326056.6120346765,326036.8668168037
2025-05-19 00:30:00,326043.0670683486,326036.8579781305
2025-05-19 04:30:00,326047.9319544486,326036.8072411144
2025-05-19 08:30:00,326016.48360493337,326036.8589480074
2025-05-19 12:30:00,326021.4724031646,326036.84634244133
2025-05-19 16:30:00,326053.9028917645,326036.9059860363
2025-05-19 20:30:00,326024.5274955169,326036.7347754667
2025-05-20 00:30:00,326028.15599743754,326036.6771440626
2025-05-20 04:30:00,326058.0840841963,326036.74366862694
2025-05-20 08:30:00,326044.8918021174,326036.9900984333
2025-05-20 12:30:00,326030.87144126685,326037.0504450724
2025-05-20 16:30:00,326040.82392861106,326037.09080548503
2025-05-20 20:30:00,326033.10302857874,326037.0047081026
2025-05-21 00:30:00,326038.3701288702,326036.9810461986
2025-05-21 04:30:00,326047.67212082766,326036.9517997443
2025-05-21 08:30:00,326050.3193096268,326037.0821921316
2025-05-21 12:30:00,326033.03790574294,326037.2330868417
2025-05-21 16:30:00,326050.4169579186,326037.39450198325
2025-05-21 20:30:00,326041.2274062384,326037.399863152
2025-05-22 00:30:00,326041.9165655476,326037.4281738042
2025-05-22 04:30:00,326056.2599533681,326037.5550146925
2025-05-22 08:30:00,326033.1319417497,326037.6045510947
2025-05-22 12:30:00,326016.1369097511,326037.57332938246
2025-05-22 16:30:00,326041.86895618634,326037.6674064053
2025-05-22 20:30:00,326037.9856145748,326037.6749093201
2025-05-23 04:30:00,326057.84046786703,326037.78105368384
2025-05-23 08:30:00,326057.4750890131,326037.79832815105
2025-05-23 12:30:00,326045.08726710855,326037.91983417445
2025-05-23 16:30:00,326041.27051443356,326038.0094195389
2025-05-23 20:30:00,326042.8655083076,326037.9776710273
2025-05-24 00:30:00,326031.9215227472,326037.9505447994
2025-05-24 04:30:00,326040.9736638261,326037.9477635253
2025-05-24 08:30:00,326003.045857474,326037.60623461416
2025-05-24 12:30:00,326019.3739262332,326037.3256071639
2025-05-24 16:30:00,326037.5241456453,326037.2463651412
2025-05-24 20:30:00,326026.49738623924,326037.086116303
2025-05-25 00:30:00,326027.4275469664,326036.96609134204
2025-05-25 04:30:00,326032.73373121093,326036.94010456384
2025-05-25 08:30:00,326055.7135666249,326037.0387907887
2025-05-25 12:30:00,326052.6193602442,326037.0668772002
2025-05-25 16:30:00,326042.3198309488,326037.1583436343
2025-05-25 20:30:00,326055.8593763815,326037.2418484836
2025-05-26 00:30:00,326049.2505408135,326037.27993685286
2025-05-26 04:30:00,326037.8190627546,326037.5536219788
2025-05-26 08:30:00,326028.90220637654,326037.5489867469
2025-05-26 12:30:00,326017.3101951952,326037.2821824112
2025-05-26 16:30:00,326022.30980268365,326037.1017367396
2025-05-26 20:30:00,326014.5532967566,326036.98909967806
2025-05-27 00:30:00,326013.23124448076,326036.73555488937
2025-05-27 04:30:00,325989.8379135832,326036.4726775868
2025-05-27 08:30:00,325999.9124114868,326036.41723977093
2025-05-27 12:30:00,326041.51839196455,326036.49650545284
2025-05-27 16:30:00,326035.30273335153,326036.6184927481
2025-05-27 20:30:00,326055.9634534398,326036.5881539196
2025-05-28 00:30:00,326049.24703879614,326036.72056800855
2025-05-28 04:30:00,326032.339772676,326036.9552761409
2025-05-28 08:30:00,326004.95231941255,326036.7528513712
2025-05-28 12:30:00,326013.88101222407,326036.4528260361
2025-05-28 16:30:00,326008.07374252257,326036.1955525094
2025-05-28 20:30:00,326038.39426712465,326036.156136683
2025-05-29 00:30:00,326058.0657203738,326036.12602915283
2025-05-29 04:30:00,326027.71636941086,326036.04923374875
2025-05-29 08:30:00,326020.09609204275,326036.2652026917
2025-05-29 12:30:00,326050.7830821752,326036.39027429384
2025-05-29 16:30:00,326044.6651238667,326036.4956119698
2025-05-29 20:30:00,326042.09960557724,326036.5750008248
2025-05-30 00:30:00,326055.6663877944,326036.7404083767
2025-05-30 04:30:00,326061.1471644696,326036.98433155176
2025-05-30 08:30:00,326044.8124940145,326037.1439941822
2025-05-30 12:30:00,326020.98268694046,326037.0960242772
2025-05-30 16:30:00,326034.7200429503,326037.0001581697
2025-05-30 20:30:00,326044.3508462621,326037.0206789376
2025-05-31 00:30:00,326041.78430094256,326036.919629926
2025-05-31 04:30:00,326020.5631890978,326036.6552874369
2025-05-31 08:30:00,326004.0587867099,326036.7488462073
2025-05-31 12:30:00,326000.8296771399,326036.7190785233
2025-05-31 16:30:00,326047.4111885429,326036.64569343417
2025-05-31 20:30:00,326027.0642212193,326036.6027979096
2025-06-01 00:30:00,326039.17769887304,326036.74396046123
2025-06-01 04:30:00,326068.6532199902,326036.9081817461
2025-06-01 08:30:00,326049.53051735787,326037.00008193887
2025-06-01 12:30:00,326047.8395047307,326037.1396836559
2025-06-01 16:30:00,326046.5555762437,326037.1172671928
2025-06-01 20:30:00,326043.5342595237,326037.078319899
2025-06-02 00:30:00,326059.50930893834,326037.2247717299
2025-06-02 04:30:00,326048.368305046,326037.1793351085
2025-06-02 08:30:00,326049.4827509381,326037.48242356145
2025-06-02 12:30:00,326045.37722752214,326037.66586976004
2025-06-02 16:30:00,326061.0516364062,326037.77911102696
2025-06-02 20:30:00,326053.2560788766,326037.7282915533
2025-06-03 00:30:00,326052.6906767305,326037.7551685589
2025-06-03 04:30:00,326081.36825476924,326037.9551379859
2025-06-03 12:30:00,326068.38204841263,326038.2577915918
2025-06-03 16:30:00,326052.4312192324,326038.427889293
2025-06-03 20:30:00,326040.8119617745,326038.43594272883
2025-06-04 00:30:00,326060.9633674279,326038.48706406774
2025-06-04 04:30:00,326040.9964755785,326038.4084265953
2025-06-04 08:30:00,326016.5265295571,326038.155872375
2025-06-04 12:30:00,326027.8487309236,326038.17524049967
2025-06-04 16:30:00,326045.3416064615,326038.2194905417
2025-06-04 20:30:00,326051.0634235116,326038.17679867137
2025-06-05 00:30:00,326052.21723811975,326038.27636069566
2025-06-05 04:30:00,326038.82248503994,326038.2904647518
2025-06-05 08:30:00,326026.1847702197,326038.0936770803
2025-06-05 12:30:00,326055.19837257767,326038.2298787006
2025-06-05 16:30:00,326036.8484893919,326038.28764367226
2025-06-05 20:30:00,326025.2775436422,326038.11692274513
2025-06-06 00:30:00,326046.11343396566,326038.1973214143
2025-06-06 04:30:00,326055.3342862501,326038.2618585245
2025-06-06 08:30:00,326006.5309250502,326038.0494794007
2025-06-06 12:30:00,326031.4177300435,326038.01619622763
2025-06-06 16:30:00,326029.3566585552,326037.85893956374
2025-06-06 20:30:00,326035.8704949957,326037.8419075759
2025-06-07 00:30:00,326033.13947129966,326037.75297738845
2025-06-07 04:30:00,326029.0403122169,326037.7301838108
2025-06-07 08:30:00,326029.1175305995,326037.7707116205
2025-06-07 12:30:00,326023.4679329699,326037.684273316
2025-06-07 16:30:00,326025.21327113005,326037.7052655756
2025-06-07 20:30:00,326056.0576045891,326037.8162863145
2025-06-08 00:30:00,326046.74279956974,326037.8850135214
2025-06-08 04:30:00,326043.6588059056,326038.02250993915
2025-06-08 08:30:00,326015.54044523754,326037.96373173845
2025-06-08 12:30:00,326028.8054330532,326037.93440637476
2025-06-08 16:30:00,326036.43808764155,326038.0383889898
2025-06-08 20:30:00,326058.92146553297,326038.16937005235
2025-06-09 00:30:00,326041.37830939924,326038.1935218299
2025-06-09 04:30:00,325991.2364777265,326037.9524610622
2025-06-09 08:30:00,326004.50418805593,326037.76345123857
2025-06-09 12:30:00,326031.9885840118,326037.81278379075
2025-06-09 16:30:00,326019.2017425837,326037.6007208495
2025-06-09 20:30:00,326028.7111258335,326037.53465016565
2025-06-10 00:30:00,326055.1356363841,326037.5747663554
2025-06-10 04:30:00,326036.7915717251,326037.5041870735
2025-06-10 08:30:00,326034.78997068614,326037.50164837384
2025-06-10 12:30:00,326023.9837559344,326037.3973857524
2025-06-10 16:30:00,326044.51333934075,326037.38398246723
2025-06-10 20:30:00,326048.4245464227,326037.38419941
2025-06-11 00:30:00,326035.51523226337,326037.4496026284
2025-06-11 04:30:00,326025.2516605852,326037.4792729294
2025-06-11 08:30:00,326029.4091172488,326037.5432487684
2025-06-11 12:30:00,326040.611020647,326037.69089992926
2025-06-11 16:30:00,326066.77874216624,326037.77999997116
2025-06-11 20:30:00,326043.1128023508,326037.6536151662
2025-06-12 00:30:00,326039.0686031547,326037.581352742
2025-06-12 04:30:00,326041.42798048654,326037.73789493693
2025-06-12 08:30:00,326032.810208242,326037.8411203171
2025-06-12 12:30:00,326030.58871780755,326037.8313396483
2025-06-12 16:30:00,326052.49505435524,326037.8980184366
2025-06-12 20:30:00,326046.628560205,326037.8593606343
2025-06-13 00:30:00,326048.64555269363,326037.9098253466
2025-06-13 04:30:00,326037.46637149545,326037.82601916546
2025-06-13 08:30:00,325999.01072215755,326037.49785006326
2025-06-13 12:30:00,325999.4071420043,326037.28487834265
2025-06-13 16:30:00,326021.831601224,326037.18141125375
2025-06-13 20:30:00,326039.5564100619,326037.1526936378
2025-06-14 00:30:00,326044.74521409546,326037.1460245548
2025-06-14 04:30:00,326058.76145698153,326037.4482067825
2025-06-14 08:30:00,326012.4887615158,326037.46810760634
2025-06-14 12:30:00,326046.1592205506,326037.51111254253
2025-06-14 16:30:00,326037.2486134511,326037.41282135405
2025-06-14 20:30:00,326030.9920873667,326037.2346671741
2025-06-15 00:30:00,326057.4788033707,326037.32273721317
2025-06-15 04:30:00,326063.5561532214,326037.5021190969
2025-06-15 08:30:00,326045.6898894769,326037.6237822453
2025-06-15 12:30:00,326045.57997501467,326037.6695602695
2025-06-15 16:30:00,326053.86913700274,326037.77579754405
2025-06-15 20:30:00,326038.32980303833,326037.8841375725
2025-06-16 00:30:00,326044.67318663676,326037.9463193702
2025-06-16 04:30:00,326044.3438056433,326037.9083438391
2025-06-16 08:30:00,326040.9195851149,326037.9606346211
2025-06-16 12:30:00,326046.9422018189,326038.0311411213
2025-06-16 16:30:00,326058.379664406,326038.0823688416
2025-06-16 20:30:00,326046.1493994807,326038.20933519147
2025-06-17 00:30:00,326048.2465411836,326038.28351589857
2025-06-17 04:30:00,326057.062947931,326038.33799817273
2025-06-17 08:30:00,326061.9307457221,326038.44026686903
2025-06-17 12:30:00,326038.75350177125,326038.4281025108
2025-06-17 16:30:00,326045.6581506542,326038.38621466875
2025-06-17 20:30:00,326037.02909322217,326038.2761981437
2025-06-18 00:30:00,326060.3490356011,326038.3732878473
2025-06-18 04:30:00,326033.8352773228,326038.2940930321
2025-06-18 08:30:00,326018.3025288224,326038.3043117056
2025-06-18 12:30:00,326044.6554977836,326038.43455381016
2025-06-18 16:30:00,326038.38006169035,326038.3473468997
2025-06-18 20:30:00,326043.18560591224,326038.4521677446
2025-06-19 00:30:00,326060.1988845541,326038.6321839643
2025-06-19 04:30:00,326037.24140243005,326038.5150902465
2025-06-19 08:30:00,326055.7382764074,326038.57602549536
2025-06-19 12:30:00,326050.50528205937,326038.68632797175
2025-06-19 16:30:00,326045.91444302566,326038.71492636733
2025-06-19 20:30:00,326036.64813936455,326038.73484272003
2025-06-20 00:30:00,326050.59099479066,326038.8034992702
2025-06-20 04:30:00,326063.32986428885,326038.89146412106
2025-06-20 08:30:00,326013.3849754444,326038.6839678616
2025-06-20 12:30:00,326044.0044699784,326038.7455777731
2025-06-20 16:30:00,326046.33443623583,326038.722642258
2025-06-20 20:30:00,326060.3746134065,326038.8302108376
2025-06-21 00:30:00,326067.44419188716,326038.97362446866
2025-06-21 04:30:00,326026.6705161523,326038.80739167536
2025-06-21 08:30:00,326051.30672571494,326038.90949720325
2025-06-21 12:30:00,326055.0880732701,326039.12832396454
2025-06-21 16:30:00,326027.73167850176,326039.04890105623
2025-06-21 20:30:00,326033.23581444845,326039.0222167859
2025-06-22 00:30:00,326042.4511575847,326039.0413728797
2025-06-22 04:30:00,326019.7919061507,326038.8288110824
2025-06-22 08:30:00,326036.7222970407,326038.7128736971
2025-06-22 12:30:00,326042.63654451945,326038.69918250944
2025-06-22 16:30:00,326038.9729633858,326038.6863470287
2025-06-22 20:30:00,326037.4489929117,326038.65608716616
2025-06-23 00:30:00,326009.2253239296,326038.5292927594
2025-06-23 04:30:00,326012.36926023994,326038.369491622
2025-06-23 08:30:00,326021.5962373098,326038.4731250289
2025-06-23 12:30:00,326049.7781874687,326038.642981237
2025-06-23 16:30:00,326038.1553135954,326038.6465073149
2025-06-23 20:30:00,326046.2952139216,326038.7571097042
2025-06-24 00:30:00,326053.9515229673,326038.90528834105
2025-06-24 04:30:00,326019.23009225895,326038.8298490173
2025-06-24 08:30:00,326016.72794324846,326038.61205223866
2025-06-24 12:30:00,326059.6822165196,326038.6515095363
2025-06-24 16:30:00,326039.3319678688,326038.63481756375
2025-06-24 20:30:00,326046.34482783196,326038.5816636612
2025-06-25 00:30:00,326028.03699961794,326038.4631522579
2025-06-25 04:30:00,326023.36231829535,326038.3823883224
2025-06-25 08:30:00,326018.3846346307,326038.32363093836
2025-06-25 12:30:00,326046.5437899287,326038.48694711004
2025-06-25 16:30:00,326053.5977100277,326038.6617398885
2025-06-25 20:30:00,326047.4133113333,326038.8453153889
2025-06-26 00:30:00,326037.4619685775,326038.98068256263
2025-06-26 04:30:00,326001.5149718228,326039.0459175249
2025-06-26 08:30:00,326033.8122434373,326039.2353020609
2025-06-26 12:30:00,326047.85537602793,326039.27070420654
2025-06-26 16:30:00,326043.01697288326,326039.3138005168
2025-06-26 20:30:00,326043.3920451835,326039.2435691857
2025-06-27 00:30:00,326047.56645903416,326039.234180472
2025-06-27 04:30:00,326043.83193506236,326039.29838249646
2025-06-27 08:30:00,326043.67000488524,326039.51468241535
2025-06-27 12:30:00,326039.8269805106,326039.6596319588
2025-06-27 16:30:00,326037.6221545728,326039.8247068865
2025-06-27 20:30:00,326038.67335972,326039.82626606297
2025-06-28 00:30:00,326054.97664132644,326039.80900863814
2025-06-28 04:30:00,326045.29659906845,326039.90722221165
2025-06-28 08:30:00,326018.99965976446,326039.9010968916
2025-06-28 12:30:00,326020.995665933,326039.7346867451
2025-06-28 16:30:00,326070.0043894752,326039.87624688813
2025-06-28 20:30:00,326047.50740046357,326039.9064580327
2025-06-29 00:30:00,326049.3874788096,326039.8713803289
2025-06-29 04:30:00,326073.20547433925,326039.9387451885
2025-06-29 08:30:00,326068.1979273133,326040.06939006725
2025-06-29 12:30:00,326066.06460148847,326040.32124433847
2025-06-29 16:30:00,326056.6878337616,326040.44396942685
2025-06-29 20:30:00,326042.46032405784,326040.4334078503
2025-06-30 00:30:00,326086.4345680757,326040.6828506834
2025-06-30 04:30:00,326055.8562921354,326040.88001885684
2025-06-30 08:30:00,326048.38956505054,326041.12767683633
2025-06-30 12:30:00,326035.18775279034,326041.3196213931
2025-06-30 16:30:00,326036.26273912255,326041.25733955274
2025-06-30 20:30:00,326044.0894912019,326041.35245279287
2025-07-01 00:30:00,326058.1381702579,326041.45837721403
2025-07-01 04:30:00,326067.2388150541,326041.4504755105
2025-07-01 08:30:00,326047.1257304325,326041.4370409466
2025-07-01 12:30:00,326051.11065281,326041.4553155169
2025-07-01 16:30:00,326045.4622574225,326041.44920759054
2025-07-01 20:30:00,326042.77133490535,326041.4449454418
2025-07-02 00:30:00,326050.2568566169,326041.39325576404
2025-07-02 04:30:00,326072.2377981184,326041.5266048874
2025-07-02 08:30:00,326036.34319831245,326041.4531995654
2025-07-02 12:30:00,326015.6707333653,326041.28724149754
2025-07-02 16:30:00,326022.1234158158,326041.0697654048
2025-07-02 20:30:00,326029.7418280585,326040.93840087514
2025-07-03 00:30:00,326049.5339618845,326040.9207655966
2025-07-03 04:30:00,326038.00817943463,326040.6785305389
2025-07-03 08:30:00,326031.2981086675,326040.6264170841
2025-07-03 12:30:00,326042.2481728848,326040.4812288867
2025-07-03 16:30:00,326038.68046160485,326040.40483578877
2025-07-03 20:30:00,326044.3276082776,326040.42436715827
2025-07-04 00:30:00,326036.4278296159,326040.2880586148
2025-07-04 04:30:00,326058.1754061772,326040.38349711813
2025-07-04 08:30:00,326047.79243004427,326040.5571965653
2025-07-04 12:30:00,326046.42142820184,326040.6603782169
2025-07-04 16:30:00,326049.84726747323,326040.6854096669
2025-07-04 20:30:00,326046.8848315167,326040.6621952669
2025-07-05 00:30:00,326035.68000003725,326040.570321722
2025-07-05 04:30:00,326039.8935250319,326040.5762719442
2025-07-05 08:30:00,326046.22892791405,326040.6876283759
2025-07-05 12:30:00,326045.94879686745,326040.63624184416
2025-07-05 16:30:00,326046.800511819,326040.6915308576
2025-07-05 20:30:00,326053.6958779574,326040.8494104927
2025-07-06 00:30:00,326037.67699224735,326040.802541372
2025-07-06 04:30:00,326024.4799503706,326040.6311283949
2025-07-06 08:30:00,326052.4566800058,326040.88627147797
2025-07-06 12:30:00,326056.1053144713,326041.0234247248
2025-07-06 16:30:00,326054.717071809,326041.16431590955
2025-07-06 20:30:00,326052.92955243366,326041.2590884509
2025-07-07 00:30:00,326037.3479096984,326041.2824686642
2025-07-07 04:30:00,326015.0493622232,326041.2047411643
2025-07-07 08:30:00,326034.0862805982,326041.23234533094
2025-07-07 12:30:00,326039.5231234922,326041.3215408338
2025-07-07 16:30:00,326031.6689203709,326041.3574055518
2025-07-07 20:30:00,326039.525006012,326041.26555778197
2025-07-08 00:30:00,326037.90168206487,326041.2164404625
2025-07-08 04:30:00,326029.9162499622,326041.1400929295
2025-07-08 08:30:00,326043.9489175952,326041.29791777587
2025-07-08 12:30:00,326052.0082465666,326041.4268222954
2025-07-08 16:30:00,326054.0734811544,326041.52479670383
2025-07-08 20:30:00,326048.17325449234,326041.4650844203
2025-07-09 00:30:00,326040.00329590944,326041.4574454564
2025-07-09 04:30:00,326010.45781217987,326041.56423064787
2025-07-09 08:30:00,326033.8522898332,326041.7272756577
2025-07-09 12:30:00,326049.7685572592,326041.82605328684
2025-07-09 16:30:00,326040.0685163973,326041.94197980803
2025-07-09 20:30:00,326044.276278446,326042.0284528781
2025-07-10 00:30:00,326038.8046825967,326041.9377253571
2025-07-10 04:30:00,326009.7323466901,326041.78739632916
2025-07-10 08:30:00,326028.242445272,326041.7510211879
2025-07-10 12:30:00,326045.86380797677,326041.8725770326
2025-07-10 16:30:00,326034.77916768595,326041.8184983012
2025-07-10 20:30:00,326043.18265918986,326041.7893767054
2025-07-11 00:30:00,326046.28696107026,326041.8492196432
2025-07-11 04:30:00,326003.4179173827,326041.7279210699
2025-07-11 08:30:00,326003.6075202294,326041.5845788643
2025-07-11 12:30:00,326021.6061306826,326041.4789961422
2025-07-11 16:30:00,326033.47375434305,326041.2939684321
2025-07-11 20:30:00,326045.61695913225,326041.3078804142
2025-07-12 00:30:00,326056.2079187768,326041.40309883433
2025-07-12 04:30:00,326028.93781170226,326041.33370900777
2025-07-12 08:30:00,326028.23639730643,326041.308298947
2025-07-12 12:30:00,326038.2112798894,326041.3506465141
2025-07-12 16:30:00,326045.03640108585,326041.3092095515
2025-07-12 20:30:00,326044.7959591156,326041.2990284344
2025-07-13 00:30:00,326071.25874770945,326041.4246572956
2025-07-13 04:30:00,326056.6446600847,326041.53120334324
2025-07-13 08:30:00,326033.3200203193,326041.7218105553
2025-07-13 12:30:00,326032.8094587832,326041.9073789818
2025-07-13 16:30:00,326041.7319542066,326042.0179364984
2025-07-13 20:30:00,326065.1110088223,326042.1599064915
2025-07-14 00:30:00,326061.4881930542,326042.2529230413
2025-07-14 04:30:00,326054.09851534263,326042.2270178099
2025-07-14 08:30:00,326031.92669073195,326042.3350063056
2025-07-14 12:30:00,326042.581285004,326042.31512888585
2025-07-14 16:30:00,326062.68672196945,326042.456451711
2025-07-14 20:30:00,326045.7325962367,326042.5383434269
2025-07-15 00:30:00,326068.09542568057,326042.59732466197
2025-07-15 04:30:00,326078.3205914896,326042.6793493191
2025-07-15 08:30:00,326050.5828004881,326042.706532158
2025-07-15 12:30:00,326042.2334218662,326042.6879401961
2025-07-15 16:30:00,326050.8717837082,326042.6712882333
2025-07-15 20:30:00,326037.4780046753,326042.6665560202
2025-07-16 00:30:00,326057.9137908368,326042.7401149324
2025-07-16 04:30:00,326064.00521635736,326042.8493449919
2025-07-16 08:30:00,326045.8158530654,326042.8765464806
2025-07-16 12:30:00,326045.68339291867,326042.86955309776
2025-07-16 16:30:00,326063.9716458139,326042.90061966114
2025-07-16 20:30:00,326048.53164707776,326042.91385437
2025-07-17 00:30:00,326064.54963256285,326043.0044270999
2025-07-17 04:30:00,326073.58958322916,326043.09624174045
2025-07-17 08:30:00,326078.45020402275,326043.18801650876
2025-07-17 12:30:00,326067.1071538295,326043.345536798
2025-07-17 16:30:00,326069.02092271094,326043.47532997606
2025-07-17 20:30:00,326062.63678190013,326043.6175949132
2025-07-18 00:30:00,326044.79044451925,326043.5311582961
2025-07-18 04:30:00,326054.66246599477,326043.6468648998
2025-07-18 08:30:00,326057.553784737,326043.8649274326
2025-07-18 12:30:00,326058.3541446447,326043.94103102636
2025-07-18 16:30:00,326077.0739987907,326044.1559973436
2025-07-18 20:30:00,326056.07275835593,326044.2275926349
2025-07-19 00:30:00,326018.10974487674,326043.99376408115
2025-07-19 04:30:00,326026.8914299971,326043.9362642343
2025-07-19 08:30:00,326058.68783383176,326043.95265066443
2025-07-19 12:30:00,326063.57018584275,326044.0252334632
2025-07-19 16:30:00,326044.2037800973,326044.0157297803
2025-07-19 20:30:00,326049.31907880865,326044.0861238883
2025-07-20 00:30:00,326038.8782101148,326044.02105286234
2025-07-20 04:30:00,326029.98086804745,326043.83578066103
2025-07-20 08:30:00,326035.21816713567,326043.95707617037
2025-07-20 12:30:00,326057.0446811611,326044.02952178806
2025-07-20 16:30:00,326040.39301013213,326043.99651386525
2025-07-20 20:30:00,326049.1790329253,326043.9343161959
2025-07-21 00:30:00,326050.3100377523,326043.8391264507
2025-07-21 04:30:00,326025.3134606229,326043.8315872534
2025-07-21 08:30:00,326048.8068013178,326043.8176987845
2025-07-21 12:30:00,326057.4609799557,326043.8308815994
2025-07-21 16:30:00,326055.0452354708,326043.9826235826
2025-07-21 20:30:00,326043.4663870699,326044.03946009715
2025-07-22 00:30:00,326033.56580382,326043.99009702064
2025-07-22 04:30:00,326063.00450518465,326044.23016701534
2025-07-22 08:30:00,326042.5251889294,326044.2624053036
2025-07-22 12:30:00,326040.05557665863,326044.24806659325
2025-07-22 16:30:00,326051.78789877734,326044.3192606787
2025-07-22 20:30:00,326058.3463169815,326044.43535692355
2025-07-23 00:30:00,326058.07412373624,326044.7067391447
2025-07-23 04:30:00,326013.84015166084,326044.7149107637
2025-07-23 08:30:00,326052.57473297673,326044.88701351744
2025-07-23 12:30:00,326067.26424896374,326044.98415830353
2025-07-23 16:30:00,326039.2867015557,326044.9904437922
2025-07-23 20:30:00,326051.10963963234,326045.0171906017
2025-07-24 00:30:00,326048.6116617731,326044.9875247061
2025-07-24 04:30:00,326042.1079385793,326045.11462385237
2025-07-24 08:30:00,326036.0202544137,326045.2218033589
2025-07-24 12:30:00,326073.5333513357,326045.29875410785
2025-07-24 16:30:00,326057.0484218236,326045.397178852
2025-07-24 20:30:00,326037.5109724326,326045.3481018776
2025-07-25 00:30:00,326049.6090355125,326045.4679465214
2025-07-25 04:30:00,326011.3343463333,326045.401124455
2025-07-25 08:30:00,326030.0125434477,326045.4657239484
2025-07-25 12:30:00,326049.7439314864,326045.4835025126
2025-07-25 16:30:00,326049.0851438707,326045.45843270066
2025-07-25 20:30:00,326054.9556667615,326045.5003346753
2025-07-26 00:30:00,326047.6292609503,326045.5568196329
2025-07-26 04:30:00,326012.2001301495,326045.6161816236
2025-07-26 08:30:00,326022.05550195393,326045.55086639314
2025-07-26 12:30:00,326039.91006949975,326045.5067258013
2025-07-26 16:30:00,326050.391213618,326045.54769380536
2025-07-26 20:30:00,326047.8438433355,326045.5724260173
2025-07-27 00:30:00,326053.754849256,326045.60680596303
2025-07-27 04:30:00,326053.5669411265,326045.66088933
2025-07-27 08:30:00,326032.7561254942,326045.6002566668
2025-07-27 12:30:00,326055.61134143866,326045.68794756074
2025-07-27 16:30:00,326061.8140711833,326045.8223470975
2025-07-27 20:30:00,326053.709261367,326045.90587988443
2025-07-28 00:30:00,326064.16341630265,326045.9569175232
2025-07-28 04:30:00,326056.14777266403,326046.0172018209
2025-07-28 08:30:00,326061.28591771756,326046.25212547625
2025-07-28 12:30:00,326053.53797165735,326046.4329160636
2025-07-28 16:30:00,326051.42632172874,326046.3297045761
2025-07-28 20:30:00,326058.19073939574,326046.3890564591
2025-07-29 00:30:00,326060.2070949567,326046.44916543766
2025-07-29 04:30:00,326056.50505643646,326046.35638533824
2025-07-29 08:30:00,326025.52964159084,326046.11933930643
2025-07-29 12:30:00,326049.7625168117,326046.0287721694
2025-07-29 16:30:00,326046.7920702747,326045.9737957055
2025-07-29 20:30:00,326043.8231800143,326045.9813671275
2025-07-30 00:30:00,326064.544114754,326045.85975349793
2025-07-30 04:30:00,326057.7063569034,326045.8700316355
2025-07-30 08:30:00,326060.2089279408,326045.9356947627
2025-07-30 12:30:00,326056.2676122309,326046.05280509294
2025-07-30 16:30:00,326053.0684813469,326046.1461703275
2025-07-30 20:30:00,326041.6395013927,326046.132559273
2025-07-31 00:30:00,326047.55251572945,326046.0737500812
2025-07-31 04:30:00,326055.3574180533,326046.0077423201
2025-07-31 08:30:00,326029.2271849837,326045.90830595646
2025-07-31 12:30:00,326036.5728217955,326045.8275402286
2025-07-31 16:30:00,326042.70893590496,326045.81224399793
2025-07-31 20:30:00,326041.79770917736,326045.8068349661
2025-08-01 00:30:00,326027.62423159776,326045.68109816045
2025-08-01 04:30:00,326034.59249498066,326045.47195758746
2025-08-01 08:30:00,326057.03014483023,326045.58688506816
2025-08-01 12:30:00,326042.21837971994,326045.73437199235
2025-08-01 16:30:00,326050.46643417265,326045.8918332054
2025-08-01 20:30:00,326056.77765478275,326046.04203224275
2025-08-02 00:30:00,326051.85436473327,326046.05492336967
2025-08-02 04:30:00,326048.39557890623,326046.1126311445
2025-08-02 08:30:00,326046.19391589245,326046.19538562914
2025-08-02 12:30:00,326049.42581336416,326046.23526140954
2025-08-02 16:30:00,326046.7835002276,326046.2802782908
2025-08-02 20:30:00,326052.6552030762,326046.32654270635
2025-08-03 00:30:00,326044.8104210305,326046.3731126587
2025-08-03 04:30:00,326059.1191196924,326046.3783555115
2025-08-03 08:30:00,326064.84827818937,326046.4731102234
2025-08-03 12:30:00,326057.54692068626,326046.534918515
2025-08-03 16:30:00,326045.37733535294,326046.5100855588
2025-08-03 20:30:00,326045.96064050845,326046.5049511643
2025-08-04 00:30:00,326041.40279619215,326046.5367444763
2025-08-04 04:30:00,326042.75242577086,326046.5526272582
2025-08-04 08:30:00,326034.8552613381,326046.48944022163
2025-08-04 12:30:00,326045.924310244,326046.48930418486
2025-08-04 16:30:00,326051.3388836991,326046.51451736194
2025-08-04 20:30:00,326042.32786584616,326046.4513617391
2025-08-05 00:30:00,326024.6716237691,326046.379109692
2025-08-05 04:30:00,326037.07482189237,326046.44908120047
2025-08-05 08:30:00,326036.23161946476,326046.3589419752
2025-08-05 12:30:00,326047.86388135405,326046.31315623573
2025-08-05 16:30:00,326033.11687843147,326046.1931551614
2025-08-05 20:30:00,326036.2847033164,326046.10068377736
2025-08-06 00:30:00,326016.43927662726,326045.98452470475
2025-08-06 04:30:00,326003.9250186051,326045.92272279575
2025-08-06 08:30:00,326035.4621950296,326045.93036676483
2025-08-06 12:30:00,326041.0854043223,326045.9390461028
2025-08-06 16:30:00,326037.94077325857,326045.97388972994
2025-08-06 20:30:00,326045.02486436215,326046.0044444985
2025-08-07 00:30:00,326037.8280050947,326046.00403518206
2025-08-07 04:30:00,326042.44172501215,326046.07362115453
2025-08-07 08:30:00,326035.0578035339,326046.0242260764
2025-08-07 12:30:00,326057.37853118713,326046.054060991
2025-08-07 16:30:00,326054.2605512284,326046.05510026915
2025-08-07 20:30:00,326052.5572465964,326046.07945578085
2025-08-08 00:30:00,326061.0884814957,326046.1965957008
2025-08-08 04:30:00,326041.0633085553,326046.36662623624
2025-08-08 08:30:00,326037.9507108755,326046.38939524203
2025-08-08 12:30:00,326052.559974431,326046.4049031152
2025-08-08 16:30:00,326050.62854771724,326046.46356995584
2025-08-08 20:30:01,326063.6062189467,326046.5709585142
2025-08-09 04:30:00,326067.99297254905,326046.9398238872
2025-08-09 08:30:00,326054.71408464987,326047.08771014074
2025-08-09 12:30:00,326064.13058015,326047.1897591473
2025-08-09 16:30:00,326063.4548760506,326047.34995863534
2025-08-09 20:30:00,326053.2214798047,326047.4060414321
2025-08-10 00:30:00,326065.9834808054,326047.5160778552
2025-08-10 04:30:00,326069.7667992462,326047.8867419997
2025-08-10 08:30:00,326061.9031578056,326048.21241595264
2025-08-10 12:30:00,326059.01557796524,326048.4214072782
2025-08-10 16:30:00,326065.0936076611,326048.5980545035
2025-08-10 20:30:00,326052.9223485652,326048.6388667349
2025-08-11 00:30:00,326057.7535131558,326048.6475013404
2025-08-11 04:30:00,326064.277586791,326048.84493025154
2025-08-11 08:30:00,326055.1532922458,326048.9953039663
2025-08-11 12:30:00,326053.300391592,326049.0796006797
2025-08-11 16:30:00,326065.3923719745,326049.19332118746
2025-08-11 20:30:00,326051.2247794894,326049.2292363851
2025-08-12 00:30:00,326046.55237678485,326049.09121196653
2025-08-12 04:30:00,326066.87701880734,326049.14837598166
2025-08-12 08:30:00,326048.0359617555,326049.230587945
2025-08-12 12:30:00,326049.5192908038,326049.3239389619
2025-08-12 16:30:00,326052.26215559494,326049.3827669027
2025-08-12 20:30:00,326054.265619705,326049.3221781366
2025-08-13 00:30:00,326046.4771128128,326049.2383173531
2025-08-13 04:30:00,326061.68666165543,326049.28070923197
2025-08-13 08:30:00,326055.4444653847,326049.4120934479
2025-08-13 12:30:00,326047.0740345421,326049.4371926074
2025-08-13 16:30:00,326060.9416329908,326049.4274435069
2025-08-13 20:30:00,326050.33252376347,326049.4531414261
2025-08-14 00:30:00,326044.6996055599,326049.3224385204
2025-08-14 04:30:00,326053.89357159444,326049.18597472203
2025-08-14 08:30:00,326052.18437961064,326049.19492209144
2025-08-14 12:30:00,326052.92838191026,326049.2546704716
2025-08-14 16:30:00,326051.51795131323,326049.25828034646
2025-08-14 20:30:00,326051.8935733047,326049.33881424944
2025-08-15 00:30:00,326037.58117476886,326049.22522421554
2025-08-15 04:30:00,326038.0215381567,326049.08006400213
2025-08-15 08:30:00,326053.1463068038,326049.1210162576
2025-08-15 12:30:00,326056.25998997776,326049.18010339205
2025-08-15 16:30:00,326047.3646943538,326049.0873271269
2025-08-15 20:30:00,326036.46620759723,326049.0199224371
2025-08-16 00:30:00,326035.9426635767,326048.8601069679
2025-08-16 04:30:00,326042.3170365642,326048.6854000032
2025-08-16 08:30:00,326046.09815440496,326048.5046622959
2025-08-16 12:30:00,326038.3865436158,326048.3442119596
2025-08-16 16:30:00,326053.30149189295,326048.25639391027
2025-08-16 20:30:00,326049.0001450588,326048.1802115815
2025-08-17 00:30:00,326031.704863835,326048.1071077788
2025-08-17 04:30:00,326034.45733584394,326047.99422995676
2025-08-17 08:30:00,326035.64376981073,326047.87182763877
2025-08-17 12:30:00,326042.99050457275,326047.78599724727
2025-08-17 16:30:00,326047.5156802125,326047.62086697586
2025-08-17 20:30:00,326047.87857895135,326047.5750894373
2025-08-18 00:30:00,326037.49443432933,326047.6833837918
2025-08-18 04:30:00,326038.3171835401,326047.74721481715
2025-08-18 08:30:00,326038.08897347515,326047.632137385
2025-08-18 12:30:00,326040.76106358244,326047.504712121
2025-08-18 16:30:00,326047.1426612043,326047.5211304512
2025-08-18 20:30:00,326054.7039289275,326047.5512134127
2025-08-19 00:30:00,326041.6512125954,326047.5667050467
2025-08-19 04:30:00,326039.2049115478,326047.618236016
2025-08-19 08:30:00,326045.6538505465,326047.6765359233
2025-08-19 12:30:00,326054.7792284175,326047.66387976275
2025-08-19 16:30:00,326050.5517693732,326047.72063260764
2025-08-19 20:30:00,326058.0481137565,326047.7701805453
2025-08-20 00:30:00,326062.79009691614,326047.8399015462
2025-08-20 04:30:00,326046.4728964982,326047.95811068517
2025-08-20 08:30:00,326042.6139642345,326047.92351382994
2025-08-20 12:30:00,326057.07450814877,326047.92135476955
2025-08-20 16:30:00,326057.08407692437,326047.9327449453
2025-08-20 20:30:00,326057.44431721134,326048.01083394047
2025-08-21 00:30:00,326062.1251002948,326048.1703830828
2025-08-21 04:30:00,326042.6138732532,326048.05646893795
2025-08-21 08:30:00,326047.295425278,326048.083118303
2025-08-21 12:30:00,326061.1513098047,326048.2009715608
2025-08-21 16:30:00,326067.08803340717,326048.2864471733
2025-08-21 20:30:00,326057.52095739334,326048.2818362258
2025-08-22 00:30:00,326085.5583460162,326048.4353793671
2025-08-22 04:30:00,326055.23108528584,326048.66661363316
2025-08-22 08:30:00,326051.29239974637,326048.65944976034
2025-08-22 12:30:00,326056.18555039057,326048.5975575895
2025-08-22 16:30:00,326068.5018004252,326048.76077043236
2025-08-22 20:30:00,326060.2766363785,326048.81198270473
2025-08-23 00:30:00,326069.9804168434,326048.9313612247
2025-08-23 04:30:00,326074.50315441424,326049.1123400841
2025-08-23 08:30:01,326056.03887512884,326049.224175954
2025-08-23 12:30:00,326065.9070810285,326049.18157109193
2025-08-23 16:30:00,326071.09657527885,326049.26005239616
2025-08-23 20:30:00,326058.3416524032,326049.37642491
2025-08-24 00:30:00,326071.5388989106,326049.49893811333
2025-08-24 04:30:00,326065.0150072517,326049.7988300738
