time,pressure_kPa
2022-09-02 11:45:00,0.8878950605156654
2022-09-02 15:45:00,0.8844243549064086
2022-09-02 19:45:00,0.8809407644293232
2022-09-02 23:45:00,0.8790813103323252
2022-09-03 03:45:00,0.8777756437411779
2022-09-03 07:45:00,0.8767035904535899
2022-09-03 11:45:00,0.8757324349580046
2022-09-03 15:45:00,0.8745523587657257
2022-09-03 19:45:00,0.87302593119978
2022-09-03 23:45:00,0.8718711953176927
2022-09-04 03:45:00,0.8712150982091091
2022-09-04 07:45:00,0.8707927677295625
2022-09-04 11:45:00,0.8705664906817486
2022-09-04 15:45:00,0.8703392722022232
2022-09-04 19:45:00,0.8697412164954017
2022-09-04 23:45:00,0.8690014580846513
2022-09-05 03:45:00,0.8684497788488617
2022-09-05 07:45:00,0.8681740873068197
2022-09-05 11:45:00,0.8680618304867382
2022-09-05 15:45:00,0.8679618191156915
2022-09-05 19:45:00,0.867646875671176
2022-09-05 23:45:00,0.8671087100007505
2022-09-06 03:45:00,0.8666669716734356
2022-09-06 07:45:00,0.8664915779701473
2022-09-06 11:45:00,0.8664722483902427
2022-09-06 15:45:00,0.86646938576418
2022-09-06 19:45:00,0.8663375366609188
2022-09-06 23:45:00,0.8660880696163904
2022-09-07 03:45:00,0.8659044585628134
2022-09-07 07:45:00,0.8660134687746851
2022-09-07 11:45:00,0.8662770372666205
2022-09-07 15:45:00,0.8665615476297654
2022-09-07 19:45:00,0.8668328929859154
2022-09-07 23:45:00,0.8670696876137409
2022-09-08 03:45:00,0.8673412430799735
2022-09-08 07:45:00,0.8678555624961247
2022-09-08 11:45:00,0.8685213437025764
2022-09-08 15:45:00,0.869266942413113
2022-09-08 19:45:00,0.8700599777984214
2022-09-08 23:45:00,0.87082634349259
2022-09-09 03:45:00,0.8715617811595382
2022-09-09 07:45:00,0.872456890607969
2022-09-09 11:45:00,0.8735074675278265
2022-09-09 15:45:00,0.8746484645334387
2022-09-09 19:45:00,0.8757850755314551
2022-09-09 23:45:00,0.8768150719837031
2022-09-10 03:45:00,0.8777665899346472
2022-09-10 07:45:00,0.878755478200853
2022-09-10 11:45:00,0.8798354856654582
2022-09-10 15:45:00,0.8809687169645244
2022-09-10 19:45:00,0.8820792363356743
2022-09-10 23:45:00,0.8830917900926907
2022-09-11 03:45:00,0.8840439913655151
2022-09-11 07:45:00,0.8850283773601217
2022-09-11 11:45:00,0.8860773444794393
2022-09-11 15:45:00,0.8871656167183996
2022-09-11 19:45:00,0.888246131000682
2022-09-11 23:45:00,0.8892931391606873
2022-09-12 03:45:00,0.8902947828885891
2022-09-12 07:45:00,0.891297324027201
2022-09-12 11:45:00,0.8923268727396773
2022-09-12 15:45:00,0.8934012304885599
2022-09-12 19:45:00,0.8944710260459054
2022-09-12 23:45:00,0.8954923771014336
2022-09-13 03:45:00,0.8964675450505752
2022-09-13 07:45:00,0.8974006628784289
2022-09-13 11:45:00,0.8983224778829644
2022-09-13 15:45:00,0.8992668240043268
2022-09-13 19:45:00,0.9001813479317374
2022-09-13 23:45:00,0.9010408394086222
2022-09-14 03:45:00,0.9018287913672814
2022-09-14 07:45:00,0.902555172591462
2022-09-14 11:45:00,0.9032201522561423
2022-09-14 15:45:00,0.9038504419907574
2022-09-14 19:45:00,0.9044341456099245
2022-09-14 23:45:00,0.9049478106391471
2022-09-15 03:45:00,0.9054329177219864
2022-09-15 07:45:00,0.9058818385017888
2022-09-15 11:45:00,0.9062775661792288
2022-09-15 15:45:00,0.9066678603679338
2022-09-15 19:45:00,0.9070082813980609
2022-09-15 23:45:00,0.9072447454658302
2022-09-16 03:45:00,0.9074457409042982
2022-09-16 07:45:00,0.9076368344122583
2022-09-16 11:45:00,0.9078125128139698
2022-09-16 15:45:00,0.9080101515822443
2022-09-16 19:45:00,0.9082217110891826
2022-09-16 23:45:00,0.9084064349824509
2022-09-17 03:45:00,0.9085726957060246
2022-09-17 07:45:00,0.9087427356980076
2022-09-17 11:45:00,0.909178213496519
2022-09-17 15:45:00,0.9097351351417791
2022-09-17 19:45:00,0.9104220560914681
2022-09-17 23:45:00,0.911122671071385
2022-09-18 03:45:00,0.9118160573221106
2022-09-18 07:45:00,0.9125003327921217
2022-09-18 11:45:00,0.9131932388576977
2022-09-18 15:45:00,0.9139648779092564
2022-09-18 19:45:00,0.9148652343015188
2022-09-18 23:45:00,0.9157880139893602
2022-09-19 03:45:00,0.9166563155151823
2022-09-19 07:45:00,0.9174836593142423
2022-09-19 11:45:00,0.9182796139357243
2022-09-19 15:45:00,0.9191205997090118
2022-09-19 19:45:00,0.9201281995433817
2022-09-19 23:45:00,0.9212474389449005
2022-09-20 03:45:00,0.9223622197589189
2022-09-20 07:45:00,0.9234019559229472
2022-09-20 11:45:00,0.9244163716508158
2022-09-20 15:45:00,0.9254748296208328
2022-09-20 19:45:00,0.9266692064928447
2022-09-20 23:45:00,0.9280112995456563
2022-09-21 03:45:00,0.9293595718184715
2022-09-21 07:45:00,0.9306055611896145
2022-09-21 11:45:00,0.9317793238219901
2022-09-21 15:45:00,0.9329620159192874
2022-09-21 19:45:00,0.9342202112899498
2022-09-21 23:45:00,0.9355678713653687
2022-09-22 03:45:00,0.9369097836219922
2022-09-22 07:45:00,0.9381068138711274
2022-09-22 11:45:00,0.9392188468280355
2022-09-22 15:45:00,0.9403225385731104
2022-09-22 19:45:00,0.9414385917252674
2022-09-22 23:45:00,0.9426026683868318
2022-09-23 03:45:00,0.9437859254762845
2022-09-23 07:45:00,0.9448295367592121
2022-09-23 11:45:00,0.9457659742397584
2022-09-23 15:45:00,0.946645699404418
2022-09-23 19:45:00,0.947472860964023
2022-09-23 23:45:00,0.9483290538384551
2022-09-24 03:45:00,0.9492251984712874
2022-09-24 07:45:00,0.9499938162062053
2022-09-24 11:45:00,0.9506386829600852
2022-09-24 15:45:00,0.9512155670699939
2022-09-24 19:45:00,0.9517804637368309
2022-09-24 23:45:00,0.9524298667839832
2022-09-25 03:45:00,0.9531625218714646
2022-09-25 07:45:00,0.9538587742024957
2022-09-25 11:45:00,0.9544644503125779
2022-09-25 15:45:00,0.9550184678441213
2022-09-25 19:45:00,0.9555746828088858
2022-09-25 23:45:00,0.9562057230377943
2022-09-26 03:45:00,0.9569130494737716
2022-09-26 07:45:00,0.9575921136560421
2022-09-26 11:45:00,0.9581727737996265
2022-09-26 15:45:00,0.958681984585763
2022-09-26 19:45:00,0.9591699007819625
2022-09-26 23:45:00,0.9596507072453575
2022-09-27 03:45:00,0.9601626790462441
2022-09-27 07:45:00,0.9606341694237545
2022-09-27 11:45:00,0.9610042268834085
2022-09-27 15:45:00,0.9612675344965635
2022-09-27 19:45:00,0.9614852768406574
2022-09-27 23:45:00,0.9616934054949401
2022-09-28 03:45:00,0.9618862223366191
2022-09-28 07:45:00,0.9620510777286863
2022-09-28 11:45:00,0.9621320942380023
2022-09-28 15:45:00,0.9620873732189298
2022-09-28 19:45:00,0.9620069354123236
2022-09-28 23:45:00,0.9619115835505769
2022-09-29 03:45:00,0.9618104910774364
2022-09-29 07:45:00,0.9616948431589954
2022-09-29 11:45:00,0.9615469268181696
2022-09-29 15:45:00,0.9613262520065814
2022-09-29 19:45:00,0.9610877351102449
2022-09-29 23:45:00,0.9608783246285227
2022-09-30 03:45:00,0.9606411212916767
2022-09-30 07:45:00,0.9603976699941463
2022-09-30 11:45:00,0.9601550092318158
2022-09-30 15:45:00,0.9598444960250769
2022-09-30 19:45:00,0.9595576583235839
2022-09-30 23:45:00,0.95940302078512
2022-10-01 03:45:00,0.9592987527023518
2022-10-01 07:45:00,0.9592258202633736
2022-10-01 11:45:00,0.9591629673093112
2022-10-01 15:45:00,0.9590266759002675
2022-10-01 19:45:00,0.9588368574607758
2022-10-01 23:45:00,0.9586876689227021
2022-10-02 03:45:00,0.9586060499955062
2022-10-02 07:45:00,0.9585443317821288
2022-10-02 11:45:00,0.9584418043542887
2022-10-02 15:45:00,0.9582065236635539
2022-10-02 19:45:00,0.9578196184629615
2022-10-02 23:45:00,0.9573812315429775
2022-10-03 03:45:00,0.9569992880698526
2022-10-03 07:45:00,0.9566783879532446
2022-10-03 11:45:00,0.9563388632662421
2022-10-03 15:45:00,0.9558953951405936
2022-10-03 19:45:00,0.9553108825188313
2022-10-03 23:45:00,0.9546593169121863
2022-10-04 03:45:00,0.9540964041859897
2022-10-04 07:45:00,0.9536374395503832
2022-10-04 11:45:00,0.9531984180003971
2022-10-04 15:45:00,0.9527011415183487
2022-10-04 19:45:00,0.9520703527512877
2022-10-04 23:45:00,0.9513454547559239
2022-10-05 03:45:00,0.9506661575696427
2022-10-05 07:45:00,0.9501251739471114
2022-10-05 11:45:00,0.9496305399780498
2022-10-05 15:45:00,0.9490942919591583
2022-10-05 19:45:00,0.9484559275094735
2022-10-05 23:45:00,0.9477165179883486
2022-10-06 03:45:00,0.9470019219993812
2022-10-06 07:45:00,0.9464047394965317
2022-10-06 11:45:00,0.9458976719340969
2022-10-06 15:45:00,0.9453779166538883
2022-10-06 19:45:00,0.9447840089467635
2022-10-06 23:45:00,0.9440855708375068
2022-10-07 03:45:00,0.9433599643242051
2022-10-07 07:45:00,0.9427185719852644
2022-10-07 11:45:00,0.9421566045143132
2022-10-07 15:45:00,0.9416125621898963
2022-10-07 19:45:00,0.9410449744565591
2022-10-07 23:45:00,0.9404154388692116
2022-10-08 03:45:00,0.9397528657689316
2022-10-08 07:45:00,0.9391862933089763
2022-10-08 11:45:00,0.9387301237766078
2022-10-08 15:45:00,0.9383323574386315
2022-10-08 19:45:00,0.9379703291043152
2022-10-08 23:45:00,0.9375551709050138
2022-10-09 03:45:00,0.9370902904720133
2022-10-09 07:45:00,0.9367074555790397
2022-10-09 11:45:00,0.9364142332319353
2022-10-09 15:45:00,0.9361504309577519
2022-10-09 19:45:00,0.935842563006106
2022-10-09 23:45:00,0.9354173950493716
2022-10-10 03:45:00,0.9348722515843996
2022-10-10 07:45:00,0.9343054825598615
2022-10-10 11:45:00,0.9337466389783229
2022-10-10 15:45:00,0.9331752011667592
2022-10-10 19:45:00,0.9325547392413633
2022-10-10 23:45:00,0.931837584779913
2022-10-11 03:45:00,0.9310242005449738
2022-10-11 07:45:00,0.9301816366467588
2022-10-11 11:45:00,0.9293838950970195
2022-10-11 15:45:00,0.9286392602444238
2022-10-11 19:45:00,0.9278908987790637
2022-10-11 23:45:00,0.9271427040783085
2022-10-12 03:45:00,0.9263590948612105
2022-10-12 07:45:00,0.9255980627938978
2022-10-12 11:45:00,0.9249301965647335
2022-10-12 15:45:00,0.9243474583066023
2022-10-12 19:45:00,0.9237911851542897
2022-10-12 23:45:00,0.9232573392670963
2022-10-13 03:45:00,0.922760753763825
2022-10-13 07:45:00,0.922315737034656
2022-10-13 11:45:00,0.9219579076050726
2022-10-13 15:45:00,0.9217206004435451
2022-10-13 19:45:00,0.9215288644495562
2022-10-13 23:45:00,0.9213782529960874
2022-10-14 03:45:00,0.9212638763783546
2022-10-14 07:45:00,0.9211809138570813
2022-10-14 11:45:00,0.9211595867616131
2022-10-14 15:45:00,0.9212407979329705
2022-10-14 19:45:00,0.921353926227573
2022-10-14 23:45:00,0.9214516782857977
2022-10-15 03:45:00,0.9215570319103805
2022-10-15 07:45:00,0.921648676773488
2022-10-15 11:45:00,0.9217561987682472
2022-10-15 15:45:00,0.9219431898680903
2022-10-15 19:45:00,0.9221377591466959
2022-10-15 23:45:00,0.9222325241452265
2022-10-16 03:45:00,0.9222206000045134
2022-10-16 07:45:00,0.9221173901236814
2022-10-16 11:45:00,0.922001610945813
2022-10-16 15:45:00,0.9219676960501845
2022-10-16 19:45:00,0.9219995995841757
2022-10-16 23:45:00,0.9219896354702308
2022-10-17 03:45:00,0.9218505845125827
2022-10-17 07:45:00,0.9216393126931403
2022-10-17 11:45:00,0.9214802236205903
2022-10-17 15:45:00,0.9214689432531713
2022-10-17 19:45:00,0.9216470936855167
2022-10-17 23:45:00,0.921906379540446
2022-10-18 03:45:00,0.9220677030236671
2022-10-18 07:45:00,0.9221327783010344
2022-10-18 11:45:00,0.9222289635114362
2022-10-18 15:45:00,0.9224136189413313
2022-10-18 19:45:00,0.9226951956460675
2022-10-18 23:45:00,0.9230270212718537
2022-10-19 03:45:00,0.9232129343911815
2022-10-19 07:45:00,0.9232169746031673
2022-10-19 11:45:00,0.9231912153576536
2022-10-19 15:45:00,0.9231748140607924
2022-10-19 19:45:00,0.9231769447687035
2022-10-19 23:45:00,0.9231865109518588
2022-10-20 03:45:00,0.9230528499562685
2022-10-20 07:45:00,0.9227020161678661
2022-10-20 11:45:00,0.9222443528232525
2022-10-20 15:45:00,0.9217760984693667
2022-10-20 19:45:00,0.9213328310290397
2022-10-20 23:45:00,0.9209257493198395
2022-10-21 03:45:00,0.9204439629489689
2022-10-21 07:45:00,0.9198415669119268
2022-10-21 11:45:00,0.9191832539168642
2022-10-21 15:45:00,0.9185540103145446
2022-10-21 19:45:00,0.9180063424129683
2022-10-21 23:45:00,0.9175847395747331
2022-10-22 03:45:00,0.9172051874053069
2022-10-22 07:45:00,0.9167853971634955
2022-10-22 11:45:00,0.9163138609849263
2022-10-22 15:45:00,0.9158347251832858
2022-10-22 19:45:00,0.9153756851822594
2022-10-22 23:45:00,0.9149582636136954
2022-10-23 03:45:00,0.9144910940550274
2022-10-23 07:45:00,0.9138720487131851
2022-10-23 11:45:00,0.9131047397328188
2022-10-23 15:45:00,0.9122309808211085
2022-10-23 19:45:00,0.9112989713135843
2022-10-23 23:45:00,0.9103585796386702
2022-10-24 03:45:00,0.9093755968655961
2022-10-24 07:45:00,0.9082439152951218
2022-10-24 11:45:00,0.9069121725897474
2022-10-24 15:45:00,0.9054506500171465
2022-10-24 19:45:00,0.90397028635483
2022-10-24 23:45:00,0.9025316598620963
2022-10-25 03:45:00,0.9011273961540763
2022-10-25 07:45:00,0.8996996993477464
2022-10-25 11:45:00,0.8982301362120859
2022-10-25 15:45:00,0.8967285313349843
2022-10-25 19:45:00,0.8952425335267645
2022-10-25 23:45:00,0.8938130796432255
2022-10-26 03:45:00,0.8923863987814443
2022-10-26 07:45:00,0.8909458811938797
2022-10-26 11:45:00,0.8894619897378777
2022-10-26 15:45:00,0.8878750009711315
2022-10-26 19:45:00,0.8862355153973913
2022-10-26 23:45:00,0.8845807851558276
2022-10-27 03:45:00,0.8829066509276061
2022-10-27 07:45:00,0.8812074981001421
2022-10-27 11:45:00,0.8794126912537596
2022-10-27 15:45:00,0.8774839353287827
2022-10-27 19:45:00,0.8754768440322525
2022-10-27 23:45:00,0.8734182611318818
2022-10-28 03:45:00,0.8713411505669888
2022-10-28 07:45:00,0.8692291108339827
2022-10-28 11:45:00,0.8670532876866502
2022-10-28 15:45:00,0.8647681763996181
2022-10-28 19:45:00,0.8623925895742972
2022-10-28 23:45:00,0.8599822198763198
2022-10-29 03:45:00,0.8576135906167904
2022-10-29 07:45:00,0.855287194707479
2022-10-29 11:45:00,0.8529499351867561
2022-10-29 15:45:00,0.8505542389110844
2022-10-29 19:45:00,0.8481471019919751
2022-10-29 23:45:00,0.8457929822261532
2022-10-30 03:45:00,0.8434999766101171
2022-10-30 07:45:00,0.8412784500419229
2022-10-30 11:45:00,0.8391007691758909
2022-11-01 07:45:00,0.8270268005480806
2022-11-01 11:45:00,0.8244834472338719
2022-11-01 15:45:00,0.8217961250345227
2022-11-01 19:45:00,0.818902730163315
2022-11-01 23:45:00,0.8159257345613122
2022-11-02 03:45:00,0.8130959005092535
2022-11-02 07:45:00,0.8104148867712018
2022-11-02 11:45:00,0.8077455689292871
2022-11-02 15:45:00,0.8050436510958675
2022-11-02 19:45:00,0.8023009291296707
2022-11-02 23:45:00,0.7995415940392343
2022-11-03 03:45:00,0.7969414564685677
2022-11-03 07:45:00,0.7945606732278666
2022-11-03 11:45:00,0.7922326610839044
2022-11-03 15:45:00,0.789894062081349
2022-11-03 19:45:00,0.7875496118145481
2022-11-03 23:45:00,0.7852045778340249
2022-11-04 03:45:00,0.7829810854429665
2022-11-04 07:45:00,0.7809494129821136
2022-11-04 11:45:00,0.7790072234588117
2022-11-04 15:45:00,0.7770314806588613
2022-11-04 19:45:00,0.774970655768634
2022-11-04 23:45:00,0.7728203662040777
2022-11-05 03:45:00,0.7706777723857838
2022-11-05 07:45:00,0.7685709894259931
2022-11-05 11:45:00,0.766444290748354
2022-11-05 15:45:00,0.7642335564271702
2022-11-05 19:45:00,0.7619045473616001
2022-11-05 23:45:00,0.759431745191113
2022-11-06 03:45:00,0.7568976322710196
2022-11-06 07:45:00,0.7543545748906298
2022-11-06 23:45:00,0.746390125117921
2022-11-07 03:45:00,0.7435077660405892
2022-11-07 07:45:00,0.740757654190674
2022-11-07 11:45:00,0.7381392257048943
2022-11-07 15:45:00,0.7356348683849891
2022-11-07 19:45:00,0.7331720499157617
2022-11-07 23:45:00,0.7307412805877278
2022-11-08 03:45:00,0.7284302462295521
2022-11-08 07:45:00,0.7263098049378663
2022-11-08 11:45:00,0.7244425735577621
2022-11-08 15:45:00,0.7227828607319073
2022-11-08 19:45:00,0.7212251988601914
2022-11-08 23:45:00,0.7197002502718985
2022-11-09 03:45:00,0.7182274314217303
2022-11-09 07:45:00,0.7168143168969094
2022-11-09 11:45:00,0.7154941733671154
2022-11-09 15:45:00,0.7142698533835552
2022-11-09 19:45:00,0.7130683030100005
2022-11-09 23:45:00,0.7118269663584588
2022-11-10 03:45:00,0.7105872850128582
2022-11-10 07:45:00,0.709347449914674
2022-11-10 11:45:00,0.708123373976772
2022-11-10 15:45:00,0.7069887183514387
2022-11-10 19:45:00,0.7059297878717069
2022-11-10 23:45:00,0.7048340127042771
2022-11-11 03:45:00,0.703697579669441
2022-11-11 07:45:00,0.7025139200406727
2022-11-11 11:45:00,0.7013705972934009
2022-11-11 15:45:00,0.7003661830116755
2022-11-11 19:45:00,0.6994756483972266
2022-11-11 23:45:00,0.698642329810326
2022-11-12 03:45:00,0.6977522119856202
2022-11-12 07:45:00,0.6968551248863546
2022-11-12 11:45:00,0.6960246921674598
2022-11-12 15:45:00,0.6953194868032313
2022-11-12 19:45:00,0.6947728916355403
2022-11-12 23:45:00,0.6942578178706317
2022-11-13 03:45:00,0.6936375807671193
2022-11-13 07:45:00,0.6929699431901627
2022-11-13 11:45:00,0.6923248149960834
2022-11-13 15:45:00,0.6917466261231199
2022-11-13 19:45:00,0.6912052281237139
2022-11-13 23:45:00,0.6906000342298688
2022-11-14 03:45:00,0.6899143915109845
2022-11-14 07:45:00,0.689173061946162
2022-11-14 11:45:00,0.6883950103355295
2022-11-14 15:45:00,0.6881744997898577
2022-11-14 19:45:00,0.6880222287962912
2022-11-14 23:45:00,0.6878723825452042
2022-11-15 03:45:00,0.6876673034295946
2022-11-15 07:45:00,0.6874626322090991
2022-11-15 11:45:00,0.6873056054546836
2022-11-15 15:45:00,0.6872110193833587
2022-11-15 19:45:00,0.6872188154104859
2022-11-15 23:45:00,0.6872894543729737
2022-11-16 03:45:00,0.6873709956596721
2022-11-16 07:45:00,0.6873353964726201
2022-11-16 11:45:00,0.6874525487385913
2022-11-16 15:45:00,0.6877552835474281
2022-11-16 19:45:00,0.6882751998574657
2022-11-16 23:45:00,0.6889030471281935
2022-11-17 03:45:00,0.6894708135500587
2022-11-17 07:45:00,0.6899731849448498
2022-11-17 11:45:00,0.6905030345905966
2022-11-17 15:45:00,0.6911140316420706
2022-11-17 19:45:00,0.6918439495138312
2022-11-17 23:45:00,0.6926527789525607
2022-11-18 03:45:00,0.6934300539288647
2022-11-18 07:45:00,0.6941142829899491
2022-11-18 11:45:00,0.6947899433348695
2022-11-18 15:45:00,0.6955367844771881
2022-11-18 19:45:00,0.6963707466513125
2022-11-18 23:45:00,0.6972672056741733
2022-11-19 03:45:00,0.6981492961030286
2022-11-19 07:45:00,0.6989556193036388
2022-11-19 11:45:00,0.6997484039814281
2022-11-19 15:45:00,0.7006163683023473
2022-11-19 19:45:00,0.7016054469017189
2022-11-19 23:45:00,0.7026890245604664
2022-11-20 03:45:00,0.7038157487950787
2022-11-20 07:45:00,0.7049437256543515
2022-11-20 11:45:00,0.7060609606479136
2022-11-20 15:45:00,0.7072370978834928
2022-11-20 19:45:00,0.7084966941190511
2022-11-20 23:45:00,0.7098266865387899
2022-11-21 03:45:00,0.7111927914048763
2022-11-21 07:45:00,0.7125523970893565
2022-11-21 11:45:00,0.713427485835529
2022-11-21 15:45:00,0.7142824566349131
2022-11-21 19:45:00,0.715132589277969
2022-11-21 23:45:00,0.7166289965764899
2022-11-22 03:45:00,0.7180905854125939
2022-11-22 07:45:00,0.7194962316198052
2022-11-22 11:45:00,0.7208270094370389
2022-11-22 15:45:00,0.7220926063706569
2022-11-22 19:45:00,0.7233764530700028
2022-11-22 23:45:00,0.724672857347384
2022-11-23 03:45:00,0.7258781181922919
2022-11-23 07:45:00,0.7269907947175138
2022-11-23 11:45:00,0.7279865244719488
2022-11-23 15:45:00,0.7288458980097879
2022-11-23 19:45:00,0.7296566363936345
2022-11-23 23:45:00,0.7304648812380895
2022-11-24 03:45:00,0.7312200988906992
2022-11-24 07:45:00,0.7319462844623839
2022-11-24 11:45:00,0.732608183037518
2022-11-24 15:45:00,0.7330345085448047
2022-11-24 19:45:00,0.7333392688671079
2022-11-24 23:45:00,0.7336351657307845
2022-11-25 03:45:00,0.7339119646776298
2022-11-25 07:45:00,0.734152062056148
2022-11-25 11:45:00,0.734321691701742
2022-11-25 15:45:00,0.7343614175930057
2022-11-25 19:45:00,0.734313922151109
2022-11-25 23:45:00,0.7343618706009002
2022-11-26 03:45:00,0.7345220613187576
2022-11-26 07:45:00,0.7347377964990952
2022-11-26 11:45:00,0.734965360239136
2022-11-26 15:45:00,0.735132664063639
2022-11-26 19:45:00,0.7352311672903131
2022-11-26 23:45:00,0.7353802060405946
2022-11-27 03:45:00,0.7356699971471663
2022-11-27 07:45:00,0.735983341547068
2022-11-27 11:45:00,0.7362560929274415
2022-11-27 15:45:00,0.7364588222660795
2022-11-27 19:45:00,0.7365392994241595
2022-11-27 23:45:00,0.7366519758229801
2022-11-28 03:45:00,0.7368965900299673
2022-11-28 07:45:00,0.7371289464636813
2022-11-28 11:45:00,0.7373220075877146
2022-11-28 15:45:00,0.7374919381324758
2022-11-28 19:45:00,0.7376188022934562
2022-11-28 23:45:00,0.7378084222665133
2022-11-29 03:45:00,0.7381453798348131
2022-11-29 07:45:00,0.7385326959502685
2022-11-29 11:45:00,0.738912776843589
2022-11-29 15:45:00,0.7392583846688491
2022-11-29 19:45:00,0.7395289157137326
2022-12-01 23:45:00,0.7461433692799836
2022-12-02 03:45:00,0.7456959597260396
2022-12-02 07:45:00,0.7452275947521012
2022-12-02 11:45:00,0.744686140136576
2022-12-02 15:45:00,0.7439828500997205
2022-12-02 19:45:00,0.7430360622620974
2022-12-02 23:45:00,0.7419194167437946
2022-12-03 03:45:00,0.7406656932992208
2022-12-03 07:45:00,0.7393537633082613
2022-12-03 11:45:00,0.7379997424464747
2022-12-03 15:45:00,0.736504924623227
2022-12-03 19:45:00,0.7348450078561611
2022-12-03 23:45:00,0.7330764907475983
2022-12-04 03:45:00,0.7312432280101846
2022-12-04 07:45:00,0.7293763317574722
2022-12-04 11:45:00,0.7274560059531315
2022-12-04 15:45:00,0.725424795848752
2022-12-04 19:45:00,0.7232603936049011
2022-12-04 23:45:00,0.7210235438800909
2022-12-05 03:45:00,0.7187162105694345
2022-12-05 07:45:00,0.7163786435900584
2022-12-05 11:45:00,0.7140550456179302
2022-12-05 15:45:00,0.71167442387736
2022-12-05 19:45:00,0.7092265025545141
2022-12-05 23:45:00,0.7067404515706142
2022-12-06 03:45:00,0.7042173071557432
2022-12-06 07:45:00,0.7017177514850077
2022-12-06 11:45:00,0.6993044833896276
2022-12-06 15:45:00,0.6968866989112086
2022-12-06 19:45:00,0.6944427570259951
2022-12-06 23:45:00,0.692005222580115
2022-12-07 03:45:00,0.6896041023398475
2022-12-07 07:45:00,0.6872742633276707
2022-12-07 11:45:00,0.6850266195500142
2022-12-07 15:45:00,0.6828596407619397
2022-12-07 19:45:00,0.6806905203320048
2022-12-07 23:45:00,0.6784981942364732
2022-12-08 03:45:00,0.676345722782762
2022-12-08 07:45:00,0.6742231539403699
2022-12-08 11:45:00,0.6721516233146737
2022-12-08 15:45:00,0.6701666766474346
2022-12-08 19:45:00,0.6682115478469669
2022-12-08 23:45:00,0.6662250108217843
2022-12-09 03:45:00,0.664235940200327
2022-12-09 07:45:00,0.6622403294587647
2022-12-09 11:45:00,0.6602796946339244
2022-12-09 15:45:00,0.6586665756032891
2022-12-09 19:45:00,0.6572724721026062
2022-12-09 23:45:00,0.6559277882461676
2022-12-10 03:45:00,0.6546239762862618
2022-12-10 07:45:00,0.6534161241870576
2022-12-10 11:45:00,0.6523684743192633
2022-12-10 15:45:00,0.6515432348460913
2022-12-10 19:45:00,0.6508698402388583
2022-12-10 23:45:00,0.6501037723011092
2022-12-11 03:45:00,0.6492329135396729
2022-12-11 07:45:00,0.6483720793456748
2022-12-11 11:45:00,0.6475639832619633
2022-12-11 15:45:00,0.6468492500560517
2022-12-11 19:45:00,0.6462403286967859
2022-12-11 23:45:00,0.6455437016596494
2022-12-12 03:45:00,0.6447060109140212
2022-12-12 07:45:00,0.6438964491625274
2022-12-12 11:45:00,0.6431855371053936
2022-12-12 15:45:00,0.6425596382795872
2022-12-12 19:45:00,0.642073483842868
2022-12-12 23:45:00,0.6415603828427181
2022-12-13 03:45:00,0.6409213240592576
2022-12-13 07:45:00,0.6403459112600001
2022-12-13 11:45:00,0.6398644873070161
2022-12-13 15:45:00,0.6394218177478597
2022-12-13 19:45:00,0.6390588840740616
2022-12-13 23:45:00,0.6386638841471303
2022-12-14 03:45:00,0.6381042698128314
2022-12-14 07:45:00,0.6375128861038023
2022-12-14 11:45:00,0.6369705569329336
2022-12-14 15:45:00,0.6364676715023878
2022-12-14 19:45:00,0.636031095214784
2022-12-14 23:45:00,0.6364169624931324
2022-12-15 03:45:00,0.6367580360632898
2022-12-15 07:45:00,0.6370670794809654
2022-12-15 11:45:00,0.6373480437353681
2022-12-15 15:45:00,0.6376088667270183
2022-12-15 19:45:00,0.6378931390744589
2022-12-15 23:45:00,0.6381861336869331
2022-12-16 03:45:00,0.6384361886268362
2022-12-16 07:45:00,0.638654269925775
2022-12-16 11:45:00,0.6388574113982143
2022-12-16 15:45:00,0.6390531481997754
2022-12-16 19:45:00,0.6392666738754048
2022-12-16 23:45:00,0.6387972476480854
2022-12-17 03:45:00,0.6383649207772163
2022-12-17 07:45:00,0.6379152707570435
2022-12-17 11:45:00,0.6374763557785947
2022-12-17 15:45:00,0.6371162926941533
2022-12-17 19:45:00,0.636886634899297
2022-12-17 23:45:00,0.6367563086202566
2022-12-18 03:45:00,0.6367280008581143
2022-12-18 07:45:00,0.6367359097547287
2022-12-18 11:45:00,0.6367336814960153
2022-12-18 15:45:00,0.6368294938515661
2022-12-18 19:45:00,0.6370383196836406
2022-12-18 23:45:00,0.6373252645305246
2022-12-19 03:45:00,0.6376729003826016
2022-12-19 07:45:00,0.6380413372194875
2022-12-19 11:45:00,0.6384090401415641
2022-12-19 15:45:00,0.6388447042082688
2022-12-19 19:45:00,0.639375361048437
2022-12-19 23:45:00,0.6399587915786698
2022-12-20 03:45:00,0.6405777427326171
2022-12-20 07:45:00,0.6412171913570045
2022-12-20 11:45:00,0.6418301151506328
2022-12-20 15:45:00,0.6424184772811796
2022-12-20 19:45:00,0.643023118871638
2022-12-20 23:45:00,0.6436757385743789
2022-12-21 03:45:00,0.6443668560022285
2022-12-21 07:45:00,0.6450539732774246
2022-12-21 11:45:00,0.6456655463871813
2022-12-21 15:45:00,0.6462163548758089
2022-12-21 19:45:00,0.6467489885491764
2022-12-21 23:45:00,0.6472946186488716
2022-12-22 03:45:00,0.6478475354863205
2022-12-22 07:45:00,0.648365685730401
2022-12-22 11:45:00,0.6488060741559957
2022-12-22 15:45:00,0.6491374826566697
2022-12-22 19:45:00,0.6494387349672619
2022-12-22 23:45:00,0.649797751932104
2022-12-23 03:45:00,0.65019893128291
2022-12-23 07:45:00,0.6506166075556298
2022-12-23 11:45:00,0.6510110522317638
2022-12-23 15:45:00,0.651356486800466
2022-12-23 19:45:00,0.6516794992624199
2022-12-23 23:45:00,0.6520494975653855
2022-12-24 03:45:00,0.6524860182636859
2022-12-24 07:45:00,0.6529760852531469
2022-12-24 11:45:00,0.6534974509034734
2022-12-24 23:45:00,0.6547270429035965
2022-12-25 03:45:00,0.6553027982062212
2022-12-25 07:45:00,0.6559113558974019
2022-12-25 11:45:00,0.656518396240869
2022-12-25 15:45:00,0.6570715985792454
2022-12-25 19:45:00,0.6576019674410436
2022-12-25 23:45:00,0.6582686633012729
2022-12-26 03:45:00,0.6590357526579357
2022-12-26 07:45:00,0.6598252389306397
2022-12-26 11:45:00,0.6606154883963558
2022-12-26 15:45:00,0.6613793841678333
2022-12-26 19:45:00,0.6621255565939815
2022-12-26 23:45:00,0.6629776029970104
2022-12-27 03:45:00,0.6639027033481764
2022-12-27 07:45:00,0.6648119710951278
2022-12-27 11:45:00,0.6656582106451638
2022-12-27 15:45:00,0.6664652220675588
2022-12-27 19:45:00,0.6672315815732441
2022-12-27 23:45:00,0.668028156600883
2022-12-28 03:45:00,0.6689033899070095
2022-12-28 07:45:00,0.6697690485665737
2022-12-28 11:45:00,0.6705930414710451
2022-12-28 15:45:00,0.6713800428648644
2022-12-29 03:45:00,0.6723989671263872
2022-12-29 07:45:00,0.6731964436257631
2022-12-29 11:45:00,0.6739261197269204
2022-12-29 15:45:00,0.674545898862604
2022-12-29 19:45:00,0.6750568269674154
2022-12-29 23:45:00,0.6755423472762678
2022-12-30 03:45:00,0.6760504014604376
2022-12-30 07:45:00,0.6765863284587564
2022-12-30 11:45:00,0.677148600367525
2022-12-30 15:45:00,0.6776818129177165
2022-12-30 19:45:00,0.6781560246404934
2022-12-30 23:45:00,0.6786264442643676
2022-12-31 03:45:00,0.6791355928325347
2022-12-31 23:45:00,0.6805760577022577
2023-01-01 03:45:00,0.6810435060583986
2023-01-01 07:45:00,0.681520821382763
2023-01-01 11:45:00,0.6819650039815129
2023-01-01 15:45:00,0.6823177197994148
2023-01-01 19:45:00,0.6826069283016944
2023-01-01 23:45:00,0.6828579395510788
2023-01-02 03:45:00,0.6830759962085474
2023-01-02 07:45:00,0.683277911723437
2023-01-02 11:45:00,0.6834589098259806
2023-01-02 15:45:00,0.6834934032793477
2023-01-02 19:45:00,0.6833907850323513
2023-01-02 23:45:00,0.6831898978157931
2023-01-03 03:45:00,0.6829236165836816
2023-01-03 07:45:00,0.68267653045482
2023-01-03 11:45:00,0.6824697563204503
2023-01-03 15:45:00,0.6822198960527792
2023-01-03 19:45:00,0.6818764273899341
2023-01-03 23:45:00,0.6814390704054396
2023-01-04 03:45:00,0.681016145729102
2023-01-04 07:45:00,0.6806536396818107
2023-01-04 11:45:00,0.6803855683277685
2023-01-04 15:45:00,0.6802584424427714
2023-01-04 19:45:00,0.6802123068471695
2023-01-04 23:45:00,0.6801145738848146
2023-01-05 03:45:00,0.679987686575229
2023-01-05 07:45:00,0.6798802949688265
2023-01-05 11:45:00,0.6798873755540558
2023-01-05 15:45:00,0.6800419254690389
2023-01-05 19:45:00,0.6802269791443938
2023-01-05 23:45:00,0.6802659940372723
2023-01-06 03:45:00,0.6802143980262974
2023-01-06 07:45:00,0.6801818634844303
2023-01-08 19:45:00,0.6842983722954117
2023-01-09 07:45:00,0.6825551569831635
2023-01-09 19:45:00,0.6801295089982535
2023-01-09 23:45:00,0.6773967974308458
2023-01-10 03:45:00,0.674526244002488
2023-01-10 07:45:00,0.6716296422586745
2023-01-10 11:45:00,0.6687300849550916
2023-01-10 15:45:00,0.6659018354104353
2023-01-10 23:45:00,0.6620162248126423
2023-01-11 03:45:00,0.658667133398528
2023-01-11 07:45:00,0.6553037508679103
2023-01-13 03:45:00,0.6414796298722034
2023-01-13 07:45:00,0.6373417953983085
2023-01-13 11:45:00,0.6333556212967366
2023-01-13 15:45:00,0.6296744273808353
2023-01-13 19:45:00,0.626222137477416
2023-01-13 23:45:00,0.622757409838878
2023-01-14 03:45:00,0.6192341307750973
2023-01-14 07:45:00,0.6156856360639891
2023-01-14 11:45:00,0.612145571196316
2023-01-14 15:45:00,0.6087424323744486
2023-01-14 19:45:00,0.6054051920337982
2023-01-14 23:45:00,0.6019101926286936
2023-01-15 03:45:00,0.5982426127254273
2023-01-15 07:45:00,0.5962817235916609
2023-01-15 11:45:00,0.5942744430953653
2023-01-15 15:45:00,0.5922831185255197
2023-01-15 19:45:00,0.590263505723694
2023-01-15 23:45:00,0.5862771053276474
2023-01-16 03:45:00,0.5821017649219403
2023-01-16 07:45:00,0.5777570960099487
2023-01-16 11:45:00,0.5733630501324035
2023-01-16 15:45:00,0.5690794101717014
2023-01-16 19:45:00,0.5648377133255296
2023-01-16 23:45:00,0.5605299699784952
2023-01-17 03:45:00,0.5561221665680944
2023-01-17 07:45:00,0.5516656659705167
2023-01-17 11:45:00,0.5473045635119536
2023-01-17 15:45:00,0.543221644003262
2023-01-17 19:45:00,0.5393920654616073
2023-01-17 23:45:00,0.5357084766523394
2023-01-18 03:45:00,0.5321054886748101
2023-01-18 07:45:00,0.5285027821393129
2023-01-18 11:45:00,0.5248715982908612
2023-01-18 15:45:00,0.5212984351213209
2023-01-18 19:45:00,0.517891779020858
2023-01-18 23:45:00,0.5146470071084159
2023-01-19 03:45:00,0.5113749785780024
2023-01-19 07:45:00,0.5080586046609964
2023-01-19 11:45:00,0.5046877048353571
2023-01-19 15:45:00,0.5012174850960917
2023-01-19 19:45:00,0.49767270665136487
2023-01-19 23:45:00,0.49417160597652765
2023-01-20 03:45:00,0.49066590842869356
2023-01-20 07:45:00,0.4871223758914552
2023-01-20 11:45:00,0.48351481250607736
2023-01-20 19:45:00,0.476725451759213
2023-01-20 23:45:00,0.47323174696332243
2023-01-21 03:45:00,0.469788837512343
2023-01-21 07:45:00,0.46628054659082335
2023-01-21 11:45:00,0.46582908914738486
2023-01-21 15:45:00,0.4653982862918197
2023-01-21 23:45:00,0.4652938196331213
2023-01-22 03:45:00,0.465294775854318
2023-01-22 07:45:00,0.46531047682448823
2023-01-22 11:45:00,0.4653864073295074
2023-01-22 15:45:00,0.4655181321367747
2023-01-22 19:45:00,0.4658200591240249
2023-01-22 23:45:00,0.4664124243338432
2023-01-23 03:45:00,0.46714390920200294
2023-01-23 07:45:00,0.46793441609893316
2023-01-23 11:45:00,0.4687828200878321
2023-01-23 15:45:00,0.4696785841887097
2023-01-23 19:45:00,0.46950751488356984
2023-01-23 23:45:00,0.47076709060057853
2023-01-24 03:45:00,0.472098909463844
2023-01-24 07:45:00,0.47266972176440236
2023-01-24 11:45:00,0.4740584823225275
2023-01-24 15:45:00,0.4754253359043591
2023-01-24 19:45:00,0.47624443579527537
2023-01-24 23:45:00,0.4773913769601002
2023-01-25 03:45:00,0.4786709362057987
2023-01-25 07:45:00,0.47997036376348245
2023-01-25 11:45:00,0.4811952343483006
2023-01-25 15:45:00,0.4822733014848787
2023-01-25 19:45:00,0.4838173850456382
2023-01-25 23:45:00,0.4852090955127493
2023-01-26 03:45:00,0.48673097235366025
2023-01-26 07:45:00,0.4883028961491437
2023-01-26 11:45:00,0.4899457738454999
2023-01-26 15:45:00,0.4914951431544679
2023-01-26 19:45:00,0.4930236203590723
2023-01-26 23:45:00,0.4945832365627697
2023-01-27 03:45:00,0.49612632452337624
2023-01-27 07:45:00,0.4976451796181605
2023-01-27 11:45:00,0.4990750817280959
2023-01-27 15:45:00,0.5003818755545414
2023-01-27 19:45:00,0.5016400587292366
2023-01-27 23:45:00,0.5029096003436432
2023-01-28 03:45:00,0.5043529031279432
2023-01-28 07:45:00,0.5057578482503645
2023-01-28 11:45:00,0.507050680960743
2023-01-28 15:45:00,0.5081312420843848
2023-01-28 19:45:00,0.5091123221804662
2023-01-28 23:45:00,0.5101671280619514
2023-01-29 03:45:00,0.5112712113801345
2023-01-29 07:45:00,0.5123576708784973
2023-01-29 11:45:00,0.5133627703507034
2023-01-29 15:45:00,0.5142225276186078
2023-01-29 19:45:00,0.5150387881901599
2023-01-29 23:45:00,0.515993227342426
2023-01-30 03:45:00,0.5170811077690832
2023-01-30 07:45:00,0.5182897049630443
2023-01-30 11:45:00,0.5195496555593672
2023-01-30 15:45:00,0.5208008273971926
2023-01-30 19:45:00,0.5220918580479773
2023-01-30 23:45:00,0.5235625290661606
2023-01-31 03:45:00,0.5252422945306968
2023-01-31 07:45:00,0.5271409129416752
2023-01-31 11:45:00,0.5291391275709215
2023-01-31 15:45:00,0.5310937353408566
2023-01-31 19:45:00,0.5330089293856672
2023-01-31 23:45:00,0.5349593924134373
2023-02-01 03:45:00,0.5370333902323287
2023-02-01 07:45:00,0.5392403547502627
2023-02-01 11:45:00,0.5414515505213532
2023-02-01 15:45:00,0.5435514365665666
2023-02-01 19:45:00,0.5454882722460183
2023-02-01 23:45:00,0.5473137388693674
2023-02-02 03:45:00,0.5491173650124586
2023-02-02 07:45:00,0.5509561422158443
2023-02-02 11:45:00,0.5528609811100065
2023-02-02 15:45:00,0.5547697886175791
2023-02-02 19:45:00,0.5565462889656219
2023-02-02 23:45:00,0.5581759128472596
2023-02-03 03:45:00,0.5597807104958503
2023-02-03 07:45:00,0.5613684770557951
2023-02-03 11:45:00,0.5629624969771363
2023-02-03 15:45:00,0.5645650235118519
2023-02-03 19:45:00,0.566096126787291
2023-02-03 23:45:00,0.5675228955497046
2023-02-04 03:45:00,0.5689493116863876
2023-02-04 07:45:00,0.5704093490499225
2023-02-04 11:45:00,0.5718577276508149
2023-02-04 15:45:00,0.5717443325241965
2023-02-04 19:45:00,0.5730944178452416
2023-02-04 23:45:00,0.5742779169676101
2023-02-05 03:45:00,0.5755040772209644
2023-02-05 07:45:00,0.5768080306597605
2023-02-05 11:45:00,0.5780957690139936
2023-02-05 15:45:00,0.5793808587330554
2023-02-05 19:45:00,0.5790051130021241
2023-02-05 23:45:00,0.579850442063742
2023-02-06 03:45:00,0.580636057248735
2023-02-06 07:45:00,0.5814405899518809
2023-02-06 11:45:00,0.5821995938790564
2023-02-06 15:45:00,0.582910417622073
2023-02-06 19:45:00,0.5834027172021619
2023-02-06 23:45:00,0.5835281629463304
2023-02-07 03:45:00,0.5834808023623476
2023-02-07 07:45:00,0.5833685398384918
2023-02-07 11:45:00,0.5831841041852255
2023-02-07 15:45:00,0.5829351161157506
2023-02-07 19:45:00,0.5824936570047812
2023-02-07 23:45:00,0.5817808007016652
2023-02-08 03:45:00,0.5809562510521902
2023-02-08 07:45:00,0.5800941707620788
2023-02-08 11:45:00,0.579227458539284
2023-02-08 15:45:00,0.5784096632346082
2023-02-08 19:45:00,0.5774781524938368
2023-02-08 23:45:00,0.5763287074466052
2023-02-09 03:45:00,0.5750784303945298
2023-02-09 07:45:00,0.5737730702770248
2023-02-09 11:45:00,0.5725249776969008
2023-02-09 15:45:00,0.5713775818361835
2023-02-09 19:45:00,0.5701664042848951
2023-02-09 23:45:00,0.5687805898120919
2023-02-10 03:45:00,0.5672508330527503
2023-02-10 07:45:00,0.5656128988552566
2023-02-10 11:45:00,0.5640087454151016
2023-02-10 15:45:00,0.5625033774807924
2023-02-10 19:45:00,0.5609797134903045
2023-02-10 23:45:00,0.5593383563038983
2023-02-11 03:45:00,0.5576406886345342
2023-02-11 07:45:00,0.5558952891341495
2023-02-11 11:45:00,0.5542316997486831
2023-02-11 15:45:00,0.5527279296351196
2023-02-11 19:45:00,0.5512541907062397
2023-02-11 23:45:00,0.5497025254542421
2023-02-12 03:45:00,0.5481254048653844
2023-02-12 07:45:00,0.5465729126136339
2023-02-12 11:45:00,0.5451121724001989
2023-02-12 15:45:00,0.5438093757959604
2023-02-12 19:45:00,0.5425519240641649
2023-02-12 23:45:00,0.5412229429721094
2023-02-13 03:45:00,0.5398871825928072
2023-02-13 07:45:00,0.5385748072989027
2023-02-13 11:45:00,0.5373815362910007
2023-02-13 15:45:00,0.5363628389810893
2023-02-13 19:45:00,0.5353972191654368
2023-02-13 23:45:00,0.5343525941541999
2023-02-14 03:45:00,0.5332628366991965
2023-02-14 07:45:00,0.5321367931258709
2023-02-14 11:45:00,0.5310404422304353
2023-02-14 15:45:00,0.5300110587780454
2023-02-14 19:45:00,0.5290232269975083
2023-02-14 23:45:00,0.5279586311920257
2023-02-15 03:45:00,0.5267436012039688
2023-02-15 07:45:00,0.5253953157718192
2023-02-15 11:45:00,0.5239766681213688
2023-02-15 15:45:00,0.5225833313407297
2023-02-15 19:45:00,0.5212413218887749
2023-02-15 23:45:00,0.5198887922624111
2023-02-16 03:45:00,0.5184090180650952
2023-02-16 07:45:00,0.5167533944624978
2023-02-16 11:45:00,0.514981043814464
2023-02-16 15:45:00,0.5131613496769546
2023-02-16 19:45:00,0.511423961753811
2023-02-16 23:45:00,0.5097403237038498
2023-02-17 03:45:00,0.5079803235210095
2023-02-17 07:45:00,0.5061227921993318
2023-02-17 11:45:00,0.5041738080882581
2023-02-17 23:45:00,0.5004466046517281
2023-02-18 03:45:00,0.4988065749557928
2023-02-18 07:45:00,0.49719457727951927
2023-02-18 11:45:00,0.49558006526704734
2023-02-18 15:45:00,0.49398137073199133
2023-02-18 19:45:00,0.4925862595063378
2023-02-18 23:45:00,0.49141674545637337
2023-02-19 03:45:00,0.49029304508741484
2023-02-19 07:45:00,0.48913687619451196
2023-02-19 11:45:00,0.4879962314684926
2023-02-19 15:45:00,0.4868914268692539
2023-02-19 19:45:00,0.48592886778155037
2023-02-19 23:45:00,0.48511916685928114
2023-02-20 03:45:00,0.4842681626590688
2023-02-20 07:45:00,0.48327253869608566
2023-02-20 11:45:00,0.48217582032072787
2023-02-20 15:45:00,0.4810113548462944
2023-02-20 19:45:00,0.47995289568321786
2023-02-20 23:45:00,0.47903694712730605
2023-02-21 03:45:00,0.47808748972621395
2023-02-21 07:45:00,0.4770176554021713
2023-02-21 11:45:00,0.4758332378494362
2023-02-21 15:45:00,0.47458790378645344
2023-02-21 19:45:00,0.4734707686170918
2023-02-21 23:45:00,0.47254911297030966
2023-02-22 03:45:00,0.4717001498907042
2023-02-22 07:45:00,0.47082203501895564
2023-02-22 11:45:00,0.4698778788064781
2023-02-22 15:45:00,0.4689013469222305
2023-02-22 19:45:00,0.46803493657325485
2023-02-22 23:45:00,0.4673134112980438
2023-02-23 15:45:00,0.465089457167283
2023-02-23 19:45:00,0.4640575355102094
2023-02-23 23:45:00,0.46312604759796316
2023-02-24 03:45:00,0.46222120452547066
2023-02-24 07:45:00,0.4613251085078508
2023-02-24 11:45:00,0.46029343518622967
2023-02-24 15:45:00,0.4591243105028191
2023-02-24 19:45:00,0.4579923488596943
2023-02-24 23:45:00,0.45696892768004055
2023-02-25 03:45:00,0.45602571056404595
2023-02-25 07:45:00,0.45510799217279857
2023-02-25 11:45:00,0.4540615234976227
2023-02-25 15:45:00,0.4528289502672905
2023-02-25 19:45:00,0.4515727671944635
2023-02-25 23:45:00,0.4503910054113875
2023-02-26 03:45:00,0.4492327433289649
2023-02-26 07:45:00,0.4480712748384005
2023-02-26 11:45:00,0.44678821556466275
2023-02-26 15:45:00,0.4452977493353029
2023-02-26 19:45:00,0.44373791949018493
2023-02-26 23:45:00,0.44222368458693617
2023-02-27 03:45:00,0.44070217808454304
2023-02-27 07:45:00,0.43910459321179857
2023-02-27 11:45:00,0.4373835234292894
2023-02-27 15:45:00,0.43549769082764994
2023-02-27 19:45:00,0.43349924550131774
2023-02-27 23:45:00,0.43150571922294
2023-02-28 03:45:00,0.42951440086223375
2023-02-28 07:45:00,0.4275244438063188
2023-02-28 11:45:00,0.4254311364801674
2023-02-28 15:45:00,0.42316984210019837
2023-02-28 19:45:00,0.4208111679602353
2023-02-28 23:45:00,0.4184863685943192
2023-03-01 03:45:00,0.41623130651536666
2023-03-01 07:45:00,0.41406307227923833
2023-03-01 11:45:00,0.4119197417064242
2023-03-01 15:45:00,0.40973027450850935
2023-03-01 19:45:00,0.40746197422502656
2023-03-01 23:45:00,0.4052018740712425
2023-03-02 03:45:00,0.4030574792262178
2023-03-02 07:45:00,0.4009847567990279
2023-03-02 11:45:00,0.3989928101253986
2023-03-02 15:45:00,0.3970086032926194
2023-03-02 19:45:00,0.39495090139099776
2023-03-02 23:45:00,0.3928787608420614
2023-03-03 03:45:00,0.3909441395250687
2023-03-03 07:45:00,0.3891893406009771
2023-03-03 11:45:00,0.3876154507394064
2023-03-03 15:45:00,0.38616265652233506
2023-03-03 19:45:00,0.38467225932539917
2023-03-03 23:45:00,0.383185404536005
2023-03-04 03:45:00,0.3818704081358881
2023-03-04 07:45:00,0.38069459464456973
2023-03-04 11:45:00,0.37962484088164883
2023-03-04 15:45:00,0.37900685812393614
2023-03-04 19:45:00,0.3783123194955926
2023-03-04 23:45:00,0.3769736157110707
2023-03-05 03:45:00,0.3756633396656365
2023-03-05 07:45:00,0.37434038762644584
2023-03-05 11:45:00,0.3730061217266528
2023-03-05 15:45:00,0.37164237236244246
2023-03-05 19:45:00,0.3700651127248321
2023-03-05 23:45:00,0.3683007907336271
2023-03-06 03:45:00,0.36655855255652403
2023-03-06 07:45:00,0.36488136509747593
2023-03-06 11:45:00,0.3632080814919118
2023-03-06 15:45:00,0.36153005215359424
2023-03-06 19:45:00,0.3597644374424144
2023-03-06 23:45:00,0.35793040511965973
2023-03-07 03:45:00,0.3562219852146749
2023-03-07 07:45:00,0.35473746189871974
2023-03-07 11:45:00,0.3534589673425446
2023-03-07 15:45:00,0.3523487724586059
2023-03-07 19:45:00,0.35125402809008427
2023-03-07 23:45:00,0.35014863473416186
2023-03-08 03:45:00,0.34916787762543555
2023-03-08 07:45:00,0.3483861120933071
2023-03-08 11:45:00,0.3478544299965277
2023-03-08 15:45:00,0.34750431495532497
2023-03-08 19:45:00,0.3471294281724999
2023-03-08 23:45:00,0.3466914675152029
2023-03-09 03:45:00,0.34626375573303797
2023-03-09 07:45:00,0.3459116355804879
2023-03-09 11:45:00,0.3457143240189387
2023-03-09 15:45:00,0.34563862404018536
2023-03-09 19:45:00,0.3455016505827376
2023-03-09 23:45:00,0.3452643393334342
2023-03-10 03:45:00,0.3460288919625709
2023-03-10 07:45:00,0.34680095398939337
2023-03-10 11:45:00,0.3476320566922636
2023-03-10 15:45:00,0.347765155474713
2023-03-10 19:45:00,0.34788215699474806
2023-03-10 23:45:00,0.3479471689950724
2023-03-11 03:45:00,0.34802153018517057
2023-03-11 07:45:00,0.3481615058784917
2023-03-11 11:45:00,0.3485286728764093
2023-03-11 15:45:00,0.3490739795237927
2023-03-11 19:45:00,0.3496181890729406
2023-03-11 23:45:00,0.3501198715506174
2023-03-12 03:45:00,0.35064037590966357
2023-03-12 07:45:00,0.35125804364958524
2023-03-12 11:45:00,0.352101994395286
2023-03-12 15:45:00,0.353146492635192
2023-03-12 19:45:00,0.3541888439144471
2023-03-12 23:45:00,0.3551683959099616
2023-03-13 03:45:00,0.35614591389285005
2023-03-13 07:45:00,0.3571719181073707
2023-03-13 11:45:00,0.35832717320759666
2023-03-13 15:45:00,0.35964383943467104
2023-03-13 19:45:00,0.3609809448881246
2023-03-13 23:45:00,0.3622604567472948
2023-03-14 03:45:00,0.36352936443080197
2023-03-14 07:45:00,0.3648505731820565
2023-03-14 11:45:00,0.3662737229734274
2023-03-14 15:45:00,0.36782548393442527
2023-03-14 19:45:00,0.3694784632840136
2023-03-14 23:45:00,0.37114418688550577
2023-03-15 03:45:00,0.3728127578592199
2023-03-15 07:45:00,0.37448296444714585
2023-03-15 11:45:00,0.3762303583213082
2023-03-15 15:45:00,0.37813631976571005
2023-03-15 19:45:00,0.38020146526199333
2023-03-15 23:45:00,0.38229651020075284
2023-03-16 03:45:00,0.3843483143129701
2023-03-16 07:45:00,0.38634616492228546
2023-03-16 11:45:00,0.38833752095546586
2023-03-16 15:45:00,0.39042891708246735
2023-03-16 19:45:00,0.39269363603695284
2023-03-16 23:45:00,0.3950406924266553
2023-03-17 03:45:00,0.3973831085570078
2023-03-17 07:45:00,0.3997413158386772
2023-03-17 11:45:00,0.40211540552104463
2023-03-17 15:45:00,0.40459437311776986
2023-03-17 19:45:00,0.4072807914047976
2023-03-17 23:45:00,0.41006676817980536
2023-03-18 03:45:00,0.41279750046496766
2023-03-18 07:45:00,0.41545036140505753
2023-03-18 11:45:00,0.41802928800928024
2023-03-18 15:45:00,0.42063170186365306
2023-03-18 19:45:00,0.42337402670984203
2023-03-18 23:45:00,0.4261639148724171
2023-03-19 03:45:00,0.42885724741507864
2023-03-19 07:45:00,0.43145940096307384
2023-03-19 11:45:00,0.43398780600580705
2023-03-19 15:45:00,0.436564361398787
2023-03-19 19:45:00,0.43931984869794444
2023-03-19 23:45:00,0.4421587252465098
2023-03-20 03:45:00,0.44492559802340054
2023-03-20 07:45:00,0.4476289105256797
2023-03-20 11:45:00,0.45030950274278664
2023-03-20 15:45:00,0.45302384865295364
2023-03-20 19:45:00,0.45587745544852826
2023-03-20 23:45:00,0.4588065933379205
2023-03-21 03:45:00,0.46164156281917995
2023-03-21 07:45:00,0.4643361379656271
2023-03-21 11:45:00,0.46693213949181533
2023-03-21 15:45:00,0.46947921096344647
2023-03-21 19:45:00,0.4720610266200526
2023-03-21 23:45:00,0.47464145826673887
2023-03-22 03:45:00,0.4770618672368721
2023-03-22 07:45:00,0.47922074764312894
2023-03-22 11:45:00,0.48113368904872
2023-03-22 15:45:00,0.4828677116757802
2023-03-22 19:45:00,0.48453160091564995
2023-03-22 23:45:00,0.48613313833767496
2023-03-23 03:45:00,0.487594638460271
2023-03-23 07:45:00,0.48884852498908804
2023-03-23 11:45:00,0.4898366718714041
2023-03-23 15:45:00,0.490614483056507
2023-03-23 19:45:00,0.4913781067983798
2023-03-23 23:45:00,0.49214546906889306
2023-03-24 03:45:00,0.4928529355822532
2023-03-24 07:45:00,0.4934525805612513
2023-03-24 11:45:00,0.49387393525091355
2023-03-24 15:45:00,0.4941424548592144
2023-03-24 19:45:00,0.49443091489836105
2023-03-24 23:45:00,0.49476379396995157
2023-03-25 03:45:00,0.4950923300250495
2023-03-25 07:45:00,0.4953606917854921
2023-03-25 11:45:00,0.4954654681396198
2023-03-25 15:45:00,0.4954271147689152
2023-03-25 19:45:00,0.4953758472480683
2023-03-25 23:45:00,0.4953552051505805
2023-03-26 03:45:00,0.49530899474043777
2023-03-26 07:45:00,0.49516198274829154
2023-03-26 11:45:00,0.494780254849462
2023-03-26 15:45:00,0.49420984014235303
2023-03-26 19:45:00,0.4935998547116502
2023-03-26 23:45:00,0.4929866562837708
2023-03-27 03:45:00,0.49234806858723257
2023-03-27 07:45:00,0.4916332044650188
2023-03-27 11:45:00,0.4907398336539789
2023-03-27 15:45:00,0.48970200884151505
2023-03-27 19:45:00,0.4886821687002153
2023-03-27 23:45:00,0.48774503077353987
2023-03-28 03:45:00,0.4868478906350541
2023-03-28 07:45:00,0.4859562129466877
2023-03-28 11:45:00,0.4850012358915058
2023-03-28 15:45:00,0.483966604695331
2023-03-28 19:45:00,0.4829575286439447
2023-03-28 23:45:00,0.4820295155945247
2023-03-29 03:45:00,0.48116096934811625
2023-03-29 07:45:00,0.4803209150866013
2023-03-29 11:45:00,0.47943353789277815
2023-03-29 15:45:00,0.47841752693014306
2023-03-29 19:45:00,0.4772846999536426
2023-03-29 23:45:00,0.47613909471995886
2023-03-30 03:45:00,0.4749908303401866
2023-03-30 07:45:00,0.4738324229623105
2023-03-30 11:45:00,0.4726000927854672
2023-03-30 15:45:00,0.4711783945363452
2023-03-30 19:45:00,0.46952949365982194
2023-03-30 23:45:00,0.4677929715886705
2023-03-31 03:45:00,0.4660424443762162
2023-03-31 07:45:00,0.4642731437471016
2023-03-31 11:45:00,0.46244364649269026
2023-03-31 15:45:00,0.4604452915504162
2023-03-31 19:45:00,0.4582258229876011
2023-03-31 23:45:00,0.4559413883156963
2023-04-01 03:45:00,0.4536808825916603
2023-04-01 07:45:00,0.4514214033048517
2023-04-01 11:45:00,0.4491326502272999
2023-04-01 15:45:00,0.4467135488197953
2023-04-01 19:45:00,0.4440904046567624
2023-04-01 23:45:00,0.44143325958331525
2023-04-02 03:45:00,0.4388696655313917
2023-04-02 07:45:00,0.43639861819427667
2023-04-02 11:45:00,0.43397630903645024
2023-04-02 15:45:00,0.43147025514379334
2023-04-02 19:45:00,0.42880113954890864
2023-04-02 23:45:00,0.42612253729996685
2023-04-03 03:45:00,0.4235336330421429
2023-04-03 07:45:00,0.4210199025735832
2023-04-03 11:45:00,0.4185753097367498
2023-04-03 15:45:00,0.4160819210498517
2023-04-03 19:45:00,0.4134397428543305
2023-04-03 23:45:00,0.4107576953573613
2023-04-04 03:45:00,0.4081599648336255
2023-04-04 07:45:00,0.4056689187928233
2023-04-04 11:45:00,0.40323504607213767
2023-04-04 15:45:00,0.4007659612544731
2023-04-04 19:45:00,0.3981682370790305
2023-04-04 23:45:00,0.3955192777323039
2023-04-05 03:45:00,0.39294416729576004
2023-04-05 07:45:00,0.39052191941950465
2023-04-05 11:45:00,0.38826356533720796
2023-04-05 15:45:00,0.38608326631375
2023-04-05 19:45:00,0.3838728047801517
2023-04-05 23:45:00,0.3816754350077931
2023-04-06 03:45:00,0.37959959729173
2023-04-06 07:45:00,0.3777688800171757
2023-04-06 11:45:00,0.3761876202881796
2023-04-06 15:45:00,0.37475875284361077
2023-04-06 19:45:00,0.3733767308592838
2023-04-06 23:45:00,0.3720429622064196
2023-04-07 03:45:00,0.37080037326797544
2023-04-07 07:45:00,0.36972283451457516
2023-04-07 11:45:00,0.36885365958031785
2023-04-07 15:45:00,0.3681199164590931
2023-04-07 19:45:00,0.3673393559332945
2023-04-07 23:45:00,0.36652155298124356
2023-04-08 03:45:00,0.36570314793773784
2023-04-08 07:45:00,0.36495995709248735
2023-04-08 11:45:00,0.36435786742152465
2023-04-08 15:45:00,0.3638240116271852
2023-04-08 19:45:00,0.36321823635281675
2023-04-08 23:45:00,0.36254855464043173
2023-04-09 03:45:00,0.36185257841980767
2023-04-09 07:45:00,0.3611815024701539
2023-04-09 11:45:00,0.36063777678621656
2023-04-09 15:45:00,0.3601879558185313
2023-04-09 19:45:00,0.35970531199337674
2023-04-09 23:45:00,0.35917736903149877
2023-04-10 03:45:00,0.3586257428136208
2023-04-10 07:45:00,0.358106499150335
2023-04-10 11:45:00,0.35773658157539506
2023-04-10 15:45:00,0.3574792934271979
2023-04-10 19:45:00,0.3572117830679708
2023-04-10 23:45:00,0.356910430825964
2023-04-11 03:45:00,0.3565572947300821
2023-04-11 07:45:00,0.35618514570538434
2023-04-11 11:45:00,0.355903824669697
2023-04-11 15:45:00,0.355736576238315
2023-04-11 19:45:00,0.3555759900969832
2023-04-11 23:45:00,0.3553399134313608
2023-04-12 03:45:00,0.3550564440011738
2023-04-12 07:45:00,0.35473870032388466
2023-04-12 11:45:00,0.35447872857619667
2023-04-12 15:45:00,0.3543608235654616
2023-04-12 19:45:00,0.35432025712722104
2023-04-12 23:45:00,0.354267347257152
2023-04-13 03:45:00,0.35420805190526183
2023-04-13 07:45:00,0.35417443423884803
2023-04-13 15:45:00,0.3542057806114979
2023-04-13 19:45:00,0.35478259399638734
2023-04-13 23:45:00,0.35543185280454115
2023-04-14 03:45:00,0.35612629893576736
2023-04-14 07:45:00,0.35685936463815393
2023-04-14 11:45:00,0.3576944709210194
2023-04-14 15:45:00,0.35878836036285433
2023-04-14 19:45:00,0.36014311369267976
2023-04-14 23:45:00,0.36155048336037904
2023-04-15 03:45:00,0.36294095914555785
2023-04-15 07:45:00,0.36433060511649773
2023-04-15 11:45:00,0.3657760572954251
2023-04-15 15:45:00,0.367415889102661
2023-04-15 19:45:00,0.36925330864791855
2023-04-15 23:45:00,0.3711011682961016
2023-04-16 03:45:00,0.3728830072137688
2023-04-16 07:45:00,0.3746025880461895
2023-04-16 11:45:00,0.3763178328152235
2023-04-16 15:45:00,0.3781318335806827
2023-04-16 19:45:00,0.3801033449693021
2023-04-16 23:45:00,0.38209088889344966
2023-04-17 03:45:00,0.38399423002763766
2023-04-17 07:45:00,0.38578526310642225
2023-04-17 11:45:00,0.38752800016689615
2023-04-17 15:45:00,0.3893635310734211
2023-04-17 19:45:00,0.39135443846751405
2023-04-17 23:45:00,0.39335629968153735
2023-04-18 03:45:00,0.39527104448452943
2023-04-18 07:45:00,0.39711496907111954
2023-04-18 11:45:00,0.39888538192910195
2023-04-18 15:45:00,0.4006998233834947
2023-04-18 19:45:00,0.4026662161189689
2023-04-18 23:45:00,0.4047032693587113
2023-04-19 03:45:00,0.4066881099448105
2023-04-19 07:45:00,0.4085740650431224
2023-04-19 11:45:00,0.41035539562398754
2023-04-19 15:45:00,0.41212908640588597
2023-04-19 19:45:00,0.4140325352613623
2023-04-19 23:45:00,0.4160191361811809
2023-04-20 03:45:00,0.4179963337772133
2023-04-20 07:45:00,0.41988489879389534
2023-04-20 11:45:00,0.42163817098107637
2023-04-20 15:45:00,0.4233217446732013
2023-04-20 19:45:00,0.4250300118335463
2023-04-20 23:45:00,0.4267646530908627
2023-04-21 03:45:00,0.4284570958255623
2023-04-21 07:45:00,0.43001631801586965
2023-04-21 11:45:00,0.43144221323085474
2023-04-21 15:45:00,0.43281057354698665
2023-04-21 19:45:00,0.43419898409981
2023-04-21 23:45:00,0.43561971821874107
2023-04-22 03:45:00,0.437044654258888
2023-04-22 11:45:00,0.43884467529158416
2023-04-22 15:45:00,0.44015220304156116
2023-04-22 19:45:00,0.441564856597758
2023-04-22 23:45:00,0.44306298648680076
2023-04-23 03:45:00,0.4446344690557217
2023-04-23 07:45:00,0.4462112720855738
2023-04-23 11:45:00,0.4477310263270392
2023-04-23 15:45:00,0.4492557228642673
2023-04-23 19:45:00,0.4508754140287981
2023-04-23 23:45:00,0.452596158085472
2023-04-24 03:45:00,0.4543949862100996
2023-04-24 11:45:00,0.45696573237893456
2023-04-24 15:45:00,0.45864711137425923
2023-04-24 19:45:00,0.4604125168183194
2023-04-24 23:45:00,0.46227091221122596
2023-04-25 03:45:00,0.46423185082766244
2023-04-25 11:45:00,0.46731184303776324
2023-04-25 15:45:00,0.46925020507095805
2023-04-25 19:45:00,0.4712863688562532
2023-04-25 23:45:00,0.47347478531355613
2023-04-26 03:45:00,0.4758433366374174
2023-04-26 07:45:00,0.47830818285005694
2023-04-26 11:45:00,0.48071961596795454
2023-04-26 15:45:00,0.4830274728843127
2023-04-26 19:45:00,0.48534116022153495
2023-04-26 23:45:00,0.4877547542979556
2023-04-27 03:45:00,0.49027513510816084
2023-04-27 07:45:00,0.4928744369237268
2023-04-27 11:45:00,0.49540947531617957
2023-04-27 15:45:00,0.4977523026037004
2023-04-27 19:45:00,0.4999809493891453
2023-04-27 23:45:00,0.5022110908998173
2023-04-28 03:45:00,0.5044760131136597
2023-04-28 07:45:00,0.506745245273631
2023-04-28 15:45:00,0.5086047037470859
2023-04-28 19:45:00,0.510293790660536
2023-04-28 23:45:00,0.5119548538178332
2023-04-29 03:45:00,0.5135993857660294
2023-04-29 07:45:00,0.515266434014319
2023-04-29 15:45:00,0.5176655385073377
2023-04-29 19:45:00,0.5189108781371362
2023-04-29 23:45:00,0.5202373602992504
2023-04-30 03:45:00,0.521668964593985
2023-04-30 07:45:00,0.523185249710813
2023-04-30 11:45:00,0.5247150374024219
2023-04-30 15:45:00,0.5260815260428086
2023-04-30 19:45:00,0.5273041231326915
2023-04-30 23:45:00,0.5285700965917955
2023-05-01 03:45:00,0.5298848196887753
2023-05-01 07:45:00,0.531242873430098
2023-05-01 11:45:00,0.5325966454554523
2023-05-01 15:45:00,0.5338381001700936
2023-05-01 19:45:00,0.5349062569423859
2023-05-01 23:45:00,0.5359204775629343
2023-05-02 03:45:00,0.536941701425815
2023-05-02 07:45:00,0.5380002030075535
2023-05-02 11:45:00,0.5390751623026038
2023-05-02 15:45:00,0.54002749971732
2023-05-02 19:45:00,0.5408036841619988
2023-05-02 23:45:00,0.5415267164716588
2023-05-03 03:45:00,0.5422802082461564
2023-05-03 07:45:00,0.5430713004847706
2023-05-03 11:45:00,0.543910932159765
2023-05-03 15:45:00,0.5446788802562051
2023-05-03 19:45:00,0.5452781874278837
2023-05-03 23:45:00,0.5457529828658709
2023-05-04 03:45:00,0.5462433398518514
2023-05-04 07:45:00,0.5468430915953043
2023-05-04 11:45:00,0.5475985375468617
2023-05-04 15:45:00,0.548388239681246
2023-05-04 19:45:00,0.549057954450687
2023-05-04 23:45:00,0.5496282779299957
2023-05-05 03:45:00,0.5501796192079325
2023-05-05 07:45:00,0.5508087190280995
2023-05-05 11:45:00,0.5515245443340747
2023-05-05 15:45:00,0.5522689314386925
2023-05-05 19:45:00,0.5530025013014552
2023-05-05 23:45:00,0.5536955805887511
2023-05-06 03:45:00,0.5543442972134285
2023-05-06 07:45:00,0.5550410628080255
2023-05-06 11:45:00,0.5557703090934965
2023-05-06 15:45:00,0.5564278036858297
2023-05-06 19:45:00,0.5569624835107586
2023-05-06 23:45:00,0.5574070157739865
2023-05-07 03:45:00,0.5577676078603984
2023-05-07 07:45:00,0.5575786158996868
2023-05-07 11:45:00,0.557920835913444
2023-05-07 15:45:00,0.5582072789620938
2023-05-07 19:45:00,0.5583914590286675
2023-05-07 23:45:00,0.5585018999631652
2023-05-08 03:45:00,0.55854462547768
2023-05-08 07:45:00,0.5585981372162067
2023-05-08 11:45:00,0.5587463883013889
2023-05-08 15:45:00,0.5589349128093642
2023-05-08 19:45:00,0.5590907780407435
2023-05-08 23:45:00,0.5592168390612644
2023-05-09 03:45:00,0.5593204006043613
2023-05-09 07:45:00,0.5592099647216023
2023-05-09 11:45:00,0.5595092045581538
2023-05-09 15:45:00,0.5599340430145414
2023-05-09 19:45:00,0.5603552694787689
2023-05-09 23:45:00,0.5607629983623028
2023-05-10 03:45:00,0.5611438257443602
2023-05-10 11:45:00,0.5616216655181075
2023-05-10 15:45:00,0.5622656616543023
2023-05-10 19:45:00,0.562874134359764
2023-05-10 23:45:00,0.5633763703362928
2023-05-11 03:45:00,0.563767293602277
2023-05-11 07:45:00,0.5641413785800096
2023-05-11 11:45:00,0.5646423561170917
2023-05-11 15:45:00,0.5653391252817783
2023-05-11 19:45:00,0.5660726176003358
2023-05-11 23:45:00,0.5667260367503091
2023-05-12 03:45:00,0.5672800210087068
2023-05-12 07:45:00,0.5677696029661257
2023-05-12 11:45:00,0.5683532130511637
2023-05-12 15:45:00,0.5691635951461088
2023-05-12 19:45:00,0.5700507305139746
2023-05-12 23:45:00,0.5708658168892257
2023-05-13 03:45:00,0.5715942210817827
2023-05-13 11:45:00,0.5722597127032172
2023-05-13 15:45:00,0.573184624134718
2023-05-13 19:45:00,0.5742347788077954
2023-05-13 23:45:00,0.5752447952418667
2023-05-14 03:45:00,0.5762087675650722
2023-05-14 07:45:00,0.5770960313573951
2023-05-14 11:45:00,0.5778875827837742
2023-05-14 15:45:00,0.5789730329081534
2023-05-14 19:45:00,0.5801939943778008
2023-05-14 23:45:00,0.5813530136913853
2023-05-15 03:45:00,0.582426370480968
2023-05-15 07:45:00,0.5834229498649743
2023-05-15 11:45:00,0.5844378698034591
2023-05-15 15:45:00,0.5856188030491479
2023-05-15 19:45:00,0.5869596315514007
2023-05-15 23:45:00,0.5882991022601043
2023-05-16 03:45:00,0.5895935802343888
2023-05-16 07:45:00,0.5908481059767176
2023-05-16 11:45:00,0.5921112672363865
2023-05-16 15:45:00,0.5934756109258548
2023-05-16 19:45:00,0.5949721987296307
2023-05-16 23:45:00,0.5964899809627022
2023-05-17 03:45:00,0.5979760322355286
2023-05-17 07:45:00,0.5994160351224642
2023-05-17 11:45:00,0.6008128687514179
2023-05-17 15:45:00,0.6022842783166917
2023-05-17 19:45:00,0.6038714771922228
2023-05-17 23:45:00,0.6054845502697918
2023-05-18 03:45:00,0.6070635410260632
2023-05-18 07:45:00,0.6085958866913359
2023-05-18 11:45:00,0.6100986963361298
2023-05-18 15:45:00,0.6116800535683253
2023-05-18 19:45:00,0.6133804290483739
2023-05-18 23:45:00,0.6151640842204986
2023-05-19 03:45:00,0.6169110616729394
2023-05-19 07:45:00,0.6185694031164537
2023-05-19 11:45:00,0.6201266385183599
2023-05-19 15:45:00,0.6216848569678509
2023-05-19 19:45:00,0.6233552367410173
2023-05-19 23:45:00,0.6251002455214011
2023-05-20 03:45:00,0.6268200166218922
2023-05-20 07:45:00,0.6284672398349573
2023-05-20 11:45:00,0.6301101311121489
2023-05-20 15:45:00,0.631780176872084
2023-05-20 19:45:00,0.6334649417559675
2023-05-20 23:45:00,0.6351562796917564
2023-05-21 03:45:00,0.6369007304785786
2023-05-21 07:45:00,0.6386670608583751
2023-05-21 11:45:00,0.6404810185140994
2023-05-21 15:45:00,0.6424155987025832
2023-05-21 19:45:00,0.644511872896292
2023-05-21 23:45:00,0.6467008124998216
2023-05-22 03:45:00,0.6489450672182293
2023-05-22 07:45:00,0.6512312080188262
2023-05-22 11:45:00,0.653497872606774
2023-05-22 15:45:00,0.6557891879396085
2023-05-22 19:45:00,0.6581780416798223
2023-05-22 23:45:00,0.6606374432499623
2023-05-23 03:45:00,0.6631373542326139
2023-05-23 07:45:00,0.6655750136621064
2023-05-23 11:45:00,0.6678537913270248
2023-05-23 15:45:00,0.6700278055507777
2023-05-23 19:45:00,0.6721907170633064
2023-05-23 23:45:00,0.6743410793685187
2023-05-24 03:45:00,0.676473683336213
2023-05-24 07:45:00,0.6785401239054548
2023-05-24 11:45:00,0.6804249380066559
2023-05-24 15:45:00,0.6821484329865298
2023-05-24 19:45:00,0.683879935234507
2023-05-24 23:45:00,0.6856132306723549
2023-05-25 03:45:00,0.6873413388498142
2023-05-25 07:45:00,0.6877844497235494
2023-05-25 11:45:00,0.6893829679760872
2023-05-25 15:45:00,0.690838181503761
2023-05-25 19:45:00,0.6923049372785158
2023-05-25 23:45:00,0.6938146845361748
2023-05-26 03:45:00,0.6953637016618401
2023-05-26 11:45:00,0.697889920670936
2023-05-26 15:45:00,0.699099720683567
2023-05-26 19:45:00,0.7002647427443477
2023-05-26 23:45:00,0.7014988518179762
2023-05-27 03:45:00,0.7027770576171855
2023-05-27 07:45:00,0.7040696014258692
2023-05-27 11:45:00,0.7052462945609775
2023-05-27 15:45:00,0.7062117294231189
2023-05-27 19:45:00,0.7071415195326589
2023-05-27 23:45:00,0.7081785833866361
2023-05-28 03:45:00,0.709280503126373
2023-05-28 07:45:00,0.709509027636565
2023-05-28 11:45:00,0.7105628204017381
2023-05-28 15:45:00,0.7114094291908131
2023-05-28 19:45:00,0.7121349004697616
2023-05-28 23:45:00,0.712887823801284
2023-05-29 03:45:00,0.7136641051125772
2023-05-29 07:45:00,0.7144732832311221
2023-05-29 11:45:00,0.7152446302006198
2023-05-29 15:45:00,0.7158491058403759
2023-05-29 19:45:00,0.7163237843394238
2023-05-29 23:45:00,0.7167892848003247
2023-05-30 03:45:00,0.7172882350751422
2023-05-30 07:45:00,0.7178228801518916
2023-05-30 11:45:00,0.7183068542001554
2023-05-30 15:45:00,0.7186367478191283
2023-05-30 19:45:00,0.718829940642212
2023-05-30 23:45:00,0.7189969346436496
2023-05-31 03:45:00,0.7192242883894386
2023-05-31 07:45:00,0.7195285915160723
2023-05-31 11:45:00,0.719825473355564
2023-05-31 15:45:00,0.7200338713027605
2023-05-31 19:45:00,0.7201297616704235
2023-05-31 23:45:00,0.7201760995145852
2023-06-01 03:45:00,0.7202335878931637
2023-06-01 23:45:00,0.7211569742299524
2023-06-02 03:45:00,0.7210502260573679
2023-06-02 07:45:00,0.7209725218042777
2023-06-02 11:45:00,0.7208816067350095
2023-06-02 15:45:00,0.7206742049537377
2023-06-02 19:45:00,0.7203274932395712
2023-06-02 23:45:00,0.7198439849275546
2023-06-03 03:45:00,0.7193383401432892
2023-06-03 07:45:00,0.7188499333759474
2023-06-03 11:45:00,0.7183695285267097
2023-06-03 15:45:00,0.7178073783804103
2023-06-03 19:45:00,0.7170933320285017
2023-06-03 23:45:00,0.7162558759151014
2023-06-04 03:45:00,0.7153893724196857
2023-06-04 07:45:00,0.7145133648338277
2023-06-04 11:45:00,0.7135721282899699
2023-06-04 15:45:00,0.7125365838341764
2023-06-04 19:45:00,0.7114280312091554
2023-06-04 23:45:00,0.7102631531787665
2023-06-05 03:45:00,0.7090251261690834
2023-06-05 07:45:00,0.7076951351655593
2023-06-05 11:45:00,0.7062773440311974
2023-06-05 15:45:00,0.7047252038914299
2023-06-05 19:45:00,0.7030163515670033
2023-06-05 23:45:00,0.701225262922957
2023-06-06 07:45:00,0.6988018151618541
2023-06-06 11:45:00,0.6969038261167884
2023-06-06 15:45:00,0.6949809184980721
2023-06-06 19:45:00,0.6928933768102289
2023-06-06 23:45:00,0.6906902655382093
2023-06-07 03:45:00,0.6884095148916576
2023-06-07 07:45:00,0.6861548967281341
2023-06-07 11:45:00,0.6840801165756575
2023-06-07 15:45:00,0.6821392059481726
2023-06-07 19:45:00,0.6801764924435962
2023-06-07 23:45:00,0.6782000213057617
2023-06-08 03:45:00,0.6762131995617401
2023-06-08 07:45:00,0.6742631915388128
2023-06-08 11:45:00,0.6725225484103002
2023-06-08 15:45:00,0.67097356222852
2023-06-08 19:45:00,0.6693631198256687
2023-06-08 23:45:00,0.6676928798652074
2023-06-09 03:45:00,0.6659999940988703
2023-06-09 07:45:00,0.6642827287694237
2023-06-09 11:45:00,0.662623673238831
2023-06-09 15:45:00,0.661084511904511
2023-06-09 19:45:00,0.6595175539245287
2023-06-09 23:45:00,0.6579034106746988
2023-06-10 03:45:00,0.6562045574957777
2023-06-10 07:45:00,0.6553731715597612
2023-06-10 11:45:00,0.6537166201183011
2023-06-10 15:45:00,0.6522469279409514
2023-06-10 19:45:00,0.6508212213684632
2023-06-10 23:45:00,0.6493399611505537
2023-06-11 03:45:00,0.6478014527481527
2023-06-11 07:45:00,0.646234972829415
2023-06-11 11:45:00,0.6447090607014311
2023-06-11 15:45:00,0.6432447028024195
2023-06-11 19:45:00,0.6417757748816639
2023-06-11 23:45:00,0.6402467238610748
2023-06-12 03:45:00,0.6386539818384978
2023-06-12 07:45:00,0.637016448797754
2023-06-12 11:45:00,0.6353956129659355
2023-06-12 15:45:00,0.6338611518074246
2023-06-12 19:45:00,0.632346617659276
2023-06-12 23:45:00,0.6307996411087391
2023-06-13 03:45:00,0.629212305299154
2023-06-13 07:45:00,0.6275786518771197
2023-06-13 11:45:00,0.6259326205353021
2023-06-13 15:45:00,0.6243140486308777
2023-06-13 19:45:00,0.6227068914411859
2023-06-13 23:45:00,0.6210461525361912
2023-06-14 03:45:00,0.6192761223953
2023-06-14 07:45:00,0.6174091147962779
2023-06-14 11:45:00,0.6155086807333272
2023-06-14 15:45:00,0.6136204572049148
2023-06-14 19:45:00,0.6117012698300636
2023-06-14 23:45:00,0.6097072342058913
2023-06-15 03:45:00,0.6075765305089738
2023-06-15 07:45:00,0.6053114363011428
2023-06-22 03:45:00,0.5776886447373771
2023-06-22 07:45:00,0.5774479232279733
2023-06-22 11:45:00,0.5769218141127699
2023-06-22 15:45:00,0.5762922747599527
2023-06-22 19:45:00,0.5758942927173888
2023-06-22 23:45:00,0.5756660327317507
2023-06-23 03:45:00,0.5756066264023266
2023-06-23 07:45:00,0.5755904233269657
2023-06-23 11:45:00,0.5752421071641801
2023-06-23 15:45:00,0.5746950394884505
2023-06-23 19:45:00,0.5743812166199619
2023-06-23 23:45:00,0.574244065079955
2023-06-24 03:45:00,0.5742476803061103
2023-06-24 07:45:00,0.5743429498155441
2023-06-24 11:45:00,0.5742929801797737
2023-06-24 15:45:00,0.5741126634549693
2023-06-24 19:45:00,0.5740641729901317
2023-06-24 23:45:00,0.574158404994685
2023-06-25 03:45:00,0.574478593351935
2023-06-25 07:45:00,0.5749752771405543
2023-06-25 11:45:00,0.5753532710850436
2023-06-25 15:45:00,0.5755634814979906
2023-06-25 19:45:00,0.5757897616967532
2023-06-25 23:45:00,0.5761232123462351
2023-06-26 03:45:00,0.5766559815930868
2023-06-26 07:45:00,0.5773357210552212
2023-06-26 11:45:00,0.5780617199077204
2023-06-26 15:45:00,0.5788308141770964
2023-06-26 19:45:00,0.5796385651404139
2023-06-26 23:45:00,0.5804691566629813
2023-06-27 03:45:00,0.5814340370063213
2023-06-27 07:45:00,0.5825126941066867
2023-06-27 11:45:00,0.5836574695867067
2023-06-27 15:45:00,0.5848131252812309
2023-06-27 19:45:00,0.5860225101894784
2023-06-27 23:45:00,0.5872621382078849
2023-06-28 03:45:00,0.5885872121527432
2023-06-28 07:45:00,0.5899930382039342
2023-06-28 11:45:00,0.591387040465152
2023-06-28 15:45:00,0.5927071341953937
2023-06-28 19:45:00,0.5939601250302623
2023-06-28 23:45:00,0.5952545822698221
2023-06-29 03:45:00,0.5967364599946177
2023-06-29 07:45:00,0.5983650953323421
2023-06-29 11:45:00,0.599986622133874
2023-06-29 15:45:00,0.601548108551901
2023-06-29 19:45:00,0.6031342369942917
2023-06-29 23:45:00,0.604752107291119
2023-06-30 03:45:00,0.6064986078308895
2023-06-30 07:45:00,0.6083630395324999
2023-06-30 11:45:00,0.6084380939054319
2023-06-30 15:45:00,0.6084099454206591
2023-06-30 19:45:00,0.608331209086771
2023-06-30 23:45:00,0.608198789898299
2023-07-01 03:45:00,0.6080466349025858
2023-07-01 07:45:00,0.6079008207652044
2023-07-01 11:45:00,0.6077460344064433
2023-07-01 15:45:00,0.6075090742576134
2023-07-01 19:45:00,0.6072245507303652
2023-07-01 23:45:00,0.6069310906907924
2023-07-02 03:45:00,0.6066305897327955
2023-07-02 07:45:00,0.6063644285020462
2023-07-02 11:45:00,0.6061770123231104
2023-07-02 15:45:00,0.6059636875160856
2023-07-02 19:45:00,0.6057203340621028
2023-07-02 23:45:00,0.6055478118974995
2023-07-03 03:45:00,0.6054294642876102
2023-07-03 07:45:00,0.605374706438264
2023-07-03 11:45:00,0.6054464023992033
2023-07-03 15:45:00,0.6055347781418644
2023-07-03 19:45:00,0.6056061100092132
2023-07-03 23:45:00,0.6057333532024671
2023-07-04 03:45:00,0.6059303449404082
2023-07-04 07:45:00,0.6062309191582859
2023-07-04 11:45:00,0.6066979284648849
2023-07-04 15:45:00,0.607218850663503
2023-07-04 19:45:00,0.6077204798859598
2023-07-04 23:45:00,0.6082558999518426
2023-07-05 03:45:00,0.6088402116651153
2023-07-05 07:45:00,0.6095202303142838
2023-07-05 11:45:00,0.6103286425293142
2023-07-05 15:45:00,0.6111578400327666
2023-07-05 19:45:00,0.6119491100253633
2023-07-05 23:45:00,0.6127462695004354
2023-07-06 03:45:00,0.6135687899939831
2023-07-06 07:45:00,0.6144609839019364
2023-07-06 11:45:00,0.6154884431699578
2023-07-07 19:45:00,0.6210600009286618
2023-07-07 23:45:00,0.6232838560621154
2023-07-08 03:45:00,0.6254256197208123
2023-07-08 07:45:00,0.6275660012248601
2023-07-08 11:45:00,0.6298926889532359
2023-07-08 15:45:00,0.6322861747982889
2023-07-08 19:45:00,0.6345610415908248
2023-07-08 23:45:00,0.6367323385552331
2023-07-09 03:45:00,0.6387680741232459
2023-07-09 07:45:00,0.6407458507764447
2023-07-09 11:45:00,0.6428178864785002
2023-07-09 15:45:00,0.6449242548904877
2023-07-09 19:45:00,0.6469633925430035
2023-07-09 23:45:00,0.6488948634680556
2023-07-10 03:45:00,0.6506738099964992
2023-07-10 07:45:00,0.652380163716511
2023-07-10 11:45:00,0.6541297115896053
2023-07-10 15:45:00,0.6558752594838967
2023-07-10 19:45:00,0.6575700195795016
2023-07-10 23:45:00,0.6591721730746158
2023-07-11 03:45:00,0.6606120154948747
2023-07-11 07:45:00,0.6619779658953172
2023-07-11 11:45:00,0.6633958739516644
2023-07-11 15:45:00,0.6648516612137685
2023-07-11 19:45:00,0.666320865860191
2023-07-11 23:45:00,0.6677726020899166
2023-07-12 03:45:00,0.6691306969285369
2023-07-12 07:45:00,0.6704727400088182
2023-07-12 11:45:00,0.6718597496237956
2023-07-12 15:45:00,0.6733227584456936
2023-07-12 19:45:00,0.6748382651589002
2023-07-12 23:45:00,0.676368132739952
2023-07-13 03:45:00,0.6778562656295546
2023-07-13 07:45:00,0.6793515142908226
2023-07-13 11:45:00,0.6809443649989108
2023-07-13 15:45:00,0.6827055285649174
2023-07-13 19:45:00,0.6846342481618116
2023-07-13 23:45:00,0.6866678508307134
2023-07-14 03:45:00,0.688719716805915
2023-07-14 07:45:00,0.6907947985000952
2023-07-14 11:45:00,0.6929897958420971
2023-07-14 15:45:00,0.6953658349363702
2023-07-14 19:45:00,0.6978864457592279
2023-07-14 23:45:00,0.7005514292214692
2023-07-15 03:45:00,0.7033161866021689
2023-07-15 07:45:00,0.7061607592920818
2023-07-15 11:45:00,0.7090979171010531
2023-07-15 15:45:00,0.7121686204838882
2023-07-15 19:45:00,0.7153434611553982
2023-07-15 23:45:00,0.7186691543087641
2023-07-16 03:45:00,0.7221201146135515
2023-07-16 07:45:00,0.7256448788106828
2023-07-16 11:45:00,0.7292254242438111
2023-07-16 15:45:00,0.7329552309824955
2023-07-16 19:45:00,0.7368132130604776
2023-07-16 23:45:00,0.7407836537780994
2023-07-17 03:45:00,0.7448874690026169
2023-07-17 07:45:00,0.7490605496141569
2023-07-17 11:45:00,0.7531938954952796
2023-07-17 15:45:00,0.7574341176939737
2023-07-17 19:45:00,0.7618142169112461
2023-07-17 23:45:00,0.7661633894032223
2023-07-18 03:45:00,0.7705588404465477
2023-07-18 07:45:00,0.7749883646138874
2023-07-18 11:45:00,0.7793070588069957
2023-07-18 15:45:00,0.7836729195664983
2023-07-18 19:45:00,0.7881399902247147
2023-07-18 23:45:00,0.7926048582935366
2023-07-19 03:45:00,0.7970634121823297
2023-07-19 07:45:00,0.8014174588561727
2023-07-19 11:45:00,0.8054911352043026
2023-07-19 15:45:00,0.8094857463358476
2023-07-19 19:45:00,0.8135779239448391
2023-07-19 23:45:00,0.8176485174959828
2023-07-20 03:45:00,0.8216374663626721
2023-07-20 07:45:00,0.8254650901930708
2023-07-20 11:45:00,0.8290383225794566
2023-07-20 15:45:00,0.8325705784171012
2023-07-20 19:45:00,0.836206611491672
2023-07-20 23:45:00,0.8398629711768562
2023-07-21 03:45:00,0.8434946497498796
2023-07-21 07:45:00,0.8470089450749122
2023-07-21 11:45:00,0.8502759597683747
2023-07-21 15:45:00,0.8517593529232408
2023-07-21 19:45:00,0.8532834582354093
2023-07-21 23:45:00,0.8548090332090842
2023-07-22 03:45:00,0.8563252425272659
2023-07-22 07:45:00,0.8577957879995092
2023-07-22 11:45:00,0.8591278493736647
2023-07-27 07:45:00,0.9075037291386375
2023-07-27 11:45:00,0.909597939625274
2023-07-27 15:45:00,0.9114359292586968
2023-07-27 19:45:00,0.9129876361111426
2023-07-27 23:45:00,0.914415175486804
2023-07-28 03:45:00,0.9158757268269498
2023-07-28 07:45:00,0.9172669675117772
2023-07-28 11:45:00,0.9184591578700012
2023-07-28 15:45:00,0.919379123901809
2023-07-28 19:45:00,0.9199639287263983
2023-07-28 23:45:00,0.9202688834661121
2023-07-29 03:45:00,0.9204034210829617
2023-07-29 07:45:00,0.9204490613855782
2023-07-29 11:45:00,0.9203039150231757
2023-07-29 15:45:00,0.9198594561877279
2023-07-29 19:45:00,0.9191752487103183
2023-07-29 23:45:00,0.91823186386611
2023-07-30 03:45:00,0.9170507081790295
2023-07-30 07:45:00,0.9157743157880843
2023-07-30 11:45:00,0.9144567531806554
2023-07-30 15:45:00,0.9129589330038573
2023-07-30 19:45:00,0.911340953419287
2023-07-30 23:45:00,0.9095208401517029
2023-07-31 03:45:00,0.9074782797630968
2023-07-31 07:45:00,0.9053947285619394
2023-07-31 11:45:00,0.9033395512426144
2023-07-31 15:45:00,0.9010943134597178
2023-07-31 19:45:00,0.8987018367796947
2023-07-31 23:45:00,0.8961908430639157
2023-08-01 03:45:00,0.8934622854959837
2023-08-01 07:45:00,0.8906645260394686
2023-08-01 11:45:00,0.8879451048731468
2023-08-01 15:45:00,0.8850530840815246
2023-08-01 19:45:00,0.8819962306002564
2023-08-01 23:45:00,0.878937893806476
2023-08-02 03:45:00,0.8757382732307214
2023-08-02 07:45:00,0.8724816817103676
2023-08-02 11:45:00,0.8693580871180246
2023-08-02 15:45:00,0.8661552698984074
2023-08-02 19:45:00,0.8628244174458755
2023-08-02 23:45:00,0.8594649038908544
2023-08-03 03:45:00,0.8560203966079197
2023-08-03 07:45:00,0.8526509843556931
2023-08-03 11:45:00,0.849594622295536
2023-08-03 15:45:00,0.8465924930884403
2023-08-03 19:45:00,0.8434182012334234
2023-08-03 23:45:00,0.8401803159874499
2023-08-04 03:45:00,0.83694577351397
2023-08-04 07:45:00,0.8338045006523648
2023-08-04 11:45:00,0.8308852377900272
2023-08-04 15:45:00,0.8279592330066464
2023-08-04 19:45:00,0.8248448553190744
2023-08-04 23:45:00,0.821585071036816
2023-08-05 03:45:00,0.8181876855764816
2023-08-05 07:45:00,0.8147588447247653
2023-08-05 11:45:00,0.8114465661727698
2023-08-05 15:45:00,0.8080920297344716
2023-08-05 19:45:00,0.8045436476552753
2023-08-05 23:45:00,0.8008391442488381
2023-08-06 03:45:00,0.7969761247735975
2023-08-06 07:45:00,0.7930439072292406
2023-08-06 11:45:00,0.7892598492624702
2023-08-06 15:45:00,0.7885194039214728
2023-08-06 19:45:00,0.7877645755042469
2023-08-06 23:45:00,0.7869618760573738
2023-08-07 03:45:00,0.7861406872757933
2023-08-07 07:45:00,0.7853350050949252
2023-08-07 11:45:00,0.7845678980331415
2023-08-07 15:45:00,0.7838365511623464
2023-08-07 19:45:00,0.783122560943607
2023-08-07 23:45:00,0.7823944472231387
2023-08-08 03:45:00,0.7816728965437686
2023-08-08 07:45:00,0.7809951305121206
2023-08-08 11:45:00,0.7803414293400615
2023-08-08 15:45:00,0.779701386524448
2023-08-08 19:45:00,0.7790355075838713
2023-08-08 23:45:00,0.7783052109036547
2023-08-09 03:45:00,0.7775414020293843
2023-08-09 07:45:00,0.7767998932871257
2023-08-09 11:45:00,0.7760870079036258
2023-08-09 15:45:00,0.7753841971615076
2023-08-09 19:45:00,0.7746671653953061
2023-08-09 23:45:00,0.7738933255969174
2023-08-10 03:45:00,0.7730567923548808
2023-08-10 07:45:00,0.772222747890519
2023-08-10 11:45:00,0.7714223979528154
2023-08-10 15:45:00,0.7706572079397096
2023-08-10 19:45:00,0.7699298253825502
2023-08-10 23:45:00,0.7691772032972358
2023-08-11 03:45:00,0.7684029830904394
2023-08-11 07:45:00,0.7662034755386172
2023-08-11 11:45:00,0.7640987444661487
2023-08-11 15:45:00,0.76214721158783
2023-08-11 19:45:00,0.7603990422340238
2023-08-11 23:45:00,0.7587599771621877
2023-08-12 03:45:00,0.7571120715689391
2023-08-12 07:45:00,0.7554829788074865
2023-08-12 11:45:00,0.753933175970637
2023-08-12 15:45:00,0.7525225427930162
2023-08-12 19:45:00,0.7513273409164228
2023-08-12 23:45:00,0.7503211768938635
2023-08-13 03:45:00,0.7494368369260274
2023-08-13 07:45:00,0.7485618718066498
2023-08-13 11:45:00,0.7477162280481049
2023-08-13 15:45:00,0.7470053043697932
2023-08-13 19:45:00,0.7464007844064885
2023-08-13 23:45:00,0.7459155354950444
2023-08-14 03:45:00,0.745535603699033
2023-08-14 07:45:00,0.7451087519063139
2023-08-14 11:45:00,0.7446297771797019
2023-08-14 15:45:00,0.7442419603346048
2023-08-14 19:45:00,0.7438916553551822
2023-08-14 23:45:00,0.7435686525004863
2023-08-15 03:45:00,0.7432829082465978
2023-08-15 07:45:00,0.742864364415818
2023-08-15 11:45:00,0.7422927082024209
2023-08-15 15:45:00,0.7417911539969894
2023-08-15 19:45:00,0.7413455067883074
2023-08-16 03:45:00,0.7406643097721424
2023-08-16 07:45:00,0.7401393480465094
2023-08-16 11:45:00,0.7394750443995646
2023-08-16 15:45:00,0.7388922614981319
2023-08-16 19:45:00,0.7383516717717119
2023-08-16 23:45:00,0.737791354984074
2023-08-17 03:45:00,0.7372522674588733
2023-08-17 07:45:00,0.7366172443263238
2023-08-17 11:45:00,0.7358137005197534
2023-08-17 15:45:00,0.735020254374083
2023-08-17 19:45:00,0.7342549482133569
2023-08-17 23:45:00,0.7334437929485534
2023-08-18 03:45:00,0.7326227760606785
2023-08-18 07:45:00,0.7316952793985746
2023-08-18 11:45:00,0.73057266395865
2023-08-18 15:45:00,0.729426289210969
2023-08-18 19:45:00,0.7283376495539837
2023-08-18 23:45:00,0.7272611498996008
2023-08-19 03:45:00,0.7261910121188402
2023-08-19 07:45:00,0.7250528466709577
2023-08-19 11:45:00,0.7237715669232249
2023-08-19 15:45:00,0.7224608006785934
2023-08-19 19:45:00,0.7212121847738036
2023-08-19 23:45:00,0.7200381264006033
2023-08-20 03:45:00,0.7189794565970349
2023-08-20 07:45:00,0.717963486629706
2023-08-20 11:45:00,0.7168662195721173
2023-08-20 15:45:00,0.7157630169499721
2023-08-20 19:45:00,0.7147384217952798
2023-08-20 23:45:00,0.7138334294803295
2023-08-21 03:45:00,0.7130639447360011
2023-08-21 07:45:00,0.7123353313683387
2023-08-21 11:45:00,0.7115336541504047
2023-08-21 15:45:00,0.7106598724714532
2023-08-21 19:45:00,0.7097902549639035
2023-08-21 23:45:00,0.7090116250891331
2023-08-22 03:45:00,0.7082690645791795
2023-08-22 07:45:00,0.7074739541726581
2023-08-22 11:45:00,0.7065608541139068
2023-08-22 15:45:00,0.7055178231916864
2023-08-22 19:45:00,0.7044192457414072
2023-08-22 23:45:00,0.7033622818765605
2023-08-23 03:45:00,0.7022918955807261
2023-08-23 07:45:00,0.7011360087380051
2023-08-23 11:45:00,0.6999262286882652
2023-08-23 15:45:00,0.6986441476062718
2023-08-23 19:45:00,0.6973376939811354
2023-08-23 23:45:00,0.6960995144369967
2023-08-24 03:45:00,0.6948871313756916
2023-08-24 07:45:00,0.693616660473473
2023-08-24 11:45:00,0.6922808505276192
2023-08-24 15:45:00,0.6908954094399684
2023-08-24 19:45:00,0.6894915614801516
2023-08-24 23:45:00,0.6881674549802197
2023-08-25 03:45:00,0.6869430467501354
2023-08-25 07:45:00,0.6857327152147122
2023-08-25 11:45:00,0.684496382917773
2023-08-25 15:45:00,0.6832142881609033
2023-08-25 19:45:00,0.6818525895183232
2023-08-25 23:45:00,0.6805209067066513
2023-08-26 03:45:00,0.679237645732542
2023-08-26 07:45:00,0.6779887266824378
2023-08-26 11:45:00,0.6767395407555428
2023-08-26 15:45:00,0.6754278785472835
2023-08-26 19:45:00,0.6740322287184248
2023-08-26 23:45:00,0.6725901287189573
2023-08-27 03:45:00,0.6711731699858264
2023-08-27 07:45:00,0.6698171454439154
2023-08-27 11:45:00,0.6684530424634102
2023-08-27 15:45:00,0.6670045355449483
2023-08-27 19:45:00,0.6654431989279441
2023-08-27 23:45:00,0.6638037889129601
2023-08-28 03:45:00,0.6621175205887585
2023-08-28 07:45:00,0.6605141689760121
2023-09-05 03:45:00,0.6145411182843192
2023-09-05 07:45:00,0.6158797392175827
2023-09-05 11:45:00,0.6174780987434707
2023-09-05 15:45:00,0.6192721842829648
2023-09-05 19:45:00,0.6211210129120084
2023-09-05 23:45:00,0.6228478420558238
2023-09-06 03:45:00,0.6246056363110859
2023-09-06 07:45:00,0.62663346580162
2023-09-06 11:45:00,0.6290256931675104
2023-09-06 15:45:00,0.6317883615594905
2023-09-06 19:45:00,0.6346811956495635
2023-09-06 23:45:00,0.6374858490891172
2023-09-07 03:45:00,0.6403293446055557
2023-09-07 07:45:00,0.6433838251626197
2023-09-07 11:45:00,0.6466743077820699
2023-09-07 15:45:00,0.6502829463470816
2023-09-07 19:45:00,0.6540959142879783
2023-09-07 23:45:00,0.6579279795996089
2023-09-08 03:45:00,0.661814136011074
2023-09-08 07:45:00,0.6658426686727594
2023-09-08 11:45:00,0.6700592010964268
2023-09-08 15:45:00,0.674512101559841
2023-09-08 19:45:00,0.6791393698385754
2023-09-08 23:45:00,0.6837624423174973
2023-09-09 03:45:00,0.6883261453648328
2023-09-09 07:45:00,0.6928552042373932
2023-09-09 11:45:00,0.6973999504170771
2023-09-09 15:45:00,0.7020854486811406
2023-09-09 19:45:00,0.7070070846000215
2023-09-09 23:45:00,0.7120409940368728
2023-09-10 03:45:00,0.7170863002570793
2023-09-10 07:45:00,0.7220394648485227
2023-09-10 11:45:00,0.7269858965127411
2023-09-10 15:45:00,0.7320900149970004
2023-09-10 19:45:00,0.7373568220653871
2023-09-10 23:45:00,0.7427459996634468
2023-09-11 03:45:00,0.7481570144758933
2023-09-11 07:45:00,0.7534002963128945
2023-09-11 11:45:00,0.7586676768447275
2023-09-11 15:45:00,0.7641258857030312
2023-09-11 19:45:00,0.7697366313739932
2023-09-11 23:45:00,0.7754408443295903
2023-09-12 03:45:00,0.7812059575556423
2023-09-12 07:45:00,0.7867366050706243
2023-09-12 11:45:00,0.7876951405409308
2023-09-12 15:45:00,0.7887456716134124
2023-09-12 19:45:00,0.7898314804829486
2023-09-12 23:45:00,0.790908811820661
2023-09-13 03:45:00,0.7919660553643991
2023-09-13 07:45:00,0.7928828506313146
2023-09-13 11:45:00,0.7937597832097847
2023-09-13 15:45:00,0.7947505190202131
2023-09-13 19:45:00,0.7957774348334918
2023-09-13 23:45:00,0.7968136377552173
2023-09-14 03:45:00,0.7978663331293524
2023-09-14 07:45:00,0.7988601232613938
2023-09-14 11:45:00,0.799832134936289
2023-09-14 15:45:00,0.8009077822524521
2023-09-14 19:45:00,0.802029744361677
2023-09-14 23:45:00,0.8031450785929282
2023-09-15 03:45:00,0.8042861699172617
2023-09-15 07:45:00,0.805378564522554
2023-09-15 11:45:00,0.8064362153353629
2023-09-15 15:45:00,0.8075529179052979
2023-09-15 19:45:00,0.8086943470848771
2023-09-15 23:45:00,0.8098224029353224
2023-09-16 03:45:00,0.8109460884644971
2023-09-16 07:45:00,0.8120055526936767
2023-09-16 11:45:00,0.8129833461591952
2023-09-16 15:45:00,0.8139153977726197
2023-09-16 19:45:00,0.8148388334120726
2023-09-16 23:45:00,0.8157654078208919
2023-09-17 03:45:00,0.816668015868319
2023-09-17 07:45:00,0.8175193933993283
2023-09-17 11:45:00,0.8182962828137023
2023-09-17 15:45:00,0.8190054858242813
2023-09-17 19:45:00,0.8196937838800216
2023-09-17 23:45:00,0.8203674326484303
2023-09-18 03:45:00,0.8209876132390577
2023-09-18 07:45:00,0.8215245990238902
2023-09-18 11:45:00,0.821972988826188
2023-09-18 15:45:00,0.8223176949548128
2023-09-18 19:45:00,0.8226537006170673
2023-09-18 23:45:00,0.822993662215558
2023-09-19 03:45:00,0.8233002328783965
2023-09-19 07:45:00,0.8235387423056997
2023-09-19 11:45:00,0.8237059256296165
2023-09-19 15:45:00,0.8237884485140066
2023-09-19 19:45:00,0.8238518406695979
2023-09-19 23:45:00,0.8239208969562811
2023-09-20 03:45:00,0.8250082055450627
2023-09-20 07:45:00,0.8259822299856135
2023-09-20 11:45:00,0.8268453240122658
2023-09-20 15:45:00,0.8275959328448577
2023-09-20 19:45:00,0.8283070521928528
2023-09-20 23:45:00,0.8290694646202658
2023-09-21 03:45:00,0.8298077818592356
2023-09-21 07:45:00,0.8304585660426483
2023-09-21 11:45:00,0.8309768127559426
2023-09-21 15:45:00,0.8313346617056094
2023-09-21 19:45:00,0.831613133695971
2023-09-21 23:45:00,0.8318969580312247
2023-09-22 03:45:00,0.8321543644020539
2023-09-22 07:45:00,0.8323373316917908
2023-09-22 11:45:00,0.8324374196385859
2023-09-22 15:45:00,0.8323632281786141
2023-09-22 19:45:00,0.8321636098019757
2023-09-22 23:45:00,0.8319359512827471
2023-09-23 03:45:00,0.8317195930294806
2023-09-23 07:45:00,0.8315193216264705
2023-09-23 11:45:00,0.8312779669672088
2023-09-23 15:45:00,0.8309377580650381
2023-09-23 19:45:00,0.8305407114943777
2023-09-23 23:45:00,0.830160403479941
2023-09-24 03:45:00,0.8298690976704785
2023-09-24 07:45:00,0.8296951066782161
2023-09-24 11:45:00,0.8295481949419952
2023-09-24 15:45:00,0.8293488960424085
2023-09-24 19:45:00,0.829107863594463
2023-09-24 23:45:00,0.8288517659282846
2023-09-25 03:45:00,0.8286586267848883
2023-09-25 07:45:00,0.8286021664253601
2023-09-25 11:45:00,0.8285753113414026
2023-09-25 15:45:00,0.8284727245773197
2023-09-25 19:45:00,0.8283308546751619
2023-09-25 23:45:00,0.8281581934305061
2023-09-26 03:45:00,0.8280386257251322
2023-09-26 07:45:00,0.8280859055595298
2023-09-26 11:45:00,0.8281664150162121
2023-09-26 15:45:00,0.8281736541281661
2023-09-26 19:45:00,0.8281537844662464
2023-09-26 23:45:00,0.8281437218006481
2023-09-27 03:45:00,0.8281788558126274
2023-09-27 07:45:00,0.82835290366351
2023-09-27 11:45:00,0.8285198802739101
2023-09-27 15:45:00,0.8285761420049115
2023-09-27 19:45:00,0.8285301752140811
2023-09-27 23:45:00,0.8284429840664955
2023-09-28 03:45:00,0.8283368463986079
2023-09-28 07:45:00,0.8282862622075866
2023-09-28 19:45:00,0.8275798516481505
2023-10-01 15:45:00,0.8153120280477946
2023-10-01 19:45:00,0.8126507285516612
2023-10-01 23:45:00,0.8098352746160363
2023-10-02 03:45:00,0.8069572111647815
2023-10-02 07:45:00,0.8040696951927048
2023-10-02 11:45:00,0.8012188162940633
2023-10-02 15:45:00,0.7983800181171393
2023-10-02 19:45:00,0.7954550283650748
2023-10-02 23:45:00,0.7924750575407065
2023-10-03 03:45:00,0.7895182328810345
2023-10-03 07:45:00,0.7866561591793045
2023-10-03 11:45:00,0.7838898505036916
2023-10-03 15:45:00,0.7811794500237443
2023-10-03 19:45:00,0.7782837835816252
2023-10-03 23:45:00,0.7752270741794377
2023-10-04 03:45:00,0.7721514358858258
2023-10-07 23:45:00,0.755443262114854
2023-10-08 03:45:00,0.7538204773778028
2023-10-08 07:45:00,0.7521059273741633
2023-10-08 11:45:00,0.75046551695339
2023-10-08 15:45:00,0.7490186930045221
2023-10-08 19:45:00,0.747723411554406
2023-10-08 23:45:00,0.7464180866736604
2023-10-09 03:45:00,0.7448530784385354
2023-10-09 07:45:00,0.7429671775167969
2023-10-09 11:45:00,0.7410055941222058
2023-10-09 15:45:00,0.7390557555214976
2023-10-09 19:45:00,0.7370468069910733
2023-10-09 23:45:00,0.7349373378634966
2023-10-10 03:45:00,0.7325164826762266
2023-10-10 07:45:00,0.729635754146041
2023-10-10 11:45:00,0.7265882987901549
2023-10-10 15:45:00,0.723656932265833
2023-10-10 19:45:00,0.7207049194510797
2023-10-10 23:45:00,0.7177557568534597
2023-10-11 03:45:00,0.7145802340908061
2023-10-11 07:45:00,0.7109585231070125
2023-10-11 11:45:00,0.7072144406473372
2023-10-11 15:45:00,0.703582005276441
2023-10-11 19:45:00,0.6998647088658225
2023-10-11 23:45:00,0.69600876335716
2023-10-12 03:45:00,0.6919359785492876
2023-10-12 07:45:00,0.6876190444328145
2023-10-12 11:45:00,0.6834690776887659
2023-10-12 15:45:00,0.6795481458864845
2023-10-12 19:45:00,0.6758427970613831
2023-10-12 23:45:00,0.672284232072162
2023-10-13 03:45:00,0.6688443691309256
2023-10-13 07:45:00,0.6655005877947685
2023-10-13 11:45:00,0.6656140983004146
2023-10-13 15:45:00,0.6658715083587656
2023-10-13 19:45:00,0.6633620356340362
2023-10-13 23:45:00,0.6638552437903255
2023-10-14 03:45:00,0.6643716329902741
2023-10-14 07:45:00,0.6648681461899867
2023-10-14 11:45:00,0.6653458481751899
2023-10-14 15:45:00,0.6658057290098055
2023-10-14 19:45:00,0.6662487104774845
2023-10-14 23:45:00,0.6666756518680711
2023-10-15 03:45:00,0.6670873551854201
2023-10-15 07:45:00,0.6674845698429691
2023-10-15 11:45:00,0.6678679969049022
2023-10-15 15:45:00,0.6682494692981181
2023-10-15 19:45:00,0.6686859956720653
2023-10-15 23:45:00,0.6691514612230888
2023-10-16 03:45:00,0.6695956590039732
2023-10-16 07:45:00,0.6699116205851964
2023-10-16 11:45:00,0.670085779001201
2023-10-17 23:45:00,0.6692585625269211
2023-10-18 03:45:00,0.6693837336623822
2023-10-18 07:45:00,0.6694462324259839
2023-10-18 11:45:00,0.6693925042198973
2023-10-18 15:45:00,0.669397307928715
2023-10-18 19:45:00,0.6697550361836346
2023-10-18 23:45:00,0.6703747306466631
2023-10-19 03:45:00,0.6710578344026348
2023-10-19 07:45:00,0.6709505397818866
2023-10-19 11:45:00,0.670746036292625
2023-10-19 15:45:00,0.6704566299036097
2023-10-19 19:45:00,0.6702393929161826
2023-10-19 23:45:00,0.6700821392565572
2023-10-20 03:45:00,0.6699427024156978
2023-10-20 07:45:00,0.6698200601691218
2023-10-20 11:45:00,0.6696985428535964
2023-10-20 15:45:00,0.6695940282582707
2023-10-20 19:45:00,0.6695673867361781
2023-10-20 23:45:00,0.6696232754526965
2023-10-21 03:45:00,0.6697554533195542
2023-10-21 07:45:00,0.6699283815274383
2023-10-21 11:45:00,0.670088758248816
2023-10-21 15:45:00,0.6702381448005098
2023-10-23 15:45:00,0.6696536532457597
2023-10-23 19:45:00,0.6698045333394012
2023-10-23 23:45:00,0.6699247297504417
2023-10-24 03:45:00,0.6701239544255776
2023-10-24 07:45:00,0.6704240092051716
2023-10-24 11:45:00,0.6707477368704478
2023-10-24 15:45:00,0.671078348437867
2023-10-24 19:45:00,0.6714307786974586
2023-10-24 23:45:00,0.6718171686368257
2023-10-25 03:45:00,0.6723230051594955
2023-10-25 07:45:00,0.6730071158994315
2023-10-25 11:45:00,0.6737550566093765
2023-10-25 15:45:00,0.6742740375717381
2023-10-25 19:45:00,0.6746258965497054
2023-10-25 23:45:00,0.6748650175188126
2023-10-26 03:45:00,0.6751404630938473
2023-10-26 07:45:00,0.6755908043821061
2023-10-26 11:45:00,0.676019045880255
2023-10-26 15:45:00,0.6762202776653702
2023-10-26 19:45:00,0.6763252710180836
2023-10-26 23:45:00,0.6763534889090658
2023-10-27 03:45:00,0.6763670970773107
2023-11-01 23:45:00,0.6704358400727429
2023-11-02 03:45:00,0.6664587340635866
2023-11-02 07:45:00,0.6626193777166505
2023-11-02 11:45:00,0.6590225233431946
2023-11-02 15:45:00,0.6553818021410855
2023-11-02 19:45:00,0.6514622228365758
2023-11-02 23:45:00,0.6472858741859704
2023-11-03 03:45:00,0.6430144762500237
2023-11-03 07:45:00,0.6389423468984786
2023-11-03 11:45:00,0.6352503580542653
2023-11-03 15:45:00,0.6319101790849145
2023-11-03 19:45:00,0.6284784965593055
2023-11-03 23:45:00,0.6248800278195359
2023-11-04 03:45:00,0.6211584826078297
2023-11-04 07:45:00,0.6174348774389281
2023-11-04 11:45:00,0.6137829714574433
2023-11-04 15:45:00,0.6101348784395251
2023-11-04 19:45:00,0.6063874247362139
2023-11-04 23:45:00,0.6025094624345017
2023-11-05 03:45:00,0.5985005371612643
2023-11-05 07:45:00,0.594428995860981
2023-11-06 23:45:00,0.5883318584529983
2023-11-07 03:45:00,0.5866157561106367
2023-11-07 07:45:00,0.5850121426725996
2023-11-07 11:45:00,0.5836403114554749
2023-11-07 15:45:00,0.57988396933523
2023-11-07 19:45:00,0.5762367516019485
2023-11-07 23:45:00,0.5727008366855454
2023-11-08 03:45:00,0.5692530483005901
2023-11-08 07:45:00,0.5658618434026514
2023-11-08 11:45:00,0.5625859305041379
2023-11-08 15:45:00,0.5594435196950533
2023-11-08 19:45:00,0.5563799037330692
2023-11-08 23:45:00,0.5534447663181572
2023-11-09 03:45:00,0.5506137266380766
2023-11-09 07:45:00,0.5478860435234575
2023-11-09 11:45:00,0.5453449343387742
2023-11-09 15:45:00,0.543181088623549
2023-11-09 19:45:00,0.5413321583256024
2023-11-09 23:45:00,0.5397040921455151
2023-11-10 03:45:00,0.5380948936951053
2023-11-10 07:45:00,0.5363773781957828
2023-11-10 11:45:00,0.5348139192894809
2023-11-10 15:45:00,0.533618047962937
2023-11-10 19:45:00,0.5326744999356481
2023-11-10 23:45:00,0.5319836489093887
2023-11-11 03:45:00,0.5313593551478452
2023-11-11 07:45:00,0.5327378365139511
2023-11-11 11:45:00,0.5340134853098654
2023-11-11 15:45:00,0.5352099744229147
2023-11-13 19:45:00,0.5357091813752081
2023-11-14 19:45:00,0.5363498994422893
2023-11-14 23:45:00,0.5371218416744475
2023-11-15 03:45:00,0.5378337895370451
2023-11-15 07:45:00,0.5384738046818691
2023-11-15 11:45:00,0.5390521473169011
2023-11-15 15:45:00,0.5396322774893497
2023-11-15 19:45:00,0.5402297302527419
2023-11-15 23:45:00,0.5408162294986465
2023-11-16 03:45:00,0.5414125263985675
2023-11-16 07:45:00,0.541952131225002
2023-11-16 11:45:00,0.5424162486441761
2023-11-16 15:45:00,0.5429049840472838
2023-11-16 19:45:00,0.5434474775410756
2023-11-16 23:45:00,0.5450442665771076
2023-11-17 03:45:00,0.5467507266491681
2023-11-17 07:45:00,0.5484275422589838
2023-11-17 11:45:00,0.5500433454309598
2023-11-17 15:45:00,0.5518127846130186
2023-11-17 19:45:00,0.5537780885293861
2023-11-17 23:45:00,0.556018764793583
2023-11-18 03:45:00,0.5585402895060072
2023-11-21 15:45:00,0.5765815910736821
2023-11-21 19:45:00,0.5788540506434742
2023-11-21 23:45:00,0.5823863776228592
2023-11-22 03:45:00,0.5859187046022439
2023-11-22 07:45:00,0.5894013294418576
2023-11-22 11:45:00,0.5926273611624239
2023-11-22 15:45:00,0.5956539817062726
2023-11-22 19:45:00,0.598570404305428
2023-11-22 23:45:00,0.6013309348129457
2023-11-23 03:45:00,0.603955234981235
2023-11-23 07:45:00,0.6065126495471103
2023-11-23 11:45:00,0.6088704241419274
2023-11-23 15:45:00,0.610978827758382
2023-11-23 19:45:00,0.6129529676316086
2023-11-23 23:45:00,0.6146688122948022
2023-11-24 03:45:00,0.6161734181762608
2023-11-24 07:45:00,0.6174583675046414
2023-11-24 11:45:00,0.6183308103769869
2023-11-24 15:45:00,0.6188898360081904
2023-11-24 19:45:00,0.6192556018228158
2023-11-24 23:45:00,0.6192947951777039
2023-11-25 03:45:00,0.6191449080624131
2023-11-25 07:45:00,0.6189499592217117
2023-11-25 11:45:00,0.6183830136045209
2023-11-25 15:45:00,0.6174361371415903
2023-11-25 19:45:00,0.6163357728114869
2023-11-25 23:45:00,0.6149757864639968
2023-11-26 03:45:00,0.61363358730791
2023-11-26 07:45:00,0.612437013954819
2023-11-26 11:45:00,0.6112823544053899
2023-11-26 15:45:00,0.6101530964585711
2023-12-15 15:45:00,0.38592740402968645
2023-12-15 19:45:00,0.389778917201585
2023-12-15 23:45:00,0.39509234343263383
2023-12-17 23:45:00,0.41837370504166294
2023-12-18 03:45:00,0.4337383929881706
2023-12-18 19:45:00,0.4446518941431738
2023-12-18 23:45:00,0.4528843722534877
2023-12-19 03:45:00,0.4598049170320147
2023-12-19 07:45:00,0.4654613013429931
2023-12-19 11:45:00,0.46992939507040216
2023-12-19 15:45:00,0.4738087164694597
2023-12-19 19:45:00,0.47737247868940536
2023-12-19 23:45:00,0.48071970234142564
2023-12-20 03:45:00,0.48382291849246795
2023-12-20 07:45:00,0.48664869810814404
2023-12-20 11:45:00,0.48910795805027935
2023-12-20 15:45:00,0.4912762249085588
2023-12-20 19:45:00,0.49330746887458204
2023-12-20 23:45:00,0.49520562626372117
2023-12-21 03:45:00,0.4968534460752359
2023-12-21 07:45:00,0.49839867957416073
2023-12-21 11:45:00,0.4998569451966136
2023-12-21 19:45:00,0.5010570145657511
2023-12-21 23:45:00,0.5022470970316488
2023-12-22 03:45:00,0.5032147682802742
2023-12-22 07:45:00,0.5039895959323527
2023-12-22 11:45:00,0.504621285699744
2023-12-22 15:45:00,0.5049321162051952
2023-12-22 19:45:00,0.5050361698160816
2023-12-22 23:45:00,0.5050144343742262
2023-12-23 03:45:00,0.5047660630253046
2023-12-23 07:45:00,0.5042712555078549
2023-12-23 11:45:00,0.5035980506262587
2023-12-23 15:45:00,0.5028181610136261
2023-12-23 19:45:00,0.5020100971996064
2023-12-23 23:45:00,0.5013139439394578
2023-12-24 03:45:00,0.5006497886796321
2023-12-24 07:45:00,0.49992940773648975
2023-12-24 11:45:00,0.4991996289767793
2023-12-24 15:45:00,0.4985009449618522
2023-12-24 19:45:00,0.497749741860579
2023-12-24 23:45:00,0.49705004698773253
2023-12-25 03:45:00,0.4964618987228489
2023-12-25 07:45:00,0.4959738479573693
2023-12-25 11:45:00,0.4955921164543767
2023-12-25 15:45:00,0.4952251707799607
2023-12-25 19:45:00,0.4947704337230421
2023-12-26 23:45:00,0.49384577733603113
2023-12-27 03:45:00,0.4930830900357292
2023-12-27 07:45:00,0.4924737544260719
2023-12-27 11:45:00,0.4920102883773572
2023-12-27 15:45:00,0.4916039961355746
2023-12-27 19:45:00,0.491192904604406
2023-12-27 23:45:00,0.49065904678418704
2023-12-28 03:45:00,0.4900780315060556
2023-12-28 07:45:00,0.4896311934649844
2023-12-28 11:45:00,0.48932541132227797
2023-12-28 15:45:00,0.48906979361095204
2023-12-28 19:45:00,0.4888021808952535
2023-12-28 23:45:00,0.4883952832893894
2023-12-29 03:45:00,0.4879376932201832
2023-12-29 07:45:00,0.487552979505707
2023-12-29 11:45:00,0.48725326819224174
2023-12-29 15:45:00,0.48698317434494975
2023-12-29 19:45:00,0.48666493566938707
2023-12-29 23:45:00,0.48620211864031226
2023-12-30 03:45:00,0.4856471743356757
2023-12-30 07:45:00,0.4851574780678556
2023-12-30 11:45:00,0.48474812116622373
2023-12-30 15:45:00,0.4858271054907907
2023-12-30 19:45:00,0.48674841807967595
2023-12-30 23:45:00,0.48734210263251576
2023-12-31 03:45:00,0.48662952671524895
2023-12-31 07:45:00,0.4859873607228138
2023-12-31 11:45:00,0.48543098683952185
2023-12-31 15:45:00,0.48489480324800804
2023-12-31 19:45:00,0.48434829661304174
2023-12-31 23:45:00,0.4836896345461705
2024-01-01 03:45:00,0.48294298500695737
2024-01-01 07:45:00,0.48225239877525583
2024-01-01 11:45:00,0.4816509684407352
2024-01-01 15:45:00,0.4811114991313667
2024-01-01 19:45:00,0.4806065804124178
2024-01-01 23:45:00,0.4799621396341531
2024-01-02 03:45:00,0.4791639478553037
2024-01-02 07:45:00,0.47856692455374555
2024-01-02 11:45:00,0.47804911676901973
2024-01-02 15:45:00,0.47757616578482254
2024-01-02 19:45:00,0.4768964695754764
2024-01-02 23:45:00,0.47615225141986195
2024-01-03 03:45:00,0.47527906114927404
2024-01-03 07:45:00,0.47437730942342227
2024-01-03 11:45:00,0.47350030263408094
2024-01-03 15:45:00,0.4725885711095646
2024-01-03 19:45:00,0.4716149799828307
2024-01-03 23:45:00,0.47052635398202786
2024-01-04 03:45:00,0.46932581499672305
2024-01-04 07:45:00,0.46808438550201537
2024-01-04 11:45:00,0.4668582457557451
2024-01-04 15:45:00,0.4656127873720495
2024-01-04 19:45:00,0.464304214762938
2024-01-04 23:45:00,0.462934068376931
2024-01-05 03:45:00,0.4615383020133874
2024-01-05 07:45:00,0.46009316141819795
2024-01-05 11:45:00,0.45861706249299045
2024-01-05 15:45:00,0.45797120703044564
2024-01-05 19:45:00,0.45648315684320606
2024-01-05 23:45:00,0.45488989245392875
2024-01-06 03:45:00,0.4532619345849776
2024-01-06 07:45:00,0.4516144024586239
2024-01-06 11:45:00,0.44996346884752986
2024-01-06 15:45:00,0.4484044658895278
2024-01-06 19:45:00,0.4468786214600666
2024-01-06 23:45:00,0.44532972471307963
2024-01-07 03:45:00,0.44384757128567076
2024-01-07 07:45:00,0.44244569478109325
2024-01-07 11:45:00,0.4410974296818944
2024-01-07 15:45:00,0.43981582989543266
2024-01-07 19:45:00,0.43852396454027875
2024-01-07 23:45:00,0.4371146382361004
2024-01-08 03:45:00,0.4356509865782265
2024-01-08 07:45:00,0.4341877753235427
2024-01-08 11:45:00,0.43267868846848023
2024-01-08 15:45:00,0.43111443855165366
2024-01-08 19:45:00,0.42957642270373625
2024-01-08 23:45:00,0.42798093474166443
2024-01-09 03:45:00,0.4262504201039503
2024-01-09 07:45:00,0.4243799267600911
2024-01-09 11:45:00,0.42234603807594356
2024-01-09 15:45:00,0.42025554203204685
2024-01-09 19:45:00,0.4182184513560143
2024-01-09 23:45:00,0.4168265295167941
2024-01-10 03:45:00,0.41539423815027815
2024-01-10 07:45:00,0.4139379676572151
2024-01-10 11:45:00,0.4124638298763899
2024-01-10 15:45:00,0.4109954650011017
2024-01-10 19:45:00,0.4095996047149947
2024-01-10 23:45:00,0.4077295973333522
2024-01-11 03:45:00,0.4058644728461774
2024-01-11 07:45:00,0.4038971873801682
2024-01-11 11:45:00,0.40181092242843336
2024-01-11 15:45:00,0.39966776592345715
2024-01-11 19:45:00,0.3975870286134314
2024-01-11 23:45:00,0.3956707704139977
2024-01-12 03:45:00,0.39380038149815555
2024-01-12 07:45:00,0.39182832257618583
2024-01-12 11:45:00,0.38975068433408816
2024-01-12 15:45:00,0.38764944828372516
2024-01-12 19:45:00,0.38563278307116355
2024-01-12 23:45:00,0.38381826107710676
2024-01-13 03:45:00,0.3820577197082765
2024-01-13 07:45:00,0.38020149593372266
2024-01-13 11:45:00,0.378272951316561
2024-01-13 15:45:00,0.37628988372170546
2024-01-13 23:45:00,0.3735253556462213
2024-01-14 03:45:00,0.37184294358717856
2024-01-14 07:45:00,0.37002353407700467
2024-01-14 11:45:00,0.3680388878697299
2024-01-14 15:45:00,0.3659470035091757
2024-01-14 19:45:00,0.36386895984283546
2024-01-14 23:45:00,0.36194584316230993
2024-01-15 03:45:00,0.3600571649523107
2024-01-15 07:45:00,0.35802356051985185
2024-01-15 11:45:00,0.35579503806493346
2024-01-15 15:45:00,0.3534406744032311
2024-01-15 19:45:00,0.3510810278451471
2024-01-15 23:45:00,0.3488828366540108
2024-01-16 03:45:00,0.34678810128888793
2024-01-16 07:45:00,0.34461674223796
2024-01-16 11:45:00,0.34226994439477937
2024-01-16 15:45:00,0.3397596564932707
2024-01-16 19:45:00,0.3371836471809396
2024-01-16 23:45:00,0.334705636328073
2024-01-17 03:45:00,0.33230712079193886
2024-01-17 07:45:00,0.32983185446310787
2024-01-17 11:45:00,0.327214245314554
2024-01-17 15:45:00,0.32446976049765325
2024-01-17 19:45:00,0.32164018323345833
2024-01-17 23:45:00,0.3188619538827631
2024-01-18 03:45:00,0.3161539329966021
2024-01-18 07:45:00,0.31342864453473734
2024-01-18 11:45:00,0.31063171957955965
2024-01-18 15:45:00,0.30775135913261153
2024-01-18 19:45:00,0.30484781702276303
2024-01-18 23:45:00,0.3020379467986806
2024-01-19 03:45:00,0.2993239419178199
2024-01-19 07:45:00,0.29660194969909753
2024-01-19 11:45:00,0.2938061597232867
2024-01-19 15:45:00,0.2909629859948011
2024-01-19 19:45:00,0.2881249352377209
2024-01-19 23:45:00,0.2853459142102706
2024-01-20 03:45:00,0.2826186968855635
2024-01-20 07:45:00,0.27990444162091366
2024-01-20 11:45:00,0.2771421218039868
2024-01-20 15:45:00,0.2743394940942334
2024-01-20 19:45:00,0.27154697914646664
2024-01-20 23:45:00,0.2688786937479671
2024-01-21 03:45:00,0.26634207478622457
2024-01-21 07:45:00,0.26390879310644505
2024-01-21 11:45:00,0.2615148140472318
2024-01-21 15:45:00,0.2591299741075997
2024-01-21 19:45:00,0.2567979866266896
2024-01-21 23:45:00,0.2545818133580528
2024-01-22 03:45:00,0.2524528226480377
2024-01-22 07:45:00,0.25043609696347396
2024-01-22 11:45:00,0.24851748973446927
2024-01-22 15:45:00,0.24661811016571697
2024-01-22 19:45:00,0.24476459291759423
2024-01-22 23:45:00,0.24302379532459129
2024-01-23 03:45:00,0.2413850865215814
2024-01-23 07:45:00,0.23985443332256182
2024-01-23 11:45:00,0.2384581227249555
2024-01-23 19:45:00,0.23594697336854273
2024-01-23 23:45:00,0.2345908911629993
2024-01-24 03:45:00,0.23333585358347042
2024-01-24 07:45:00,0.23222234005473244
2024-01-24 11:45:00,0.23125805001034602
2024-01-24 15:45:00,0.23036350048597298
2024-01-25 07:45:00,0.22723057248940617
2024-01-25 11:45:00,0.22667889336080846
2024-01-25 15:45:00,0.22615287878309384
2024-01-25 19:45:00,0.22550342328305828
2024-01-25 23:45:00,0.22468845995753492
2024-01-26 03:45:00,0.2238716980393214
2024-01-26 07:45:00,0.2231331768199918
2024-01-26 11:45:00,0.22249842906250705
2024-01-26 15:45:00,0.22191501288050713
2024-01-26 19:45:00,0.2212615559937109
2024-01-26 23:45:00,0.22050789389901712
2024-01-27 03:45:00,0.21976880419390382
2024-01-27 07:45:00,0.21907185016197617
2024-01-27 11:45:00,0.21838967548589117
2024-01-27 15:45:00,0.2176727098403284
2024-01-27 19:45:00,0.2168269353178501
2024-01-27 23:45:00,0.21581539671044284
2024-01-28 03:45:00,0.2147849493594105
2024-01-28 07:45:00,0.21380466692420577
2024-01-28 11:45:00,0.21282692189043093
2024-01-28 15:45:00,0.211868122725598
2024-01-28 19:45:00,0.21178404668246512
2024-01-28 23:45:00,0.21060318471778416
2024-01-29 03:45:00,0.20946881905719725
2024-01-29 07:45:00,0.20847922241600192
2024-01-29 11:45:00,0.20768018615180428
2024-01-29 15:45:00,0.20705708091793704
2024-01-29 19:45:00,0.20642650624476183
2024-01-29 23:45:00,0.20567528349798778
2024-01-30 03:45:00,0.2049712330736035
2024-01-30 07:45:00,0.20441088152112447
2024-01-30 11:45:00,0.20407996758435837
2024-01-30 15:45:00,0.2039903962086735
2024-01-30 19:45:00,0.20389706154571477
2024-01-30 23:45:00,0.20361634984711538
2024-01-31 03:45:00,0.20325665115681893
2024-01-31 07:45:00,0.20289243188275324
2024-01-31 11:45:00,0.2026395599874948
2024-01-31 15:45:00,0.20255336004904462
2024-01-31 19:45:00,0.20244946985096335
2024-01-31 23:45:00,0.20222068860739242
2024-02-01 19:45:00,0.20187381017429212
2024-02-01 23:45:00,0.20167121700647653
2024-02-02 03:45:00,0.20136136026272752
2024-02-02 07:45:00,0.20099881926954424
2024-02-02 11:45:00,0.20071179323298402
2024-02-02 15:45:00,0.20058226261651096
2024-02-02 19:45:00,0.20042352393578736
2024-02-02 23:45:00,0.20007323991119572
2024-02-05 19:45:00,0.20699712334041134
2024-02-05 23:45:00,0.20594624893937813
2024-02-06 03:45:00,0.20471586244262022
2024-02-06 07:45:00,0.20326931822409644
2024-02-06 19:45:00,0.2016277859362271
2024-02-07 07:45:00,0.19927216655198302
2024-02-07 11:45:00,0.19688678296404621
2024-02-07 15:45:00,0.19485991500742852
2024-02-07 19:45:00,0.19262663159635005
2024-02-07 23:45:00,0.19056619152886392
2024-02-08 03:45:00,0.18843761548908158
2024-02-08 07:45:00,0.18620885701108614
2024-02-08 11:45:00,0.18392524214724484
2024-02-08 15:45:00,0.18165136954652902
2024-02-08 19:45:00,0.1801258549842537
2024-02-08 23:45:00,0.17863717580534585
2024-02-09 03:45:00,0.1771142903213351
2024-02-09 07:45:00,0.1747626265943953
2024-02-09 11:45:00,0.1723314195759065
2024-02-09 15:45:00,0.16992801687431167
2024-02-09 19:45:00,0.16776807120173812
2024-02-09 23:45:00,0.16590718480089942
2024-02-10 03:45:00,0.1640334202256445
2024-02-10 07:45:00,0.16199055650326075
2024-02-10 11:45:00,0.15979689390370233
2024-02-10 15:45:00,0.1575984468908668
2024-02-10 19:45:00,0.1554879384594114
2024-02-10 23:45:00,0.15344663085162225
2024-02-11 03:45:00,0.1513557835857568
2024-02-11 07:45:00,0.14923075983380502
2024-02-11 11:45:00,0.1471235474681714
2024-02-11 15:45:00,0.14509446240718746
2024-02-11 19:45:00,0.14320009452618282
2024-02-11 23:45:00,0.14146801425796493
2024-02-12 03:45:00,0.1397981039443092
2024-02-12 07:45:00,0.13812739928682785
2024-02-12 11:45:00,0.13646168511130302
2024-02-12 15:45:00,0.1348252434709978
2024-02-12 19:45:00,0.13330525302150234
2024-02-12 23:45:00,0.1319344217872185
2024-02-13 03:45:00,0.1306090447883159
2024-02-13 07:45:00,0.12926391983661428
2024-02-13 11:45:00,0.12774448136874117
2024-02-13 15:45:00,0.12604421541001168
2024-02-13 19:45:00,0.12442713247525428
2024-02-13 23:45:00,0.1230193894225868
2024-02-14 03:45:00,0.12166540178398234
2024-02-14 07:45:00,0.12025944497237734
2024-02-14 11:45:00,0.11863701464646095
2024-02-14 15:45:00,0.11673997216053372
2024-02-14 19:45:00,0.11491287479943992
2024-02-14 23:45:00,0.11337216119897546
2024-02-15 03:45:00,0.11197736006186113
2024-02-15 07:45:00,0.11067776856693896
2024-02-15 11:45:00,0.10938555000695642
2024-02-15 15:45:00,0.10794084946369965
2024-02-15 19:45:00,0.1066179310707913
2024-02-15 23:45:00,0.10547548737574454
2024-02-16 19:45:00,0.10413324418957888
2024-02-16 23:45:00,0.10311790275403718
2024-02-17 03:45:00,0.10223581199099135
2024-02-18 23:45:00,0.09764711657981168
2024-02-19 03:45:00,0.09822059703948051
2024-02-19 07:45:00,0.09889247520426074
2024-02-19 11:45:00,0.099573972637527
2024-02-19 15:45:00,0.10018551265016634
2024-02-19 19:45:00,0.10072174059000834
2024-02-19 23:45:00,0.10126239057684518
2024-02-20 03:45:00,0.1018271445332451
2024-02-20 07:45:00,0.10246336788290396
2024-02-20 11:45:00,0.1031043189802503
2024-02-20 15:45:00,0.1036620650885175
2024-02-20 19:45:00,0.10404576726585944
2024-02-20 23:45:00,0.10444175127819773
2024-02-21 03:45:00,0.10496072789538931
2024-02-21 07:45:00,0.10563967312099255
2024-02-21 11:45:00,0.10619525039774246
2024-02-21 23:45:00,0.10677469399202748
2024-02-22 03:45:00,0.10713703659931592
2024-02-22 07:45:00,0.1079910588864793
2024-02-22 11:45:00,0.10889986005258291
2024-02-22 15:45:00,0.10976214567236392
2024-02-22 19:45:00,0.11040700608740442
2024-02-22 23:45:00,0.11089928280999828
2024-02-23 03:45:00,0.11144958696491374
2024-02-23 07:45:00,0.11206456256735574
2024-02-23 11:45:00,0.11268259780470946
2024-02-23 15:45:00,0.11322690767347293
2024-02-23 19:45:00,0.11360831341074842
2024-02-23 23:45:00,0.11394653399070305
2024-02-24 03:45:00,0.11439778753016233
2024-02-24 07:45:00,0.11491438188917273
2024-02-24 11:45:00,0.11547361312756155
2024-02-24 15:45:00,0.11599705603863032
2024-02-24 19:45:00,0.11636246494179896
2024-02-24 23:45:00,0.11658125643963274
2024-02-25 03:45:00,0.11691977075002084
2024-02-25 07:45:00,0.11742507754992502
2024-02-25 23:45:00,0.11927105437211355
2024-02-26 03:45:00,0.11981743034587525
2024-02-26 07:45:00,0.12047431326459333
2024-02-26 11:45:00,0.12121033259780438
2024-02-26 15:45:00,0.1219293993019922
2024-02-26 19:45:00,0.12253414862597826
2024-02-26 23:45:00,0.12298892256601249
2024-02-27 03:45:00,0.12338501789635117
2024-02-27 07:45:00,0.12386659850163229
2024-02-27 11:45:00,0.12446890231326571
2024-02-27 15:45:00,0.12514236351334643
2024-02-27 19:45:00,0.12573201411180535
2024-02-27 23:45:00,0.12617517591101576
2024-02-28 03:45:00,0.12651336344566064
2024-02-28 07:45:00,0.1268197582519743
2024-02-28 11:45:00,0.12731331191591047
2024-02-28 15:45:00,0.12797600779026122
2024-02-28 19:45:00,0.12858381743090194
2024-02-28 23:45:00,0.12904774971052882
2024-02-29 03:45:00,0.12940169888870726
2024-02-29 07:45:00,0.12978418000717648
2024-02-29 11:45:00,0.13039922368154294
2024-02-29 15:45:00,0.1312363637110958
2024-02-29 19:45:00,0.1320207196610358
2024-02-29 23:45:00,0.13262227062641424
2024-03-01 03:45:00,0.13310443259894986
2024-03-01 07:45:00,0.13353502233678977
2024-03-01 11:45:00,0.13397127887479682
2024-03-01 15:45:00,0.1345492355826928
2024-03-01 19:45:00,0.13501518886955743
2024-03-01 23:45:00,0.13532357788037688
2024-03-02 03:45:00,0.13532652391833097
2024-03-02 07:45:00,0.13529248104206262
2024-03-02 11:45:00,0.13527543705686126
2024-03-02 15:45:00,0.1352612304613759
2024-03-02 19:45:00,0.13561331442194113
2024-03-02 23:45:00,0.1358184645516199
2024-03-03 03:45:00,0.13592711688605966
2024-03-03 07:45:00,0.1356410349610767
2024-03-03 11:45:00,0.13533095145737906
2024-03-03 15:45:00,0.13500548727416067
2024-03-03 19:45:00,0.1346413616103157
2024-03-03 23:45:00,0.1342563610804074
2024-03-04 03:45:00,0.1338682406883303
2024-03-04 07:45:00,0.1334566978661793
2024-03-04 11:45:00,0.1330205621980942
2024-03-04 15:45:00,0.13259745712111493
2024-03-04 19:45:00,0.13218135803911132
2024-03-04 23:45:00,0.13181234069192468
2024-03-05 03:45:00,0.13129540486479638
2024-03-05 07:45:00,0.13064821592472467
2024-03-05 11:45:00,0.12996341558346675
2024-03-05 15:45:00,0.12932743231203322
2024-03-05 19:45:00,0.12877750571184543
2024-03-05 23:45:00,0.12820836540538552
2024-03-06 03:45:00,0.12758965461152263
2024-03-06 07:45:00,0.12683853902762926
2024-03-06 11:45:00,0.12604792777120002
2024-03-06 15:45:00,0.12534255118337825
2024-03-06 19:45:00,0.12479307469111256
2024-03-06 23:45:00,0.12430932234073835
2024-03-07 03:45:00,0.12374326909653531
2024-03-07 23:45:00,0.12269587084888574
2024-03-08 03:45:00,0.12221173775272882
2024-03-08 07:45:00,0.12161223265598173
2024-03-08 11:45:00,0.12100533319873495
2024-03-08 15:45:00,0.12051924839328636
2024-03-08 19:45:00,0.12021728607056975
2024-03-08 23:45:00,0.12005969939220719
2024-03-09 03:45:00,0.11991137721471612
2024-03-09 07:45:00,0.1196759091879171
2024-03-09 11:45:00,0.11942952948293926
2024-03-09 15:45:00,0.11926550221609286
2024-03-09 19:45:00,0.11926965678599373
2024-03-09 23:45:00,0.11940683355763529
2024-03-10 03:45:00,0.11953692477521126
2024-03-10 07:45:00,0.11952167223988798
2024-03-10 11:45:00,0.11943594864021458
2024-03-10 15:45:00,0.11938891912565247
2024-03-10 19:45:00,0.11940682513926988
2024-03-10 23:45:00,0.11946648985225726
2024-03-11 03:45:00,0.11946083693644728
2024-03-11 07:45:00,0.1193787425317688
2024-03-11 11:45:00,0.11926052586939301
2024-03-11 15:45:00,0.11913854986352328
2024-03-11 19:45:00,0.11904143216436347
2024-03-11 23:45:00,0.11889910284116921
2024-04-10 07:45:00,0.5900663390061391
2024-04-10 11:45:00,0.5846780891438357
2024-04-10 15:45:00,0.5836254977140938
2024-04-10 19:45:00,0.5835505586470114
2024-04-10 23:45:00,0.5831834606791787
2024-04-11 03:45:00,0.5829424878526329
2024-04-11 07:45:00,0.5820246294435909
2024-04-11 11:45:00,0.5803251575882398
2024-04-11 15:45:00,0.5789286106552327
2024-04-11 19:45:00,0.5778547314432027
2024-04-11 23:45:00,0.5767619512682982
2024-04-12 03:45:00,0.5758281807975576
2024-04-12 07:45:00,0.5747204753078773
2024-04-12 11:45:00,0.573356744090679
2024-04-12 15:45:00,0.5719984527490731
2024-04-12 19:45:00,0.5705881000367192
2024-04-12 23:45:00,0.5690648302782015
2024-04-13 03:45:00,0.5676028796637106
2024-04-13 07:45:00,0.5660198138166268
2024-04-13 11:45:00,0.5642421859582354
2024-04-13 15:45:00,0.562434228722002
2024-04-13 19:45:00,0.5606643561874555
2024-04-13 23:45:00,0.5588682504312739
2024-04-14 03:45:00,0.5570598048959868
2024-04-14 07:45:00,0.5551786280223516
2024-04-14 11:45:00,0.5531015488341895
2024-04-14 15:45:00,0.550900507344726
2024-04-14 19:45:00,0.5486472064964084
2024-04-14 23:45:00,0.5463962858629425
2024-04-15 03:45:00,0.5442606979468201
2024-04-15 07:45:00,0.5421958255430775
2024-04-15 11:45:00,0.5401140033429638
2024-04-15 15:45:00,0.537971247895262
2024-04-15 19:45:00,0.5358578735638129
2024-04-15 23:45:00,0.5338451070325336
2024-04-16 03:45:00,0.5319964396995879
2024-04-16 07:45:00,0.530306189189318
2024-04-16 11:45:00,0.5286897428758138
2024-04-16 15:45:00,0.5270192751713422
2024-04-16 19:45:00,0.5253476804522739
2024-04-16 23:45:00,0.523779568748252
2024-04-17 03:45:00,0.522387392135802
2024-04-17 07:45:00,0.5211561576762653
2024-04-17 11:45:00,0.519975358971898
2024-04-17 15:45:00,0.5187164143812778
2024-04-17 19:45:00,0.5173901538887667
2024-04-17 23:45:00,0.5162004018800228
2024-04-18 03:45:00,0.5151977476433373
2024-04-18 07:45:00,0.5142854820855479
2024-04-18 11:45:00,0.5133944250949702
2024-04-18 15:45:00,0.5124098274988678
2024-04-18 19:45:00,0.5113375665798632
2024-04-18 23:45:00,0.5103584503002665
2024-04-19 03:45:00,0.5094956890377228
2024-04-19 07:45:00,0.5086600129965052
2024-04-19 11:45:00,0.5078028821640387
2024-04-19 15:45:00,0.5068575676600847
2024-04-19 19:45:00,0.5058441418799562
2024-04-19 23:45:00,0.5048956507656102
2024-04-20 03:45:00,0.5040440398341676
2024-04-20 07:45:00,0.5032217624884062
2024-04-20 11:45:00,0.5023740268547919
2024-04-20 15:45:00,0.5014426609195588
2024-04-20 19:45:00,0.5003967726136752
2024-04-20 23:45:00,0.4993408036288599
2024-04-21 03:45:00,0.4982876606640819
2024-04-21 07:45:00,0.4972115977722143
2024-04-21 11:45:00,0.4960870054539415
2024-04-21 15:45:00,0.4948314868017928
2024-04-21 19:45:00,0.4934396003669598
2024-04-21 23:45:00,0.4919869488118653
2024-04-22 03:45:00,0.49051813360612323
2024-04-22 07:45:00,0.4890400322215823
2024-04-22 11:45:00,0.48753752983131043
2024-04-22 15:45:00,0.48596320116223657
2024-04-22 19:45:00,0.4842882108597532
2024-04-22 23:45:00,0.48256612642065827
2024-04-23 03:45:00,0.4808320704596762
2024-04-23 19:45:00,0.47884619569585835
2024-04-23 23:45:00,0.4768940504642847
2024-04-24 03:45:00,0.47492693222359733
2024-04-24 07:45:00,0.47299706869079533
2024-04-24 11:45:00,0.47110675091674364
2024-04-24 15:45:00,0.4691667086227715
2024-04-24 19:45:00,0.46712847152944315
2024-04-24 23:45:00,0.46504627006394256
2024-04-25 03:45:00,0.4629617136217888
2024-04-25 07:45:00,0.4594514005186723
2024-04-25 11:45:00,0.45604063072492146
2024-04-25 15:45:00,0.4524844629669234
2024-04-25 19:45:00,0.44874971673907676
2024-04-25 23:45:00,0.4449050732424809
2024-04-26 03:45:00,0.4409606721989163
2024-04-26 07:45:00,0.43703376659772436
2024-04-26 11:45:00,0.43316519274982296
2024-04-26 15:45:00,0.42921118802691854
2024-04-26 19:45:00,0.42510970991542607
2024-04-26 23:45:00,0.4209175035061832
2024-04-27 03:45:00,0.4166246567529954
2024-04-27 07:45:00,0.4123276229617044
2024-04-27 11:45:00,0.40806727299259005
2024-04-27 15:45:00,0.40376968161731946
2024-04-27 19:45:00,0.399435158394562
2024-04-27 23:45:00,0.39508638786554523
2024-04-28 03:45:00,0.3906914502031861
2024-04-28 07:45:00,0.38635051284724
2024-04-28 11:45:00,0.38210684171918097
2024-04-28 15:45:00,0.3778943728346631
2024-04-28 19:45:00,0.3736790958553133
2024-04-28 23:45:00,0.36946262720250195
2024-04-29 03:45:00,0.3652556147399124
2024-04-29 07:45:00,0.36111195164507875
2024-04-29 11:45:00,0.35710433720076995
2024-04-29 15:45:00,0.35320738318202655
2024-04-29 19:45:00,0.34937101372752755
2024-04-29 23:45:00,0.3455560367125707
2024-04-30 03:45:00,0.34173174171316134
2024-04-30 07:45:00,0.33793678472270267
2024-04-30 11:45:00,0.3342353294918325
2024-04-30 15:45:00,0.33068396189549704
2024-04-30 19:45:00,0.3271989800232169
2024-04-30 23:45:00,0.3236621519238483
2024-05-01 03:45:00,0.3200535056246341
2024-05-01 07:45:00,0.31639477102432323
2024-05-01 11:45:00,0.31276351344449504
2024-05-01 15:45:00,0.30930121931718474
2024-05-01 19:45:00,0.30591817543376953
2024-05-01 23:45:00,0.30245192138760285
2024-05-02 03:45:00,0.2988577125457996
2024-05-02 07:45:00,0.2951555387460179
2024-05-02 11:45:00,0.2914756744846084
2024-05-02 15:45:00,0.28799900570507514
2024-05-02 19:45:00,0.28469008863039846
2024-05-02 23:45:00,0.281302144134976
2024-05-03 03:45:00,0.2777617482832351
2024-05-03 07:45:00,0.27415996317487673
2024-05-03 11:45:00,0.2705858845347007
2024-05-03 15:45:00,0.26719398966231767
2024-05-03 19:45:00,0.26396871558776497
2024-05-03 23:45:00,0.2607045066467803
2024-05-04 03:45:00,0.25732506625312945
2024-05-04 07:45:00,0.2539100687036785
2024-05-04 11:45:00,0.2505536668185855
2024-05-04 15:45:00,0.24736177698842746
2024-05-04 19:45:00,0.24431921162482328
2024-05-04 23:45:00,0.24126656972153382
2024-05-05 03:45:00,0.23812566661115955
2024-05-05 07:45:00,0.23495300921585074
2024-05-05 11:45:00,0.23183766479328555
2024-05-05 15:45:00,0.22887476390588635
2024-05-05 19:45:00,0.22608303923232848
2024-05-05 23:45:00,0.2233439584231248
2024-05-06 03:45:00,0.22059397600203118
2024-05-06 07:45:00,0.21782465426622263
2024-05-06 11:45:00,0.21510447517044895
2024-05-06 15:45:00,0.21256946428478937
2024-05-07 07:45:00,0.20384355498232168
2024-05-07 11:45:00,0.20163426628989123
2024-05-07 15:45:00,0.19958812723953115
2024-05-07 19:45:00,0.19773764391957396
2024-05-07 23:45:00,0.19601898330429196
2024-05-08 03:45:00,0.194373496283446
2024-05-08 07:45:00,0.19452300745906187
2024-05-08 11:45:00,0.19465597588288247
2024-05-08 15:45:00,0.19486419788127535
2024-05-08 19:45:00,0.1936125016513026
2024-05-08 23:45:00,0.19253302733686578
2024-05-09 03:45:00,0.191566019702193
2024-05-09 07:45:00,0.19063844135624272
2024-05-09 11:45:00,0.18975653860387795
2024-05-09 15:45:00,0.18904560409084567
2024-05-09 19:45:00,0.18857823067830912
2024-05-09 23:45:00,0.18824640154641387
2024-05-10 03:45:00,0.18799227298987753
2024-05-10 07:45:00,0.1877840080042606
2024-05-10 11:45:00,0.18763950140364588
2024-05-10 15:45:00,0.18770167906259314
2024-05-10 19:45:00,0.1880511516999648
2024-05-10 23:45:00,0.1886268496136823
2024-05-11 03:45:00,0.1893552797067667
2024-05-11 07:45:00,0.1901366943816821
2024-05-11 11:45:00,0.19097199694954906
2024-05-11 15:45:00,0.1919976979721554
2024-05-11 19:45:00,0.19331170733237105
2024-05-11 23:45:00,0.1948648580904908
2024-05-12 03:45:00,0.19660259698425836
2024-05-12 07:45:00,0.1984323522876027
2024-05-12 11:45:00,0.2003098113525324
2024-05-12 15:45:00,0.20231114104375958
2024-05-12 19:45:00,0.20450223315331906
2024-05-12 23:45:00,0.20686987863681228
2024-05-13 03:45:00,0.20939993824519182
2024-05-13 07:45:00,0.21197065463905826
2024-05-13 11:45:00,0.21452876917442312
2024-05-13 15:45:00,0.21712147361155407
2024-05-13 19:45:00,0.21980333371629415
2024-05-13 23:45:00,0.22263647512914536
2024-05-14 03:45:00,0.225601171304726
2024-05-14 07:45:00,0.2285771398449101
2024-05-14 11:45:00,0.2314950980212009
2024-05-14 15:45:00,0.2343640710309866
2024-05-14 19:45:00,0.23728801764720564
2024-05-14 23:45:00,0.24033344346734326
2024-05-15 03:45:00,0.24345928203903594
2024-05-15 07:45:00,0.24659033033374544
2024-05-15 11:45:00,0.2496549929533868
2024-05-15 15:45:00,0.25258483732080667
2024-05-15 19:45:00,0.25550596510501294
2024-05-15 23:45:00,0.2585588744197753
2024-05-16 03:45:00,0.2617186895745201
2024-05-16 07:45:00,0.2649118436805309
2024-05-16 11:45:00,0.2680598287896382
2024-05-16 15:45:00,0.2710379431984794
2024-05-16 19:45:00,0.27396567611099537
2024-05-16 23:45:00,0.2770161534434693
2024-05-17 03:45:00,0.28017273406577886
2024-05-17 07:45:00,0.2834048314951632
2024-05-17 11:45:00,0.28659561772571734
2024-05-17 15:45:00,0.289570435922158
2024-05-17 19:45:00,0.2924050483212352
2024-05-17 23:45:00,0.2953326566368449
2024-05-18 03:45:00,0.2983803083885837
2024-05-18 07:45:00,0.30146896884102675
2024-05-18 11:45:00,0.3045568346882923
2024-05-18 15:45:00,0.3075044739085704
2024-05-18 19:45:00,0.31035711004220706
2024-05-18 23:45:00,0.31326775130773815
2024-05-19 03:45:00,0.3162941143521335
2024-05-19 07:45:00,0.319387454592441
2024-05-19 11:45:00,0.3224632534521956
2024-05-19 15:45:00,0.3253912438174885
2024-05-19 19:45:00,0.328169180867956
2024-05-19 23:45:00,0.33092734308727817
2024-05-20 03:45:00,0.33372998868217735
2024-05-20 07:45:00,0.33654378268547624
2024-05-20 11:45:00,0.33929591746577914
2024-05-20 15:45:00,0.34187723506154666
2024-05-20 19:45:00,0.3442920927638576
2024-05-20 23:45:00,0.34661423129818986
2024-05-21 03:45:00,0.348964318343693
2024-05-21 07:45:00,0.35138425871572626
2024-05-21 11:45:00,0.3537989335057316
2024-05-21 15:45:00,0.3560735276180195
2024-05-21 19:45:00,0.3563118088855483
2024-05-21 23:45:00,0.3564865929156905
2024-05-22 03:45:00,0.3566665890303221
2024-05-22 07:45:00,0.358725248781563
2024-05-22 11:45:00,0.36077356926050885
2024-05-22 15:45:00,0.36271068448563504
2024-05-22 19:45:00,0.3645463765108559
2024-05-22 23:45:00,0.3663030722329856
2024-05-23 03:45:00,0.3680329717363719
2024-05-23 07:45:00,0.3698069376918875
2024-05-23 11:45:00,0.37159544828915986
2024-05-23 15:45:00,0.3732332380897194
2024-05-23 19:45:00,0.3746726538198474
2024-05-23 23:45:00,0.37595976325661484
2024-05-24 03:45:00,0.3771775429394898
2024-05-24 07:45:00,0.3783739160304392
2024-05-24 11:45:00,0.3795249095489335
2024-05-24 15:45:00,0.38057408800051307
2024-05-24 19:45:00,0.3814703675820673
2024-05-24 23:45:00,0.3822767323059376
2024-05-25 03:45:00,0.3830502632496911
2024-05-25 07:45:00,0.38383096468475975
2024-05-25 11:45:00,0.3846067687089359
2024-05-25 15:45:00,0.38529375841864755
2024-05-25 19:45:00,0.38580736516961267
2024-05-25 23:45:00,0.38616568757218767
2024-05-26 03:45:00,0.38645060517648167
2024-05-26 07:45:00,0.3867478828488186
2024-05-26 11:45:00,0.3870747270452184
2024-05-26 15:45:00,0.387290335682182
2024-05-26 19:45:00,0.387284664482708
2024-05-26 23:45:00,0.3871137148910538
2024-05-27 03:45:00,0.38685917244232226
2024-05-27 07:45:00,0.38657693701982176
2024-05-27 11:45:00,0.3863369770363063
2024-05-27 15:45:00,0.3860583004111957
2024-05-27 19:45:00,0.3855874519807773
2024-05-27 23:45:00,0.384932372415296
2024-05-28 03:45:00,0.38413774349285834
2024-05-28 07:45:00,0.3833159274167786
2024-05-28 11:45:00,0.382573786831029
2024-05-28 15:45:00,0.38187177264452876
2024-05-28 19:45:00,0.38105991679178924
2024-05-28 23:45:00,0.3800536388166377
2024-05-29 03:45:00,0.37889744878112486
2024-05-29 07:45:00,0.37773710182691383
2024-05-29 11:45:00,0.3766992001510316
2024-05-30 23:45:00,0.3715153475211117
2024-05-31 03:45:00,0.37007826085634
2024-05-31 07:45:00,0.368617252833839
2024-05-31 11:45:00,0.3672413868123695
2024-05-31 15:45:00,0.3660367008402979
2024-05-31 19:45:00,0.36488101540160706
2024-05-31 23:45:00,0.3636544608509708
2024-06-01 03:45:00,0.36238414642879724
2024-06-01 07:45:00,0.36109146895156163
2024-06-01 11:45:00,0.3598879051964843
2024-06-01 15:45:00,0.3588567117279317
2024-06-01 19:45:00,0.35791052587826505
2024-06-01 23:45:00,0.35687621225504124
2024-06-02 03:45:00,0.3557510618400257
2024-06-02 07:45:00,0.3546220601600016
2024-06-02 11:45:00,0.3535324668196999
2024-06-02 15:45:00,0.3525439810476076
2024-06-02 19:45:00,0.3515633443769479
2024-06-02 23:45:00,0.35046498706118345
2024-06-03 03:45:00,0.3492306252154362
2024-06-03 07:45:00,0.34788859507531245
2024-06-03 19:45:00,0.3445487535529737
2024-06-03 23:45:00,0.3433775093273261
2024-06-04 03:45:00,0.3421628748233768
2024-06-04 07:45:00,0.34097736429450987
2024-06-04 11:45:00,0.33987889719595527
2024-06-04 15:45:00,0.33896632575574265
2024-06-04 19:45:00,0.33824725315271853
2024-06-04 23:45:00,0.33763688758985266
2024-06-05 03:45:00,0.3370273970497929
2024-06-05 07:45:00,0.3364515140761441
2024-06-05 11:45:00,0.33595997567017166
2024-06-05 15:45:00,0.3356462364827446
2024-06-05 19:45:00,0.33553367796334044
2024-06-05 23:45:00,0.33550952760801966
2024-06-06 03:45:00,0.3354341082284786
2024-06-06 07:45:00,0.33529075853989093
2024-06-06 11:45:00,0.33519509154198673
2024-06-06 15:45:00,0.3352001734981423
2024-06-06 19:45:00,0.3352406430741893
2024-06-06 23:45:00,0.335280465969672
2024-06-07 03:45:00,0.3352593609244147
2024-06-07 07:45:00,0.335159353966496
2024-06-07 11:45:00,0.3350332755548056
2024-06-07 15:45:00,0.3349982484958212
2024-06-07 19:45:00,0.3351121607151838
2024-06-07 23:45:00,0.3353006636474166
2024-06-08 03:45:00,0.33542050880107943
2024-06-08 07:45:00,0.3354321913391813
2024-06-08 11:45:00,0.3353889577175994
2024-06-08 15:45:00,0.3353345037138603
2024-06-08 19:45:00,0.33533627808914707
2024-06-08 23:45:00,0.33539380348106845
2024-06-09 03:45:00,0.3353980147721252
2024-06-09 07:45:00,0.3352726579843858
2024-06-09 11:45:00,0.33503489175519285
2024-06-09 15:45:00,0.33477169407792
2024-06-09 19:45:00,0.3345912245968546
2024-06-09 23:45:00,0.3345200374568664
2024-06-10 03:45:00,0.3344635790662074
2024-06-10 07:45:00,0.3343321472984212
2024-06-10 11:45:00,0.33408571017236444
2024-06-10 15:45:00,0.3338457003452297
2024-06-10 19:45:00,0.33374459111147387
2024-06-10 23:45:00,0.3337240732774008
2024-06-11 03:45:00,0.3336824337502384
2024-06-11 07:45:00,0.333570733419462
2024-06-11 11:45:00,0.3332987345488406
2024-06-11 15:45:00,0.33297137389207504
2024-06-11 19:45:00,0.3327779081983148
2024-06-11 23:45:00,0.3327061793972519
2024-06-12 03:45:00,0.3326836906953906
2024-06-12 07:45:00,0.33257253343322285
2024-06-12 11:45:00,0.3322315575467073
2024-06-12 15:45:00,0.33175337621170986
2024-06-12 19:45:00,0.3313706304161367
2024-06-12 23:45:00,0.33111541604427264
2024-06-13 03:45:00,0.33090525397069587
2024-06-13 07:45:00,0.330619073465355
2024-06-13 11:45:00,0.33010771804542427
2024-06-13 15:45:00,0.32927135604815955
2024-06-13 19:45:00,0.32845072699634786
2024-06-13 23:45:00,0.3276852742432508
2024-06-14 03:45:00,0.32691756998549
2024-06-14 07:45:00,0.3261301244538216
2024-06-14 11:45:00,0.32529541087585523
2024-06-14 15:45:00,0.3243858044877458
2024-06-14 19:45:00,0.32347577389401583
2024-06-14 23:45:00,0.3227364765595957
2024-06-15 03:45:00,0.3220417400629466
2024-06-15 07:45:00,0.32133495327968364
2024-06-15 11:45:00,0.3204943331362179
2024-06-15 15:45:00,0.31943870521135864
2024-06-15 19:45:00,0.3182829369919025
2024-06-15 23:45:00,0.3171354093513445
2024-06-16 03:45:00,0.31598003346034914
2024-06-16 07:45:00,0.31479249282100114
2024-06-16 11:45:00,0.31344157584325455
2024-06-16 15:45:00,0.3118943353139034
2024-06-16 19:45:00,0.3102129007838624
2024-06-16 23:45:00,0.3085388130242589
2024-06-17 03:45:00,0.3069177725198717
2024-06-17 07:45:00,0.305262589801315
2024-06-17 11:45:00,0.3034485201783609
2024-06-17 15:45:00,0.30142413071021446
2024-06-17 19:45:00,0.29930585023098294
2024-06-17 23:45:00,0.2972504222628775
2024-06-18 03:45:00,0.29531877260328593
2024-06-18 07:45:00,0.29352528650211884
2024-06-18 11:45:00,0.29209639153237404
2024-06-18 15:45:00,0.29061698874542646
2024-06-18 19:45:00,0.2886320947244514
2024-06-18 23:45:00,0.28662874121977017
2024-06-19 03:45:00,0.28465331643317887
2024-06-19 07:45:00,0.28262679356370285
2024-06-19 11:45:00,0.2804752616012249
2024-06-19 15:45:00,0.2781555587799604
2024-06-19 19:45:00,0.27569422943949146
2024-06-19 23:45:00,0.27317645774252636
2024-06-20 03:45:00,0.27065655502045
2024-06-20 07:45:00,0.26805081178723306
2024-06-20 11:45:00,0.2652804241190141
2024-06-20 15:45:00,0.2623287098726357
2024-06-20 19:45:00,0.25923323490226735
2024-06-20 23:45:00,0.25609136025941404
2024-06-21 03:45:00,0.2529813835160388
2024-06-24 15:45:00,0.22047150707837804
2024-06-24 19:45:00,0.21635906855185846
2024-06-24 23:45:00,0.21215313155456061
2024-06-25 03:45:00,0.20796691402080406
2024-06-25 07:45:00,0.20394154355630548
2024-06-25 11:45:00,0.20019196412047524
2024-06-25 15:45:00,0.1965322212238779
2024-06-25 19:45:00,0.1927360062548667
2024-06-25 23:45:00,0.18886423586396123
2024-06-26 03:45:00,0.18500300890214993
2024-06-26 07:45:00,0.1812413393627489
2024-06-26 11:45:00,0.17762725292121795
2024-06-26 15:45:00,0.17403055334938178
2024-06-26 19:45:00,0.17032972436770402
2024-06-26 23:45:00,0.1665507390726486
2024-06-28 15:45:00,0.1452460315509098
2024-06-28 19:45:00,0.1418746161062443
2024-06-28 23:45:00,0.1384610729765197
2024-06-29 03:45:00,0.13509654154174258
2024-06-29 07:45:00,0.131831190717612
2024-06-29 11:45:00,0.12884129655390308
2024-06-29 15:45:00,0.12611386229516847
2024-06-29 19:45:00,0.1234425129821881
2024-06-29 23:45:00,0.1206374530372841
2024-06-30 03:45:00,0.11779900835493018
2024-06-30 07:45:00,0.11499247145053784
2024-06-30 11:45:00,0.11235794618051168
2024-06-30 15:45:00,0.10988233665111224
2024-06-30 19:45:00,0.10743687571706198
2024-06-30 23:45:00,0.10487648950889827
2024-07-01 03:45:00,0.1022220683519196
2024-07-01 07:45:00,0.09958979642446669
2024-07-01 11:45:00,0.09715390299042506
2024-07-01 15:45:00,0.0948671844928756
2024-07-01 19:45:00,0.0926908671355627
2024-07-01 23:45:00,0.09045099646587987
2024-07-02 03:45:00,0.08808104190324671
2024-07-02 07:45:00,0.0856863930366681
2024-07-02 11:45:00,0.0834654256827694
2024-07-02 15:45:00,0.08152795380392669
2024-07-02 19:45:00,0.07974833606395415
2024-07-02 23:45:00,0.07790675787403335
2024-07-03 03:45:00,0.07590841614103401
2024-07-03 07:45:00,0.07374419646542714
2024-07-03 11:45:00,0.07156681475917676
2024-07-06 07:45:00,0.05283270413800652
2024-07-06 11:45:00,0.05268954392022027
2024-07-06 15:45:00,0.05278425284726451
2024-07-06 19:45:00,0.05318142701543105
2024-07-06 23:45:00,0.05377875376112011
2024-07-07 03:45:00,0.054460747138708174
2024-07-07 07:45:00,0.055178010989667486
2024-07-07 11:45:00,0.05594715707934364
2024-07-07 15:45:00,0.05684978204592651
2024-07-07 19:45:00,0.05794391615527862
2024-07-07 23:45:00,0.05918691289862339
2024-07-08 03:45:00,0.06048211086502463
2024-07-08 07:45:00,0.06173617467512815
2024-07-08 11:45:00,0.06290133851061355
2024-07-08 15:45:00,0.06409032642610572
2024-07-08 19:45:00,0.0654059835253192
2024-07-08 23:45:00,0.06682526871200338
2024-07-09 03:45:00,0.06828898653050677
2024-07-09 07:45:00,0.06972224652644375
2024-07-09 11:45:00,0.0710679472094001
2024-07-09 15:45:00,0.07298937662796742
2024-07-09 19:45:00,0.07518340526385771
2024-07-09 23:45:00,0.07751859929605297
2024-07-10 03:45:00,0.07986976752769012
2024-07-10 07:45:00,0.08204376194083543
2024-07-10 11:45:00,0.08387913052659408
2024-07-10 15:45:00,0.08563448790704828
2024-07-10 19:45:00,0.08759484319009414
2024-07-10 23:45:00,0.08964800663541077
2024-07-11 03:45:00,0.09171395063715354
2024-07-11 07:45:00,0.09370702425232669
2024-07-11 11:45:00,0.09568441203214026
2024-07-11 15:45:00,0.0977557073289677
2024-07-11 19:45:00,0.099978385591226
2024-07-11 23:45:00,0.10226882488315296
2024-07-12 03:45:00,0.10355707558131842
2024-07-12 07:45:00,0.10475982636426422
2024-07-12 11:45:00,0.1059075679076215
2024-07-12 15:45:00,0.1070469875086954
2024-07-12 19:45:00,0.108202964077833
2024-07-12 23:45:00,0.10932992889500853
2024-07-13 03:45:00,0.1104161598073704
2024-07-13 07:45:00,0.11144986294431647
2024-07-13 11:45:00,0.11237185320293383
2024-07-13 15:45:00,0.11403733612215719
2024-07-13 19:45:00,0.11569984759255
2024-07-13 23:45:00,0.11738468001691221
2024-07-14 03:45:00,0.11905442219328069
2024-07-14 07:45:00,0.12068098971106812
2024-07-14 11:45:00,0.12207349897287552
2024-07-14 15:45:00,0.12328922007429464
2024-07-14 19:45:00,0.12448306815892184
2024-07-14 23:45:00,0.12577611200632163
2024-07-15 03:45:00,0.12712192404837158
2024-07-15 07:45:00,0.1284520532607124
2024-07-15 11:45:00,0.1296625481108743
2024-07-15 15:45:00,0.13082005388930498
2024-07-15 19:45:00,0.13201222510792265
2024-07-15 23:45:00,0.1333364303829613
2024-07-16 03:45:00,0.13479657860475897
2024-07-16 07:45:00,0.13626146782173362
2024-07-16 11:45:00,0.13761421653469424
2024-07-16 15:45:00,0.1389321353993888
2024-07-16 19:45:00,0.14023855649953829
2024-07-16 23:45:00,0.14163086013344273
2024-07-17 03:45:00,0.1431476600697264
2024-07-17 07:45:00,0.14467743087927118
2024-07-17 11:45:00,0.1461016752405631
2024-07-17 15:45:00,0.14736975550540143
2024-07-17 19:45:00,0.14853005187622448
2024-07-17 23:45:00,0.14970973870523338
2024-07-18 03:45:00,0.15096667028087574
2024-07-18 07:45:00,0.15225934464044846
2024-07-18 11:45:00,0.15350122785236833
2024-07-18 15:45:00,0.15304757494278332
2024-07-18 19:45:00,0.15254773791534101
2024-07-18 23:45:00,0.15204726040606042
2024-07-19 03:45:00,0.15158364308037034
2024-07-19 07:45:00,0.15113653347009806
2024-07-19 11:45:00,0.1506897021197393
2024-07-19 15:45:00,0.15021626868261823
2024-07-19 19:45:00,0.14974363301004207
2024-07-19 23:45:00,0.14930698709596027
2024-07-20 03:45:00,0.14891159232359025
2024-07-20 07:45:00,0.1485719856588504
2024-07-20 11:45:00,0.14827621900216983
2024-07-20 15:45:00,0.1479595343472907
2024-07-20 19:45:00,0.14759798898715593
2024-07-20 23:45:00,0.14723689750324925
2024-07-21 03:45:00,0.14688344294417227
2024-07-21 07:45:00,0.14773965136878103
2024-07-21 11:45:00,0.1485111255255347
2024-07-21 15:45:00,0.14905889654918028
2024-07-21 19:45:00,0.14933172111677437
2024-07-21 23:45:00,0.149438826645522
2024-07-22 03:45:00,0.1494610767857511
2024-07-22 07:45:00,0.14946373749551523
2024-07-22 11:45:00,0.149439231151066
2024-07-22 15:45:00,0.14924320607556044
2024-07-22 19:45:00,0.14881879511727777
2024-07-22 23:45:00,0.14822826625451693
2024-07-23 03:45:00,0.14755678188761706
2024-07-23 07:45:00,0.1469221724139154
2024-07-23 11:45:00,0.14638220093703402
2024-07-23 15:45:00,0.1457584681193637
2024-07-23 19:45:00,0.14495924683205216
2024-07-23 23:45:00,0.14402001561376568
2024-07-24 03:45:00,0.1430111841230793
2024-07-24 19:45:00,0.14126595605001036
2024-07-24 23:45:00,0.1400829231349305
2024-07-25 03:45:00,0.1389040019477783
2024-07-25 07:45:00,0.13784474676299807
2024-07-25 11:45:00,0.1369670225338799
2024-07-25 15:45:00,0.13611903976027237
2024-07-25 19:45:00,0.13515579244773135
2024-07-25 23:45:00,0.1341243711203765
2024-07-26 03:45:00,0.13308827694652536
2024-07-26 07:45:00,0.1321024104718147
2024-07-26 23:45:00,0.1289772184048463
2024-07-27 03:45:00,0.12769078668838943
2024-07-27 07:45:00,0.12645666620571722
2024-07-27 11:45:00,0.12526416474750757
2024-07-27 15:45:00,0.12403996435514393
2024-07-27 19:45:00,0.12271713180889321
2024-07-27 23:45:00,0.12132696739895191
2024-07-28 03:45:00,0.11988379127622231
2024-07-28 07:45:00,0.1184399239974594
2024-07-28 11:45:00,0.1170843785286226
2024-07-28 15:45:00,0.11574996557624534
2024-07-28 19:45:00,0.11431216633991667
2024-07-28 23:45:00,0.11276560580997796
2024-07-29 03:45:00,0.11115775365726224
2024-07-29 07:45:00,0.10953627776012555
2024-07-29 11:45:00,0.10801543383104158
2024-07-29 15:45:00,0.10656863643529844
2024-07-29 19:45:00,0.10508936617735955
2024-07-29 23:45:00,0.10352146640513264
2024-07-30 03:45:00,0.10191831966160801
2024-07-30 07:45:00,0.10036968319559053
2024-07-30 11:45:00,0.09897463476928228
2024-07-30 15:45:00,0.09770798025786392
2024-07-30 19:45:00,0.0964903248180905
2024-07-30 23:45:00,0.0952527169346978
2024-07-31 03:45:00,0.09399981036299157
2024-07-31 07:45:00,0.09280134828973972
2024-07-31 11:45:00,0.09173256929864894
2024-07-31 15:45:00,0.09076119853344172
2024-07-31 19:45:00,0.08984245739443791
2024-07-31 23:45:00,0.08891783774221101
2024-08-01 03:45:00,0.08797450810151171
2024-08-01 07:45:00,0.08711219130507135
2024-08-01 11:45:00,0.08637697897402488
2024-08-01 15:45:00,0.08581089126075245
2024-08-01 19:45:00,0.08538114111672765
2024-08-01 23:45:00,0.08497431336514247
2024-08-02 03:45:00,0.08455946319057028
2024-08-02 07:45:00,0.08416503473252976
2024-08-02 11:45:00,0.08382596230556319
2024-08-02 15:45:00,0.08359604366930094
2024-08-02 19:45:00,0.08348503681886031
2024-08-02 23:45:00,0.0834039901533619
2024-08-03 03:45:00,0.08328584110135809
2024-08-03 07:45:00,0.08314157121476587
2024-08-03 11:45:00,0.08297916636291912
2024-08-03 15:45:00,0.08288185236461622
2024-08-03 19:45:00,0.08283532237527383
2024-08-03 23:45:00,0.08274475284967985
2024-08-04 03:45:00,0.08258638172736517
2024-08-04 07:45:00,0.08233078876691838
2024-08-04 23:45:00,0.08058239035834265
2024-08-05 03:45:00,0.08025720562312655
2024-08-05 07:45:00,0.0798664094009177
2024-08-05 11:45:00,0.07942264381255688
2024-08-05 15:45:00,0.0791020517772141
2024-08-05 19:45:00,0.0789436753993498
2024-08-05 23:45:00,0.07880530255343522
2024-08-06 03:45:00,0.0786230017796018
2024-08-06 07:45:00,0.07834198470675405
2024-08-06 11:45:00,0.0779813763450381
2024-08-06 15:45:00,0.07774620263219616
2024-08-06 19:45:00,0.07767469679785605
2024-08-06 23:45:00,0.07765945835341329
2024-08-07 03:45:00,0.07761812292319636
2024-08-07 07:45:00,0.0774364214110429
2024-08-07 11:45:00,0.07709722650421656
2024-08-07 15:45:00,0.07682552656387752
2024-08-07 19:45:00,0.07664642575395715
2024-08-07 23:45:00,0.07649119652122462
2024-08-08 03:45:00,0.0762632091239983
2024-08-08 07:45:00,0.07580997707108825
2024-08-08 11:45:00,0.07524049287184831
2024-08-08 15:45:00,0.07465203633694477
2024-08-08 19:45:00,0.07399808713930961
2024-08-08 23:45:00,0.07332326154444486
2024-08-09 03:45:00,0.07258119926585267
2024-08-09 07:45:00,0.07166247659242808
2024-08-09 11:45:00,0.07047765714210871
2024-08-09 15:45:00,0.06916050645529995
2024-08-09 19:45:00,0.06782300539352512
2024-08-09 23:45:00,0.06648880019208533
2024-08-10 03:45:00,0.06511712930145763
2024-08-10 07:45:00,0.06362202620478748
2024-08-10 11:45:00,0.06230729547086737
2024-08-10 15:45:00,0.060933561892027595
2024-08-10 19:45:00,0.05954924547324119
2024-08-10 23:45:00,0.05793226278208507
2024-08-11 03:45:00,0.05630697235209516
2024-08-11 07:45:00,0.05457758890546985
2024-08-11 11:45:00,0.052707780328721435
2024-08-11 15:45:00,0.05075972921691728
2024-08-11 19:45:00,0.04882203371714254
2024-08-11 23:45:00,0.0469535359283697
2024-08-12 03:45:00,0.04513756195792638
2024-08-12 07:45:00,0.0432703704930364
2024-08-12 11:45:00,0.04126968875717647
2024-08-12 15:45:00,0.039187179432121244
2024-08-12 19:45:00,0.03713917894253764
2024-08-12 23:45:00,0.03518157240117491
2024-08-13 03:45:00,0.033283766454886544
2024-08-13 07:45:00,0.03131893537048145
2024-08-13 11:45:00,0.02920778670576847
2024-08-13 15:45:00,0.02700604289535756
2024-08-13 19:45:00,0.024781369922699643
2024-08-13 23:45:00,0.02261563332280251
2024-08-14 03:45:00,0.020463279196005157
2024-08-14 07:45:00,0.018198510645810413
2024-08-14 11:45:00,0.015725435232858423
2024-08-14 15:45:00,0.013088729059629593
2024-08-14 19:45:00,0.010372137871822562
2024-08-14 23:45:00,0.007649506411252463
2024-08-15 03:45:00,0.004899190439813884
2024-08-15 07:45:00,0.002081827649117525
2024-08-15 11:45:00,-0.0008652900858194812
2024-08-15 15:45:00,-0.003951215640044435
2024-08-15 19:45:00,-0.007120543198118119
2024-08-15 23:45:00,-0.010345259449107434
2024-08-16 03:45:00,-0.013609402315657475
2024-08-16 07:45:00,-0.016942883883830757
2024-08-16 19:45:00,-0.023297218845729745
2024-08-16 23:45:00,-0.027170207828314617
2024-08-17 03:45:00,-0.031044969726264443
2024-08-17 07:45:00,-0.03489942622872498
2024-08-17 11:45:00,-0.03880516834237033
2024-08-17 15:45:00,-0.04286942670248846
2024-08-17 19:45:00,-0.04706235067099475
2024-08-17 23:45:00,-0.05130519727717499
2024-08-18 03:45:00,-0.05554441412689384
2024-08-18 07:45:00,-0.059736420616683064
2024-08-18 11:45:00,-0.06392398556161874
2024-08-18 15:45:00,-0.06821856300809812
2024-08-18 19:45:00,-0.07260057428531143
2024-08-18 23:45:00,-0.07694113869179171
2024-08-19 03:45:00,-0.08119463847924485
2024-08-19 07:45:00,-0.085310476196065
2024-08-19 11:45:00,-0.08721112244399581
2024-08-19 15:45:00,-0.08911040420876543
2024-08-19 19:45:00,-0.09098919552743438
2024-08-19 23:45:00,-0.09490625222201707
2024-08-20 03:45:00,-0.09867936400604957
2024-08-20 07:45:00,-0.10227085371177948
2024-08-20 11:45:00,-0.10572484171667255
2024-08-20 15:45:00,-0.10919871418902327
2024-08-20 19:45:00,-0.1127399156739414
2024-08-20 23:45:00,-0.11621524616754234
2024-08-21 03:45:00,-0.11954549835878006
2024-08-21 07:45:00,-0.12270705577276333
2024-08-21 11:45:00,-0.12576444795846592
2024-08-21 15:45:00,-0.12888364109146414
2024-08-21 19:45:00,-0.13211739970116176
2024-08-21 23:45:00,-0.13535287647035238
2024-08-22 03:45:00,-0.1384760606927315
2024-08-22 23:45:00,-0.15089543055160332
2024-08-23 03:45:00,-0.15382016037899665
2024-08-23 07:45:00,-0.1566028326111667
2024-08-23 11:45:00,-0.15927083500587635
2024-08-23 15:45:00,-0.16194189362545972
2024-08-23 19:45:00,-0.1645020147902941
2024-08-23 23:45:00,-0.16702977828994306
2024-08-24 03:45:00,-0.16950880521773715
2024-08-24 07:45:00,-0.17183838007817154
2024-08-24 11:45:00,-0.17394223272799475
2024-08-24 15:45:00,-0.1759147462458888
2024-08-24 19:45:00,-0.17785119526469662
2024-08-24 23:45:00,-0.17977202858602692
2024-08-25 03:45:00,-0.18162007110951825
2024-08-25 07:45:00,-0.1832844269312934
2024-08-25 11:45:00,-0.18473982731884203
2024-08-25 15:45:00,-0.1860732795293711
2024-08-25 19:45:00,-0.1873893695690456
2024-08-25 23:45:00,-0.1887432974750067
2024-08-26 03:45:00,-0.19004574384981424
2024-08-26 07:45:00,-0.19114763965698708
2024-08-26 11:45:00,-0.19204095664595094
2024-08-26 15:45:00,-0.19280234522724954
2024-08-26 19:45:00,-0.19354171800224623
2024-08-26 23:45:00,-0.19436170339998243
2024-08-27 03:45:00,-0.1951730729521328
2024-08-27 07:45:00,-0.19582068991098958
2024-08-27 11:45:00,-0.1962543497355974
2024-08-27 15:45:00,-0.19654567895602393
2024-08-27 19:45:00,-0.1968199539646379
2024-08-27 23:45:00,-0.19715329337405998
2024-08-28 03:45:00,-0.19751619806242504
2024-08-28 07:45:00,-0.1977548155982682
2024-08-28 11:45:00,-0.1978182546651604
2024-08-28 15:45:00,-0.19777118302726765
2024-08-28 19:45:00,-0.19767391708720766
2024-08-28 23:45:00,-0.19763935011126388
2024-08-29 03:45:00,-0.19763644475574327
2024-08-29 07:45:00,-0.19755023130645466
2024-08-29 11:45:00,-0.19729288529304448
2024-08-29 15:45:00,-0.19687578786274035
2024-08-29 19:45:00,-0.19637903559676978
2024-08-29 23:45:00,-0.195898530234079
2024-08-30 03:45:00,-0.195434852356241
2024-08-30 07:45:00,-0.1949523079673
2024-08-30 11:45:00,-0.1943719309411038
2024-08-31 11:45:00,-0.19301851869003706
2024-08-31 15:45:00,-0.19213622195509023
2024-08-31 19:45:00,-0.19070113115358378
2024-08-31 23:45:00,-0.18921370610466975
2024-09-01 03:45:00,-0.18773048627780747
2024-09-01 07:45:00,-0.1863268703417045
2024-09-01 11:45:00,-0.18486076523260397
2024-09-01 15:45:00,-0.18318174832962342
2024-09-01 19:45:00,-0.18137317415656495
2024-09-01 23:45:00,-0.17951986080984825
2024-09-02 03:45:00,-0.1776742598365235
2024-09-02 07:45:00,-0.17591398133070696
2024-09-02 11:45:00,-0.17412765586442383
2024-09-02 15:45:00,-0.1721818423156546
2024-09-02 19:45:00,-0.17013664637984394
2024-09-02 23:45:00,-0.1681367420623794
2024-09-03 03:45:00,-0.16625084162317
2024-09-03 07:45:00,-0.16453512143102872
2024-09-03 11:45:00,-0.16287239627969302
2024-09-03 15:45:00,-0.16110467444017823
2024-09-03 19:45:00,-0.15931157953132916
2024-09-03 23:45:00,-0.15762487036143671
2024-09-04 03:45:00,-0.1560958207284874
2024-09-04 07:45:00,-0.15479667175473893
2024-09-04 11:45:00,-0.1536394112390705
2024-09-04 15:45:00,-0.15244486069702196
2024-09-04 19:45:00,-0.15121904906569328
2024-09-05 23:45:00,-0.1456397574962394
2024-09-06 03:45:00,-0.14501892220838622
2024-09-06 07:45:00,-0.14532241582914
2024-09-06 11:45:00,-0.14572646138870812
2024-09-06 15:45:00,-0.1461511006956241
2024-09-06 19:45:00,-0.1465615627315361
2024-09-06 23:45:00,-0.1463166635762263
2024-09-07 03:45:00,-0.14611986565665058
2024-09-07 07:45:00,-0.1459984344533908
2024-09-07 11:45:00,-0.1458956861227834
2024-09-07 15:45:00,-0.14576430964771045
2024-09-07 19:45:00,-0.1456757569181185
2024-09-07 23:45:00,-0.14560201004036283
2024-09-08 03:45:00,-0.14558930141328053
2024-09-08 07:45:00,-0.1457279640834759
2024-09-08 11:45:00,-0.14604795419115607
2024-09-08 15:45:00,-0.14651274708720363
2024-09-08 19:45:00,-0.1470181840381277
2024-09-08 23:45:00,-0.14752842787156367
2024-09-09 03:45:00,-0.14812564854141635
2024-09-09 07:45:00,-0.14893039673423286
2024-09-09 11:45:00,-0.14993971836114206
2024-09-09 15:45:00,-0.15107831299512064
2024-09-09 19:45:00,-0.152206429146676
2024-09-09 23:45:00,-0.15326822000312068
2024-09-10 03:45:00,-0.15442045699564208
2024-09-10 07:45:00,-0.15579723645603516
2024-09-10 11:45:00,-0.15738032514713168
2024-09-10 15:45:00,-0.15907202617409236
2024-09-10 19:45:00,-0.160714903836795
2024-09-10 23:45:00,-0.16222063009602306
2024-09-11 03:45:00,-0.16371742364021424
2024-09-11 07:45:00,-0.16535324135268897
2024-09-11 11:45:00,-0.16711921390167175
2024-09-11 15:45:00,-0.1689641280086324
2024-09-11 19:45:00,-0.1707854452530369
2024-09-11 23:45:00,-0.172545546989267
2024-09-12 03:45:00,-0.1742534270921712
2024-09-12 07:45:00,-0.17597932242654782
2024-09-12 11:45:00,-0.1777808834948759
2024-09-12 15:45:00,-0.17965421962346537
2024-09-12 19:45:00,-0.18152825720191587
2024-09-12 23:45:00,-0.1833417683048254
2024-09-13 03:45:00,-0.1850820748983808
2024-09-13 07:45:00,-0.18678026419948113
2024-09-13 11:45:00,-0.18857554479762084
2024-09-13 15:45:00,-0.19047698249877845
2024-09-13 19:45:00,-0.19242816352393338
2024-09-13 23:45:00,-0.19440396929375187
2024-09-14 03:45:00,-0.1963052236187425
2024-09-14 07:45:00,-0.19812871192983061
2024-09-14 11:45:00,-0.20004246342580428
2024-09-14 15:45:00,-0.201257750520226
2024-09-14 19:45:00,-0.20244098161715235
2024-09-14 23:45:00,-0.2035795830171046
2024-09-15 03:45:00,-0.2046239140125193
2024-09-15 07:45:00,-0.20553627454138484
2024-09-15 11:45:00,-0.20739460470793597
2024-09-15 15:45:00,-0.20936344485068015
2024-09-15 19:45:00,-0.21141081768426345
2024-09-15 23:45:00,-0.213455301306127
2024-09-16 03:45:00,-0.21543157547746572
2024-09-16 07:45:00,-0.2172533137564761
2024-09-16 11:45:00,-0.21908823560240187
2024-09-16 15:45:00,-0.22110445579419796
2024-09-16 19:45:00,-0.2232147907915003
2024-09-16 23:45:00,-0.22528852813982947
2024-09-17 03:45:00,-0.2272774742000024
2024-09-17 07:45:00,-0.22911710224711593
2024-09-17 11:45:00,-0.230934855178789
2024-09-17 15:45:00,-0.2329123803420301
2024-09-17 19:45:00,-0.2350070477032543
2024-09-17 23:45:00,-0.23705923092874226
2024-09-18 03:45:00,-0.23902622882929173
2024-09-18 23:45:00,-0.2474085369108232
2024-09-19 03:45:00,-0.24920776680415924
2024-09-19 07:45:00,-0.2508353044178903
2024-09-19 11:45:00,-0.2523783795187393
2024-09-19 15:45:00,-0.25396713375053726
2024-09-19 19:45:00,-0.25562195118909437
2024-09-19 23:45:00,-0.2557306628977767
2024-09-20 03:45:00,-0.255833552196183
2024-09-20 07:45:00,-0.255912201602744
2024-09-20 11:45:00,-0.25597150528147944
2024-09-20 15:45:00,-0.2560482761961169
2024-09-20 19:45:00,-0.25620019926515847
2024-09-20 23:45:00,-0.25755518672502714
2024-09-21 03:45:00,-0.2588366904228997
2024-09-21 07:45:00,-0.2600156009707146
2024-09-21 11:45:00,-0.2610969732392607
2024-09-21 15:45:00,-0.26217472922163276
2024-09-21 19:45:00,-0.26332337756372903
2024-09-21 23:45:00,-0.26448989208474405
2024-09-22 03:45:00,-0.2655798319413958
2024-09-22 07:45:00,-0.2665628943665959
2024-09-22 11:45:00,-0.2675020476689456
2024-09-22 15:45:00,-0.26845267710566917
2024-09-22 19:45:00,-0.2694560947965076
2024-09-22 23:45:00,-0.2704647852002213
2024-09-23 03:45:00,-0.27131917577037534
2024-09-23 07:45:00,-0.27194577469347075
2024-09-23 11:45:00,-0.27236381548561645
2024-09-23 15:45:00,-0.2726083412696194
2024-09-23 19:45:00,-0.27278065466549223
2024-09-23 23:45:00,-0.2729079631557779
2024-09-24 03:45:00,-0.272870647041082
2024-09-24 07:45:00,-0.2725748010987785
2024-09-24 11:45:00,-0.27205931569690023
2024-09-24 15:45:00,-0.2713764584890416
2024-09-24 19:45:00,-0.270669843735568
2024-09-24 23:45:00,-0.2699777972164073
2024-09-25 03:45:00,-0.2691472019272688
2024-09-25 07:45:00,-0.26810062032458276
2024-09-25 11:45:00,-0.26683945086159494
2024-09-25 15:45:00,-0.2654785979803122
2024-09-25 19:45:00,-0.2641851636448824
2024-09-25 23:45:00,-0.2629744046621984
2024-09-26 03:45:00,-0.2617819057460577
2024-09-26 07:45:00,-0.2605426919668644
2024-09-26 11:45:00,-0.2592504563884305
2024-09-26 15:45:00,-0.2578565610206065
2024-09-26 19:45:00,-0.2563904966943146
2024-09-26 23:45:00,-0.2549136868776345
2024-09-27 03:45:00,-0.25346630330493514
2024-09-27 07:45:00,-0.25202040343654447
2024-09-27 11:45:00,-0.2504838383193433
2024-09-27 15:45:00,-0.2488115917715754
2024-09-27 19:45:00,-0.24705828766082064
2024-09-27 23:45:00,-0.2452614909446122
2024-09-28 03:45:00,-0.24348494513644142
2024-09-28 07:45:00,-0.24175922710263742
2024-09-28 11:45:00,-0.23992150383074395
2024-09-28 15:45:00,-0.2379793337454537
2024-09-28 19:45:00,-0.23600013337755998
2024-09-28 23:45:00,-0.23393523581216882
2024-09-29 03:45:00,-0.23192660756472677
2024-09-29 07:45:00,-0.23001043926027254
2024-09-29 11:45:00,-0.22799308099584517
2024-09-29 15:45:00,-0.22584847726997156
2024-09-29 19:45:00,-0.22370161247491263
2024-09-29 23:45:00,-0.22156030612533756
2024-09-30 03:45:00,-0.21952346148979174
2024-09-30 07:45:00,-0.2176507356567782
2024-09-30 11:45:00,-0.2157046063803032
2024-09-30 15:45:00,-0.21359775510148246
2024-09-30 19:45:00,-0.21148821434094645
2024-09-30 23:45:00,-0.20943115400716011
2024-10-01 03:45:00,-0.20746772362909466
2024-10-01 07:45:00,-0.2056679813855481
2024-10-01 11:45:00,-0.20381429856186442
2024-10-01 15:45:00,-0.20176702145107464
2024-10-01 19:45:00,-0.19966777877004666
2024-10-01 23:45:00,-0.19763297026185148
2024-10-02 03:45:00,-0.1956991867308252
2024-10-02 07:45:00,-0.19391397534303031
2024-10-02 11:45:00,-0.19212448283230507
2024-10-02 15:45:00,-0.19016084235925027
2024-10-02 19:45:00,-0.18809964779288657
2024-10-02 23:45:00,-0.18607086201228787
2024-10-03 03:45:00,-0.18408572131678497
2024-10-03 07:45:00,-0.18320913820996326
2024-10-03 15:45:00,-0.18233637736579267
2024-10-03 19:45:00,-0.18140809956936876
2024-10-03 23:45:00,-0.1795226701816399
2024-10-04 03:45:00,-0.17767768062950476
2024-10-04 07:45:00,-0.17598130089429206
2024-10-04 11:45:00,-0.1743557377487436
2024-10-04 15:45:00,-0.17268539125126336
2024-10-04 19:45:00,-0.17089170783158597
2024-10-04 23:45:00,-0.16904874429627495
2024-10-05 03:45:00,-0.16722694921730372
2024-10-05 07:45:00,-0.16550968631564053
2024-10-05 11:45:00,-0.16389896677940136
2024-10-05 15:45:00,-0.16229004725729745
2024-10-05 19:45:00,-0.16057108221614796
2024-10-05 23:45:00,-0.1588077163815136
2024-10-06 03:45:00,-0.15711007000784732
2024-10-06 11:45:00,-0.15429989055396498
2024-10-06 15:45:00,-0.15275378718047264
2024-10-06 19:45:00,-0.15112486174415427
2024-10-06 23:45:00,-0.149467864162136
2024-10-07 03:45:00,-0.14794165621259797
2024-10-07 07:45:00,-0.14657153817868152
2024-10-07 11:45:00,-0.14529847757232042
2024-10-07 15:45:00,-0.14404662476796887
2024-10-07 19:45:00,-0.14271989284982206
2024-10-07 23:45:00,-0.14137841064081114
2024-10-08 03:45:00,-0.14024643456190117
2024-10-08 07:45:00,-0.13938739477989778
2024-10-08 11:45:00,-0.138758251696182
2024-10-08 15:45:00,-0.1382931691385525
2024-10-08 19:45:00,-0.1378877083953461
2024-10-08 23:45:00,-0.13754851801508594
2024-10-09 03:45:00,-0.13739776795852165
2024-10-09 07:45:00,-0.13749822785297694
2024-10-09 11:45:00,-0.13781870049762046
2024-10-09 15:45:00,-0.13830728510235324
2024-10-09 19:45:00,-0.1388291163269606
2024-10-09 23:45:00,-0.13936836648350165
2024-10-10 03:45:00,-0.14001448476342324
2024-10-10 07:45:00,-0.140830152717776
2024-10-10 11:45:00,-0.1418346915211405
2024-10-10 15:45:00,-0.14291731363313395
2024-10-10 19:45:00,-0.1439501295153529
2024-10-10 23:45:00,-0.14496212570384365
2024-10-11 03:45:00,-0.14593638469691883
2024-10-11 07:45:00,-0.14689528642008037
2024-10-11 11:45:00,-0.14792831582982746
2024-10-11 15:45:00,-0.14907141108638247
2024-10-11 19:45:00,-0.15028930740517904
2024-10-11 23:45:00,-0.1515147263740902
2024-10-12 03:45:00,-0.15268303099065045
2024-10-12 07:45:00,-0.15385830767269373
2024-10-12 11:45:00,-0.1551752043697865
2024-10-12 15:45:00,-0.1566479501272201
2024-10-12 19:45:00,-0.15820771309088527
2024-10-12 23:45:00,-0.1598063921787112
2024-10-13 03:45:00,-0.16137038287198485
2024-10-13 07:45:00,-0.1629003752927642
2024-10-13 11:45:00,-0.16457773783068735
2024-10-13 15:45:00,-0.1664171497179008
2024-10-13 19:45:00,-0.1682831556968682
2024-10-13 23:45:00,-0.17021022855745188
2024-10-14 03:45:00,-0.1721092172246314
2024-10-14 07:45:00,-0.17397437366036936
2024-10-14 11:45:00,-0.1759766821706032
2024-10-14 15:45:00,-0.1781518278103111
2024-10-14 19:45:00,-0.1803681530139039
2024-10-14 23:45:00,-0.18259911931060294
2024-10-15 03:45:00,-0.184787365643444
2024-10-15 07:45:00,-0.1869229828156179
2024-10-15 11:45:00,-0.18918948073804004
2024-10-15 15:45:00,-0.19168589533981098
2024-10-15 19:45:00,-0.19422185096863834
2024-10-15 23:45:00,-0.19673422646928998
2024-10-16 03:45:00,-0.19918479818097112
2024-10-16 07:45:00,-0.20154232026520286
2024-10-16 11:45:00,-0.2039799065504429
2024-10-16 15:45:00,-0.20661740539356688
2024-10-16 19:45:00,-0.20935286388398253
2024-10-16 23:45:00,-0.2121003475316321
2024-10-17 03:45:00,-0.2148228597041475
2024-10-17 07:45:00,-0.21751699622511905
2024-10-17 11:45:00,-0.22030876003536914
2024-10-17 15:45:00,-0.22329428229987291
2024-10-17 19:45:00,-0.22639246321298434
2024-10-17 23:45:00,-0.22951004115358864
2024-10-18 03:45:00,-0.23260498914768796
2024-10-18 07:45:00,-0.2356089212874677
2024-10-18 11:45:00,-0.2371814035198735
2024-10-18 15:45:00,-0.24031695708820744
2024-10-18 19:45:00,-0.24358648125021853
2024-10-18 23:45:00,-0.24690179542633406
2024-10-19 03:45:00,-0.2502049236250536
2024-10-19 07:45:00,-0.25339925694541454
2024-10-19 11:45:00,-0.25656292646912743
2024-10-19 15:45:00,-0.2598306762556384
2024-10-19 19:45:00,-0.2632446261910787
2024-10-19 23:45:00,-0.26671758575903415
2024-10-20 03:45:00,-0.27015012661646426
2024-10-20 07:45:00,-0.2734470072080434
2024-10-20 11:45:00,-0.2766519755042223
2024-10-20 15:45:00,-0.27991889198826553
2024-10-20 19:45:00,-0.28332545433481415
2024-10-20 23:45:00,-0.28680145854100847
2024-10-21 03:45:00,-0.2901973238794792
2024-10-21 07:45:00,-0.2916202699522196
2024-10-21 11:45:00,-0.29479109680469867
2024-10-21 15:45:00,-0.2979782828319352
2024-10-21 19:45:00,-0.301269238921065
2024-10-21 23:45:00,-0.3046182956702693
2024-10-22 03:45:00,-0.3078675379119284
2024-10-22 07:45:00,-0.3109688755253036
2024-10-22 11:45:00,-0.31396085538049456
2024-10-22 15:45:00,-0.3169269815739387
2024-10-22 19:45:00,-0.31998195682500996
2024-10-22 23:45:00,-0.3230675242283657
2024-10-23 03:45:00,-0.32600356871437225
2024-10-23 07:45:00,-0.3287269170469806
2024-10-23 11:45:00,-0.33124728428854444
2024-10-23 15:45:00,-0.33365098405764587
2024-10-23 19:45:00,-0.3360814955901701
2024-10-23 23:45:00,-0.33852604070783754
2024-10-24 03:45:00,-0.34090496906976686
2024-10-24 07:45:00,-0.34316867132789236
2024-10-24 11:45:00,-0.3452500497988198
2024-10-24 15:45:00,-0.3471896397469001
2024-10-24 19:45:00,-0.3491281890748906
2024-10-24 23:45:00,-0.3511026340208412
2024-10-25 03:45:00,-0.35308628022793964
2024-10-25 07:45:00,-0.35502953230257833
2024-10-25 11:45:00,-0.3568645164290627
2024-10-25 15:45:00,-0.3586362275235146
2024-10-25 19:45:00,-0.36043494754290367
2024-10-25 23:45:00,-0.36226627970827224
2024-10-26 03:45:00,-0.36421233161459177
2024-10-26 07:45:00,-0.36623239808001173
2024-10-26 11:45:00,-0.36816460734388085
2024-10-26 15:45:00,-0.37001560039240733
2024-10-26 19:45:00,-0.3718751093143119
2024-10-26 23:45:00,-0.37379437783580816
2024-10-27 03:45:00,-0.37586157432112033
2024-10-27 07:45:00,-0.3779973608119964
2024-10-27 11:45:00,-0.3800257544757548
2024-10-27 15:45:00,-0.3819706297219094
2024-10-27 19:45:00,-0.3839280081109417
2024-10-27 23:45:00,-0.38590509210490637
2024-10-28 03:45:00,-0.3879706317731185
2024-10-28 07:45:00,-0.39008872017879465
2024-10-28 11:45:00,-0.3920388917286774
2024-10-28 15:45:00,-0.3938439130698356
2024-10-28 19:45:00,-0.39563721997373613
2024-10-28 23:45:00,-0.39739753641130865
2024-10-29 03:45:00,-0.3991783983717867
2024-10-29 07:45:00,-0.4009566895856454
2024-10-29 11:45:00,-0.4025512656846119
2024-10-29 15:45:00,-0.4039422435038509
2024-10-29 19:45:00,-0.40530471734689266
2024-10-29 23:45:00,-0.4066810373845276
2024-10-30 03:45:00,-0.4080916920318218
2024-10-30 07:45:00,-0.4095243023976885
2024-10-30 11:45:00,-0.41083201377992395
2024-10-30 15:45:00,-0.4119298142892949
2024-10-30 19:45:00,-0.4129711820061532
2024-10-30 23:45:00,-0.4140407692889579
2024-10-31 03:45:00,-0.4151795049738263
2024-10-31 07:45:00,-0.4163963288913729
2024-10-31 11:45:00,-0.41757495157920477
2024-10-31 15:45:00,-0.4185979038589629
2024-10-31 19:45:00,-0.4195047749391349
2024-10-31 23:45:00,-0.42037375371343344
2024-11-01 03:45:00,-0.42125158126711404
2024-11-01 07:45:00,-0.42213384290252615
2024-11-01 11:45:00,-0.4229310593359958
2024-11-01 15:45:00,-0.42356735934457546
2024-11-01 19:45:00,-0.42408515288481097
2024-11-01 23:45:00,-0.42458297140530876
2024-11-02 03:45:00,-0.42513402965589225
2024-11-02 07:45:00,-0.42579507480919637
2024-11-02 11:45:00,-0.42645525866170075
2024-11-02 15:45:00,-0.4269945471149126
2024-11-02 19:45:00,-0.4273961998077869
2024-11-02 23:45:00,-0.4277801627414812
2024-11-03 03:45:00,-0.428204707178621
2024-11-03 07:45:00,-0.42872736986459387
2024-11-03 11:45:00,-0.42927497699712974
2024-11-03 15:45:00,-0.4297130457167499
2024-11-03 19:45:00,-0.4300262903378243
2024-11-03 23:45:00,-0.43032233623871735
2024-11-04 03:45:00,-0.43068235829332635
2024-11-04 07:45:00,-0.4311669304748447
2024-11-04 11:45:00,-0.4317070413127908
2024-11-04 15:45:00,-0.43213308265951067
2024-11-04 19:45:00,-0.4324081140714507
2024-11-04 23:45:00,-0.4326315632765369
2024-11-05 03:45:00,-0.43291369431040866
2024-11-05 07:45:00,-0.433286948802027
2024-11-05 11:45:00,-0.4337013595818769
2024-11-05 15:45:00,-0.4340674683121294
2024-11-05 19:45:00,-0.43432587548403373
2024-11-05 23:45:00,-0.43452628419012423
2024-11-06 03:45:00,-0.43480207115480357
2024-11-06 07:45:00,-0.43520897441158357
2024-11-06 11:45:00,-0.4357085232441548
2024-11-06 15:45:00,-0.436204973367442
2024-11-06 19:45:00,-0.4366206182489393
2024-11-06 23:45:00,-0.4370081685846221
2024-11-07 03:45:00,-0.437465050729615
2024-11-07 07:45:00,-0.4380449592261509
2024-11-07 11:45:00,-0.438760614332087
2024-11-07 15:45:00,-0.4395055668158039
2024-11-07 19:45:00,-0.4401225903343916
2024-11-07 23:45:00,-0.44060834044833674
2024-11-08 03:45:00,-0.44100686440069503
2024-11-08 07:45:00,-0.4413928619978496
2024-11-08 11:45:00,-0.4418804501167721
2024-11-08 15:45:00,-0.4424315311833843
2024-11-08 19:45:00,-0.44290334554162
2024-11-08 23:45:00,-0.4432192503098133
2024-11-09 03:45:00,-0.4433898103279006
2024-11-09 07:45:00,-0.4435044797149085
2024-11-09 11:45:00,-0.44366940011666367
2024-11-09 15:45:00,-0.443857491124108
2024-11-09 19:45:00,-0.44397025298450504
2024-11-09 23:45:00,-0.44396582953095554
2024-11-10 03:45:00,-0.44377631000461537
2024-11-10 07:45:00,-0.4435107147122936
2024-11-10 11:45:00,-0.4433290697699285
2024-11-10 15:45:00,-0.44322474147351504
2024-11-10 19:45:00,-0.4430854546374432
2024-11-10 23:45:00,-0.44283602123071164
2024-11-11 03:45:00,-0.44239196033224787
2024-11-11 07:45:00,-0.4418576473760081
2024-11-11 11:45:00,-0.4414204190650406
2024-11-11 15:45:00,-0.44106387847908257
2024-11-11 19:45:00,-0.4406872332023819
2024-11-11 23:45:00,-0.44028725551692327
2024-11-12 03:45:00,-0.43981239295012486
2024-11-12 07:45:00,-0.43931753137026963
2024-11-12 11:45:00,-0.43901441240755734
2024-11-12 15:45:00,-0.438887967174247
2024-11-12 19:45:00,-0.43884969756723374
2024-11-12 23:45:00,-0.4388990137337488
2024-11-13 03:45:00,-0.43901759078913755
2024-11-13 07:45:00,-0.43925898192041013
2024-11-13 11:45:00,-0.4397648264143385
2024-11-13 15:45:00,-0.44055408635176924
2024-11-13 19:45:00,-0.44144130181305996
2024-11-13 23:45:00,-0.4423231463445813
2024-11-14 03:45:00,-0.4431553441589614
2024-11-14 07:45:00,-0.4439585316854254
2024-11-14 11:45:00,-0.44488146819848634
2024-11-14 15:45:00,-0.44596560291456994
2024-11-14 19:45:00,-0.447081689374138
2024-11-14 23:45:00,-0.44812863864548985
2024-11-15 03:45:00,-0.44907639156081075
2024-11-15 07:45:00,-0.44998668972668393
2024-11-15 11:45:00,-0.45098798505712157
2024-11-15 15:45:00,-0.4521556051019568
2024-11-15 19:45:00,-0.45344600990483125
2024-11-15 23:45:00,-0.45477572991816134
2024-11-16 03:45:00,-0.45606626358839103
2024-11-16 07:45:00,-0.4573320994281955
2024-11-16 11:45:00,-0.45869774857204126
2024-11-16 15:45:00,-0.4602376217744646
2024-11-16 19:45:00,-0.4618995155897872
2024-11-16 23:45:00,-0.4635728707492329
2024-11-17 03:45:00,-0.4651869542782583
2024-11-17 07:45:00,-0.466695690046245
2024-11-17 11:45:00,-0.4682234751390852
2024-11-17 15:45:00,-0.46989634215069453
2024-11-17 19:45:00,-0.4716932103159476
2024-11-17 23:45:00,-0.4734831152468721
2024-11-18 03:45:00,-0.4751960656627028
2024-11-18 07:45:00,-0.47678995623254394
2024-11-18 11:45:00,-0.4783550861605985
2024-11-18 15:45:00,-0.4800298329725291
2024-11-18 19:45:00,-0.48179333990664197
2024-11-18 23:45:00,-0.4835511064346847
2024-11-19 03:45:00,-0.48524038797797203
2024-11-19 07:45:00,-0.4867796737819689
2024-11-19 11:45:00,-0.4882013316310937
2024-11-19 15:45:00,-0.48966575228531917
2024-11-19 19:45:00,-0.49118468706585433
2024-11-19 23:45:00,-0.4926664242530923
2024-11-20 03:45:00,-0.4940755183809896
2024-11-20 07:45:00,-0.49536875684601933
2024-11-20 11:45:00,-0.496532356881486
2024-11-20 15:45:00,-0.497662385547183
2024-11-20 19:45:00,-0.4987795448831013
2024-11-20 23:45:00,-0.49986544525177695
2024-11-21 03:45:00,-0.5008432095855109
2024-11-21 07:45:00,-0.5016423540108592
2024-11-21 11:45:00,-0.5022567634713561
2024-11-21 15:45:00,-0.5027936362028768
2024-11-21 19:45:00,-0.5033060767136943
2024-11-21 23:45:00,-0.5037836091484297
2024-11-22 03:45:00,-0.5042109622804581
2024-11-22 07:45:00,-0.5045170937226526
2024-11-22 11:45:00,-0.5046559291163734
2024-11-22 15:45:00,-0.5047454913354833
2024-11-22 19:45:00,-0.5048907282088752
2024-11-22 23:45:00,-0.5051280547599
2024-11-23 03:45:00,-0.5054860699675601
2024-11-23 07:45:00,-0.5058573242596252
2024-11-23 11:45:00,-0.5061220610824417
2024-11-23 15:45:00,-0.5063379123344711
2024-11-23 19:45:00,-0.5066077140419888
2024-11-23 23:45:00,-0.5069806117854423
2024-11-24 03:45:00,-0.5075049406942871
2024-11-24 07:45:00,-0.5080408874602782
2024-11-24 11:45:00,-0.5084744333640238
2024-11-24 15:45:00,-0.5088743443458041
2024-11-24 19:45:00,-0.5093285294054198
2024-11-24 23:45:00,-0.5098584748925503
2024-11-25 03:45:00,-0.5105199782808346
2024-11-25 07:45:00,-0.5111786587199826
2024-11-25 11:45:00,-0.5117145794879262
2024-11-25 15:45:00,-0.5121794009763729
2024-11-25 19:45:00,-0.5126593878986571
2024-11-25 23:45:00,-0.5131986157604022
2024-11-26 03:45:00,-0.5138792837343897
2024-11-26 07:45:00,-0.514588709954575
2024-11-26 11:45:00,-0.5151560981388933
2024-11-26 15:45:00,-0.515621061828211
2024-11-26 19:45:00,-0.5160925255649411
2024-11-26 23:45:00,-0.5165826579595588
2024-11-27 03:45:00,-0.5171518212466244
2024-11-27 07:45:00,-0.5177425298086419
2024-11-27 11:45:00,-0.5181625908731765
2024-11-27 15:45:00,-0.5183845314787856
2024-11-27 19:45:00,-0.5184592761691252
2024-11-27 23:45:00,-0.518390998456685
2024-11-28 03:45:00,-0.5182182153293885
2024-11-28 07:45:00,-0.517869215829644
2024-11-28 11:45:00,-0.5172257871977286
2024-11-28 15:45:00,-0.5162649383368024
2024-11-28 19:45:00,-0.515118254656151
2024-11-28 23:45:00,-0.513936407661735
2024-11-29 03:45:00,-0.5128332819309256
2024-11-29 07:45:00,-0.5118134139017667
2024-11-29 11:45:00,-0.5107564140963703
2024-11-29 15:45:00,-0.5096203569204065
2024-11-29 19:45:00,-0.5084988809688049
2024-11-29 23:45:00,-0.5074733993567511
2024-11-30 03:45:00,-0.5065971003210445
2024-11-30 07:45:00,-0.5057984011210187
2024-11-30 11:45:00,-0.5049464683431134
2024-11-30 15:45:00,-0.5039839391392885
2024-11-30 19:45:00,-0.5029416028706978
2024-11-30 23:45:00,-0.5018928325120183
2024-12-01 03:45:00,-0.5009173907927567
2024-12-01 07:45:00,-0.5000004838519838
2024-12-01 11:45:00,-0.4989950638316792
2024-12-01 15:45:00,-0.49782754493916437
2024-12-01 19:45:00,-0.49655356375957727
2024-12-01 23:45:00,-0.4952772443054715
2024-12-02 03:45:00,-0.4940451864219208
2024-12-02 07:45:00,-0.49286939260429563
2024-12-02 11:45:00,-0.49163127853364774
2024-12-02 15:45:00,-0.49024131960583867
2024-12-02 19:45:00,-0.48876850286086726
2024-12-02 23:45:00,-0.48730209052721185
2024-12-03 03:45:00,-0.48589348394298093
2024-12-03 07:45:00,-0.4845753972457183
2024-12-03 11:45:00,-0.48327384116108485
2024-12-03 15:45:00,-0.4818881867808306
2024-12-03 19:45:00,-0.48046067176276286
2024-12-03 23:45:00,-0.4790272776523648
2024-12-04 03:45:00,-0.4776398193517206
2024-12-04 07:45:00,-0.4763514717381026
2024-12-04 11:45:00,-0.47511568812288574
2024-12-04 15:45:00,-0.473840202217784
2024-12-04 19:45:00,-0.47255075481136055
2024-12-04 23:45:00,-0.4713181736113089
2024-12-05 03:45:00,-0.47015402260128114
2024-12-05 07:45:00,-0.4691447926433392
2024-12-05 11:45:00,-0.46832815920611637
2024-12-05 15:45:00,-0.4675652592373787
2024-12-05 19:45:00,-0.4668700621574786
2024-12-05 23:45:00,-0.4661978821984981
2024-12-06 03:45:00,-0.46558381746998007
2024-12-06 07:45:00,-0.4651696630630212
2024-12-06 11:45:00,-0.46500681092519686
2024-12-06 15:45:00,-0.46499945381151975
2024-12-06 19:45:00,-0.46509935043733003
2024-12-06 23:45:00,-0.4652596651881107
2024-12-07 03:45:00,-0.465470759936716
2024-12-07 07:45:00,-0.46581449196013425
2024-12-07 11:45:00,-0.46631880418668364
2024-12-07 15:45:00,-0.4668948047871821
2024-12-07 19:45:00,-0.46748854457017713
2024-12-07 23:45:00,-0.4680295601649235
2024-12-08 03:45:00,-0.4684810852262944
2024-12-08 07:45:00,-0.4689806384413164
2024-12-08 11:45:00,-0.46962042658706615
2024-12-08 15:45:00,-0.4703206135443429
2024-12-08 19:45:00,-0.4710383256731816
2024-12-08 23:45:00,-0.4717634698296933
2024-12-09 03:45:00,-0.4724778726380652
2024-12-09 07:45:00,-0.47333696150290777
2024-12-09 11:45:00,-0.474415963433922
2024-12-09 15:45:00,-0.4755958498771122
2024-12-09 19:45:00,-0.4767834816521048
2024-12-09 23:45:00,-0.47799173632433506
2024-12-10 03:45:00,-0.479196513067018
2024-12-10 07:45:00,-0.4805134549862273
2024-12-10 11:45:00,-0.4820364201339416
2024-12-10 15:45:00,-0.4836736155914332
2024-12-10 19:45:00,-0.4853338728819377
2024-12-10 23:45:00,-0.4869855587572937
2024-12-11 03:45:00,-0.4885914947884903
2024-12-11 07:45:00,-0.4902818935713998
2024-12-11 11:45:00,-0.4921901027641262
2024-12-11 15:45:00,-0.4942248366993708
2024-12-12 07:45:00,-0.4974070122349375
2024-12-12 11:45:00,-0.49963326249455864
2024-12-12 15:45:00,-0.5020235461782866
2024-12-12 19:45:00,-0.5045174585442631
2024-12-12 23:45:00,-0.5070577216611956
2024-12-13 03:45:00,-0.5095661005170339
2024-12-13 07:45:00,-0.5121469957828307
2024-12-13 11:45:00,-0.514941763480497
2024-12-13 15:45:00,-0.5179304888062102
2024-12-13 19:45:00,-0.521024110556955
2024-12-13 23:45:00,-0.524127875032109
2024-12-14 03:45:00,-0.5271253735328276
2024-12-14 07:45:00,-0.5300359116039947
2024-12-14 11:45:00,-0.5329733061253514
2024-12-14 15:45:00,-0.5359432486693924
2024-12-15 03:45:00,-0.541371602571765
2024-12-15 07:45:00,-0.5440417193652576
2024-12-15 11:45:00,-0.5467333384327893
2024-12-15 15:45:00,-0.549487202950103
2024-12-15 23:45:00,-0.553535644134924
2024-12-16 03:45:00,-0.5562466011715355
2024-12-16 07:45:00,-0.5588551466306203
2024-12-16 11:45:00,-0.5615130322996035
2024-12-16 15:45:00,-0.5642813947718698
2024-12-16 19:45:00,-0.5671161897704268
2024-12-16 23:45:00,-0.5699544674986693
2024-12-17 03:45:00,-0.5727345184748602
2024-12-17 07:45:00,-0.5753942093374681
2024-12-17 11:45:00,-0.57804899770897
2024-12-17 15:45:00,-0.5807908246172155
2024-12-17 19:45:00,-0.5835420473520574
2024-12-17 23:45:00,-0.5862645101660778
2024-12-18 03:45:00,-0.588905018020291
2024-12-18 07:45:00,-0.5913916231229931
2024-12-18 11:45:00,-0.5937694033136018
2024-12-18 15:45:00,-0.5961577418713614
2024-12-18 19:45:00,-0.5985476787880158
2024-12-18 23:45:00,-0.6009289930227809
2024-12-19 03:45:00,-0.6032603691910025
2024-12-19 07:45:00,-0.6055308028575301
2024-12-19 11:45:00,-0.6078041538206059
2024-12-19 15:45:00,-0.610141100706804
2024-12-19 19:45:00,-0.6125337499419236
2024-12-19 23:45:00,-0.614927626094599
2024-12-20 03:45:00,-0.6172893275095163
2024-12-20 07:45:00,-0.61948162396856
2024-12-20 11:45:00,-0.6214777323858031
2024-12-20 15:45:00,-0.6234563983555551
2024-12-20 19:45:00,-0.6254367290736342
2024-12-20 23:45:00,-0.6274895227910742
2024-12-21 03:45:00,-0.6295736442224446
2024-12-21 07:45:00,-0.6314699118428516
2024-12-21 11:45:00,-0.6331152667534208
2024-12-21 15:45:00,-0.6346051715860024
2024-12-21 19:45:00,-0.6359797415162413
2024-12-21 23:45:00,-0.6372847523555153
2024-12-22 03:45:00,-0.6385204023058906
2024-12-22 07:45:00,-0.6395911098824671
2024-12-22 11:45:00,-0.6405358367874991
2024-12-22 15:45:00,-0.6414164251462033
2024-12-22 19:45:00,-0.6422698285105213
2024-12-22 23:45:00,-0.6431524294495137
2024-12-23 03:45:00,-0.6440782395142796
2024-12-23 07:45:00,-0.6448988759961889
2024-12-23 11:45:00,-0.6455806286170194
2024-12-23 15:45:00,-0.6462299115169406
2024-12-23 19:45:00,-0.6468667612104684
2024-12-23 23:45:00,-0.6475039814544853
2024-12-24 03:45:00,-0.648098344535008
2024-12-24 07:45:00,-0.6484919922348317
2024-12-24 11:45:00,-0.6486619121423075
2024-12-24 15:45:00,-0.6487621900490866
2024-12-24 19:45:00,-0.6488756410388409
2024-12-24 23:45:00,-0.649005035141935
2024-12-25 03:45:00,-0.6491197215657102
2024-12-25 07:45:00,-0.6491374916606281
2024-12-25 11:45:00,-0.6489684036023872
2024-12-25 15:45:00,-0.6486841527982798
2024-12-25 19:45:00,-0.6484133327555331
2024-12-25 23:45:00,-0.6482340024139814
2024-12-26 03:45:00,-0.648102322931238
2024-12-26 07:45:00,-0.6478618847031372
2024-12-26 11:45:00,-0.6474374323436424
2024-12-26 15:45:00,-0.6468881812375211
2024-12-26 19:45:00,-0.646349142020849
2024-12-26 23:45:00,-0.645930059202265
2024-12-27 03:45:00,-0.6455798626123381
2024-12-27 07:45:00,-0.6452289536014536
2024-12-27 11:45:00,-0.6447668236877229
2024-12-27 15:45:00,-0.6441977557358273
2024-12-27 19:45:00,-0.6436419469427637
2024-12-27 23:45:00,-0.6432616892304488
2024-12-28 03:45:00,-0.6430507341669517
2024-12-28 07:45:00,-0.6428533777617933
2024-12-28 11:45:00,-0.6425887702221104
2024-12-28 15:45:00,-0.6422714437097636
2024-12-28 19:45:00,-0.6419737314858747
2024-12-28 23:45:00,-0.6418012633664114
2024-12-29 03:45:00,-0.6417392129070096
2024-12-29 07:45:00,-0.6416556441169383
2024-12-29 11:45:00,-0.6415157078678468
2024-12-29 15:45:00,-0.6413291571186012
2024-12-29 19:45:00,-0.6415615233519741
2024-12-29 23:45:00,-0.6418683823555078
2024-12-30 03:45:00,-0.6419005921562843
2024-12-30 07:45:00,-0.6419190262168123
2024-12-30 11:45:00,-0.6418381683398862
2024-12-30 15:45:00,-0.641658685733619
2024-12-30 19:45:00,-0.6418901212040481
2024-12-30 23:45:00,-0.6416738913538067
2024-12-31 03:45:00,-0.6415202859140303
2024-12-31 07:45:00,-0.641377385318874
2024-12-31 11:45:00,-0.641148768581794
2024-12-31 15:45:00,-0.6408203303525324
2024-12-31 19:45:00,-0.6403997453051173
2024-12-31 23:45:00,-0.639946263183444
2025-01-01 03:45:00,-0.6395422106867712
2025-01-01 07:45:00,-0.6392143674353213
2025-01-01 11:45:00,-0.6388705753030922
2025-01-01 15:45:00,-0.6384500817615963
2025-01-01 19:45:00,-0.638010055696618
2025-01-01 23:45:00,-0.6375923766659264
2025-01-02 03:45:00,-0.6373007439523944
2025-01-02 07:45:00,-0.6371445911484809
2025-01-02 11:45:00,-0.6370715291352248
2025-01-02 15:45:00,-0.636964251664402
2025-01-02 19:45:00,-0.6368147345701518
2025-01-02 23:45:00,-0.6366556664958106
2025-01-03 03:45:00,-0.6365395701052262
2025-01-03 07:45:00,-0.636480654421836
2025-01-03 11:45:00,-0.6364426779989688
2025-01-03 15:45:00,-0.6363341358892639
2025-01-03 19:45:00,-0.6361036089473334
2025-01-03 23:45:00,-0.635794068344363
2025-01-04 03:45:00,-0.6354711761653066
2025-01-04 07:45:00,-0.6352503371967937
2025-01-04 11:45:00,-0.6351267248588537
2025-01-04 15:45:00,-0.6349696782156132
2025-01-04 19:45:00,-0.6346960108119021
2025-01-04 23:45:00,-0.6342672741415137
2025-01-05 03:45:00,-0.6337565028696923
2025-01-05 07:45:00,-0.6333194461980193
2025-01-05 11:45:00,-0.6330106550162578
2025-01-05 15:45:00,-0.632750761598697
2025-01-05 19:45:00,-0.6324989074251859
2025-01-05 23:45:00,-0.6322555950998378
2025-01-06 03:45:00,-0.6320555398555614
2025-01-06 07:45:00,-0.6319968400531887
2025-01-06 11:45:00,-0.6320612249793475
2025-01-06 15:45:00,-0.6322042110920847
2025-01-06 19:45:00,-0.6323780519036907
2025-01-06 23:45:00,-0.6325828337053657
2025-01-07 03:45:00,-0.632826535882745
2025-01-07 07:45:00,-0.6332138470022622
2025-01-07 11:45:00,-0.6337622134477523
2025-01-07 15:45:00,-0.6344094430305244
2025-01-07 19:45:00,-0.6351132763311501
2025-01-07 23:45:00,-0.6358344985000145
2025-01-08 03:45:00,-0.6365854975987202
2025-01-08 07:45:00,-0.6374590780171235
2025-01-08 11:45:00,-0.6384744562376451
2025-01-08 15:45:00,-0.6395355893360356
2025-01-08 19:45:00,-0.6406145656199864
2025-01-08 23:45:00,-0.6416643492104317
2025-01-09 03:45:00,-0.6427231878624289
2025-01-09 07:45:00,-0.6438188615206629
2025-01-09 11:45:00,-0.6449976355652085
2025-01-09 15:45:00,-0.6462537429453579
2025-01-09 19:45:00,-0.6475045893911592
2025-01-09 23:45:00,-0.6486608365559551
2025-01-10 03:45:00,-0.6497660984561567
2025-01-10 07:45:00,-0.6509112197014668
2025-01-10 11:45:00,-0.6521160233111084
2025-01-10 15:45:00,-0.653421662715256
2025-01-10 19:45:00,-0.6547286483199717
2025-01-10 23:45:00,-0.6559178683444706
2025-01-11 03:45:00,-0.6570290915610433
2025-01-11 07:45:00,-0.6581010754504667
2025-01-11 11:45:00,-0.6591355137650473
2025-01-11 15:45:00,-0.6602140779550691
2025-01-11 19:45:00,-0.6612699586143174
2025-01-11 23:45:00,-0.6621621503909666
2025-01-12 03:45:00,-0.6628951128932526
2025-01-12 07:45:00,-0.6635627366117989
2025-01-12 11:45:00,-0.664207270691007
2025-01-12 15:45:00,-0.6648655114980403
2025-01-12 19:45:00,-0.6655155496967163
2025-01-12 23:45:00,-0.666054870724168
2025-01-13 03:45:00,-0.6665192608985768
2025-01-13 07:45:00,-0.6669930493510989
2025-01-13 11:45:00,-0.6674260700993453
2025-01-13 15:45:00,-0.6678800439023602
2025-01-13 19:45:00,-0.6683712146759919
2025-01-13 23:45:00,-0.6687817284805113
2025-01-14 03:45:00,-0.6690684017020908
2025-01-14 07:45:00,-0.6693332924109259
2025-01-14 11:45:00,-0.6696116159328028
2025-01-14 15:45:00,-0.6699316964931444
2025-01-14 19:45:00,-0.6702868724860023
2025-01-14 23:45:00,-0.6706023900601296
2025-01-15 03:45:00,-0.6708504243413991
2025-01-15 07:45:00,-0.6710424923785643
2025-01-15 11:45:00,-0.6712134058290415
2025-01-15 15:45:00,-0.6714061115791736
2025-01-15 19:45:00,-0.6716624469324145
2025-01-15 23:45:00,-0.6719315741811157
2025-01-16 03:45:00,-0.6721502668394457
2025-01-16 07:45:00,-0.672317407355138
2025-01-16 11:45:00,-0.6724895316658731
2025-01-16 15:45:00,-0.6727090753768165
2025-01-16 19:45:00,-0.6729723172018918
2025-01-16 23:45:00,-0.6732666193886805
2025-01-17 03:45:00,-0.6734915273490132
2025-01-17 07:45:00,-0.6736577155520643
2025-01-17 11:45:00,-0.6737887469327377
2025-01-17 15:45:00,-0.6739643112241517
2025-01-17 19:45:00,-0.6742202953456565
2025-01-17 23:45:00,-0.6745507763009453
2025-01-18 03:45:00,-0.6748975705613335
2025-01-18 07:45:00,-0.6752057734808279
2025-01-18 11:45:00,-0.6754783767907317
2025-01-18 15:45:00,-0.6757964481576281
2025-01-18 19:45:00,-0.6762145574490388
2025-01-18 23:45:00,-0.676715698954454
2025-01-19 03:45:00,-0.6772572248790668
2025-01-19 07:45:00,-0.677765843159739
2025-01-19 11:45:00,-0.6782243601907819
2025-01-19 15:45:00,-0.6787091934992038
2025-01-19 19:45:00,-0.6793114285799774
2025-01-19 23:45:00,-0.6800783929300233
2025-01-20 03:45:00,-0.6809625270333496
2025-01-20 07:45:00,-0.681899084953729
2025-01-20 11:45:00,-0.6828369586308976
2025-01-20 15:45:00,-0.6838171992369227
2025-01-20 19:45:00,-0.684870036421713
2025-01-20 23:45:00,-0.6860201865915566
2025-01-21 03:45:00,-0.6872549495394384
2025-01-21 07:45:00,-0.6885308329471397
2025-01-21 11:45:00,-0.6897622911252214
2025-01-21 15:45:00,-0.6909624788952031
2025-01-21 19:45:00,-0.6922148225485953
2025-01-21 23:45:00,-0.693528491490928
2025-01-22 03:45:00,-0.6948770466156426
2025-01-22 07:45:00,-0.6962189205565248
2025-01-22 11:45:00,-0.6974810985275602
2025-01-22 15:45:00,-0.6986534436557689
2025-01-22 19:45:00,-0.699811009383913
2025-01-22 23:45:00,-0.7010308272900685
2025-01-23 03:45:00,-0.7023078003262039
2025-01-23 07:45:00,-0.7036267531179474
2025-01-23 11:45:00,-0.7049195764005658
2025-01-23 15:45:00,-0.7061668143525697
2025-01-23 19:45:00,-0.7073706646742077
2025-01-23 23:45:00,-0.708600230507813
2025-01-24 03:45:00,-0.7098209699792415
2025-01-24 07:45:00,-0.7110132385133027
2025-01-24 11:45:00,-0.7121608637740091
2025-01-24 15:45:00,-0.7132321793602581
2025-01-24 19:45:00,-0.714248065536946
2025-01-24 23:45:00,-0.7153045722877187
2025-01-25 03:45:00,-0.7164217987488933
2025-01-25 07:45:00,-0.7175965436774213
2025-01-25 11:45:00,-0.7188062736785189
2025-01-25 15:45:00,-0.7199635703301495
2025-01-25 19:45:00,-0.7211079098192077
2025-01-25 23:45:00,-0.7223394481501682
2025-01-26 03:45:00,-0.7236609750548337
2025-01-26 07:45:00,-0.7250817598064061
2025-01-26 11:45:00,-0.7266103780708504
2025-01-26 15:45:00,-0.7281570767240864
2025-01-26 19:45:00,-0.7297025831966708
2025-01-26 23:45:00,-0.7313082514855218
2025-01-27 03:45:00,-0.7330498292339733
2025-01-27 07:45:00,-0.7349152751995935
2025-01-27 11:45:00,-0.7368578621527736
2025-01-27 15:45:00,-0.7388059535927765
2025-01-27 19:45:00,-0.7407295960314542
2025-01-27 23:45:00,-0.7426865368880311
2025-01-28 03:45:00,-0.744733012760965
2025-01-28 07:45:00,-0.7468884710996853
2025-01-28 11:45:00,-0.7491711440395872
2025-01-28 15:45:00,-0.7514735934834949
2025-01-28 19:45:00,-0.7537320305221574
2025-01-28 23:45:00,-0.7560072766083401
2025-01-29 03:45:00,-0.7584158152205738
2025-01-29 07:45:00,-0.7609666892383152
2025-01-29 11:45:00,-0.7636373520047516
2025-01-29 15:45:00,-0.766350616756828
2025-01-29 19:45:00,-0.7690479142476013
2025-01-29 23:45:00,-0.7717530047249508
2025-01-30 03:45:00,-0.7745586474313952
2025-01-30 07:45:00,-0.7775482922348115
2025-01-30 11:45:00,-0.7806924160968473
2025-01-30 15:45:00,-0.7838805578261488
2025-01-30 19:45:00,-0.7870243035905006
2025-01-30 23:45:00,-0.7901495490184629
2025-02-02 03:45:00,-0.8125818099543446
2025-02-02 07:45:00,-0.8167465321394831
2025-02-02 11:45:00,-0.8210261105783175
2025-02-02 15:45:00,-0.8253636716445432
2025-02-02 19:45:00,-0.8296882893419555
2025-02-02 23:45:00,-0.833963271223811
2025-02-03 03:45:00,-0.8381962645355499
2025-02-03 07:45:00,-0.8424532934667018
2025-02-03 11:45:00,-0.8468471779156372
2025-02-03 15:45:00,-0.8513130731345806
2025-02-03 19:45:00,-0.8557553197157577
2025-02-03 23:45:00,-0.8601365816191331
2025-02-04 03:45:00,-0.8644618123624752
2025-02-04 07:45:00,-0.8687606475283627
2025-02-04 11:45:00,-0.8731082955722524
2025-02-04 15:45:00,-0.8774862978347466
2025-02-04 19:45:00,-0.8818538026942347
2025-02-04 23:45:00,-0.8861559549211585
2025-02-05 03:45:00,-0.8903619501408317
2025-02-05 07:45:00,-0.8944377995225825
2025-02-05 11:45:00,-0.8985484474511187
2025-02-05 15:45:00,-0.9027293134913902
2025-02-05 19:45:00,-0.9068475929492517
2025-02-05 23:45:00,-0.9108642652224992
2025-02-06 03:45:00,-0.9148233480870138
2025-02-06 07:45:00,-0.9186855554442797
2025-02-06 11:45:00,-0.9225269968191532
2025-02-06 15:45:00,-0.9263957381312695
2025-02-06 19:45:00,-0.9301745282266876
2025-02-06 23:45:00,-0.933783804126442
2025-02-07 03:45:00,-0.9372584369103141
2025-02-07 07:45:00,-0.9405692308909109
2025-02-07 11:45:00,-0.9438000832906065
2025-02-07 15:45:00,-0.9470177070428043
2025-02-07 19:45:00,-0.9502313427559053
2025-02-07 23:45:00,-0.9533634110974141
2025-02-08 23:45:00,-0.9672096056843313
2025-02-09 03:45:00,-0.9704525927523556
2025-02-09 11:45:00,-0.9756809285374319
2025-02-09 15:45:00,-0.9786337222898817
2025-02-10 03:45:00,-0.9857204184417976
2025-02-10 07:45:00,-0.9881891754275292
2025-02-10 11:45:00,-0.9904947179328281
2025-02-10 15:45:00,-0.9926979497929398
2025-02-10 19:45:00,-0.9948315599098465
2025-02-10 23:45:00,-0.9968812088176029
2025-02-11 03:45:00,-0.9987192195210809
2025-02-11 07:45:00,-1.0003316629731223
2025-02-11 11:45:00,-1.0017930959427384
2025-02-11 15:45:00,-1.0031807915748903
2025-02-12 03:45:00,-1.0079058996296593
2025-02-12 07:45:00,-1.0088082527664477
2025-02-12 11:45:00,-1.0095369850036575
2025-02-12 15:45:00,-1.010224365875756
2025-02-12 19:45:00,-1.0109559001404977
2025-02-12 23:45:00,-1.0116881865523293
2025-02-13 03:45:00,-1.0122644089895736
2025-02-13 07:45:00,-1.0126261177275107
2025-02-13 11:45:00,-1.0128268848107216
2025-02-13 15:45:00,-1.01300009314143
2025-02-13 19:45:00,-1.0132234997370824
2025-02-14 03:45:00,-1.0145764221817795
2025-02-14 07:45:00,-1.0145842930542897
2025-02-14 11:45:00,-1.014457381135735
2025-02-14 15:45:00,-1.0143337041850389
2025-02-14 19:45:00,-1.0143129462532159
2025-02-14 23:45:00,-1.0143437632163317
2025-02-15 03:45:00,-1.0135382872753222
2025-02-15 07:45:00,-1.0127150149128086
2025-02-15 11:45:00,-1.011892537301414
2025-02-15 15:45:00,-1.0111102669166663
2025-02-15 19:45:00,-1.0103875325761122
2025-02-15 23:45:00,-1.009724004542017
2025-02-16 03:45:00,-1.0090958233525962
2025-02-16 07:45:00,-1.0084741345463586
2025-02-16 11:45:00,-1.0078178558432545
2025-02-16 15:45:00,-1.0071575230211232
2025-02-16 19:45:00,-1.0065521247210991
2025-02-16 23:45:00,-1.00601761879295
2025-02-17 03:45:00,-1.0055855240970981
2025-02-17 07:45:00,-1.0051238410283003
2025-02-17 11:45:00,-1.004603400447219
2025-02-17 15:45:00,-1.0040760276382772
2025-02-17 19:45:00,-1.0036600840872572
2025-02-17 23:45:00,-1.003406597514886
2025-02-18 03:45:00,-1.0033032395527661
2025-02-18 07:45:00,-1.0032873668541726
2025-02-18 11:45:00,-1.0032098808512766
2025-02-18 15:45:00,-1.0030831844081507
2025-02-18 19:45:00,-1.003006620604285
2025-02-18 23:45:00,-1.0029593623938253
2025-02-19 03:45:00,-1.0029379245577308
2025-02-19 07:45:00,-1.0029295490496337
2025-02-19 11:45:00,-1.0028314897377022
2025-02-19 15:45:00,-1.0026480085093885
2025-02-19 19:45:00,-1.0024674588082605
2025-02-19 23:45:00,-1.0023210876693993
2025-02-20 03:45:00,-1.002228096159803
2025-02-20 07:45:00,-1.0022233880646396
2025-02-20 11:45:00,-1.0021684983776888
2025-02-20 15:45:00,-1.0020134713217337
2025-02-20 19:45:00,-1.0018892798308585
2025-02-20 23:45:00,-1.001821478716301
2025-02-21 03:45:00,-1.0017685669653402
2025-02-21 07:45:00,-1.001763092194142
2025-02-21 11:45:00,-1.0017546582316923
2025-02-21 15:45:00,-1.0017170591522204
2025-02-21 19:45:00,-1.0017686624167512
2025-02-21 23:45:00,-1.0019376943066152
2025-02-22 03:45:00,-1.0021818624775531
2025-02-22 07:45:00,-1.002531301844702
2025-02-22 11:45:00,-1.00293198046228
2025-02-22 15:45:00,-1.0033553850317243
2025-02-22 19:45:00,-1.00383082826638
2025-02-22 23:45:00,-1.0044349149179037
2025-02-23 03:45:00,-1.0056279260266843
2025-02-23 07:45:00,-1.0068278523881493
2025-02-23 11:45:00,-1.0080110913205305
2025-02-23 15:45:00,-1.0091412849459764
2025-02-23 19:45:00,-1.0102035347019722
2025-02-23 23:45:00,-1.0108407813343283
2025-02-24 03:45:00,-1.0115402598228969
2025-02-24 07:45:00,-1.0126199312765276
2025-02-24 11:45:00,-1.0134090899335795
2025-02-24 15:45:00,-1.0142005797710925
2025-02-24 19:45:00,-1.0151259816187885
2025-02-24 23:45:00,-1.0160265176410026
2025-02-25 03:45:00,-1.016937044440572
2025-02-25 07:45:00,-1.0179387696171072
2025-02-25 11:45:00,-1.0189934377942955
2025-02-25 15:45:00,-1.0200622204230017
2025-02-25 19:45:00,-1.0210949926091841
2025-02-25 23:45:00,-1.0221339302269155
2025-02-26 03:45:00,-1.0233091280089321
2025-02-26 07:45:00,-1.0246189501557728
2025-02-26 11:45:00,-1.0259363755997482
2025-02-26 15:45:00,-1.0272326138748358
2025-02-26 19:45:00,-1.027906954653718
2025-02-26 23:45:00,-1.0285224428095383
2025-02-27 03:45:00,-1.029794337715991
2025-02-27 07:45:00,-1.0312018294743182
2025-02-27 11:45:00,-1.0326329830146515
2025-02-27 15:45:00,-1.0340031272352515
2025-02-27 19:45:00,-1.0352822899203244
2025-02-27 23:45:00,-1.0364822542066177
2025-02-28 03:45:00,-1.0377156843126674
2025-02-28 07:45:00,-1.0390605523569012
2025-02-28 11:45:00,-1.0404313221347834
2025-02-28 15:45:00,-1.041713102241374
2025-02-28 19:45:00,-1.0428813485982917
2025-02-28 23:45:00,-1.042967591773659
2025-03-01 03:45:00,-1.0439847614394362
2025-03-01 07:45:00,-1.0450282865793479
2025-03-01 11:45:00,-1.0460836111895022
2025-03-01 15:45:00,-1.0470848829681096
2025-03-01 19:45:00,-1.0479937641674109
2025-03-01 23:45:00,-1.0488641642943297
2025-03-02 03:45:00,-1.0497462192752247
2025-03-02 07:45:00,-1.050704959683503
2025-03-02 11:45:00,-1.051731278772019
2025-03-02 15:45:00,-1.0527714447006267
2025-03-02 19:45:00,-1.053788936262954
2025-03-02 23:45:00,-1.0547797234200684
2025-03-03 03:45:00,-1.0557524601139603
2025-03-03 11:45:00,-1.0579488585671661
2025-03-03 15:45:00,-1.0591390924333577
2025-03-03 19:45:00,-1.0602917408503323
2025-03-03 23:45:00,-1.0613774683463018
2025-03-04 03:45:00,-1.0624069643314458
2025-03-04 07:45:00,-1.0634253067426007
2025-03-04 11:45:00,-1.0644546876746825
2025-03-04 15:45:00,-1.0654523572960577
2025-03-04 19:45:00,-1.0662958336963289
2025-03-04 23:45:00,-1.0669473056966632
2025-03-05 03:45:00,-1.0674335316382326
2025-03-05 07:45:00,-1.0678151308059707
2025-03-05 11:45:00,-1.068185881925069
2025-03-05 15:45:00,-1.0685684075474593
2025-03-05 19:45:00,-1.068871756918717
2025-03-05 23:45:00,-1.0691154536317475
2025-03-06 03:45:00,-1.069328141461049
2025-03-06 07:45:00,-1.0695192144797017
2025-03-06 11:45:00,-1.0697578463580266
2025-03-06 15:45:00,-1.0700493552231645
2025-03-06 19:45:00,-1.0702987155533952
2025-03-06 23:45:00,-1.0704632920722341
2025-03-07 03:45:00,-1.0705500791476603
2025-03-07 07:45:00,-1.0705856721079818
2025-03-07 11:45:00,-1.0706601372095963
2025-03-07 15:45:00,-1.0707927928998255
2025-03-07 19:45:00,-1.0708909845361783
2025-03-07 23:45:00,-1.0709399817941043
2025-03-08 03:45:00,-1.0709455067136573
2025-03-08 07:45:00,-1.0709308826485302
2025-03-08 11:45:00,-1.0709575932379283
2025-03-08 15:45:00,-1.0710099926959062
2025-03-08 19:45:00,-1.0709999107363068
2025-03-08 23:45:00,-1.070917349438447
2025-03-09 03:45:00,-1.0707808064888058
2025-03-09 07:45:00,-1.0705798135738531
2025-03-09 11:45:00,-1.070354705843665
2025-03-09 15:45:00,-1.0701245268414703
2025-03-09 19:45:00,-1.0698389269453403
2025-03-09 23:45:00,-1.0694521869278384
2025-03-10 03:45:00,-1.0689715630134662
2025-03-10 07:45:00,-1.068418836334519
2025-03-10 11:45:00,-1.067831732170283
2025-03-10 15:45:00,-1.067278717332001
2025-03-10 19:45:00,-1.066796164952573
2025-03-10 23:45:00,-1.0662873772696022
2025-03-11 03:45:00,-1.065707124784213
2025-03-11 07:45:00,-1.0650671090699941
2025-03-11 11:45:00,-1.0644502463131225
2025-03-11 15:45:00,-1.0638961211877231
2025-03-11 19:45:00,-1.0634440940965848
2025-03-11 23:45:00,-1.0629976081503552
2025-03-12 03:45:00,-1.0624328711732147
2025-03-12 07:45:00,-1.0618059067136687
2025-03-12 11:45:00,-1.0612194197427154
2025-03-12 15:45:00,-1.0607225690949924
2025-03-12 19:45:00,-1.060340375205131
2025-03-12 23:45:00,-1.0599809703439935
2025-03-13 03:45:00,-1.0595217082720239
2025-03-13 07:45:00,-1.058991250234296
2025-03-13 11:45:00,-1.0585378118481203
2025-03-13 15:45:00,-1.058191963424473
2025-03-13 19:45:00,-1.0579456069267426
2025-03-13 23:45:00,-1.0577506837091564
2025-03-14 03:45:00,-1.0575005519164755
2025-03-14 07:45:00,-1.057169183130349
2025-03-14 11:45:00,-1.0568926875908482
2025-03-14 15:45:00,-1.0567541129287388
2025-03-14 19:45:00,-1.0567316915930358
2025-03-14 23:45:00,-1.0568081319699474
2025-03-15 03:45:00,-1.0568852225073015
2025-03-15 07:45:00,-1.0568990822256807
2025-03-15 11:45:00,-1.056965728044434
2025-03-15 15:45:00,-1.0571742660945456
2025-03-15 19:45:00,-1.0575327620819903
2025-03-15 23:45:00,-1.0580303625377858
2025-03-16 03:45:00,-1.0586192994391408
2025-03-16 07:45:00,-1.0592186860619512
2025-03-16 11:45:00,-1.0598349357868748
2025-03-16 15:45:00,-1.0605249666987315
2025-03-16 19:45:00,-1.061332580641594
2025-03-16 23:45:00,-1.0622132842820364
2025-03-17 03:45:00,-1.0631379263677916
2025-03-17 07:45:00,-1.064012882435558
2025-03-17 11:45:00,-1.0647951325628588
2025-03-17 15:45:00,-1.0655469375645288
2025-03-17 19:45:00,-1.0663325772629035
2025-03-17 23:45:00,-1.0671330914193808
2025-03-18 03:45:00,-1.0679656164616929
2025-03-18 07:45:00,-1.0686016227050341
2025-03-18 11:45:00,-1.0692736453154663
2025-03-18 15:45:00,-1.0698857753517137
2025-03-18 19:45:00,-1.0705365025075422
2025-03-18 23:45:00,-1.07123072011189
2025-03-19 03:45:00,-1.071958730250381
2025-03-19 07:45:00,-1.072656157818417
2025-03-19 11:45:00,-1.0732740419376352
2025-03-19 15:45:00,-1.073873870485565
2025-03-19 19:45:00,-1.0745601812035157
2025-03-19 23:45:00,-1.0753472505323312
2025-03-20 03:45:00,-1.0762171103603002
2025-03-20 07:45:00,-1.0771060361793303
2025-03-20 11:45:00,-1.0779791288798861
2025-03-20 15:45:00,-1.078867825042692
2025-03-20 19:45:00,-1.0798402871080295
2025-03-20 23:45:00,-1.080897017825066
2025-03-21 03:45:00,-1.0820011269498888
2025-03-21 07:45:00,-1.0831229975496912
2025-03-21 11:45:00,-1.0842282279216326
2025-03-21 15:45:00,-1.0853478046334106
2025-03-21 19:45:00,-1.0865353508715787
2025-03-21 23:45:00,-1.0878129397208367
2025-03-22 03:45:00,-1.0891440491334492
2025-03-22 07:45:00,-1.090481226665689
2025-03-22 11:45:00,-1.091752510560171
2025-03-22 15:45:00,-1.0929376608497905
2025-03-22 19:45:00,-1.0940923299682161
2025-03-22 23:45:00,-1.0952439333958959
2025-03-23 03:45:00,-1.0963979475146899
2025-03-23 07:45:00,-1.0975260411080716
2025-03-23 11:45:00,-1.098576641418231
2025-03-23 15:45:00,-1.0995725189293541
2025-03-23 19:45:00,-1.100578833631256
2025-03-23 23:45:00,-1.1016526243057756
2025-03-24 03:45:00,-1.1027778922392217
2025-03-24 07:45:00,-1.103953493231012
2025-03-24 11:45:00,-1.1051638106130737
2025-03-24 15:45:00,-1.1063774825328492
2025-03-24 19:45:00,-1.1076207750592644
2025-03-24 23:45:00,-1.1089558329428781
2025-03-25 03:45:00,-1.110409570990862
2025-03-25 07:45:00,-1.111955929091669
2025-03-25 11:45:00,-1.113549598403176
2025-03-25 15:45:00,-1.1151274199640961
2025-03-25 19:45:00,-1.1166348141732525
2025-03-25 23:45:00,-1.118187239227674
2025-03-26 03:45:00,-1.1198778860523237
2025-03-26 07:45:00,-1.1216800573334607
2025-03-26 11:45:00,-1.1234562997279984
2025-03-26 15:45:00,-1.1251535257736966
2025-03-26 19:45:00,-1.1267772393734627
2025-03-26 23:45:00,-1.1284176200617426
2025-03-27 03:45:00,-1.1301770522616248
2025-03-27 07:45:00,-1.132004941146102
2025-03-27 11:45:00,-1.1337201853505592
2025-03-27 15:45:00,-1.135281934839461
2025-03-27 19:45:00,-1.1367507513003237
2025-03-27 23:45:00,-1.1382125460926114
2025-03-28 03:45:00,-1.1397648925030466
2025-03-28 07:45:00,-1.1414019801256723
2025-03-28 11:45:00,-1.1429888630746299
2025-03-28 15:45:00,-1.1444763288818365
2025-03-28 19:45:00,-1.1459058878442097
2025-03-28 23:45:00,-1.1473245572186686
2025-03-29 03:45:00,-1.148819438554526
2025-03-29 07:45:00,-1.1504458242572646
2025-03-29 11:45:00,-1.1520791807073236
2025-03-29 15:45:00,-1.1536110755589344
2025-03-29 19:45:00,-1.155097202386173
2025-03-29 23:45:00,-1.1565531213163525
2025-03-30 03:45:00,-1.1580134712327883
2025-03-30 07:45:00,-1.15956794836998
2025-03-30 11:45:00,-1.1611316170723578
2025-03-30 15:45:00,-1.1626219279641445
2025-03-30 19:45:00,-1.16404087921195
2025-03-30 23:45:00,-1.1653799144998755
2025-03-31 03:45:00,-1.1666382535822788
2025-03-31 07:45:00,-1.1679234598669606
2025-03-31 11:45:00,-1.1692399490556538
2025-03-31 15:45:00,-1.1705230233757364
2025-03-31 19:45:00,-1.1717306114622619
2025-03-31 23:45:00,-1.1728677069514701
2025-04-01 03:45:00,-1.1739333053495127
2025-04-01 07:45:00,-1.1750403021486122
2025-04-01 11:45:00,-1.1762525838281461
2025-04-01 15:45:00,-1.1774961223285354
2025-04-01 19:45:00,-1.1786729416877957
2025-04-01 23:45:00,-1.1798188774694462
2025-04-02 03:45:00,-1.1809420249274345
2025-04-02 07:45:00,-1.182115749501941
2025-04-02 11:45:00,-1.1834186529124269
2025-04-02 15:45:00,-1.1847638156371432
2025-04-02 19:45:00,-1.1860753338449068
2025-04-02 23:45:00,-1.1873641516283566
2025-04-03 03:45:00,-1.1886391263209144
2025-04-03 07:45:00,-1.1899671235212175
2025-04-03 11:45:00,-1.1913841084290482
2025-04-03 15:45:00,-1.1927888886618667
2025-04-03 19:45:00,-1.194104238589282
2025-04-03 23:45:00,-1.1953388432055754
2025-04-04 03:45:00,-1.196483322479907
2025-04-04 07:45:00,-1.1976004238984146
2025-04-04 11:45:00,-1.1986872621286084
2025-04-04 15:45:00,-1.1996674021289975
2025-04-04 19:45:00,-1.2004922530363646
2025-04-04 23:45:00,-1.2011519015829641
2025-04-05 03:45:00,-1.2016449263234679
2025-04-05 07:45:00,-1.202051357634615
2025-04-05 11:45:00,-1.2024152642121977
2025-04-05 15:45:00,-1.2026553319482596
2025-04-05 19:45:00,-1.2027404095109013
2025-04-05 23:45:00,-1.20268945436492
2025-04-06 03:45:00,-1.202512780086212
2025-04-06 07:45:00,-1.2022636511878058
2025-04-06 11:45:00,-1.2020124826961545
2025-04-06 15:45:00,-1.2017677729963467
2025-04-06 19:45:00,-1.2015095928704342
2025-04-06 23:45:00,-1.201206970575644
2025-04-07 03:45:00,-1.2008152269544676
2025-04-07 07:45:00,-1.2003630793449813
2025-04-07 11:45:00,-1.1999277452390538
2025-04-07 15:45:00,-1.199505057586438
2025-04-07 19:45:00,-1.1990400039841276
2025-04-07 23:45:00,-1.1984691483555205
2025-04-08 03:45:00,-1.197777252441376
2025-04-08 07:45:00,-1.1969635210089133
2025-04-08 11:45:00,-1.1960599646772718
2025-04-08 15:45:00,-1.1951103301585235
2025-04-08 19:45:00,-1.1940979286346884
2025-04-08 23:45:00,-1.1929221500968168
2025-04-09 03:45:00,-1.1915366941266314
2025-04-09 07:45:00,-1.1900134950391115
2025-04-09 11:45:00,-1.188426328887143
2025-04-09 15:45:00,-1.1867981533273666
2025-04-09 19:45:00,-1.1851703757943848
2025-04-09 23:45:00,-1.1834383130468153
2025-04-10 03:45:00,-1.18149599741581
2025-04-10 07:45:00,-1.1794235982965962
2025-04-10 11:45:00,-1.1773728857556958
2025-04-10 15:45:00,-1.1754018833661304
2025-04-10 19:45:00,-1.1734996865406595
2025-04-10 23:45:00,-1.1715557309355267
2025-04-11 03:45:00,-1.16949176685744
2025-04-11 07:45:00,-1.1673725884810537
2025-04-11 11:45:00,-1.1653763065979508
2025-04-11 15:45:00,-1.163531500927633
2025-04-11 19:45:00,-1.1617831505967473
2025-04-11 23:45:00,-1.1600539553464557
2025-04-12 03:45:00,-1.1582511951042362
2025-04-12 07:45:00,-1.1563598690023245
2025-04-12 11:45:00,-1.1544898518978572
2025-04-12 15:45:00,-1.1526941455207496
2025-04-12 19:45:00,-1.1509525338621693
2025-04-12 23:45:00,-1.1492299454335844
2025-04-13 03:45:00,-1.147430834795495
2025-04-13 07:45:00,-1.1454813105959256
2025-04-13 11:45:00,-1.1434596240748147
2025-04-13 15:45:00,-1.1414782008645266
2025-04-13 19:45:00,-1.1395357449516232
2025-04-13 23:45:00,-1.1376184035287173
2025-04-14 03:45:00,-1.1356805049554004
2025-04-14 07:45:00,-1.1336127373411649
2025-04-14 11:45:00,-1.1314582543417309
2025-04-14 15:45:00,-1.129314096604331
2025-04-14 19:45:00,-1.1272251399718982
2025-04-14 23:45:00,-1.1252147220636863
2025-04-15 03:45:00,-1.1232770330328552
2025-04-15 07:45:00,-1.1212821741595729
2025-04-15 11:45:00,-1.1192278272764093
2025-04-15 15:45:00,-1.117190642456809
2025-04-15 19:45:00,-1.11522067736885
2025-04-15 23:45:00,-1.1133298768051731
2025-04-16 03:45:00,-1.111506887543618
2025-04-16 07:45:00,-1.1096222219817675
2025-04-16 11:45:00,-1.1076554977232609
2025-04-16 15:45:00,-1.105697384610734
2025-04-16 19:45:00,-1.103836102340515
2025-04-16 23:45:00,-1.102058216830998
2025-04-17 03:45:00,-1.1003139447488528
2025-04-17 07:45:00,-1.0985004884933685
2025-04-17 11:45:00,-1.0966131608403642
2025-04-17 15:45:00,-1.0947208863387807
2025-04-17 19:45:00,-1.0928835734323539
2025-04-17 23:45:00,-1.0910815620064687
2025-04-18 03:45:00,-1.0892637823616094
2025-04-18 07:45:00,-1.0873662082217468
2025-04-18 11:45:00,-1.0853952233848632
2025-04-18 15:45:00,-1.083452761594765
2025-04-18 19:45:00,-1.0815919938592082
2025-04-18 23:45:00,-1.0797940112916102
2025-04-19 03:45:00,-1.0780491324391044
2025-04-19 07:45:00,-1.0763047115374933
2025-04-19 11:45:00,-1.0745529011715302
2025-04-19 15:45:00,-1.0728414049467552
2025-04-19 19:45:00,-1.0712475713165948
2025-04-19 23:45:00,-1.069796178541325
2025-04-20 03:45:00,-1.0684899443716187
2025-04-20 07:45:00,-1.067225432903213
2025-04-20 11:45:00,-1.0659571514674409
2025-04-20 15:45:00,-1.0647125690257067
2025-04-20 19:45:00,-1.0635653192834353
2025-04-20 23:45:00,-1.0625648776320067
2025-04-21 03:45:00,-1.061717531580007
2025-04-21 07:45:00,-1.0609569299855277
2025-04-21 11:45:00,-1.0602192105846293
2025-04-21 15:45:00,-1.0594834055598676
2025-04-21 19:45:00,-1.0587708246267231
2025-04-21 23:45:00,-1.0581791727061178
2025-04-22 03:45:00,-1.0577690995842173
2025-04-22 07:45:00,-1.057481809656995
2025-04-22 11:45:00,-1.057233380882335
2025-04-22 15:45:00,-1.0569615629818374
2025-04-22 19:45:00,-1.0567277683656064
2025-04-22 23:45:00,-1.0566182823328643
2025-04-23 03:45:00,-1.0566731897353225
2025-04-23 07:45:00,-1.0568503980015693
2025-04-23 11:45:00,-1.0570828322294352
2025-04-23 15:45:00,-1.0573289923173173
2025-04-23 19:45:00,-1.0575995636724989
2025-04-23 23:45:00,-1.0580203454760737
2025-04-24 03:45:00,-1.0586549808751644
2025-04-24 07:45:00,-1.059415356791001
2025-04-24 11:45:00,-1.0602148010180799
2025-04-24 15:45:00,-1.0610639298117306
2025-04-24 19:45:00,-1.0619566350925647
2025-04-24 23:45:00,-1.0629639747700548
2025-04-25 03:45:00,-1.0641920717189872
2025-04-25 07:45:00,-1.065534245986419
2025-04-25 11:45:00,-1.0668682872695565
2025-04-25 15:45:00,-1.0681808150969598
2025-04-25 19:45:00,-1.0694679697842793
2025-04-25 23:45:00,-1.0708053178882484
2025-04-26 03:45:00,-1.0722875509390717
2025-04-26 07:45:00,-1.0738679936689974
2025-04-26 11:45:00,-1.0754135628785464
2025-04-26 15:45:00,-1.0769055629383215
2025-04-26 19:45:00,-1.0783550591792115
2025-04-26 23:45:00,-1.0798115763644962
2025-04-27 03:45:00,-1.081379167422564
2025-04-27 07:45:00,-1.0830819385168309
2025-04-27 11:45:00,-1.0848358217434928
2025-04-27 15:45:00,-1.086579770101021
2025-04-27 19:45:00,-1.0883137187615823
2025-04-27 23:45:00,-1.0900327291569414
2025-04-28 03:45:00,-1.091836007398955
2025-04-28 07:45:00,-1.0937800334061902
2025-04-28 11:45:00,-1.095820721537291
2025-04-28 15:45:00,-1.0978469452245234
2025-04-28 19:45:00,-1.0998078537200258
2025-04-28 23:45:00,-1.101703084562935
2025-04-29 03:45:00,-1.1036177053848286
2025-04-29 07:45:00,-1.1056152361011267
2025-04-29 11:45:00,-1.107661898585174
2025-04-29 15:45:00,-1.1096832588816081
2025-04-29 19:45:00,-1.1116145982612908
2025-04-29 23:45:00,-1.113442894962788
2025-04-30 03:45:00,-1.1151863504512927
2025-04-30 07:45:00,-1.1169249917483572
2025-04-30 11:45:00,-1.1186499357077861
2025-04-30 15:45:00,-1.1202846506600364
2025-04-30 19:45:00,-1.1217832437542046
2025-04-30 23:45:00,-1.123153216525854
2025-05-01 03:45:00,-1.1244395811850876
2025-05-01 07:45:00,-1.1257573679057915
2025-05-01 11:45:00,-1.1270964451689995
2025-05-01 15:45:00,-1.1283138783774194
2025-05-01 19:45:00,-1.1293742027658744
2025-05-01 23:45:00,-1.1302921693776367
2025-05-02 03:45:00,-1.131109230634515
2025-05-02 07:45:00,-1.1319531388957549
2025-05-02 11:45:00,-1.1328171034701782
2025-05-02 15:45:00,-1.133597729138737
2025-05-02 19:45:00,-1.1342316547738416
2025-05-02 23:45:00,-1.134770412545586
2025-05-03 03:45:00,-1.1352749781722546
2025-05-03 07:45:00,-1.1358164229598953
2025-05-03 11:45:00,-1.1364007959334148
2025-05-03 15:45:00,-1.136948058316224
2025-05-03 19:45:00,-1.1374178588955035
2025-05-03 23:45:00,-1.1378358947796567
2025-05-04 03:45:00,-1.138235532316782
2025-05-04 07:45:00,-1.1386622120652192
2025-05-04 11:45:00,-1.1391524216491573
2025-05-04 15:45:00,-1.139712276831619
2025-05-04 19:45:00,-1.140249285186727
2025-05-04 23:45:00,-1.1407198806718137
2025-05-05 03:45:00,-1.141133209704102
2025-05-05 07:45:00,-1.1415632957270812
2025-05-05 11:45:00,-1.1420522192800946
2025-05-05 15:45:00,-1.1426570408537309
2025-05-05 19:45:00,-1.1434052380233803
2025-05-05 23:45:00,-1.1441369776789958
2025-05-06 03:45:00,-1.143561245259156
2025-05-06 07:45:00,-1.1422125640708127
2025-05-06 11:45:00,-1.1408517161021607
2025-05-06 15:45:00,-1.1395376743995818
2025-05-06 19:45:00,-1.138262130062578
2025-05-06 23:45:00,-1.1368603513925564
2025-05-07 03:45:00,-1.1353088748092497
2025-05-07 07:45:00,-1.1337187426281363
2025-05-07 11:45:00,-1.1321228810729012
2025-05-07 15:45:00,-1.1306214104967764
2025-05-07 19:45:00,-1.1291851899528265
2025-05-07 23:45:00,-1.1276676852148277
2025-05-08 03:45:00,-1.1260396050488581
2025-05-08 07:45:00,-1.1244085817208254
2025-05-08 11:45:00,-1.1227952371572933
2025-05-08 15:45:00,-1.12124437440433
2025-05-08 19:45:00,-1.119777937041744
2025-05-08 23:45:00,-1.1182522859062838
2025-05-09 03:45:00,-1.116628196459224
2025-05-09 07:45:00,-1.1150056073962566
2025-05-09 11:45:00,-1.1134252855373452
2025-05-09 15:45:00,-1.1118865853407343
2025-05-09 19:45:00,-1.1103886737955981
2025-05-09 23:45:00,-1.1088523152027823
2025-05-10 03:45:00,-1.1071993912586613
2025-05-10 07:45:00,-1.1055083883505021
2025-05-10 11:45:00,-1.1038288878284457
2025-05-10 15:45:00,-1.102166771266105
2025-05-10 19:45:00,-1.100537868100987
2025-05-10 23:45:00,-1.0989003683024132
2025-05-11 03:45:00,-1.0971436070155582
2025-05-11 07:45:00,-1.095269342832728
2025-05-11 11:45:00,-1.0933809159801917
2025-05-11 15:45:00,-1.0915048922705193
2025-05-11 19:45:00,-1.0896463021199776
2025-05-11 23:45:00,-1.0877760718782366
2025-05-12 03:45:00,-1.0857755235065971
2025-05-12 07:45:00,-1.0835893477794019
2025-05-12 11:45:00,-1.0813094527888365
2025-05-12 15:45:00,-1.0790457673270137
2025-05-12 19:45:00,-1.0767939048260853
2025-05-12 23:45:00,-1.0745851233870503
2025-05-13 03:45:00,-1.0723226658375007
2025-05-13 07:45:00,-1.0699097187296194
2025-05-13 11:45:00,-1.0674051357515846
2025-05-13 15:45:00,-1.0649716550825934
2025-05-14 07:45:00,-1.058030915816504
2025-05-14 11:45:00,-1.0558530525533634
2025-05-14 15:45:00,-1.053788160840908
2025-05-14 19:45:00,-1.0518678333300957
2025-05-14 23:45:00,-1.0500747337537168
2025-05-15 03:45:00,-1.0484087223292098
2025-05-15 07:45:00,-1.0468082843806377
2025-05-15 11:45:00,-1.0452692679437976
2025-05-15 15:45:00,-1.0438974236430894
2025-05-15 19:45:00,-1.0426981835536866
2025-05-15 23:45:00,-1.0416232090402027
2025-05-16 03:45:00,-1.0406390920069433
2025-05-16 07:45:00,-1.0396493213772344
2025-05-16 11:45:00,-1.0386298687773385
2025-05-16 15:45:00,-1.0377363860058686
2025-05-16 19:45:00,-1.0369945942924954
2025-05-16 23:45:00,-1.036358482922643
2025-05-17 03:45:00,-1.035804430411268
2025-05-17 07:45:00,-1.0352299591067944
2025-05-17 11:45:00,-1.034590313671438
2025-05-17 15:45:00,-1.0339976120213228
2025-05-17 19:45:00,-1.0335413321356823
2025-05-17 23:45:00,-1.0331744820234015
2025-05-18 03:45:00,-1.0328488855073232
2025-05-18 07:45:00,-1.0325052872330884
2025-05-18 11:45:00,-1.0320939241078089
2025-05-18 15:45:00,-1.031644309157177
2025-05-18 19:45:00,-1.0312506909174302
2025-05-18 23:45:00,-1.0308984600550584
2025-05-19 03:45:00,-1.0305420598414325
2025-05-19 07:45:00,-1.0301569380086932
2025-05-19 11:45:00,-1.0296792098914886
2025-05-19 15:45:00,-1.0290506271116637
2025-05-19 19:45:00,-1.028392314260902
2025-05-19 23:45:00,-1.0277784810529629
2025-05-20 03:45:00,-1.0271974255407323
2025-05-20 07:45:00,-1.0265898535336324
2025-05-20 11:45:00,-1.0258830980947906
2025-05-20 15:45:00,-1.0249938611110183
2025-05-20 19:45:00,-1.0237740509731714
2025-05-20 23:45:00,-1.0224406021122352
2025-05-21 03:45:00,-1.02371154434423
2025-05-21 07:45:00,-1.02651924673565
2025-05-21 11:45:00,-1.0292755973445806
2025-05-21 15:45:00,-1.031935186724502
2025-05-21 19:45:00,-1.034524347989828
2025-05-21 23:45:00,-1.0372168664227506
2025-05-22 03:45:00,-1.0400034432192868
2025-05-22 07:45:00,-1.0427357737160363
2025-05-22 11:45:00,-1.0454052339983053
2025-05-22 15:45:00,-1.047956941834335
2025-05-22 19:45:00,-1.0504023014233315
2025-05-22 23:45:00,-1.052879330174517
2025-05-23 03:45:00,-1.0554470708693164
2025-05-23 07:45:00,-1.0579753506034635
2025-05-23 11:45:00,-1.0604605585285245
2025-05-23 15:45:00,-1.0628852477694573
2025-05-23 19:45:00,-1.0652351218112797
2025-05-23 23:45:00,-1.0676270910074706
2025-05-24 03:45:00,-1.0700998089931235
2025-05-24 07:45:00,-1.0725496167112716
2025-05-24 11:45:00,-1.0749496079822483
2025-05-24 15:45:00,-1.0773190099466188
2025-05-24 19:45:00,-1.0796735920609426
2025-05-24 23:45:00,-1.0820457699615205
2025-05-25 03:45:00,-1.0844888500464998
2025-05-25 07:45:00,-1.0869799116514707
2025-05-25 11:45:00,-1.0894895959410578
2025-05-25 15:45:00,-1.0919724592721378
2025-05-25 19:45:00,-1.0944061107390108
2025-05-25 23:45:00,-1.0968136563525768
2025-05-26 03:45:00,-1.0992832429284853
2025-05-26 07:45:00,-1.1018372792074387
2025-05-26 11:45:00,-1.1043723230706444
2025-05-26 15:45:00,-1.1068495410826802
2025-05-26 19:45:00,-1.1092810171865057
2025-05-26 23:45:00,-1.1116859668755301
2025-05-27 03:45:00,-1.114167804983035
2025-05-27 07:45:00,-1.1168051582489906
2025-05-27 11:45:00,-1.1194907851562728
2025-05-27 15:45:00,-1.122106835247751
2025-05-27 19:45:00,-1.1246879690766636
2025-05-27 23:45:00,-1.127219758264698
2025-05-28 03:45:00,-1.129797414404066
2025-05-28 07:45:00,-1.1325257369936106
2025-05-28 11:45:00,-1.1353032968764154
2025-05-28 15:45:00,-1.1379769032642784
2025-05-28 19:45:00,-1.1388948148858886
2025-05-28 23:45:00,-1.1397638870779732
2025-05-29 03:45:00,-1.1406269109695808
2025-05-29 07:45:00,-1.1429102771859063
2025-05-29 11:45:00,-1.1451469106038674
2025-05-29 15:45:00,-1.1472345718955217
2025-05-29 19:45:00,-1.1491640516389465
2025-05-29 23:45:00,-1.150954269668293
2025-05-30 03:45:00,-1.1526354069724511
2025-05-30 07:45:00,-1.1542806785905642
2025-05-30 11:45:00,-1.155885230542699
2025-05-30 15:45:00,-1.1573072811889429
2025-05-30 19:45:00,-1.1585599461362341
2025-05-30 23:45:00,-1.1597046481878368
2025-05-31 03:45:00,-1.1607638420626347
2025-05-31 07:45:00,-1.1618388914126412
2025-05-31 11:45:00,-1.162966283828698
2025-05-31 15:45:00,-1.1640241370997564
2025-05-31 19:45:00,-1.1649661615358176
2025-05-31 23:45:00,-1.1658511701059304
2025-06-01 03:45:00,-1.1667236722996899
2025-06-01 07:45:00,-1.167627276047855
2025-06-01 11:45:00,-1.1686170318319142
2025-06-01 15:45:00,-1.1696185457084112
2025-06-01 19:45:00,-1.170543644273995
2025-06-01 23:45:00,-1.1714078435110271
2025-06-02 03:45:00,-1.172277831803688
2025-06-02 07:45:00,-1.1731878573841965
2025-06-02 11:45:00,-1.174201594537358
2025-06-02 15:45:00,-1.175313431151112
2025-06-02 19:45:00,-1.1763759910690552
2025-06-02 23:45:00,-1.177402879546224
2025-06-03 03:45:00,-1.1784774512384655
2025-06-03 07:45:00,-1.1795898644688085
2025-06-03 11:45:00,-1.1807969124792104
2025-06-03 15:45:00,-1.1821247923591838
2025-06-03 19:45:00,-1.1834326529763022
2025-06-03 23:45:00,-1.18468429111893
2025-06-04 03:45:00,-1.1859386261798912
2025-06-04 07:45:00,-1.1872368468433558
2025-06-04 11:45:00,-1.1886298271850582
2025-06-04 15:45:00,-1.1901867651038451
2025-06-04 19:45:00,-1.1919396362102426
2025-06-04 23:45:00,-1.1937614166688337
2025-06-05 03:45:00,-1.194373865503549
2025-06-05 07:45:00,-1.194318456745165
2025-06-05 11:45:00,-1.194381911849375
2025-06-05 15:45:00,-1.1945891375988689
2025-06-05 19:45:00,-1.1948668129810285
2025-06-05 23:45:00,-1.195089785295559
2025-06-06 03:45:00,-1.1953229655850819
2025-06-06 07:45:00,-1.1956524285102696
2025-06-06 11:45:00,-1.1960751624847412
2025-06-06 15:45:00,-1.196628330265822
2025-06-06 19:45:00,-1.1972438419795501
2025-06-06 23:45:00,-1.197841103550817
2025-06-07 03:45:00,-1.1984048035082213
2025-06-07 07:45:00,-1.1990069517568274
2025-06-07 11:45:00,-1.1996877207892176
2025-06-07 15:45:00,-1.20045617553575
2025-06-07 19:45:00,-1.201261725308911
2025-06-07 23:45:00,-1.2020314630672093
2025-06-08 03:45:00,-1.2027199400949065
2025-06-08 07:45:00,-1.203362947287286
2025-06-08 11:45:00,-1.2040119217052057
2025-06-08 15:45:00,-1.2046656850053084
2025-06-08 19:45:00,-1.205274016991459
2025-06-08 23:45:00,-1.2058429413628764
2025-06-09 03:45:00,-1.2063248336260535
2025-06-09 07:45:00,-1.2067028977276637
2025-06-09 11:45:00,-1.2070438649339568
2025-06-09 15:45:00,-1.2074226503730348
2025-06-09 19:45:00,-1.2078414840474472
2025-06-09 23:45:00,-1.2082818387696108
2025-06-10 03:45:00,-1.2086700914938435
2025-06-10 07:45:00,-1.2089934612473927
2025-06-10 11:45:00,-1.2093593208224207
2025-06-10 15:45:00,-1.2098268754521313
2025-06-10 19:45:00,-1.2103689508825088
2025-06-10 23:45:00,-1.210965783877923
2025-06-11 03:45:00,-1.2115367289055718
2025-06-11 07:45:00,-1.2120319402924065
2025-06-11 11:45:00,-1.2125315921825508
2025-06-11 15:45:00,-1.2131004906776919
2025-06-11 19:45:00,-1.2136929526846392
2025-06-11 23:45:00,-1.2143186147122846
2025-06-12 03:45:00,-1.2149010267732085
2025-06-12 07:45:00,-1.2153828655240617
2025-06-12 11:45:00,-1.2158508652628037
2025-06-12 15:45:00,-1.2163649185801717
2025-06-12 19:45:00,-1.2169450836287719
2025-06-12 23:45:00,-1.2175669314244086
2025-06-13 03:45:00,-1.2181688654308864
2025-06-13 07:45:00,-1.218722925939508
2025-06-13 11:45:00,-1.2192862772644515
2025-06-13 15:45:00,-1.21993283306208
2025-06-13 19:45:00,-1.2206721001077676
2025-06-13 23:45:00,-1.221505513773369
2025-06-14 03:45:00,-1.2223735737974828
2025-06-14 07:45:00,-1.2232311951957973
2025-06-14 11:45:00,-1.2240834095538455
2025-06-14 15:45:00,-1.2250514855740513
2025-06-14 19:45:00,-1.2261584129798166
2025-06-14 23:45:00,-1.2273654081820256
2025-06-15 03:45:00,-1.2286351739343695
2025-06-15 07:45:00,-1.2298696826571593
2025-06-15 11:45:00,-1.2310386084669132
2025-06-15 15:45:00,-1.2322567934327107
2025-06-15 19:45:00,-1.2335728692809214
2025-06-15 23:45:00,-1.234945201799168
2025-06-16 03:45:00,-1.2363351036623058
2025-06-16 07:45:00,-1.23769456123713
2025-06-16 11:45:00,-1.2389810791069304
2025-06-16 15:45:00,-1.2402730147623133
2025-06-16 19:45:00,-1.2416321675130355
2025-06-16 23:45:00,-1.24305163967379
2025-06-17 03:45:00,-1.2444636073954096
2025-06-17 07:45:00,-1.2458118635380706
2025-06-17 11:45:00,-1.2470409385736327
2025-06-17 15:45:00,-1.2481932177306325
2025-06-17 19:45:00,-1.249405406587885
2025-06-17 23:45:00,-1.2506734830522277
2025-06-18 03:45:00,-1.2518864058007437
2025-06-18 07:45:00,-1.2530374404969513
2025-06-18 11:45:00,-1.2540995508917216
2025-06-18 15:45:00,-1.2551332692933055
2025-06-18 19:45:00,-1.2562584909199903
2025-06-18 23:45:00,-1.257468812090421
2025-06-19 03:45:00,-1.2586964469957531
2025-06-19 07:45:00,-1.259910503067072
2025-06-19 11:45:00,-1.2610811758075704
2025-06-19 15:45:00,-1.2621941939664663
2025-06-19 19:45:00,-1.2633083817431074
2025-06-19 23:45:00,-1.2644457979112347
2025-06-20 03:45:00,-1.2655507254506047
2025-06-20 07:45:00,-1.26658385599091
2025-06-20 11:45:00,-1.267540146460993
2025-06-20 15:45:00,-1.2684369499667292
2025-06-20 19:45:00,-1.2693243608315012
2025-06-20 23:45:00,-1.2702524937534345
2025-06-21 03:45:00,-1.2711661319784924
2025-06-21 07:45:00,-1.2720477486781552
2025-06-21 11:45:00,-1.2728836814004572
2025-06-21 15:45:00,-1.2736327168993338
2025-06-21 19:45:00,-1.2743915674213477
2025-06-21 23:45:00,-1.2751824012251518
2025-06-22 03:45:00,-1.2759798499951671
2025-06-22 07:45:00,-1.276774820363582
2025-06-22 11:45:00,-1.2775073761595632
2025-06-22 15:45:00,-1.2781317698007841
2025-06-22 19:45:00,-1.278727472160831
2025-06-22 23:45:00,-1.2793339876478957
2025-06-23 03:45:00,-1.2799653533470394
2025-06-23 07:45:00,-1.2806495741443908
2025-06-23 11:45:00,-1.2813140972593575
2025-06-23 15:45:00,-1.2819188809765705
2025-06-23 19:45:00,-1.2825468035100254
2025-06-23 23:45:00,-1.2832116074234776
2025-06-24 03:45:00,-1.2839240114180224
2025-06-24 07:45:00,-1.28469383180062
2025-06-24 11:45:00,-1.2854435572703717
2025-06-24 15:45:00,-1.2861046302252113
2025-06-24 19:45:00,-1.2867192900261255
2025-06-24 23:45:00,-1.287333378793596
2025-06-25 03:45:00,-1.2880065842503943
2025-06-25 07:45:00,-1.2887191972261458
2025-06-25 11:45:00,-1.2893881843196728
2025-06-25 15:45:00,-1.2899446455200398
2025-06-25 19:45:00,-1.2904050368484759
2025-06-25 23:45:00,-1.2908097478823886
2025-06-26 03:45:00,-1.2912414544959805
2025-06-26 07:45:00,-1.2916814186799268
2025-06-26 11:45:00,-1.2920756563561755
2025-06-26 15:45:00,-1.2923831893935114
2025-06-26 19:45:00,-1.2926180293994418
2025-06-26 23:45:00,-1.2928028929893476
2025-06-27 03:45:00,-1.2930153908677557
2025-06-27 07:45:00,-1.2932545713453114
2025-06-27 11:45:00,-1.2934666512055237
2025-06-27 15:45:00,-1.2936172779137654
2025-06-27 19:45:00,-1.2936918352043183
2025-06-27 23:45:00,-1.2937000892204977
2025-06-28 03:45:00,-1.293705360421534
2025-06-28 07:45:00,-1.2937088848958962
2025-06-28 11:45:00,-1.2936946682840074
2025-06-28 15:45:00,-1.2936120450220405
2025-06-28 19:45:00,-1.2934340850141175
2025-06-28 23:45:00,-1.293145611328569
2025-06-29 03:45:00,-1.2928336305840151
2025-06-29 07:45:00,-1.2925334579635255
2025-06-29 11:45:00,-1.292244385897887
2025-06-29 15:45:00,-1.2918809719587174
2025-06-29 19:45:00,-1.2913960899142107
2025-06-29 23:45:00,-1.2908250571073248
2025-06-30 03:45:00,-1.2902272465551294
2025-06-30 07:45:00,-1.289676885781013
2025-06-30 11:45:00,-1.2892000223558437
2025-06-30 15:45:00,-1.288668365566006
2025-06-30 19:45:00,-1.2880289597836292
2025-06-30 23:45:00,-1.2873163110750812
2025-07-01 03:45:00,-1.2865411689558852
2025-07-01 07:45:00,-1.2857817021198967
2025-07-01 11:45:00,-1.285080207809256
2025-07-01 15:45:00,-1.284340094884643
2025-07-01 19:45:00,-1.2835101781015261
2025-07-01 23:45:00,-1.2826299252767197
2025-07-02 03:45:00,-1.281741508481822
2025-07-02 07:45:00,-1.2809119798062067
2025-07-02 11:45:00,-1.2801789361906126
2025-07-02 15:45:00,-1.2795026560264768
2025-07-02 19:45:00,-1.2787867545957212
2025-07-02 23:45:00,-1.2780478807120395
2025-07-03 03:45:00,-1.2773818406975646
2025-07-03 07:45:00,-1.2767910176222184
2025-07-03 11:45:00,-1.2762904398991863
2025-07-03 15:45:00,-1.2758124198290615
2025-07-03 19:45:00,-1.2752480330819895
2025-07-03 23:45:00,-1.2746191130138536
2025-07-04 03:45:00,-1.2739576843265297
2025-07-04 07:45:00,-1.2732867892968536
2025-07-04 11:45:00,-1.2726520867496853
2025-07-04 15:45:00,-1.2720371926254823
2025-07-04 19:45:00,-1.2713652184436395
2025-07-04 23:45:00,-1.270635725203393
2025-07-05 03:45:00,-1.269866686397227
2025-07-05 07:45:00,-1.2691037888497056
2025-07-05 11:45:00,-1.268416762383857
2025-07-05 15:45:00,-1.2677590432353332
2025-07-05 19:45:00,-1.2670815607624129
2025-07-05 23:45:00,-1.2663639242873819
2025-07-06 03:45:00,-1.2656150830536
2025-07-06 07:45:00,-1.2648453578177472
2025-07-06 11:45:00,-1.2641290482056888
2025-07-06 15:45:00,-1.2634897866480512
2025-07-06 19:45:00,-1.2628361419411838
2025-07-06 23:45:00,-1.2621434151519497
2025-07-07 03:45:00,-1.2614056957006046
2025-07-07 07:45:00,-1.2606362330682301
2025-07-07 11:45:00,-1.2599250207918256
2025-07-07 15:45:00,-1.2593337411684706
2025-07-07 19:45:00,-1.2587653850682172
2025-07-07 23:45:00,-1.2581745172991088
2025-07-08 03:45:00,-1.2575724882905102
2025-07-08 07:45:00,-1.256940621434378
2025-07-08 11:45:00,-1.2563844501386578
2025-07-08 15:45:00,-1.2559403608025785
2025-07-08 19:45:00,-1.255512297378832
2025-07-08 23:45:00,-1.2550611343252918
2025-07-09 03:45:00,-1.2545717419942715
2025-07-09 07:45:00,-1.254077396329045
2025-07-09 11:45:00,-1.2536649545802003
2025-07-09 15:45:00,-1.2533746418841571
2025-07-09 19:45:00,-1.2531604583692653
2025-07-09 23:45:00,-1.2529586127586367
2025-07-10 03:45:00,-1.2527261865675279
2025-07-10 07:45:00,-1.2524821133595994
2025-07-10 11:45:00,-1.2522827971545694
2025-07-10 15:45:00,-1.252182823106403
2025-07-10 19:45:00,-1.252181130942022
2025-07-10 23:45:00,-1.2522398553973577
2025-07-11 03:45:00,-1.252277424432443
2025-07-11 07:45:00,-1.2523168736388628
2025-07-11 11:45:00,-1.2523982748528337
2025-07-11 15:45:00,-1.2525736041356068
2025-07-11 19:45:00,-1.252835985476083
2025-07-11 23:45:00,-1.2531245469538592
2025-07-12 03:45:00,-1.2533728422277703
2025-07-12 07:45:00,-1.2535785321126922
2025-07-12 11:45:00,-1.253776894865522
2025-07-12 15:45:00,-1.254063063496308
2025-07-12 19:45:00,-1.2544459194290065
2025-07-12 23:45:00,-1.2549146890226153
2025-07-13 03:45:00,-1.2553841130539698
2025-07-13 07:45:00,-1.2558117615825812
2025-07-13 11:45:00,-1.256226306416453
2025-07-13 15:45:00,-1.2567061350166682
2025-07-13 19:45:00,-1.2572696048026903
2025-07-13 23:45:00,-1.2579317165106287
2025-07-14 03:45:00,-1.2586066668618938
2025-07-14 07:45:00,-1.259216781955497
2025-07-14 11:45:00,-1.2597955475893177
2025-07-14 15:45:00,-1.2604634600578597
2025-07-14 19:45:00,-1.2612419054923687
2025-07-14 23:45:00,-1.2620923819712668
2025-07-15 03:45:00,-1.2629737641434113
2025-07-15 07:45:00,-1.2638097217003756
2025-07-15 11:45:00,-1.2645769262609072
2025-07-15 15:45:00,-1.265444869942378
2025-07-15 19:45:00,-1.2664680463751492
2025-07-15 23:45:00,-1.2675794581220508
2025-07-16 03:45:00,-1.268781815823468
2025-07-16 07:45:00,-1.2699999668135549
2025-07-16 11:45:00,-1.2711745787239552
2025-07-16 15:45:00,-1.2724177116088473
2025-07-16 19:45:00,-1.2737879382082202
2025-07-16 23:45:00,-1.2752099739466336
2025-07-17 03:45:00,-1.2766740267264614
2025-07-17 07:45:00,-1.2781363173104439
2025-07-17 11:45:00,-1.2795527536955928
2025-07-17 15:45:00,-1.2809718179622427
2025-07-17 19:45:00,-1.2824581992824897
2025-07-17 23:45:00,-1.2839640773867156
2025-07-18 03:45:00,-1.285440830911414
2025-07-18 07:45:00,-1.2869173978296273
2025-07-18 11:45:00,-1.2883607297857105
2025-07-18 15:45:00,-1.2898230486021265
2025-07-18 19:45:00,-1.2914149711079344
2025-07-18 23:45:00,-1.2930839890374566
2025-07-19 03:45:00,-1.2947871694992703
2025-07-19 07:45:00,-1.2965228764528332
2025-07-19 11:45:00,-1.2982443416195437
2025-07-19 15:45:00,-1.2999776002929602
2025-07-19 19:45:00,-1.301837794720424
2025-07-19 23:45:00,-1.3038096883352845
2025-07-20 03:45:00,-1.3058370525904963
2025-07-20 07:45:00,-1.3078872611526298
2025-07-20 11:45:00,-1.3098607357123395
2025-07-20 15:45:00,-1.3117948442600085
2025-07-20 19:45:00,-1.313766036762542
2025-07-20 23:45:00,-1.315795643022218
2025-07-21 03:45:00,-1.317845404920145
2025-07-21 07:45:00,-1.3198774162015696
2025-07-21 11:45:00,-1.3218031758959523
2025-07-21 15:45:00,-1.323632395506046
2025-07-21 19:45:00,-1.3254585548747226
2025-07-21 23:45:00,-1.3273479471149752
2025-07-22 03:45:00,-1.3292779947370086
2025-07-22 07:45:00,-1.3312045227562255
2025-07-22 11:45:00,-1.3330484043974262
2025-07-22 15:45:00,-1.334764701092213
2025-07-22 19:45:00,-1.3364679650899227
2025-07-22 23:45:00,-1.3382350420787263
2025-07-23 03:45:00,-1.340031373050833
2025-07-23 07:45:00,-1.3418384563411618
2025-07-23 11:45:00,-1.3435794693250944
2025-07-23 15:45:00,-1.3452172144968066
2025-07-23 19:45:00,-1.3468315473515566
2025-07-23 23:45:00,-1.348472812201675
2025-07-24 03:45:00,-1.3501661467996486
2025-07-24 07:45:00,-1.3518392634946967
2025-07-24 11:45:00,-1.3534066822797137
2025-07-24 15:45:00,-1.3548221707166443
2025-07-24 19:45:00,-1.3560805929612016
2025-07-24 23:45:00,-1.3572430768280268
2025-07-25 03:45:00,-1.3583804619494204
2025-07-25 07:45:00,-1.3594708964692053
2025-07-25 11:45:00,-1.3604663178867638
2025-07-25 15:45:00,-1.3613176451229927
2025-07-25 19:45:00,-1.361980053129996
2025-07-25 23:45:00,-1.362489008356324
2025-07-26 03:45:00,-1.3629300118965062
2025-07-26 07:45:00,-1.3633080244134363
2025-07-26 11:45:00,-1.3636088039623941
2025-07-26 15:45:00,-1.3637791695093533
2025-07-26 19:45:00,-1.3638225557707158
2025-07-26 23:45:00,-1.3637897328947015
2025-07-27 03:45:00,-1.3637469335674552
2025-07-27 07:45:00,-1.363744626583888
2025-07-27 11:45:00,-1.3637717341062454
2025-07-27 15:45:00,-1.3637102421014373
2025-07-27 19:45:00,-1.363561240857747
2025-07-27 23:45:00,-1.363354974893078
2025-07-28 03:45:00,-1.3631756266088964
2025-07-28 07:45:00,-1.3631117299412667
2025-07-28 11:45:00,-1.3631008470224029
2025-07-28 15:45:00,-1.3630298543631403
2025-07-28 19:45:00,-1.3628964491297253
2025-07-28 23:45:00,-1.362713889275304
2025-07-29 03:45:00,-1.3625425199821786
2025-07-29 07:45:00,-1.3624553739344518
2025-07-29 11:45:00,-1.3624130523362343
2025-07-29 15:45:00,-1.3622759785514085
2025-07-29 19:45:00,-1.3620359755286808
2025-07-29 23:45:00,-1.3617216096964404
2025-07-30 03:45:00,-1.3613472607082036
2025-07-30 07:45:00,-1.3609723498391118
2025-07-30 11:45:00,-1.360641471399307
2025-07-30 15:45:00,-1.3602118392972684
2025-07-30 19:45:00,-1.3596315395216176
2025-07-30 23:45:00,-1.3589852742137647
2025-07-31 03:45:00,-1.358268457644165
2025-07-31 07:45:00,-1.3575056948392135
2025-07-31 11:45:00,-1.3567836033028742
2025-07-31 15:45:00,-1.3560219908283169
2025-07-31 19:45:00,-1.355156296964049
2025-07-31 23:45:00,-1.354251549344152
2025-08-01 03:45:00,-1.3533134059766794
2025-08-01 07:45:00,-1.352377596386658
2025-08-01 11:45:00,-1.3515193828574295
2025-08-01 15:45:00,-1.3506759435724003
2025-08-01 19:45:00,-1.349779682566952
2025-08-01 23:45:00,-1.348842751371552
2025-08-02 03:45:00,-1.3478987825229856
2025-08-02 07:45:00,-1.3469518604207038
2025-08-02 11:45:00,-1.3460694445927301
2025-08-02 15:45:00,-1.3452042105020445
2025-08-02 19:45:00,-1.344235949720554
2025-08-02 23:45:00,-1.3431579227839654
2025-08-03 03:45:00,-1.3420290590952233
2025-08-03 07:45:00,-1.3408785130481222
2025-08-03 11:45:00,-1.339789315515748
2025-08-03 15:45:00,-1.338725141644298
2025-08-03 19:45:00,-1.337550614536757
2025-08-03 23:45:00,-1.3362322683742984
2025-08-04 03:45:00,-1.334826928197664
2025-08-04 07:45:00,-1.3334068799920864
2025-08-04 11:45:00,-1.332076619379347
2025-08-04 15:45:00,-1.3307925658643216
2025-08-04 19:45:00,-1.3294898782676283
2025-08-04 23:45:00,-1.3280914419349141
2025-08-05 03:45:00,-1.326628940660337
2025-08-05 07:45:00,-1.32520639161162
2025-08-05 11:45:00,-1.3238944667112518
2025-08-05 15:45:00,-1.322642396182996
2025-08-05 19:45:00,-1.3213893140908033
2025-08-05 23:45:00,-1.3200518396755199
2025-08-06 03:45:00,-1.3186461037365504
2025-08-06 07:45:00,-1.3172470099003455
2025-08-06 11:45:00,-1.3159137116274469
2025-08-06 15:45:00,-1.3146594098038655
2025-08-06 19:45:00,-1.3134133696636772
2025-08-06 23:45:00,-1.3121032232213843
2025-08-07 03:45:00,-1.3107337051664631
2025-08-07 07:45:00,-1.3093320137518676
2025-08-07 11:45:00,-1.307973262255188
2025-08-07 15:45:00,-1.306701053997946
2025-08-07 19:45:00,-1.305438576505261
2025-08-07 23:45:00,-1.304154679496003
2025-08-08 03:45:00,-1.3028288291368
2025-08-08 07:45:00,-1.3014853953491399
2025-08-08 11:45:00,-1.3002192334733282
2025-08-08 15:45:00,-1.299067867181918
2025-08-08 19:45:00,-1.2980277826233932
2025-08-08 23:45:00,-1.2970691447156297
2025-08-09 03:45:00,-1.2961004622685062
