Record Time,Area (m^2),Area MA (m^2)
2022-09-01 20:30:00,808048.5932542039,808048.5932542039
2022-09-02 00:30:00,808029.7390899785,808039.1661720912
2022-09-02 04:30:00,808013.3338149929,808030.5553863918
2022-09-02 12:30:00,807981.3847148056,808018.2627184952
2022-09-02 16:30:00,807820.8172735366,807978.7736295036
2022-09-02 20:30:00,808078.8113768272,807995.4465873907
2022-09-03 00:30:00,808024.470119747,807999.5928062989
2022-09-03 08:30:00,807955.3079540712,807994.0571997704
2022-09-03 12:30:00,808020.5215344909,807996.997681406
2022-09-03 20:30:00,807544.4222088135,807951.7401341468
2022-09-04 00:30:00,808013.8231375936,807957.3840435509
2022-09-04 08:30:00,807849.3954743996,807948.3849961217
2022-09-04 16:30:00,807842.2518506082,807940.2209080053
2022-09-04 20:30:00,807816.8022799253,807931.4052917139
2022-09-05 00:30:00,807602.2541698614,807909.4618835903
2022-09-05 04:30:00,807728.769820298,807898.1686296345
2022-09-05 08:30:00,807626.7078679181,807882.2003495336
2022-09-05 12:30:00,807732.3399507917,807873.8747718257
2022-09-05 20:30:00,807925.0831371781,807876.5699489495
2022-09-06 00:30:00,808414.0554380696,807903.4442234056
2022-09-06 04:30:00,807886.2138414029,807902.6237290244
2022-09-06 08:30:00,807545.7414594868,807886.4018076819
2022-09-06 12:30:00,807709.2597512907,807878.6999791431
2022-09-06 16:30:00,807898.4136269203,807879.5213811338
2022-09-06 20:30:00,807622.5223250083,807869.2414188887
2022-09-07 00:30:00,807834.1842746887,807867.8930671888
2022-09-07 04:30:00,808134.574474879,807877.7701563626
2022-09-07 08:30:00,807756.7380098351,807873.4475797007
2022-09-07 12:30:00,807866.71399153,807873.2153870052
2022-09-07 20:30:00,807388.9433681222,807857.0729863758
2022-09-08 00:30:00,807521.8905663063,807846.2606502445
2022-09-08 04:30:00,807551.1141138226,807837.0373209814
2022-09-08 08:30:00,807636.193862944,807830.9511555863
2022-09-08 12:30:00,807676.7144815525,807826.4147828206
2022-09-08 16:30:00,808248.7306421435,807838.4809502298
2022-09-08 20:30:00,807824.9098602731,807838.1039755088
2022-09-09 00:30:00,807605.00921909,807831.8041172272
2022-09-09 04:30:00,807770.4167129293,807830.1886592194
2022-09-09 08:30:00,807772.083135997,807828.6987740085
2022-09-09 12:30:00,807678.7532415298,807824.9501356966
2022-09-09 16:30:00,808009.7950153038,807829.4585473943
2022-09-09 20:30:00,807799.1170875198,807828.736131683
2022-09-10 00:30:00,807498.2835926973,807821.051188916
2022-09-10 04:30:00,808072.9980449723,807826.7772538263
2022-09-10 08:30:00,808191.3407052163,807834.8786638571
2022-09-10 12:30:00,807556.7040682106,807828.8313900388
2022-09-10 16:30:00,807705.7105853944,807826.2117984506
2022-09-10 20:30:00,807475.1516035013,807818.8980443892
2022-09-11 00:30:00,807683.0347756762,807816.1253246195
2022-09-11 04:30:00,807652.786403885,807812.8585462049
2022-09-11 08:30:00,807771.8324121977,807812.0541122046
2022-09-11 12:30:00,807709.7039789599,807810.0858404115
2022-09-11 16:30:00,807900.8545499428,807811.7984575725
2022-09-11 20:30:00,807603.0519802806,807807.9327820671
2022-09-12 00:30:00,807781.051567526,807807.4440327118
2022-09-12 04:30:00,807383.1961504131,807799.8681776708
2022-09-12 08:30:00,807697.6020001465,807798.0740342054
2022-09-12 12:30:00,807720.2098106747,807796.7315475928
2022-09-12 16:30:00,807769.3526031572,807796.2674976871
2022-09-12 20:30:00,807586.7491788162,807792.7755257059
2022-09-13 00:30:00,807949.0109489774,807795.336762153
2022-09-13 04:30:00,807874.7136973474,807796.6170353012
2022-09-13 08:30:00,807884.0610245592,807798.0050351308
2022-09-13 12:30:00,807748.9998723539,807797.2393294624
2022-09-13 16:30:00,807769.9951261111,807796.8201878723
2022-09-13 20:30:00,808028.3869031157,807800.328774467
2022-09-14 00:30:00,807881.3076035251,807801.5374137067
2022-09-14 04:30:00,807866.0132315451,807802.4855874984
2022-09-14 08:30:00,807928.817342719,807804.3164825016
2022-09-14 12:30:00,807834.8540059162,807804.7527328361
2022-09-14 16:30:00,807666.251847329,807802.8020161388
2022-09-14 20:30:00,807667.0099076662,807800.9160146322
2022-09-15 00:30:00,807807.907507819,807801.0117885115
2022-09-15 04:30:00,807574.2603173441,807797.9475794416
2022-09-15 08:30:00,807574.035424508,807794.9620840425
2022-09-15 12:30:00,807686.2686270239,807793.5319069765
2022-09-15 16:30:00,807472.7477034343,807789.3658783591
2022-09-15 20:30:00,807672.2787764511,807787.8647616679
2022-09-16 00:30:00,808054.0804333421,807791.2345802967
2022-09-16 04:30:00,807498.0571204525,807787.5698620487
2022-09-16 12:30:00,807985.6203385188,807790.0149296594
2022-09-16 16:30:00,807613.5875436135,807787.863376171
2022-09-16 20:30:00,807736.1472385782,807787.240290176
2022-09-17 00:30:00,808003.4527399492,807789.8142479113
2022-09-17 12:30:00,807942.7065350163,807791.6129807008
2022-09-17 16:30:00,807591.9816298547,807789.2916859236
2022-09-17 20:30:00,807555.9146147592,807786.6091908526
2022-09-18 00:30:00,807719.7878460987,807785.8498573896
2022-09-18 04:30:00,807774.5436617514,807785.7228214835
2022-09-18 08:30:00,807968.6609494017,807787.7554673493
2022-09-18 16:30:00,807844.4917306707,807788.3789427704
2022-09-18 20:30:00,807505.5093240688,807785.3042730018
2022-09-19 00:30:00,807929.7045558194,807786.8569642149
2022-09-19 04:30:00,807849.3766535614,807787.5220672932
2022-09-19 12:30:00,808027.9300735401,807790.0526778852
2022-09-19 16:30:00,808040.3099785608,807792.6595247672
2022-09-20 00:30:00,807848.461198306,807793.2347997522
2022-09-20 08:30:00,808119.4022221185,807796.5630387559
2022-09-20 12:30:00,808061.4013148248,807799.2381728576
2022-09-20 16:30:00,807960.7168314826,807800.8529594439
2022-09-20 20:30:00,807737.5181293777,807800.2258819186
2022-09-21 00:30:00,807763.8185264689,807799.8689470611
2022-09-21 04:30:00,807691.4032801241,807798.8158823336
2022-09-21 08:30:00,807836.3359731686,807799.1766524378
2022-09-21 12:30:00,808015.0534881601,807801.2326223019
2022-09-21 16:30:00,807889.3010706294,807802.06345672
2022-09-21 20:30:00,807642.16589978,807800.569087029
2022-09-22 00:30:00,807621.4034191631,807798.9101456598
2022-09-22 08:30:00,807760.2050173038,807798.5550527391
2022-09-22 12:30:00,807708.2084670559,807797.733720142
2022-09-22 16:30:00,807747.7057759544,807797.2830179421
2022-09-22 20:30:00,807834.9751922996,807797.6195552133
2022-09-23 00:30:00,807913.309300028,807798.6433582646
2022-09-23 04:30:00,807961.2761344496,807800.0699615645
2022-09-23 08:30:00,807988.7148933582,807801.7103522756
2022-09-23 12:30:00,807699.0126014632,807800.8250268376
2022-09-23 16:30:00,807948.6187394266,807802.0882209623
2022-09-23 20:30:00,807829.0758129397,807802.316929369
2022-09-24 00:30:00,807711.7912249058,807801.5562091634
2022-09-24 04:30:00,807587.6756927297,807799.7738715265
2022-09-24 08:30:00,807755.2737467376,807799.4061019
2022-09-24 12:30:00,807864.7090914975,807799.9413723067
2022-09-24 16:30:00,807892.1227121346,807800.6908140938
2022-09-24 20:30:00,807624.9761941897,807799.2737607075
2022-09-25 04:30:00,807662.4537424906,807798.1792005617
2022-09-25 08:30:00,807462.4145593126,807795.5144018218
2022-09-25 12:30:00,807507.3778315821,807793.24560993
2022-09-25 16:30:00,807540.635710535,807791.2720950911
2022-09-25 20:30:00,807345.855865181,807787.8192560995
2022-09-26 00:30:00,807603.3694251033,807786.4004112456
2022-09-26 04:30:00,807881.2719947738,807787.1246218069
2022-09-26 08:30:00,807788.1832699318,807787.1326418685
2022-09-26 12:30:00,807839.8779317143,807787.5292229952
2022-09-26 20:30:00,807703.4764284848,807786.9019633346
2022-09-27 00:30:00,807627.2636047938,807785.7194569751
2022-09-27 04:30:00,807989.4502154692,807787.2174772582
2022-09-27 12:30:00,807660.4524300015,807786.2921849424
2022-09-27 16:30:00,807839.0817781573,807786.6747182265
2022-09-27 20:30:00,807908.2212566929,807787.5491537552
2022-09-28 00:30:00,807671.9991794203,807786.7237967955
2022-09-28 04:30:00,807916.8793206777,807787.6468856174
2022-09-28 08:30:00,807659.6860213834,807786.7457527707
2022-09-28 12:30:00,807829.5355173987,807787.044981894
2022-09-28 16:30:00,808032.3551644007,807788.7485248281
2022-09-29 00:30:00,807814.8861557187,807788.9287843514
2022-09-29 04:30:00,807912.3552647679,807789.7741712036
2022-09-29 08:30:00,807750.2568144912,807789.5053456477
2022-09-29 12:30:00,807718.2703992375,807789.0240284423
2022-09-29 16:30:00,808076.0160054485,807790.9501490933
2022-09-29 20:30:00,808028.300377908,807792.532483952
2022-09-30 00:30:00,808025.7272463803,807794.0768201271
2022-09-30 04:30:00,807839.9894737753,807794.378877059
2022-09-30 08:30:00,807917.8886238763,807795.1861303062
2022-09-30 12:30:00,807988.5687735924,807796.441861756
2022-09-30 16:30:00,807838.1678135105,807796.7110614448
2022-09-30 20:30:00,807590.1384611336,807795.3868781095
2022-10-01 00:30:00,807436.7408535868,807793.1025085265
2022-10-01 04:30:00,807931.516699472,807793.9785477098
2022-10-01 08:30:00,807956.4400066411,807795.0003178917
2022-10-01 12:30:00,807991.2367669315,807796.2267956983
2022-10-01 16:30:00,807848.7843489327,807796.5532401282
2022-10-01 20:30:00,807841.7164631871,807795.2682911156
2022-10-02 00:30:00,807574.8478953717,807792.442879969
2022-10-02 04:30:00,807478.3268960268,807789.1198556277
2022-10-02 08:30:00,807706.5005850806,807788.6098601304
2022-10-02 12:30:00,807831.1492503816,807787.6824807205
2022-10-02 16:30:00,807740.0668160543,807787.1840211063
2022-10-02 20:30:00,807913.8948879058,807786.1660180883
2022-10-03 00:30:00,807691.0293769916,807784.1077418985
2022-10-03 08:30:00,807894.1638285398,807783.7303090248
2022-10-03 12:30:00,807964.3057007473,807783.3832977054
2022-10-03 16:30:00,807739.0857943197,807783.1115338809
2022-10-03 20:30:00,807957.5671776582,807785.6461655917
2022-10-04 00:30:00,807935.9881957475,807785.168650611
2022-10-04 04:30:00,807637.2782553111,807784.2668799079
2022-10-04 08:30:00,807806.4180485479,807784.0048224332
2022-10-04 12:30:00,807931.0007675283,807784.895706949
2022-10-04 16:30:00,807421.8916623604,807782.3480694444
2022-10-04 20:30:00,807521.4607606357,807780.5581208427
2022-10-05 00:30:00,807669.5386248901,807780.9659054186
2022-10-05 04:30:00,807960.7980917667,807782.372137367
2022-10-05 08:30:00,808022.583933825,807784.7713862512
2022-10-05 12:30:00,808084.5190999275,807786.9058053369
2022-10-05 16:30:00,807622.0140921881,807785.9124817636
2022-10-05 20:30:00,807560.2623318715,807783.7147660691
2022-10-06 00:30:00,807421.1637035018,807777.7334905596
2022-10-06 04:30:00,807584.1189474951,807775.9136418012
2022-10-06 08:30:00,808205.1921902278,807779.8862365646
2022-10-06 12:30:00,807647.3963970026,807779.5135657557
2022-10-06 16:30:00,807844.4461527902,807779.1884604899
2022-10-06 20:30:00,807724.3970902683,807779.8021638951
2022-10-07 00:30:00,807561.0727303067,807778.1569136278
2022-10-07 04:30:00,807503.958849537,807774.3580243184
2022-10-07 08:30:00,807379.5980698753,807772.0860969692
2022-10-07 12:30:00,807732.2648771831,807771.2761625454
2022-10-07 16:30:00,807814.5808543485,807771.5354720772
2022-10-07 20:30:00,807906.872653682,807774.6368450446
2022-10-08 00:30:00,807697.9574990248,807775.691138055
2022-10-08 04:30:00,807712.3078336116,807776.6563699099
2022-10-08 08:30:00,807691.0142874261,807776.9846359249
2022-10-08 12:30:00,807764.6349749166,807777.511105945
2022-10-08 16:30:00,807673.9356072485,807774.0692195084
2022-10-08 20:30:00,807630.9718913714,807772.9079143056
2022-10-09 00:30:00,807732.0868327699,807773.6688580998
2022-10-09 04:30:00,807715.1062421706,807773.3376576763
2022-10-09 08:30:00,807648.3977066742,807772.5970263629
2022-10-09 12:30:00,807618.9437698893,807772.2388858142
2022-10-09 16:30:00,807739.615603083,807770.6210450223
2022-10-09 20:30:00,807592.1764304639,807769.3818794113
2022-10-10 00:30:00,807717.9377627705,807770.6971738429
2022-10-10 04:30:00,807811.3668575414,807769.130520026
2022-10-10 08:30:00,807744.5453674553,807766.4550988417
2022-10-10 12:30:00,807687.670396727,807767.2393283539
2022-10-10 16:30:00,807615.837123931,807766.7011639138
2022-10-10 20:30:00,807479.1433047566,807766.7250663167
2022-10-11 00:30:00,807609.469893573,807766.2845580407
2022-10-11 04:30:00,807653.0832113182,807766.2863353306
2022-10-11 08:30:00,807836.0845276954,807766.6710785372
2022-10-11 12:30:00,807846.2094834022,807767.4884767673
2022-10-11 16:30:00,807677.4540061053,807766.1507489599
2022-10-11 20:30:00,808011.0486457183,807768.593842765
2022-10-12 00:30:00,807588.8083227267,807767.4426856105
2022-10-12 04:30:00,807770.4953704922,807769.7618426171
2022-10-12 12:30:00,807770.1275017357,807770.4972494454
2022-10-12 16:30:00,807623.8316359516,807769.620617113
2022-10-12 20:30:00,807613.2677631463,807769.7803676209
2022-10-13 00:30:00,807571.5398659286,807767.506445434
2022-10-13 04:30:00,807760.6028006723,807766.8190303937
2022-10-13 08:30:00,807919.8778322621,807767.0347942956
2022-10-13 12:30:00,807956.5513972339,807768.2851046863
2022-10-13 16:30:00,807739.9200888686,807768.1039297631
2022-10-13 20:30:00,807788.7389327417,807766.660267291
2022-10-14 00:30:00,808028.1334152865,807767.544760133
2022-10-14 04:30:00,807595.4641946368,807765.9149466576
2022-10-14 08:30:00,807908.867539301,807765.7947671189
2022-10-14 12:30:00,808101.646853779,807767.4019529495
2022-10-14 16:30:00,807723.9297863095,807767.7494104132
2022-10-14 20:30:00,807648.1564999286,807767.6358356677
2022-10-15 00:30:00,807760.2098618506,807767.3485004511
2022-10-15 04:30:00,807741.933888809,807768.358582207
2022-10-15 08:30:00,807718.2130927356,807769.2271223769
2022-10-15 12:30:00,807944.6673733527,807770.7837413308
2022-10-15 16:30:00,807894.0103723158,807773.3214682518
2022-10-15 20:30:00,808097.131169543,807775.8808200173
2022-10-16 00:30:00,807863.5585940717,807774.733098094
2022-10-16 04:30:00,807850.7786161699,807776.8579263814
2022-10-16 08:30:00,807682.6615344071,807776.29387613
2022-10-16 12:30:00,807783.9610533045,807775.0863355002
2022-10-16 16:30:00,807682.8330224616,807775.500979086
2022-10-16 20:30:00,808104.3590633981,807777.7058403126
2022-10-17 00:30:00,807764.867323226,807776.2771851226
2022-10-17 04:30:00,808183.5891649162,807778.7016611928
2022-10-17 08:30:00,807662.572997274,807778.0145093353
2022-10-17 12:30:00,807836.7428841476,807777.387505484
2022-10-17 16:30:00,807871.0106940987,807779.0385650358
2022-10-17 20:30:00,807584.2056517317,807779.2059676213
2022-10-18 00:30:00,807523.9910237971,807778.0474065428
2022-10-18 04:30:00,807599.5471305221,807777.0119241092
2022-10-18 08:30:00,807752.3493534583,807775.7319738372
2022-10-18 12:30:00,807699.7094509489,807775.2847825262
2022-10-18 16:30:00,807931.1744132597,807775.7946806592
2022-10-18 20:30:00,807749.1984876642,807777.2281463274
2022-10-19 00:30:00,807648.1134613776,807775.5717281249
2022-10-19 04:30:00,807669.2387634144,807774.5120934768
2022-10-19 08:30:00,808058.9693166562,807776.1755860101
2022-10-19 12:30:00,807408.1587537111,807772.5511923268
2022-10-19 16:30:00,807753.4332656495,807770.873550731
2022-10-19 20:30:00,807860.0353816694,807771.3919334691
2022-10-20 00:30:00,807538.2604510152,807769.5884407521
2022-10-20 04:30:00,807650.473863912,807768.8999171867
2022-10-20 08:30:00,807533.292883566,807765.5120019349
2022-10-20 12:30:00,807548.5378774767,807762.5474733954
2022-10-20 16:30:00,807673.6604012285,807760.8881876713
2022-10-20 20:30:00,807611.8490926145,807760.1617770541
2022-10-21 00:30:00,807699.5614961236,807759.7903491331
2022-10-21 04:30:00,807531.2459743355,807758.8645843597
2022-10-21 08:30:00,807594.6217306443,807757.4673922063
2022-10-21 12:30:00,808237.6226901799,807758.7539193857
2022-10-21 16:30:00,807624.1324957375,807757.2211530568
2022-10-21 20:30:00,807824.6373789315,807758.2759014913
2022-10-22 00:30:00,807990.1109970897,807760.407159167
2022-10-22 04:30:00,807774.9891079952,807760.4909634707
2022-10-22 08:30:00,807680.0785103979,807760.0304663046
2022-10-22 12:30:00,807994.2663955919,807761.6744773882
2022-10-22 16:30:00,807743.0343429509,807761.647630072
2022-10-22 20:30:00,807798.2998573158,807761.4368522847
2022-10-23 00:30:00,807825.6918472162,807760.9333037052
2022-10-23 04:30:00,807555.7178349646,807758.6025088808
2022-10-23 08:30:00,807927.1614142644,807758.2487532537
2022-10-23 12:30:00,807985.7401358122,807759.8966126466
2022-10-23 16:30:00,807695.5064604564,807758.4419443767
2022-10-23 20:30:00,807954.1039180699,807759.1604967049
2022-10-24 00:30:00,807837.8823319031,807759.8851582394
2022-10-24 04:30:00,807812.7156777618,807761.1784914867
2022-10-24 08:30:00,807827.0869875085,807761.5912112612
2022-10-24 12:30:00,807916.796282849,807761.8905629356
2022-10-24 16:30:00,807979.7390774348,807762.394105265
2022-10-24 20:30:00,807795.0177988595,807763.3713558665
2022-10-25 00:30:00,807648.9430047141,807762.7174795744
2022-10-25 04:30:00,807744.1526971274,807763.1843307435
2022-10-25 08:30:00,808156.0995618091,807767.1482450436
2022-10-25 12:30:00,808225.8304970277,807771.2536888461
2022-10-25 16:30:00,807924.916621767,807773.4495797675
2022-10-25 20:30:00,807998.9934949507,807777.1817947947
2022-10-26 00:30:00,807795.6434817598,807778.2805036899
2022-10-26 04:30:00,808037.3533152798,807779.1723969498
2022-10-26 08:30:00,807999.3763322931,807780.3792144493
2022-10-26 12:30:00,807723.9413740649,807779.7167198341
2022-10-26 16:30:00,807983.6461542877,807780.8754098025
2022-10-26 20:30:00,808213.4348283614,807783.7729007109
2022-10-27 00:30:00,808065.2597043499,807786.2615149129
2022-10-27 04:30:00,807902.9703975284,807785.770152311
2022-10-27 08:30:00,807645.3328328771,807784.9767211276
2022-10-27 12:30:00,807584.6969901415,807784.5487242923
2022-10-27 16:30:00,807649.510163014,807783.4776982182
2022-10-27 20:30:00,807816.5174153517,807782.9595974196
2022-10-28 00:30:00,807936.4282898444,807784.453547196
2022-10-28 04:30:00,807885.447601217,807784.27596686
2022-10-28 08:30:00,807991.5357282385,807786.150823961
2022-10-28 12:30:00,807858.982535901,807786.3171912971
2022-10-28 16:30:00,807822.1673994546,807785.1296898003
2022-10-28 20:30:00,807874.0642553964,807785.6293221914
2022-10-29 00:30:00,807983.3590091269,807786.5757988958
2022-10-29 04:30:00,807580.0191981677,807784.7087423418
2022-10-29 08:30:00,807422.563213274,807782.867767054
2022-10-29 12:30:00,807492.2081795874,807781.5977545842
2022-10-29 16:30:00,807696.8842938321,807779.467801148
2022-10-29 20:30:00,807709.1802459024,807777.6749914177
2022-10-30 00:30:00,807975.5553454661,807777.3931268059
2022-10-30 04:30:00,807820.8823583658,807777.285783461
2022-10-30 08:30:00,807925.8173914988,807777.3303270991
2022-10-30 12:30:00,807731.3409727241,807775.8852270942
2022-10-30 16:30:00,807797.110604619,807775.6545686172
2022-10-30 20:30:00,807537.3396505571,807775.3579460861
2022-10-31 00:30:00,807593.3358784145,807776.2376934164
2022-10-31 04:30:00,807858.3115774451,807775.8264286862
2022-10-31 08:30:00,808041.3416718843,807776.3034043335
2022-10-31 12:30:00,807755.8713732045,807774.9811268407
2022-10-31 16:30:00,807525.0234874252,807773.1622455962
2022-10-31 20:30:00,807929.528904543,807773.6555739184
2022-11-01 00:30:00,807752.0241337336,807774.650946044
2022-11-01 04:30:00,807551.4083272209,807775.0615158823
2022-11-01 08:30:00,807889.0158166559,807776.0868823518
2022-11-01 12:30:00,807727.0365327538,807775.5019794438
2022-11-01 16:30:00,807822.6793686656,807775.9660949077
2022-11-01 20:30:00,808047.3197237037,807776.7156726371
2022-11-02 00:30:00,808268.4326008372,807779.9595109733
2022-11-02 04:30:00,808056.8436718076,807781.5063498606
2022-11-02 08:30:00,808064.4147720096,807782.4574724499
2022-11-02 12:30:00,807823.6661566292,807781.6717766726
2022-11-02 16:30:00,807653.211350122,807781.1920311742
2022-11-02 20:30:00,807678.3843824816,807779.6323507543
2022-11-03 00:30:00,807635.6721143844,807777.9546072829
2022-11-03 04:30:00,807676.4915181578,807778.1736757905
2022-11-03 08:30:00,807747.633074315,807777.8452681133
2022-11-03 12:30:00,807800.1116332166,807777.1140438992
2022-11-03 16:30:00,807657.4095049357,807778.4297860366
2022-11-03 20:30:00,807687.9904834705,807779.3601196837
2022-11-04 00:30:00,807722.3606098093,807779.6552145714
2022-11-04 04:30:00,807794.4315901131,807778.7257927745
2022-11-04 08:30:00,807814.2600374876,807777.5619721246
2022-11-04 12:30:00,808048.6421840645,807777.361542427
2022-11-04 16:30:00,807910.3524700204,807778.9723713534
2022-11-04 20:30:00,808096.6629836815,807781.9690230396
2022-11-05 00:30:00,807695.5642553385,807783.5019870164
2022-11-05 04:30:00,807836.3027770449,807784.910835226
2022-11-05 08:30:00,807979.7471890035,807783.6513659455
2022-11-05 12:30:00,807866.4647449027,807784.8752114645
2022-11-05 16:30:00,807515.0600185225,807783.0350654632
2022-11-05 20:30:00,807737.7594776746,807783.109715672
2022-11-06 00:30:00,807930.7773587094,807785.1751046575
2022-11-06 04:30:00,807789.4735167378,807786.7701586641
2022-11-06 08:30:00,807612.7597750447,807788.0727380227
2022-11-06 12:30:00,807458.8343856379,807786.5451933772
2022-11-06 16:30:00,807522.387665144,807784.9128291917
2022-11-06 20:30:00,807236.6295003283,807781.1684540333
2022-11-07 00:30:00,807691.6332707534,807781.133123149
2022-11-07 04:30:00,807400.4073630458,807779.3906624197
2022-11-07 08:30:00,807803.614412154,807780.0197133959
2022-11-07 12:30:00,807950.2841547038,807781.0568596516
2022-11-07 16:30:00,807346.6856954695,807779.228647854
2022-11-07 20:30:00,807699.2391468612,807779.6100291695
2022-11-08 00:30:00,807574.9332581846,807778.732076239
2022-11-08 04:30:00,807634.7500683651,807778.2831590668
2022-11-08 08:30:00,807564.5165248256,807777.8145491123
2022-11-08 12:30:00,807702.3532928305,807778.2805241009
2022-11-08 16:30:00,807925.9153330312,807779.321304715
2022-11-08 20:30:00,807981.4506414938,807781.4960209777
2022-11-09 00:30:00,807589.6675165547,807780.7794274235
2022-11-09 04:30:00,808003.6471843893,807781.8536191935
2022-11-09 08:30:00,807828.7435450185,807782.3240000738
2022-11-09 12:30:00,807799.5875344666,807782.9492354803
2022-11-09 16:30:00,807810.7029090693,807784.0378711513
2022-11-09 20:30:00,807893.9063363879,807786.3549830599
2022-11-10 00:30:00,807899.2899391402,807787.9740894596
2022-11-10 04:30:00,808127.6965769185,807790.625560776
2022-11-10 08:30:00,807862.3721816365,807790.7724191779
2022-11-10 12:30:00,807902.9428125519,807791.0893651507
2022-11-10 16:30:00,808033.8849853195,807793.0805996715
2022-11-10 20:30:00,807829.5970545834,807792.0669036317
2022-11-11 00:30:00,807854.8868418211,807793.5533758054
2022-11-11 04:30:00,807829.1776215961,807793.8812096104
2022-11-11 08:30:00,807813.0985565394,807793.9879726488
2022-11-11 12:30:00,807806.3526312367,807794.1892233683
2022-11-11 16:30:00,807843.1870800055,807795.4078647243
2022-11-11 20:30:00,807712.8053467219,807795.9608512996
2022-11-12 00:30:00,808044.6086491336,807798.5890112062
2022-11-12 04:30:00,807791.7716758463,807798.762171624
2022-11-12 08:30:00,808102.4046054232,807799.7762092525
2022-11-12 12:30:00,807897.636074934,807799.4489019065
2022-11-12 16:30:00,807868.6080390903,807800.1638349635
2022-11-12 20:30:00,807944.9321764173,807801.031575206
2022-11-13 00:30:00,807979.7335015656,807800.7626867964
2022-11-13 04:30:00,807815.0755499584,807801.9827498815
2022-11-13 08:30:00,807887.5742887538,807801.8644540451
2022-11-13 12:30:00,807890.5461020487,807800.691672091
2022-11-13 16:30:00,807865.5240831485,807801.4783070737
2022-11-13 20:30:00,807872.3739985375,807802.7239598435
2022-11-14 00:30:00,807847.6955372931,807803.2099913738
2022-11-14 04:30:00,807631.8729387067,807802.598541651
2022-11-14 08:30:00,808189.6526572959,807805.217650343
2022-11-14 12:30:00,808011.7672664032,807805.5904275266
2022-11-14 16:30:00,807877.613817592,807805.499335556
2022-11-14 20:30:00,807819.4676242727,807803.9567603045
2022-11-15 00:30:00,807590.0526759694,807802.4372829816
2022-11-15 04:30:00,807695.520801484,807801.5747395667
2022-11-15 08:30:00,807796.9377945011,807802.2096076783
2022-11-15 12:30:00,807812.0687931619,807802.3657617887
2022-11-15 16:30:00,807635.2939618734,807802.1016558965
2022-11-15 20:30:00,807801.3348077681,807800.4181878096
2022-11-16 00:30:00,807774.7408381331,807800.4730406703
2022-11-16 04:30:00,807798.8290124607,807798.3354842678
2022-11-16 08:30:00,807698.1359782616,807798.5330563843
2022-11-16 12:30:00,807798.8430989138,807798.3225020218
2022-11-16 16:30:00,807727.8827625827,807797.5273468468
2022-11-16 20:30:00,807799.7036792878,807798.724558111
2022-11-17 00:30:00,807704.0540303522,807799.7249081475
2022-11-17 04:30:00,807919.3456728136,807801.5015667159
2022-11-17 08:30:00,807737.0679928877,807801.4166702683
2022-11-17 12:30:00,807810.382732316,807802.0315218313
2022-11-17 16:30:00,807681.9339892776,807800.6468528092
2022-11-17 20:30:00,807649.0835827814,807800.0906588932
2022-11-18 00:30:00,807739.4277087267,807800.5979602673
2022-11-18 04:30:00,807894.0495929504,807801.8469093203
2022-11-18 08:30:00,807808.5816766239,807800.4558668757
2022-11-18 12:30:00,807763.145179849,807802.4280136875
2022-11-18 16:30:00,807692.5005524226,807802.089498614
2022-11-18 20:30:00,807801.5074354602,807801.7643433573
2022-11-19 00:30:00,807573.152768746,807801.9581895671
2022-11-19 04:30:00,807594.567241942,807801.6475972227
2022-11-19 08:30:00,807820.9254955144,807803.2455561778
2022-11-19 12:30:00,807913.0464624783,807805.2706038724
2022-11-19 16:30:00,807660.4650033817,807805.1972961066
2022-11-19 20:30:00,807651.3566447978,807805.4167825077
2022-11-20 00:30:00,807756.5988720682,807805.7336568183
2022-11-20 04:30:00,807611.1271182536,807806.1774409512
2022-11-20 08:30:00,807714.1343173679,807806.8413997665
2022-11-20 12:30:00,807857.0330973435,807804.7270131396
2022-11-20 16:30:00,807514.120697505,807804.1158364827
2022-11-20 20:30:00,807600.3242597965,807802.8696524875
2022-11-21 00:30:00,807687.217748048,807801.1869122151
2022-11-21 04:30:00,807798.0277666319,807801.3149047631
2022-11-21 08:30:00,807845.0596844992,807802.2314668414
2022-11-21 12:30:00,807924.9464958948,807801.8463562875
2022-11-21 16:30:00,807748.734746869,807801.8780251981
2022-11-21 20:30:00,807855.8714730092,807802.1978675076
2022-11-22 00:30:00,807967.4826110974,807802.9855939735
2022-11-22 04:30:00,807949.1293224924,807805.1712133487
2022-11-22 08:30:00,807694.9100787337,807803.8809281513
2022-11-22 12:30:00,807790.7195431541,807802.7974804143
2022-11-22 16:30:00,807811.6471314663,807803.4427063644
2022-11-22 20:30:00,807898.6177689707,807803.1344499807
2022-11-23 00:30:00,807594.3652712539,807801.7815774214
2022-11-23 04:30:00,807768.5440794085,807801.5361796528
2022-11-23 08:30:00,807867.2220404623,807801.7591521692
2022-11-23 12:30:00,807924.7204565153,807801.8031753561
2022-11-23 16:30:00,807835.4037749546,807801.0013125646
2022-11-23 20:30:00,807915.269681218,807801.6693785778
2022-11-24 00:30:00,807931.8531303407,807803.2411014979
2022-11-24 04:30:00,807747.5875651472,807803.2601840979
2022-11-24 08:30:00,807818.5955324307,807801.3851617126
2022-11-24 12:30:00,807818.8602292977,807799.1242157806
2022-11-24 16:30:00,807448.4620738263,807796.4772460699
2022-11-24 20:30:00,807917.5776207091,807796.0249356574
2022-11-25 00:30:00,807842.9791741737,807796.2879117264
2022-11-25 04:30:00,807722.2238520837,807794.5371924866
2022-11-25 08:30:00,807812.7498953345,807793.5003789478
2022-11-25 12:30:00,807753.7072243796,807793.6657447828
2022-11-25 16:30:00,807997.5106100513,807793.742769537
2022-11-25 20:30:00,808157.5874183758,807793.4325061484
2022-11-26 00:30:00,808008.7302802141,807793.1184537921
2022-11-26 04:30:00,807742.7229988287,807792.228190466
2022-11-26 08:30:00,807961.2397155545,807793.983228703
2022-11-26 12:30:00,807729.9207581197,807794.790027414
2022-11-26 16:30:00,807668.5172122122,807794.8956221318
2022-11-26 20:30:00,807483.157828882,807793.0436244293
2022-11-27 00:30:00,807578.3509515482,807791.0543058829
2022-11-27 04:30:00,807427.677357036,807788.5111378599
2022-11-27 08:30:00,807710.8358880926,807786.9516943034
2022-11-27 12:30:00,807705.5502070852,807786.0992924767
2022-11-27 16:30:00,807976.7436548015,807786.9580494508
2022-11-27 20:30:00,807895.8924565903,807787.0793172353
2022-11-28 00:30:00,807909.9600235543,807786.6715450933
2022-11-28 04:30:00,807482.6188272483,807786.1304319215
2022-11-28 08:30:00,807859.051933049,807788.5553692536
2022-11-28 12:30:00,807422.8813777609,807788.1702203546
2022-11-28 16:30:00,807772.5931910134,807788.5908253388
2022-11-28 20:30:00,807667.7352797082,807788.3605755266
2022-11-29 00:30:00,807598.393372487,807786.2652312324
2022-11-29 04:30:00,807618.3546182548,807785.1400771205
2022-11-29 08:30:00,807952.7595789908,807785.28975594
2022-11-29 12:30:00,807477.0236230984,807783.8768817754
2022-11-29 16:30:00,807264.594230959,807780.9184574772
2022-11-29 20:30:00,807579.4297757806,807781.1522915064
2022-11-30 00:30:00,807677.7535966125,807781.6212788298
2022-11-30 04:30:00,807729.7755249826,807780.9071896492
2022-11-30 08:30:00,807519.1789680347,807778.0062857389
2022-11-30 12:30:00,807835.5915570853,807778.4491756494
2022-11-30 16:30:00,807503.4256101731,807778.3291874423
2022-11-30 20:30:00,807561.5233715528,807776.2847122593
2022-12-01 00:30:00,807297.0730543855,807773.7572062628
2022-12-01 04:30:00,807635.9942525389,807774.2271280701
2022-12-01 08:30:00,807674.4062431921,807773.034852662
2022-12-01 12:30:00,807650.166632678,807772.6077976616
2022-12-01 16:30:00,807644.5235495038,807771.6180431108
2022-12-01 20:30:00,807640.1374550749,807769.355919396
2022-12-02 00:30:00,807811.0674498646,807766.8150018908
2022-12-02 04:30:00,807878.7582728772,807765.8256385633
2022-12-02 08:30:00,807792.812302956,807764.3167359574
2022-12-02 12:30:00,807820.2226710547,807764.297605482
2022-12-02 16:30:00,807560.3254655073,807763.7815727898
2022-12-02 20:30:00,807495.9124391469,807762.7678397712
2022-12-03 00:30:00,807595.2331990812,807762.5431791308
2022-12-03 04:30:00,807712.8731609961,807762.7452993686
2022-12-03 08:30:00,807812.0697928338,807763.1032811382
2022-12-03 12:30:00,807874.9578357926,807763.5190933747
2022-12-03 16:30:00,807816.7950777555,807764.4045687792
2022-12-03 20:30:00,807505.6037718528,807763.3913092703
2022-12-04 00:30:00,807630.5886688239,807762.8814651538
2022-12-04 04:30:00,808050.1919955029,807764.3023562948
2022-12-04 08:30:00,807856.6214293723,807764.5376973607
2022-12-04 12:30:00,807816.6828421011,807763.2490343499
2022-12-04 16:30:00,807833.7690342683,807762.8235708181
2022-12-04 20:30:00,807758.8018715698,807760.9465646396
2022-12-05 00:30:00,807741.0736734943,807761.1993947403
2022-12-05 04:30:00,807879.2225179002,807761.4378377453
2022-12-05 08:30:00,807891.7714442946,807760.9490836079
2022-12-05 12:30:00,807669.7461144883,807759.8562023279
2022-12-05 16:30:00,807707.6645878324,807760.9262277128
2022-12-05 20:30:00,807822.6138340781,807761.397640804
2022-12-06 00:30:00,807652.9424110077,807759.8541133167
2022-12-06 04:30:00,807896.9265747715,807760.4510747503
2022-12-06 08:30:00,807770.6634526745,807761.3283174038
2022-12-06 12:30:00,807898.3227861738,807763.7699196289
2022-12-06 16:30:00,807803.7628293424,807765.3331149856
2022-12-06 20:30:00,807735.4018640647,807768.1040725618
2022-12-07 00:30:00,807714.9660824185,807768.2336992935
2022-12-07 04:30:00,808054.5223498762,807771.8676714423
2022-12-07 08:30:00,807952.5708226053,807772.6952070561
2022-12-07 12:30:00,807855.4136609482,807772.1681487575
2022-12-07 16:30:00,808010.9797283246,807775.8586711622
2022-12-07 20:30:00,808077.7558387973,807777.961541673
2022-12-08 00:30:00,807823.653554904,807779.3433210991
2022-12-08 04:30:00,808026.2546645766,807781.5183466336
2022-12-08 08:30:00,807979.7086578117,807783.8249695947
2022-12-08 12:30:00,807808.0354631374,807784.412092763
2022-12-08 16:30:00,808006.7877499952,807784.8613839684
2022-12-08 20:30:00,807813.5938557158,807783.9288462697
2022-12-09 00:30:00,807737.4264710754,807784.7497293503
2022-12-09 04:30:00,807854.285036843,807783.9199396416
2022-12-09 08:30:00,807617.0861728167,807782.7440653517
2022-12-09 12:30:00,807716.0238472167,807782.2798226448
2022-12-09 16:30:00,807817.7918889832,807782.3192058665
2022-12-09 20:30:00,807879.9961783908,807782.2419272109
2022-12-10 00:30:00,807863.833225357,807782.0449454678
2022-12-10 04:30:00,807810.5819599619,807780.2831975959
2022-12-10 08:30:00,808006.493582535,807781.083872045
2022-12-10 12:30:00,807817.7908579065,807780.6108056306
2022-12-10 16:30:00,807733.4905247153,807778.9419475159
2022-12-10 20:30:00,807497.2693528101,807777.0956825062
2022-12-11 00:30:00,807155.6011128376,807773.2107617897
2022-12-11 04:30:00,807333.1281819976,807770.4549315696
2022-12-11 08:30:00,807717.3825568422,807769.9231760157
2022-12-11 12:30:00,807501.0355056358,807768.2269697625
2022-12-11 16:30:00,807964.0191124044,807768.8982588312
2022-12-11 20:30:00,807982.5374896254,807770.3967707364
2022-12-12 00:30:00,807484.3148754641,807767.2840275493
2022-12-12 04:30:00,807637.1985757775,807766.4252881046
2022-12-12 08:30:00,807948.6952271728,807765.5713471142
2022-12-12 12:30:00,807615.9014413599,807764.0061547054
2022-12-12 16:30:00,807823.6362270067,807763.7563113049
2022-12-12 20:30:00,807985.6411464391,807763.9824722495
2022-12-13 00:30:00,807849.8209830979,807763.2607360358
2022-12-13 04:30:00,807940.853500838,807763.9595024296
2022-12-13 08:30:00,807847.5816878966,807763.7373213137
2022-12-13 12:30:00,807776.6039334815,807763.1043092662
2022-12-13 16:30:00,807662.7067776757,807761.9775464578
2022-12-13 20:30:00,807622.3094245213,807760.5882988244
2022-12-14 00:30:00,807293.3333286929,807757.5085087767
2022-12-14 04:30:00,807255.5370278773,807755.4177537167
2022-12-14 08:30:00,807556.4842874527,807751.9001516618
2022-12-14 12:30:00,807439.5019870796,807748.7209001101
2022-12-14 16:30:00,807568.6700089619,807747.0045456177
2022-12-14 20:30:00,807747.884841058,807746.6068634888
2022-12-15 00:30:00,808143.5145664079,807749.681651769
2022-12-15 04:30:00,807608.4382632298,807749.1978598897
2022-12-15 08:30:00,807570.745080018,807747.9412336982
2022-12-15 12:30:00,807769.2407967121,807747.7033003846
2022-12-15 16:30:00,807678.6227192685,807747.9440157034
2022-12-15 20:30:00,807628.1111291999,807746.9816619335
2022-12-16 00:30:00,807670.789687813,807746.4041555428
2022-12-16 04:30:00,807616.1995926304,807745.389547655
2022-12-16 08:30:00,807413.8447137468,807743.810151741
2022-12-16 12:30:00,807461.2899996134,807741.934856745
2022-12-16 16:30:00,807762.5586522575,807742.1275005764
2022-12-17 00:30:00,807436.8338048804,807740.3129955251
2022-12-17 04:30:00,807625.8344961717,807738.6732682813
2022-12-17 08:30:00,807707.8101503819,807738.509816647
2022-12-17 12:30:00,807583.9778698974,807737.2449850135
2022-12-17 16:30:00,808025.7470866214,807739.165728574
2022-12-17 20:30:00,807611.5629803989,807738.9561162703
2022-12-18 00:30:00,808035.2362270791,807740.6086778253
2022-12-18 04:30:00,807949.4547901544,807740.9182040668
2022-12-18 08:30:00,807802.2631860038,807740.8829052364
2022-12-18 12:30:00,807676.3608653506,807740.3980766638
2022-12-18 16:30:00,807725.2273258705,807740.5809078005
2022-12-18 20:30:00,807649.9920333464,807739.73445304
2022-12-19 00:30:00,807845.4199534626,807741.2554987646
2022-12-19 04:30:00,807813.7441448371,807742.4799507362
2022-12-19 08:30:00,807850.4888663816,807742.6451092326
2022-12-19 12:30:00,807627.1149836662,807741.0477266695
2022-12-19 16:30:00,807926.6957511842,807742.5350492828
2022-12-19 20:30:00,807725.5075767544,807742.9493002993
2022-12-20 00:30:00,807677.7775641169,807742.508957797
2022-12-20 04:30:00,807769.9072067994,807743.3959973977
2022-12-20 08:30:00,807820.8292915737,807743.992058706
2022-12-20 12:30:00,807825.0775441871,807743.8135360627
2022-12-20 16:30:00,807674.1300725522,807744.7074431858
2022-12-20 20:30:00,807688.8199253135,807745.2018323787
2022-12-21 00:30:00,807804.7415999993,807745.8583902109
2022-12-21 04:30:00,808046.1191545741,807747.2443756183
2022-12-21 08:30:00,807924.3914680349,807747.6875699399
2022-12-21 12:30:00,807822.5829754483,807747.1157066972
2022-12-21 16:30:00,808077.7430050872,807748.9537416592
2022-12-21 20:30:00,807599.9819470816,807747.5241912351
2022-12-22 00:30:00,807695.5267450747,807746.004884721
2022-12-22 04:30:00,807693.8263840716,807744.578611322
2022-12-22 08:30:00,808075.5946050155,807746.705340519
2022-12-22 12:30:00,807751.076760491,807746.4838724594
2022-12-22 16:30:00,807665.4385117654,807745.6670645281
2022-12-22 20:30:00,807743.0216304144,807744.7978123574
2022-12-23 00:30:00,807838.9810960104,807746.1643812108
2022-12-23 04:30:00,807912.53630281,807746.9688070398
2022-12-23 08:30:00,807945.7407144741,807747.4074588502
2022-12-23 12:30:00,807830.7650997223,807746.8825685886
2022-12-23 16:30:00,807779.9560858584,807746.5728049623
2022-12-23 20:30:00,807932.2730164406,807746.667795662
2022-12-24 00:30:00,807717.6972784211,807745.4713942545
2022-12-24 04:30:00,807559.0791885155,807744.4182748322
2022-12-24 08:30:00,807738.9876267369,807743.9735379288
2022-12-24 12:30:00,807268.692559047,807740.8999755251
2022-12-24 16:30:00,807916.1333750288,807743.5126643587
2022-12-24 20:30:00,807995.4680870549,807743.9478066288
2022-12-25 00:30:00,807548.8651431223,807742.3047114832
2022-12-25 04:30:00,807788.9056731074,807742.677235623
2022-12-25 08:30:00,807962.3385459777,807743.5129264087
2022-12-25 12:30:00,807667.0479061946,807743.0287961395
2022-12-25 16:30:00,807854.1473783695,807742.2278842307
2022-12-25 20:30:00,807873.9014233061,807740.6430462694
2022-12-26 00:30:00,807609.145324658,807738.410728082
2022-12-26 04:30:00,807693.1528614276,807738.13379994
2022-12-26 08:30:00,807759.2944386563,807737.0056140356
2022-12-26 12:30:00,808359.5835092189,807740.5232830361
2022-12-26 16:30:00,808109.3437321825,807742.9860010248
2022-12-26 20:30:00,808177.1246032399,807746.8629103786
2022-12-27 00:30:00,807668.5625620524,807747.3668858565
2022-12-27 04:30:00,808137.3986726581,807751.3318094073
2022-12-27 08:30:00,807603.9112836065,807750.7344652483
2022-12-27 12:30:00,807594.1952823487,807750.1123706966
2022-12-27 16:30:00,807710.662751514,807748.6258852034
2022-12-27 20:30:00,807665.7750919663,807747.340313334
2022-12-28 00:30:00,807499.6455016312,807745.0480534349
2022-12-28 04:30:00,807898.4140137957,807747.370931572
2022-12-28 08:30:00,807844.076595206,807747.2872704669
2022-12-28 12:30:00,808002.4969623912,807750.5253463585
2022-12-28 16:30:00,807606.7077063032,807749.5986118072
2022-12-28 20:30:00,807885.7472235035,807750.8165556274
2022-12-29 00:30:00,808063.0972618189,807753.4126667408
2022-12-29 04:30:00,807374.6618059415,807752.0512543815
2022-12-29 08:30:00,807205.3561589414,807747.8758162808
2022-12-29 12:30:00,807618.518812557,807748.6662921995
2022-12-29 16:30:00,807235.9524718248,807748.506282372
2022-12-29 20:30:00,807489.3622696729,807748.0031119466
2022-12-30 00:30:00,807824.8622797835,807748.8249481654
2022-12-30 04:30:00,807580.7190921876,807747.9922306639
2022-12-30 08:30:00,807445.3161708626,807747.579589339
2022-12-30 12:30:00,807538.2132081888,807745.918257781
2022-12-30 16:30:00,807578.6678394758,807746.3386054307
2022-12-30 20:30:00,807761.3742357512,807747.4550907054
2022-12-31 00:30:00,808182.751973169,807752.4030176261
2022-12-31 04:30:00,807889.484621285,807753.8191649375
2022-12-31 08:30:00,807629.3913268695,807753.567684958
2022-12-31 12:30:00,807992.7322901656,807755.4814595808
2022-12-31 16:30:00,808065.3253196923,807757.832307459
2022-12-31 20:30:00,807866.7769859912,807759.0984500898
2023-01-01 00:30:00,807775.589272425,807758.9002479811
2023-01-01 04:30:00,807711.4267830817,807757.9654351891
2023-01-01 08:30:00,807728.3439607244,807757.6052768525
2023-01-01 12:30:00,807366.3082830744,807755.0694422829
2023-01-01 16:30:00,807532.9813952545,807754.9166821138
2023-01-01 20:30:00,807640.7244069745,807755.7256875206
2023-01-02 00:30:00,807845.2827942978,807757.1226126335
2023-01-02 04:30:00,807698.4878282697,807757.0422476464
2023-01-02 08:30:00,807562.5629226813,807755.6483545171
2023-01-02 12:30:00,807550.1375183042,807753.8337158717
2023-01-02 16:30:00,807793.8193601677,807753.7053599076
2023-01-02 20:30:00,807553.3227811413,807753.9719465517
2023-01-03 00:30:00,807785.1461269523,807754.8353960384
2023-01-03 04:30:00,808114.3445038386,807755.1937899399
2023-01-03 08:30:00,807797.0346884697,807754.8609031191
2023-01-03 12:30:00,807756.8639300473,807754.5267192528
2023-01-03 16:30:00,807680.9784150302,807753.6731403744
2023-01-03 20:30:00,807953.3819033088,807754.7601796578
2023-01-04 00:30:00,807626.791903826,807754.1217340173
2023-01-04 04:30:00,807889.4122336255,807754.1786598034
2023-01-04 08:30:00,807902.2188846279,807754.237025392
2023-01-04 12:30:00,807874.019490185,807755.3782174349
2023-01-04 16:30:00,807455.8457425623,807753.9714082434
2023-01-04 20:30:00,807818.4603619624,807753.9482044886
2023-01-05 00:30:00,808035.47676548,807756.0852679214
2023-01-05 04:30:00,808120.0841937067,807757.33195853
2023-01-05 08:30:00,807907.3566099305,807758.0956074533
2023-01-05 12:30:00,807905.1512798995,807758.133755463
2023-01-05 16:30:00,808072.3843308692,807759.6344342423
2023-01-05 20:30:00,807633.5896297978,807759.0656508107
2023-01-06 00:30:00,807910.1328655243,807760.1559680348
2023-01-06 04:30:00,808079.7680468118,807760.2970054478
2023-01-06 16:30:00,808042.7828235899,807758.8530089653
2023-01-06 20:30:00,807967.5241424361,807758.2302310198
2023-01-07 00:30:00,808148.9994262717,807760.0683432875
2023-01-07 04:30:00,808028.7235084248,807760.0822915576
2023-01-07 08:30:00,807752.8833977049,807758.800792913
2023-01-07 12:30:00,807658.2960613087,807757.954807592
2023-01-07 16:30:00,806866.0396590595,807751.5099031235
2023-01-07 20:30:00,807530.3114900435,807749.9094377806
2023-01-08 00:30:00,807875.1418591603,807750.6874908208
2023-01-08 04:30:00,808206.632297051,807752.6781533078
2023-01-08 08:30:00,807639.1699058037,807752.8029201608
2023-01-08 12:30:00,806867.5413782767,807748.0092338955
2023-01-08 16:30:00,807127.1861236732,807744.107506408
2023-01-08 20:30:00,807720.2780549306,807743.2051441285
2023-01-09 00:30:00,807648.5233467373,807741.9887041362
2023-01-09 04:30:00,808136.6402940067,807743.8308416167
2023-01-09 08:30:00,808036.4008406566,807743.9998091769
2023-01-09 20:30:00,807684.6367268945,807744.7088698043
2023-01-10 00:30:00,807962.6867178755,807749.3207875473
2023-01-10 04:30:00,807519.4090555458,807750.385249682
2023-01-10 08:30:00,807624.0952057864,807749.8521791046
2023-01-10 12:30:00,807946.5587823555,807752.3980263999
2023-01-10 16:30:00,808346.7883455169,807754.5852791605
2023-01-10 20:30:00,807779.9549529852,807753.4276646655
2023-01-11 00:30:00,808185.6323376615,807757.435193021
2023-01-11 04:30:00,807928.65245247,807759.1006437448
2023-01-11 08:30:00,807658.2923970217,807757.4411990013
2023-01-11 12:30:00,807351.9666702958,807755.9330003095
2023-01-11 16:30:00,807525.4693041533,807754.2291893216
2023-01-11 20:30:00,807453.2821378771,807751.1871378443
2023-01-12 00:30:00,807767.7659893759,807750.7182521658
2023-01-12 04:30:00,807901.024879191,807750.490660042
2023-01-12 08:30:00,808183.3327060406,807752.4092372885
2023-01-12 12:30:00,808069.858839644,807754.0849796096
2023-01-12 16:30:00,807596.3952606295,807753.7060566552
2023-01-12 20:30:00,807966.5680518579,807755.6732488113
2023-01-13 00:30:00,807634.0288129409,807757.6200801498
2023-01-13 04:30:00,807378.8838334971,807758.324919039
2023-01-13 08:30:00,807910.2468740501,807760.346419534
2023-01-13 12:30:00,807583.7661964184,807761.1707864443
2023-01-13 16:30:00,807120.2986368998,807758.6086643183
2023-01-13 20:30:00,807329.1665383091,807756.2159883026
2023-01-14 00:30:00,807618.1294207239,807753.2137874702
2023-01-14 04:30:00,807549.2598771782,807752.8756252641
2023-01-14 08:30:00,807691.5391015242,807753.5658768155
2023-01-14 12:30:00,807594.3145812976,807752.5662984417
2023-01-14 16:30:00,807743.8667879606,807752.9391216915
2023-01-14 20:30:00,807924.9389620876,807754.6352807365
2023-01-15 00:30:00,807475.4809765877,807753.5192309582
2023-01-15 04:30:00,807382.0373732764,807752.1811611332
2023-01-15 08:30:00,808128.847759425,807756.2668928228
2023-01-15 12:30:00,808042.9869091773,807759.5908751632
2023-01-15 16:30:00,807538.7456616499,807758.3119437883
2023-01-15 20:30:00,807644.597219551,807757.6658374005
2023-01-16 00:30:00,808098.2532586702,807761.4239024789
2023-01-16 04:30:00,807548.4826253765,807760.9844032131
2023-01-16 08:30:00,807450.2007197051,807759.520713266
2023-01-16 12:30:00,807739.100140395,807760.4020898029
2023-01-16 16:30:00,808071.6900795485,807760.6631295356
2023-01-16 20:30:00,807962.5738869761,807762.6575096864
2023-01-17 00:30:00,807823.4610438448,807761.4542416
2023-01-17 04:30:00,807928.7274106476,807761.3364723981
2023-01-17 08:30:00,807891.7924463359,807761.8451613772
2023-01-17 12:30:00,808175.2754010668,807764.6799030576
2023-01-17 16:30:00,807390.2298232487,807762.7765081562
2023-01-17 20:30:00,807705.0446328805,807763.0893070173
2023-01-18 00:30:00,807646.3642621966,807761.9583087714
2023-01-18 04:30:00,807783.1238575825,807761.7843298665
2023-01-18 08:30:00,807540.9913460949,807760.0258212286
2023-01-18 12:30:00,807766.5113872192,807760.8178462487
2023-01-18 16:30:00,808188.2775130942,807762.3041062596
2023-01-18 20:30:00,807503.3323517133,807761.0417470265
2023-01-19 00:30:00,807583.6017430692,807760.506657134
2023-01-19 04:30:00,807836.3236327737,807760.8840231907
2023-01-19 08:30:00,807381.3776271102,807758.3871387336
2023-01-19 12:30:00,807738.7704992841,807757.8967577965
2023-01-19 16:30:00,807686.2655574743,807757.9657094155
2023-01-19 20:30:00,807755.8471213373,807758.3465457567
2023-01-20 00:30:00,807593.0470375885,807757.1437357429
2023-01-20 04:30:00,807771.489586408,807755.5833404693
2023-01-20 08:30:00,807606.4033866099,807753.7765900065
2023-01-20 12:30:00,807499.3129333516,807751.9398284036
2023-01-20 16:30:00,808056.5414926411,807751.8193652648
2023-01-20 20:30:00,807807.0157745407,807752.99569383
2023-01-21 00:30:00,808207.2305102912,807755.9031015869
2023-01-21 04:30:00,807652.249846084,807755.6668712575
2023-01-21 08:30:00,807335.0280753375,807751.4591068844
2023-01-21 12:30:00,807611.5208780871,807750.6661757343
2023-01-21 16:30:00,808287.0515353844,807754.1980679139
2023-01-21 20:30:00,807920.0400996556,807755.2038546709
2023-01-22 00:30:00,807900.0604863784,807755.5508966617
2023-01-22 04:30:00,807858.809243276,807755.2456292779
2023-01-22 08:30:00,807795.4623078039,807754.3917746946
2023-01-22 12:30:00,807481.0300611915,807752.4046437938
2023-01-22 16:30:00,808262.8278815437,807755.1482335421
2023-01-22 20:30:00,807535.9775390945,807752.8965546935
2023-01-23 00:30:00,807670.3088456186,807752.6273022343
2023-01-23 04:30:00,807774.4432304889,807753.8509615638
2023-01-23 08:30:00,807674.1416673085,807753.4825186125
2023-01-23 12:30:00,807925.2048873367,807757.212702296
2023-01-23 16:30:00,807500.5751216518,807754.8515758562
2023-01-23 20:30:00,808056.9087778527,807755.2006706904
2023-01-24 00:30:00,807653.2582551035,807755.793813372
2023-01-24 04:30:00,808017.5902072515,807757.093157316
2023-01-24 08:30:00,808203.3563000276,807758.4625763732
2023-01-24 12:30:00,807818.3811183021,807759.3224241693
2023-01-24 16:30:00,808146.6303115641,807760.9842590169
2023-01-24 20:30:00,807752.835238317,807760.2963829659
2023-01-25 00:30:00,807784.9806997003,807761.2954475968
2023-01-25 04:30:00,807765.2392989083,807761.705029628
2023-01-25 08:30:00,808056.0203348568,807763.3909722199
2023-01-25 12:30:00,807798.7670566324,807760.2045151031
2023-01-25 16:30:00,807550.4562401682,807757.0290179893
2023-01-25 20:30:00,807615.9261231076,807753.8403902614
2023-01-26 00:30:00,807754.4864629791,807754.3285942439
2023-01-26 04:30:00,807825.1649134689,807752.5545387939
2023-01-26 08:30:00,808069.0766493514,807755.1975238266
2023-01-26 12:30:00,807785.6400163374,807756.2852779969
2023-01-26 16:30:00,807976.1666646231,807757.7938229577
2023-01-26 20:30:00,807916.5013533024,807759.2184039879
2023-01-27 00:30:00,807785.0454278553,807760.8399944779
2023-01-27 04:30:00,807779.2403117671,807760.1628711709
2023-01-27 08:30:00,807723.450277623,807759.4774943665
2023-01-27 12:30:00,808127.6842514292,807760.1887857816
2023-01-27 16:30:00,807594.4892667022,807760.1193628293
2023-01-27 20:30:00,807719.5350087049,807759.1749752451
2023-01-28 00:30:00,807977.6758097617,807758.6896260857
2023-01-28 04:30:00,808115.317577949,807762.8978975177
2023-01-28 08:30:00,807781.118458801,807766.1692742214
2023-01-28 12:30:00,807992.451170821,807768.2938898932
2023-01-28 16:30:00,808072.0661715152,807773.0445359143
2023-01-28 20:30:00,807927.9885085247,807775.5367304533
2023-01-29 00:30:00,807822.4712575239,807775.5231450996
2023-01-29 04:30:00,807815.7388750158,807776.8584847747
2023-01-29 08:30:00,807693.8375147729,807778.2705378651
2023-01-29 12:30:00,807790.8350614359,807779.7058893039
2023-01-29 16:30:00,807465.6287217315,807779.0636215894
2023-01-29 20:30:00,807749.9040575171,807778.9984501223
2023-01-30 00:30:00,807980.6272345977,807777.8500141077
2023-01-30 04:30:00,807852.8748519272,807777.6420040545
2023-01-30 08:30:00,807686.0409716069,807777.963877036
2023-01-30 12:30:00,807886.6956837584,807777.3613963176
2023-01-30 16:30:00,808096.4356460522,807777.5381595357
2023-01-30 20:30:00,807912.7973849728,807777.7996390753
2023-01-31 00:30:00,807842.1461121859,807778.1778029376
2023-01-31 04:30:00,807867.2181696624,807779.0629812706
2023-01-31 08:30:00,808077.7579018341,807781.0482877541
2023-01-31 12:30:00,807608.9237754024,807782.4267848694
2023-01-31 16:30:00,807918.4920228792,807784.6171861627
2023-01-31 20:30:00,807906.9835555941,807786.1300222347
2023-02-01 00:30:00,807611.552143074,807784.8020071709
2023-02-01 04:30:00,808265.4807226171,807788.0235577069
2023-02-01 08:30:00,807681.1348033987,807788.6972615746
2023-02-01 12:30:00,807492.9201956405,807788.3721631505
2023-02-01 16:30:00,808447.3803267787,807792.0855777335
2023-02-01 20:30:00,807921.5551135716,807794.1778068949
2023-02-02 00:30:00,807606.6291283866,807793.1635057667
2023-02-02 04:30:00,807584.8890554319,807790.1552361734
2023-02-02 08:30:00,807858.2493271413,807790.5030466205
2023-02-02 12:30:00,807856.622647421,807791.0698575146
2023-02-02 16:30:00,807893.8729025635,807792.2794852848
2023-02-02 20:30:00,808159.4170235723,807793.4501393771
2023-02-03 00:30:00,808295.1419969876,807797.2475830882
2023-02-03 04:30:00,807950.3361305704,807797.5937415938
2023-02-03 08:30:00,807616.3091339283,807795.9692543737
2023-02-03 12:30:00,807813.3027573511,807795.6242729371
2023-02-03 16:30:00,807911.1311298171,807798.2111217283
2023-02-03 20:30:00,807953.9100642294,807798.9807223096
2023-02-04 00:30:00,807292.2413133143,807794.7577936039
2023-02-04 04:30:00,807405.6471718336,807790.6984923433
2023-02-04 08:30:00,807812.1090319194,807790.1573129226
2023-02-04 12:30:00,807758.0962658627,807789.3217730704
2023-02-04 16:30:00,807756.366441975,807787.5262168833
2023-02-04 20:30:00,808126.4570073743,807790.3265997105
2023-02-05 00:30:00,807747.3798041356,807789.4018664073
2023-02-05 04:30:00,807520.8887476241,807786.2264158438
2023-02-05 08:30:00,807244.358872101,807783.1650172914
2023-02-05 12:30:00,807617.5072389245,807782.2343556152
2023-02-05 16:30:00,807777.3076872337,807780.7429222651
2023-02-05 20:30:00,807361.1132229391,807777.3361193464
2023-02-06 00:30:00,807490.408415364,807773.636169847
2023-02-06 04:30:00,807726.3085138226,807771.9372092031
2023-02-06 08:30:00,807712.449226006,807771.7100509352
2023-02-06 12:30:00,807851.4167095403,807772.7949983971
2023-02-06 16:30:00,808074.9524873154,807779.5866434996
2023-02-06 20:30:00,807519.5841434762,807779.5263775076
2023-02-07 00:30:00,807423.6642215927,807776.9899862855
2023-02-07 04:30:00,807938.7126641123,807775.4848198082
2023-02-07 08:30:00,807948.0435246801,807777.2200648581
2023-02-07 12:30:00,807641.5795035411,807781.5685936518
2023-02-07 16:30:00,807507.8675791556,807783.7072535139
2023-02-07 20:30:00,807655.5101920826,807783.343389116
2023-02-08 00:30:00,807610.3938612837,807783.1291785236
2023-02-08 04:30:00,807878.7295752167,807781.6802419011
2023-02-08 08:30:00,807785.0127296592,807780.2679491426
2023-02-08 12:30:00,807585.5282818157,807779.1800180402
2023-02-08 16:30:00,807650.9107128789,807778.4674107892
2023-02-08 20:30:00,807553.9955042691,807777.7416262192
2023-02-09 00:30:00,807791.3818696953,807776.7899326182
2023-02-09 04:30:00,807688.72542007,807777.7305790877
2023-02-09 08:30:00,807593.3917330408,807777.5600042391
2023-02-09 12:30:00,807749.7996090348,807776.4668977207
2023-02-09 16:30:00,807866.6347131617,807773.799377541
2023-02-09 20:30:00,807838.4751012655,807774.124489476
2023-02-10 00:30:00,808033.3087325103,807773.2782472251
2023-02-10 04:30:00,808042.9420190831,807773.9131892618
2023-02-10 08:30:00,807646.3655987728,807773.8469292717
2023-02-10 12:30:00,807507.1670618505,807774.7091536691
2023-02-10 16:30:00,807590.809077495,807775.0721524099
2023-02-10 20:30:00,807834.0534299129,807777.1875484766
2023-02-11 00:30:00,807534.0819088473,807775.8893035849
2023-02-11 04:30:00,807569.4819253011,807774.0473982856
2023-02-11 08:30:00,807800.1752528495,807771.9187457679
2023-02-11 12:30:00,807686.1909900713,807769.7872577145
2023-02-11 16:30:00,807829.4082693544,807771.0817744297
2023-02-11 20:30:00,807964.59142116,807771.070793148
2023-02-12 00:30:00,807792.609108304,807771.951794789
2023-02-12 04:30:00,808239.404096253,807776.7324629155
2023-02-12 08:30:00,807591.0858169614,807774.9593459314
2023-02-12 12:30:00,808142.7234969238,807778.0646642678
2023-02-12 16:30:00,808432.6197211298,807785.3553369578
2023-02-12 20:30:00,807797.7015148991,807787.9583090501
2023-02-13 00:30:00,807785.0418035268,807788.8856000657
2023-02-13 04:30:00,807421.9352394628,807788.1782409673
2023-02-13 08:30:00,807618.7772695674,807787.7740085674
2023-02-13 12:30:00,807672.4380786101,807788.2080279969
2023-02-13 16:30:00,807465.3181191566,807786.6605353925
2023-02-13 20:30:00,807577.2560728674,807784.7289637859
2023-02-14 00:30:00,807802.6409220096,807786.546519038
2023-02-14 04:30:00,807928.4042860137,807789.5818907755
2023-02-14 08:30:00,807699.1278536897,807787.1945579658
2023-02-14 12:30:00,807673.7534191058,807785.1432607986
2023-02-14 16:30:00,807978.2844738484,807787.5851430888
2023-02-14 20:30:00,807933.9383875122,807789.192594022
2023-02-15 00:30:00,807772.9303090171,807787.3852443016
2023-02-15 04:30:00,807514.1676279214,807787.1946054269
2023-02-15 08:30:00,807932.0069051131,807789.871306457
2023-02-15 12:30:00,807884.7634158871,807790.6805468765
2023-02-15 16:30:00,807726.5012749262,807788.762831295
2023-02-15 20:30:00,807466.6784116483,807786.0078564322
2023-02-16 00:30:00,807750.346434365,807785.6016641572
2023-02-16 04:30:00,808273.6373339823,807787.517830398
2023-02-16 08:30:00,808066.2769098026,807788.4871885285
2023-02-16 12:30:00,807321.6461792247,807783.7448039626
2023-02-16 16:30:00,808320.8267316933,807788.9147867874
2023-02-16 20:30:00,807993.8675030874,807790.5193582884
2023-02-17 00:30:00,807690.058384497,807790.7621034124
2023-02-17 04:30:00,807682.4337116819,807790.2027137129
2023-02-17 08:30:00,807754.8468121501,807791.3907996354
2023-02-17 12:30:00,807423.3107245034,807789.484129287
2023-02-17 16:30:00,808000.3315301407,807788.4399849373
2023-02-17 20:30:00,808414.5643733485,807793.5023850575
2023-02-18 00:30:00,808076.6002667507,807796.2412657447
2023-02-18 04:30:00,808305.8843713689,807798.8499365146
2023-02-18 08:30:00,807750.6479076971,807800.9014380734
2023-02-18 12:30:00,807565.1550115439,807799.936907586
2023-02-18 16:30:00,807703.4514867017,807800.0323849706
2023-02-18 20:30:00,807949.2872995185,807801.107052627
2023-02-19 00:30:00,807520.7871051726,807800.7056085581
2023-02-19 04:30:00,807945.2821116428,807801.6711225872
2023-02-19 08:30:00,807760.9739957853,807802.5298481936
2023-02-19 12:30:00,807678.5525866933,807803.5256240458
2023-02-19 16:30:00,807672.1549363902,807801.3901431776
2023-02-19 20:30:00,807995.43021923,807802.4368900924
2023-02-20 00:30:00,807649.7092639259,807799.3395498348
2023-02-20 04:30:00,808078.6842510556,807801.7086298625
2023-02-20 08:30:00,808071.2243286265,807805.7986090473
2023-02-20 12:30:00,807854.6684735065,807807.149429022
2023-02-20 16:30:00,807836.589836653,807804.6468640291
2023-02-20 20:30:00,808009.9804267467,807805.1465325129
2023-02-21 00:30:00,807886.176048661,807805.0693967479
2023-02-21 04:30:00,807839.0333133648,807804.9595304707
2023-02-21 08:30:00,807874.1552426078,807805.3967134416
2023-02-21 12:30:00,807435.3199315746,807805.1427682771
2023-02-21 16:30:00,807510.6675532098,807800.9640997864
2023-02-21 20:30:00,807932.9572414326,807803.1695425772
2023-02-22 00:30:00,807570.8643873178,807802.6170733644
2023-02-22 04:30:00,807772.4293481017,807802.6058851288
2023-02-22 08:30:00,807934.6578748384,807804.0531973928
2023-02-22 12:30:00,808023.6177924008,807804.5999357543
2023-02-22 16:30:00,807632.8866001939,807805.334999524
2023-02-22 20:30:00,808016.6147682583,807805.1111439152
2023-02-23 00:30:00,808161.2754199357,807807.9334614978
2023-02-23 04:30:00,807930.2704661072,807807.4483518247
2023-02-23 08:30:00,808097.6209337757,807806.860933123
2023-02-23 12:30:00,807592.2692144279,807805.6047558795
2023-02-23 16:30:00,808217.7123091022,807805.9996558658
2023-02-23 20:30:00,808158.0464097827,807808.2508290407
2023-02-24 00:30:00,807875.2268341953,807808.7521964543
2023-02-24 04:30:00,807631.703293412,807808.0103297571
2023-02-24 08:30:00,807939.2818452,807807.3617825925
2023-02-24 12:30:00,808327.3949918654,807810.298604455
2023-02-24 16:30:00,807035.2823468044,807807.4365272694
2023-02-24 20:30:00,807731.5341075506,807808.0787938497
2023-02-25 00:30:00,807605.8070740452,807807.2527972445
2023-02-25 04:30:00,807733.9414551868,807806.7460002542
2023-02-25 08:30:00,807104.1959398686,807801.385551868
2023-02-25 12:30:00,807757.9899141776,807801.2319401895
2023-02-25 16:30:00,807898.0680610556,807800.7980590585
2023-02-25 20:30:00,807573.9533471593,807798.8950145799
2023-02-26 00:30:00,807575.1896970663,807797.729149409
2023-02-26 04:30:00,807755.7452731533,807797.5986214166
2023-02-26 08:30:00,808139.6083234847,807799.9106105602
2023-02-26 12:30:00,808297.9915798027,807800.8567623845
2023-02-26 16:30:00,807740.4699094195,807801.6677659553
2023-02-26 20:30:00,807734.3519089896,807801.7500820678
2023-02-27 00:30:00,807884.3478083086,807801.2315931709
2023-02-27 04:30:00,807858.7775361378,807799.8063707164
2023-02-27 08:30:00,807783.6855040032,807799.8206320786
2023-02-27 12:30:00,808183.939664394,807800.884457043
2023-02-27 16:30:00,808180.685253946,807801.4878963898
2023-02-27 20:30:00,807692.5580362509,807800.1799493217
2023-02-28 00:30:00,808044.0154829755,807801.4107505741
2023-02-28 04:30:00,807911.7992295634,807801.9444192105
2023-02-28 08:30:00,807534.0769255022,807801.0568603812
2023-02-28 12:30:00,807586.9524294431,807799.9241790924
2023-02-28 16:30:00,807693.8631710706,807801.1921482554
2023-02-28 20:30:00,807524.3004586655,807799.9387949283
2023-03-01 00:30:00,807718.9735283259,807798.4851632267
2023-03-01 04:30:00,807991.1981873146,807799.2536262012
2023-03-01 08:30:00,808043.5947095843,807801.2400358567
2023-03-01 12:30:00,808183.5356709008,807802.8891468963
2023-03-01 16:30:00,807858.0351912259,807801.5646999251
2023-03-01 20:30:00,807838.510718972,807801.1519962251
2023-03-02 00:30:00,807454.4608574109,807798.9981892543
2023-03-02 04:30:00,807411.4754438841,807796.466285222
2023-03-02 08:30:00,807414.1832524503,807792.7797593921
2023-03-02 12:30:00,807545.4731440479,807792.4272558846
2023-03-02 16:30:00,807876.3585188142,807792.1931808621
2023-03-02 20:30:00,807721.1171227491,807791.1605895683
2023-03-03 00:30:00,807811.9506239208,807792.273914462
2023-03-03 04:30:00,808186.6030742249,807791.8357053043
2023-03-03 08:30:00,807686.6882207076,807791.8665576226
2023-03-03 12:30:00,808037.0852646532,807794.8896968949
2023-03-03 16:30:00,807928.1425575287,807792.0050426213
2023-03-03 20:30:00,807922.6375800321,807792.011056324
2023-03-04 00:30:00,807668.2851547796,807792.3535898038
2023-03-04 04:30:00,807654.6771100705,807792.7413012185
2023-03-04 08:30:00,807804.76142196,807792.4441461897
2023-03-04 12:30:00,807531.5992811676,807790.6384608217
2023-03-04 16:30:00,807743.0793069678,807789.8007186239
2023-03-04 20:30:00,807930.7518016224,807788.5303562797
2023-03-05 00:30:00,807390.2606053371,807783.5032374373
2023-03-05 04:30:00,807929.6604470297,807783.3883725286
2023-03-05 08:30:00,807415.9874502784,807782.2754742863
2023-03-05 12:30:00,807575.1475969832,807780.9523900619
2023-03-05 16:30:00,807948.6678049986,807781.1609271463
2023-03-05 20:30:00,807706.1016590167,807779.784213784
2023-03-06 00:30:00,807571.1907809934,807781.3339330488
2023-03-06 04:30:00,807736.864387646,807783.1740286923
2023-03-06 08:30:00,807797.5102477686,807783.092924336
2023-03-06 12:30:00,807772.3193131192,807783.171941265
2023-03-06 16:30:00,807926.3461593139,807784.1162730282
2023-03-06 20:30:00,808091.3345596945,807783.9211483187
2023-03-07 00:30:00,807456.4285423569,807782.3047524199
2023-03-07 04:30:00,807953.4405283974,807784.7078178687
2023-03-07 08:30:00,808052.4005661019,807789.1969383911
2023-03-07 12:30:00,807600.8638894993,807789.1044753386
2023-03-07 16:30:00,807903.639728622,807789.8063200129
2023-03-07 20:30:00,807796.9976789288,807792.2279003239
2023-03-08 00:30:00,807658.58802153,807793.1622314693
2023-03-08 04:30:00,807890.7241949311,807794.0756519198
2023-03-08 08:30:00,807634.2536255424,807793.6412319173
2023-03-08 12:30:00,807299.2873175237,807790.5738464062
2023-03-08 16:30:00,807789.9320568256,807788.9903995701
2023-03-08 20:30:00,807769.9247226157,807790.3811805653
2023-03-09 00:30:00,807625.254499167,807791.5011265518
2023-03-09 04:30:00,807720.1423694213,807790.2868471369
2023-03-09 08:30:00,807795.5400383574,807789.4396055463
2023-03-09 12:30:00,807459.0487059182,807788.4255455595
2023-03-09 16:30:00,807657.4384035303,807789.2564945837
2023-03-09 20:30:00,807787.6947660325,807789.9908533278
2023-03-10 00:30:00,807506.1528329229,807789.4117365037
2023-03-10 04:30:00,807641.5471513268,807788.094056371
2023-03-10 08:30:00,807767.7446179644,807787.9981224171
2023-03-10 12:30:00,807566.2440173691,807787.8909876146
2023-03-10 16:30:00,807524.5744060526,807787.1891192434
2023-03-10 20:30:00,807712.1610231579,807788.0678165705
2023-03-11 00:30:00,807635.6543129509,807787.2026634776
2023-03-11 04:30:00,807606.1467151714,807786.7438928947
2023-03-11 08:30:00,807829.2167610549,807788.0540319394
2023-03-11 12:30:00,807759.0442705925,807788.1053911702
2023-03-11 16:30:00,807745.7577052475,807787.4338522373
2023-03-11 20:30:00,807641.111364656,807786.337387034
2023-03-12 00:30:00,807773.2728735677,807784.892743373
2023-03-12 04:30:00,807454.9360715271,807781.6260436645
2023-03-12 08:30:00,807929.1566893109,807783.1971052786
2023-03-12 12:30:00,807561.2940554777,807783.4978107987
2023-03-12 16:30:00,807548.5236241277,807783.2628916133
2023-03-12 20:30:00,807677.9905038245,807782.3958753574
2023-03-13 00:30:00,807764.4187062016,807783.6755242315
2023-03-13 04:30:00,808111.3424290352,807786.6858603633
2023-03-13 08:30:00,807737.422512233,807786.3372340265
2023-03-13 12:30:00,807620.0729720959,807785.9699117044
2023-03-13 16:30:00,807818.8314741243,807785.911151731
2023-03-13 20:30:00,807979.0699453669,807785.9915879766
2023-03-14 00:30:00,807786.4561999948,807785.9574051526
2023-03-14 04:30:00,807658.8581884444,807782.7321501093
2023-03-14 08:30:00,807938.8485069849,807784.664165054
2023-03-14 12:30:00,808053.1383853423,807784.1664699893
2023-03-14 16:30:00,807652.2927444667,807779.8313201192
2023-03-14 20:30:00,807617.8277536859,807778.8320214457
2023-03-15 00:30:00,808056.3596181897,807780.3393426382
2023-03-15 04:30:00,808130.3460879257,807784.274958463
2023-03-15 08:30:00,807760.7422623669,807785.0636528676
2023-03-15 12:30:00,807995.6085236844,807786.8590442291
2023-03-15 16:30:00,807788.549179563,807788.6547723424
2023-03-15 20:30:00,807365.7843844768,807787.4799296291
2023-03-16 00:30:00,807766.7953426666,807787.2807875216
2023-03-16 04:30:00,807399.6220198517,807784.3431082653
2023-03-16 08:30:00,807621.5988764312,807783.912391725
2023-03-16 12:30:00,807505.7981350699,807782.9793068138
2023-03-16 16:30:00,807608.2572914094,807780.9236002446
2023-03-16 20:30:00,807496.6972502088,807778.4944828149
2023-03-17 00:30:00,807849.0679807458,807778.9174698803
2023-03-17 04:30:00,808308.2392103876,807783.3289786716
2023-03-17 08:30:00,807499.0783539963,807780.9238200544
2023-03-17 12:30:00,808095.7114162968,807782.0957533899
2023-03-17 16:30:00,807778.560345537,807782.3849704489
2023-03-17 20:30:00,807219.3550616236,807781.0109518375
2023-03-18 00:30:00,807778.5331609107,807781.167544763
2023-03-18 04:30:00,807665.3408596675,807777.7881199055
2023-03-18 08:30:00,807726.6873916641,807775.9015114715
2023-03-18 12:30:00,807781.5046900323,807778.4562809761
2023-03-18 16:30:00,808010.4292662304,807776.7318506123
2023-03-18 20:30:00,807985.2257385412,807776.6838408094
2023-03-19 00:30:00,807816.5410080869,807777.3865220515
2023-03-19 04:30:00,808082.7916545639,807779.6107328453
2023-03-19 08:30:00,807438.5524070202,807777.8535417056
2023-03-19 12:30:00,807788.5003488039,807779.8823729518
2023-03-19 16:30:00,807850.5600979772,807779.0503094397
2023-03-19 20:30:00,807706.8400197547,807775.1185074754
2023-03-20 00:30:00,807725.6698317223,807773.1688939474
2023-03-20 04:30:00,807514.9813967006,807768.7749885325
2023-03-20 08:30:00,807634.0549383314,807768.1272498139
2023-03-20 12:30:00,807427.1324712986,807767.3604579235
2023-03-20 16:30:00,807619.5750006004,807766.8944774452
2023-03-20 20:30:00,807784.7580869372,807765.9804262641
2023-03-21 04:30:00,807795.6909314368,807766.5145164367
2023-03-21 08:30:00,807745.3872615362,807766.4274397091
2023-03-21 12:30:00,807565.7276747851,807765.7971329386
2023-03-21 16:30:00,807924.2479944525,807767.2054740452
2023-03-21 20:30:00,807701.7609809593,807765.5648637755
2023-03-22 00:30:00,807720.6765607232,807765.9613291208
2023-03-22 04:30:00,807776.5081333385,807764.273194385
2023-03-22 08:30:00,807777.0396424107,807762.6297045179
2023-03-22 12:30:00,807716.4690271013,807761.8576405714
2023-03-22 16:30:00,807846.8463609718,807761.91493959
2023-03-22 20:30:00,807639.9367806118,807759.8476566506
2023-03-23 00:30:00,807603.7403553352,807758.2698036153
2023-03-23 04:30:00,807650.3370438368,807757.2156345117
2023-03-23 08:30:00,807775.989711849,807756.6672237254
2023-03-23 12:30:00,807619.8137000409,807757.6979151694
2023-03-23 16:30:00,807827.8836469717,807759.4700721178
2023-03-23 20:30:00,807830.7052637275,807758.8988320188
2023-03-24 00:30:00,807844.8994786082,807760.4297543167
2023-03-24 04:30:00,807899.3692749048,807761.1389159188
2023-03-24 08:30:00,808010.4285018531,807761.5622155112
2023-03-24 12:30:00,807847.6803461751,807760.5793247501
2023-03-24 16:30:00,807760.7479045909,807761.2936337133
2023-03-24 20:30:00,807729.4680292066,807759.6894619867
2023-03-25 00:30:00,807725.001513906,807757.2521775953
2023-03-25 04:30:00,807699.7847152994,807755.9645477027
2023-03-25 08:30:00,807874.6559246572,807754.7189331267
2023-03-25 12:30:00,808016.8063159721,807757.0906487774
2023-03-25 16:30:00,807853.1751582732,807755.054128382
2023-03-25 20:30:00,807644.1399429938,807752.1831425339
2023-03-26 00:30:00,807621.3117923439,807750.7646227471
2023-03-26 04:30:00,807514.9506792414,807750.1123735058
2023-03-26 08:30:00,807525.6999450953,807747.8018600974
2023-03-26 12:30:00,807446.6870487948,807742.881703991
2023-03-26 16:30:00,807390.3625538221,807744.8653922983
2023-03-26 20:30:00,807398.441513636,807743.0045398183
2023-03-27 00:30:00,807567.0052845686,807742.7877700448
2023-03-27 04:30:00,807774.1829132404,807743.0125826596
2023-03-27 08:30:00,807644.5025661944,807746.0310554323
2023-03-27 12:30:00,807750.7881729967,807745.9908222413
2023-03-27 16:30:00,807800.8622803038,807745.4477731868
2023-03-27 20:30:00,807785.0637835647,807746.6271610998
2023-03-28 00:30:00,807854.3117002994,807748.1865019
2023-03-28 04:30:00,807734.2177533148,807748.066236426
2023-03-28 08:30:00,807848.3497969324,807746.4390938196
2023-03-28 12:30:00,807815.0551613909,807743.7411250016
2023-03-28 16:30:00,807618.3444351262,807743.0588597821
2023-03-28 20:30:00,807500.497178437,807741.7524087734
2023-03-29 00:30:00,807466.1339993709,807739.4160187794
2023-03-29 04:30:00,807523.8675905103,807737.5450134965
2023-03-29 08:30:00,807746.005816187,807737.3345124474
2023-03-29 12:30:00,807757.3356784963,807734.9512499563
2023-03-29 16:30:00,807803.2751258294,807732.8428134863
2023-03-29 20:30:00,807741.3665716704,807733.1154868684
2023-03-30 00:30:00,807756.0334056967,807731.506648448
2023-03-30 04:30:00,807665.8262573907,807730.1324977655
2023-03-30 08:30:00,807858.6365870016,807731.9456802319
2023-03-30 12:30:00,807814.630240398,807733.2176233099
2023-03-30 16:30:00,807660.3310374758,807733.0302929545
2023-03-30 20:30:00,807575.4330272116,807733.3159497621
2023-03-31 00:30:00,807642.6666018608,807732.8896540834
2023-03-31 04:30:00,807991.7924168551,807732.8929738018
2023-03-31 08:30:00,807748.9917460164,807731.2471471895
2023-03-31 12:30:00,807665.4702512068,807728.3529269679
2023-03-31 16:30:00,807804.4690339857,807728.0536746928
2023-03-31 20:30:00,807522.910075466,807726.290542606
2023-04-01 00:30:00,807113.2638526781,807724.384414088
2023-04-01 04:30:00,807496.4611413133,807724.8591945206
2023-04-01 08:30:00,807490.8039332302,807725.2872430166
2023-04-01 12:30:00,807686.5929093634,807726.0756215937
2023-04-01 16:30:00,807535.662916415,807724.172294206
2023-04-01 20:30:00,807602.3452874133,807723.5087643997
2023-04-02 00:30:00,807579.393285813,807722.2095613936
2023-04-02 04:30:00,807993.8150962807,807721.1325335837
2023-04-02 08:30:00,807617.3923885139,807720.7454060296
2023-04-02 12:30:00,807575.2307268602,807718.165213081
2023-04-02 16:30:00,807740.9340993047,807717.1193557725
2023-04-02 20:30:00,807804.1056424192,807716.457166177
2023-04-03 00:30:00,807750.1430130537,807716.9144726477
2023-04-03 04:30:00,807809.2147135863,807717.7778112149
2023-04-03 08:30:00,807838.4491949797,807717.966011064
2023-04-03 12:30:00,807608.6654238054,807718.3965481737
2023-04-03 16:30:00,807527.1731943584,807717.1903687738
2023-04-03 20:30:00,807843.8986630236,807716.7051557091
2023-04-04 00:30:00,807699.8091113328,807718.4344769715
2023-04-04 04:30:00,807859.1134281774,807718.0403595478
2023-04-04 08:30:00,807726.6669082191,807719.7759989775
2023-04-04 12:30:00,807796.6426508987,807721.0134015133
2023-04-04 16:30:00,807811.4601004099,807720.2468780241
2023-04-04 20:30:00,807699.9953698788,807720.2127646769
2023-04-05 00:30:00,807779.5829874157,807721.3769669476
2023-04-05 04:30:00,807939.0613878825,807722.5065591276
2023-04-05 08:30:00,807925.4048239744,807723.2210539668
2023-04-05 12:30:00,807860.0088184074,807723.7109394713
2023-04-05 16:30:00,807848.3296607455,807723.2750931104
2023-04-05 20:30:00,807847.513495267,807721.9129642589
2023-04-06 00:30:00,807748.8814266843,807723.5467792551
2023-04-06 04:30:00,808079.5796555346,807724.2514671162
2023-04-06 08:30:00,807796.6685304714,807722.822796526
2023-04-06 12:30:00,807866.4062467021,807724.3062733819
2023-04-06 16:30:00,808079.0440131215,807725.2861855858
2023-04-06 20:30:00,807763.8959640436,807725.1012598044
2023-04-07 00:30:00,808043.2121601503,807727.249998009
2023-04-07 04:30:00,808341.5576453964,807729.7686206374
2023-04-07 08:30:00,807767.0214136672,807730.510340124
2023-04-07 12:30:00,808196.245744252,807735.5212810554
2023-04-07 16:30:00,808306.4219916348,807738.4066996857
2023-04-07 20:30:00,807976.7357522857,807739.5620685666
2023-04-08 00:30:00,807911.3836544069,807741.1605554672
2023-04-08 04:30:00,808067.4446787543,807743.1007918322
2023-04-08 08:30:00,807731.6656740025,807742.743951808
2023-04-08 12:30:00,807762.5733927273,807744.4396204494
2023-04-08 16:30:00,808258.0009611377,807747.7947185365
2023-04-08 20:30:00,808093.5197824566,807749.5032381814
2023-04-09 00:30:00,808080.7689158691,807752.7133838963
2023-04-09 04:30:00,807827.7798639614,807753.753790112
2023-04-09 08:30:00,807990.3257498513,807754.9972601224
2023-04-09 12:30:00,807617.5470050911,807755.2838689925
2023-04-09 16:30:00,808077.0428386952,807758.3702848172
2023-04-09 20:30:00,807785.9815401888,807758.7826899403
2023-04-10 00:30:00,807812.2654674504,807759.7693444347
2023-04-10 04:30:00,808077.7903159858,807762.4042248862
2023-04-10 08:30:00,807974.1125846921,807763.2136987614
2023-04-10 12:30:00,807958.4493420854,807764.3276935741
2023-04-10 16:30:00,808061.4546202149,807766.0913634901
2023-04-10 20:30:00,807937.1374351613,807767.7451404203
2023-04-11 00:30:00,807824.2907282979,807768.0301563686
2023-04-11 04:30:00,807767.3176612966,807769.7753049147
2023-04-11 08:30:00,807904.2459243363,807769.63613863
2023-04-11 12:30:00,807599.9533999007,807769.8521126212
2023-04-11 16:30:00,807997.0360619348,807772.3577686985
2023-04-11 20:30:00,807852.6248367499,807773.3333794967
2023-04-12 00:30:00,808109.5850019706,807775.2616828252
2023-04-12 04:30:00,807876.4098832941,807773.9492105026
2023-04-12 08:30:00,807859.8973280463,807774.6334273507
2023-04-12 12:30:00,807742.8951557952,807775.3195848016
2023-04-12 16:30:00,807808.9800268405,807775.2645487832
2023-04-12 20:30:00,807597.3542780993,807773.1320590219
2023-04-13 00:30:00,807862.9803154527,807773.5595680468
2023-04-13 04:30:00,808402.1178156945,807777.7118564671
2023-04-13 08:30:00,807446.7599394172,807774.9627583243
2023-04-13 12:30:00,807954.8365037821,807774.4135858017
2023-04-13 16:30:00,808348.9430005066,807778.3054866733
2023-04-13 20:30:00,807898.6197507054,807779.8741570478
2023-04-14 00:30:00,807860.5470517437,807778.7802320957
2023-04-14 04:30:00,807829.1916922608,807777.0978053042
2023-04-14 08:30:00,807734.6752456351,807776.9521795125
2023-04-14 12:30:00,808029.7085480863,807777.142682442
2023-04-14 16:30:00,807698.3658871318,807776.6388651659
2023-04-14 20:30:00,807712.1295969072,807778.5737546207
2023-04-15 00:30:00,807790.5459779608,807778.7064397342
2023-04-15 04:30:00,808040.7412536339,807782.2881114313
2023-04-15 08:30:00,807769.6469945137,807783.1151958897
2023-04-15 12:30:00,807888.7948443734,807785.2548423103
2023-04-15 16:30:00,807751.969370769,807786.057703089
2023-04-15 20:30:00,807755.5441512385,807787.5037751619
2023-04-16 00:30:00,807669.6828670425,807786.5016236886
2023-04-16 04:30:00,807514.669390436,807782.0682727392
2023-04-16 08:30:00,807734.3056726598,807783.3823918379
2023-04-16 12:30:00,807926.9858334544,807782.4397908163
2023-04-16 16:30:00,807849.3947061489,807782.8355135013
2023-04-16 20:30:00,807496.7553078015,807784.385235547
2023-04-17 00:30:00,807865.3407899018,807784.8701943682
2023-04-17 04:30:00,807886.9465380971,807786.1082149182
2023-04-17 08:30:00,807684.0069212655,807785.869776536
2023-04-17 12:30:00,807600.6158652375,807784.8592244422
2023-04-17 16:30:00,808097.926463055,807785.3480355976
2023-04-17 20:30:00,807760.4113639769,807784.0920893709
2023-04-18 00:30:00,807826.5099588897,807784.1477818335
2023-04-18 04:30:00,807675.0321125102,807781.8697955651
2023-04-18 12:30:00,807840.4004533434,807784.0901185599
2023-04-18 16:30:00,807833.7876671347,807783.9958914204
2023-04-18 20:30:00,807593.6555397536,807783.3600235551
2023-04-19 00:30:00,807776.3980844707,807783.6450137392
2023-04-19 04:30:00,807729.7410833626,807784.8515288328
2023-04-19 08:30:00,807666.4904842369,807785.0337510009
2023-04-19 12:30:00,807639.102122295,807786.2245917369
2023-04-19 16:30:00,807840.62681134,807787.466455842
2023-04-19 20:30:00,807826.4108320859,807787.7004600283
2023-04-20 00:30:00,807681.1995674537,807787.1054829749
2023-04-20 04:30:00,807745.1361975705,807786.823054294
2023-04-20 08:30:00,807735.8952274215,807786.7700261705
2023-04-20 12:30:00,807630.158898662,807787.1299771419
2023-04-20 16:30:00,808020.9285292242,807787.6700918613
2023-04-20 20:30:00,807821.9077117863,807788.341302648
2023-04-21 00:30:00,807498.8066291091,807787.1018058233
2023-04-21 04:30:00,807981.4907713841,807788.2469602257
2023-04-21 08:30:00,808139.2713628563,807790.270601122
2023-04-21 12:30:00,807794.0850208877,807790.704210026
2023-04-21 16:30:00,807970.1742219527,807791.3931924895
2023-04-21 20:30:00,808177.5960574405,807794.3968756002
2023-04-22 00:30:00,808076.008769165,807797.0352466273
2023-04-22 04:30:00,807456.8589331394,807795.9543633272
2023-04-22 08:30:00,807662.3274037822,807795.319378366
2023-04-22 12:30:00,807809.0460719459,807796.3765424548
2023-04-22 16:30:00,807904.7989170608,807796.8062367013
2023-04-22 20:30:00,808033.9991991622,807797.9419570109
2023-04-23 00:30:00,807799.3834482181,807797.6876775115
2023-04-23 04:30:00,807658.2572780455,807796.3406831158
2023-04-23 08:30:00,807732.7225964713,807794.7892534767
2023-04-23 12:30:00,807885.6453031184,807795.0013482083
2023-04-23 16:30:00,808010.5750869451,807796.397030791
2023-04-23 20:30:00,807892.190044843,807797.3060923311
2023-04-24 00:30:00,807690.8483552813,807797.1152925623
2023-04-24 04:30:00,807817.1206160064,807797.7708003873
2023-04-24 08:30:00,807528.056124706,807795.8344886558
2023-04-24 12:30:00,807665.6265696514,807793.8725906317
2023-04-24 16:30:00,808118.197452365,807795.353162107
2023-04-24 20:30:00,808154.0853836422,807798.2020193173
2023-04-25 00:30:00,808218.7709253636,807801.5397798371
2023-04-25 04:30:00,807295.1360859305,807800.3117653492
2023-04-25 08:30:00,808125.1308369588,807803.6605412816
2023-04-25 12:30:00,808025.6425244849,807806.8949294137
2023-04-25 16:30:00,808011.9254897932,807810.3673480505
2023-04-25 20:30:00,807801.0052977783,807812.6163077385
2023-04-26 00:30:00,807977.1516979551,807814.9076284836
2023-04-26 04:30:00,807858.5293656449,807815.378837715
2023-04-26 08:30:00,807825.5758946653,807816.3904205556
2023-04-26 12:30:00,807759.8878529023,807816.4412567562
2023-04-26 16:30:00,807875.3906517671,807816.8576163733
2023-04-26 20:30:00,808053.914830984,807818.359577532
2023-04-27 00:30:00,808208.0847140024,807820.3359630834
2023-04-27 04:30:00,807895.3703112325,807821.236256703
2023-04-27 08:30:00,808067.1075852001,807822.4583672521
2023-04-27 12:30:00,808082.6287067382,807823.9531915277
2023-04-27 16:30:00,807729.0492313696,807824.5716540767
2023-04-27 20:30:00,807346.3523996098,807823.7105100608
2023-04-28 00:30:00,807465.5565482848,807823.7072840771
2023-04-28 04:30:00,807443.1437655396,807823.2563129878
2023-04-28 08:30:00,807218.8642468696,807820.3113880196
2023-04-28 12:30:00,807360.0774200228,807818.0920681399
2023-04-28 20:30:00,807736.2276683721,807818.1464391457
2023-04-29 00:30:00,807825.6896539315,807818.5377663829
2023-04-29 04:30:00,807831.0765748447,807819.4661389528
2023-04-29 08:30:00,807469.625386884,807817.2806827724
2023-04-29 12:30:00,808018.8482607476,807818.4279750214
2023-04-29 16:30:00,807944.8509825094,807820.026401679
2023-04-29 20:30:00,807501.3143012945,807819.6100043424
2023-04-30 00:30:00,807799.4512352153,807820.4908168893
2023-04-30 04:30:00,807932.6259542583,807820.1584210319
2023-04-30 08:30:00,807645.634960895,807819.5777649359
2023-04-30 12:30:00,807739.2515847377,807819.9922668095
2023-04-30 16:30:00,807811.7741561495,807820.0333068217
2023-04-30 20:30:00,807707.8746680993,807821.0724337468
2023-05-01 00:30:00,807821.0586208997,807825.0488088491
2023-05-01 04:30:00,807910.8883718891,807827.3770517175
2023-05-01 08:30:00,807865.2182075315,807829.4805026967
2023-05-01 12:30:00,807738.9232566145,807829.7744934115
2023-05-01 16:30:00,807800.8675782029,807831.264407242
2023-05-01 20:30:00,807988.7876560327,807833.4354317846
2023-05-02 00:30:00,807942.1709414757,807835.4735085018
2023-05-02 04:30:00,808075.1174240784,807835.9302631525
2023-05-02 08:30:00,807761.1339934277,807836.7378002586
2023-05-02 12:30:00,807474.6339648927,807836.1726499104
2023-05-02 16:30:00,808081.3163419985,807838.0849097009
2023-05-02 20:30:00,807962.4546575908,807838.9745109096
2023-05-03 00:30:00,807707.7305298186,807838.736238532
2023-05-03 04:30:00,807711.3804165892,807838.18660765
2023-05-03 08:30:00,807653.8712208272,807837.149652739
2023-05-03 12:30:00,807499.7074501407,807836.5375292916
2023-05-03 16:30:00,807506.5257032601,807836.4215321506
2023-05-03 20:30:00,807580.1764578479,807834.9399467282
2023-05-04 00:30:00,807419.4522954377,807833.3649084365
2023-05-04 04:30:00,807302.0076066772,807830.2351004507
2023-05-04 08:30:00,807518.26983105,807829.0643303543
2023-05-04 12:30:00,807462.2148101709,807827.1855222603
2023-05-04 16:30:00,807590.9565037736,807825.9467380096
2023-05-04 20:30:00,807679.4835222567,807825.8315029104
2023-05-05 00:30:00,807666.7075854078,807825.1973714385
2023-05-05 04:30:00,807687.4111028108,807823.7836057921
2023-05-05 08:30:00,807710.1581414773,807822.5743547668
2023-05-05 12:30:00,807343.3215440701,807819.6716172703
2023-05-05 16:30:00,807552.3819287174,807818.0089895623
2023-05-05 20:30:00,807768.1908166317,807817.5633565363
2023-05-06 00:30:00,807323.9017969487,807815.1758305267
2023-05-06 04:30:00,807816.9652661737,807813.7004687886
2023-05-06 08:30:00,807835.3675812829,807813.9178791865
2023-05-06 12:30:00,807553.8181418938,807812.161766238
2023-05-06 16:30:00,807950.3394705432,807811.4387070104
2023-05-06 20:30:00,807917.09596216,807812.2993811568
2023-05-07 00:30:00,807803.5676774237,807810.9530638383
2023-05-07 04:30:00,807863.593869993,807808.2678740887
2023-05-07 08:30:00,808065.6619435096,807809.9456298745
2023-05-07 12:30:00,807861.4488385255,807808.0647483816
2023-05-07 16:30:00,808074.124378092,807806.7597056088
2023-05-07 20:30:00,807620.6959747045,807804.7594821393
2023-05-08 00:30:00,807995.6454221176,807805.2328628568
2023-05-08 04:30:00,807949.7510714548,807804.5716628158
2023-05-08 08:30:00,807934.2413154478,807805.709728217
2023-05-08 12:30:00,807627.232152727,807804.9493841721
2023-05-08 16:30:00,808010.4973100664,807803.5589142224
2023-05-08 20:30:00,807861.2084627877,807802.2537944489
2023-05-09 00:30:00,807553.231282518,807799.2900998795
2023-05-09 04:30:00,807673.3246985022,807798.4223742309
2023-05-09 08:30:00,808042.3380663631,807798.7145782561
2023-05-09 12:30:00,807814.8788610238,807799.8231841885
2023-05-09 16:30:00,807716.5461081743,807797.7979216574
2023-05-09 20:30:00,807801.7354700885,807797.8864268814
2023-05-10 00:30:00,808133.3306706221,807799.690163978
2023-05-10 04:30:00,807457.795463413,807796.2070468287
2023-05-10 08:30:00,808152.5612913591,807797.2095676527
2023-05-10 12:30:00,807959.9421536725,807797.2179542347
2023-05-10 16:30:00,807872.6687735805,807796.1573595906
2023-05-10 20:30:00,807845.6300146728,807795.6432729588
2023-05-11 00:30:00,808131.0535573853,807797.3666596389
2023-05-11 04:30:00,807613.7688514428,807796.5040258758
2023-05-11 08:30:00,807484.832392553,807794.1477700792
2023-05-11 12:30:00,807631.9667191938,807794.3276201875
2023-05-11 16:30:00,807973.1343426121,807794.1933408654
2023-05-11 20:30:00,808048.0673330609,807795.2913324179
2023-05-12 00:30:00,807804.4431648393,807793.577052434
2023-05-12 04:30:00,807751.6950669086,807792.8764073981
2023-05-12 08:30:00,807752.6044994121,807792.2736386978
2023-05-12 12:30:00,807799.6842046048,807792.5926782979
2023-05-12 16:30:00,807711.2265653915,807792.0435015482
2023-05-12 20:30:00,808103.8203049356,807794.8888163058
2023-05-13 00:30:00,808070.7989846974,807796.0563369194
2023-05-13 04:30:00,807565.7499996724,807791.3576413239
2023-05-13 08:30:00,807668.72149938,807792.6046163798
2023-05-13 12:30:00,807607.9624782348,807790.6558858992
2023-05-13 16:30:00,807712.2918388541,807787.0791939799
2023-05-13 20:30:00,807600.8140528407,807785.4061282616
2023-05-14 00:30:00,807996.1772460542,807786.1680956453
2023-05-14 04:30:00,807923.2654046838,807786.6965996475
2023-05-14 08:30:00,807793.315558667,807787.0260396084
2023-05-14 12:30:00,807704.2736742003,807785.1977538001
2023-05-14 16:30:00,807822.8032308932,807785.8968400011
2023-05-14 20:30:00,807586.1670649498,807785.189185327
2023-05-15 00:30:00,807699.9409963527,807784.6801685764
2023-05-15 04:30:00,807715.1563542406,807782.8510399282
2023-05-15 08:30:00,807634.9857201803,807782.0945159151
2023-05-15 12:30:00,807499.9678547181,807779.910094625
2023-05-15 16:30:00,807590.9520428984,807779.0055028953
2023-05-15 20:30:00,807584.2861883164,807778.0433795081
2023-05-16 00:30:00,807591.4870820519,807777.6040773452
2023-05-16 04:30:00,807696.5160331288,807778.6256876974
2023-05-16 08:30:00,807572.122575905,807777.7145467044
2023-05-16 12:30:00,807793.4533513708,807776.964364221
2023-05-16 16:30:00,807724.0571076226,807776.2602204089
2023-05-16 20:30:00,807682.070085321,807777.3013146647
2023-05-17 00:30:00,807788.6319675513,807776.8703662244
2023-05-17 04:30:00,807766.5246542072,807776.1938387869
2023-05-17 08:30:00,807805.1990163693,807776.8746932538
2023-05-17 12:30:00,807694.0965711513,807777.3998657588
2023-05-17 16:30:00,807770.6938964283,807775.5614805531
2023-05-17 20:30:00,807688.7635925147,807775.1589649831
2023-05-18 00:30:00,807749.5841127309,807774.726797308
2023-05-18 04:30:00,807735.2680078129,807775.0652012142
2023-05-18 08:30:00,807614.8747927735,807774.1702827313
2023-05-18 12:30:00,807710.4545269303,807773.4443278352
2023-05-18 16:30:00,808073.0764310765,807774.7811365724
2023-05-18 20:30:00,807873.4313997054,807776.3441302034
2023-05-19 00:30:00,807635.3441581199,807775.5561194415
2023-05-19 04:30:00,807749.7112619068,807775.667684685
2023-05-19 08:30:00,807664.8504904096,807775.6585227081
2023-05-19 12:30:00,807922.3277233599,807777.2407886358
2023-05-19 16:30:00,808056.6061360736,807778.4473770423
2023-05-19 20:30:00,807720.5298679787,807777.8558632763
2023-05-20 00:30:00,807679.823856522,807777.8481777404
2023-05-20 04:30:00,807580.0897943763,807776.9261307952
2023-05-20 08:30:00,807657.2591176141,807776.486822919
2023-05-20 12:30:00,807856.8421760771,807777.7532099438
2023-05-20 16:30:00,808016.472472711,807777.7283157733
2023-05-20 20:30:00,807953.4213821387,807778.4630290155
2023-05-21 00:30:00,807608.3409914998,807779.0749528277
2023-05-21 04:30:00,807575.4679613167,807776.8066689725
2023-05-21 08:30:00,807652.3538026552,807774.0864591392
2023-05-21 12:30:00,807663.2453680611,807773.3555113578
2023-05-21 16:30:00,808183.5295193794,807774.5474403937
2023-05-21 20:30:00,807956.2730990741,807773.3109992858
2023-05-22 00:30:00,807710.0462284375,807771.2665158178
2023-05-22 04:30:00,807457.7792254139,807771.2716571155
2023-05-22 08:30:00,807790.66013673,807771.9885997578
2023-05-22 12:30:00,807644.8248612105,807771.0711628261
2023-05-22 16:30:00,807915.9571254314,807771.1334991857
2023-05-22 20:30:00,808069.4603007765,807771.3316058988
2023-05-23 00:30:00,807971.2695691985,807772.2918635579
2023-05-23 04:30:00,807776.7818558969,807772.9540120374
2023-05-23 08:30:00,807706.8468371012,807772.8094547224
2023-05-23 12:30:00,807893.289888106,807772.8521619011
2023-05-23 16:30:00,807864.5950915858,807772.0366312009
2023-05-23 20:30:00,808235.1286106639,807773.9524891105
2023-05-24 00:30:00,807743.1732334753,807774.2448068657
2023-05-24 04:30:00,807530.2255577617,807772.6420411774
2023-05-24 08:30:00,807839.7622710018,807774.3834162962
2023-05-24 12:30:00,807786.4860682151,807775.0586090256
2023-05-24 16:30:00,808011.1025513187,807774.460313489
2023-05-24 20:30:00,808380.91973188,807775.7275444849
2023-05-25 00:30:00,808103.89867946,807775.0858000943
2023-05-25 04:30:00,807775.3548602577,807777.768586543
2023-05-25 08:30:00,807607.5455197123,807774.8770484579
2023-05-25 12:30:00,807684.8096292249,807772.9729540709
2023-05-25 16:30:00,807445.5778497796,807769.8090007748
2023-05-25 20:30:00,807671.3938134272,807769.0849142701
2023-05-26 00:30:00,807638.5887675108,807767.1935012507
2023-05-26 04:30:00,807350.8611567147,807764.3573660053
2023-05-26 08:30:00,807640.4137280594,807763.3229404936
2023-05-26 12:30:00,807585.6462755771,807762.3495238605
2023-05-26 16:30:00,807226.716679428,807758.72564692
2023-05-26 20:30:00,807374.1139253804,807754.9278764976
2023-05-27 00:30:00,807549.6437195971,807751.2494351882
2023-05-27 04:30:00,807292.3880435319,807747.8808191675
2023-05-27 08:30:00,807375.3414896056,807744.0162041083
2023-05-27 12:30:00,807210.5598188657,807739.14431088
2023-05-27 16:30:00,807246.227104616,807736.4469805628
2023-05-27 20:30:00,807412.8123355039,807736.8182651211
2023-05-28 00:30:00,807595.0917654269,807737.541925552
2023-05-28 04:30:00,807398.2284573829,807737.2910020426
2023-05-28 08:30:00,807237.8524701118,807737.3970815021
2023-05-28 12:30:00,807368.086698465,807737.4418260743
2023-05-28 16:30:00,807406.1978799005,807735.601581929
2023-05-28 20:30:00,807758.7154016224,807735.7265137803
2023-05-29 00:30:00,807724.5609181094,807735.1646874703
2023-05-29 04:30:00,807559.1903314403,807733.6542083402
2023-05-29 08:30:00,807458.6479935269,807733.5932228216
2023-05-29 12:30:00,807695.4397623673,807731.7965089417
2023-05-29 16:30:00,807566.0174654138,807729.6918782911
2023-05-29 20:30:00,807610.7183600543,807730.2996786177
2023-05-30 00:30:00,807834.4660275555,807730.4942052418
2023-05-30 04:30:00,807721.3460975254,807729.32042826
2023-05-30 08:30:00,807579.2939921276,807728.9518673223
2023-05-30 12:30:00,807484.1766015416,807727.5347840824
2023-05-30 16:30:00,807784.4288113198,807727.3828654999
2023-05-30 20:30:00,807521.977081465,807726.3501011297
2023-05-31 00:30:00,807469.8094815648,807724.3987170223
2023-05-31 04:30:00,807666.6688212943,807723.0419417412
2023-05-31 08:30:00,807665.1861757698,807721.9306526759
2023-05-31 12:30:00,807750.8212966312,807721.9967528982
2023-05-31 16:30:00,807687.1076125051,807721.3647530887
2023-05-31 20:30:00,807551.1285045955,807718.9333133587
2023-06-01 00:30:00,807503.8291046969,807716.498080932
2023-06-01 04:30:00,807641.6217376058,807714.0897715626
2023-06-01 08:30:00,807510.4448831093,807712.6970542831
2023-06-01 12:30:00,807336.4196878327,807711.9291971884
2023-06-01 16:30:00,807508.3572430755,807708.7460910834
2023-06-01 20:30:00,807562.7171639267,807706.5253272296
2023-06-02 00:30:00,807495.6872219503,807705.3473088526
2023-06-02 04:30:00,807442.7863979471,807703.8551198601
2023-06-02 08:30:00,807908.0580231352,807705.2672687619
2023-06-02 12:30:00,807521.5643523422,807705.3886959961
2023-06-02 16:30:00,807772.5304333969,807706.8665000526
2023-06-02 20:30:00,807827.8159414517,807708.2422749613
2023-06-03 00:30:00,807547.8402521928,807708.955541388
2023-06-03 04:30:00,807682.7502398867,807711.070778239
2023-06-03 08:30:00,807745.4868871971,807712.3330952176
2023-06-03 12:30:00,807521.2891142624,807712.661285796
2023-06-03 16:30:00,807892.9308000093,807714.3389207751
2023-06-03 20:30:00,807836.4998622253,807715.211233775
2023-06-04 00:30:00,807689.6891153341,807715.338908941
2023-06-04 04:30:00,807840.8976966006,807716.19161224
2023-06-04 08:30:00,807712.9440108265,807716.2070892919
2023-06-04 12:30:00,807743.1418630132,807718.4283132862
2023-06-04 16:30:00,808055.1490270762,807721.2214638325
2023-06-04 20:30:00,808329.5422339201,807724.3400828175
2023-06-05 00:30:00,807660.7824147707,807726.2116418052
2023-06-05 04:30:00,807888.6643890856,807726.6099702658
2023-06-05 08:30:00,807999.0920209268,807727.5195504861
2023-06-05 12:30:00,807494.0403490002,807727.1874516368
2023-06-05 16:30:00,807708.2887544351,807725.8427254361
2023-06-05 20:30:00,807470.5708048866,807723.362030118
2023-06-06 00:30:00,807489.4945036256,807721.6171791523
2023-06-06 04:30:00,807647.399898264,807720.4161015317
2023-06-06 08:30:00,807839.9320812986,807719.1620467416
2023-06-06 12:30:00,807796.392194923,807718.8006209438
2023-06-06 16:30:00,807709.3496042383,807716.7740944223
2023-06-06 20:30:00,808357.9323842304,807720.8698522531
2023-06-07 00:30:00,807849.0676999192,807720.0555315743
2023-06-07 04:30:00,807786.8477571652,807719.1505131616
2023-06-07 08:30:00,808104.2015426155,807720.0947366458
2023-06-07 12:30:00,807760.122092845,807720.8330140909
2023-06-07 16:30:00,807760.7631156483,807719.4456018996
2023-06-07 20:30:00,807949.6490492319,807719.9369384912
2023-06-08 00:30:00,807659.1513751221,807720.52538345
2023-06-08 04:30:00,807515.2691174543,807719.6472968885
2023-06-08 08:30:00,808110.8689481578,807720.0280240097
2023-06-08 12:30:00,807696.4922071481,807719.3703203769
2023-06-08 16:30:00,807866.7906205844,807720.2050121127
2023-06-08 20:30:00,807992.8214288115,807721.2666007723
2023-06-09 00:30:00,808041.1556070743,807720.7545170859
2023-06-09 04:30:00,807605.3658416101,807721.5743525204
2023-06-09 08:30:00,807585.6831658671,807718.4250296009
2023-06-09 12:30:00,807581.3173540054,807716.3215584917
2023-06-09 16:30:00,807736.1518933433,807715.5631313792
2023-06-09 20:30:00,807894.4538113568,807715.834374694
2023-06-10 00:30:00,807990.5462288575,807715.0537784245
2023-06-10 04:30:00,807516.7025531814,807714.5145212119
2023-06-10 08:30:00,807511.9435182996,807714.6651385771
2023-06-10 12:30:00,807581.5130769282,807714.3848405646
2023-06-10 16:30:00,807660.4933346933,807712.6479460762
2023-06-10 20:30:00,807743.271110033,807710.954633726
2023-06-11 00:30:00,807642.0065087456,807710.0522078587
2023-06-11 04:30:00,807587.0507443969,807709.1375171782
2023-06-11 08:30:00,807418.282065451,807707.280170323
2023-06-11 12:30:00,807547.85647899,807705.8811274029
2023-06-11 16:30:00,807779.6549605838,807706.2612851539
2023-06-11 20:30:00,807759.0861126261,807704.3460951966
2023-06-12 00:30:00,807714.356743501,807702.3658605233
2023-06-12 04:30:00,807609.9404893984,807702.6113632439
2023-06-12 08:30:00,807540.1325093252,807701.896979966
2023-06-12 12:30:00,807690.2822109776,807702.3543118145
2023-06-12 16:30:00,807667.2826189023,807702.1042605925
2023-06-12 20:30:00,807511.017161476,807701.6053889738
2023-06-13 00:30:00,807687.3840370992,807699.8898711463
2023-06-13 04:30:00,807480.2247843615,807697.4285343667
2023-06-13 08:30:00,807807.8234001244,807697.509133486
2023-06-13 12:30:00,807787.6612553895,807697.9723978259
2023-06-13 16:30:00,807468.6159144286,807696.0046905122
2023-06-13 20:30:00,807602.9176896341,807696.0977495383
2023-06-14 00:30:00,807810.6054012991,807696.712551788
2023-06-14 04:30:00,807600.2738337287,807696.0743155628
2023-06-14 08:30:00,807863.1888105103,807697.342110509
2023-06-14 12:30:00,807886.0816572383,807699.4871871899
2023-06-14 16:30:00,807865.5828358261,807701.0129138172
2023-06-14 20:30:00,807728.8980478337,807701.8163130368
2023-06-15 00:30:00,807765.1670458023,807702.7812017242
2023-06-15 04:30:00,807490.2572944014,807701.6353198424
2023-06-15 08:30:00,807521.7009102558,807701.3551994778
2023-06-15 12:30:00,807609.7557615716,807700.3346573121
2023-06-22 08:30:00,807954.0354941848,807679.7245166334
2023-06-22 12:30:00,807299.6707210168,807675.4843797258
2023-06-22 16:30:00,807377.6404550315,807672.0061323217
2023-06-22 20:30:00,808000.9533020749,807670.3334515461
2023-06-23 00:30:00,807901.7929560612,807671.4664495646
2023-06-23 04:30:00,807612.1810633782,807672.0518460333
2023-06-23 08:30:00,807796.9327491567,807671.7459208773
2023-06-23 12:30:00,807806.4553301795,807671.8885584627
2023-06-23 16:30:00,807687.9775256333,807669.580522565
2023-06-23 20:30:00,807771.8072056171,807665.229718806
2023-06-24 00:30:00,807642.3565267071,807661.9329891434
2023-06-24 04:30:00,807265.8004233519,807658.2933145942
2023-06-24 08:30:00,807486.0588861796,807657.425552926
2023-06-24 12:30:00,807663.665590647,807657.274524079
2023-06-24 16:30:00,807804.6639809771,807659.8394250162
2023-06-24 20:30:00,807854.8148161512,807661.1495750356
2023-06-25 00:30:00,807743.5668064798,807661.899418171
2023-06-25 04:30:00,807627.6941274634,807663.8767965336
2023-06-25 08:30:00,807637.35876519,807663.8549753702
2023-06-25 12:30:00,807803.6952947256,807665.4124683641
2023-06-25 16:30:00,807625.6358884565,807668.2618912858
2023-06-25 20:30:00,807679.9462204931,807670.4464076795
2023-06-26 00:30:00,807561.6621654781,807670.5322537215
2023-06-26 04:30:00,807487.9548068978,807671.9291591741
2023-06-26 08:30:00,807621.9587125685,807673.6907107666
2023-06-26 12:30:00,808091.2526011663,807679.9813734974
2023-06-26 16:30:00,807434.4338680595,807681.3257075219
2023-06-26 20:30:00,807533.5305479597,807682.187980468
2023-06-27 00:30:00,807995.7865247593,807685.0500858919
2023-06-27 04:30:00,807897.4394720617,807688.615878854
2023-06-27 08:30:00,807400.0805587515,807689.7746509156
2023-06-27 12:30:00,807674.5078038209,807691.9633730967
2023-06-27 16:30:00,807840.3792241326,807695.0646684127
2023-06-27 20:30:00,807533.8406417798,807693.4584201282
2023-06-28 00:30:00,807785.7010237866,807693.8951351686
2023-06-28 04:30:00,807822.8666364326,807695.7785373472
2023-06-28 08:30:00,807663.3805866459,807697.2409130122
2023-06-28 12:30:00,807758.7528346754,807697.693149243
2023-06-28 16:30:00,807742.026945709,807698.9503598165
2023-06-28 20:30:00,807512.7229871927,807698.2503928675
2023-06-29 00:30:00,807867.1149026658,807698.4835991183
2023-06-29 04:30:00,807758.3293151197,807698.7477649583
2023-06-29 08:30:00,807523.1267854088,807698.3465706246
2023-06-29 12:30:00,807835.2744590306,807700.8544124638
2023-06-29 16:30:00,807890.8425524634,807701.614510615
2023-06-29 20:30:00,807792.511751465,807703.5469011149
2023-06-30 00:30:00,807769.6738777355,807705.6887896588
2023-06-30 04:30:00,808126.356044474,807708.9722698246
2023-06-30 08:30:00,807964.4300558643,807711.1097261108
2023-06-30 12:30:00,808093.5594369747,807713.5578556848
2023-06-30 16:30:00,807810.1978380712,807714.4370715817
2023-06-30 20:30:00,807733.3146761255,807715.7384013783
2023-07-01 00:30:00,807604.1011223911,807716.4546300762
2023-07-01 04:30:00,808073.9646851247,807719.542793987
2023-07-01 08:30:00,808205.8150454288,807724.5097237178
2023-07-01 12:30:00,807798.249639896,807727.8085090898
2023-07-01 16:30:00,807908.1585373663,807730.6642326204
2023-07-01 20:30:00,807382.3420177904,807729.3758387194
2023-07-02 00:30:00,807171.0625523756,807727.0570910795
2023-07-02 04:30:00,807536.6415557311,807727.7274850638
2023-07-02 08:30:00,807800.9960870064,807726.9627569485
2023-07-02 12:30:00,807793.0496736809,807728.9019378154
2023-07-02 16:30:00,807845.6427647704,807729.4241687537
2023-07-02 20:30:00,807637.1126245939,807728.0620022047
2023-07-03 00:30:00,807147.8060010606,807725.2046146966
2023-07-03 04:30:00,807328.8806298106,807722.6769746245
2023-07-03 08:30:00,807927.2601184992,807723.9753548482
2023-07-03 12:30:00,807646.8758439734,807724.8724029175
2023-07-03 16:30:00,808195.2747352924,807727.0320024553
2023-07-03 20:30:00,807923.734857977,807727.6551095678
2023-07-04 00:30:00,807229.0211172838,807724.3646238674
2023-07-04 04:30:00,807897.7586812176,807724.7707737575
2023-07-04 08:30:00,807926.4423490912,807726.2957618879
2023-07-04 12:30:00,807693.1613979161,807725.9387585658
2023-07-04 16:30:00,807248.9877112671,807720.1804634529
2023-07-04 20:30:00,808113.9121898939,807718.6402488528
2023-07-05 00:30:00,807192.7139925439,807715.2969029797
2023-07-05 04:30:00,807727.7168641676,807714.1472778016
2023-07-05 08:30:00,808204.6124856641,807715.6152811212
2023-07-05 12:30:00,807556.890963046,807716.0642140787
2023-07-05 16:30:00,808071.9942977618,807718.6621108169
2023-07-05 20:30:00,808224.1815962907,807724.0450450411
2023-07-06 00:30:00,808108.4603646251,807728.4662297624
2023-07-06 04:30:00,807138.4149174587,807724.8306227569
2023-07-06 08:30:00,807870.3407398928,807725.047827461
2023-07-06 12:30:00,807636.2363448055,807723.903857103
2023-07-06 16:30:00,807595.115917204,807723.0879021956
2023-07-06 20:30:00,807906.6630203724,807719.8645495967
2023-07-07 00:30:00,807641.5197861673,807718.3820644984
2023-07-07 04:30:00,807094.2236973374,807713.4347497855
2023-07-07 08:30:00,807311.6945114431,807707.7739852772
2023-07-07 12:30:00,807700.1508087729,807707.3456189623
2023-07-07 16:30:00,807815.9290849278,807707.7396615999
2023-07-07 20:30:00,807843.9399928688,807706.9845969117
2023-07-08 00:30:00,807224.7972161563,807703.8820672047
2023-07-08 04:30:00,807688.9642220275,807705.122746523
2023-07-08 08:30:00,807815.0396447696,807703.0096800704
2023-07-08 12:30:00,807865.3410403125,807704.2157431644
2023-07-08 16:30:00,807414.6146690075,807700.9859149387
2023-07-08 20:30:00,807750.7216007204,807699.2566304525
2023-07-09 00:30:00,807645.1929638897,807696.4283258583
2023-07-09 04:30:00,807646.0931853651,807696.7192354565
2023-07-09 08:30:00,807564.2930238238,807696.5664487276
2023-07-09 12:30:00,807487.8435873822,807695.898778966
2023-07-09 16:30:00,807622.944964802,807695.090158048
2023-07-09 20:30:00,807531.1620479962,807692.495216881
2023-07-10 00:30:00,807740.191494329,807690.7069687772
2023-07-10 04:30:00,807624.2182208055,807691.4749378318
2023-07-10 08:30:00,807561.8727990029,807691.831575551
2023-07-10 12:30:00,807848.7082961969,807693.7401128316
2023-07-10 16:30:00,807878.9135976405,807695.3002575667
2023-07-10 20:30:00,808078.5828896376,807697.6953417069
2023-07-11 00:30:00,807517.3677711446,807696.8050650097
2023-07-11 04:30:00,807897.6614247632,807699.0237127267
2023-07-11 08:30:00,807790.7847172575,807701.6844459539
2023-07-11 12:30:00,807860.4448945652,807703.9172203509
2023-07-11 16:30:00,807748.0312242049,807703.6913365194
2023-07-11 20:30:00,807727.1807531979,807703.463441095
2023-07-12 00:30:00,807876.6987733612,807704.6230270226
2023-07-12 04:30:00,808042.1958577521,807707.710565368
2023-07-12 08:30:00,807532.7392722829,807707.657756532
2023-07-12 12:30:00,807718.7552625494,807707.8611354718
2023-07-12 16:30:00,807842.6154840268,807709.1135130798
2023-07-12 20:30:00,807827.2581998913,807711.3723776399
2023-07-13 00:30:00,807793.741952346,807712.1320770346
2023-07-13 04:30:00,807994.5175480725,807715.8055967754
2023-07-13 08:30:00,807833.3983131754,807715.9882747257
2023-07-13 12:30:00,807298.7012096475,807712.4957029704
2023-07-13 16:30:00,807746.1232410681,807714.4778981607
2023-07-13 20:30:00,807903.8303732125,807716.6272744719
2023-07-14 00:30:00,807758.0672641699,807716.2520020639
2023-07-14 04:30:00,807948.2728828624,807718.7377095576
2023-07-14 08:30:00,807646.5756277632,807717.190472538
2023-07-14 12:30:00,807504.899312062,807714.4677415012
2023-07-14 16:30:00,807873.3907481837,807714.5235123037
2023-07-14 20:30:00,807774.4453054325,807714.8488498579
2023-07-15 00:30:00,807675.3316223334,807714.2071682618
2023-07-15 04:30:00,807881.4146724563,807717.0011495335
2023-07-15 08:30:00,808305.7100994575,807722.6012151707
2023-07-15 12:30:00,807691.10061185,807723.1822498156
2023-07-15 16:30:00,807733.5260002761,807723.2556097478
2023-07-15 20:30:00,807989.3207933604,807725.1293082241
2023-07-16 00:30:00,807564.7360819891,807724.0076772714
2023-07-16 04:30:00,807821.2979248269,807724.6833039905
2023-07-16 08:30:00,808222.3354919923,807728.1153880457
2023-07-16 12:30:00,807655.2759678933,807727.6164879076
2023-07-16 16:30:00,807693.1559805869,807727.3820626878
2023-07-16 20:30:00,807749.5316518111,807727.5317220737
2023-07-17 00:30:00,807780.0719945228,807727.8843413519
2023-07-17 04:30:00,807995.6718364547,807729.6695913193
2023-07-17 08:30:00,808539.665284319,807735.0338012067
2023-07-17 12:30:00,808229.1646592283,807738.2846621148
2023-07-17 16:30:00,807360.8851492027,807735.8179986316
2023-07-17 20:30:00,807607.2934147551,807734.9834234116
2023-07-18 00:30:00,807548.7272059806,807733.7817703959
2023-07-18 04:30:00,807796.9123453156,807734.1864535685
2023-07-18 08:30:00,807720.5684312088,807734.0997145727
2023-07-18 12:30:00,808142.7412153749,807736.6860531853
2023-07-18 16:30:00,808026.6740118811,807738.5098768249
2023-07-18 20:30:00,807525.1635384855,807737.1764622102
2023-07-19 00:30:00,807367.7762386941,807734.8820508841
2023-07-19 04:30:00,807834.3329404974,807735.4959452645
2023-07-19 08:30:00,808478.5172738106,807740.0543583229
2023-07-19 12:30:00,807842.2300516282,807740.6773808431
2023-07-19 16:30:00,807626.2458405711,807739.9838563566
2023-07-19 20:30:00,807849.0909086993,807740.6411277563
2023-07-20 04:30:00,807762.4202200032,807740.7715414823
2023-07-20 08:30:00,808059.3075878051,807742.667589377
2023-07-20 12:30:00,807789.3437502374,807742.9437796781
2023-07-20 16:30:00,807828.1546989507,807743.4450203796
2023-07-20 20:30:00,807894.7907045109,807744.33008286
2023-07-21 00:30:00,807245.8931572067,807741.4321937573
2023-07-21 04:30:00,807575.4962678988,807740.4730265557
2023-07-21 08:30:00,808141.8240811776,807742.7796418122
2023-07-21 12:30:00,808398.9216633724,807746.5290247926
2023-07-21 16:30:00,807575.1777259147,807745.5554378671
2023-07-21 20:30:00,807682.8917106465,807745.2014055101
2023-07-22 00:30:00,807633.9309535999,807744.5762906116
2023-07-22 04:30:00,807533.7232468658,807743.3983406466
2023-07-22 08:30:00,807739.8713009497,807742.2018926396
2023-07-22 12:30:00,807906.3205887707,807745.5909980461
2023-07-22 16:30:00,807461.9702548856,807746.0621142464
2023-07-22 20:30:00,807652.4696694893,807744.1152783103
2023-07-23 00:30:00,807585.5745362282,807742.348694959
2023-07-23 04:30:00,807263.759035461,807740.4022031832
2023-07-23 08:30:00,807777.5172221271,807740.2937365515
2023-07-23 12:30:00,807574.1806424272,807738.9961125978
2023-07-23 16:30:00,807656.881742949,807738.8223931413
2023-07-23 20:30:00,807870.4707881061,807739.3735863396
2023-07-24 00:30:00,807752.8294617967,807739.9907535748
2023-07-24 04:30:00,807495.9909745291,807741.2767343075
2023-07-24 08:30:00,807413.5715764237,807740.8717772698
2023-07-24 12:30:00,807978.5479381942,807742.6308965299
2023-07-24 16:30:00,807772.7926819186,807742.4528445798
2023-07-24 20:30:00,807694.4404893174,807741.5568986199
2023-07-25 00:30:00,807600.9849727426,807740.7603520628
2023-07-25 04:30:00,807765.1535348457,807741.5282817128
2023-07-25 08:30:00,807810.3030001009,807742.4944506229
2023-07-25 12:30:00,807562.8941229213,807741.1491926799
2023-07-25 16:30:00,807715.4474567339,807741.6509332848
2023-07-25 20:30:00,807439.4626127606,807740.3074494427
2023-07-26 04:30:00,807355.5164719368,807740.5670390441
2023-07-26 08:30:00,807614.4583430507,807740.5249021365
2023-07-26 12:30:00,807460.1182470508,807736.9792035179
2023-07-26 16:30:00,807599.6603643844,807737.9074422613
2023-07-26 20:30:00,806959.789421274,807734.6841775045
2023-07-27 00:30:00,807341.8471671938,807731.010360889
2023-07-27 04:30:00,807388.9272996767,807728.1535509317
2023-07-27 08:30:00,807631.0704710167,807729.4512470681
2023-07-27 12:30:00,807450.3774877264,807728.192087989
2023-07-27 16:30:00,807637.8925908565,807727.0545226336
2023-07-27 20:30:00,807455.9203521677,807726.6167681976
2023-07-28 00:30:00,807528.4867802308,807725.1717443573
2023-07-28 04:30:00,807782.8774858505,807724.947086208
2023-07-28 08:30:00,807691.0776979596,807725.1026879569
2023-07-28 12:30:00,807668.479095026,807724.5955321162
2023-07-28 16:30:00,808110.204298467,807726.6639442104
2023-07-28 20:30:00,807660.3464767815,807727.4932896574
2023-07-29 00:30:00,807695.7111845677,807726.530347421
2023-07-29 04:30:00,808026.1659274503,807728.0350474903
2023-07-29 08:30:00,807724.6945833603,807729.1674508494
2023-07-29 12:30:00,807917.33208534,807729.6284487502
2023-07-29 16:30:00,808079.671388405,807730.689284907
2023-07-29 20:30:00,807886.8369221936,807731.2192015965
2023-07-30 00:30:00,807551.576086044,807729.9939331039
2023-07-30 04:30:00,807803.8647698559,807728.1821843702
2023-07-30 08:30:00,808201.8133258244,807729.5157982463
2023-07-30 12:30:00,807556.389251701,807726.4979882167
2023-07-30 16:30:00,808007.1141536378,807727.6042596523
2023-07-30 20:30:00,807830.6348179522,807728.1510020223
2023-07-31 00:30:00,807558.685523895,807727.8958582105
2023-07-31 04:30:00,807879.6604574493,807726.8042614257
2023-07-31 08:30:00,808308.7425066981,807727.3825055903
2023-07-31 12:30:00,807190.7719126977,807723.96970937
2023-07-31 16:30:00,807897.7243574682,807723.9110903817
2023-07-31 20:30:00,807929.0432331901,807726.9824455245
2023-08-01 00:30:00,807738.9729652085,807730.1729534616
2023-08-01 04:30:00,807915.5290333077,807732.3015347964
2023-08-01 08:30:00,808271.7597294839,807734.9462743609
2023-08-01 12:30:00,807594.3545121404,807733.8300094084
2023-08-01 16:30:00,807913.8389010279,807734.2131337695
2023-08-01 20:30:00,808206.7850753277,807737.4135407959
2023-08-02 00:30:00,807587.7112931227,807739.8849188413
2023-08-02 04:30:00,807633.8316904969,807741.5981270473
2023-08-02 08:30:00,808382.2443972138,807744.154218501
2023-08-02 12:30:00,807594.142927006,807743.8579661585
2023-08-02 16:30:00,807796.2792816954,807741.6164186662
2023-08-02 20:30:00,808041.3511580384,807742.277184397
2023-08-03 00:30:00,807397.4039524824,807743.2231553813
2023-08-03 04:30:00,807673.1577317873,807741.9613522944
2023-08-03 08:30:00,807791.852555454,807741.2052298583
2023-08-03 12:30:00,807750.959032861,807741.5299356725
2023-08-03 16:30:00,807945.3504155236,807745.4420856966
2023-08-03 20:30:00,807924.8249878465,807744.3797980447
2023-08-04 00:30:00,807556.673262775,807746.424513046
2023-08-04 04:30:00,807686.4405674118,807746.1926237383
2023-08-04 08:30:00,808338.2283407456,807746.9432746095
2023-08-04 12:30:00,807664.7356542519,807747.5491436613
2023-08-04 16:30:00,807823.1534473301,807746.1511613555
2023-08-04 20:30:00,807968.9281546979,807744.7171532565
2023-08-05 00:30:00,807918.5673663209,807743.6503386594
2023-08-05 04:30:00,807354.3468550104,807744.8634394322
2023-08-05 08:30:00,808042.939920918,807745.8330977525
2023-08-05 12:30:00,807790.86368918,807746.7017906985
2023-08-05 16:30:00,808077.0065436397,807749.4090414088
2023-08-05 20:30:00,807543.915968382,807747.3711366223
2023-08-06 00:30:00,807547.5011831844,807746.8429422234
2023-08-06 04:30:00,807741.9680523903,807750.4819554541
2023-08-06 08:30:00,807563.699386714,807751.8977131803
2023-08-06 12:30:00,807530.80072698,807750.9463082266
2023-08-06 16:30:00,808216.8966391608,807753.1989349356
2023-08-06 20:30:00,807931.7665974114,807753.6923428265
2023-08-07 00:30:00,807544.8981876948,807755.4906628912
2023-08-07 04:30:00,807761.7017008443,807755.8993004127
2023-08-07 08:30:00,807851.1120975305,807756.1019546416
2023-08-07 12:30:00,807958.1576005841,807756.6233959915
2023-08-07 16:30:00,807686.6816412914,807758.1518621279
2023-08-07 20:30:00,807698.3533786121,807757.857658633
2023-08-08 00:30:00,807818.2126536896,807758.8296793622
2023-08-08 04:30:00,807925.636278969,807760.4001461802
2023-08-08 08:30:00,807539.5815067267,807760.2613174324
2023-08-08 12:30:00,807747.9558746378,807761.722622417
2023-08-08 16:30:00,807815.8760931204,807762.8065051604
2023-08-08 20:30:00,807469.1105454729,807762.4579012137
2023-08-09 00:30:00,807982.5044898655,807763.8192101772
2023-08-09 04:30:00,808240.8060887052,807767.2831869633
2023-08-09 08:30:00,807619.0399189462,807767.6043505584
2023-08-09 12:30:00,808516.076420643,807771.3536096846
2023-08-09 16:30:00,807671.5138740669,807770.1884426982
2023-08-09 20:30:00,807375.665314658,807766.2394675578
2023-08-10 00:30:00,807584.5087511879,807766.616664075
2023-08-10 04:30:00,807861.0879831766,807766.4111953019
2023-08-10 08:30:00,807913.7151451705,807767.1018156834
2023-08-10 12:30:00,807943.628431255,807767.5691389234
2023-08-10 16:30:00,807731.7226550403,807767.4775177481
2023-08-10 20:30:00,807561.5550621642,807766.5470363379
2023-08-11 00:30:00,807777.9944564921,807765.9925177039
2023-08-11 04:30:00,808047.5877396106,807766.022809175
2023-08-11 08:30:00,808071.4250096484,807769.0491335422
2023-08-11 12:30:00,808207.3791778521,807771.794211718
2023-08-11 16:30:00,807783.627995246,807771.4628213316
2023-08-11 20:30:00,807793.3749160563,807771.2724658045
2023-08-12 00:30:00,807558.4429384012,807769.9505612318
2023-08-12 04:30:00,808293.0039025961,807771.6274508638
2023-08-12 08:30:00,807965.3005806869,807772.3684748386
2023-08-12 12:30:00,807683.017313163,807774.527554072
2023-08-12 16:30:00,807899.8537794672,807775.3912087821
2023-08-12 20:30:00,807687.7376356337,807774.1772046384
2023-08-13 00:30:00,807140.0634662994,807770.7052731896
2023-08-13 04:30:00,807777.3991390986,807769.745308337
2023-08-13 08:30:00,807805.9803365228,807770.6408404086
2023-08-13 12:30:00,808181.8677929067,807774.4440341213
2023-08-13 16:30:00,807883.6324775612,807774.5015719269
2023-08-13 20:30:00,807623.429612185,807773.6531691556
2023-08-14 00:30:00,807281.5269839759,807771.4407835469
2023-08-14 04:30:00,807477.3506936728,807769.1707611943
2023-08-14 08:30:00,808012.1012649945,807767.5212733604
2023-08-14 12:30:00,807591.5069389803,807766.961758344
2023-08-14 16:30:00,807911.6859337788,807767.9626568471
2023-08-14 20:30:00,807792.6446741933,807766.8577348292
2023-08-15 00:30:00,807458.0274691326,807766.2582482401
2023-08-15 04:30:00,807480.3825388836,807764.3429932628
2023-08-15 08:30:00,807655.3052651393,807761.1574301906
2023-08-15 12:30:00,807886.5072834388,807762.4564825251
2023-08-15 16:30:00,807625.0662119009,807762.0739557348
2023-08-15 20:30:00,807676.3491885599,807761.6628183008
2023-08-16 00:30:00,807222.300646386,807758.529271401
2023-08-16 04:30:00,807453.7565070029,807755.4848032582
2023-08-16 08:30:00,807741.5887710552,807751.0012273409
2023-08-16 12:30:00,807819.4419440372,807748.6994143343
2023-08-16 16:30:00,807874.9014830423,807751.5871465467
2023-08-16 20:30:00,807824.6266153276,807752.8081195836
2023-08-17 00:30:00,807577.5615234607,807752.9701101313
2023-08-17 04:30:00,807797.6578419972,807752.9742983151
2023-08-17 08:30:00,807806.657730523,807753.457946064
2023-08-17 12:30:00,807868.7607555483,807751.9187299975
2023-08-17 16:30:00,807769.0413834336,807750.4713556804
2023-08-17 20:30:00,807859.2483361746,807752.3482365663
2023-08-18 00:30:00,807947.6945245864,807755.6062044646
2023-08-18 04:30:00,807436.0653722842,807753.3687462162
2023-08-18 08:30:00,807714.1992599556,807749.0748247901
2023-08-18 12:30:00,807816.6664480822,807748.9312090396
2023-08-18 16:30:00,807909.2916822045,807750.5213542174
2023-08-18 20:30:00,807937.1155265094,807751.0158745424
2023-08-19 00:30:00,807491.9959351528,807749.5688357748
2023-08-19 04:30:00,807481.7604358633,807748.0009040197
2023-08-19 08:30:00,807918.5723379797,807747.2146735737
2023-08-19 12:30:00,807885.0619248727,807747.7494119796
2023-08-19 16:30:00,807678.488126041,807746.913285874
2023-08-19 20:30:00,807889.2196692051,807746.8821627718
2023-08-20 00:30:00,807705.5986973979,807749.4503501471
2023-08-20 04:30:00,807780.7443183523,807750.5969873004
2023-08-20 08:30:00,807798.3564398154,807748.6781736616
2023-08-20 12:30:00,807912.6070077403,807745.96133201
2023-08-20 16:30:00,807860.3536574157,807747.5544936383
2023-08-20 20:30:00,807824.4835305829,807748.3455093922
2023-08-21 00:30:00,807789.4735317836,807749.214462343
2023-08-21 04:30:00,807784.6692258243,807750.6163951863
2023-08-21 08:30:00,808063.3048984001,807752.4232867922
2023-08-21 12:30:00,807872.4737146199,807752.23419811
2023-08-21 16:30:00,807740.8304250251,807753.7920761553
2023-08-21 20:30:00,807770.7051076476,807754.4526093293
2023-08-22 00:30:00,808107.5707204018,807757.3687891293
2023-08-22 04:30:00,807821.25293319,807760.483280178
2023-08-22 08:30:00,807518.1431677178,807759.0342631142
2023-08-22 12:30:00,807766.3051044233,807760.107584131
2023-08-22 16:30:00,807825.6002350432,807761.0501455393
2023-08-22 20:30:00,807633.4744860834,807759.7261438521
2023-08-23 00:30:00,807675.8441204417,807759.2960581462
2023-08-23 04:30:00,808025.4404623634,807762.2538765139
2023-08-23 08:30:00,807727.9957390527,807764.0104360817
2023-08-23 12:30:00,807675.9502737182,807762.319946336
2023-08-23 16:30:00,807851.5362931846,807762.7598547788
2023-08-23 20:30:00,807828.2925544195,807763.5076316788
2023-08-24 00:30:00,808136.9334038007,807766.501756992
2023-08-24 04:30:00,808290.6443358746,807769.437459791
2023-08-24 08:30:00,807938.9211653633,807770.1559970272
2023-08-24 12:30:00,807688.5927419827,807770.8582239494
2023-08-24 16:30:00,807759.0347408518,807771.1017283298
2023-08-24 20:30:00,807999.1111992417,807774.2282567461
2023-08-25 00:30:00,807815.6210093802,807774.4582164829
2023-08-25 04:30:00,807906.1616820019,807777.5173565386
2023-08-25 08:30:00,807519.3858584424,807776.9891760687
2023-08-25 12:30:00,807777.9439165655,807778.7548742326
2023-08-25 16:30:00,807802.0266753735,807779.8791315159
2023-08-25 20:30:00,807833.0823019033,807784.7307586306
2023-08-26 00:30:00,808039.876826218,807788.6087011808
2023-08-26 04:30:00,808068.9747736829,807792.3867427029
2023-08-26 12:30:00,807833.3519345836,807795.4274729742
2023-08-26 16:30:00,807762.1138760697,807796.1214466345
2023-08-26 20:30:00,807694.8567748184,807797.4562869845
2023-08-27 00:30:00,807856.7570160418,807799.2901989165
2023-08-27 04:30:00,808627.7208529306,807804.0099942633
2023-08-27 08:30:00,807409.1374085189,807802.4349088474
2023-08-27 12:30:00,807227.8988857839,807799.9735668963
2023-08-27 16:30:00,808121.0812711407,807800.0343321067
2023-08-27 20:30:00,807660.9392610644,807800.0376437508
2023-08-28 00:30:00,807537.5812013423,807799.1542360233
2023-08-28 04:30:00,807954.6652737433,807798.7547910305
2023-08-28 08:30:00,808507.6970883316,807803.1291067008
2023-08-28 12:30:00,807733.5921037057,807802.1026263563
2023-08-28 16:30:00,807789.4547303484,807800.4813042445
2023-08-28 20:30:00,807375.5528156167,807797.6249684535
2023-08-29 00:30:00,807557.0167102948,807797.6553630023
2023-08-29 04:30:00,807906.7609651595,807798.2302020822
2023-08-29 08:30:00,807797.7408891742,807795.972814168
2023-08-29 12:30:00,807739.1396244819,807796.9937659714
2023-08-29 16:30:00,807857.0881938076,807796.1556321174
2023-08-29 20:30:00,807761.7117171375,807795.7705868614
2023-08-30 00:30:00,807398.2903536472,807794.8745244578
2023-08-30 04:30:00,808041.4556416762,807795.7784081686
2023-08-30 08:30:00,808203.5060201166,807795.1904948357
2023-08-30 12:30:00,807861.3075895427,807798.9365042035
2023-08-30 16:30:00,807739.2337640927,807798.0510818943
2023-08-30 20:30:00,807735.8101093598,807796.971567236
2023-08-31 00:30:00,807446.7505589658,807795.3390398269
2023-08-31 04:30:00,807740.8023044696,807794.3629128502
2023-08-31 08:30:00,808239.1837223333,807794.1809239832
2023-08-31 12:30:00,807847.9022792261,807795.5973919559
2023-08-31 16:30:00,807929.0113094724,807795.6821540141
2023-08-31 20:30:00,807736.0654565585,807793.0524354737
2023-09-01 00:30:00,807605.5482646984,807793.1520833594
2023-09-01 04:30:00,807483.8996789806,807792.3144743567
2023-09-01 08:30:00,807676.6705525157,807788.3727210342
2023-09-01 12:30:00,807715.679349477,807789.0516954614
2023-09-01 16:30:00,807928.3731744359,807789.7896501696
2023-09-01 20:30:00,807906.4065257094,807789.035769542
2023-09-02 00:30:00,807643.6204319588,807790.4112806006
2023-09-02 04:30:00,807518.542434349,807789.5475079892
2023-09-02 08:30:00,807748.2960131353,807789.3041753506
2023-09-02 12:30:00,807841.5448220269,807789.8102412117
2023-09-02 16:30:00,808013.2393398148,807790.1895089452
2023-09-02 20:30:00,807843.4101959746,807789.7346777057
2023-09-03 00:30:00,807769.2224925741,807790.9221035705
2023-09-03 04:30:00,807601.9051343737,807790.4498385815
2023-09-03 08:30:00,807779.5287732065,807787.3286119471
2023-09-03 08:30:00,807779.5287732065,807787.2852795097
2023-09-03 12:30:00,807823.9247828447,807788.1696635574
2023-09-03 12:30:00,807823.9247828447,807788.3672056529
2023-09-03 16:30:00,807635.8127284738,807787.3321740569
2023-09-03 16:30:00,807635.8127284738,807786.4996496307
2023-09-03 20:30:00,807581.4107765248,807784.3704332673
2023-09-06 04:30:00,807767.8829346722,807786.7244317839
2023-09-06 08:30:00,807812.3882167045,807786.4952963943
2023-09-06 12:30:00,808206.6634176881,807787.9657450164
2023-09-06 16:30:00,808212.5806882463,807791.0775736965
2023-09-06 20:30:00,807709.4438977689,807791.1431980701
2023-09-07 00:30:00,807814.3979708732,807791.1206259824
2023-09-07 04:30:00,807742.4505821527,807790.036686948
2023-09-07 08:30:00,807681.3962760569,807790.875827595
2023-09-07 12:30:00,807777.4139015784,807791.0501354467
2023-09-07 16:30:00,807800.7932558357,807790.9608878888
2023-09-07 20:30:00,807884.7870444854,807793.4205121433
2023-09-08 00:30:00,807654.306407362,807791.4785116551
2023-09-08 04:30:00,807925.2960718853,807789.6115884787
2023-09-08 08:30:00,807839.0275695021,807790.913290553
2023-09-08 12:30:00,807704.9573878158,807786.1137696487
2023-09-08 16:30:00,807795.6462144034,807786.8482805383
2023-09-08 20:30:00,807892.9466738377,807789.9091169832
2023-09-09 00:30:00,808190.3622256331,807793.4940487845
2023-09-09 04:30:00,807999.3813984365,807794.3123530169
2023-09-09 08:30:00,807842.6466881102,807793.8918296023
2023-09-09 12:30:00,807763.0532275842,807792.823337273
2023-09-09 16:30:00,808073.3493697928,807794.8447971237
2023-09-09 20:30:00,808116.1719331321,807798.1265537564
2023-09-10 00:30:00,807790.3517704859,807798.1996739575
2023-09-10 04:30:00,807948.5703550351,807797.6137722738
2023-09-10 08:30:00,808193.1744679005,807798.3341832693
2023-09-10 12:30:00,808014.2082460619,807797.1911600044
2023-09-10 16:30:00,807872.114610903,807797.7147494461
2023-09-10 20:30:00,807609.6068962056,807796.6273647132
2023-09-11 00:30:00,807705.5161434038,807797.4976203641
2023-09-11 04:30:00,807668.9859725914,807793.8052065771
2023-09-11 08:30:00,807526.0445617946,807791.2060585364
2023-09-11 12:30:00,807766.4571614533,807791.6997854493
2023-09-11 16:30:00,808203.5221531865,807793.4966397316
2023-09-11 20:30:00,807858.5311052704,807794.5072519779
2023-09-12 00:30:00,807716.0309199934,807797.91534342
2023-09-12 04:30:00,807471.7251811362,807796.1066217752
2023-09-12 08:30:00,807970.2371868797,807797.0785558011
2023-09-12 12:30:00,807967.5210154945,807795.8102316743
2023-09-12 16:30:00,808063.1961081427,807796.872738364
2023-09-12 20:30:00,807874.8916105898,807798.3606791832
2023-09-13 00:30:00,808221.6932828819,807803.9237933779
2023-09-13 04:30:00,807807.9062890201,807805.8797436462
2023-09-13 08:30:00,807809.7388395523,807804.6823328446
2023-09-13 12:30:00,807637.832675487,807804.9564496288
2023-09-13 20:30:00,808007.1813688793,807805.5981592153
2023-09-14 00:30:00,807831.3930321528,807807.8205732809
2023-09-14 04:30:00,807376.86711902,807807.2044100674
2023-09-14 08:30:00,807720.8721690298,807807.5946892572
2023-09-14 12:30:00,807954.5116477364,807807.9994771399
2023-09-14 16:30:00,807861.624099543,807809.4075598044
2023-09-14 20:30:00,807776.489138766,807810.0036309367
2023-09-15 00:30:00,807824.9789083751,807813.5910015438
2023-09-15 04:30:00,807886.3930325386,807816.1662189577
2023-09-15 08:30:00,807896.1402565859,807817.0861682764
2023-09-15 12:30:00,807618.969671739,807815.892880941
2023-09-15 16:30:00,807941.7181419112,807816.2905991487
2023-09-15 20:30:00,807754.3922796255,807815.8725376268
2023-09-16 00:30:00,807774.5863461689,807817.0453044286
2023-09-16 04:30:00,807812.7467318054,807817.1351192488
2023-09-16 08:30:00,807869.3079536485,807817.5080372436
2023-09-16 12:30:00,808002.0654459111,807818.3015175435
2023-09-16 16:30:00,807954.5209639327,807819.4055626653
2023-09-16 20:30:00,808169.667566342,807821.2532961784
2023-09-17 08:30:00,807902.8362161404,807823.9483784173
2023-09-17 12:30:00,807649.9187381461,807822.9438741405
2023-09-17 16:30:00,807205.6304786673,807818.7049512276
2023-09-17 20:30:00,807664.4334730938,807817.0622882553
2023-09-18 00:30:00,807889.6634901755,807819.4578759362
2023-09-18 04:30:00,807496.7266054641,807819.5480335843
2023-09-18 08:30:00,807730.9723129984,807818.417912952
2023-09-18 12:30:00,808180.8995311004,807820.2000672063
2023-09-18 16:30:00,807568.5647493715,807819.5378781903
2023-09-18 20:30:00,807585.4387415729,807817.7078726022
2023-09-19 00:30:00,808165.0962754667,807820.4759303014
2023-09-19 04:30:00,808120.9560000851,807822.5253982636
2023-09-19 08:30:00,807930.0148397356,807823.3185211546
2023-09-19 12:30:00,808148.6727050374,807824.7406036685
2023-09-19 16:30:00,808149.1380578675,807826.4802687315
2023-09-19 20:30:00,808078.3885177791,807828.0098168472
2023-09-20 00:30:00,807528.4552157753,807826.437417353
2023-09-20 04:30:00,807410.9937239784,807824.1863601131
2023-09-20 08:30:00,807063.3423864318,807818.162489559
2023-09-20 12:30:00,807465.8737913852,807815.7130924311
2023-09-20 16:30:00,808095.618803187,807817.8503718176
2023-09-20 20:30:00,808303.2399591834,807821.058413092
2023-09-21 00:30:00,807658.762329434,807818.3547480861
2023-09-21 04:30:00,807216.7644663866,807814.7132512982
2023-09-21 08:30:00,807661.2681613009,807815.5754500547
2023-09-21 12:30:00,807768.6322045705,807815.5894687303
2023-09-21 16:30:00,807716.8707285733,807814.9344717034
2023-09-21 20:30:00,807644.32137676,807814.9998144183
2023-09-22 00:30:00,807783.1710955654,807815.6463624611
2023-09-22 04:30:00,807870.8935818699,807814.7153571569
2023-09-22 08:30:00,807275.5283927352,807811.9896502515
2023-09-22 12:30:00,807566.9178515833,807811.3328284314
2023-09-22 16:30:00,808074.4111753333,807812.6754482033
2023-09-22 20:30:00,807871.9345006876,807812.9383514941
2023-09-23 00:30:00,807706.1652345706,807810.3433625229
2023-09-23 04:30:00,807581.9537748152,807806.0741422755
2023-09-23 08:30:00,807926.8358619462,807806.0013392428
2023-09-23 12:30:00,807622.6823733223,807805.6042888293
2023-09-23 16:30:00,807852.8184729234,807806.1692510707
2023-09-23 20:30:00,808329.3816852497,807808.1588323116
2023-09-24 00:30:00,808166.5342129391,807810.2727672729
2023-09-24 04:30:00,807709.8729069495,807809.0903047725
2023-09-24 08:30:00,807658.2538344372,807809.9268588448
2023-09-24 12:30:00,807954.2180942371,807810.9887514814
2023-09-24 16:30:00,807648.1553204474,807810.0618156083
2023-09-24 20:30:00,807716.7395120801,807809.3609554287
2023-09-25 00:30:00,807959.9625685218,807808.8795442377
2023-09-25 04:30:00,807971.8584148565,807808.2945059316
2023-09-25 08:30:00,807561.2239865594,807806.8150417437
2023-09-25 12:30:00,807440.756013864,807804.464167967
2023-09-25 16:30:00,808073.1401909215,807806.3266009899
2023-09-25 20:30:00,808175.0245770093,807809.2018572906
2023-09-26 00:30:00,808130.5200306533,807810.8411567793
2023-09-26 04:30:00,808062.9542470775,807807.4593208161
2023-09-26 08:30:00,807815.6754687326,807809.893680458
2023-09-26 12:30:00,807870.7447443886,807813.7430568568
2023-09-26 16:30:00,807758.0656300882,807811.5693105033
2023-09-26 20:30:00,807369.9666217269,807809.8269593695
2023-09-27 00:30:00,807380.4697719507,807808.886172367
2023-09-27 04:30:00,807871.7968371455,807808.3899541838
2023-09-27 08:30:00,807945.3955503996,807805.0228791063
2023-09-27 12:30:00,808264.5339665463,807808.2021716983
2023-09-27 16:30:00,808413.5951244931,807811.939539328
2023-09-27 20:30:00,808107.2823852008,807816.3211535171
2023-09-28 00:30:00,808017.2205365641,807819.0768650516
2023-09-28 04:30:00,807712.7810601818,807817.9153087344
2023-09-28 08:30:00,808162.908721746,807820.1019424623
2023-09-28 12:30:00,808013.2374970048,807821.7432470882
2023-09-28 16:30:00,807316.6297463307,807818.5069689596
2023-09-28 20:30:00,807088.4117735287,807814.4752327703
2023-09-29 00:30:00,807307.522715502,807813.931713979
2023-09-29 04:30:00,806866.6585606321,807806.8970009189
2023-09-29 08:30:00,807653.7816008622,807803.6052379294
2023-09-29 12:30:00,807984.534461943,807804.3431233928
2023-09-29 16:30:00,807873.6395899189,807805.1479486971
2023-09-29 20:30:00,807668.1299729067,807804.742678419
2023-09-30 00:30:00,807427.0895388874,807804.6249477599
2023-09-30 04:30:00,807823.6549725533,807805.1210715208
2023-09-30 08:30:00,807967.2756847157,807803.4928796787
2023-09-30 12:30:00,807949.2966713888,807804.1000317276
2023-09-30 16:30:00,807860.9438817207,807803.6924423401
2023-09-30 20:30:00,807712.0394277399,807803.5485739039
2023-10-01 00:30:00,807426.6583447269,807802.4773767784
2023-10-01 04:30:00,807334.8052081799,807801.5845955161
2023-10-01 08:30:00,807392.2477733033,807799.8814651016
2023-10-01 12:30:00,807811.330280781,807800.4542251694
2023-10-01 16:30:00,807696.0410883514,807799.063015073
2023-10-01 20:30:00,807871.3484636437,807798.8530865577
2023-10-02 00:30:00,807583.5114657249,807798.4931526282
2023-10-02 04:30:00,807124.7073626082,807796.1348587854
2023-10-02 08:30:00,807305.7592506516,807793.4849380519
2023-10-02 12:30:00,807830.0009293315,807793.415812946
2023-10-02 16:30:00,807701.8257700866,807791.5510610313
2023-10-02 20:30:00,808242.3033673696,807793.9396428961
2023-10-03 00:30:00,808052.2697422315,807795.6345366066
2023-10-03 04:30:00,807603.3206792382,807795.6430129232
2023-10-03 08:30:00,807715.889943167,807795.3567202103
2023-10-03 12:30:00,807525.1367140304,807793.3727436562
2023-10-03 16:30:00,807457.6720232586,807793.2472516437
2023-10-03 20:30:00,807823.9313351131,807794.7260355377
2023-10-04 00:30:00,808068.6196396921,807796.3859967749
2023-10-04 04:30:00,808035.448388825,807797.8261316668
2023-10-04 08:30:00,808287.305672509,807800.7571468813
2023-10-04 12:30:00,808573.8267041815,807805.3587513891
2023-10-04 16:30:00,808176.753598644,807807.5563540356
2023-10-04 20:30:00,808527.705252664,807811.7925240275
2023-10-05 00:30:00,808578.0197311309,807816.2733848877
2023-10-05 04:30:00,807676.0006355803,807815.4578456477
2023-10-05 08:30:00,807602.2093277301,807814.225195255
2023-10-05 12:30:00,807692.8744652257,807813.5277772665
2023-10-05 16:30:00,807487.0279369759,807811.6620638933
2023-10-05 20:30:00,807804.5097058689,807811.6214254954
2023-10-06 00:30:00,808144.9986232083,807813.504912488
2023-10-06 04:30:00,807549.9919814643,807812.2738901536
2023-10-06 08:30:00,806974.749702063,807807.5414691669
2023-10-06 12:30:00,806948.25772277,807800.4318324724
2023-10-06 16:30:00,807387.6415284247,807795.7711592532
2023-10-06 20:30:00,807684.7706175142,807795.6317621896
2023-10-07 00:30:00,807853.828527844,807795.8545336977
2023-10-07 04:30:00,807345.3423347155,807793.6109842772
2023-10-07 08:30:00,807165.3838004717,807790.6956595564
2023-10-07 12:30:00,807672.7439803119,807790.1043040692
2023-10-07 16:30:00,807915.7609176981,807790.753838882
2023-10-07 20:30:00,807526.9986295418,807788.7324354076
2023-10-08 00:30:00,807818.1398777363,807789.6580482345
2023-10-08 04:30:00,807654.5271341861,807788.128280225
2023-10-08 08:30:00,807603.1442411295,807786.7956060533
2023-10-08 12:30:00,807546.8302168313,807785.9022322062
2023-10-08 16:30:00,807540.4357283756,807784.4603650535
2023-10-08 20:30:00,807699.7642368648,807783.3689388558
2023-10-09 00:30:00,808178.5243733079,807783.3020583341
2023-10-09 04:30:00,808259.9275630921,807784.7740705638
2023-10-09 08:30:00,807332.0383984146,807781.8892779667
2023-10-09 12:30:00,807499.2381194857,807780.39879713
2023-10-09 16:30:00,808024.3783091742,807780.1221244711
2023-10-09 20:30:00,807678.7476700295,807777.6508009508
2023-10-10 00:30:00,807447.5517431383,807775.7140776323
2023-10-10 04:30:00,807510.805075219,807773.2408274639
2023-10-10 08:30:00,807855.6827510251,807771.3340946003
2023-10-10 12:30:00,808030.7521594617,807771.4275630376
2023-10-10 16:30:00,807708.649271806,807770.5040300484
2023-10-10 20:30:00,807767.4299850116,807771.3956859172
2023-10-11 00:30:00,807739.4344230621,807771.587314616
2023-10-11 04:30:00,807491.5523206844,807770.5848646051
2023-10-11 08:30:00,807254.9175864195,807769.0530737839
2023-10-11 12:30:00,807776.3546133133,807769.1089915909
2023-10-11 16:30:00,807114.294256284,807762.955161665
2023-10-11 20:30:00,807362.3211953486,807760.1517158463
2023-10-12 00:30:00,807363.0929626202,807758.1577160871
2023-10-12 04:30:00,808185.6393311062,807762.1911293637
2023-10-12 08:30:00,809216.7793404905,807769.2337404011
2023-10-12 12:30:00,809038.7017758292,807775.2856091035
2023-10-12 16:30:00,808543.99330056,807778.0019774222
2023-10-12 20:30:00,808687.6702211472,807782.5939469733
2023-10-13 00:30:00,807834.9988832258,807780.409232851
2023-10-13 04:30:00,806955.7898902548,807775.5950159088
2023-10-13 08:30:00,807351.2254620391,807773.0045448495
2023-10-13 12:30:00,807627.1758252494,807772.9443366559
2023-10-13 16:30:00,807415.1537073253,807770.9342769407
2023-10-13 20:30:00,807661.8173676219,807768.9940297424
2023-10-14 00:30:00,807385.785578494,807766.4906170815
2023-10-14 04:30:00,807509.5296744399,807767.2359123367
2023-10-14 08:30:00,807795.8782345381,807767.6572947273
2023-10-14 12:30:00,807586.0130702587,807765.5870779998
2023-10-14 16:30:00,807715.1680314938,807764.7642911007
2023-10-14 20:30:00,807916.7718208332,807765.5523960562
2023-10-15 00:30:00,807735.7385350399,807765.051045644
2023-10-15 04:30:00,807873.6510917491,807764.9794617071
2023-10-15 08:30:00,807633.1712316123,807763.5021076343
2023-10-15 12:30:00,807683.1578739653,807763.8627155118
2023-10-15 16:30:00,807742.6409878556,807762.7443045339
2023-10-15 20:30:00,807795.1861887227,807762.9734837986
2023-10-16 00:30:00,807588.6986565678,807761.9291709359
2023-10-16 04:30:00,807731.7053775218,807761.4738824286
2023-10-16 08:30:00,807708.3442815157,807760.5695921355
2023-10-16 16:30:00,807565.9990625555,807757.0101697901
2023-10-16 20:30:00,807673.9019625804,807754.2092341757
2023-10-17 00:30:00,807053.8012505712,807750.2743578634
2023-10-17 04:30:00,807382.6493226063,807748.2205867167
2023-10-17 08:30:00,807398.4152691498,807745.4025925993
2023-10-17 12:30:00,807457.3017993717,807744.3265203156
2023-10-17 16:30:00,807695.9150798579,807747.0655404341
2023-10-17 20:30:00,808238.3145750173,807750.2715801096
2023-10-18 00:30:00,808582.5139805288,807754.1422532401
2023-10-18 04:30:00,807714.0589516734,807755.3564004255
2023-10-18 12:30:00,807484.3464230439,807751.5801699726
2023-10-18 16:30:00,807540.8510226558,807751.4244748787
2023-10-19 00:30:00,807649.5083802466,807749.4493214216
2023-10-19 08:30:00,807120.5297842474,807742.7391411139
2023-10-19 16:30:00,807597.2288440346,807737.2657538123
2023-10-19 20:30:00,808051.7109594044,807737.1133106216
2023-10-20 00:30:00,808582.4104898475,807743.1359121877
2023-10-20 08:30:00,807610.4328592317,807748.188973458
2023-10-20 12:30:00,807766.0500692499,807749.9141244802
2023-10-20 16:30:00,808274.9123883359,807750.9445473832
2023-10-21 00:30:00,807640.4053086387,807747.6459784087
2023-10-21 04:30:00,807493.5945911102,807749.2461525402
2023-10-21 08:30:00,807714.8227183836,807749.5557164539
2023-10-21 12:30:00,808003.9441241142,807750.91590096
2023-10-22 00:30:00,808522.9916317866,807756.0647912102
2023-10-22 04:30:00,807881.5134413822,807756.1268956518
2023-10-22 08:30:00,806802.7081589112,807753.3618650447
2023-10-22 12:30:00,807941.2846652891,807755.5511446571
2023-10-22 16:30:00,808410.042449429,807757.513900646
2023-10-22 20:30:00,808697.9433384207,807762.3443616853
2023-10-23 04:30:00,807321.1711413051,807761.1408116478
2023-10-23 08:30:00,806570.4841297991,807753.1622720468
2023-10-23 12:30:00,807170.2881247359,807750.5011294081
2023-10-23 16:30:00,808043.9321256314,807751.6253273652
2023-10-23 20:30:00,807874.0271803053,807748.9467714537
2023-10-24 00:30:00,808870.3960930755,807753.0871354545
2023-10-24 04:30:00,807944.6933293912,807754.4684320571
2023-10-24 08:30:00,807387.6466745313,807752.8766252343
2023-10-24 12:30:00,808046.7762578247,807753.4210850201
2023-10-24 16:30:00,808099.3951230902,807756.0754368001
2023-10-24 20:30:00,808144.8844434473,807758.5939363965
2023-10-25 00:30:00,808149.2725071433,807759.7075242708
2023-10-25 04:30:00,808026.218392607,807760.0272888459
2023-10-25 08:30:00,807530.1688829733,807759.8446117659
2023-10-25 12:30:00,807252.2282139276,807758.7356247074
2023-10-25 16:30:00,808116.7361733938,807758.9920716631
2023-10-25 20:30:00,807770.6335852853,807756.6133011236
2023-10-26 00:30:00,808030.2471073254,807756.023460398
2023-10-26 04:30:00,807716.4467887406,807753.9851812314
2023-10-26 12:30:00,807387.5167201249,807750.7608125227
2023-10-26 16:30:00,808098.7643050506,807752.7767810137
2023-10-26 20:30:00,807464.1675190245,807753.3341827728
2023-10-27 00:30:00,808094.1709031115,807757.5572663891
2023-10-27 04:30:00,807986.3201880989,807758.2349193534
2023-10-27 08:30:00,807894.1515308864,807757.931700303
2023-10-27 12:30:00,807608.3209950943,807754.0487833122
2023-10-27 16:30:00,807697.2957062634,807749.8103252163
2023-10-27 20:30:00,807729.5347047846,807747.575131841
2023-10-28 00:30:00,807628.4213722531,807745.2745450698
2023-10-28 04:30:00,807236.1021298902,807742.4539596835
2023-10-28 08:30:00,807596.4312980932,807739.1020222655
2023-10-28 16:30:00,808249.1611859616,807743.021045866
2023-10-28 20:30:00,808187.1419552146,807749.5611064711
2023-10-29 00:30:00,807719.5663104365,807752.0137469172
2023-10-29 04:30:00,808112.8688849768,807759.4316655146
2023-10-29 08:30:00,807962.7789332796,807761.2709353504
2023-10-29 12:30:00,807280.149303493,807757.0781665501
2023-10-29 16:30:00,807530.5286571032,807755.035839569
2023-10-29 20:30:00,807898.8739208354,807756.4093154495
2023-10-30 00:30:00,807848.6981246168,807758.9188903647
2023-10-30 04:30:00,807008.3258203075,807754.0657406489
2023-10-30 08:30:00,807304.6198613816,807750.1213607481
2023-10-30 12:30:00,807645.4506403566,807748.3127534206
2023-10-30 20:30:00,808194.9477452176,807750.5299820983
2023-10-31 00:30:00,807376.0381227126,807750.2268669964
2023-10-31 04:30:00,807293.3770578665,807749.9787942399
2023-10-31 08:30:00,807505.9688503495,807750.6597587732
2023-10-31 12:30:00,807714.7170452854,807750.081236405
2023-10-31 16:30:00,807853.5300397603,807751.0242840182
2023-10-31 20:30:00,808716.601403185,807756.0856788658
2023-11-01 00:30:00,807965.3921144626,807758.3723893373
2023-11-01 04:30:00,807316.4263815328,807759.5204074145
2023-11-01 08:30:00,807924.1514323363,807763.2233546103
2023-11-01 12:30:00,807695.2391160467,807762.4163976446
2023-11-01 16:30:00,807368.8566577227,807760.4225706244
2023-11-01 20:30:00,808054.4939561532,807759.2979633715
2023-11-02 00:30:00,808309.0765191934,807760.8357285031
2023-11-02 04:30:00,807691.6182809322,807761.364456657
2023-11-02 08:30:00,807560.2949928315,807760.4327503674
2023-11-02 12:30:00,808168.7074970092,807764.2864676309
2023-11-02 16:30:00,807846.9726358062,807766.6176090233
2023-11-02 20:30:00,807725.3375731752,807766.0272272152
2023-11-03 00:30:00,807652.6618220631,807763.5364618403
2023-11-03 04:30:00,807367.8490782978,807759.5388611786
2023-11-03 08:30:00,807667.6796838593,807755.828525917
2023-11-03 12:30:00,807783.0036398512,807751.093058466
2023-11-03 16:30:00,807645.1452590338,807747.9097749953
2023-11-03 20:30:00,808046.5659856778,807745.0287015402
2023-11-04 00:30:00,807885.9332853786,807740.8844713261
2023-11-04 04:30:00,807450.1653448605,807739.5321641963
2023-11-04 08:30:00,806948.3497862846,807735.6168376007
2023-11-04 12:30:00,807691.1317225834,807735.606402016
2023-11-04 16:30:00,807726.8761880248,807737.0426190881
2023-11-04 20:30:00,807695.8019576947,807736.3916744882
2023-11-05 00:30:00,807932.2383654678,807735.1176609689
2023-11-05 04:30:00,807861.8988280053,807736.9853666368
2023-11-05 08:30:00,807452.6894704317,807739.8472814175
2023-11-05 12:30:00,807071.9309981047,807740.5878399524
2023-11-05 16:30:00,807150.8358380076,807739.1698418062
2023-11-05 20:30:00,807758.6378330861,807739.6121604623
2023-11-06 00:30:00,808398.4786788527,807742.873538612
2023-11-06 04:30:00,808795.5345056448,807751.5573240666
2023-11-06 08:30:00,807522.2903931307,807753.6944892922
2023-11-06 12:30:00,807825.9283755028,807754.6117611197
2023-11-06 16:30:00,808136.575117437,807755.9340018368
2023-11-06 20:30:00,807606.2634829704,807756.4086416776
2023-11-07 00:30:00,807083.3422982412,807752.0086561716
2023-11-07 08:30:00,807575.1064912337,807752.426992148
2023-11-07 12:30:00,807984.7034660189,807755.0647828059
2023-11-07 16:30:00,807930.478733001,807757.4144394603
2023-11-07 20:30:00,808208.2968343735,807760.4778888428
2023-11-08 00:30:00,808262.0212328645,807760.9808819727
2023-11-08 04:30:00,807991.5143863466,807759.3639351247
2023-11-08 08:30:00,808314.2614506035,807765.2809414632
2023-11-08 12:30:00,807643.2241418659,807766.1483271403
2023-11-08 16:30:00,807954.0358308203,807765.7245772707
2023-11-08 20:30:00,807441.667548235,807764.2963837659
2023-11-09 00:30:00,807281.4551658758,807763.2958019752
2023-11-09 04:30:00,807237.0108296914,807761.6464390502
2023-11-09 08:30:00,807953.3434224938,807762.2347563483
2023-11-09 12:30:00,808023.3177103383,807762.1899705102
2023-11-09 16:30:00,807578.9444426907,807761.4086161179
2023-11-09 20:30:00,807724.964298602,807761.15279873
2023-11-10 00:30:00,807511.3825665719,807759.7789923655
2023-11-10 04:30:00,807367.3940975738,807759.0310512625
2023-11-10 08:30:00,807589.1927496468,807761.044757065
2023-11-10 12:30:00,807546.4289144572,807759.6596624935
2023-11-10 16:30:00,807483.3064330131,807761.8826274136
2023-11-10 20:30:00,807594.1339056462,807763.279089524
2023-11-11 00:30:00,807100.2368253801,807761.6956188176
2023-11-11 04:30:00,807215.5645431412,807755.8517947937
2023-11-11 08:30:00,808176.4672320317,807749.5848543814
2023-11-11 12:30:00,808289.1039679912,807745.0692049365
2023-11-11 16:30:00,807139.0139732244,807736.605474049
2023-11-11 20:30:00,807288.1399197945,807728.1745686191
2023-11-12 00:30:00,807176.6388523001,807724.2085443365
2023-11-12 04:30:00,808094.9567513102,807731.0709953067
2023-11-12 08:30:00,807737.9766954036,807733.4008220137
2023-11-12 12:30:00,807841.379091231,807734.691203134
2023-11-12 16:30:00,807173.1573984599,807733.2333940445
2023-11-12 20:30:00,808165.1047331045,807736.2652456437
2023-11-13 00:30:00,808167.3421118228,807740.9734175313
2023-11-13 04:30:00,807517.0602851685,807741.0187826562
2023-11-13 08:30:00,807859.0043620222,807741.3990605326
2023-11-13 12:30:00,808155.106744749,807744.8273356801
2023-11-13 16:30:00,807875.5281515956,807745.7933605
2023-11-13 20:30:00,807856.5581435788,807745.4306275045
2023-11-14 00:30:00,807489.5628469342,807743.9476414316
2023-11-14 04:30:00,807713.7735529563,807742.9845237279
2023-11-14 08:30:00,807899.0631354372,807744.5862821847
2023-11-14 12:30:00,807914.9435713768,807745.9825815667
2023-11-14 16:30:00,807664.2937558048,807745.5106102893
2023-11-14 20:30:00,807956.3948129806,807746.4817465801
2023-11-15 00:30:00,807740.8352781284,807747.3982322521
2023-11-15 04:30:00,807869.816438765,807748.2302265969
2023-11-15 08:30:00,808146.2087473356,807750.8679643428
2023-11-15 12:30:00,808104.3360193591,807752.9845395226
2023-11-15 16:30:00,808445.0923125912,807758.2485709599
2023-11-15 20:30:00,808313.4016027552,807762.0779101226
2023-11-16 00:30:00,806887.2105596417,807761.0803610752
2023-11-16 04:30:00,807624.3139881466,807762.5274548808
2023-11-16 08:30:00,807713.9867624834,807764.4171045416
2023-11-16 12:30:00,807823.5044978485,807766.6099350713
2023-11-16 20:30:00,807981.3829472847,807765.488026803
2023-11-17 00:30:00,808260.7820677505,807763.5498827501
2023-11-17 04:30:00,807397.5100577294,807761.6429617023
2023-11-17 08:30:00,808082.508112645,807763.5643099117
2023-11-17 12:30:00,808312.6267227782,807768.5240721854
2023-11-17 16:30:00,808188.7476893932,807772.4036929443
2023-11-17 20:30:00,807861.906987413,807772.9364506494
2023-11-18 00:30:00,807251.0691634197,807770.5647886447
2023-11-18 04:30:00,807623.9343194803,807769.6971527324
2023-11-18 08:30:00,807870.3412594737,807774.1339070236
2023-11-18 12:30:00,807849.043710599,807774.5745529269
2023-11-18 16:30:00,808186.5732032701,807778.041284452
2023-11-18 20:30:00,808192.7284114594,807778.8707988758
2023-11-19 00:30:00,807656.3184301616,807773.4231985246
2023-11-19 04:30:00,806911.9417622508,807768.3852953886
2023-11-19 08:30:00,807970.5586621794,807770.4912942362
2023-11-19 12:30:00,808119.7941742714,807772.5599732129
2023-11-19 16:30:00,807836.149784376,807769.994110032
2023-11-19 20:30:00,807369.0646179284,807767.6631246128
2023-11-20 00:30:00,807532.8015167535,807767.0375211715
2023-11-20 04:30:00,808393.8837207464,807772.2717602974
2023-11-20 08:30:00,808393.2595723037,807776.2161606108
2023-11-20 12:30:00,808068.7688346909,807776.593048463
2023-11-20 16:30:00,807935.6664911386,807777.5125481316
2023-11-20 20:30:00,808114.0970425055,807779.4469417774
2023-11-21 00:30:00,807698.2473598495,807774.7070321687
2023-11-21 04:30:00,807753.0186586806,807773.968556406
2023-11-21 08:30:00,807508.533795487,807778.0250255817
2023-11-21 12:30:00,808160.1134884363,807779.2826624964
2023-11-21 16:30:00,808170.0345307091,807777.9033066416
2023-11-21 20:30:00,807772.3841133054,807772.5840007502
2023-11-22 00:30:00,808179.0659737801,807774.9067548816
2023-11-22 04:30:00,808676.6115518495,807782.6521286563
2023-11-22 08:30:00,807667.6150575113,807788.9214482433
2023-11-22 12:30:00,807450.3237285169,807790.5216516934
2023-11-22 16:30:00,806997.9184022008,807784.5444304167
2023-11-22 20:30:00,807824.0871061382,807784.2590585642
2023-11-23 04:30:00,807730.5920460895,807776.786424554
2023-11-23 08:30:00,807114.3772876696,807775.2159108362
2023-11-23 12:30:00,807661.8103998506,807773.0034633767
2023-11-23 16:30:00,807788.6999840343,807771.2178591291
2023-11-23 20:30:00,808203.7152364447,807771.555967135
2023-11-24 00:30:00,807993.9281084597,807770.6631832344
2023-11-24 04:30:00,807609.3110784421,807768.2671641875
2023-11-24 08:30:00,807173.1302346052,807766.2152179326
2023-11-24 12:30:00,807180.7263350013,807765.8042875938
2023-11-24 16:30:00,807689.0754837082,807763.3464675382
2023-11-24 20:30:00,808124.4356780227,807765.3798128988
2023-11-25 00:30:00,807384.8886044399,807761.6708559856
2023-11-25 04:30:00,807321.6570041234,807759.4019491775
2023-11-25 08:30:00,807531.4468112761,807758.0993483895
2023-11-25 12:30:00,808023.3705312375,807761.7327987386
2023-11-25 16:30:00,807891.0653821921,807760.5459477508
2023-11-25 20:30:00,807568.742487178,807761.1435189976
2023-11-26 00:30:00,807527.664743747,807757.9063409441
2023-11-26 04:30:00,807786.447372147,807756.7642105671
2023-11-26 08:30:00,808345.1302947769,807759.341232075
2023-11-26 12:30:00,807999.7219833254,807761.5778091507
2023-11-26 16:30:00,807946.8861598237,807763.0040403138
2023-11-26 20:30:00,807298.9640690556,807760.5436366812
2023-11-27 00:30:00,807042.4894501717,807757.1954542692
2023-11-27 04:30:00,807666.8939952758,807759.6571220715
2023-11-27 08:30:00,807655.3010144032,807759.9935204502
2023-11-27 12:30:00,808283.9897290204,807762.9707716354
2023-11-27 16:30:00,807898.1022474818,807760.9761185759
2023-11-27 20:30:00,808203.7939485683,807761.0707321746
2023-11-28 00:30:00,808127.2465802545,807763.3870973438
2023-11-28 04:30:00,808247.0222766012,807764.1493325237
2023-11-28 08:30:00,807843.0670338202,807763.4691512767
2023-11-28 12:30:00,807685.5519938982,807765.7725756541
2023-11-28 16:30:00,808462.7456763788,807771.0692632635
2023-11-28 20:30:00,808378.0851583832,807773.792054386
2023-11-29 00:30:00,807443.2430825509,807771.4883325561
2023-11-29 04:30:00,807755.3674116072,807775.7328870521
2023-11-29 08:30:00,807804.4417586527,807778.5727841955
2023-11-29 12:30:00,807864.4560128766,807779.8171329031
2023-11-29 16:30:00,807345.5387763908,807777.3635828664
2023-11-29 20:30:00,808129.8385867174,807776.9957345132
2023-11-30 00:30:00,808260.4603435773,807781.9924702244
2023-11-30 04:30:00,807128.9245874772,807781.0633602221
2023-11-30 08:30:00,807811.6590162456,807782.7904233064
2023-11-30 12:30:00,808024.7160227575,807784.5418299587
2023-11-30 16:30:00,808359.508350664,807787.4004644835
2023-11-30 20:30:00,807854.2868166164,807782.5286306611
2023-12-01 00:30:00,806967.2004059628,807776.8891294833
2023-12-01 04:30:00,807092.4860355498,807775.6239297884
2023-12-01 08:30:00,807566.2599531988,807773.6019440305
2023-12-01 12:30:00,808088.9758193212,807775.826445179
2023-12-01 16:30:00,808037.8415146467,807779.6060206417
2023-12-01 20:30:00,808741.4038734231,807783.486867632
2023-12-02 00:30:00,807920.7625634094,807781.2930034751
2023-12-02 04:30:00,806716.324449647,807775.782868835
2023-12-02 08:30:00,807626.5535840534,807776.1572111584
2023-12-02 12:30:00,807619.7193473846,807773.0555831944
2023-12-02 16:30:00,808061.9172440206,807774.2699595119
2023-12-02 20:30:00,807835.4666935916,807774.8921579323
2023-12-03 00:30:00,807759.79419525,807775.4974255776
2023-12-03 04:30:00,807483.5014320057,807776.1508287059
2023-12-03 08:30:00,807594.4845076615,807775.7372966368
2023-12-03 12:30:00,807825.8489746455,807775.9793606752
2023-12-03 16:30:00,807765.99781723,807776.6621434899
2023-12-03 20:30:00,808129.8829239896,807777.1328606557
2023-12-04 00:30:00,807794.78323947,807776.6178886448
2023-12-04 04:30:00,807339.1044069738,807775.9904257188
2023-12-04 08:30:00,807524.9970028022,807779.2483195976
2023-12-04 12:30:00,808192.7841176926,807782.08251392
2023-12-04 16:30:00,807992.5143508445,807783.5832945011
2023-12-04 20:30:00,807801.7440702957,807784.1818375101
2023-12-05 00:30:00,807277.8031793159,807780.484463577
2023-12-05 04:30:00,807512.4017310183,807778.5099037071
2023-12-05 08:30:00,807344.7367014451,807777.9000010573
2023-12-05 12:30:00,808056.915412178,807783.4648847526
2023-12-05 16:30:00,808159.9090386234,807789.1658632873
2023-12-05 20:30:00,808094.4183120262,807791.06292814
2023-12-06 00:30:00,807383.0697770349,807785.3261546835
2023-12-06 04:30:00,807085.4083313231,807775.6644248852
2023-12-06 08:30:00,807447.5698953373,807775.24227518
2023-12-06 12:30:00,808312.4403762972,807777.9909305515
2023-12-06 16:30:00,807884.9587182049,807776.569368974
2023-12-06 20:30:00,808315.2030693409,807780.5746773717
2023-12-07 00:30:00,807575.6125444307,807783.3558652032
2023-12-07 04:30:00,806925.6821054957,807778.5374732949
2023-12-07 08:30:00,807118.2958277802,807775.971121253
2023-12-07 12:30:00,807858.925011448,807775.2645007215
2023-12-07 16:30:00,807795.2550837642,807774.504817299
2023-12-07 20:30:00,807673.2250799439,807771.4987962067
2023-12-08 00:30:00,807257.9401695685,807765.8578913567
2023-12-08 04:30:00,807341.4789808783,807762.2060070562
2023-12-08 08:30:00,807596.1899902922,807758.1718977286
2023-12-08 12:30:00,807781.0082269908,807758.9459656226
2023-12-08 16:30:00,807939.2789022439,807758.8630615296
2023-12-08 20:30:00,807605.0746793968,807759.7810791204
2023-12-09 00:30:00,807411.4553650499,807760.5114173179
2023-12-09 04:30:00,807248.8329272147,807760.5778335963
2023-12-09 08:30:00,807908.8948470573,807760.3281224981
2023-12-09 12:30:00,807706.4575961669,807758.5480094972
2023-12-09 16:30:00,807767.6875115735,807759.6083638167
2023-12-09 20:30:00,807790.3363272398,807759.9756224047
2023-12-10 00:30:00,807302.8295857728,807758.803976445
2023-12-10 04:30:00,807695.5075121962,807760.6473102352
2023-12-10 08:30:00,808434.9516682783,807765.3987648342
2023-12-10 12:30:00,808676.3129439714,807771.7464279212
2023-12-10 16:30:00,808893.736010433,807779.670189592
2023-12-10 20:30:00,808052.301745095,807782.2441662183
2023-12-11 00:30:00,807029.4716450657,807781.8466090255
2023-12-11 04:30:00,806881.4827088155,807779.9697447878
2023-12-11 08:30:00,807242.5792779574,807774.723183248
2023-12-11 12:30:00,807381.1580052056,807769.6223632323
2023-12-11 16:30:00,807956.4319135691,807774.2145988522
2023-12-11 20:30:00,807737.6448692542,807776.7399075573
2023-12-12 04:30:00,807426.9578321766,807776.3563038064
2023-12-12 08:30:00,807946.9745017462,807777.5370823733
2023-12-12 12:30:00,808262.1033414133,807779.914055538
2023-12-12 16:30:00,808661.8948536539,807788.3250016128
2023-12-12 20:30:00,808723.6123761657,807791.4804120254
2023-12-13 00:30:00,807747.6139135308,807789.1090662725
2023-12-13 04:30:00,807514.0697930526,807789.0921708368
2023-12-13 08:30:00,807763.4897980788,807788.552540532
2023-12-13 12:30:00,807293.5539059534,807783.6850103692
2023-12-13 16:30:00,807879.1466013227,807783.7054535882
2023-12-13 20:30:00,808292.6340781936,807786.1691594335
2023-12-14 00:30:00,808199.0676948082,807790.1776613989
2023-12-14 04:30:00,807464.215138627,807788.7677268545
2023-12-14 08:30:00,808262.8338959942,807790.8229288915
2023-12-14 12:30:00,808065.4182106634,807791.6730680966
2023-12-14 16:30:00,808220.6474610603,807794.8163093692
2023-12-14 20:30:00,807757.649679199,807793.693455506
2023-12-15 00:30:00,807192.7293472905,807790.596811829
2023-12-15 04:30:00,807020.4840718835,807785.7983238806
2023-12-15 08:30:00,808236.2664599982,807786.3071245169
2023-12-15 12:30:00,808229.3980818349,807787.0136898417
2023-12-15 16:30:00,808372.7626638028,807786.6050477582
2023-12-15 20:30:00,808251.847763614,807786.2572859552
2023-12-16 00:30:00,807518.2666464988,807789.8225745813
2023-12-16 04:30:00,807391.128270934,807788.505141151
2023-12-16 08:30:00,807686.0819262421,807788.3474867088
2023-12-16 12:30:00,807098.7775575934,807784.2529842216
2023-12-16 16:30:00,807255.6265212414,807781.2831726318
2023-12-16 20:30:00,808171.8569739019,807782.3532514329
2023-12-17 00:30:00,808932.4414427986,807786.1266187085
2023-12-17 04:30:00,808496.3472522388,807792.2998613742
2023-12-17 08:30:00,808227.8825181294,807793.1165715174
2023-12-17 12:30:00,808311.0317004645,807793.1076107179
2023-12-17 16:30:00,807721.2174332094,807790.481036245
2023-12-17 20:30:00,807718.8351904296,807789.6772621046
2023-12-18 00:30:00,807565.2155286237,807791.4421293248
2023-12-18 04:30:00,807672.7101351222,807791.7161507611
2023-12-18 08:30:00,808030.7718661077,807792.6174463038
2023-12-18 12:30:00,808416.4412693761,807795.8050730388
2023-12-18 16:30:00,808056.5289754829,807795.0744874894
2023-12-18 20:30:00,807580.6350580364,807791.6357607846
2023-12-19 00:30:00,807456.5252949327,807790.5133274407
2023-12-19 04:30:00,807263.97883658,807792.4910638133
2023-12-19 08:30:00,807835.5857683056,807791.7327891287
2023-12-19 12:30:00,807994.3919247338,807791.0282821087
2023-12-19 16:30:00,808555.2914186077,807795.0684036494
2023-12-19 20:30:00,807986.9551190406,807798.5396985994
2023-12-20 00:30:00,807851.4473203353,807800.3298435635
2023-12-20 04:30:00,807876.5516334098,807797.4234835223
2023-12-20 08:30:00,808023.8815375248,807795.3483260236
2023-12-20 12:30:00,807457.4644375007,807791.9140316572
2023-12-20 16:30:00,807878.8153010975,807791.594642949
2023-12-20 20:30:00,808253.1193989699,807792.3756674237
2023-12-21 00:30:00,807597.4748841423,807791.8095299196
2023-12-21 04:30:00,807452.8206986384,807790.123024526
2023-12-21 08:30:00,808055.5591310745,807793.1962005688
2023-12-21 12:30:00,807973.502857247,807792.1478262361
2023-12-21 16:30:00,807975.0283788451,807791.0522860572
2023-12-21 20:30:00,807176.9759603874,807787.7072964341
2023-12-22 00:30:00,807455.5432339165,807783.6425619405
2023-12-22 04:30:00,808055.0873322736,807780.1508528418
2023-12-22 08:30:00,807813.0297804947,807780.9677894877
2023-12-22 12:30:00,807387.6888204097,807780.6159079815
2023-12-22 16:30:00,808059.6411846015,807786.580642714
2023-12-22 20:30:00,808374.3421452814,807789.6719631588
2023-12-23 00:30:00,807393.1471017499,807787.4567404694
2023-12-23 04:30:00,806898.839681228,807782.810079213
2023-12-23 08:30:00,807739.1481040036,807786.3004189691
2023-12-23 12:30:00,808897.8160141885,807793.2054782672
2023-12-23 16:30:00,808118.4197553045,807795.0474881625
2023-12-23 20:30:00,807328.4181470928,807790.157560289
2023-12-24 00:30:00,807442.6731340265,807787.0779235604
2023-12-24 04:30:00,807526.6759787251,807786.6162749586
2023-12-24 08:30:00,807340.2837508454,807787.550093485
2023-12-24 12:30:00,808027.6882338526,807792.2817242049
2023-12-24 16:30:00,808209.4014278097,807795.1885730546
2023-12-24 20:30:00,807646.6134235348,807792.5191749849
2023-12-25 00:30:00,807508.0016997083,807793.2069576399
2023-12-25 04:30:00,808434.3032195593,807799.4228582848
2023-12-25 08:30:00,807959.4211396897,807801.8137763208
2023-12-25 12:30:00,808423.3670973752,807804.0483940085
2023-12-25 16:30:00,808184.921799445,807805.690049971
2023-12-25 20:30:00,807970.7682346177,807807.9360038672
2023-12-26 00:30:00,807582.819487216,807808.2441309257
2023-12-26 04:30:00,807644.3296595686,807807.4501772241
2023-12-26 08:30:00,807330.9341232541,807801.7842768246
2023-12-26 12:30:00,808073.5114862897,807802.1965086847
2023-12-26 16:30:00,808330.6563567903,807804.3404762656
2023-12-26 20:30:00,808076.8930726956,807808.686448353
2023-12-27 00:30:00,807433.4463460642,807810.8705650897
2023-12-27 04:30:00,808033.9009390302,807812.9208832113
2023-12-27 08:30:00,807636.4943099217,807812.8158178232
2023-12-27 12:30:00,807751.07646139,807809.8386487302
2023-12-27 16:30:00,808365.8928834689,807812.4520042384
2023-12-27 20:30:00,807602.9376793468,807809.0952653042
2023-12-28 00:30:00,807366.6475542149,807804.8461087343
2023-12-28 04:30:00,807353.100025135,807799.8521296758
2023-12-28 08:30:00,808157.2645303151,807801.6074229522
2023-12-28 12:30:00,808185.8087560455,807804.402153467
2023-12-28 16:30:00,809308.9176399413,807809.1293711406
2023-12-28 20:30:00,809222.8725097922,807813.8488535509
2023-12-29 00:30:00,808241.8368588978,807818.3102712957
2023-12-29 04:30:00,807895.1454303287,807819.0911540819
2023-12-29 08:30:00,807188.1613415141,807815.6482467235
2023-12-29 12:30:00,807391.0164416569,807813.0033329179
2023-12-29 16:30:00,807913.9167587754,807816.1786289088
2023-12-29 20:30:00,807546.9292290782,807812.9221520505
2023-12-30 00:30:00,807272.4077828162,807807.4023053425
2023-12-30 04:30:00,807243.6784591114,807808.0433884241
2023-12-30 08:30:00,807807.1764595117,807808.0183462076
2023-12-30 12:30:00,807975.4763377194,807807.7432641684
2023-12-30 16:30:00,808425.3295279529,807808.1109802425
2023-12-30 20:30:00,808870.3514113952,807813.787318761
2023-12-31 00:30:00,808018.0028840753,807819.6577236665
2023-12-31 04:30:00,807637.8207273013,807822.7042861903
2023-12-31 08:30:00,807528.5784767243,807822.4937751486
2023-12-31 12:30:00,806831.3080279273,807815.4676981018
2023-12-31 16:30:00,807420.0256970628,807812.0162130872
2023-12-31 20:30:00,808161.0450165634,807808.7739848366
2024-01-01 00:30:00,807785.2631457092,807808.0170048494
2024-01-01 04:30:00,807877.2186276619,807814.5024471848
2024-01-01 08:30:00,808063.2749933281,807816.942231594
2024-01-01 12:30:00,807774.4755269263,807817.8067912563
2024-01-01 16:30:00,807644.8853648871,807815.477004222
2024-01-01 20:30:00,807896.710082668,807815.8191460606
2024-01-02 00:30:00,807624.4508996987,807815.063038264
2024-01-02 04:30:00,807388.054848239,807814.5298171258
2024-01-02 08:30:00,807633.7477862216,807814.7491650507
2024-01-02 12:30:00,807210.3337452055,807811.310532484
2024-01-02 16:30:00,807802.2980177139,807811.5133269
2024-01-02 20:30:00,808074.0139382047,807811.201209661
2024-01-03 00:30:00,807779.5963915717,807811.1163669353
2024-01-03 08:30:00,807733.9133594687,807814.9418069165
2024-01-03 12:30:00,807425.5822270518,807810.6316839354
2024-01-03 16:30:00,807626.3813721638,807808.5747570888
2024-01-03 20:30:00,807204.9747860522,807805.2221206604
2024-01-04 00:30:00,807886.7599969751,807808.6432263775
2024-01-04 04:30:00,807698.8556290575,807809.6907201868
2024-01-04 08:30:00,807661.153809275,807811.4683443882
2024-01-04 12:30:00,807245.6934605748,807806.9109176939
2024-01-04 16:30:00,807466.9230733928,807803.0177381138
2024-01-04 20:30:00,808027.7543285058,807802.6432213526
2024-01-05 00:30:00,807306.7763231298,807802.2146064428
2024-01-05 04:30:00,807504.6118487625,807804.5696823834
2024-01-05 08:30:00,808469.9356667562,807810.3133103128
2024-01-05 12:30:00,808759.4006957954,807812.8243233438
2024-01-05 16:30:00,808051.6923626529,807813.7610292115
2024-01-05 20:30:00,806891.8781970936,807805.764822064
2024-01-06 00:30:00,807166.1156437586,807803.4642776782
2024-01-06 04:30:00,807851.6768978381,807808.6664956127
2024-01-06 08:30:00,807957.2692118005,807813.3798292307
2024-01-06 12:30:00,807704.8208665719,807812.5140756079
2024-01-06 16:30:00,808026.8170327357,807813.8149854337
2024-01-06 20:30:00,807857.5274444858,807814.850391976
2024-01-07 00:30:00,807105.9351321623,807813.9964310916
2024-01-07 04:30:00,807859.7667187527,807816.9081599562
2024-01-07 08:30:00,808043.7626775324,807819.4226132552
2024-01-07 12:30:00,808127.6273241645,807821.369911554
2024-01-07 16:30:00,807949.944855391,807821.4298326389
2024-01-07 20:30:00,807715.113858486,807822.0480302743
2024-01-08 00:30:00,807428.7765947358,807822.1453405535
2024-01-08 04:30:00,807734.2476239849,807824.8723894117
2024-01-08 08:30:00,807396.1525643292,807821.9918147898
2024-01-08 12:30:00,807569.784777673,807821.2239899667
2024-01-08 16:30:00,807661.179358393,807820.6256295557
2024-01-08 20:30:00,807804.4841964981,807820.705111967
2024-01-09 00:30:00,807487.1364049828,807821.7405435358
2024-01-09 04:30:00,808332.4847446702,807825.3190673136
2024-01-09 08:30:00,808077.0203252732,807823.308217072
2024-01-09 12:30:00,808221.5175914037,807820.7531870014
2024-01-09 16:30:00,808375.7411081372,807817.8431032808
2024-01-09 20:30:00,808267.1365447277,807819.0500403573
2024-01-10 00:30:00,807534.4926176645,807821.8872368325
2024-01-10 04:30:00,807478.098005142,807825.2390081603
2024-01-10 08:30:00,807089.7764171963,807824.3805651222
2024-01-10 12:30:00,808164.894120551,807828.7835770062
2024-01-10 16:30:00,808418.2179651601,807831.3778806669
2024-01-10 20:30:00,807291.060994859,807828.8689824961
2024-01-11 00:30:00,806875.8270251361,807823.544725751
2024-01-11 04:30:00,807597.1275149655,807824.49539437
2024-01-11 08:30:00,807317.5856143497,807820.9792553342
2024-01-11 12:30:00,807779.4529539717,807818.2828844547
2024-01-11 16:30:00,807978.5581142087,807814.4653607705
2024-01-11 20:30:00,807911.0620053483,807809.9259732241
2024-01-12 00:30:00,807905.3374172542,807810.8071101165
2024-01-12 04:30:00,807202.7879621222,807809.0681054743
2024-01-12 08:30:00,807321.5896879622,807806.5993897755
2024-01-12 12:30:00,807941.4310072584,807810.2188149225
2024-01-12 16:30:00,808598.1309526793,807814.2354872763
2024-01-12 20:30:00,808750.1997906561,807816.7917203067
2024-01-13 00:30:00,807892.4399168697,807815.0787159607
2024-01-13 04:30:00,808100.860094095,807818.6353916897
2024-01-13 08:30:00,807355.7143094146,807813.5676845022
2024-01-13 12:30:00,807480.6452099289,807810.3007962297
2024-01-13 16:30:00,807740.0377882745,807807.6158259907
2024-01-13 20:30:00,807896.9579854769,807808.3940846851
2024-01-14 00:30:00,808522.7038117149,807815.824109626
2024-01-14 04:30:00,808558.4790624931,807824.4162604115
2024-01-14 08:30:00,807793.7680732491,807821.9442023851
2024-01-14 12:30:00,807663.9721554565,807818.7853983272
2024-01-14 16:30:00,808528.864681574,807819.6574766386
2024-01-14 20:30:00,808083.3883670294,807818.7163626911
2024-01-15 00:30:00,807222.3216093039,807817.063038461
2024-01-15 04:30:00,807378.6960712604,807816.9935848315
2024-01-15 08:30:00,807417.8487155357,807815.4950752746
2024-01-15 12:30:00,807238.259525888,807816.2743041477
2024-01-15 16:30:00,807682.9459177549,807818.6615633462
2024-01-15 20:30:00,807302.9671733981,807813.8074303826
2024-01-16 00:30:00,807741.088749331,807807.1518287429
2024-01-16 04:30:00,807533.2499494161,807801.7713968838
2024-01-16 08:30:00,808400.3134608861,807802.7346982398
2024-01-16 12:30:00,808138.3097273014,807801.7697710154
2024-01-16 16:30:00,807617.6173271836,807801.1909994733
2024-01-16 20:30:00,807244.7797277059,807798.5426449331
2024-01-17 00:30:00,808378.2467292587,807803.0847186795
2024-01-17 04:30:00,807680.4636380081,807803.1280343381
2024-01-17 08:30:00,807539.8741419511,807800.385588952
2024-01-17 12:30:00,807625.9874196218,807795.969645657
2024-01-17 16:30:00,808075.1504430025,807796.0736762019
2024-01-17 20:30:00,807842.6304116582,807797.5373373954
2024-01-18 00:30:00,807497.7174237558,807797.76746102
2024-01-18 04:30:00,807332.5208132485,807798.1503770908
2024-01-18 08:30:00,807832.3709366443,807798.1324171373
2024-01-18 12:30:00,807642.3784644051,807796.1658614932
2024-01-18 16:30:00,807952.9953410748,807792.801078937
2024-01-18 20:30:00,807911.8486450382,807792.3814896968
2024-01-19 00:30:00,808038.1217128364,807793.4243633979
2024-01-19 04:30:00,807918.8275998996,807793.6605419816
2024-01-19 08:30:00,807743.9776967069,807792.0968333738
2024-01-19 12:30:00,807798.1032518948,807793.99984351
2024-01-19 16:30:00,807783.3398732828,807793.4664612317
2024-01-19 20:30:00,807638.5227910005,807790.0329606285
2024-01-20 00:30:00,807830.332926227,807791.3338435452
2024-01-20 04:30:00,807311.4957744364,807790.544318829
2024-01-20 08:30:00,807984.0237228748,807790.1446796771
2024-01-20 12:30:00,808568.416259841,807793.468218239
2024-01-20 16:30:00,808672.1257264665,807797.3626168292
2024-01-20 20:30:00,808419.672030563,807804.3050529752
2024-01-21 00:30:00,808160.6072560054,807808.2439581268
2024-01-21 04:30:00,807412.9011099923,807804.6563256
2024-01-21 08:30:00,807619.8794870806,807803.5772736813
2024-01-21 12:30:00,807709.2447691486,807805.3736756297
2024-01-21 16:30:00,807513.7281400542,807802.3238820848
2024-01-21 20:30:00,807322.1498554182,807796.4457128675
2024-01-22 00:30:00,807045.4844674714,807794.503463514
2024-01-22 04:30:00,808153.1008959403,807801.5105094063
2024-01-22 08:30:00,808224.8573416409,807804.2239688345
2024-01-22 12:30:00,808901.8839543308,807804.2466947569
2024-01-22 16:30:00,808602.0868246227,807806.9487454237
2024-01-22 20:30:00,807819.6532303708,807809.6930754978
2024-01-23 00:30:00,807276.8054673228,807808.7664404883
2024-01-23 04:30:00,807360.7627769351,807807.8395510928
2024-01-23 08:30:00,807131.7522581365,807806.6745706866
2024-01-23 12:30:00,807574.8024637551,807804.1444825856
2024-01-23 16:30:00,807984.9691165492,807802.8906707908
2024-01-23 20:30:00,807354.8836875132,807801.2608957292
2024-01-24 00:30:00,807482.0487136265,807801.1159069802
2024-01-24 04:30:00,808128.9131832459,807799.4098173919
2024-01-24 08:30:00,807986.7487349694,807799.5624855218
2024-01-24 12:30:00,807665.7137111673,807795.3297850403
2024-01-24 16:30:00,807948.5679030142,807794.0093722111
2024-01-25 08:30:00,807227.2983441805,807794.4666162803
2024-01-25 12:30:00,807372.2587562824,807790.4822257687
2024-01-25 16:30:00,808262.8846772593,807790.0971594077
2024-01-25 20:30:00,808240.6685819017,807791.0277020737
2024-01-26 00:30:00,807250.6237577818,807789.9889373676
2024-01-26 04:30:00,807360.4805834517,807786.1626853473
2024-01-26 16:30:00,807980.4249426175,807785.0091603964
2024-01-26 20:30:00,807514.1490853879,807784.4988811206
2024-01-27 04:30:00,807588.5586519048,807788.2752392343
2024-01-27 08:30:00,806888.7083779078,807780.9425447118
2024-01-28 04:30:00,808301.8472658311,807760.6528183784
2024-01-29 00:30:00,807501.4550505732,807768.1172715315
2024-01-29 08:30:00,808140.5828409212,807773.3480349085
2024-01-29 16:30:00,807302.2477285544,807765.217911582
2024-01-30 04:30:00,807442.8780998996,807755.5728115839
2024-01-30 08:30:00,807267.5931662914,807753.951784811
2024-01-30 12:30:00,807252.3188919276,807756.5667591215
2024-01-30 16:30:00,808105.4406042509,807760.82399457
2024-01-31 00:30:00,807531.6298597447,807756.7374051452
2024-01-31 08:30:00,807738.42259233,807753.9365647457
2024-01-31 20:30:00,807553.7204261087,807752.3156894662
2024-02-02 04:30:00,807679.5237450245,807756.8251083732
2024-02-02 20:30:00,807705.0054308997,807763.4780070982
2024-02-03 00:30:00,808535.9146528996,807767.8641872058
2024-02-03 04:30:00,808161.65272194,807770.9911945901
2024-02-03 08:30:00,807713.9858519478,807771.3481678513
2024-02-03 12:30:00,807737.7870322787,807774.673124417
2024-02-04 12:30:00,807394.5602936108,807765.8096557411
2024-02-04 16:30:00,806820.654625851,807757.201000239
2024-02-04 20:30:00,807044.3460620081,807758.2672090845
2024-02-05 00:30:00,808825.8347208691,807769.8736361973
2024-02-05 04:30:00,808379.2255044726,807773.5627872926
2024-02-05 08:30:00,807949.3031428478,807773.5070805167
2024-02-05 12:30:00,808264.5633264226,807777.4213634527
2024-02-05 16:30:00,808611.6066689391,807781.5108014682
2024-02-05 20:30:00,808377.0100203553,807785.1435467538
2024-02-06 00:30:00,807959.3910981948,807791.1117702926
2024-02-06 04:30:00,807320.8178595557,807787.3428971514
2024-02-06 08:30:00,807824.5851237798,807785.8101869853
2024-02-06 12:30:00,808711.8080611606,807789.8953669643
2024-02-06 16:30:00,808401.2550571378,807793.0513823611
2024-02-06 20:30:00,808449.2106075787,807798.184926061
2024-02-07 00:30:00,807771.0578561139,807800.5785013154
2024-02-07 04:30:00,807657.0403216006,807800.0385901099
2024-02-07 08:30:00,807845.2256657709,807803.1789614487
2024-02-07 12:30:00,807823.112224565,807804.9504820564
2024-02-07 16:30:00,808144.5922678933,807808.330991913
2024-02-08 00:30:00,806426.2408288122,807800.8869864147
2024-02-08 04:30:00,806762.4488181117,807789.8303953826
2024-02-08 08:30:00,808125.4203296913,807790.1712404841
2024-02-08 12:30:00,808453.3113328038,807791.8035907757
2024-02-08 16:30:00,808155.0855084745,807790.249678102
2024-02-08 20:30:00,806883.7608079467,807780.5075954485
2024-02-09 00:30:00,806834.51687334,807775.5781887984
2024-02-09 04:30:00,807193.1365059987,807773.5714176778
2024-02-09 08:30:00,808077.3453812427,807780.5261286921
2024-02-09 12:30:00,808588.499631749,807783.5092660949
2024-02-09 16:30:00,809287.7070830037,807789.6324288967
2024-02-09 20:30:00,808304.196590774,807796.7671866143
2024-02-10 00:30:00,807645.9232417266,807802.1903994073
2024-02-10 04:30:00,807187.6014184817,807799.3064128123
2024-02-10 08:30:00,806997.5996330971,807797.0529904092
2024-02-10 12:30:00,807609.6237850419,807795.8570103461
2024-02-10 20:30:00,808419.4891496218,807798.1671241081
2024-02-11 00:30:00,808108.0135601528,807799.6045435612
2024-02-11 04:30:00,807745.4707025776,807803.4533573233
2024-02-11 08:30:00,807474.7431487944,807804.5395520809
2024-02-11 12:30:00,807650.6486762353,807802.4772660453
2024-02-11 16:30:00,807705.8345944359,807796.148923079
2024-02-11 20:30:00,807389.5498997296,807786.4989238526
2024-02-12 00:30:00,807454.8138735517,807783.395193049
2024-02-12 04:30:00,807555.3494620005,807779.5263233178
2024-02-12 08:30:00,807341.487834765,807779.4254263345
2024-02-12 12:30:00,807056.2773271421,807776.415725038
2024-02-12 16:30:00,807952.5861699767,807777.9231603693
2024-02-12 20:30:00,808218.8523464015,807780.2060990992
2024-02-13 00:30:00,807705.5314755375,807774.4105506158
2024-02-13 04:30:00,807560.6301904477,807767.3336082608
2024-02-13 08:30:00,807981.1668625864,807768.6626776888
2024-02-13 16:30:00,807429.0977084212,807761.5549887536
2024-02-13 20:30:00,807212.308142789,807755.3329871518
2024-02-14 00:30:00,807799.426085576,807759.4551619823
2024-02-14 04:30:00,807635.9416815927,807761.2926306276
2024-02-14 08:30:00,807733.5973684544,807763.5479781484
2024-02-14 12:30:00,807847.315117555,807767.8983752319
2024-02-14 16:30:00,807948.6434297977,807769.7962146035
2024-02-14 20:30:00,807707.462531987,807772.685467165
2024-02-15 00:30:00,807741.4089719969,807772.6877544697
2024-02-15 04:30:00,807768.6955127689,807774.3695084936
2024-02-15 08:30:00,808086.4657601723,807772.1277392028
2024-02-15 12:30:00,807380.9897569041,807766.7183108428
2024-02-15 16:30:00,807363.433362077,807764.902711092
2024-02-15 20:30:00,808028.3689597821,807770.4997770354
2024-02-16 00:30:00,808192.2710548205,807769.1713793608
2024-02-16 04:30:00,807573.8415614867,807768.4097931
2024-02-16 08:30:00,807938.3601443967,807771.2561216889
2024-02-16 16:30:00,807937.2774412147,807771.3093281657
2024-02-16 20:30:00,807711.0790707165,807770.362915641
2024-02-17 00:30:00,807686.2653282621,807771.7193753856
2024-02-17 04:30:00,807705.6154230164,807774.4035092689
2024-02-17 08:30:00,807669.3818866175,807773.2309261751
2024-02-17 12:30:00,807969.2523464509,807775.5825368374
2024-02-17 16:30:00,808017.6041676573,807776.0473485393
2024-02-18 00:30:00,807335.0196239745,807769.9683385005
2024-02-18 04:30:00,807268.0509765373,807765.2525658675
2024-02-18 08:30:00,809260.7378257919,807776.2435812957
2024-02-18 12:30:00,809297.2231459086,807787.1067689334
2024-02-18 16:30:00,808262.2176366445,807790.5768976534
2024-02-18 20:30:00,808282.5234714166,807795.2435692506
2024-02-19 00:30:00,807779.8416469288,807794.8776904151
2024-02-19 04:30:00,807741.9121462151,807797.996649631
2024-02-19 08:30:00,807276.2089220576,807792.8675568714
2024-02-19 12:30:00,807136.4721080452,807782.4911499743
2024-02-19 20:30:00,807520.9226884742,807769.4372527584
2024-02-20 00:30:00,807634.8047711387,807765.5992784163
2024-02-20 04:30:00,808121.6870596904,807770.772898487
2024-02-20 08:30:00,807754.0962970188,807771.7525832312
2024-02-20 12:30:00,807720.2203346579,807771.832696848
2024-02-20 16:30:00,807243.7856824659,807769.8623139459
2024-02-20 20:30:00,807340.9047338209,807769.9992108685
2024-02-21 00:30:00,807242.9721670686,807771.440726924
2024-02-21 04:30:00,807497.6244470584,807766.6562272971
2024-02-21 08:30:00,808197.6132970058,807766.4573656574
2024-02-21 16:30:00,809067.2573181791,807761.5290120168
2024-02-21 20:30:00,808684.6662676209,807767.8894019966
2024-02-22 00:30:00,808126.1636911037,807774.1346830538
2024-02-22 04:30:00,808196.6287425148,807780.2807563302
2024-02-22 08:30:00,807621.9095610594,807783.8848541459
2024-02-22 12:30:00,807502.214880065,807783.3511219128
2024-02-22 16:30:00,807447.1627615535,807779.3966634203
2024-02-22 20:30:00,807539.7090962183,807780.7556737782
2024-02-23 00:30:00,807051.2176444615,807777.5877982698
2024-02-23 04:30:00,807706.9840543086,807774.485378204
2024-02-23 08:30:00,808526.400778479,807778.4534079357
2024-02-23 12:30:00,807730.2082213794,807778.9276322755
2024-02-23 16:30:00,807938.9993019209,807778.8572749145
2024-02-23 20:30:00,807241.6240709566,807774.9358646666
2024-02-24 00:30:00,807265.7293607183,807771.245962464
2024-02-24 04:30:00,807538.2417903662,807769.5696734563
2024-02-24 08:30:00,807732.2256872107,807773.2022442693
2024-02-24 12:30:00,807310.2276772119,807772.7559775134
2024-02-24 16:30:00,807703.8551981831,807768.7341826999
2024-02-24 20:30:00,807337.459216864,807762.236273599
2024-02-25 00:30:00,806827.0586024143,807759.1890422654
2024-02-25 04:30:00,807611.6469875895,807760.9959948133
2024-02-25 08:30:00,807857.9672423243,807761.6886465811
2024-02-25 12:30:00,807364.554616665,807758.8720931775
2024-02-25 16:30:00,807880.3912604381,807758.1626344386
2024-02-25 20:30:00,808697.7064989662,807766.5566586483
2024-02-26 04:30:00,808298.086299143,807771.5887696218
2024-02-26 08:30:00,808000.816858973,807779.4760638137
2024-02-26 12:30:00,808059.7953638164,807781.450143391
2024-02-26 16:30:00,808189.9118478731,807784.3065189469
2024-02-26 20:30:00,808045.0878328473,807786.1175002935
2024-02-27 00:30:00,807608.2881365068,807784.8910908881
2024-02-27 04:30:00,807639.931572471,807780.3261550718
2024-02-27 08:30:00,807791.5810597929,807780.4032434602
2024-02-27 12:30:00,807445.2722829164,807778.1234410077
2024-02-27 16:30:00,807533.0965136942,807776.4678536609
2024-02-27 20:30:00,807486.3252264354,807774.5205877065
2024-02-28 00:30:00,807327.2533639382,807773.3514488699
2024-02-28 04:30:00,807826.6762986999,807773.7069478688
2024-02-28 08:30:00,807453.2457709513,807769.1247007356
2024-02-28 12:30:00,807524.1535729496,807767.502375386
2024-02-28 16:30:00,806993.185693508,807765.4556069421
2024-02-28 20:30:00,807493.0375306992,807763.6633827563
2024-02-29 00:30:00,807406.569393597,807761.3294351146
2024-02-29 08:30:00,808004.7377741485,807768.2741452664
2024-02-29 12:30:00,807853.8412967448,807772.2315295087
2024-02-29 16:30:00,807248.5829710596,807766.5943082377
2024-02-29 20:30:00,807509.2133046809,807764.9120794561
2024-03-01 00:30:00,807857.4786591118,807767.0418101711
2024-03-01 04:30:00,807926.8699794239,807768.0796554259
2024-03-01 08:30:00,808014.4398404071,807769.8719752188
2024-03-01 12:30:00,807631.0385087401,807768.976275435
2024-03-01 16:30:00,807821.7913238629,807769.3148334377
2024-03-01 20:30:00,807394.3086757722,807768.2929632432
2024-03-02 00:30:00,808392.8653408464,807772.2711312533
2024-03-02 04:30:00,807717.0664783447,807771.921734716
2024-03-02 08:30:00,807922.3818223448,807772.8680245753
2024-03-02 12:30:00,808207.173709664,807775.5824351071
2024-03-02 16:30:00,807427.9987295562,807773.4235301038
2024-03-02 20:30:00,806991.0461706305,807768.5940402304
2024-03-03 00:30:00,807184.6686477237,807765.0116758591
2024-03-03 04:30:00,808084.7403519438,807767.4976673127
2024-03-03 12:30:00,808104.6722180317,807769.5536096952
2024-03-03 16:30:00,807237.3911044687,807766.3283823908
2024-03-03 20:30:00,807488.9331920606,807765.0188536705
2024-03-04 00:30:00,807466.5539433403,807758.5378796732
2024-03-04 04:30:00,807455.8849336873,807754.2604991383
2024-03-04 08:30:00,807749.9592819157,807754.478519926
2024-03-04 12:30:00,807695.5491470579,807754.2225327429
2024-03-04 16:30:00,807509.2841370294,807752.7470002385
2024-03-04 20:30:00,807116.5751856597,807748.9375881753
2024-03-05 00:30:00,807864.2632809178,807749.6240506319
2024-03-05 04:30:00,808288.1529522864,807752.8106121802
2024-03-05 08:30:00,808447.4485401668,807756.896717639
2024-03-05 12:30:00,808436.3973040783,807763.0251706418
2024-03-05 16:30:00,807742.8142150749,807768.4496388135
2024-03-05 20:30:00,807489.1394456427,807771.0660704819
2024-03-06 00:30:00,807184.693511424,807761.4122986618
2024-03-06 04:30:00,807776.8523552935,807757.868927196
2024-03-06 08:30:00,808107.2351680164,807758.7979391088
2024-03-06 16:30:00,808229.4062226246,807753.5437034068
2024-03-06 20:30:00,807007.9232310111,807745.4425981445
2024-03-07 00:30:00,806891.3039482298,807739.1225558369
2024-03-07 04:30:00,807502.3813059155,807740.1968957562
2024-03-07 08:30:00,808070.1357340864,807741.6498579475
2024-03-07 12:30:00,808439.7317165333,807740.0399387485
2024-03-07 16:30:00,807981.2873731217,807737.5549228668
2024-03-07 20:30:00,807362.3217869247,807731.12362807
2024-03-08 00:30:00,807397.5671111728,807728.9136236621
2024-03-08 04:30:00,807789.6607084554,807729.6983596788
2024-03-08 08:30:00,807606.1678128854,807728.2838161708
2024-03-08 12:30:00,808100.055110751,807729.9225314736
2024-03-08 16:30:00,808409.6526141771,807731.4909358894
2024-03-08 20:30:00,807786.8300708605,807731.8164602127
2024-03-09 00:30:00,807105.1149917606,807735.8098376418
2024-03-09 04:30:00,807335.9548890431,807739.1834027652
2024-03-09 08:30:00,807710.3918833692,807736.7420589633
2024-03-09 12:30:00,807699.7002673277,807732.3090526956
2024-03-09 16:30:00,808145.0079120202,807732.2497727164
2024-03-09 20:30:00,807568.8819790429,807736.2798972522
2024-03-10 00:30:00,807123.9895493345,807737.9826776994
2024-03-10 04:30:00,808057.9225867181,807743.0696546448
2024-03-10 08:30:00,808407.905057034,807745.0141233258
2024-03-10 12:30:00,807538.1835415268,807738.8357933835
2024-03-10 16:30:00,807885.3295636103,807730.5865138576
2024-03-10 20:30:00,808347.1747313252,807730.839326449
2024-03-11 00:30:00,807162.6402941567,807727.9964855812
2024-03-11 04:30:00,807683.8232834811,807730.9154377279
2024-03-11 08:30:00,808212.5063713931,807738.0619479533
2024-03-11 12:30:00,808103.9017454642,807740.9694653676
2024-03-11 16:30:00,808347.5598661068,807744.5167776525
2024-03-11 20:30:00,808834.8935020068,807746.9460428712
2024-03-12 00:30:00,807532.9015500782,807743.5828147421
2024-03-12 04:30:00,807729.9593881764,807743.4921053012
2024-03-12 08:30:00,808105.5620721867,807747.1811048532
2024-03-12 12:30:00,807442.0082460862,807745.9609853787
2024-03-12 16:30:00,807247.3038360635,807743.2795189555
2024-03-13 00:30:00,807831.8255696893,807747.5779972811
2024-03-13 04:30:00,807650.000375888,807748.1347673626
2024-03-13 08:30:00,807733.608264274,807750.4413581245
2024-03-13 12:30:00,807721.3701249106,807754.3536686997
2024-03-13 16:30:00,807936.8670718594,807754.2612034166
2024-03-13 20:30:00,808127.7424128354,807753.7252626308
2024-03-14 00:30:00,807685.3646465314,807753.6066342252
2024-03-14 04:30:00,807282.542081792,807751.9708218211
2024-03-14 08:30:00,807435.9397027052,807748.7636032337
2024-03-14 12:30:00,806850.1034502155,807743.5082807015
2024-03-14 16:30:00,806978.725145165,807740.8745230215
2024-03-14 20:30:00,807814.8215031486,807744.3979929653
2024-03-15 00:30:00,808169.7426060003,807746.5635866518
2024-03-15 04:30:00,808490.0172037372,807751.5581803486
2024-03-15 08:30:00,808586.9166224657,807756.5483514246
2024-03-15 12:30:00,808378.3798605633,807759.6539931967
2024-03-15 16:30:00,807645.2819201272,807757.8799492804
2024-03-15 20:30:00,807667.3028957939,807757.6450976067
2024-03-16 04:30:00,807967.0272382883,807758.907261437
2024-03-16 08:30:00,808827.9148110658,807763.2687264421
2024-03-16 12:30:00,808878.6940094553,807772.0787514573
2024-03-16 16:30:00,807177.8110570527,807770.9868555453
2024-03-16 20:30:00,807313.6068045133,807766.782372279
2024-03-17 00:30:00,807897.9942827966,807765.0513324437
2024-03-17 04:30:00,807355.4430004155,807763.7666350256
2024-03-17 08:30:00,807454.8722996754,807760.92258888
2024-03-17 12:30:00,807543.5812804435,807759.6515870764
2024-03-17 16:30:00,807285.106141336,807755.8377198257
2024-03-17 20:30:00,807297.750500863,807753.4205936863
2024-03-18 00:30:00,808436.8387851774,807757.8099121477
2024-03-18 04:30:00,807485.2132007446,807756.5210102631
2024-03-18 08:30:00,808055.7485989187,807758.780464721
2024-03-18 12:30:00,807792.1113663139,807757.7445525565
2024-03-18 16:30:00,807877.9749412999,807756.928007373
2024-03-18 20:30:00,806777.4222863574,807751.2332066695
2024-03-19 00:30:00,807046.4503348283,807749.5554782442
2024-03-19 08:30:00,808578.7297681278,807748.3829428292
2024-03-19 12:30:00,807859.8954962947,807739.9775179776
2024-03-19 16:30:00,807807.8962741024,807737.3206679042
2024-03-19 20:30:00,807490.3128790937,807732.6878574229
2024-03-20 00:30:00,808135.8992359105,807734.7700655457
2024-03-20 04:30:00,807888.434593846,807735.6269219645
2024-03-20 08:30:00,807645.3547835853,807737.7856696928
2024-03-20 12:30:00,807700.0474929309,807741.0814321773
2024-03-20 16:30:00,808116.6013541078,807743.2646875374
2024-03-20 20:30:00,807551.4462214768,807743.4421499387
2024-03-21 00:30:00,807080.8612627466,807740.2215481456
2024-03-21 04:30:00,807836.3009461411,807738.5623265554
2024-03-21 08:30:00,808319.0682851599,807741.8470474166
2024-03-21 12:30:00,808029.2702799719,807743.6438494243
2024-03-21 16:30:00,807494.6175031579,807745.1021739632
2024-03-21 20:30:00,807143.8984025252,807743.956788316
2024-03-22 00:30:00,807654.9768461258,807746.3521643571
2024-03-22 04:30:00,808640.5604373189,807752.9971410447
2024-03-22 08:30:00,808456.6359694714,807754.5030868147
2024-03-22 12:30:00,808183.945888417,807756.9854151477
2024-03-22 16:30:00,808056.8601967975,807751.1449693595
2024-03-22 20:30:00,807809.8304179315,807746.088114737
2024-03-23 00:30:00,807521.9267760088,807742.5954158056
2024-03-23 04:30:00,808286.4249710441,807743.1144691497
2024-03-23 08:30:00,808003.4412509033,807745.3198546404
2024-03-23 12:30:00,807996.532418884,807748.1771814543
2024-03-23 16:30:00,808172.1723437352,807752.3679882877
2024-03-23 20:30:00,808184.7015510579,807756.0962683734
2024-03-24 00:30:00,807326.882729078,807757.689708169
2024-03-24 04:30:00,807613.4238777595,807757.1488978999
2024-03-24 08:30:00,807812.9330411184,807753.0248069324
2024-03-24 12:30:00,807877.4644221159,807753.8759988443
2024-03-24 16:30:00,807804.1726962307,807753.0966543028
2024-03-24 20:30:00,807411.394515658,807754.0779863531
2024-03-25 00:30:00,807502.5201612787,807755.4467193042
2024-03-25 04:30:00,807564.4318319238,807755.5981068277
2024-03-25 08:30:00,807756.0218223067,807755.7356567415
2024-03-25 12:30:00,807031.2197684046,807754.1228942628
2024-03-25 16:30:00,807479.5062060531,807752.8260792793
2024-03-25 20:30:00,807367.1526457693,807752.9977175967
2024-03-26 00:30:00,807542.4769513569,807757.1330837755
2024-03-26 04:30:00,807640.6138881035,807757.3005225069
2024-03-26 08:30:00,807929.7850032458,807757.7156540729
2024-03-26 12:30:00,808813.381920126,807766.0903783704
2024-03-26 16:30:00,808100.1782860996,807767.3608236054
2024-03-26 20:30:00,807969.207176148,807763.1498448609
2024-03-27 00:30:00,808121.7747877255,807765.210907751
2024-03-27 04:30:00,807679.6422903928,807761.6566318385
2024-03-27 08:30:00,807822.146301021,807760.6297895515
2024-03-27 12:30:00,807216.0891998529,807755.7809035516
2024-03-27 16:30:00,807300.9780035397,807750.6720883544
2024-03-27 20:30:00,807486.9558233997,807747.4644331278
2024-03-28 00:30:00,807826.0765056916,807748.7160904219
2024-03-28 04:30:00,807626.0207147285,807748.6361429637
2024-03-28 08:30:00,808887.6760225571,807754.9355393013
2024-03-28 12:30:00,807546.4133867346,807755.516810013
2024-03-28 20:30:00,807578.8332547549,807757.337204953
2024-03-29 00:30:00,808031.4616730257,807761.4077732136
2024-03-29 04:30:00,808114.7552468153,807763.0729694454
2024-03-29 08:30:00,808000.3975523013,807766.2356965053
2024-03-29 12:30:00,808457.7959237497,807771.6324730996
2024-03-29 16:30:00,808221.3451418832,807778.7316606623
2024-03-29 20:30:00,808331.7882380246,807783.5799306469
2024-03-30 00:30:00,807941.0990474061,807786.6696974318
2024-03-30 04:30:00,807095.5468120676,807782.6977268264
2024-03-30 08:30:00,808019.7271985001,807782.7838729434
2024-03-30 12:30:00,807725.9430279395,807782.0488254214
2024-03-30 16:30:00,807337.230133911,807782.5582918747
2024-03-30 20:30:00,806803.9075647208,807778.5048106104
2024-03-31 00:30:00,807621.271406573,807777.147297665
2024-03-31 04:30:00,807255.0568618075,807773.2863027359
2024-03-31 08:30:00,807887.7983534372,807772.5584780984
2024-03-31 12:30:00,807498.145001312,807771.7947223084
2024-03-31 16:30:00,807170.8300559726,807768.0535655966
2024-04-01 00:30:00,808396.2587453836,807770.2335557373
2024-04-01 04:30:00,807121.6787066458,807766.7920079239
2024-04-01 08:30:00,808733.5539004714,807771.480863867
2024-04-01 12:30:00,809208.056443913,807777.2663131978
2024-04-01 16:30:00,807837.3678919162,807779.6326089341
2024-04-01 20:30:00,806831.7190959536,807778.7116431844
2024-04-02 00:30:00,807546.8185574607,807780.8049952639
2024-04-02 04:30:00,807560.1029475152,807777.7724091111
2024-04-02 08:30:00,808033.9353441792,807779.2446098874
2024-04-02 12:30:00,807839.3060959767,807777.7195172318
2024-04-02 16:30:00,807237.0045383765,807777.7172955875
2024-04-02 20:30:00,807153.9035391916,807775.7918378125
2024-04-03 00:30:00,808123.6061854468,807779.5680001236
2024-04-03 04:30:00,807610.5857295039,807780.4570851569
2024-04-03 08:30:00,808308.7663609993,807783.6686200943
2024-04-03 12:30:00,808214.3055299842,807786.6499786169
2024-04-03 16:30:00,807683.470064802,807787.6510471671
2024-04-03 20:30:00,806807.011297369,807785.8719443609
2024-04-04 00:30:00,807563.5831300239,807784.1438975168
2024-04-04 04:30:00,808012.1796556675,807782.5578440878
2024-04-04 08:30:00,807435.6299597981,807776.7427947754
2024-04-04 12:30:00,807704.2154734497,807772.53485322
2024-04-04 16:30:00,807290.9842351081,807769.9381291972
2024-04-04 20:30:00,806701.9305402954,807765.4139400861
2024-04-05 00:30:00,806900.2281934569,807763.7790819369
2024-04-05 04:30:00,807846.8681325004,807764.1814714611
2024-04-05 08:30:00,807388.5934351915,807760.0513465598
2024-04-05 12:30:00,807430.377923456,807758.1674984277
2024-04-05 16:30:00,807683.2310299309,807755.0464973266
2024-04-05 20:30:00,807256.0371508243,807756.4642911539
2024-04-06 00:30:00,807475.9628212416,807759.8051989998
2024-04-06 04:30:00,807702.7564385162,807760.9501997576
2024-04-06 08:30:00,808014.1815206307,807760.6304613949
2024-04-06 16:30:00,807582.238028838,807754.4341935822
2024-04-06 20:30:00,807906.7644890326,807757.5631746287
2024-04-07 00:30:00,807346.7583575123,807757.2711702974
2024-04-07 04:30:00,808774.4273153266,807762.9307484978
2024-04-07 08:30:00,808090.6028386183,807765.714857841
2024-04-07 12:30:00,807860.7915562444,807764.3397799417
2024-04-07 16:30:00,807893.4965584909,807761.3733658285
2024-04-07 20:30:00,807862.0191622693,807761.8054870436
2024-04-08 00:30:00,807619.9905759537,807764.764542125
2024-04-08 04:30:00,808180.0033589293,807769.6153954002
2024-04-08 08:30:00,806919.8226415566,807765.0718940104
2024-04-08 12:30:00,807640.4751101586,807764.7315195441
2024-04-08 16:30:00,807335.062675625,807760.0766618637
2024-04-08 20:30:00,807562.7601890492,807760.0414791626
2024-04-09 00:30:00,808567.3598265604,807768.3367106409
2024-04-09 04:30:00,808163.9699652267,807768.9461783335
2024-04-09 08:30:00,808176.7499086256,807767.6177004691
2024-04-09 12:30:00,807291.3525919883,807766.1991317935
2024-04-09 16:30:00,806893.4118570021,807760.4984553186
2024-04-09 20:30:00,807528.1843276985,807755.7916139186
2024-04-10 00:30:00,807540.8359439527,807757.9651521357
2024-04-10 04:30:00,808136.7050696523,807760.5679210218
2024-04-10 08:30:00,808474.3785982085,807762.0729338196
2024-04-10 12:30:00,808020.5786349694,807761.5940653683
2024-04-10 16:30:00,808199.6321467248,807760.7439060617
2024-04-10 20:30:00,808395.9945812259,807758.2214984711
2024-04-11 00:30:00,807977.6415266574,807760.7774753479
2024-04-11 04:30:00,808014.7718576101,807762.4143286205
2024-04-11 08:30:00,807890.6489409129,807761.1791956822
2024-04-11 12:30:00,807279.4010722521,807760.2446716945
2024-04-11 16:30:00,807192.640704626,807759.9305157666
2024-04-11 20:30:00,807702.0294284936,807759.599652411
2024-04-12 00:30:00,807616.6410632132,807758.3700266596
2024-04-12 04:30:00,807716.6176282639,807758.7506966732
2024-04-12 08:30:00,808088.7180711884,807760.7798955699
2024-04-12 12:30:00,807422.5825073215,807759.0725377549
2024-04-12 16:30:00,807898.0873651605,807758.8509394312
2024-04-12 20:30:00,807905.1970391563,807757.5792515816
2024-04-13 00:30:00,808308.9967833369,807761.1428637917
2024-04-13 04:30:00,808010.787316053,807765.3042651304
2024-04-13 08:30:00,807949.678918203,807768.2399177904
2024-04-13 12:30:00,807451.8420194827,807771.6784239006
2024-04-13 16:30:00,807369.2185378844,807773.9098147161
2024-04-13 20:30:00,807690.8938317859,807773.2016565939
2024-04-14 00:30:00,807830.7212422699,807771.2643916585
2024-04-14 04:30:00,807866.2575949817,807767.7000510369
2024-04-14 08:30:00,808909.4634521812,807769.5431757782
2024-04-14 12:30:00,808293.8661223403,807769.0602401312
2024-04-14 16:30:00,807229.7042807905,807766.6855107637
2024-04-14 20:30:00,807354.2216694299,807764.8964751845
2024-04-15 00:30:00,808500.6201058219,807769.0767230857
2024-04-15 04:30:00,808213.1657562124,807770.475237392
2024-04-15 08:30:00,808615.3390160423,807769.267420375
2024-04-15 12:30:00,808411.4151874112,807766.6124270677
2024-04-15 16:30:00,807083.2670261235,807766.0752450739
2024-04-15 20:30:00,806542.2857667755,807761.6927391776
2024-04-16 00:30:00,807895.5293201931,807761.6787337082
2024-04-16 04:30:00,807681.011609873,807763.5285553529
2024-04-16 08:30:00,808012.3316088553,807766.6959377915
2024-04-16 12:30:00,807620.1708965634,807767.1311060649
2024-04-16 16:30:00,807054.023174121,807765.8181346604
2024-04-16 20:30:00,807245.3448963114,807765.5203755434
2024-04-17 00:30:00,808181.2102343215,807764.0679405954
2024-04-17 04:30:00,807879.7755916821,807766.3097723621
2024-04-17 08:30:00,808036.2126684815,807766.1987727574
2024-04-17 12:30:00,807884.0071476112,807766.7209078782
2024-04-17 16:30:00,807156.8536908628,807762.6236280464
2024-04-17 20:30:00,807510.5117478233,807766.7889090775
2024-04-18 00:30:00,808718.4970484205,807776.2891744956
2024-04-18 04:30:00,808348.2556874556,807779.5206237213
2024-04-18 08:30:00,807895.6458086004,807775.6613923116
2024-04-18 12:30:00,808040.4456354651,807776.681449595
2024-04-18 16:30:00,807689.8175142334,807776.0143379574
2024-04-18 20:30:00,807603.4974585007,807776.6537988578
2024-04-19 00:30:00,807843.2607034399,807775.0004738157
2024-04-19 04:30:00,808102.9405548817,807776.2123719008
2024-04-19 08:30:00,808002.6242109247,807778.2308432416
2024-04-19 12:30:00,807356.2051386226,807776.2882310704
2024-04-19 16:30:00,807550.2625261246,807773.0885766749
2024-04-19 20:30:00,807830.5432290244,807774.6653959266
2024-04-20 00:30:00,808523.126084621,807782.8137847509
2024-04-20 04:30:00,808012.8398079427,807783.8111794504
2024-04-20 08:30:00,808201.0711148086,807783.1445287704
2024-04-20 12:30:00,808003.3431878549,807782.9980480238
2024-04-20 16:30:00,808272.2671462266,807787.3915488321
2024-04-20 20:30:00,807279.4635488276,807788.1574536136
2024-04-21 00:30:00,807184.6120708763,807785.5000255047
2024-04-21 04:30:00,807863.9949972185,807781.112650137
2024-04-21 08:30:00,808222.6835595714,807779.7908851093
2024-04-21 12:30:00,807360.9311446839,807775.1410842972
2024-04-21 16:30:00,808087.8190427286,807775.3159930313
2024-04-21 20:30:00,807951.8364775924,807776.1182871537
2024-04-22 00:30:00,807531.4913037923,807776.1723240339
2024-04-22 04:30:00,807585.3046851947,807772.2111924754
2024-04-22 12:30:00,807207.9194720277,807766.4166299454
2024-04-22 16:30:00,807942.9319064894,807765.114127461
2024-04-22 20:30:00,807980.9870494977,807763.9566587022
2024-04-23 00:30:00,807560.8638362034,807765.2860968108
2024-04-23 04:30:00,807792.7146377604,807766.3047943107
2024-04-23 08:30:00,807813.1622086521,807766.3060963992
2024-04-23 12:30:00,807540.4791745463,807764.3914074923
2024-04-23 16:30:00,807773.3795487543,807764.2164464272
2024-04-23 20:30:00,808010.7812248172,807767.6220527291
2024-04-24 00:30:00,808209.5233398087,807771.6391162436
2024-04-24 04:30:00,808577.3343333346,807777.3942440924
2024-04-24 08:30:00,808191.6851417819,807779.8696038623
2024-04-24 12:30:00,807542.8707542967,807782.7767117366
2024-04-24 16:30:00,807645.6394069238,807783.7206503781
2024-04-24 20:30:00,807768.0583881909,807785.9985239145
2024-04-25 00:30:00,807433.1640141566,807785.3774276804
2024-04-25 04:30:00,807743.5336627157,807785.962199127
2024-04-25 08:30:00,808196.1053880318,807787.4753831315
2024-04-25 12:30:00,807898.7315050727,807782.2785057732
2024-04-25 16:30:00,807440.8697764239,807778.5324346955
2024-04-25 20:30:00,807875.4631431829,807777.9997981444
2024-04-26 00:30:00,807809.6470451526,807776.2263450618
2024-04-26 04:30:00,808227.4066675862,807779.3386426595
2024-04-26 08:30:00,808492.3927045605,807783.1468608613
2024-04-26 12:30:00,806975.3699184455,807781.7791376717
2024-04-26 16:30:00,807144.014693946,807780.8873006854
2024-04-26 20:30:00,809044.621103757,807789.7376715962
2024-04-27 00:30:00,808002.2687112221,807790.7387636732
2024-04-27 04:30:00,807593.9103521379,807790.5563184313
2024-04-27 08:30:00,808010.6605426074,807785.5732759315
2024-04-27 12:30:00,807761.4902629465,807786.7953036373
2024-04-27 20:30:00,807455.0135860555,807786.0917827924
2024-04-28 00:30:00,808440.6815000833,807788.4168954461
2024-04-28 04:30:00,808129.2027021543,807788.4989832606
2024-04-28 08:30:00,808164.3149624667,807789.430332182
2024-04-28 12:30:00,807331.2067403424,807783.0292572762
2024-04-28 20:30:00,807819.846813487,807777.5992155097
2024-04-29 04:30:00,808210.5694338934,807783.0677372909
2024-04-29 08:30:00,807752.8898566394,807781.5341893493
2024-04-29 12:30:00,807624.8673475148,807780.9532946341
2024-04-29 16:30:00,806971.0819165295,807778.8489945342
2024-04-29 20:30:00,807747.2395949604,807784.2704429838
2024-04-30 00:30:00,808289.5830323936,807788.1113143966
2024-04-30 04:30:00,807926.000414833,807791.9673118279
2024-04-30 08:30:00,808064.5149341682,807792.9829243607
2024-04-30 12:30:00,806797.3818124913,807788.9555497123
2024-04-30 16:30:00,806612.531052546,807785.7469347501
2024-05-01 00:30:00,808486.4330619242,807786.2651779487
2024-05-01 04:30:00,808915.0974243513,807796.5721820735
2024-05-01 08:30:00,808617.925147815,807795.9076490122
2024-05-01 12:30:00,808196.760576379,807790.0956037964
2024-05-01 16:30:00,807711.9967158401,807789.3750797958
2024-05-02 04:30:00,807914.3855098572,807798.4128418224
2024-05-02 08:30:00,807662.6864199116,807796.254417844
2024-05-02 12:30:00,807377.6916276183,807793.5706127955
2024-05-02 16:30:00,807436.6592558984,807794.7313960368
2024-05-02 20:30:00,807765.7682010591,807798.288748722
2024-05-03 00:30:00,807983.2853315936,807797.4729298044
2024-05-03 04:30:00,808087.1325920089,807800.2435510978
2024-05-03 08:30:00,808295.717488287,807800.1676855588
2024-05-03 12:30:00,807306.576194877,807794.8901894245
2024-05-03 16:30:00,807338.272103105,807792.883224531
2024-05-03 20:30:00,806469.4473890538,807790.9206436687
2024-05-04 00:30:00,807384.1843457761,807789.8776274812
2024-05-04 04:30:00,807053.3933240214,807784.3032883438
2024-05-04 08:30:00,807683.2652135163,807785.7430281909
2024-05-04 12:30:00,807342.3891129054,807783.6393865598
2024-05-04 16:30:00,807463.4596614616,807784.6421506664
2024-05-04 20:30:00,807005.9092434548,807786.4094687082
2024-05-05 00:30:00,808074.4660249393,807793.2364328447
2024-05-05 04:30:00,807320.4437700971,807790.1758260865
2024-05-05 12:30:00,807847.3568489654,807794.9627343697
2024-05-05 16:30:00,807664.063256225,807794.8506421257
2024-05-05 20:30:00,807393.7742773705,807795.656122398
2024-05-06 00:30:00,807155.3687981649,807793.7813035495
2024-05-06 04:30:00,808057.3665002355,807795.8550466005
2024-05-06 08:30:00,807452.9999946089,807792.5732832903
2024-05-06 12:30:00,808249.6790314744,807795.2308748496
2024-05-06 16:30:00,807799.0095900737,807796.4911746242
2024-05-06 20:30:00,807860.6729699059,807796.2232006759
2024-05-07 00:30:00,807657.2763425653,807798.0285377982
2024-05-07 04:30:00,807650.3899656635,807791.493436928
2024-05-07 08:30:00,807272.0815820174,807786.7345924132
2024-05-07 12:30:00,807068.7034906814,807782.1294292411
2024-05-07 16:30:00,807658.8166899005,807780.7650114005
2024-05-07 20:30:00,808566.6251806832,807784.8615580191
2024-05-08 00:30:00,807450.2156433336,807783.8744944575
2024-05-08 04:30:00,807504.0439907064,807779.9444981306
2024-05-08 08:30:00,807794.9806744104,807785.0326262286
2024-05-08 12:30:00,807396.8649664816,807783.616288184
2024-05-08 16:30:00,807495.3838596691,807784.5483880911
2024-05-08 20:30:00,808094.8163164424,807787.641737669
2024-05-09 00:30:00,807550.8817501375,807781.7319814108
2024-05-09 04:30:00,807808.6571210917,807779.6662090612
2024-05-09 08:30:00,807864.1086202341,807777.8485271519
2024-05-09 12:30:00,807510.8799823198,807779.1248491886
2024-05-09 16:30:00,807886.46175361,807784.8983950992
2024-05-09 20:30:00,808413.7632471847,807790.0471097473
2024-05-10 00:30:00,807919.7629106145,807792.250173507
2024-05-10 04:30:00,808190.5028976463,807792.5629515768
2024-05-10 08:30:00,808428.9002064893,807792.2985423225
2024-05-10 12:30:00,807892.1589708823,807791.5519163687
2024-05-10 16:30:00,807258.2418316035,807786.078716862
2024-05-10 20:30:00,807488.6272212826,807780.8033252344
2024-05-11 00:30:00,807999.6878254373,807780.9315013903
2024-05-11 04:30:00,807862.5978369975,807780.0467687122
2024-05-11 12:30:00,807319.0065982192,807779.6315836465
2024-05-11 16:30:00,807297.0356387356,807780.2420803373
2024-05-11 20:30:00,808719.2956131524,807786.1910053936
2024-05-12 00:30:00,808420.449860325,807790.891641634
2024-05-12 04:30:00,808616.6482196773,807796.154978426
2024-05-12 08:30:00,808660.1816150466,807799.4968704954
2024-05-12 12:30:00,807761.4596435269,807801.478608134
2024-05-12 16:30:00,806664.4313673226,807794.2642455735
2024-05-12 20:30:00,806954.212405453,807788.7029319261
2024-05-13 00:30:00,808786.699167011,807791.4965131173
2024-05-13 04:30:00,808059.8938726198,807791.7836859627
2024-05-13 08:30:00,808636.6533637851,807795.8010803813
2024-05-13 12:30:00,808274.8275057087,807800.6138610024
2024-05-13 20:30:00,807314.6691644123,807800.9383942714
2024-05-14 00:30:00,807534.0692820085,807799.1933827406
2024-05-14 04:30:00,807354.3381554093,807796.1820919196
2024-05-14 08:30:00,808334.8425982372,807792.8019692493
2024-05-14 16:30:00,807463.9630320512,807791.2232390608
2024-05-14 20:30:00,806944.1827982195,807788.7969735508
2024-05-15 00:30:00,807363.6917714077,807782.0695869566
2024-05-15 04:30:00,807690.8828081591,807778.9791553114
2024-05-15 08:30:00,807807.2541440594,807774.1975880214
2024-05-15 12:30:00,807659.1107694539,807769.7460825898
2024-05-15 16:30:00,806918.1839857264,807768.7692598656
2024-05-15 20:30:00,807674.083543571,807775.4662881306
2024-05-16 00:30:00,807978.3072890243,807775.9560985973
2024-05-16 04:30:00,807514.9066204103,807774.9732288371
2024-05-16 08:30:00,807785.5142867252,807773.6311145049
2024-05-16 12:30:00,807817.4511022004,807774.7984529998
2024-05-16 16:30:00,807499.0236050216,807777.4315916441
2024-05-16 20:30:00,807176.1442771351,807777.0221205248
2024-05-17 00:30:00,807605.3756657277,807773.6148153851
2024-05-17 04:30:00,808231.43043864,807775.6956132961
2024-05-17 08:30:00,807426.778233834,807772.089492381
2024-05-17 12:30:00,807766.2106809994,807771.3924718687
2024-05-17 16:30:00,807848.0634472382,807775.482470427
2024-05-17 20:30:00,807794.5615697097,807777.1632386037
2024-05-18 00:30:00,808012.0102559905,807772.9828433823
2024-05-18 04:30:00,807412.5917218073,807767.446370213
2024-05-18 08:30:00,807421.0798998303,807764.6382879125
2024-05-18 12:30:00,807535.9339733693,807761.6530118054
2024-05-18 16:30:00,807550.5322776551,807760.8288388078
2024-05-18 20:30:00,807598.0753621114,807760.7967553972
2024-05-19 00:30:00,807769.7111603717,807760.3615510004
2024-05-19 04:30:00,808003.2797715047,807759.7718422229
2024-05-19 08:30:00,807323.5600522518,807755.7537111067
2024-05-19 12:30:00,807032.7113312922,807753.8395465661
2024-05-19 16:30:00,807028.418355883,807750.7517112393
2024-05-19 20:30:00,807159.4875772969,807746.780967738
2024-05-20 00:30:00,808020.9444175746,807743.809478584
2024-05-20 04:30:00,807330.4185977337,807739.7714832572
2024-05-20 12:30:00,807345.854701171,807733.1120301725
2024-05-20 16:30:00,807111.3752321193,807726.2019592552
2024-05-20 20:30:00,807806.3513753662,807729.3381963179
2024-05-21 00:30:00,807572.5520537349,807731.6473628825
2024-05-21 04:30:00,808494.9569229957,807735.4030886312
2024-05-21 08:30:00,808065.0936750739,807734.4650536045
2024-05-21 12:30:00,808073.9324563193,807738.7091090309
2024-05-21 16:30:00,807669.5625406532,807736.2194869948
2024-05-21 20:30:00,808097.6512035662,807737.0874317922
2024-05-22 00:30:00,808441.1310357107,807742.5019540058
2024-05-22 04:30:00,807605.4669329812,807742.6219673855
2024-05-22 08:30:00,807120.9717664861,807738.94356383
2024-05-22 12:30:00,806761.8990328666,807736.3043896337
2024-05-22 16:30:00,807311.4412937537,807732.567758789
2024-05-22 20:30:00,807429.1474784358,807729.3024358834
2024-05-23 00:30:00,807180.2675177098,807727.0503866617
2024-05-23 04:30:00,808227.4440072597,807729.6227497949
2024-05-23 08:30:00,808018.8556863244,807730.8398709643
2024-05-23 12:30:00,807600.8342059018,807731.1970013274
2024-05-23 16:30:00,807310.9440570907,807728.4606966431
2024-05-23 20:30:00,808361.8943580139,807730.5382891472
2024-05-24 04:30:00,807891.4035509529,807723.6042663315
2024-05-24 08:30:00,807838.8732740451,807721.5041956902
2024-05-24 12:30:00,806242.299534435,807713.7627003338
2024-05-24 16:30:00,807423.1681794253,807712.4384668368
2024-05-24 20:30:00,809283.1862849955,807721.4570852702
2024-05-25 00:30:00,808429.8826331166,807727.3899341926
2024-05-25 04:30:00,808249.758328226,807730.4031762494
2024-05-25 08:30:00,809008.0210820334,807735.236007761
2024-05-25 12:30:00,807568.0079345757,807733.2674150795
2024-05-25 16:30:00,807702.9008523488,807734.8271238648
2024-05-25 20:30:00,807929.9317092224,807735.1513415199
2024-05-26 00:30:00,808239.9024992536,807737.7123858895
2024-05-26 04:30:00,807486.5278631988,807733.3023930063
2024-05-26 08:30:00,807260.0067507271,807725.9667623286
2024-05-26 12:30:00,807045.2693551983,807726.3828304044
2024-05-26 16:30:00,807017.6315634885,807725.630549866
2024-05-26 20:30:00,807778.231329591,807718.0925154961
2024-05-27 00:30:00,808421.7502056805,807720.5894291536
2024-05-27 04:30:00,808137.855439613,807723.8271975314
2024-05-27 08:30:00,807878.239777004,807723.0389786884
2024-05-27 12:30:00,807141.5723142142,807719.3489908983
2024-05-27 16:30:00,807259.47728125,807716.6278565218
2024-05-27 20:30:00,807847.3223434238,807718.9492101156
2024-05-28 00:30:00,808056.1799417688,807716.674052966
2024-05-28 04:30:00,808454.2272667694,807718.5972752417
2024-05-28 08:30:00,808463.8026555779,807720.3693917692
2024-05-28 12:30:00,807469.4857636854,807721.187610842
2024-05-28 16:30:00,807134.8096139864,807717.7383285078
2024-05-28 20:30:00,807651.6269411664,807716.7487998469
2024-05-29 00:30:00,807867.6668076981,807717.6313612963
2024-05-29 04:30:00,807913.8688294267,807715.896270042
2024-05-29 08:30:00,808651.2290722623,807721.1497157476
2024-05-29 12:30:00,807689.239521202,807721.5261612076
2024-05-29 16:30:00,806568.2839240454,807719.1706173918
2024-05-29 20:30:00,807348.2605057335,807716.8374063439
2024-05-30 00:30:00,807823.8809161697,807714.1140021555
2024-05-30 04:30:00,807495.4531414575,807711.5961818432
2024-05-30 12:30:00,808122.4915612455,807717.3149524106
2024-05-30 16:30:00,807138.9726990232,807720.411667978
2024-05-30 20:30:00,807437.104857209,807718.7549030028
2024-05-31 04:30:00,807776.0567669437,807707.5389099655
2024-05-31 08:30:00,808048.3487038757,807704.1884602953
2024-05-31 12:30:00,807616.9809030853,807700.777991629
2024-05-31 16:30:00,807392.8029342293,807698.9003811489
2024-05-31 20:30:00,807799.059278386,807699.4861056942
2024-06-01 00:30:00,808148.2819274092,807702.0953837275
2024-06-01 04:30:00,807622.6315118871,807700.399139553
2024-06-01 08:30:00,807153.5701316424,807697.4391611329
2024-06-01 12:30:00,807688.1630126891,807699.2442273252
2024-06-01 16:30:00,807276.4903591494,807698.3130128093
2024-06-01 20:30:00,807084.1655111241,807694.3502064723
2024-06-02 00:30:00,807687.2743962326,807692.6292126621
2024-06-02 04:30:00,807903.0253182392,807691.5588215356
2024-06-02 08:30:00,807491.154964343,807686.881132443
2024-06-02 12:30:00,807733.9695330118,807689.365977432
2024-06-02 16:30:00,807499.7672954747,807690.304902969
2024-06-02 20:30:00,807451.0342273252,807696.0118031916
2024-06-03 00:30:00,808185.8905620236,807700.672885844
2024-06-03 04:30:00,807863.564257658,807705.38318197
2024-06-03 08:30:00,807501.2395688888,807704.3248933384
2024-06-03 12:30:00,807298.8384687917,807704.0716919192
2024-06-03 16:30:00,807971.2033862344,807707.023690319
2024-06-03 20:30:00,808029.3577919139,807712.9739725775
2024-06-04 00:30:00,807595.966457826,807710.1919983501
2024-06-04 04:30:00,808277.7850520368,807715.7579360356
2024-06-04 08:30:00,808185.0581840208,807718.4706542322
2024-06-04 12:30:00,807394.6013577697,807715.853570468
2024-06-04 16:30:00,807656.7300937965,807715.8111822458
2024-06-04 20:30:00,807972.902614438,807719.158744888
2024-06-05 00:30:00,808016.1219341003,807724.1341965407
2024-06-05 04:30:00,807944.982163965,807723.4845760999
2024-06-05 08:30:00,807814.2073712813,807725.5724800114
2024-06-05 12:30:00,807603.0184315428,807721.8345574683
2024-06-05 20:30:00,808524.5084141927,807725.2453738153
2024-06-06 00:30:00,808111.1462259408,807727.884152207
2024-06-06 04:30:00,808437.7199449764,807732.4616520867
2024-06-06 08:30:00,807149.0830785829,807731.7465445086
2024-06-06 12:30:00,806770.6552794753,807730.0137060714
2024-06-06 16:30:00,807599.3970310256,807729.6682429384
2024-06-06 20:30:00,808591.725962709,807729.8141777178
2024-06-07 00:30:00,808956.8208900972,807738.5735105478
2024-06-07 04:30:00,808745.3476365301,807745.7903922094
2024-06-07 08:30:00,808541.8870726894,807750.1328712691
2024-06-07 12:30:00,807450.3294098594,807750.4437110563
2024-06-07 16:30:00,807871.7710811101,807752.6320088552
2024-06-07 20:30:00,808057.740537477,807752.4164520008
2024-06-08 00:30:00,808518.4344195732,807758.0417582184
2024-06-08 04:30:00,808124.4144591516,807759.8775566955
2024-06-08 08:30:00,807784.1502924641,807759.4126826971
2024-06-08 12:30:00,807101.6863360413,807757.0336498697
2024-06-08 16:30:00,807341.0044714607,807753.8623866014
2024-06-09 00:30:00,808224.5355966893,807751.7856136512
2024-06-09 04:30:00,808046.842086735,807750.9454919499
2024-06-09 08:30:00,807310.2146740061,807744.4034712921
2024-06-09 12:30:00,807029.2101962019,807739.3569872295
2024-06-09 16:30:00,807324.4620778717,807739.7442401318
2024-06-09 20:30:00,807975.3327579782,807742.5904713406
2024-06-10 00:30:00,808537.770857908,807745.7371557408
2024-06-10 04:30:00,808013.3165002741,807746.6185514326
2024-06-10 08:30:00,808127.4295487234,807748.8325688586
2024-06-10 12:30:00,807000.8641426038,807746.9829034192
2024-06-10 16:30:00,806504.1730423255,807742.373237161
2024-06-10 20:30:00,807741.0180924071,807736.6855771566
2024-06-11 00:30:00,808316.8636998688,807736.0833320376
2024-06-11 04:30:00,807780.7046929854,807731.2231952545
2024-06-11 08:30:00,808688.1988364223,807731.3860860765
2024-06-11 12:30:00,808454.9988659887,807735.4182908582
2024-06-11 16:30:00,807237.8027149516,807738.7518452049
2024-06-11 20:30:00,807462.0308258365,807741.7042778815
2024-06-12 04:30:00,808569.5694613202,807738.5737556567
2024-06-12 08:30:00,808095.9348577887,807735.4116591304
2024-06-12 12:30:00,806900.7346541685,807727.3760284197
2024-06-12 16:30:00,806963.2024420507,807722.9331587316
2024-06-12 20:30:00,807259.7815485335,807722.6140446858
2024-06-13 00:30:00,807441.7841021776,807722.0775029425
2024-06-13 04:30:00,807713.5333511367,807724.1658471038
2024-06-13 08:30:00,807689.2096017797,807720.4121668917
2024-06-13 12:30:00,807339.2656407196,807718.209007781
2024-06-13 16:30:00,807186.1109839332,807716.6029265779
2024-06-13 20:30:00,807695.0040186113,807720.9429336323
2024-06-14 00:30:00,807798.7181774828,807723.4575371357
2024-06-14 04:30:00,807841.6420998633,807724.328978128
2024-06-14 08:30:00,807417.4128150478,807722.0755600415
2024-06-14 12:30:00,807388.7102822763,807720.5125514449
2024-06-14 16:30:00,807401.5182193948,807723.3063909459
2024-06-14 20:30:00,807667.7695928747,807723.269894121
2024-06-15 00:30:00,807554.778800836,807720.8217525708
2024-06-15 04:30:00,807703.8176870677,807721.9137240543
2024-06-15 08:30:00,807679.3124517528,807721.2998406151
2024-06-15 12:30:00,807550.1725309433,807719.7548777756
2024-06-15 16:30:00,807448.4848989708,807719.4627465268
2024-06-15 20:30:00,807551.4269739155,807721.63201067
2024-06-16 00:30:00,807901.5063873183,807723.3437489452
2024-06-16 04:30:00,807898.7552384961,807721.4207709095
2024-06-16 08:30:00,807672.3060244733,807722.8400066936
2024-06-16 12:30:00,807515.3896320509,807721.3901740407
2024-06-16 16:30:00,807803.8831499652,807721.1347965997
2024-06-16 20:30:00,808188.3039068148,807723.4107638665
2024-06-17 00:30:00,807885.0017223199,807722.6766104925
2024-06-17 04:30:00,807656.4144945692,807724.0859906818
2024-06-17 08:30:00,807352.8220338462,807723.6914365432
2024-06-17 12:30:00,807549.0761771662,807723.7674030393
2024-06-17 16:30:00,807942.8963144289,807726.0354032518
2024-06-17 20:30:00,807869.0907681775,807727.6019662927
2024-06-18 00:30:00,808047.7234756914,807729.2089738958
2024-06-18 04:30:00,808419.8761563742,807731.6170454845
2024-06-18 12:30:00,807215.1169688543,807735.0499677566
2024-06-18 16:30:00,807533.6961166118,807737.9876291561
2024-06-18 20:30:00,808154.6889969371,807743.7736839216
2024-06-19 00:30:00,807817.3379703673,807742.5899255074
2024-06-19 04:30:00,808085.3918929195,807746.9793051307
2024-06-19 08:30:00,807302.4421268856,807744.4097260657
2024-06-19 12:30:00,807154.1247807809,807743.3014606299
2024-06-19 16:30:00,807991.5108327335,807748.3889496507
2024-06-19 20:30:00,808464.8812695269,807752.1954808307
2024-06-20 00:30:00,807642.5054626954,807752.599835796
2024-06-20 04:30:00,808015.1076609417,807749.8261406396
2024-06-20 08:30:00,807997.308757462,807749.4343203065
2024-06-20 12:30:00,807177.671166689,807744.2536192104
2024-06-20 16:30:00,808212.2199690201,807747.3903673514
2024-06-20 20:30:00,808554.5953924699,807750.0316632409
2024-06-21 00:30:00,808286.6862068354,807749.1389185654
2024-06-21 04:30:00,808544.2344019441,807754.5653201202
2024-06-21 08:30:00,807811.2659078493,807758.5554596654
2024-06-21 12:30:00,806570.1222821048,807757.4469235339
2024-06-21 16:30:00,807822.182763724,807760.3991863662
2024-06-21 20:30:00,808939.2470114895,807769.1280854011
2024-06-22 00:30:00,808277.0287871468,807775.4677459181
2024-06-22 04:30:00,808513.4289716196,807777.1208381976
2024-06-22 08:30:00,808024.0016984366,807777.1505839325
2024-06-22 12:30:00,807077.9988934797,807774.1284144965
2024-06-22 16:30:00,807142.263638237,807773.1533831735
2024-06-22 20:30:00,807970.7492405166,807770.8924287371
2024-06-23 00:30:00,807418.7404743807,807768.8685669304
2024-06-23 04:30:00,807991.7524543983,807769.4452847664
2024-06-23 08:30:00,808185.7624301007,807771.4389006057
2024-06-23 12:30:00,807103.4702516866,807776.3881576017
2024-06-23 16:30:00,807236.3562091656,807775.3145255885
2024-06-23 20:30:00,807979.1645378177,807767.8201477312
2024-06-24 00:30:00,808054.8741297227,807765.6649264472
2024-06-24 04:30:00,807797.898148168,807763.0680288607
2024-06-24 08:30:00,808283.1056308954,807758.9018481072
2024-06-24 12:30:00,807040.7646224962,807755.8717141297
2024-06-24 16:30:00,807241.7983081536,807753.2216995079
2024-06-24 20:30:00,808281.4692221896,807755.2420300422
2024-06-25 00:30:00,807955.7571077171,807753.6090105504
2024-06-25 04:30:00,807776.187018732,807755.273718341
2024-06-25 08:30:00,808009.646571193,807759.5819931714
2024-06-25 12:30:00,807171.7059549497,807760.3086402962
2024-06-25 16:30:00,807107.2119613899,807760.8234701693
2024-06-25 20:30:00,807934.2372872918,807761.720056133
2024-06-26 00:30:00,808223.7786072883,807760.5822883262
2024-06-26 04:30:00,807932.94207949,807759.404625337
2024-06-26 08:30:00,807746.0049833131,807758.6446552583
2024-06-26 12:30:00,807959.6971243079,807763.3465219828
2024-06-26 16:30:00,807102.853776896,807762.4463869005
2024-06-26 20:30:00,807631.9988137534,807761.2088953507
2024-06-27 04:30:00,807292.2033189393,807752.7869589677
2024-06-27 08:30:00,808058.0201459522,807750.4413953283
2024-06-27 12:30:00,807897.235381002,807752.9139364689
2024-06-27 16:30:00,808186.5253190271,807758.9932180007
2024-06-27 20:30:00,807897.7876295057,807760.4161121532
2024-06-28 00:30:00,807686.9041655192,807759.371241389
2024-06-28 16:30:00,807295.3270143414,807757.9054731043
2024-06-29 04:30:00,807641.5372597403,807760.8206733577
2024-06-29 08:30:00,808003.5595872565,807762.256998292
2024-06-29 12:30:00,807512.8679463542,807758.6497579672
2024-06-30 00:30:00,807877.3800232812,807764.9589974018
2024-06-30 04:30:00,807812.0839852598,807765.1734451299
2024-06-30 12:30:00,807874.0254204894,807765.0169736248
2024-06-30 16:30:00,808033.5688105621,807768.85389504
2024-07-01 00:30:00,808102.6326669093,807768.3969393543
2024-07-01 04:30:00,807708.9785918418,807768.9171024865
2024-07-01 08:30:00,807361.6019396452,807770.170306149
2024-07-01 12:30:00,807780.2548674225,807770.7250763583
2024-07-01 16:30:00,807868.6700633621,807774.2924239741
2024-07-01 20:30:00,807534.0460407621,807777.0025476466
2024-07-02 00:30:00,807993.5402409177,807778.8475226146
2024-07-02 04:30:00,807636.3993277982,807777.2413419492
2024-07-02 08:30:00,806672.4770175447,807772.3095470889
2024-07-02 12:30:00,806691.0230841615,807766.0267371561
2024-07-02 16:30:00,808078.2275811209,807769.5114376722
2024-07-02 20:30:00,808375.8719447043,807775.0827492226
2024-07-03 00:30:00,808351.4964807899,807776.0803752393
2024-07-03 04:30:00,808024.7919642942,807777.051626484
2024-07-03 08:30:00,807024.1233448305,807774.1774323633
2024-07-03 12:30:00,807202.0022944786,807773.5940819157
2024-07-03 16:30:00,808049.4116028807,807774.0652157507
2024-07-03 20:30:00,807999.4661104783,807773.8851453807
2024-07-04 00:30:00,808297.088971566,807778.1087749816
2024-07-04 04:30:00,808671.2442562731,807780.4790111516
2024-07-04 08:30:00,807696.2338646253,807777.534286336
2024-07-04 12:30:00,807438.4452639959,807777.798406253
2024-07-04 16:30:00,807551.0227041118,807777.1616147489
2024-07-04 20:30:00,807937.532821211,807776.9485437053
2024-07-05 00:30:00,807767.0685596402,807775.4482221724
2024-07-05 04:30:00,808080.4862725977,807776.2645119835
2024-07-05 08:30:00,807632.718115822,807775.1712032157
2024-07-05 12:30:00,807181.9465955342,807772.6346258903
2024-07-05 16:30:00,807547.2871942964,807771.2852400723
2024-07-05 20:30:00,808438.5545344346,807770.7705461817
2024-07-06 00:30:00,808705.5775635006,807774.3300152689
2024-07-06 04:30:00,808586.9063450942,807775.2233470061
2024-07-06 08:30:00,808319.0443784972,807782.229103293
2024-07-06 12:30:00,806695.3345983671,807781.7780812504
2024-07-06 16:30:00,806952.8754198027,807777.9066943569
2024-07-06 20:30:00,809052.1364206865,807780.663643207
2024-07-07 00:30:00,808330.7818536212,807776.9149064616
2024-07-07 04:30:00,808183.883010346,807773.5528428317
2024-07-07 08:30:00,808204.8284511673,807771.534527733
2024-07-07 12:30:00,806930.2702555007,807768.4204010601
2024-07-07 16:30:00,807051.2486335408,807763.5070929908
2024-07-07 20:30:00,808711.826281989,807767.4237740957
2024-07-08 00:30:00,807966.2161402364,807764.1170778121
2024-07-08 04:30:00,808407.358133884,807765.8113513136
2024-07-08 08:30:00,808238.7259395577,807768.5333611765
2024-07-08 12:30:00,807749.4104919594,807772.4119489364
2024-07-08 16:30:00,807119.8526853233,807771.0876867439
2024-07-08 20:30:00,807496.9133804305,807769.4556968255
2024-07-09 00:30:00,807850.1199225779,807767.2270320986
2024-07-09 04:30:00,807601.6073330736,807764.5768252315
2024-07-09 08:30:00,807774.5706483643,807767.3408488885
2024-07-09 12:30:00,807325.9268692401,807769.1070195613
2024-07-09 16:30:00,807409.1750046217,807769.6112631728
2024-07-09 20:30:00,808614.837484674,807773.417838927
2024-07-10 00:30:00,808715.2845931412,807774.4744683034
2024-07-10 04:30:00,808501.9461440796,807777.3829780879
2024-07-10 08:30:00,808305.4820135233,807778.442814188
2024-07-10 12:30:00,807579.7221894187,807781.8883977999
2024-07-10 16:30:00,807107.4440871136,807785.479296876
2024-07-10 20:30:00,807918.909004464,807786.5381713526
2024-07-11 00:30:00,808263.6948042468,807786.2216898311
2024-07-11 04:30:00,807915.6899558592,807787.0251735387
2024-07-11 08:30:00,807912.8702764132,807782.4101225862
2024-07-11 12:30:00,807326.7376690839,807775.6942821285
2024-07-11 16:30:00,807149.4478513894,807775.1683603214
2024-07-11 20:30:00,807810.1817780118,807777.2406874178
2024-07-12 00:30:00,807500.8774409526,807775.6054019359
2024-07-12 04:30:00,807089.551139516,807766.847897073
2024-07-12 08:30:00,807778.427227161,807764.9691536967
2024-07-12 12:30:00,807591.9121112644,807769.0589611349
2024-07-12 16:30:00,807333.1883965397,807771.2482271378
2024-07-12 20:30:00,807473.0840168132,807772.5103719207
2024-07-13 00:30:00,808123.9512170913,807776.5468637248
2024-07-13 04:30:00,807209.3525655903,807773.5635454671
2024-07-13 08:30:00,807203.7246714027,807770.6908535714
2024-07-13 12:30:00,807067.4130215266,807769.0822581915
2024-07-13 16:30:00,807584.2068966398,807771.4378553082
2024-07-13 20:30:00,807717.3146373968,807771.5698708039
2024-07-14 00:30:00,807654.9645381937,807770.7192575538
2024-07-14 04:30:00,807727.3214665713,807770.0428041024
2024-07-14 08:30:00,807781.7903022224,807772.198883908
2024-07-14 12:30:00,808063.2634230368,807776.1903226108
2024-07-14 16:30:00,807855.0504395611,807778.8739452153
2024-07-14 20:30:00,808241.8605777918,807782.2709332918
2024-07-15 00:30:00,807702.1826614358,807783.1431454847
2024-07-15 04:30:00,807583.2681333018,807782.4298345158
2024-07-15 08:30:00,807827.7055775776,807783.3079003489
2024-07-15 12:30:00,807835.0778081217,807784.9937303915
2024-07-15 16:30:00,807740.6075386944,807786.7222667211
2024-07-15 20:30:00,807762.9449679531,807787.9738524845
2024-07-16 00:30:00,807597.8954165719,807786.1773378648
2024-07-16 04:30:00,807921.4109006377,807786.3113950373
2024-07-16 08:30:00,807455.11889128,807785.0262640717
2024-07-16 12:30:00,807784.7475630026,807786.6200979826
2024-07-16 16:30:00,807582.2103968982,807785.3084248876
2024-07-16 20:30:00,807917.8144479368,807783.707895545
2024-07-17 00:30:00,807614.9572826312,807782.1099994523
2024-07-17 04:30:00,808205.066309337,807785.3564598947
2024-07-17 08:30:00,807542.7905132481,807786.4805337372
2024-07-17 12:30:00,807478.2745427726,807786.061589155
2024-07-17 16:30:00,807718.2781631069,807784.7324876679
2024-07-17 20:30:00,808056.2809107449,807785.8401216477
2024-07-18 00:30:00,807750.3800343067,807784.0806930003
2024-07-18 04:30:00,807831.6198038623,807780.5998861807
2024-07-18 08:30:00,807650.433397934,807779.8342009558
2024-07-18 12:30:00,807672.1784029716,807782.5227976269
2024-07-18 16:30:00,807503.4032392495,807782.3446042308
2024-07-18 20:30:00,808468.9518362398,807784.1932091679
2024-07-19 00:30:00,808148.260857745,807786.1398143877
2024-07-19 04:30:00,808288.8191535908,807787.336445333
2024-07-19 08:30:00,807407.2291273777,807787.9528394535
2024-07-19 12:30:00,806972.4827811669,807786.8843571027
2024-07-19 16:30:00,808541.6303111006,807790.1203540342
2024-07-19 20:30:00,809325.8375409344,807795.1848026898
2024-07-20 00:30:00,808522.2054189576,807800.3595083148
2024-07-20 04:30:00,808232.778107095,807801.6399227038
2024-07-20 08:30:00,807963.1944271391,807801.4392501726
2024-07-20 12:30:00,807033.9575690726,807800.593876069
2024-07-20 16:30:00,807287.6454786749,807795.1552025963
2024-07-20 20:30:00,808089.2477264131,807792.4178633842
2024-07-21 00:30:00,808053.0980725219,807791.0438155353
2024-07-21 04:30:00,808420.8326855386,807790.3179230859
2024-07-21 08:30:00,807583.4417914917,807788.977781225
2024-07-21 12:30:00,806927.009112051,807791.0771155187
2024-07-21 16:30:00,807394.7165446738,807788.562608348
2024-07-21 20:30:00,808271.5242034632,807784.6348271242
2024-07-22 00:30:00,808134.8257002862,807783.798338378
2024-07-22 04:30:00,808321.6057647975,807782.669966573
2024-07-22 08:30:00,807683.0523050812,807780.6643819062
2024-07-22 12:30:00,806768.8222206006,807778.8456955951
2024-07-22 16:30:00,806888.982359508,807777.3558057204
2024-07-22 20:30:00,808322.945289708,807779.4275471863
2024-07-23 00:30:00,807733.1460648305,807781.2769918359
2024-07-23 04:30:00,808453.1342103827,807783.9910021652
2024-07-23 08:30:00,807582.8706494361,807780.4445799261
2024-07-23 12:30:00,806922.0451225999,807779.3773732843
2024-07-23 16:30:00,807416.8760169126,807780.4392545064
2024-07-23 20:30:00,808238.1130329646,807781.9624809484
2024-07-24 00:30:00,807714.1713936238,807779.9583472068
2024-07-24 04:30:00,808040.4953497178,807781.3853895687
2024-07-24 08:30:00,808058.0685799466,807780.0616422101
2024-07-24 12:30:00,807170.6810641945,807780.8258565731
2024-07-24 16:30:00,807268.4630207293,807780.9827078235
2024-07-24 20:30:00,807650.6136016054,807777.2717924083
2024-07-25 00:30:00,807865.9538558124,807776.7435379854
2024-07-25 04:30:00,808124.1374627819,807778.7903053035
2024-07-25 08:30:00,808322.844595876,807780.632646625
2024-07-25 12:30:00,807462.8011037227,807782.3449710296
2024-07-25 16:30:00,807017.5022052503,807781.8172665817
2024-07-25 20:30:00,807936.4024659226,807781.8300029265
2024-07-26 00:30:00,807428.5019888701,807777.1519051711
2024-07-26 04:30:00,807549.1188553071,807774.8941214995
2024-07-26 08:30:00,807298.3096222512,807772.2606193756
2024-07-26 12:30:00,807275.6066096277,807768.2365575245
2024-07-26 16:30:00,807074.8173785036,807768.0716375341
2024-07-26 20:30:00,808372.5833164895,807772.4280169619
2024-07-27 00:30:00,808146.3845829625,807774.6148974648
2024-07-27 04:30:00,807629.1083195412,807776.5851021466
2024-07-27 08:30:00,807578.3688942747,807773.7801240667
2024-07-27 12:30:00,807832.7464280888,807773.402995687
2024-07-27 16:30:00,807612.1535102346,807770.0440962205
2024-07-27 20:30:00,808276.5665707361,807772.259177748
2024-07-28 00:30:00,807680.3912772144,807772.2210906821
2024-07-28 04:30:00,807577.8885365502,807771.091250251
2024-07-28 08:30:00,807690.4011899466,807770.6248337175
2024-07-28 12:30:00,808169.2162999726,807772.9155892708
2024-07-28 16:30:00,808187.8692419663,807778.0451423029
2024-07-28 20:30:00,808280.5015199819,807780.9163216039
2024-07-29 00:30:00,808456.04644206,807784.7522881974
2024-07-29 04:30:00,807679.7743683661,807784.9695444965
2024-07-29 08:30:00,807515.8219008159,807782.1983076417
2024-07-29 12:30:00,807895.1058753149,807784.3701140563
2024-07-29 16:30:00,807829.8102034784,807784.6268377254
2024-07-29 20:30:00,808030.2252312747,807786.0066039811
2024-07-30 00:30:00,808178.6964311239,807787.6993927894
2024-07-30 04:30:00,807664.0308876813,807786.8676338141
2024-07-30 08:30:00,807273.5053448748,807783.999688066
2024-07-30 12:30:00,808025.0779673203,807784.8435570427
2024-07-30 16:30:00,808733.4534960542,807788.7535273526
2024-07-30 20:30:00,808186.0922290235,807790.9609645841
2024-07-31 00:30:00,807990.1907652594,807790.3362873527
2024-07-31 04:30:00,807960.0559418588,807791.7311615195
2024-07-31 08:30:00,807168.8284188469,807790.6601975152
2024-07-31 12:30:00,807026.1674525857,807786.4708229881
2024-07-31 16:30:00,808138.8814818311,807787.9719975352
2024-07-31 20:30:00,809120.9879943704,807796.7883417219
2024-08-01 00:30:00,808585.7711735024,807800.0785135697
2024-08-01 04:30:00,807541.7865974476,807799.55288729
2024-08-01 08:30:00,807045.2612928171,807801.6239110415
2024-08-01 12:30:00,807215.2293455992,807804.5361680494
2024-08-01 16:30:00,807948.687139675,807803.8164989304
2024-08-01 20:30:00,808027.6563207491,807801.8819676861
2024-08-02 00:30:00,808227.2799286628,807801.1918757298
2024-08-02 04:30:00,808222.9078508803,807802.2925195443
2024-08-02 08:30:00,807506.8014841778,807804.9740647629
2024-08-02 12:30:00,806948.3374912555,807803.564815856
2024-08-02 16:30:00,807457.0986513897,807800.2741883479
2024-08-02 20:30:00,808003.1750078874,807800.2947933333
2024-08-03 00:30:00,808081.9646171044,807799.0996580308
2024-08-03 04:30:00,808514.1339311671,807798.2268228914
2024-08-03 08:30:00,807647.1470053861,807797.9541181177
2024-08-03 12:30:00,806996.1223653898,807795.4967686809
2024-08-03 16:30:00,807363.9018613031,807794.4572084432
2024-08-03 20:30:00,808021.3197358963,807794.9226913026
2024-08-04 00:30:00,808394.7298477944,807798.409698459
2024-08-04 04:30:00,808835.3678552873,807802.6034850294
2024-08-04 08:30:00,807645.7880058968,807802.6760955299
2024-08-04 12:30:00,807322.5938068193,807803.4574689259
2024-08-04 16:30:00,807346.5088583223,807802.3420337262
2024-08-04 20:30:00,807966.7539672644,807799.720919464
2024-08-05 00:30:00,808370.9111616593,807797.8616616761
2024-08-05 04:30:00,808551.9723339954,807797.6675838366
2024-08-05 08:30:00,807963.0467252841,807795.6898190964
2024-08-05 12:30:00,807201.8280604987,807798.5036716638
2024-08-05 16:30:00,807389.0214049678,807800.9267049149
2024-08-05 20:30:00,808165.219213115,807795.9993870949
2024-08-06 00:30:00,807824.0650216253,807793.1842935839
2024-08-06 04:30:00,808248.4715838602,807793.5431189922
2024-08-06 08:30:00,807547.5459936479,807789.8915497838
2024-08-06 12:30:00,807492.3715944609,807793.0143350002
2024-08-06 16:30:00,807700.5923165687,807796.6217999059
2024-08-06 20:30:00,807957.2243328117,807792.4295668548
2024-08-07 00:30:00,807635.9246612273,807790.594614194
2024-08-07 04:30:00,808165.4104724078,807789.2504605189
2024-08-07 08:30:00,808120.207773578,807788.5920262636
2024-08-07 12:30:00,807126.9622861249,807785.1339806755
2024-08-07 16:30:00,807476.3439579349,807787.1144877457
2024-08-07 20:30:00,808043.2889684427,807790.1499076791
2024-08-08 00:30:00,807812.7560299139,807789.9423304975
2024-08-08 04:30:00,807622.3071732273,807790.0573296095
2024-08-08 08:30:00,807824.6169781794,807790.3353647752
2024-08-08 12:30:00,808125.3041073431,807794.7763494313
2024-08-08 16:30:00,807397.4311087104,807794.7111055652
2024-08-08 20:30:00,807629.5878198064,807789.237496316
2024-08-09 00:30:00,807741.6996722776,807783.8286911999
2024-08-09 04:30:00,807918.5702698912,807780.5877141212
2024-08-09 08:30:00,807796.0639319477,807777.757613668
2024-08-09 12:30:00,807786.907686618,807778.908644208
2024-08-09 16:30:00,807742.9294197615,807782.4391182782
2024-08-09 20:30:00,807839.6749188354,807781.9989289136
2024-08-10 00:30:00,807777.652220509,807779.2986923374
2024-08-10 04:30:00,807353.0584894097,807776.1729619682
2024-08-10 08:30:00,807741.671287691,807775.2218564752
2024-08-10 12:30:00,807619.046424426,807776.8457940049
2024-08-10 16:30:00,807597.5342711036,807779.3351630034
2024-08-10 20:30:00,807694.0592110573,807778.6900376313
2024-08-11 00:30:00,807749.1074712634,807780.0690933552
2024-08-11 04:30:00,807564.7611689502,807782.7091490744
2024-08-11 08:30:00,807346.9335109775,807780.3119617623
2024-08-11 12:30:00,807709.2176610796,807780.9636592614
2024-08-11 16:30:00,807181.4349511768,807780.1205845647
2024-08-11 20:30:00,807287.6156185786,807779.0902045745
2024-08-12 00:30:00,807461.5750417322,807775.4103369337
2024-08-12 04:30:00,807697.9658596629,807778.124855234
2024-08-12 08:30:00,807150.8186103208,807777.8309326725
2024-08-12 12:30:00,807428.3480790112,807779.8361274364
2024-08-12 16:30:00,807940.8565543394,807781.8175144235
2024-08-12 20:30:00,808111.4056556959,807784.0069089697
2024-08-13 04:30:00,806710.9738183768,807779.0498962465
2024-08-13 08:30:00,806844.6072165527,807773.8142365502
2024-08-13 12:30:00,807570.0102331166,807771.0586321373
2024-08-13 16:30:00,808054.5810472079,807772.1733282693
2024-08-13 20:30:00,808037.9684687926,807771.0342662078
2024-08-14 00:30:00,807657.5055758164,807770.7846735507
2024-08-14 04:30:00,808110.5899045072,807773.7306052333
2024-08-14 08:30:00,806762.4304187665,807767.7793473632
2024-08-14 16:30:00,808253.6689803773,807770.2836337726
2024-08-14 20:30:00,808465.7764493073,807774.2321252411
2024-08-15 00:30:00,807855.6113635396,807775.6799676396
2024-08-15 04:30:00,808201.2320718924,807777.2519966918
2024-08-15 08:30:00,807630.3299441357,807778.2363284493
2024-08-15 12:30:00,807516.9889925314,807776.7320668173
2024-08-15 16:30:00,808002.2583873916,807779.0918869888
2024-08-15 20:30:00,808109.0845928122,807780.1664383644
2024-08-16 00:30:00,807680.3094672579,807780.533585469
2024-08-16 08:30:00,807195.4154208349,807776.1725243601
2024-08-16 12:30:00,808161.5092304968,807780.0326073418
2024-08-16 16:30:00,809191.7092665639,807788.3570768527
2024-08-16 20:30:00,808862.559405181,807792.9123225838
2024-08-17 00:30:00,808193.3095217816,807795.4147490669
2024-08-17 04:30:00,807847.8399142654,807795.5063881088
2024-08-17 08:30:00,807431.8694971184,807794.2715638103
2024-08-17 12:30:00,807108.3686628671,807791.086198047
2024-08-17 16:30:00,808667.7575917961,807797.6644712252
2024-08-17 20:30:00,808455.012469298,807797.5857177397
2024-08-18 00:30:00,808001.4125979906,807796.7560665547
2024-08-18 04:30:00,807588.0487516227,807792.7969117413
2024-08-18 08:30:00,807164.8509251428,807791.427543367
2024-08-18 12:30:00,807151.5862387633,807792.4394273083
2024-08-18 16:30:00,808351.7143101736,807791.3664555518
2024-08-18 20:30:00,809016.6145902007,807789.6194332311
2024-08-19 00:30:00,807877.3195364195,807785.976010166
2024-08-19 04:30:00,808098.2094793114,807785.2157354326
2024-08-19 08:30:00,807580.4191833917,807783.0531634341
2024-08-19 12:30:00,806949.3400281807,807782.5750982313
2024-08-19 16:30:00,807593.4317549644,807784.302704312
2024-08-19 20:30:00,807929.6538954072,807783.4010442499
2024-08-20 00:30:00,807936.3730111286,807782.741580626
2024-08-20 04:30:00,808254.9109761835,807781.8041698389
2024-08-20 08:30:00,807725.985906445,807782.6095038216
2024-08-20 12:30:00,806578.7272510872,807780.641809692
2024-08-20 16:30:00,807722.2705760271,807782.4923974397
2024-08-20 20:30:00,807967.9634389902,807780.777364872
2024-08-21 00:30:00,807856.3624823827,807779.2041263528
2024-08-21 04:30:00,807871.9582790369,807776.6637450773
2024-08-21 08:30:00,807457.8391806813,807775.391354544
2024-08-21 12:30:00,807349.2790045392,807778.6707714025
2024-08-21 16:30:00,808031.339969767,807785.1247692003
2024-08-21 20:30:00,807716.5775323386,807781.6989626617
2024-08-22 00:30:00,807676.1078827945,807781.3767130458
2024-08-22 04:30:00,807712.7765739862,807777.1939015407
2024-08-22 08:30:00,807606.3383758952,807777.3264875658
2024-08-22 12:30:00,807423.4542065288,807780.159307249
2024-08-22 16:30:00,807651.5091728339,807781.4849182994
2024-08-22 20:30:00,807972.8973482709,807779.9865246007
2024-08-23 00:30:00,807494.9143273497,807778.7477841129
2024-08-23 04:30:00,807794.4299158356,807777.3575839216
2024-08-23 08:30:00,807957.2296358496,807776.7878723732
2024-08-23 12:30:00,807679.9988549387,807779.6653740158
2024-08-23 16:30:00,807348.5361152358,807780.1177643802
2024-08-23 20:30:00,807677.5320888043,807780.2698462289
2024-08-24 00:30:00,807532.6703973294,807778.3868888363
2024-08-24 04:30:00,807690.1508333965,807775.9349869753
2024-08-24 08:30:00,808203.1887741882,807775.2589653839
2024-08-24 12:30:00,807949.0546148113,807778.0061603618
2024-08-24 16:30:00,807527.1730502654,807780.8856566612
2024-08-24 20:30:00,807318.9253033471,807777.3970851213
2024-08-25 00:30:00,806766.1610927685,807773.6550461603
2024-08-25 04:30:00,807085.6703405837,807771.0366929697
2024-08-25 08:30:00,807844.486660609,807774.1224389491
2024-08-25 12:30:00,808091.6672051506,807778.7329507882
2024-08-25 16:30:00,807854.1347103307,807783.135873567
2024-08-25 20:30:00,807663.3876539035,807779.1291184112
2024-08-26 00:30:00,807307.0138503923,807774.3869108825
2024-08-26 04:30:00,807611.074878795,807774.2850270364
2024-08-26 08:30:00,808217.9958355174,807777.8987385688
2024-08-26 12:30:00,807984.9592400864,807778.7586979587
2024-08-26 16:30:00,808119.024468615,807781.6223756897
2024-08-26 20:30:00,808203.0289318127,807781.2069088031
2024-08-27 00:30:00,807563.3306191916,807780.5455491532
2024-08-27 04:30:00,807246.2819990455,807778.6720658904
2024-08-27 08:30:00,807483.5567666981,807777.5034533298
2024-08-27 12:30:00,808067.64374941,807776.9295971119
2024-08-27 16:30:00,808828.8858095263,807780.5511596405
2024-08-27 20:30:00,808068.6711807172,807779.3543780628
2024-08-28 00:30:00,807581.6890154041,807774.4145055957
2024-08-28 04:30:00,807999.0835450267,807776.2185122435
2024-08-28 08:30:00,808422.0740316443,807781.3385807793
2024-08-28 12:30:00,808406.163112094,807784.2259098007
2024-08-28 16:30:00,807996.6220030203,807785.168349346
2024-08-28 20:30:00,807485.3948057677,807782.0902113488
2024-08-29 00:30:00,807550.6974132294,807778.5421942986
2024-08-29 04:30:00,807364.2922736036,807776.8487558011
2024-08-29 08:30:00,807750.4553361782,807779.5433885201
2024-08-29 12:30:00,807711.4122987473,807777.771266099
2024-08-29 16:30:00,808387.8840129632,807775.8188961379
2024-08-29 20:30:00,808082.538742929,807775.2338481938
2024-08-30 00:30:00,807237.527384759,807770.9815127109
2024-08-30 04:30:00,807414.3722772881,807767.8985541539
2024-08-30 08:30:00,808002.5005463065,807772.6085661734
2024-08-30 12:30:00,807776.944394103,807776.8502438092
2024-08-30 16:30:00,808287.7661327738,807777.6914000292
2024-08-30 20:30:00,808195.368689377,807772.4619124305
2024-08-31 00:30:00,807856.7233141628,807768.3429979709
2024-08-31 04:30:00,807546.0370717567,807768.3670119499
2024-08-31 08:30:00,807445.1595476258,807770.6263241239
2024-08-31 12:30:00,807230.9906621013,807770.71537111
2024-08-31 16:30:00,807724.2865134733,807769.4475709618
2024-08-31 20:30:00,808523.8349358818,807772.2508399739
2024-09-01 00:30:00,808575.4539671784,807774.2179249374
2024-09-01 04:30:00,808208.363760389,807774.1357549345
2024-09-01 08:30:00,807768.003892103,807775.6114747532
2024-09-01 12:30:00,806968.136895952,807775.7233357969
2024-09-01 16:30:00,807864.2439546344,807778.0235917473
2024-09-01 20:30:00,807491.9353384016,807775.1352320327
2024-09-02 00:30:00,807453.6777156392,807771.5855885216
2024-09-02 04:30:00,807891.9091000115,807768.0701939954
2024-09-02 08:30:00,807824.1425674133,807769.070168922
2024-09-02 12:30:00,807267.1479620776,807770.6013869825
2024-09-02 16:30:00,807387.3434823625,807770.7338255194
2024-09-02 20:30:00,807209.9591685678,807766.1498675119
2024-09-03 00:30:00,807512.3599571879,807761.164726887
2024-09-03 04:30:00,808110.2465761442,807757.0679964963
2024-09-03 08:30:00,807477.1181646332,807756.1150595401
2024-09-03 12:30:00,807359.2063001723,807756.3219097852
2024-09-03 16:30:00,807796.8288581964,807758.8660905753
2024-09-03 20:30:00,807858.8371711541,807758.2563911623
2024-09-04 00:30:00,807453.9674920342,807753.0759184526
2024-09-04 04:30:00,807842.4228198796,807749.0671641355
2024-09-04 08:30:00,807887.3377864441,807748.6394300178
2024-09-04 12:30:00,807475.4932662643,807750.1855611237
2024-09-04 16:30:00,807493.6457309545,807750.7766590107
2024-09-04 20:30:00,807606.0149561675,807747.6173129262
2024-09-05 04:30:00,807475.4525858354,807742.7907975472
2024-09-05 08:30:00,807721.053564082,807743.7766360155
2024-09-05 12:30:00,807398.2720127241,807743.2419793011
2024-09-05 16:30:00,807413.8780691233,807741.6129210771
2024-09-05 20:30:00,808020.23564561,807741.9709398997
2024-09-06 00:30:00,807349.8314035858,807740.3454100266
2024-09-06 04:30:00,807454.3530393566,807736.3053109753
2024-09-06 08:30:00,807424.0484960726,807732.3498605348
2024-09-06 12:30:00,807687.9083317416,807735.5370539759
2024-09-06 16:30:00,807575.2058363303,807736.098769194
2024-09-06 20:30:00,807896.4538373267,807735.2644786764
2024-09-07 00:30:00,807829.8533738645,807735.3616226761
2024-09-07 04:30:00,807488.7243908667,807734.6026295945
2024-09-07 08:30:00,807802.8548816525,807734.4789813188
2024-09-07 12:30:00,807956.7248079983,807733.5211443906
2024-09-07 16:30:00,808049.416347022,807737.225605972
2024-09-07 20:30:00,807805.0259427188,807738.2224134884
2024-09-08 00:30:00,807313.2670929718,807735.7881374698
2024-09-08 04:30:00,806873.8799707439,807729.8523971337
2024-09-08 08:30:00,807617.2808950867,807728.8365844243
2024-09-08 12:30:00,808172.0184474604,807731.0247137472
2024-09-08 16:30:00,807994.4949386799,807732.4540632865
2024-09-08 20:30:00,807510.2373255827,807730.5822587794
2024-09-09 00:30:00,807558.3440655259,807729.336189717
2024-09-09 04:30:00,808298.3616329364,807734.7072303052
2024-09-09 08:30:00,808187.8498374912,807737.2423357018
2024-09-09 12:30:00,808088.8141885774,807739.9114707254
2024-09-09 16:30:00,807596.6115129155,807739.9062277812
2024-09-09 20:30:00,808059.7928344975,807741.9842597325
2024-09-10 00:30:00,807641.9072015604,807741.3751672911
2024-09-10 04:30:00,807770.9366667103,807742.5466189828
2024-09-10 08:30:00,807692.8348730304,807744.5119676309
2024-09-10 12:30:00,807941.8630716065,807745.8338165543
2024-09-10 16:30:00,807550.129018005,807747.9286692068
2024-09-10 20:30:00,807549.6813786393,807749.417679207
2024-09-11 00:30:00,807767.0732901989,807751.1534647096
2024-09-11 04:30:00,807964.7092359718,807752.6690520751
2024-09-11 08:30:00,808293.8337005835,807759.1634559971
2024-09-11 12:30:00,807713.2511092863,807760.7822232145
2024-09-11 16:30:00,807875.8928370699,807760.4131111846
2024-09-11 20:30:00,808118.360018521,807760.4526246097
2024-09-12 00:30:00,808982.5333810528,807767.357035663
2024-09-12 04:30:00,808025.0687415418,807774.7813007658
2024-09-12 08:30:00,808123.7942089856,807782.0083459207
2024-09-12 12:30:00,807505.3878756526,807781.643247856
2024-09-12 16:30:00,807735.5595484163,807779.8408665069
2024-09-12 20:30:00,807489.7646834546,807776.7436699796
2024-09-13 00:30:00,808018.9878844853,807778.7859429099
2024-09-13 04:30:00,808306.9242074988,807779.8951762602
2024-09-13 08:30:00,808448.6095997998,807789.421612311
2024-09-13 12:30:00,808090.1816343303,807791.1112753561
2024-09-13 16:30:00,807114.5202189285,807784.7115632133
2024-09-13 20:30:00,807100.66877784,807777.0424189914
2024-09-14 00:30:00,807510.1974061924,807775.1018911413
2024-09-14 04:30:00,807487.6786309686,807771.093163945
2024-09-14 08:30:00,807553.4634690182,807770.661329815
2024-09-14 12:30:00,807708.9747656775,807771.7399015744
2024-09-14 16:30:00,808489.5227621533,807774.477341882
2024-09-14 20:30:00,808009.8007829974,807773.9195676697
2024-09-15 00:30:00,807454.8464907856,807772.6529217344
2024-09-15 04:30:00,807446.6085521202,807770.8314448092
2024-09-15 08:30:00,807683.3281316271,807773.5572141432
2024-09-15 12:30:00,807880.501615266,807771.9873391978
2024-09-15 16:30:00,808283.651614875,807766.9143914231
2024-09-15 20:30:00,807707.3456044677,807760.4606830392
2024-09-16 00:30:00,808002.0922708343,807759.3924302405
2024-09-16 04:30:00,807814.5800083027,807759.20662071
2024-09-16 08:30:00,807850.7103363314,807761.5465136665
2024-09-16 12:30:00,807550.2815125972,807764.0153005364
2024-09-16 16:30:00,808744.8535686426,807764.4460043178
2024-09-16 20:30:00,807949.0250978816,807761.6192592259
2024-09-17 00:30:00,807758.9878886371,807760.2649312407
2024-09-17 04:30:00,807484.9949418566,807759.6892116332
2024-09-17 08:30:00,807513.7551666751,807761.63839734
2024-09-17 12:30:00,807418.9197476273,807763.1318806298
2024-09-17 16:30:00,808471.523137384,807763.8012036867
2024-09-17 20:30:00,807945.4688159126,807757.8171490818
2024-09-18 00:30:00,807662.7959686159,807756.6186933959
2024-09-18 04:30:00,807803.5410013592,807754.9725007816
2024-09-18 08:30:00,807610.7856398944,807755.1421457898
2024-09-18 12:30:00,807569.8141405169,807758.6084816131
2024-09-18 16:30:00,808047.567951739,807761.145555338
2024-09-18 20:30:00,807756.839643035,807760.1801125873
2024-09-19 00:30:00,807753.2697905432,807759.1571895673
2024-09-19 04:30:00,807607.5783375945,807755.5408061115
2024-09-19 08:30:00,807646.565969154,807755.0971193111
2024-09-19 12:30:00,807098.0193201844,807757.9981923227
2024-09-19 16:30:00,807677.0989460667,807757.745836848
2024-09-19 20:30:00,807633.8610460911,807755.879343033
2024-09-20 04:30:00,807866.9944532646,807755.2869443526
2024-09-20 08:30:00,808485.5420377293,807761.060555909
2024-09-20 12:30:00,807378.1992927185,807761.223029438
2024-09-20 16:30:00,807691.0033660551,807759.3110260464
2024-09-20 20:30:00,807954.999426955,807760.6504748926
2024-09-21 00:30:00,808048.0746309657,807762.7401757251
2024-09-21 04:30:00,807603.1616332172,807762.1243614511
2024-09-21 08:30:00,808370.4041413326,807766.4168657513
2024-09-21 12:30:00,807721.1537685822,807768.089335201
2024-09-21 16:30:00,807517.9705023834,807767.3391179512
2024-09-21 20:30:00,807584.6375952581,807765.1578833838
2024-09-22 00:30:00,807732.3805902227,807766.4919635125
2024-09-22 04:30:00,807720.3255934212,807766.0756470943
2024-09-22 08:30:00,808481.8265473744,807769.0228207544
2024-09-22 12:30:00,808006.2451014731,807770.855664836
2024-09-22 16:30:00,807865.7904575787,807773.7615881078
2024-09-22 20:30:00,807910.3703277139,807775.0696681016
2024-09-23 00:30:00,808165.7427387029,807778.6262542892
2024-09-23 04:30:00,807628.1668432888,807778.2780296257
2024-09-23 08:30:00,807548.5730082364,807774.600412963
2024-09-23 12:30:00,808098.4961834038,807775.439972337
2024-09-23 16:30:00,807853.8928678916,807777.2754769305
2024-09-23 20:30:00,808003.8065808717,807781.1231245571
2024-09-24 00:30:00,808250.406991642,807789.4615846629
2024-09-24 04:30:00,808144.0918983527,807795.4077731898
2024-09-24 08:30:00,808057.7214529677,807796.6057214616
2024-09-24 12:30:00,807894.7637758318,807795.4995224205
2024-09-24 16:30:00,807101.243941898,807791.2697990022
2024-09-24 20:30:00,807486.5866625877,807790.276535006
2024-09-25 00:30:00,807679.8035559687,807792.3708591947
2024-09-25 04:30:00,808041.3558692879,807794.7881681301
2024-09-25 08:30:00,807692.6016222717,807791.8365152467
2024-09-25 12:30:00,808313.3668200707,807793.6815016511
2024-09-25 16:30:00,808241.3001878911,807794.3684438942
2024-09-25 20:30:00,807432.5921826321,807790.0401475505
2024-09-26 00:30:00,808109.7964475122,807793.1101802938
2024-09-26 04:30:00,807479.46645793,807794.4202053439
2024-09-26 08:30:00,807465.5308380976,807794.318936082
2024-09-26 12:30:00,807955.2287736778,807793.6873912744
2024-09-26 16:30:00,807043.9448825574,807783.6596332578
2024-09-26 20:30:00,807474.6366304341,807780.3223605034
2024-09-27 00:30:00,807982.3570000721,807782.5733042376
2024-09-27 04:30:00,807662.5841448954,807780.6828581694
2024-09-27 08:30:00,807678.6845105638,807776.5065125453
2024-09-27 12:30:00,807736.4351865877,807772.7439961098
2024-09-27 16:30:00,808614.1623244622,807776.2133237584
2024-09-27 20:30:00,808171.3302266796,807780.0668935389
2024-09-28 00:30:00,807614.8354630398,807780.4272196613
2024-09-28 04:30:00,808187.5874957044,807785.0524737181
2024-09-28 08:30:00,808050.9166704485,807786.7404587421
2024-09-28 12:30:00,807510.6267912013,807785.6124502727
2024-09-28 16:30:00,807429.0919639423,807780.2259780873
2024-09-28 20:30:00,807121.5156236821,807774.8269717995
2024-09-29 00:30:00,807225.3286362604,807774.7584395043
2024-09-29 04:30:00,806977.8812243708,807772.306242578
2024-09-29 08:30:00,807632.0106323645,807770.2248385671
2024-09-29 12:30:00,808132.7470082372,807772.2237296577
2024-09-29 16:30:00,808851.4008729564,807775.390216962
2024-09-29 20:30:00,808719.1845357368,807778.3330026157
2024-09-30 00:30:00,808109.7391637444,807779.7544399729
2024-09-30 04:30:00,807911.1650072549,807781.8057205095
2024-09-30 08:30:00,808109.9184350051,807785.5403210004
2024-09-30 12:30:00,807359.6438646197,807786.263091801
2024-09-30 16:30:00,807695.2151578038,807786.0997695782
2024-09-30 20:30:00,808253.031651629,807784.5784028126
2024-10-01 00:30:00,807799.8645863925,807780.2211591004
2024-10-01 04:30:00,807314.7597324412,807775.2009117523
2024-10-01 08:30:00,807171.5749666352,807771.850187452
2024-10-01 12:30:00,807794.8861903506,807776.4948464093
2024-10-01 16:30:00,807705.4434797589,807775.60270891
2024-10-01 20:30:00,807500.1696320674,807775.6489689867
2024-10-02 00:30:00,806975.2714653156,807772.9612934231
2024-10-02 04:30:00,807692.4889259016,807771.8409553663
2024-10-02 08:30:00,807265.9499187287,807768.7050416098
2024-10-02 12:30:00,807880.9521163421,807772.153379555
2024-10-02 16:30:00,807400.0806960248,807772.2249369351
2024-10-02 20:30:00,807801.8899852036,807775.5503909611
2024-10-03 00:30:00,807998.7640094234,807778.2829979961
2024-10-03 04:30:00,807474.2575535141,807774.710025959
2024-10-03 08:30:00,807580.5376814809,807775.2910344807
2024-10-03 12:30:00,807984.4352984921,807778.8035569428
2024-10-03 16:30:00,807923.0126181863,807779.5124544711
2024-10-03 20:30:00,807673.2036758737,807778.4695696662
2024-10-04 00:30:00,807596.9764044154,807779.2729905221
2024-10-04 04:30:00,807169.0691010528,807775.4901044613
2024-10-04 08:30:00,807510.6403389155,807773.3738266663
2024-10-04 12:30:00,807284.5202131444,807772.3009443454
2024-10-04 16:30:00,807418.8787086458,807771.8809048942
2024-10-04 20:30:00,808252.4117352657,807775.5123474735
2024-10-05 00:30:00,807870.0283293461,807776.0403697186
2024-10-05 04:30:00,807687.5593370037,807777.2253236356
2024-10-05 08:30:00,808185.3326352527,807779.8190614635
2024-10-05 12:30:00,807811.4583030882,807782.1273647615
2024-10-05 16:30:00,807937.273139432,807785.0513595676
2024-10-05 20:30:00,809095.7942956412,807791.0600671099
2024-10-06 00:30:00,808787.5584331435,807799.0920616883
2024-10-06 04:30:00,808447.7492943222,807804.6417614368
2024-10-06 08:30:00,807339.4257052727,807804.1690084155
2024-10-06 12:30:00,807448.3439045543,807802.8306596602
2024-10-06 16:30:00,807341.7143341985,807801.5262378608
2024-10-06 20:30:00,807480.8792060094,807799.2045918757
2024-10-07 00:30:00,807392.7578650455,807796.7627175248
2024-10-07 04:30:00,807645.2072745474,807797.6369235789
2024-10-07 08:30:00,808290.0466410137,807800.3586652512
2024-10-07 12:30:00,807643.1066718049,807798.6066086245
2024-10-07 16:30:00,807836.7702099301,807797.418641378
2024-10-07 20:30:00,808168.9846350107,807799.4519301619
2024-10-08 00:30:00,807772.4600493415,807802.0172539405
2024-10-08 04:30:00,807735.8449298432,807806.8327006393
2024-10-08 08:30:00,808128.9313710232,807809.6910831865
2024-10-08 12:30:00,807716.42081998,807807.145845044
2024-10-08 16:30:00,807549.3786099702,807804.6591616436
2024-10-08 20:30:00,807975.0280930087,807807.2557581095
2024-10-09 00:30:00,807868.5552956442,807808.9887817414
2024-10-09 04:30:00,807463.4758250718,807804.3246152172
2024-10-09 08:30:00,807780.6491577122,807802.0497510843
2024-10-09 12:30:00,807049.4677065272,807796.2433461567
2024-10-09 16:30:00,807305.5298893495,807794.617191835
2024-10-09 20:30:00,808191.350567967,807795.3521512399
2024-10-10 00:30:00,808142.8025146506,807798.1504490783
2024-10-10 04:30:00,808211.5033736787,807800.6117155978
2024-10-10 08:30:00,807668.49891468,807800.4757605231
2024-10-10 12:30:00,807878.5699378185,807800.122167597
2024-10-10 16:30:00,807666.6643982674,807800.7732032409
2024-10-10 20:30:00,807613.6279263163,807801.1304465241
2024-10-11 00:30:00,808074.7572829698,807802.8493515117
2024-10-11 04:30:00,807937.440059661,807802.6970097446
2024-10-11 08:30:00,807534.7251412406,807798.4561798039
2024-10-11 12:30:00,808449.6903851865,807802.570365703
2024-10-11 16:30:00,808089.8872521115,807803.7658652284
2024-10-11 20:30:00,807897.3831253977,807802.5313574455
2024-10-12 00:30:00,808027.548701753,807797.1962475053
2024-10-12 04:30:00,807427.4763649352,807793.857742608
2024-10-12 08:30:00,808081.8847430926,807793.6236115136
2024-10-12 12:30:00,808289.6929606261,807798.0052041671
2024-10-12 16:30:00,806869.194373885,807793.1651752591
2024-10-12 20:30:00,807875.4497939084,807795.3198406806
2024-10-13 00:30:00,808096.1201180749,807795.7507470134
2024-10-13 04:30:00,808027.5187671129,807794.1898227655
2024-10-13 08:30:00,807029.9286889368,807786.2642310847
2024-10-13 12:30:00,806991.6649370695,807780.1272662956
2024-10-13 16:30:00,808303.974781225,807786.7722638502
2024-10-13 20:30:00,808511.6526799676,807794.6548554824
2024-10-14 00:30:00,808026.7808185429,807797.5407963333
2024-10-14 04:30:00,808405.240852245,807802.6668422624
2024-10-14 08:30:00,807921.6597497809,807804.7238047248
2024-10-14 12:30:00,808379.7245787793,807808.4710103845
2024-10-14 16:30:00,807487.9925243575,807802.8758693911
2024-10-14 20:30:00,807262.5422321594,807798.7012406155
2024-10-15 00:30:00,807700.1087009026,807800.0714205604
2024-10-15 04:30:00,807733.5387123298,807801.6743823492
2024-10-15 08:30:00,807052.5541375953,807798.1505052877
2024-10-15 12:30:00,807367.1801085019,807795.2827873726
2024-10-15 16:30:00,808717.2681553463,807797.7052261463
2024-10-15 20:30:00,807583.3487767834,807797.0125064387
2024-10-16 00:30:00,807460.5404783372,807793.9870774301
2024-10-16 04:30:00,807382.0885973771,807791.5709242965
2024-10-16 08:30:00,807953.7885774086,807792.1467803919
2024-10-16 12:30:00,808256.7895211797,807796.093752507
2024-10-16 16:30:00,807881.2339413845,807791.2690618519
2024-10-16 20:30:00,808044.3593356607,807791.8016553591
2024-10-17 00:30:00,808001.7544457222,807793.1578931082
2024-10-17 04:30:00,808551.0675736798,807799.1136061351
2024-10-17 08:30:00,807607.8628802752,807799.639347552
2024-10-17 12:30:00,806962.3346571546,807797.0885928564
2024-10-17 16:30:00,808167.2134735499,807795.3885388685
2024-10-17 20:30:00,808129.4530585,807796.4163837993
2024-10-18 00:30:00,807297.2934908565,807794.3744705156
2024-10-18 04:30:00,807803.9774897883,807794.3769089985
2024-10-18 08:30:00,807844.3213737652,807795.6815779028
2024-10-18 12:30:00,807882.6265796862,807797.4291334288
2024-10-18 16:30:00,808073.7507816532,807797.5754062217
2024-10-18 20:30:00,808682.491503185,807802.7466456639
2024-10-19 00:30:00,808007.3774765783,807804.1662416751
2024-10-19 04:30:00,808642.2452046492,807809.9465035023
2024-10-19 08:30:00,807514.2479869843,807809.2072968981
2024-10-19 12:30:00,806258.9077611009,807804.5195228249
2024-10-19 16:30:00,807878.0912861133,807805.6423850599
2024-10-19 20:30:00,809240.9603846422,807814.620593655
2024-10-20 00:30:00,808101.6516758135,807816.2152107782
2024-10-20 04:30:00,806928.9207110355,807811.0036899882
2024-10-20 08:30:00,807672.6396130134,807806.4875654064
2024-10-20 12:30:00,809086.6000696949,807815.978680834
2024-10-20 16:30:00,808966.5627426855,807823.0651218153
2024-10-20 20:30:00,808147.1087461076,807824.1323958106
2024-10-21 00:30:00,808043.0227830404,807824.1043299887
2024-10-21 04:30:00,807520.97423044,807823.6477333065
2024-10-21 08:30:00,807831.5528783284,807820.6541151787
2024-10-21 12:30:00,806468.1479100311,807813.6929715201
2024-10-21 16:30:00,807322.2827531818,807812.605817358
2024-10-21 20:30:00,808506.8625415186,807817.7292892816
2024-10-22 00:30:00,808146.2066258384,807820.0283228128
2024-10-22 04:30:00,807267.7307799353,807817.5139071824
2024-10-22 08:30:00,807155.1512039714,807810.1434886078
2024-10-22 12:30:00,808972.4117521743,807815.511081112
2024-10-22 16:30:00,808289.9783737753,807817.8676806461
2024-10-22 20:30:00,808770.0584781948,807822.6437259266
2024-10-23 04:30:00,807938.6103464299,807822.4612929118
2024-10-23 08:30:00,807578.0176330132,807822.6257880223
2024-10-23 12:30:00,807563.3549660557,807819.636172283
2024-10-23 16:30:00,808722.0933276515,807824.4864541811
2024-10-23 20:30:00,808524.611544036,807827.395979115
2024-10-24 00:30:00,807749.2880809174,807824.5964321278
2024-10-24 04:30:00,807417.5819264944,807820.5377172012
2024-10-24 08:30:00,807107.1769005894,807815.2274124393
2024-10-24 12:30:00,808139.9768023175,807816.5973176152
2024-10-24 16:30:00,808657.2767470296,807825.2902383142
2024-10-24 20:30:00,807936.8257983022,807827.8055407483
2024-10-25 00:30:00,807593.3704038953,807827.3226739769
2024-10-25 04:30:00,807585.8446044024,807824.7779183071
2024-10-25 08:30:00,807685.854673426,807824.7402258557
2024-10-25 12:30:00,808150.5990239125,807823.8309085587
2024-10-25 16:30:00,808266.8332069687,807823.9735511233
2024-10-25 20:30:00,807474.0266274888,807824.205028469
2024-10-26 00:30:00,807602.6101632457,807821.3715855401
2024-10-26 04:30:00,807707.0939180788,807822.6432473287
2024-10-26 08:30:00,807516.7249478445,807822.9292479417
2024-10-26 12:30:00,808152.2282238888,807824.0298035295
2024-10-26 16:30:00,808065.6860067337,807829.7378545025
2024-10-26 20:30:00,808052.3516922673,807832.9653129485
2024-10-27 00:30:00,807382.8797293175,807829.6162779164
2024-10-27 04:30:00,807676.8827063856,807829.696158148
2024-10-27 08:30:00,807845.3142391556,807830.6270504867
2024-10-27 12:30:00,808025.9420500374,807832.2444072657
2024-10-27 16:30:00,807743.7089832262,807827.3815394376
2024-10-27 20:30:00,807986.9752112951,807826.3516231504
2024-10-28 00:30:00,808316.0183631533,807830.2688460562
2024-10-28 04:30:00,807857.1250610165,807828.4226872032
2024-10-28 08:30:00,808015.1758099605,807828.2230175915
2024-10-28 12:30:00,807309.7536861505,807827.1008214739
2024-10-28 16:30:00,807991.5468527266,807830.2430275563
2024-10-28 20:30:00,807255.9892303464,807830.9942767557
2024-10-29 00:30:00,807372.6026959153,807831.8170368655
2024-10-29 04:30:00,807768.069327885,807836.2314955444
2024-10-29 08:30:00,807416.1780016386,807835.0257266577
2024-10-29 12:30:00,807668.4824665061,807832.4320699999
2024-10-29 16:30:00,807504.8079383776,807824.9092044437
2024-10-29 20:30:00,807701.7221427498,807819.2250569967
2024-10-30 00:30:00,807224.8244977713,807814.2813996449
2024-10-30 08:30:00,808250.3095237243,807814.525823696
2024-10-30 12:30:00,807753.9382372263,807816.7409606209
2024-10-30 16:30:00,807521.3349657343,807815.7641056093
2024-10-31 00:30:00,807132.7206127939,807809.5244925041
2024-10-31 04:30:00,807786.4752120863,807812.1895517111
2024-10-31 08:30:00,807206.5810300062,807812.3873260805
2024-10-31 12:30:00,807537.3574976576,807810.9323617149
2024-10-31 16:30:00,808152.6149787391,807813.4587543645
2024-10-31 20:30:00,808200.0420426446,807817.4128357802
2024-11-01 00:30:00,807850.2645569607,807822.356299575
2024-11-01 04:30:00,807242.3536560436,807819.8131624571
2024-11-01 08:30:00,808849.2641327673,807828.7584405023
2024-11-01 12:30:00,808579.6093458787,807832.7056564884
2024-11-01 16:30:00,808706.7627186979,807840.0880407974
2024-11-01 20:30:00,807869.222292256,807840.4684493118
2024-11-02 00:30:00,807998.03221442,807840.4643148768
2024-11-02 04:30:00,808327.3232006672,807845.2838948042
2024-11-02 08:30:00,807502.7266191397,807844.8442842824
2024-11-02 12:30:00,807303.6112067775,807840.9978204876
2024-11-02 16:30:00,808357.07573264,807843.4501544674
2024-11-02 20:30:00,808209.4173949197,807846.4796105073
2024-11-03 00:30:00,807199.5766091188,807844.2344139237
2024-11-03 04:30:00,807210.32595052,807844.4675034687
2024-11-03 08:30:00,808561.0118730773,807850.4018059215
2024-11-03 12:30:00,808320.5068175198,807856.2548375847
2024-11-03 16:30:00,808094.2074769245,807860.0702543545
2024-11-03 20:30:00,808932.7658273375,807863.9140627844
2024-11-04 00:30:00,807793.6102407457,807863.4823221707
2024-11-04 04:30:00,807416.9452522801,807861.9534290369
2024-11-04 08:30:00,807726.4304258416,807859.360761187
2024-11-04 12:30:00,808546.8064050912,807863.5152702378
2024-11-04 16:30:00,807957.040389733,807863.6269496182
2024-11-04 20:30:00,807895.694202606,807856.8467231038
2024-11-05 00:30:00,807047.314298023,807847.0148353347
2024-11-05 04:30:00,807292.7732136232,807840.4895467431
2024-11-05 08:30:00,807755.2634789833,807842.8389126965
2024-11-05 12:30:00,808222.8564111599,807847.21468957
2024-11-05 16:30:00,808838.2209213739,807855.6695290453
2024-11-05 20:30:00,808524.4380970428,807861.5653419892
2024-11-06 00:30:00,807691.7537597964,807863.2545843325
2024-11-06 04:30:00,807570.8726095028,807862.8346144734
2024-11-06 08:30:00,807937.0844763354,807860.8404779497
2024-11-06 12:30:00,808417.9802328622,807865.218294679
2024-11-06 16:30:00,808386.4943231256,807868.3240806292
2024-11-06 20:30:00,808124.9606288074,807868.0753574303
2024-11-07 00:30:00,806959.4609897296,807863.4821424042
2024-11-07 04:30:00,806786.9825957655,807858.1213382569
2024-11-07 08:30:00,807033.2111164053,807851.9308283437
2024-11-07 12:30:00,807363.1072096126,807849.9347062514
2024-11-07 16:30:00,808474.6634718761,807855.1623043411
2024-11-07 20:30:00,808292.248295926,807856.9545088776
2024-11-08 00:30:00,808169.0150704642,807858.6520217296
2024-11-08 04:30:00,808004.0294135987,807861.705996806
2024-11-08 08:30:00,808345.9276747862,807864.8996607442
2024-11-08 12:30:00,808534.5335815393,807873.2898634279
2024-11-08 16:30:00,808145.1273620371,807878.0333519741
2024-11-08 20:30:00,807546.254748456,807874.3887428244
2024-11-09 00:30:00,807475.4503794021,807870.6183917779
2024-11-09 04:30:00,807001.1013306183,807863.779962156
2024-11-09 08:30:00,807653.6979228405,807863.6963407332
2024-11-09 12:30:00,806805.406396135,807857.6332698762
2024-11-09 20:30:00,808340.0025197291,807862.8454486546
2024-11-10 00:30:00,807574.0637333703,807860.000598941
2024-11-10 04:30:00,807365.1246772442,807856.7488069955
2024-11-10 08:30:00,807631.1731458122,807857.2968070216
2024-11-10 12:30:00,809001.2471158028,807860.4306520818
2024-11-10 16:30:00,807470.324361107,807856.9104083829
2024-11-10 20:30:00,808118.5719636008,807858.1671631453
2024-11-11 00:30:00,808096.7723301435,807858.5604792159
2024-11-11 04:30:00,807983.8093590615,807861.721462137
2024-11-11 08:30:00,807688.8973477153,807859.4885792087
2024-11-11 12:30:00,807273.6237541857,807853.7154587177
2024-11-11 16:30:00,807220.7192401865,807855.7127590943
2024-11-12 00:30:00,808760.8033930268,807859.3981661808
2024-11-12 04:30:00,808238.6818976458,807860.6048126409
2024-11-12 08:30:00,807220.1246761605,807861.6916468537
2024-11-12 12:30:00,807790.388764254,807866.255783009
2024-11-12 16:30:00,807794.1322358412,807863.3423970353
2024-11-12 20:30:00,808231.2041258588,807861.739833869
2024-11-13 00:30:00,808635.4871142231,807865.2181555588
2024-11-13 04:30:00,808335.7038413768,807864.8208012107
2024-11-13 08:30:00,808049.5497919993,807865.5516014522
2024-11-13 12:30:00,807456.6111182872,807860.2766673922
2024-11-13 16:30:00,807360.1646563911,807859.5462224323
2024-11-13 20:30:00,807794.5921371178,807862.5865076036
2024-11-14 00:30:00,807154.416391963,807859.4682658383
2024-11-14 04:30:00,807073.2262637123,807855.695051846
2024-11-14 08:30:00,807156.2116153383,807856.2873802903
2024-11-14 12:30:00,808737.5973094768,807864.1183357246
2024-11-14 16:30:00,808752.9065333415,807864.3219835986
2024-11-14 20:30:00,809144.961637767,807873.2454856613
2024-11-15 00:30:00,808751.0159767376,807880.6196313667
2024-11-15 04:30:00,809011.599731434,807889.9311235612
2024-11-15 08:30:00,808823.9377393594,807894.9034044867
2024-11-15 12:30:00,808564.2680307379,807896.6604245412
2024-11-15 16:30:00,808245.2724876993,807898.740644806
2024-11-15 20:30:00,807124.2525181514,807893.482891563
2024-11-16 00:30:00,807102.4208249651,807888.3438423015
2024-11-16 04:30:00,808210.1989833085,807886.3960217852
2024-11-16 08:30:00,808173.5226028246,807889.6283630568
2024-11-16 12:30:00,807819.9633319891,807894.5290983416
2024-11-16 16:30:00,807953.7778264936,807893.3094660728
2024-11-16 20:30:00,807455.3725923585,807889.4575776948
2024-11-17 00:30:00,807118.4467774784,807888.4355964754
2024-11-17 04:30:00,807991.9778984872,807889.5098845252
2024-11-17 08:30:00,809333.3655042141,807898.0187081279
2024-11-17 12:30:00,808207.1453336998,807899.8731010078
2024-11-17 16:30:00,808186.1016334401,807900.5151058752
2024-11-17 20:30:00,809053.1743361102,807902.6332934919
2024-11-18 00:30:00,807530.0065692078,807899.9054597355
2024-11-18 04:30:00,807050.3803316753,807890.8090890327
2024-11-18 08:30:00,807132.5846197001,807888.6281555055
2024-11-18 12:30:00,807061.2031525593,807893.2127005996
2024-11-18 16:30:00,808219.8963153334,807895.1658721952
2024-11-18 20:30:00,807569.4095431506,807885.6141531009
2024-11-19 00:30:00,806973.3296854208,807879.1665988701
2024-11-19 04:30:00,807527.6649601548,807882.5879945792
2024-11-19 08:30:00,808159.9252747574,807885.372484075
2024-11-19 12:30:00,808350.9025499406,807881.1684982479
2024-11-19 16:30:00,807623.1188927384,807873.4916762481
2024-11-19 20:30:00,807895.8492863179,807872.0559079065
2024-11-20 00:30:00,807520.6436324372,807869.0708841888
2024-11-20 04:30:00,808674.3920474995,807875.6618431434
2024-11-20 08:30:00,808415.6651649865,807878.9996276385
2024-11-20 12:30:00,808468.0002503741,807890.4273552976
2024-11-20 16:30:00,808329.5383742625,807896.1831017038
2024-11-20 20:30:00,809040.799004467,807899.2341672063
2024-11-21 00:30:00,809040.3002128181,807904.3432734178
2024-11-21 04:30:00,809180.1864585544,807915.271591581
2024-11-21 08:30:00,810092.4373450875,807932.0560838161
2024-11-21 12:30:00,809602.2350716795,807935.6550742133
2024-11-21 16:30:00,808907.484727561,807939.1836819492
2024-11-21 20:30:00,808445.9925289492,807937.3318765248
2024-11-22 00:30:00,807768.5175506105,807936.3727042186
2024-11-22 04:30:00,809519.8569653734,807945.3570600081
2024-11-22 08:30:00,808522.7380341411,807950.72478956
2024-11-22 12:30:00,808346.5644182129,807955.1748432654
2024-11-22 16:30:00,807358.2848611448,807947.4259315238
2024-11-22 20:30:00,807479.6308567395,807941.4885412551
2024-11-23 00:30:00,806839.0918826227,807936.3169719466
2024-11-23 04:30:00,807095.4568460081,807934.4867158075
2024-11-23 08:30:00,807937.1852889716,807939.2026725598
2024-11-23 12:30:00,806944.1815898555,807932.4083815798
2024-11-23 16:30:00,806862.7623818542,807922.2122772322
2024-11-23 20:30:00,806948.4436926019,807916.5964698135
2024-11-24 00:30:00,806953.9306912776,807912.9632896282
2024-11-24 04:30:00,806794.299025043,807908.4658715636
2024-11-24 08:30:00,807515.897867509,807907.5002078936
2024-11-24 12:30:00,806791.6459562152,807899.7788836453
2024-11-24 16:30:00,807306.2824303376,807894.3212087781
2024-11-24 20:30:00,807366.7540489202,807893.7117054908
2024-11-25 00:30:00,807427.9754528647,807892.7194628182
2024-11-25 04:30:00,807348.2077026919,807890.6803365945
2024-11-25 08:30:00,807520.5016517346,807890.7017951392
2024-11-25 16:30:00,806833.8425933043,807882.1682531838
2024-11-25 20:30:00,807760.8056040512,807880.5022755371
2024-11-26 00:30:00,808109.5277408956,807884.6545498889
2024-11-26 04:30:00,807245.6852134466,807882.1905642151
2024-11-26 08:30:00,807207.628231674,807878.5466441722
2024-11-26 12:30:00,807461.6938096388,807875.3223685126
2024-11-26 16:30:00,807887.3339148838,807876.1430824079
2024-11-26 20:30:00,807212.3039869432,807871.7163896973
2024-11-27 00:30:00,807630.1871408736,807867.7973541415
2024-11-27 04:30:00,808314.399928434,807870.4103533839
2024-11-27 08:30:00,808395.2633521345,807872.5822821963
2024-11-27 12:30:00,807045.4182019029,807871.0717937148
2024-11-27 16:30:00,807140.5370884254,807866.208880776
2024-11-27 20:30:00,807206.1416429667,807865.9240374196
2024-11-28 00:30:00,808198.2801909235,807870.6421945338
2024-11-28 04:30:00,808491.6637423113,807874.777019759
2024-11-28 08:30:00,808404.4299581207,807880.4241737962
2024-11-28 12:30:00,807711.883169824,807880.6721778151
2024-11-28 16:30:00,807547.5096325432,807880.916187496
2024-11-28 20:30:00,807322.8497852943,807878.7512025965
2024-11-29 00:30:00,808144.7885415843,807884.0081399896
2024-11-29 04:30:00,809120.1379297561,807891.031604704
2024-11-29 08:30:00,808020.9629912546,807889.7284994061
2024-11-29 12:30:00,807099.286789081,807886.0088889052
2024-11-29 16:30:00,807797.8151506863,807887.5797990469
2024-11-29 20:30:00,807450.0371254843,807885.107806541
2024-11-30 00:30:00,807862.8629443629,807889.2329044593
2024-11-30 04:30:00,807990.5314545984,807890.3857645867
2024-11-30 08:30:00,808369.7802863783,807896.9575117978
2024-11-30 12:30:00,807661.589853595,807897.6593895148
2024-11-30 16:30:00,807618.3625858512,807894.641014414
2024-11-30 20:30:00,807410.9033106625,807890.1826034988
2024-12-01 00:30:00,807219.435881767,807886.6185996841
2024-12-01 04:30:00,807893.6528285139,807890.2982560258
2024-12-01 08:30:00,808132.5943662472,807886.2492742941
2024-12-01 12:30:00,808312.2818228499,807884.7389493051
2024-12-01 16:30:00,808102.0541861585,807881.3225169178
2024-12-01 20:30:00,807414.681630842,807878.7544905823
2024-12-02 00:30:00,807741.7790824958,807877.3067327746
2024-12-02 04:30:00,809238.1734878412,807882.4527795948
2024-12-02 08:30:00,808928.3436309935,807890.5071129953
2024-12-02 12:30:00,807321.8456699249,807890.610132561
2024-12-02 16:30:00,807154.0361128468,807883.8132985509
2024-12-02 20:30:00,807527.2165024328,807879.9590562204
2024-12-03 00:30:00,807662.5007288231,807882.5744467273
2024-12-03 04:30:00,808368.6162172743,807889.1184595337
2024-12-03 08:30:00,808492.3984322891,807888.7308129756
2024-12-03 12:30:00,808195.090395882,807888.0222456218
2024-12-03 16:30:00,807416.1756581006,807884.1915573799
2024-12-03 20:30:00,807135.4770816254,807874.0373836752
2024-12-04 00:30:00,807920.2722935468,807874.7529884934
2024-12-04 04:30:00,809130.4512763217,807884.4338134879
2024-12-04 08:30:00,808810.2396036155,807890.5570291816
2024-12-04 12:30:00,807537.1938088301,807884.853003214
2024-12-04 16:30:00,807419.054323646,807881.8135339139
2024-12-04 20:30:00,807142.0140395082,807877.5554538965
2024-12-05 00:30:00,807142.7437976428,807878.0946036117
2024-12-05 04:30:00,807856.6050298791,807881.2800940992
2024-12-05 08:30:00,808366.2146765953,807884.7317957806
2024-12-05 12:30:00,808275.0321737002,807885.0265741001
2024-12-05 16:30:00,807900.7965551054,807879.7303912399
2024-12-05 20:30:00,807436.7655103432,807873.5853483771
2024-12-06 00:30:00,807002.8885226838,807869.6934543821
2024-12-06 04:30:00,808217.6939044538,807873.3478119806
2024-12-06 08:30:00,808158.3373480067,807874.5978282049
2024-12-06 12:30:00,808024.8895261419,807872.3769767544
2024-12-06 16:30:00,807546.9903987364,807867.6340167297
2024-12-06 20:30:00,808124.4794772941,807867.6312983595
2024-12-07 00:30:00,807690.5653931521,807871.7618317122
2024-12-07 04:30:00,807731.5302532665,807877.0982591556
2024-12-07 08:30:00,808194.5875794725,807883.6597080997
2024-12-07 12:30:00,808157.6089707866,807888.1484186146
2024-12-07 16:30:00,807876.0027151485,807884.7661544523
2024-12-07 20:30:00,807685.6868518789,807881.3392536384
2024-12-08 00:30:00,807558.1170565555,807877.88785243
2024-12-08 04:30:00,807631.3024115573,807875.7820501587
2024-12-08 08:30:00,808191.6655238386,807874.9105125825
2024-12-08 12:30:00,807846.63095196,807871.0240570484
2024-12-08 16:30:00,807021.9130505773,807864.6782134806
2024-12-08 20:30:00,808221.5894902674,807868.4936639994
2024-12-09 00:30:00,808326.9342608976,807873.3043073977
2024-12-09 04:30:00,807908.041300294,807878.4282620286
2024-12-09 08:30:00,808102.78364747,807880.9654695124
2024-12-09 12:30:00,807793.2875487837,807886.5467189625
2024-12-09 16:30:00,807525.9515908364,807884.5209036359
2024-12-09 20:30:00,808025.3805733967,807882.7533646115
2024-12-10 00:30:00,807950.5636310404,807884.8685325759
2024-12-10 04:30:00,807530.5743950121,807885.7980253724
2024-12-10 08:30:00,807348.64308732,807884.2107778527
2024-12-10 12:30:00,807430.6479031227,807875.3871867703
2024-12-10 16:30:00,807012.9701840812,807872.8177812813
2024-12-10 20:30:00,807791.8492386786,807870.9822603549
2024-12-11 00:30:00,807816.4454372427,807869.40739017
2024-12-11 04:30:00,807588.9902738465,807867.1893054217
2024-12-11 08:30:00,807091.072052153,807863.8307363455
2024-12-11 12:30:00,807402.4882475043,807864.554694173
2024-12-11 16:30:00,807663.6288795577,807867.042950574
2024-12-11 20:30:00,807652.3763268546,807865.8436956928
2024-12-12 00:30:00,808695.0670245567,807865.476453411
2024-12-12 04:30:00,808301.4221616889,807865.8269576795
2024-12-12 08:30:00,807841.2241352089,807869.2967870595
2024-12-12 12:30:00,807567.5475114519,807868.0518638595
2024-12-12 16:30:00,807072.4366354346,807864.0200448629
2024-12-12 20:30:00,807333.2671141048,807859.0036369759
2024-12-13 00:30:00,807997.3806006758,807855.4387961181
2024-12-13 04:30:00,808715.8303119732,807857.5624076857
2024-12-13 08:30:00,808353.2972092349,807859.259320631
2024-12-13 12:30:00,807751.2517052469,807860.9053574298
2024-12-13 16:30:00,807472.0547370729,807861.5304416794
2024-12-13 20:30:00,807448.7851873506,807859.5985592785
2024-12-14 00:30:00,808848.6802441764,807869.063720464
2024-12-14 04:30:00,808447.1982165887,807876.7395414299
2024-12-14 08:30:00,808018.0925998846,807881.554518997
2024-12-14 12:30:00,806971.2932672562,807871.6868986496
2024-12-14 16:30:00,807489.5888946411,807864.62925821
2024-12-14 20:30:00,807701.4681884989,807856.5650489961
2024-12-15 00:30:00,808723.1327125363,807856.4092765703
2024-12-15 04:30:00,810055.3533761031,807862.2403025182
2024-12-15 08:30:00,808599.1028840579,807860.9842418741
2024-12-15 12:30:00,807549.1593283102,807855.3132435365
2024-12-15 16:30:00,808738.8884500203,807858.0708746109
2024-12-15 20:30:00,808819.202771901,807867.539870442
2024-12-16 00:30:00,808667.7816873166,807876.2849031925
2024-12-16 04:30:00,808168.6360298828,807876.0527079218
2024-12-16 08:30:00,808199.80961965,807876.1995627645
2024-12-16 12:30:00,807536.418167133,807874.6155115642
2024-12-16 16:30:00,806654.427028753,807867.3565685601
2024-12-16 20:30:00,806895.7205742751,807864.2300209729
2024-12-17 00:30:00,808007.5994424773,807869.197354297
2024-12-17 04:30:00,808052.7789334652,807869.5370248836
2024-12-17 08:30:00,808364.2545614827,807864.1229972704
2024-12-17 12:30:00,808441.2573815224,807865.430885806
2024-12-17 16:30:00,807055.831347337,807859.1165266656
2024-12-17 20:30:00,807732.954646311,807851.7409976722
2024-12-18 00:30:00,808959.8921644292,807859.7291853551
2024-12-18 04:30:00,809029.5782332716,807870.7861568725
2024-12-18 08:30:00,808047.2884730931,807875.8962342658
2024-12-18 12:30:00,808221.4841019905,807882.3782507429
2024-12-18 16:30:00,807118.6433599453,807876.2259995956
2024-12-18 20:30:00,807354.9012674544,807875.0276293402
2024-12-19 00:30:00,807747.8194490796,807879.3543877963
2024-12-19 04:30:00,807929.7448190323,807881.6006439913
2024-12-19 08:30:00,808465.7996655848,807883.3094394708
2024-12-19 12:30:00,808419.487044962,807883.6925930742
2024-12-19 16:30:00,807597.9227799155,807883.5518326674
2024-12-19 20:30:00,807305.2975864406,807880.2526611596
2024-12-20 00:30:00,808273.4528407529,807884.4582991949
2024-12-20 04:30:00,808005.8861474021,807880.723629362
2024-12-20 08:30:00,808020.0514017119,807878.5134966064
2024-12-20 12:30:00,808694.305323439,807879.7777707576
2024-12-20 16:30:00,807389.8095018304,807874.5278887885
2024-12-20 20:30:00,807994.8189891462,807868.6844250158
2024-12-21 00:30:00,807748.7353725274,807861.4689789808
2024-12-21 04:30:00,807878.7880824943,807854.1985969916
2024-12-21 08:30:00,808095.4441598703,807843.0422104821
2024-12-21 12:30:00,808072.8958567615,807834.4984159853
2024-12-21 16:30:00,806578.1463707059,807821.4853525391
2024-12-21 20:30:00,807317.2107349528,807815.1793089972
2024-12-22 00:30:00,807067.4995175982,807811.2630071369
2024-12-22 04:30:00,807762.0871513514,807801.4430640418
2024-12-22 08:30:00,808414.1576611709,807800.8364697793
2024-12-22 12:30:00,807979.2211242623,807798.7842726065
2024-12-22 16:30:00,807836.6417668291,807801.4566575544
2024-12-22 20:30:00,806952.293449412,807798.5106385191
2024-12-23 00:30:00,807191.4822805091,807800.4792999597
2024-12-23 04:30:00,807682.4316122773,807803.7584885982
2024-12-23 08:30:00,807701.5785416665,807802.4422497862
2024-12-23 12:30:00,807610.5702348045,807806.1650913783
2024-12-23 16:30:00,807567.7154940706,807810.1033769214
2024-12-23 20:30:00,807636.6201411131,807813.9479380862
2024-12-24 00:30:00,808072.1979515065,807820.195241216
2024-12-24 04:30:00,808447.2022101115,807829.429337222
2024-12-24 08:30:00,808081.2795941397,807832.5878943539
2024-12-24 12:30:00,807370.8690164934,807835.8237773723
2024-12-24 16:30:00,807665.0117449206,807837.8278517553
2024-12-24 20:30:00,807559.6309414601,807838.9053762949
2024-12-25 00:30:00,807966.3655508866,807841.9131422054
2024-12-25 04:30:00,809183.731383118,807852.1674644424
2024-12-25 08:30:00,808583.6493660543,807858.1068371481
2024-12-25 12:30:00,807400.0190454848,807855.5619049723
2024-12-25 16:30:00,808304.8707947624,807863.7342838693
2024-12-25 20:30:00,808794.9385357304,807869.479466823
2024-12-26 00:30:00,808384.3670622318,807871.0063519415
2024-12-26 04:30:00,808236.8837849424,807876.5130106721
2024-12-26 08:30:00,808847.9375275784,807885.6258400937
2024-12-26 12:30:00,807796.6739505765,807887.4868408768
2024-12-26 16:30:00,806787.4495256646,807881.3763720479
2024-12-26 20:30:00,806408.0392596687,807876.908234674
2024-12-27 00:30:00,806612.8158999848,807871.2561722248
2024-12-27 04:30:00,808065.9521668012,807869.8759068822
2024-12-27 08:30:00,807777.299227862,807866.4427728585
2024-12-27 12:30:00,806669.4576113336,807864.3541029108
2024-12-27 16:30:00,806884.2573317504,807862.930326485
2024-12-27 20:30:00,807732.8449978051,807865.856456234
2024-12-28 00:30:00,808016.8910345559,807864.8487386986
2024-12-28 04:30:00,808376.3960835761,807864.2083628167
2024-12-28 08:30:00,808045.803291498,807862.2159924465
2024-12-28 12:30:00,807168.260123725,807859.1958644128
2024-12-28 16:30:00,806882.365970385,807855.5006218454
2024-12-28 20:30:00,806677.1161088933,807851.913212532
2024-12-29 00:30:00,808067.3159204805,807851.4828090813
2024-12-29 04:30:00,808814.4427152032,807849.7845023338
2024-12-29 08:30:00,808395.2205678866,807851.8637110929
2024-12-29 12:30:00,808599.1503733869,807860.1962865612
2024-12-29 16:30:00,807910.4176411298,807860.8218559527
2024-12-29 20:30:00,808390.1901690237,807866.0449284166
2024-12-30 00:30:00,807573.5234175903,807864.4374866014
2024-12-30 04:30:00,808292.8435394167,807866.1169981835
2024-12-30 08:30:00,808337.8431313155,807865.9395695445
2024-12-30 12:30:00,807857.8289841773,807867.0297869366
2024-12-30 16:30:00,807214.4741291704,807864.7859621772
2024-12-30 20:30:00,807751.2035678251,807866.6765191614
2024-12-31 00:30:00,807544.8960097941,807868.4846309838
2024-12-31 04:30:00,808151.7040495091,807869.9182488782
2024-12-31 08:30:00,808123.2411442152,807869.8662865335
2024-12-31 12:30:00,808079.536296993,807868.5732558345
2024-12-31 16:30:00,807035.2179629786,807862.6463879279
2024-12-31 20:30:00,807765.877249268,807864.5974746969
2025-01-01 00:30:00,807848.8670460625,807865.1924078279
2025-01-01 04:30:00,808070.5251369746,807858.7054725453
2025-01-01 08:30:00,809088.5857237735,807859.595706394
2025-01-01 12:30:00,808731.6053230334,807867.4277044669
2025-01-01 16:30:00,808010.7932150059,807872.1874661456
2025-01-01 20:30:00,807681.3333064521,807873.0436706123
2025-01-02 00:30:00,808529.0342405356,807877.8577456772
2025-01-02 04:30:00,808554.2748189878,807878.8891823535
2025-01-02 08:30:00,808983.5852911669,807881.6179982362
2025-01-02 12:30:00,808354.4119102585,807882.5031177605
2025-01-02 16:30:00,807630.8735336569,807883.6958837357
2025-01-02 20:30:00,808337.4634564101,807890.3735858179
2025-01-03 00:30:00,807727.88610022,807889.3047736327
2025-01-03 04:30:00,807971.4628740465,807882.8659491756
2025-01-03 08:30:00,808244.7971278387,807879.724602088
2025-01-03 12:30:00,808148.6038941022,807883.121324784
2025-01-03 16:30:00,807256.955577771,807882.2207761959
2025-01-03 20:30:00,806681.8874560344,807879.6645173987
2025-01-04 00:30:00,807215.2183231383,807880.0671536515
2025-01-04 04:30:00,807688.5979373629,807879.1337809154
2025-01-04 08:30:00,807758.2462150044,807875.7561783509
2025-01-04 12:30:00,807574.7875142923,807871.865930243
2025-01-04 16:30:00,807266.8042059337,807868.3437505254
2025-01-04 20:30:00,807563.9917425668,807869.0505629267
2025-01-05 00:30:00,807635.3205166403,807872.5640740043
2025-01-05 04:30:00,807840.2145388044,807870.4669664173
2025-01-05 08:30:00,807431.7087960647,807866.4301411287
2025-01-05 12:30:00,807525.5220796434,807863.6558775372
2025-01-05 16:30:00,807308.2083525151,807862.3293106136
2025-01-05 20:30:00,807385.8103502578,807858.2255932412
2025-01-06 00:30:00,807984.5387800196,807859.8587787237
2025-01-06 04:30:00,808016.1516987721,807861.4400089766
2025-01-06 08:30:00,807691.133822149,807858.643043658
2025-01-06 12:30:00,807508.4289256335,807855.0364878518
2025-01-06 16:30:00,807193.7544023324,807851.2462194471
2025-01-06 20:30:00,807624.9722178282,807850.9089159247
2025-01-07 00:30:00,807812.4297067893,807852.3217639814
2025-01-07 04:30:00,808101.5139165977,807854.9340501205
2025-01-07 08:30:00,807776.7963286107,807852.6292212582
2025-01-07 12:30:00,808190.2302455017,807854.5381062223
2025-01-07 16:30:00,807853.8476830857,807859.159965292
2025-01-07 20:30:00,807954.5705116631,807857.6765265218
2025-01-08 00:30:00,808399.7835405084,807858.0812447419
2025-01-08 04:30:00,808129.3215974082,807859.3105797259
2025-01-08 08:30:00,807513.2862595707,807856.0355942375
2025-01-08 12:30:00,807209.574764076,807852.7927454336
2025-01-08 16:30:00,807203.8897709225,807851.0035131008
2025-01-08 20:30:00,807029.0664362484,807845.4684345609
2025-01-09 00:30:00,807778.6369205413,807844.5132861694
2025-01-09 04:30:00,808163.6668541151,807848.0304664978
2025-01-09 08:30:00,808150.0933823949,807852.4829681371
2025-01-09 12:30:00,807531.1253569373,807853.0411762138
2025-01-09 16:30:00,807993.6924890387,807858.4896334637
2025-01-09 20:30:00,808102.4008958506,807860.2149204478
2025-01-10 00:30:00,807681.4898204675,807859.4651670213
2025-01-10 04:30:00,808336.5663311236,807863.6183673395
2025-01-10 08:30:00,808182.9938321691,807869.6845994507
2025-01-10 12:30:00,807805.8507493074,807871.9255022386
2025-01-10 16:30:00,806671.2447574615,807866.4122571158
2025-01-10 20:30:00,807519.3849302751,807865.6734160236
2025-01-11 00:30:00,808703.6061119377,807865.720855398
2025-01-11 04:30:00,808726.7718061825,807868.0839089784
2025-01-11 08:30:00,808450.8163410554,807871.4705323444
2025-01-11 12:30:00,807409.9474860051,807870.5949766474
2025-01-11 16:30:00,807625.3368833766,807873.6666446916
2025-01-11 20:30:00,807477.4404703279,807874.4676077816
2025-01-12 00:30:00,807426.1520580393,807871.294115878
2025-01-12 04:30:00,808157.4974313093,807868.1922665412
2025-01-12 08:30:00,808304.7675980094,807867.9226575899
2025-01-12 12:30:00,808743.9215299314,807873.4374899492
2025-01-12 16:30:00,807514.6877910754,807873.6743402493
2025-01-12 20:30:00,807803.790510858,807875.6465920465
2025-01-13 00:30:00,808119.5154037223,807871.5956762661
2025-01-13 04:30:00,808552.7860103609,807872.1822751204
2025-01-13 08:30:00,809118.2360726638,807878.2941833026
2025-01-13 12:30:00,807766.6299800582,807882.7127205958
2025-01-13 16:30:00,807713.9147525977,807883.9589753622
2025-01-13 20:30:00,807547.1718324199,807883.101773384
2025-01-14 00:30:00,807240.9657872089,807874.8675126879
2025-01-14 04:30:00,807378.7564133505,807859.9975295615
2025-01-14 08:30:00,807561.3201156114,807854.2320697369
2025-01-14 12:30:00,808204.221226817,807857.8713025063
2025-01-14 16:30:00,808226.5972076015,807855.0252400484
2025-01-14 20:30:00,807968.0845024857,807850.2968052182
2025-01-15 00:30:00,808309.8761776979,807848.3084412758
2025-01-15 04:30:00,808335.2275043963,807849.2339494677
2025-01-15 08:30:00,808484.2778405107,807850.8143284725
2025-01-15 12:30:00,807791.8360464589,807852.233316691
2025-01-15 16:30:00,806951.7221096064,807853.884956029
2025-01-15 20:30:00,808386.6983798334,807862.1681660599
2025-01-16 00:30:00,808621.1873263278,807865.576987637
2025-01-16 04:30:00,807877.1090626711,807864.6010439103
2025-01-16 08:30:00,807583.7603311997,807860.2649648531
2025-01-16 12:30:00,808193.0533830993,807858.8860537508
2025-01-16 16:30:00,807672.872255116,807862.3140587939
2025-01-16 20:30:00,808226.0560683914,807865.0535111389
2025-01-17 00:30:00,808452.6298349919,807862.2353870864
2025-01-17 04:30:00,808659.1050811576,807860.1772029081
2025-01-17 08:30:00,808087.752189849,807860.4020013344
2025-01-17 12:30:00,807627.4669680689,807857.1019061459
2025-01-17 16:30:00,807442.0844680814,807858.8988011911
2025-01-17 20:30:00,807284.7034570823,807858.5088133558
2025-01-18 00:30:00,807542.926942032,807857.3705216501
2025-01-18 04:30:00,806960.7168693856,807851.9870330408
2025-01-18 08:30:00,807966.1592075076,807849.211252718
2025-01-18 12:30:00,807684.4711484396,807845.1278310708
2025-01-18 16:30:00,807536.4948538411,807844.7865648147
2025-01-18 20:30:00,807429.3491623818,807845.4757402367
2025-01-19 00:30:00,808283.1089596389,807845.5293853416
2025-01-19 04:30:00,808207.7091142135,807846.6506240462
2025-01-19 08:30:00,808208.2557127218,807847.6962035517
2025-01-19 12:30:00,807298.2366012218,807839.9402662062
2025-01-19 16:30:00,808002.9835458752,807843.3467886731
2025-01-19 20:30:00,808768.6354605465,807847.6457690698
2025-01-20 00:30:00,809033.8846723218,807854.7854874018
2025-01-20 04:30:00,807809.1842444782,807854.398799413
2025-01-20 08:30:00,807620.0423463115,807851.7576782265
2025-01-20 12:30:00,808206.9554764164,807852.5024538913
2025-01-20 16:30:00,807634.6678397148,807858.3720176079
2025-01-20 20:30:00,807935.8445446992,807861.8088721067
2025-01-21 00:30:00,808647.9925458129,807870.58938893
2025-01-21 04:30:00,808891.1560135826,807876.8619937202
2025-01-21 08:30:00,807507.5638988154,807871.825361707
2025-01-21 12:30:00,806925.223936416,807865.9698217746
2025-01-21 16:30:00,808110.0916251201,807867.488987654
2025-01-21 20:30:00,809326.8571959393,807880.6810084679
2025-01-22 00:30:00,808675.73661673,807888.9268658914
2025-01-22 04:30:00,807792.5762606716,807889.5387806048
2025-01-22 08:30:00,807808.0853347365,807890.1304850107
2025-01-22 12:30:00,808802.5484331766,807896.7525861127
2025-01-22 16:30:00,808546.8036241212,807902.191964613
2025-01-22 20:30:00,808538.149063823,807907.2004586281
2025-01-23 00:30:00,807827.8894282614,807905.8431890545
2025-01-23 04:30:00,808440.4703372873,807905.8057897611
2025-01-23 08:30:00,807618.1698803395,807903.2329580177
2025-01-23 12:30:00,807311.6336598819,807902.9038727032
2025-01-23 16:30:00,806878.622884607,807898.5350457014
2025-01-23 20:30:00,808160.0679429354,807901.8708068207
2025-01-24 00:30:00,808446.2091577626,807904.5366046367
2025-01-24 04:30:00,808034.103941875,807898.1497855188
2025-01-24 08:30:00,806487.0532699918,807886.5020294295
2025-01-24 12:30:00,808034.1592274744,807890.0250304404
2025-01-24 16:30:00,807639.6666846032,807886.3294520508
2025-01-24 20:30:00,806869.795311468,807875.6342119159
2025-01-25 00:30:00,807501.7754649502,807870.7309252644
2025-01-25 04:30:00,808587.9817466747,807872.6814694962
2025-01-25 08:30:00,808415.3285747003,807870.2780864249
2025-01-25 12:30:00,806848.7853909119,807865.012038871
2025-01-25 16:30:00,807484.8247488899,807868.8863456666
2025-01-25 20:30:00,809291.1965861713,807884.9038863695
2025-01-26 00:30:00,808882.5277185119,807897.5133964724
2025-01-26 04:30:00,807718.8512083979,807895.5850578147
2025-01-26 08:30:00,807979.2935847149,807896.7072486861
2025-01-26 12:30:00,807864.4073612115,807903.3458584077
2025-01-26 16:30:00,807477.2327640853,807906.6401663651
2025-01-26 20:30:00,807252.0928808608,807903.9693212708
2025-01-27 00:30:00,808506.0176049966,807906.6866911066
2025-01-27 04:30:00,808240.8692486436,807905.933764246
2025-01-27 08:30:00,809109.6097348299,807911.8438000423
2025-01-27 12:30:00,807554.6505071729,807913.9904132837
2025-01-27 16:30:00,807091.4480902824,807915.1519806163
2025-01-27 20:30:00,808517.3330727762,807925.3754081934
2025-01-28 00:30:00,808176.6762457035,807925.9829655557
2025-01-28 04:30:00,807981.1345976207,807921.3534760138
2025-01-28 08:30:00,807609.3274413067,807916.9874030884
2025-01-28 12:30:00,807898.502069243,807913.0949125097
2025-01-28 16:30:00,806717.2801960575,807906.4663711481
2025-01-28 20:30:00,807308.3688755552,807900.456252851
2025-01-29 00:30:00,808263.3478008521,807904.2886105359
2025-01-29 04:30:00,808191.8053555755,807903.7272872924
2025-01-29 08:30:00,808418.4412560855,807904.1750546522
2025-01-29 12:30:00,807356.8667140845,807901.3919309295
2025-01-29 16:30:00,808091.8835745371,807906.266427848
2025-01-29 20:30:00,808697.0841991708,807911.5213202445
2025-01-30 00:30:00,808930.7886716283,807919.2207239214
2025-01-30 04:30:00,808814.0887440216,807922.9006388908
2025-01-30 08:30:00,808393.9691109374,807924.4046831504
2025-01-30 12:30:00,807894.7121100407,807923.3778821117
2025-01-30 16:30:00,807307.0895571468,807924.8882798572
2025-01-30 20:30:00,807615.753589553,807924.0542595254
2025-01-31 00:30:00,807361.3390730029,807921.3457707862
2025-01-31 04:30:00,807677.485388026,807919.1622166253
2025-01-31 08:30:00,808392.1850216084,807915.2933238356
2025-01-31 12:30:00,808115.3489716259,807911.8696774389
2025-01-31 16:30:00,806834.0392411613,807905.3321553619
2025-01-31 20:30:00,807627.5137831821,807905.0331580106
2025-02-01 00:30:00,808665.3575642462,807905.7905098089
2025-02-01 04:30:00,808563.9749492113,807905.8443994212
2025-02-01 08:30:00,808365.0601846869,807902.4081488296
2025-02-01 12:30:00,807530.711339071,807897.8320345453
2025-02-01 16:30:00,808218.7491876963,807901.0980104011
2025-02-01 20:30:00,808309.2668908713,807900.9413628147
2025-02-02 00:30:00,808588.4076919671,807905.7220383245
2025-02-02 04:30:00,808289.6681810372,807907.4898455855
2025-02-02 08:30:00,808242.332615212,807907.4761538487
2025-02-02 12:30:00,807756.4061466856,807905.2972774741
2025-02-02 16:30:00,807146.4498586103,807904.6833568121
2025-02-02 20:30:00,806970.4425103387,807906.2864404471
2025-02-03 00:30:00,808270.2464605664,807912.1477078774
2025-02-03 04:30:00,807444.3937662953,807910.7910180379
2025-02-03 08:30:00,808152.5912673472,807912.9818238844
2025-02-03 12:30:00,807244.6666289247,807911.1478189657
2025-02-03 16:30:00,807924.6168570434,807914.8023336942
2025-02-03 20:30:00,807076.8433979992,807912.0959540021
2025-02-04 00:30:00,808088.4969088349,807914.6136006253
2025-02-04 04:30:00,808294.7136388172,807917.1385956254
2025-02-04 08:30:00,808093.0515533127,807920.8127220547
2025-02-04 12:30:00,807301.750157349,807919.5695447084
2025-02-04 16:30:00,807054.9963824494,807918.1628115413
2025-02-04 20:30:00,807665.7961170913,807919.7182880237
2025-02-05 00:30:00,808106.0114685532,807920.3931362935
2025-02-05 04:30:00,807328.653247317,807916.5737004522
2025-02-05 08:30:00,808278.849394662,807919.838786966
2025-02-05 12:30:00,808254.2096499022,807923.9820132122
2025-02-05 16:30:00,807852.0491327103,807927.6392061586
2025-02-05 20:30:00,807945.4736384064,807929.4197696062
2025-02-06 00:30:00,808747.0220231409,807934.6119491415
2025-02-06 04:30:00,808629.0148536271,807937.5425099027
2025-02-06 08:30:00,808696.593982211,807942.6524968672
2025-02-06 16:30:00,807709.4290577553,807940.4625729902
2025-02-06 20:30:00,807630.5108904678,807938.6521840452
2025-02-07 00:30:00,808348.5968955493,807938.3662251347
2025-02-07 04:30:00,808584.2984731176,807940.90799539
2025-02-07 08:30:00,808158.0002315008,807944.5097494232
2025-02-07 12:30:00,807186.8340343799,807944.3827062405
2025-02-07 16:30:00,807446.9282934214,807945.7404633494
2025-02-08 04:30:00,807743.1795206132,807949.4878658149
2025-02-08 08:30:00,807603.9014238602,807946.4020355408
2025-02-08 20:30:00,807694.505134462,807946.1739810478
2025-02-09 00:30:00,807540.8023379248,807945.3700525761
2025-02-09 04:30:00,808268.8373392192,807944.9830297652
2025-02-09 08:30:00,808127.593146599,807944.666454419
2025-02-09 12:30:00,807913.2133947056,807945.27995525
2025-02-10 00:30:00,807592.0901349095,807948.6811936646
2025-02-10 04:30:00,807909.8738972832,807943.959240434
2025-02-10 08:30:00,808559.8217778632,807944.5893296641
2025-02-10 12:30:00,807637.2543804916,807945.9032423492
2025-02-10 16:30:00,807890.2521217085,807947.4345443045
2025-02-11 00:30:00,807530.7562607529,807950.7752319599
2025-02-11 04:30:00,808356.6753020337,807951.9332428359
2025-02-11 08:30:00,807945.0609735027,807949.8419252518
2025-02-11 12:30:00,807776.6156366086,807944.218053779
2025-02-11 16:30:00,807798.7239508172,807945.8694268008
2025-02-11 20:30:00,807957.8293652771,807946.7650015358
2025-02-12 00:30:00,807803.4923360273,807944.9276581188
2025-02-12 04:30:00,807710.3799576327,807940.0299485101
2025-02-12 08:30:00,808289.0388769002,807935.2090345812
2025-02-12 12:30:00,808148.0897102245,807937.4268237101
2025-02-12 16:30:00,807883.5799511157,807938.4132492829
2025-02-13 00:30:00,807868.1583637247,807944.36900363
2025-02-13 04:30:00,807811.1517821853,807946.897631518
2025-02-13 08:30:00,807606.8830144787,807947.1640812188
2025-02-13 12:30:00,807399.0348203258,807942.4553887834
2025-02-13 16:30:00,807630.5031362097,807938.9694585411
2025-02-14 00:30:00,807576.4608154864,807934.483985564
2025-02-14 04:30:00,807302.1085592571,807928.4068152984
2025-02-14 08:30:00,807690.4218462034,807923.7370741554
2025-02-14 12:30:00,807817.27214338,807923.886698255
2025-02-14 16:30:00,807683.3512075673,807928.190398831
2025-02-15 00:30:00,808258.170053268,807923.3293026532
2025-02-15 04:30:00,808442.64701329,807926.6756810591
2025-02-15 08:30:00,808097.7746579782,807929.7171859515
2025-02-15 12:30:00,808158.4695367707,807929.5125478074
2025-02-15 16:30:00,808260.272926862,807932.9882914273
2025-02-15 20:30:00,808068.6994378024,807932.0571871041
2025-02-16 04:30:00,807307.3456167427,807920.9123531025
2025-02-16 08:30:00,807463.5568452815,807917.196904623
2025-02-16 12:30:00,807936.6836835156,807919.0374803102
2025-02-16 16:30:00,807855.2256101324,807921.4966537746
2025-02-16 20:30:00,807946.7725058194,807925.4375409695
2025-02-17 00:30:00,808188.2834208951,807929.2789485818
2025-02-17 04:30:00,808529.6764701093,807938.6179938242
2025-02-17 08:30:00,808386.6600582633,807941.1209750789
2025-02-17 12:30:00,808462.8155966563,807945.7539777467
2025-02-17 16:30:00,807548.702884981,807945.8266445987
2025-02-17 20:30:00,807785.4684596915,807947.9464023208
2025-02-18 00:30:00,808562.3900407777,807949.6087897087
2025-02-18 04:30:00,808499.5054756755,807951.3456728125
2025-02-18 08:30:00,807831.373078338,807949.1023237983
2025-02-18 12:30:00,807455.1478512333,807950.0363193341
2025-02-18 16:30:00,807787.2597993461,807948.7522494143
2025-02-18 20:30:00,807705.828639078,807942.426018334
2025-02-19 00:30:00,807796.2143596561,807935.0589331398
2025-02-19 04:30:00,808200.5519716608,807937.3885029443
2025-02-19 08:30:00,807433.8708572773,807936.280339319
2025-02-19 16:30:00,807630.1059332577,807934.6322133099
2025-02-19 20:30:00,808782.5483128801,807939.7022957541
2025-02-20 00:30:00,808242.3108361554,807937.2730639597
2025-02-20 04:30:00,808407.6559061654,807934.3778537355
2025-02-20 08:30:00,807978.7388961554,807937.1992609053
2025-02-20 12:30:00,808964.9611819104,807949.4132563873
2025-02-20 16:30:00,808996.7529962456,807954.7226059149
2025-02-20 20:30:00,807991.5327095952,807946.7266509071
2025-02-21 00:30:00,807786.3958202767,807941.4012569162
2025-02-21 04:30:00,808634.2997389017,807946.4415172649
2025-02-21 08:30:00,807711.3717491492,807945.862393998
2025-02-21 12:30:00,806750.8639482441,807933.57685816
2025-02-21 16:30:00,806625.6254486671,807922.0727972292
2025-02-21 20:30:00,808000.2937560434,807918.8521067634
2025-02-22 00:30:00,808933.0198900657,807925.4696544389
2025-02-22 04:30:00,808053.0857189336,807923.1499860655
2025-02-22 08:30:00,808116.6161622854,807926.1346943405
2025-02-22 12:30:00,807904.7042138664,807929.686015023
2025-02-22 16:30:00,808256.3177590562,807937.9356849301
2025-02-22 20:30:00,808508.14250946,807940.0199637715
2025-02-23 00:30:00,807981.594905973,807937.2378425032
2025-02-23 04:30:00,807988.0829504395,807936.9622677043
2025-02-23 08:30:00,807806.2517679506,807944.8616599076
2025-02-23 12:30:00,808173.323637798,807945.69497973
2025-02-23 16:30:00,807576.8630851815,807945.3189102723
2025-02-23 20:30:00,807575.9307769139,807949.5472663528
2025-02-24 00:30:00,807271.0057827978,807948.1654119686
2025-02-24 04:30:00,807594.2731440114,807942.2150610546
2025-02-24 08:30:00,807275.4018130858,807935.3891523024
2025-02-24 12:30:00,807341.3625284255,807938.338716
2025-02-24 16:30:00,808321.2604288585,807943.347312886
2025-02-24 20:30:00,808438.4486448644,807938.2410377883
2025-02-25 00:30:00,808121.2001145072,807933.6821898603
2025-02-25 04:30:00,807870.0147936746,807934.5873610295
2025-02-25 08:30:00,807767.3766437101,807933.318397311
2025-02-25 12:30:00,807727.840221673,807932.5006300084
2025-02-25 16:30:00,807624.2952873361,807933.3812439201
2025-02-25 20:30:00,808229.5146543556,807939.234068911
2025-02-26 00:30:00,808853.2860620623,807941.3135207497
2025-02-26 04:30:00,807911.3742135958,807939.3404965877
2025-02-26 08:30:00,807950.5411453082,807932.3999661116
2025-02-26 12:30:00,807430.5066997489,807931.6565900191
2025-02-26 16:30:00,809069.5756568941,807943.5016652683
2025-02-26 20:30:00,808984.8739678344,807946.3013113466
2025-02-27 00:30:00,807907.674461015,807944.6905222167
2025-02-27 04:30:00,807564.1805669311,807942.193791494
2025-02-27 08:30:00,806997.445986828,807938.5298306886
2025-02-27 12:30:00,806857.707965192,807932.2975306645
2025-02-27 16:30:00,807299.5583536888,807935.7842262193
2025-02-27 20:30:00,807529.9502235699,807937.1110606384
2025-02-28 00:30:00,808155.0280032584,807936.462439096
2025-02-28 04:30:00,808037.3442086637,807935.5375220487
2025-02-28 08:30:00,807882.1925707717,807932.3264520767
2025-02-28 12:30:00,807596.5889321102,807933.7619144601
2025-02-28 16:30:00,808357.6701373628,807935.3534507644
2025-02-28 20:30:00,808936.8500271331,807936.7891742851
2025-03-01 00:30:00,808234.2564799464,807932.6183228379
2025-03-01 04:30:00,808113.9013502081,807928.4255839527
2025-03-01 08:30:00,808072.2181940933,807926.4989317561
2025-03-01 12:30:00,809123.802141205,807933.858752302
2025-03-01 16:30:00,808250.6767721043,807939.5089751461
2025-03-01 20:30:00,807617.7794466944,807939.5211060272
2025-03-02 00:30:00,808418.9327509889,807945.8540023025
2025-03-02 04:30:00,808748.2422537581,807952.2657200614
2025-03-02 08:30:00,808466.3800619779,807952.7100017403
2025-03-02 12:30:00,808084.299488401,807952.5240766911
2025-03-02 16:30:00,808089.0972295797,807960.0393939869
2025-03-02 20:30:00,808060.7270718105,807962.6334855356
2025-03-03 00:30:00,808337.753481397,807960.6717844408
2025-03-03 04:30:00,808610.1569315423,807960.9483232572
2025-03-03 08:30:00,809249.2581938878,807966.2429221146
2025-03-03 12:30:00,808078.3890611207,807969.5224294321
2025-03-03 16:30:00,807094.6692925319,807962.791412096
2025-03-03 20:30:00,807862.0746889161,807960.1136144794
2025-03-04 00:30:00,807743.4564169161,807955.054026006
2025-03-04 04:30:00,808036.5750455383,807953.5384982486
2025-03-04 08:30:00,808593.6568226569,807955.6422360177
2025-03-04 12:30:00,808000.5638576581,807957.104258239
2025-03-04 16:30:00,808174.2041218161,807963.258475384
2025-03-04 20:30:00,807726.546844672,807967.7860462484
2025-03-05 00:30:00,808453.984645569,807968.886274901
2025-03-05 04:30:00,807597.3573975257,807969.8022247887
2025-03-05 08:30:00,808634.6606685987,807972.6888679098
2025-03-05 12:30:00,808917.0954073949,807982.7034114935
2025-03-05 16:30:00,807977.7528540649,807983.0215911164
2025-03-05 20:30:00,807660.5587141825,807986.5168924108
2025-03-06 00:30:00,807847.684420088,807985.0749014603
2025-03-06 04:30:00,808088.3697581289,807983.8393093605
2025-03-06 08:30:00,807811.1920346365,807982.1515278115
2025-03-06 12:30:00,808267.0715314155,807987.9318953208
2025-03-06 16:30:00,807248.1566969636,807989.0885439108
2025-03-06 20:30:00,806696.7477238186,807983.2858589211
2025-03-07 00:30:00,807057.3127981642,807977.0062261643
2025-03-07 04:30:00,807288.9440304658,807976.7684464226
2025-03-07 08:30:00,807468.7345358842,807971.9174592444
2025-03-07 12:30:00,807761.6264180139,807968.9678590533
2025-03-07 16:30:00,806704.0033156392,807962.0933332028
2025-03-07 20:30:00,807347.8034131278,807958.5144695783
2025-03-08 00:30:00,808490.0809760108,807956.9759004337
2025-03-08 04:30:00,807963.3753075567,807952.9900348884
2025-03-08 08:30:00,807967.6646563534,807948.6251886259
2025-03-08 12:30:00,807908.2201398375,807948.384682383
2025-03-08 16:30:00,807852.652576255,807949.2372033267
2025-03-08 20:30:00,807200.8201205129,807946.6795201721
2025-03-09 00:30:00,807358.8378027355,807940.7880970003
2025-03-09 04:30:00,807774.159194845,807935.9658393917
2025-03-09 08:30:00,807825.2511406573,807933.9851900414
2025-03-09 12:30:00,808097.5817583051,807939.4063074457
2025-03-09 16:30:00,807878.9829447934,807941.978061323
2025-03-09 20:30:00,808067.8275980961,807942.7227331382
2025-03-10 00:30:00,808640.7731120996,807946.8289118379
2025-03-10 04:30:00,808457.3389931084,807951.0298499115
2025-03-10 08:30:00,808430.2972707868,807955.8910019522
2025-03-10 12:30:00,808070.1209951495,807956.5590136083
2025-03-10 16:30:00,807507.905463143,807953.9505627336
2025-03-10 20:30:00,807110.9072870822,807950.557551993
2025-03-11 00:30:00,807620.778322399,807951.022528647
2025-03-11 04:30:00,808700.625188265,807953.5329231181
2025-03-11 08:30:00,807762.9388985167,807951.4128402804
2025-03-11 12:30:00,808044.9688556915,807952.1788604024
2025-03-11 16:30:00,808888.4041708044,807957.5905673988
2025-03-11 20:30:00,807746.6862481817,807956.3784736102
2025-03-12 00:30:00,807570.7869030293,807956.2560412432
2025-03-12 04:30:00,808125.2216170169,807957.4936718165
2025-03-12 08:30:00,808135.136289165,807955.0529506169
2025-03-12 12:30:00,807421.5626115733,807953.8133427496
2025-03-12 16:30:00,807717.5681302556,807952.8209060172
2025-03-12 20:30:00,808080.7633822999,807953.5520058816
2025-03-13 00:30:00,808361.2690384235,807958.2977931827
2025-03-13 04:30:00,808427.340429678,807958.701593912
2025-03-13 08:30:00,807458.2860927581,807955.9200231647
2025-03-13 12:30:00,806981.4558357396,807951.3762528743
2025-03-13 16:30:00,807389.9524812925,807949.0404159054
2025-03-13 20:30:00,807908.295020067,807948.7573625041
2025-03-14 00:30:00,807602.937945172,807947.6113374138
2025-03-14 04:30:00,808367.6979385058,807951.3674401615
2025-03-14 08:30:00,808837.945576891,807954.5040498758
2025-03-14 12:30:00,807436.4678186454,807950.4376390667
2025-03-14 16:30:00,807785.397673296,807949.8765974792
2025-03-14 20:30:00,807606.8971934082,807947.9278508652
2025-03-15 00:30:00,807365.1916505225,807945.0700854491
2025-03-15 04:30:00,807861.9286032836,807945.3585901145
2025-03-15 08:30:00,807411.5403400171,807944.2486885552
2025-03-15 12:30:00,808050.1764858499,807947.9483571091
2025-03-15 16:30:00,808761.5582033425,807954.3748063543
2025-03-15 20:30:00,808374.0785883532,807956.7460141623
2025-03-16 00:30:00,807482.4700606064,807956.2149929482
2025-03-16 04:30:00,807885.5673866285,807959.5113705039
2025-03-16 08:30:00,808497.2698132787,807964.0698335948
2025-03-16 12:30:00,807228.8918965902,807960.7456514095
2025-03-16 16:30:00,807793.4359456174,807961.3675990822
2025-03-16 20:30:00,808691.8816740591,807965.4716107394
2025-03-17 00:30:00,808422.928559261,807966.3972203236
2025-03-17 04:30:00,808109.4134292885,807964.5251215372
2025-03-17 08:30:00,808627.6020025843,807967.5016796527
2025-03-17 12:30:00,808104.8037617393,807967.2001865347
2025-03-17 16:30:00,808125.1804937819,807966.4412402813
2025-03-17 20:30:00,807306.184546045,807962.1574487548
2025-03-18 00:30:00,806839.4654250604,807955.885426276
2025-03-18 04:30:00,807797.2822737292,807958.6225025719
2025-03-18 08:30:00,807989.397075705,807961.5601574905
2025-03-18 12:30:00,807912.9116511495,807961.4273528403
2025-03-18 16:30:00,807298.8276279818,807958.3189842249
2025-03-18 20:30:00,807411.4952529015,807955.3286085104
2025-03-19 00:30:00,808076.7558066407,807954.705549213
2025-03-19 04:30:00,807539.6499076481,807949.1746745624
2025-03-19 08:30:00,808375.1871024952,807949.1105798373
2025-03-19 12:30:00,807571.3057550357,807944.1300779288
2025-03-19 16:30:00,807819.6335930416,807945.6436573035
2025-03-19 20:30:00,807289.6409348863,807942.8736711314
2025-03-20 00:30:00,807315.77255395,807935.9093276296
2025-03-20 04:30:00,807941.6009573101,807932.7925426108
2025-03-20 08:30:00,808340.9304052077,807935.6392315876
2025-03-20 12:30:00,807847.0909252905,807937.8288576998
2025-03-20 16:30:00,807414.897814555,807935.7486231477
2025-03-20 20:30:00,808259.1824958642,807938.8399854762
2025-03-21 00:30:00,808760.1954851544,807944.2253548924
2025-03-21 04:30:00,807946.6478193179,807942.8068959408
2025-03-21 08:30:00,808642.1080215315,807949.5568242328
2025-03-21 12:30:00,808187.567530967,807950.8791059369
2025-03-21 16:30:00,807674.5523985956,807951.1260307442
2025-03-21 20:30:00,806952.224597057,807940.9575656563
2025-03-22 00:30:00,807511.4069469237,807936.8969884939
2025-03-22 04:30:00,807941.4291928015,807934.3068400864
2025-03-22 08:30:00,808381.0482041809,807936.5418917976
2025-03-22 12:30:00,808263.9550358239,807932.6474132083
2025-03-22 16:30:00,808025.3121257653,807927.2505194832
2025-03-22 20:30:00,807772.484200319,807926.0335833206
2025-03-23 00:30:00,808097.9434200771,807927.7644033196
2025-03-23 04:30:00,807164.7292534437,807919.6001228447
2025-03-23 08:30:00,808138.0657506341,807921.9706450754
2025-03-23 12:30:00,809013.5667638263,807934.541216273
2025-03-23 16:30:00,807790.3885352495,807941.0121223094
2025-03-23 20:30:00,807393.6617234079,807937.6419443504
2025-03-24 00:30:00,807494.8677378761,807929.6522101716
2025-03-24 04:30:00,807618.5930746187,807927.2383621476
2025-03-24 08:30:00,808073.2030036862,807926.9971779331
2025-03-24 12:30:00,808667.5277068751,807931.2350862277
2025-03-24 16:30:00,807381.462623771,807926.3747799206
2025-03-24 20:30:00,807134.5052247556,807918.7434616721
2025-03-25 00:30:00,807856.5897082101,807918.0489883512
2025-03-25 04:30:00,808003.3652704518,807918.1338901292
2025-03-25 08:30:00,807775.5270359538,807917.9631971736
2025-03-25 12:30:00,808083.9764091389,807917.466823681
2025-03-25 16:30:00,807755.5296985923,807918.4594159778
2025-03-25 20:30:00,807335.2286900878,807917.1221821621
2025-03-26 00:30:00,807566.7228572022,807918.7650547976
2025-03-26 04:30:00,808324.9552857272,807922.8244000293
2025-03-26 08:30:00,807737.1109042446,807925.3894505359
2025-03-26 12:30:00,808042.7803827149,807929.286216393
2025-03-26 16:30:00,808359.5143104576,807929.4987379574
2025-03-26 20:30:00,807764.8962074666,807925.7567799719
2025-03-27 00:30:00,807950.8315580413,807924.8102879917
2025-03-27 04:30:00,807425.4194297832,807922.3403137476
2025-03-27 08:30:00,807106.4351905235,807918.6684167855
2025-03-27 12:30:00,807368.9716049874,807916.6747022483
2025-03-27 16:30:00,807451.3443965286,807915.7138639662
2025-03-27 20:30:00,807393.6489961662,807911.0701658651
2025-03-28 00:30:00,807919.3789034919,807905.8817927619
2025-03-28 04:30:00,808026.4632958868,807906.5211765523
2025-03-28 08:30:00,807065.1389970189,807901.6022757285
2025-03-28 12:30:00,807004.8447592107,807899.2374871701
2025-03-28 16:30:00,808073.348260389,807893.7028905228
2025-03-28 20:30:00,807510.5174506552,807885.5120209828
2025-03-29 00:30:00,807778.0225084918,807884.7917323578
2025-03-29 04:30:00,808304.0821500769,807888.9022967085
2025-03-29 08:30:00,808343.0021266774,807896.3776085968
2025-03-29 12:30:00,808221.5361321556,807903.9544317466
2025-03-29 16:30:00,807931.6326047924,807907.4659553637
2025-03-29 20:30:00,807853.1097134445,807909.261285863
2025-03-30 00:30:00,808316.7912349749,807910.1599704835
2025-03-30 04:30:00,808364.3030835041,807911.9764086772
2025-03-30 08:30:00,808239.5495479514,807913.961725217
2025-03-30 12:30:00,807457.1668373073,807913.1871580238
2025-03-30 16:30:00,808274.162274574,807912.7232254527
2025-03-30 20:30:00,807383.6474494705,807904.0943222434
2025-03-31 00:30:00,807884.4944997103,807902.151200131
2025-03-31 04:30:00,808362.3612984085,807903.5315331765
2025-03-31 08:30:00,808088.1769889555,807903.620193148
2025-03-31 12:30:00,807575.6159796326,807895.019158917
2025-03-31 16:30:00,808055.8957136376,807893.9370419255
2025-03-31 20:30:00,807220.3315580455,807891.7289980998
2025-04-01 00:30:00,807812.1878143019,807888.358192896
2025-04-01 04:30:00,809214.2775519207,807890.9472778856
2025-04-01 08:30:00,808409.2137691411,807890.62968737
2025-04-01 12:30:00,807537.4436240684,807887.5915992347
2025-04-01 16:30:00,808559.8336873823,807890.206801778
2025-04-01 20:30:00,807647.1954079482,807887.9094036455
2025-04-02 00:30:00,807253.6011302565,807881.8863350281
2025-04-02 04:30:00,808133.7392141476,807879.2395699314
2025-04-02 08:30:00,808403.7086465508,807874.5420724463
2025-04-02 12:30:00,807758.1363046886,807872.762890466
2025-04-02 16:30:00,807542.9985802632,807875.2536087313
2025-04-02 20:30:00,808081.265452238,807876.4713351942
2025-04-03 00:30:00,808157.869112779,807878.773627949
2025-04-03 04:30:00,807095.3054562539,807873.5443524527
2025-04-03 08:30:00,808856.1510428371,807875.0026536761
2025-04-03 12:30:00,807967.9008405327,807874.8211924699
2025-04-03 16:30:00,807312.5299562364,807870.0341137722
2025-04-03 20:30:00,807291.9664705154,807867.6197783602
2025-04-04 00:30:00,807226.9606982938,807860.8029786532
2025-04-04 04:30:00,807788.6746385732,807861.8658522145
2025-04-04 08:30:00,808455.7303101772,807860.8717946678
2025-04-04 12:30:00,808104.3008424359,807856.356269307
2025-04-04 16:30:00,808017.7518147272,807856.578485755
2025-04-04 20:30:00,807503.809794679,807855.7076584245
2025-04-05 00:30:00,807568.4012309226,807854.1560851512
2025-04-05 04:30:00,807686.7185931792,807851.9246897905
2025-04-05 08:30:00,808277.1679657098,807854.5134449631
2025-04-05 12:30:00,808312.7000218068,807854.7669365763
2025-04-05 16:30:00,807835.5692514495,807858.030339657
2025-04-05 20:30:00,807864.2172984952,807864.5162817384
2025-04-06 00:30:00,807706.3858516876,807868.1222431468
2025-04-06 04:30:00,807983.386859562,807871.980258864
2025-04-06 08:30:00,807799.8428838481,807873.8197496862
2025-04-06 12:30:00,808121.1012130417,807875.8168318806
2025-04-06 16:30:00,807218.5493563392,807878.6754209957
2025-04-06 20:30:00,807256.0807412938,807878.1658505966
2025-04-07 00:30:00,807482.6771053346,807872.5691624263
2025-04-07 04:30:00,807548.5763108947,807870.2647235559
2025-04-07 08:30:00,807646.2636188383,807868.4791622362
2025-04-07 12:30:00,808320.2810457918,807870.7683894916
2025-04-07 16:30:00,807761.7042572331,807870.2631210525
2025-04-07 20:30:00,807201.4792626009,807870.266782953
2025-04-08 00:30:00,807522.2989441315,807871.1749004055
2025-04-08 04:30:00,808243.5437452911,807873.7825923522
2025-04-08 08:30:00,807421.8932239271,807871.541715037
2025-04-08 12:30:00,807747.3337212561,807869.595892609
2025-04-08 16:30:00,807763.5505891063,807868.954601744
2025-04-08 20:30:00,807414.6465845566,807865.3258183355
2025-04-09 00:30:00,807623.8723690949,807859.6763697632
2025-04-09 04:30:00,807720.0577965224,807855.5803631156
2025-04-09 08:30:00,808068.5935433506,807853.5708979631
2025-04-09 12:30:00,807735.072138932,807851.7095154288
2025-04-09 16:30:00,807772.1435366728,807853.1775047259
2025-04-09 20:30:00,807432.128468785,807854.9620668464
2025-04-10 00:30:00,807948.0811498566,807856.780415888
2025-04-10 04:30:00,807868.5490464306,807852.1577706556
2025-04-10 08:30:00,806991.6315454702,807847.8727298053
2025-04-10 12:30:00,806588.8416455787,807839.7831341935
2025-04-10 16:30:00,807630.0443160577,807832.7922461118
2025-04-10 20:30:00,807946.7381009402,807833.9036452938
2025-04-11 00:30:00,808658.8124979001,807839.9482319319
2025-04-11 04:30:00,808241.5872769918,807840.5947078204
2025-04-11 08:30:00,807514.7531698819,807837.1481349358
2025-04-11 12:30:00,807544.2309970338,807837.829625966
2025-04-11 16:30:00,808121.6312503362,807840.0744210775
2025-04-11 20:30:00,807448.8112853001,807836.5635760943
2025-04-12 00:30:00,807554.9329081303,807832.0839309258
2025-04-12 04:30:00,808309.842330762,807831.4311637098
2025-04-12 08:30:00,807623.8311389256,807832.3508584107
2025-04-12 12:30:00,807492.7313496224,807835.1912779321
2025-04-12 16:30:00,807333.2598778843,807834.8763190245
2025-04-12 20:30:00,808149.4488988017,807836.2160627951
2025-04-13 00:30:00,807821.3519397613,807837.4294738761
2025-04-13 04:30:00,807452.6837373478,807832.3460616476
2025-04-13 08:30:00,807776.6627445844,807826.4500459126
2025-04-13 12:30:00,807554.8809584047,807827.1078966891
2025-04-13 16:30:00,807463.3197864005,807825.3185750952
2025-04-13 20:30:00,807930.0479079713,807827.1138568426
2025-04-14 00:30:00,807824.4860258744,807829.6654922613
2025-04-14 04:30:00,807514.690370965,807827.7363909706
2025-04-14 08:30:00,807062.6163628533,807825.7979244308
2025-04-14 12:30:00,807178.8884279195,807820.9574352201
2025-04-14 16:30:00,807588.3298504194,807814.439499926
2025-04-14 20:30:00,807176.258012233,807807.7849411698
2025-04-15 00:30:00,807040.5959396559,807805.3300849424
2025-04-15 04:30:00,807471.6081139517,807803.0303112053
2025-04-15 08:30:00,807598.170944443,807798.0353174895
2025-04-15 12:30:00,806936.0407716549,807796.4083667954
2025-04-15 16:30:00,807408.4363522435,807794.2694801656
2025-04-15 20:30:00,807863.9596898935,807789.6699135868
2025-04-16 00:30:00,807703.6007581983,807785.6736480253
2025-04-16 04:30:00,807740.2622124768,807783.6228079319
2025-04-16 08:30:00,808160.7928622412,807781.029423819
2025-04-16 12:30:00,807750.3539643993,807779.0602582783
2025-04-16 16:30:00,808020.9351990739,807778.481117752
2025-04-16 20:30:00,807000.934265411,807776.7852828597
2025-04-17 00:30:00,807399.9212071195,807779.8989260931
2025-04-17 04:30:00,808097.6896027849,807781.5678556992
2025-04-17 08:30:00,808080.6830791319,807782.0750001626
2025-04-17 12:30:00,807468.9937773701,807779.6087897529
2025-04-17 16:30:00,807164.7453562921,807778.8638882434
2025-04-17 20:30:00,807352.6967608745,807778.5372299544
2025-04-18 00:30:00,807768.881201958,807776.8268154839
2025-04-18 04:30:00,808114.7684960796,807780.0219187529
2025-04-18 08:30:00,809024.4841091278,807783.6291243453
2025-04-18 12:30:00,808029.9401196832,807786.1770930378
2025-04-18 16:30:00,807354.3860933156,807783.5923847059
2025-04-18 20:30:00,807243.9417535752,807783.3385003655
2025-04-19 00:30:00,808001.1882849357,807787.1463655375
2025-04-19 04:30:00,808018.3504893648,807787.5727518267
2025-04-19 08:30:00,808853.0414230508,807790.417813037
2025-04-19 12:30:00,807841.8697735696,807790.3888066384
2025-04-19 16:30:00,807256.1608452746,807789.506934587
2025-04-19 20:30:00,807176.0247754495,807783.4893916958
2025-04-20 00:30:00,808069.3716144369,807779.6514813029
2025-04-20 04:30:00,808141.1248227353,807780.7319090997
2025-04-20 08:30:00,808939.5554695992,807782.3843949222
2025-04-20 12:30:00,808309.358447433,807783.0610111249
2025-04-20 16:30:00,807204.1616573131,807780.4477292289
2025-04-20 20:30:00,806799.835411152,807779.6011226404
2025-04-21 00:30:00,807428.8238981647,807779.1423279251
2025-04-21 04:30:00,807674.9258620989,807777.6617538658
2025-04-21 08:30:00,808302.933986226,807777.2277859884
2025-04-21 12:30:00,808351.3483077502,807777.7133041655
2025-04-21 16:30:00,807144.529926965,807772.8200697278
2025-04-21 20:30:00,807469.662538111,807771.1377271601
2025-04-22 00:30:00,807933.1298458813,807770.2220961922
2025-04-22 04:30:00,808240.2328055918,807776.1971159264
2025-04-22 08:30:00,808127.980737532,807776.1410880758
2025-04-22 12:30:00,808363.7788820209,807772.5311553989
2025-04-22 16:30:00,806995.5503814095,807768.1153878778
2025-04-22 20:30:00,807290.5861911026,807767.5427460314
2025-04-23 00:30:00,808103.4615740092,807770.923822899
2025-04-23 04:30:00,807947.8203063341,807772.7528630751
2025-04-23 08:30:00,807593.2241750471,807770.0863140273
2025-04-23 12:30:00,808828.0418383019,807770.9780592017
2025-04-23 16:30:00,808062.2521564078,807774.7602232719
2025-04-23 20:30:00,807389.2604518904,807776.1755300894
2025-04-24 00:30:00,807975.454119466,807776.8358879298
2025-04-24 04:30:00,807916.513533047,807776.3533782775
2025-04-24 08:30:00,807164.8955074858,807772.9609808972
2025-04-24 12:30:00,807220.6763218304,807768.164869301
2025-04-24 16:30:00,807497.386555032,807766.7307407255
2025-04-24 20:30:00,807022.4062926511,807764.9928385175
2025-04-25 00:30:00,807827.8516408142,807766.4435539822
2025-04-25 04:30:00,807558.2203853487,807762.1839156467
2025-04-25 08:30:00,807407.0408675622,807760.3501932207
2025-04-25 12:30:00,807668.0967107215,807758.2686172653
2025-04-25 16:30:00,808031.8039008575,807756.4480038786
2025-04-25 20:30:00,807081.1181170237,807752.6492367093
2025-04-26 00:30:00,807884.842284248,807752.2826296326
2025-04-26 04:30:00,808901.6232324621,807760.4837618698
2025-04-26 08:30:00,807834.1406725509,807764.5265701032
2025-04-26 12:30:00,807252.8592875256,807763.881501673
2025-04-26 16:30:00,807342.4561518697,807763.2765669804
2025-04-26 20:30:00,807309.2072744992,807762.8074463045
2025-04-27 00:30:00,807595.5397397402,807761.0083398392
2025-04-27 04:30:00,808238.893531976,807762.1885078176
2025-04-27 08:30:00,808331.9873591152,807769.2265542737
2025-04-27 12:30:00,808221.926894047,807775.9881216894
2025-04-27 16:30:00,808664.2973262329,807779.2711720553
2025-04-27 20:30:00,807031.2345008568,807776.6084890008
2025-04-28 00:30:00,808281.2879438729,807779.4044080862
2025-04-28 04:30:00,808895.4608002331,807782.6898450315
2025-04-28 08:30:00,807625.0578607407,807778.7012657762
2025-04-28 12:30:00,807207.0204504103,807773.0650675442
2025-04-28 16:30:00,807613.7616895513,807771.2991180152
2025-04-28 20:30:00,806857.5975417176,807765.768494839
2025-04-29 00:30:00,806902.0920644099,807757.9090550025
2025-04-29 04:30:00,808231.5739296613,807757.1716708145
2025-04-29 08:30:00,808727.156757109,807759.8805997542
2025-04-29 12:30:00,807779.3951988838,807761.6707573185
2025-04-29 16:30:00,808747.0528305427,807764.297927074
2025-04-29 20:30:00,807771.025990821,807766.4500300814
2025-04-30 00:30:00,807859.8807308071,807766.3132869209
2025-04-30 04:30:00,808274.660419757,807765.8260598172
2025-04-30 08:30:00,808217.5790917629,807766.5449603883
2025-04-30 12:30:00,807843.613876809,807768.0338375951
2025-04-30 16:30:00,807931.6673852879,807767.3436802152
2025-04-30 20:30:00,807563.6096652644,807769.250780811
2025-05-01 00:30:00,807196.2658923035,807765.8289923554
2025-05-01 04:30:00,808138.5551189837,807759.8527566168
2025-05-01 08:30:00,809588.5861710921,807766.4048255165
2025-05-01 12:30:00,808486.4319246012,807771.6769827417
2025-05-01 16:30:00,807876.5853626042,807767.8811587151
2025-05-01 20:30:00,808564.0495044839,807772.9747925848
2025-05-02 00:30:00,808145.9969644065,807777.9325472191
2025-05-02 04:30:00,807927.7126566962,807776.7879552331
2025-05-02 08:30:00,808075.2782179364,807774.9633417408
2025-05-02 12:30:00,807774.6840115832,807775.0552734458
2025-05-02 16:30:00,807443.3606525309,807774.5017294028
2025-05-02 20:30:00,807492.9712867852,807771.2334284837
2025-05-03 00:30:00,807728.5841735782,807768.8485121548
2025-05-03 04:30:00,807748.6634175596,807772.4782786067
2025-05-03 08:30:00,808738.6819562156,807771.8256725697
2025-05-03 12:30:00,807475.9805236714,807769.0927819206
2025-05-03 16:30:00,807321.2249664813,807769.1410875329
2025-05-03 20:30:00,807480.5378650678,807770.1887063916
2025-05-04 00:30:00,807369.2464238983,807770.9791826449
2025-05-04 04:30:00,807699.8160449842,807770.4855237916
2025-05-04 08:30:00,808609.8141770181,807771.341545274
2025-05-04 12:30:00,807711.3451584544,807769.1584581408
2025-05-04 16:30:00,807804.5801624246,807767.9741711837
2025-05-04 20:30:00,808109.4023319267,807771.3385741683
2025-05-05 00:30:00,807559.4147988645,807771.288649546
2025-05-05 04:30:00,807712.482325905,807771.4317813943
2025-05-05 08:30:00,808137.9637561898,807770.6584246748
2025-05-05 12:30:00,808276.7963062411,807770.4589595882
2025-05-05 16:30:00,807746.1480061788,807769.9621748923
2025-05-05 20:30:00,807694.9405744491,807769.0217486476
2025-05-06 00:30:00,808094.7797028584,807771.1794922653
2025-05-06 04:30:00,808077.707689117,807771.7034968738
2025-05-06 08:30:00,807312.301301249,807768.994932526
2025-05-06 12:30:00,807473.771519773,807765.3986564523
2025-05-06 16:30:00,807386.533217243,807766.3319001241
2025-05-06 20:30:00,806992.2053098712,807764.8659255051
2025-05-07 00:30:00,807644.4225362219,807765.7645112323
2025-05-07 04:30:00,807630.269043566,807766.2183597471
2025-05-07 08:30:00,807172.9403162894,807763.588785844
2025-05-07 12:30:00,807293.7276984937,807757.8857116923
2025-05-07 16:30:00,807091.1266269109,807754.1602804128
2025-05-07 20:30:00,807776.0906618854,807757.3525659645
2025-05-08 00:30:00,807507.5810908718,807757.2708001129
2025-05-08 04:30:00,807529.2962261966,807753.3027583403
2025-05-08 08:30:00,808004.7122535821,807756.5406418383
2025-05-08 12:30:00,807706.986644629,807756.3164914125
2025-05-08 16:30:00,807684.31051431,807755.8762687747
2025-05-08 20:30:00,807681.0791618762,807757.3564497598
2025-05-09 00:30:00,807913.2886685458,807758.9643180902
2025-05-09 04:30:00,807490.0678593917,807757.6865962172
2025-05-09 08:30:00,807754.6467248645,807755.9424472256
2025-05-09 12:30:00,807821.0485557541,807756.4200939857
2025-05-09 16:30:00,808070.1076693563,807758.0754502785
2025-05-09 20:30:00,807805.2520797276,807760.1483592282
2025-05-10 00:30:00,807874.1657875003,807759.737718326
2025-05-10 04:30:00,807638.6381691699,807758.4604356746
2025-05-10 08:30:00,807377.9686450744,807760.6067528948
2025-05-10 12:30:00,808042.076944248,807768.6802823317
2025-05-10 16:30:00,807787.6406424058,807769.5558174781
2025-05-10 20:30:00,807721.3833437426,807768.3038466048
2025-05-11 00:30:00,807718.2942413125,807763.0787451793
2025-05-11 04:30:00,807365.8153722413,807758.2133457084
2025-05-11 08:30:00,807362.3413760042,807757.3666135202
2025-05-11 12:30:00,807646.7554339513,807757.9361937253
2025-05-11 16:30:00,807705.3879460645,807755.6237309239
2025-05-11 20:30:00,807577.5480318966,807756.3389350716
2025-05-12 00:30:00,808017.7061683427,807758.9098976285
2025-05-12 04:30:00,808271.7193287176,807758.6981031725
2025-05-12 08:30:00,808034.9306104508,807760.9819891256
2025-05-12 12:30:00,808339.2311706084,807765.6847659088
2025-05-12 16:30:00,808002.3751562873,807769.4020730109
2025-05-12 20:30:00,807421.9638930382,807765.3604896457
2025-05-13 00:30:00,807591.5707694486,807764.0839275883
2025-05-13 04:30:00,808560.1742353899,807770.2366525774
2025-05-13 08:30:00,807976.4130771919,807771.3463766474
2025-05-13 12:30:00,807857.076635539,807773.0252415204
2025-05-13 16:30:00,808072.9969710916,807776.4123369909
2025-05-13 20:30:00,807832.9139044087,807775.8727036378
2025-05-14 00:30:00,808200.2453622512,807777.9602555067
2025-05-14 04:30:00,807937.0549665543,807780.3067254821
2025-05-14 08:30:00,807425.515192083,807782.3228300888
2025-05-14 12:30:00,807394.6506689864,807783.5215092059
2025-05-14 16:30:00,807718.8378923511,807784.2465538834
2025-05-14 20:30:00,807451.8278328495,807785.7774973313
2025-05-15 00:30:00,807581.9704570735,807788.7851335391
2025-05-15 04:30:00,808875.6598838317,807796.5854211496
2025-05-15 08:30:00,808111.1136187802,807799.4351026735
2025-05-15 12:30:00,807508.5439076668,807802.6156756516
2025-05-15 16:30:00,807922.5963039346,807805.4721198275
2025-05-15 20:30:00,807322.2791056428,807802.4627832484
2025-05-16 00:30:00,807564.4501517661,807801.6897243237
2025-05-16 04:30:00,808450.3948196747,807805.6349054748
2025-05-16 08:30:00,807923.0152855535,807804.3139189377
2025-05-16 12:30:00,807297.2597045411,807801.7967286052
2025-05-16 16:30:00,807976.6663740833,807801.5507906886
2025-05-16 20:30:00,808523.9972083488,807810.0122514826
2025-05-17 00:30:00,807977.7470947385,807813.2223953028
2025-05-17 04:30:00,808139.7917358138,807813.4562960417
2025-05-17 08:30:00,808007.6276922876,807813.0504327816
2025-05-17 12:30:00,807608.347636989,807813.8246208904
2025-05-17 16:30:00,807666.674620599,807816.6131168032
2025-05-17 20:30:00,808738.8064560773,807824.3137262212
2025-05-18 00:30:00,807976.8936081253,807825.4693506999
2025-05-18 04:30:00,807757.681643418,807823.4855348518
2025-05-18 08:30:00,807477.2356015447,807814.8897098098
2025-05-18 12:30:00,807435.0570573002,807811.5848039075
2025-05-18 16:30:00,807564.7258004494,807812.7533578362
2025-05-18 20:30:00,807789.02648606,807815.7816063496
2025-05-19 00:30:00,807908.6658139591,807815.2675926222
2025-05-19 04:30:00,807623.8810803355,807813.0760959054
2025-05-19 08:30:00,807698.9749286278,807806.6646153808
2025-05-19 12:30:00,807638.6685772756,807805.5357198459
2025-05-19 16:30:00,806790.2850982096,807802.9475212509
2025-05-19 20:30:00,808264.817151187,807808.9963677828
2025-05-20 00:30:00,808079.512866671,807809.0527080729
2025-05-20 04:30:00,807184.2710420615,807803.736853736
2025-05-20 08:30:00,807573.7826742216,807796.149227095
2025-05-20 12:30:00,807781.9997029242,807793.2194562922
2025-05-20 16:30:00,807675.4428177007,807795.837684961
2025-05-20 20:30:00,807985.6355555279,807802.4254635408
2025-05-21 00:30:00,807917.2930680584,807805.1391811515
2025-05-21 04:30:00,807690.8830931085,807805.2278324347
2025-05-21 08:30:00,807353.501912445,807799.9532098025
2025-05-21 12:30:00,808059.6114601176,807798.332449538
2025-05-21 16:30:00,807557.6578803617,807800.6276048346
2025-05-21 20:30:00,807565.795078952,807801.1616745059
2025-05-22 00:30:00,807233.6109334611,807797.275458326
2025-05-22 04:30:00,806899.499763214,807789.8269414238
2025-05-22 08:30:00,807495.3114158825,807786.312111859
2025-05-22 12:30:00,808525.0219625661,807787.207906751
2025-05-22 16:30:00,807929.6329084836,807792.3972541236
2025-05-22 20:30:00,807557.6856029371,807793.881139745
2025-05-23 04:30:00,807319.7696762717,807788.6429773744
2025-05-23 08:30:00,807214.4131210234,807786.5267145027
2025-05-23 12:30:00,807324.370716515,807778.1263171744
2025-05-23 16:30:00,807654.8568735198,807775.8503658733
2025-05-23 20:30:00,807340.1623757761,807775.5760749454
2025-05-24 00:30:00,807482.7188584977,807772.82336399
2025-05-24 04:30:00,807292.87398943,807769.3393441933
2025-05-24 08:30:00,807787.04168351,807772.8150211545
2025-05-24 12:30:00,808269.2306679746,807778.6728666637
2025-05-24 16:30:00,808160.357220794,807782.3766133998
2025-05-24 20:30:00,808502.6149121148,807790.6459352962
2025-05-25 00:30:00,808236.0429419805,807792.9263336267
2025-05-25 04:30:00,807425.8372213903,807792.1867628783
2025-05-25 08:30:00,807067.4611673821,807790.2896695813
2025-05-25 12:30:00,807466.4771674044,807789.1633034174
2025-05-25 16:30:00,807776.1005773696,807787.7347932304
2025-05-25 20:30:00,807928.1508306129,807792.4668195632
2025-05-26 00:30:00,807951.1925852679,807792.837491636
2025-05-26 04:30:00,807563.3539445511,807785.361126899
2025-05-26 08:30:00,807206.6444993282,807781.8555616856
2025-05-26 12:30:00,808020.9890866372,807786.1467896135
2025-05-26 16:30:00,808856.9914372195,807794.6078805932
2025-05-26 20:30:00,808306.9041834192,807800.1816063414
2025-05-27 00:30:00,808436.3272650258,807804.8787433541
2025-05-27 04:30:00,808585.5160754015,807806.8151821443
2025-05-27 08:30:00,808077.7241323398,807805.3947171901
2025-05-27 12:30:00,807743.7634791156,807802.723413196
2025-05-27 16:30:00,808068.1452039874,807799.3929544125
2025-05-27 20:30:00,807854.3317402812,807803.9912630126
2025-05-28 00:30:00,807874.8867976682,807801.7208655478
2025-05-28 04:30:00,808394.9857347118,807798.9249154612
2025-05-28 08:30:00,808439.153043787,807803.4729332436
2025-05-28 12:30:00,808111.7526400014,807808.5273030179
2025-05-28 16:30:00,808720.0587809953,807814.7077336964
2025-05-28 20:30:00,807898.306312218,807820.521749174
2025-05-29 00:30:00,807712.3793954655,807825.0484940402
2025-05-29 04:30:00,807663.4003612046,807821.8743400264
2025-05-29 08:30:00,807800.9088693876,807816.6997708213
2025-05-29 12:30:00,807336.3941079433,807814.2249043913
2025-05-29 16:30:00,808213.6536858992,807811.2450209019
2025-05-29 20:30:00,808136.9555359776,807813.2893200369
2025-05-30 00:30:00,807739.1737650813,807812.614979446
2025-05-30 04:30:00,807600.0496472905,807808.846204181
2025-05-30 08:30:00,807643.069411079,807805.6366528922
2025-05-30 12:30:00,807596.3856621961,807804.255489682
2025-05-30 16:30:00,807750.3783972888,807803.2427020395
2025-05-30 20:30:00,807609.5156150298,807803.4991598595
2025-05-31 00:30:00,807108.2830130375,807803.0076353943
2025-05-31 04:30:00,808162.15557305,807803.1394815065
2025-05-31 08:30:00,808273.8008249148,807795.7943119748
2025-05-31 12:30:00,807867.2441699591,807792.3351625074
2025-05-31 16:30:00,807791.6740984687,807791.8607979034
2025-05-31 20:30:00,808423.5650886677,807791.0759687648
2025-06-01 00:30:00,807850.3742478427,807789.4244452084
2025-06-01 04:30:00,807583.7357594548,807787.5027865648
2025-06-01 08:30:00,808363.2870303843,807789.1117743436
2025-06-01 12:30:00,808007.9296779083,807790.4148227591
2025-06-01 16:30:00,807875.4889032565,807792.8289470648
2025-06-01 20:30:00,808165.8933340472,807796.5882881107
2025-06-02 00:30:00,807322.6786438916,807794.3206594535
2025-06-02 04:30:00,807354.6211076364,807792.1193057667
2025-06-02 08:30:00,807255.2945269657,807783.8322251564
2025-06-02 12:30:00,807322.7485475137,807782.9761805967
2025-06-02 16:30:00,807737.6666911917,807785.3026706789
2025-06-02 20:30:00,808207.4687070007,807789.3637368351
2025-06-03 00:30:00,807782.6775470215,807791.6734079139
2025-06-03 04:30:00,807053.8442859803,807788.0646271374
2025-06-03 12:30:00,806906.9654370231,807778.9290694335
2025-06-03 16:30:00,807178.7329668466,807775.4130739527
2025-06-03 20:30:00,807694.1860397295,807773.0803981537
2025-06-04 00:30:00,807417.102221862,807772.2808892941
2025-06-04 04:30:00,807359.9251495799,807770.3002310002
2025-06-04 08:30:00,807957.7679539371,807769.2878950326
2025-06-04 12:30:00,807927.3249894392,807767.3245730281
2025-06-04 16:30:00,807658.6271503009,807766.8328828264
2025-06-04 20:30:00,807305.3172720806,807764.6439878693
2025-06-05 00:30:00,807694.9120204005,807762.397540215
2025-06-05 04:30:00,807613.9708509645,807759.7922770793
2025-06-05 08:30:00,808055.9960736062,807763.9703375981
2025-06-05 12:30:00,807368.9695951752,807763.381562741
2025-06-05 16:30:00,808076.9175518908,807767.2601264187
2025-06-05 20:30:00,807928.8363444622,807772.5220985232
2025-06-06 00:30:00,807967.9483911205,807774.3396595056
2025-06-06 04:30:00,807027.7318536993,807770.9546191131
2025-06-06 08:30:00,808419.2596451951,807777.9564130957
2025-06-06 12:30:00,807986.6283269947,807781.8491132561
2025-06-06 16:30:00,808222.7311394532,807788.2064419781
2025-06-06 20:30:00,807958.3464047973,807789.2303506461
2025-06-07 00:30:00,807855.5635474765,807791.1853082676
2025-06-07 04:30:00,807525.0930048759,807791.1616946645
2025-06-07 08:30:00,807772.9989429965,807789.8599344927
2025-06-07 12:30:00,808609.5015870923,807794.9302431582
2025-06-07 16:30:00,808760.425102109,807800.9758307303
2025-06-07 20:30:00,807609.8374723427,807800.5755965194
2025-06-08 00:30:00,807851.9785946687,807800.231157902
2025-06-08 04:30:00,807613.0622315847,807800.922137521
2025-06-08 08:30:00,808297.4308343534,807803.9714864508
2025-06-08 12:30:00,808312.0344260484,807806.7298340367
2025-06-08 16:30:00,808330.3580817169,807808.1919150051
2025-06-08 20:30:00,806899.7364286424,807803.1047484259
2025-06-09 00:30:00,807604.18822332,807801.5880205374
2025-06-09 04:30:00,808597.3924188779,807806.9742803673
2025-06-09 08:30:00,808405.9005467092,807812.7491786908
2025-06-09 12:30:00,808110.4401890539,807813.133241864
2025-06-09 16:30:00,808464.3753161771,807816.9351220537
2025-06-09 20:30:00,807953.7289943403,807818.2404346975
2025-06-10 00:30:00,807556.4111598382,807817.3309791837
2025-06-10 04:30:00,807988.1239190944,807820.8270946153
2025-06-10 08:30:00,807628.6032152906,807822.3229476451
2025-06-10 12:30:00,808106.564850338,807824.9061466135
2025-06-10 16:30:00,808213.4849862907,807827.7606243677
2025-06-10 20:30:00,807952.0620857341,807829.8646359061
2025-06-11 00:30:00,808138.7886737959,807830.5448747006
2025-06-11 04:30:00,808060.5680864032,807829.3586317664
2025-06-11 08:30:00,807650.4914780633,807827.1988613595
2025-06-11 12:30:00,807821.512747907,807824.290330895
2025-06-11 16:30:00,807586.4327891199,807821.9535760233
2025-06-11 20:30:00,807954.6743577368,807824.9463314429
2025-06-12 00:30:00,807655.1182681996,807825.303339863
2025-06-12 04:30:00,808178.0095708409,807823.1563473654
2025-06-12 08:30:00,807685.568190568,807821.5223873283
2025-06-12 12:30:00,807789.7720815239,807821.1442718563
2025-06-12 16:30:00,807945.1621231143,807820.426098553
2025-06-12 20:30:00,807905.4429276956,807820.833564976
2025-06-13 00:30:00,807454.891624036,807816.6461844242
2025-06-13 04:30:00,807870.6667960857,807816.2732171742
2025-06-13 08:30:00,808625.8762502815,807823.016818625
2025-06-13 12:30:00,808675.8461409905,807830.2145459957
2025-06-13 16:30:00,808795.0115747647,807836.2604655598
2025-06-13 20:30:00,808247.3631743173,807840.729765231
2025-06-14 00:30:00,807657.0262459427,807841.1514269661
2025-06-14 04:30:00,807638.4994945443,807834.2010877006
2025-06-14 08:30:00,808215.575156665,807834.787950273
2025-06-14 12:30:00,807764.3809761184,807836.2252371744
2025-06-14 16:30:00,808087.4341752591,807837.1512926313
2025-06-14 20:30:00,807936.2986172814,807840.6008404494
2025-06-15 00:30:00,807549.2575989477,807840.5154890291
2025-06-15 04:30:00,807828.1440933648,807837.0196984318
2025-06-15 08:30:00,808079.8979041087,807837.9010614576
2025-06-15 12:30:00,807646.8034784483,807839.8647905244
2025-06-15 16:30:00,807771.8366228276,807838.7140615849
2025-06-15 20:30:00,808312.7205863087,807837.5271142699
2025-06-16 00:30:00,807888.1552693469,807837.0237894082
2025-06-16 04:30:00,807826.2191182452,807835.2621454893
2025-06-16 08:30:00,807610.1823733717,807833.029306619
2025-06-16 12:30:00,807475.822220855,807832.2847818093
2025-06-16 16:30:00,807760.4451599618,807832.8115825921
2025-06-16 20:30:00,808433.0209381909,807831.0936864241
2025-06-17 00:30:00,807892.3993515385,807830.6189995894
2025-06-17 04:30:00,807778.5578006068,807830.7362813713
2025-06-17 08:30:00,807417.1570431276,807830.3987613802
2025-06-17 12:30:00,807456.8208703076,807830.5210299927
2025-06-17 16:30:00,807903.4890494363,807832.4241943129
2025-06-17 20:30:00,808427.1610215615,807836.0092197933
2025-06-18 00:30:00,807628.5836163532,807834.4357243009
2025-06-18 04:30:00,807909.6959601319,807836.041425873
2025-06-18 08:30:00,808112.8396675595,807838.366508676
2025-06-18 12:30:00,807892.4392841798,807839.7921868046
2025-06-18 16:30:00,808011.0217956586,807846.6502581387
2025-06-18 20:30:00,808263.290271035,807846.6416801603
2025-06-19 00:30:00,807413.2558594878,807842.898663266
2025-06-19 04:30:00,807908.4967862606,807846.9673472219
2025-06-19 08:30:00,807566.6434405298,807846.9272391677
2025-06-19 12:30:00,807411.6692168099,807844.8467308187
2025-06-19 16:30:00,807806.2863385315,807845.5818067784
2025-06-19 20:30:00,808035.0556622241,807845.8594478273
2025-06-20 00:30:00,807733.8026002649,807844.8286025025
2025-06-20 04:30:00,806911.6642874713,807840.4509687631
2025-06-20 08:30:00,808436.3135965315,807846.5341804714
2025-06-20 12:30:00,807918.625819949,807845.7421263132
2025-06-20 16:30:00,807740.303827685,807846.7682271409
2025-06-20 20:30:00,807478.307107738,807846.2767216845
2025-06-21 00:30:00,807271.2417919167,807846.4881310017
2025-06-21 04:30:00,807306.5029804079,807848.7746659298
2025-06-21 08:30:00,807066.6584944932,807846.36650345
2025-06-21 12:30:00,807454.8523842925,807840.3543148082
2025-06-21 16:30:00,808247.8221563647,807842.1418948524
2025-06-21 20:30:00,808163.4242786092,807845.5449211203
2025-06-22 00:30:00,807977.5521355382,807846.2823915918
2025-06-22 04:30:00,807600.7956122893,807847.8523688879
2025-06-22 08:30:00,807637.0254356196,807850.2133315392
2025-06-22 12:30:00,807852.8722001446,807853.1658537942
2025-06-22 16:30:00,807849.7802743888,807854.2548113411
2025-06-22 20:30:00,807461.1238270261,807854.9305736384
2025-06-23 00:30:00,808655.4181400931,807861.481966273
2025-06-23 04:30:00,807975.3644371945,807865.2947620708
2025-06-23 08:30:00,807595.2530284007,807864.22331707
2025-06-23 12:30:00,807680.0124840114,807860.9315953719
2025-06-23 16:30:00,808671.596670215,807863.7876816815
2025-06-23 20:30:00,807898.7630579761,807860.4142076361
2025-06-24 00:30:00,807859.7122365014,807858.3118014602
2025-06-24 04:30:00,808303.6800583896,807863.2159513877
2025-06-24 08:30:00,807700.8629405658,807866.7545087797
2025-06-24 12:30:00,807527.1070621536,807867.0932232754
2025-06-24 16:30:00,808553.5055108167,807871.4362675964
2025-06-24 20:30:00,808210.3242962852,807873.0126556727
2025-06-25 00:30:00,808382.4376650658,807875.4218460628
2025-06-25 04:30:00,808148.0151334405,807878.6881096878
2025-06-25 08:30:00,807711.7167470865,807881.5097423567
2025-06-25 12:30:00,807254.7950479339,807877.2293287327
2025-06-25 16:30:00,807847.2379341193,807871.5882477098
2025-06-25 20:30:00,807939.7382436084,807869.5370413421
2025-06-26 00:30:00,808055.1387635098,807867.4074966409
2025-06-26 04:30:00,808663.149920051,807867.8412052703
2025-06-26 08:30:00,807636.8110022806,807865.3780034265
2025-06-26 12:30:00,807590.8702979948,807864.5238515766
2025-06-26 16:30:00,808279.9701137689,807865.7072309611
2025-06-26 20:30:00,807946.1386981616,807866.2201189938
2025-06-27 00:30:00,807807.8256383142,807865.8454756454
2025-06-27 04:30:00,807903.0698916476,807863.0973424439
2025-06-27 08:30:00,807828.1016779429,807859.6836476625
2025-06-27 12:30:00,807267.1419504005,807854.9651521898
2025-06-27 16:30:00,808146.0705108403,807851.7585138093
2025-06-27 20:30:00,808015.9957066606,807852.4159964598
2025-06-28 00:30:00,806954.3570782327,807848.181234911
2025-06-28 04:30:00,807667.3955920432,807848.2035546364
2025-06-28 08:30:00,808025.8613743867,807849.4602725414
2025-06-28 12:30:00,807867.7573210305,807852.4287821116
2025-06-28 16:30:00,807748.0590683379,807849.8276948627
2025-06-28 20:30:00,808366.0790802373,807851.107714663
2025-06-29 00:30:00,808084.5468767841,807853.0371733877
2025-06-29 04:30:00,807536.7109146784,807852.6833257194
2025-06-29 08:30:00,807119.7492144554,807849.759749202
2025-06-29 12:30:00,807450.7775462727,807848.9462960404
2025-06-29 16:30:00,807652.1316126131,807848.3974313217
2025-06-29 20:30:00,808059.5117890274,807850.9113764276
2025-06-30 00:30:00,806962.0847112077,807850.0946261382
2025-06-30 04:30:00,807239.8081649389,807844.9418473219
2025-06-30 08:30:00,807409.5092199744,807840.1134026016
2025-06-30 12:30:00,807707.8860547404,807839.2231338014
2025-06-30 16:30:00,808235.7640781783,807841.7040834087
2025-06-30 20:30:00,808233.7101515213,807840.6434413017
2025-07-01 00:30:00,807679.4662242387,807839.6886478739
2025-07-01 04:30:00,807428.5192578326,807838.82151658
2025-07-01 08:30:00,807727.7870502176,807835.2712373612
2025-07-01 12:30:00,807471.1384229328,807832.2724035343
2025-07-01 16:30:00,808121.2837576178,807833.6455591453
2025-07-01 20:30:00,808379.1881048266,807834.8371500436
2025-07-02 00:30:00,807580.5109396051,807836.2775539302
2025-07-02 04:30:00,807006.3614221044,807834.3319690947
2025-07-02 08:30:00,807704.3854441594,807836.8408569002
2025-07-02 12:30:00,808391.6193283927,807842.812202045
2025-07-02 16:30:00,808531.453578464,807847.246765661
2025-07-02 20:30:00,808162.9728404183,807846.9981854007
2025-07-03 00:30:00,807510.3292810579,807845.4766867083
2025-07-03 04:30:00,807651.4980381038,807848.8155344855
2025-07-03 08:30:00,807841.7539451891,807848.7763034337
2025-07-03 12:30:00,807818.3219562419,807853.8393952071
2025-07-03 16:30:00,808115.1353863417,807859.0416308711
2025-07-03 20:30:00,808066.2675898869,807861.1087505942
2025-07-04 00:30:00,807885.9495307062,807863.7134578655
2025-07-04 04:30:00,807349.3890507122,807863.654923983
2025-07-04 08:30:00,807827.1740238772,807862.9294021492
2025-07-04 12:30:00,808005.8831707296,807863.3658364897
2025-07-04 16:30:00,808040.2973192703,807865.4862263172
2025-07-04 20:30:00,807960.2723666182,807869.1248657316
2025-07-05 00:30:00,807614.7984344768,807868.6797902541
2025-07-05 04:30:00,807253.5432697849,807866.6774148032
2025-07-05 08:30:00,807470.5526327376,807863.4249512429
2025-07-05 12:30:00,808018.5984413263,807867.034000388
2025-07-05 16:30:00,807831.672163034,807865.6715260055
2025-07-05 20:30:00,807545.0572100771,807863.5394197033
2025-07-06 00:30:00,807776.7749200389,807862.4773448642
2025-07-06 04:30:00,807807.4459003739,807866.8090895677
2025-07-06 08:30:00,807212.5960889895,807860.1054031445
2025-07-06 12:30:00,807514.3961515499,807857.4818910585
2025-07-06 16:30:00,807667.2970574985,807854.3961461589
2025-07-06 20:30:00,807415.3346174276,807851.3794140067
2025-07-07 00:30:00,807905.9494904474,807851.6593359121
2025-07-07 04:30:00,808004.3147226259,807854.3216787886
2025-07-07 08:30:00,807464.8040799735,807852.6094851051
2025-07-07 12:30:00,807697.0605610436,807847.5403682938
2025-07-07 16:30:00,808551.547315326,807846.3799361449
2025-07-07 20:30:00,807966.6891352107,807848.3624453831
2025-07-08 00:30:00,808036.7622028438,807849.3890209841
2025-07-08 04:30:00,808017.4319586087,807851.6355194676
2025-07-08 08:30:00,807467.9316001593,807847.0271903888
2025-07-08 12:30:00,807369.1107293919,807841.7887254072
2025-07-08 16:30:00,807828.8721513582,807839.0026924607
2025-07-08 20:30:00,807888.4354603101,807844.4954648591
2025-07-09 00:30:00,808190.9065640405,807847.7550111962
2025-07-09 04:30:00,808350.0314875575,807846.3807837999
2025-07-09 08:30:00,807766.6123200412,807842.8291825409
2025-07-09 12:30:00,807426.3286613474,807839.0285629423
2025-07-09 16:30:00,808084.2187247231,807836.9165818787
2025-07-09 20:30:00,807555.0911281131,807834.7019270663
2025-07-10 00:30:00,807735.1288838373,807835.6948033108
2025-07-10 04:30:00,808174.3246106635,807836.7292515975
2025-07-10 08:30:00,807540.0820725912,807836.2374674713
2025-07-10 12:30:00,807826.4119694313,807834.6810625773
2025-07-10 16:30:00,808100.8408888408,807834.0552620359
2025-07-10 20:30:00,807844.1189857317,807833.4555781471
2025-07-11 00:30:00,807456.435552609,807829.6647274739
2025-07-11 04:30:00,808646.8767272218,807832.9219977006
2025-07-11 08:30:00,808249.4095810523,807836.249320495
2025-07-11 12:30:00,808464.1127941101,807839.8193207516
2025-07-11 16:30:00,808132.4000227498,807842.8524720496
2025-07-11 20:30:00,807533.1427104987,807840.5106295649
2025-07-12 00:30:00,807745.1533430222,807841.010824425
2025-07-12 04:30:00,808310.581236724,807841.7473336799
2025-07-12 08:30:00,808277.4135671776,807845.03536355
2025-07-12 12:30:00,808226.7388881182,807847.4629569199
2025-07-12 16:30:00,807994.6943697967,807847.7381360681
2025-07-12 20:30:00,807960.5095578204,807848.0440617913
2025-07-13 00:30:00,807448.5774055582,807848.0089827996
2025-07-13 04:30:00,807802.0652924085,807847.6278633347
2025-07-13 08:30:00,808224.7045239069,807845.3991315215
2025-07-13 12:30:00,808117.4362273748,807842.2968542236
2025-07-13 16:30:00,808219.3362191689,807839.0986578036
2025-07-13 20:30:00,807533.9241600299,807835.1351077242
2025-07-14 00:30:00,807311.1011759482,807833.2133017799
2025-07-14 04:30:00,807891.2693269192,807834.6175786265
2025-07-14 08:30:00,808040.097992542,807833.6427054926
2025-07-14 12:30:00,807924.5656797352,807834.5326205124
2025-07-14 16:30:00,808057.4354484513,807834.3659609191
2025-07-14 20:30:00,808037.8148260544,807834.9299398568
2025-07-15 00:30:00,807391.9630847601,807834.0560814447
2025-07-15 04:30:00,807447.5181231328,807831.9414927211
2025-07-15 08:30:00,807580.4841064845,807829.1669716231
2025-07-15 12:30:00,807708.9078744466,807829.5119960454
2025-07-15 16:30:00,808188.3695283667,807831.8260677427
2025-07-15 20:30:00,808277.4630486034,807831.6301925333
2025-07-16 00:30:00,807638.5360098277,807830.2434188692
2025-07-16 04:30:00,807631.7634554744,807829.1631096316
2025-07-16 08:30:00,807847.8490676874,807830.4834801556
2025-07-16 12:30:00,807859.0615547394,807832.6125875661
2025-07-16 16:30:00,807897.4216106586,807833.3735678479
2025-07-16 20:30:00,808297.1211440713,807832.6185689917
2025-07-17 00:30:00,807489.6466654785,807830.3810540691
2025-07-17 04:30:00,807414.1216322371,807828.3564086893
2025-07-17 08:30:00,807540.0444627305,807829.0391165758
2025-07-17 12:30:00,807465.1858011629,807829.085588414
2025-07-17 16:30:00,807526.1501145874,807826.9892609982
2025-07-17 20:30:00,807994.2995891491,807824.5844752624
2025-07-18 00:30:00,807986.1790722621,807826.5711166842
2025-07-18 04:30:00,807829.8429264504,807826.1274887194
2025-07-18 08:30:00,807688.25058771,807823.768660498
2025-07-18 12:30:00,807606.3078095714,807822.1790411946
2025-07-18 16:30:00,806962.720372353,807816.3551443984
2025-07-18 20:30:00,808088.8900725304,807815.3862544068
2025-07-19 00:30:00,808393.8752498595,807820.8341399087
2025-07-19 04:30:00,808016.1592948548,807821.4322649566
2025-07-19 08:30:00,807580.9648419246,807821.5118282977
2025-07-19 12:30:00,807510.0623722526,807822.058456939
2025-07-19 16:30:00,807800.0279436109,807822.0236880783
2025-07-19 20:30:00,807813.6239527774,807820.7935119147
2025-07-20 00:30:00,808273.5312524633,807823.7920044269
2025-07-20 04:30:00,808161.9340347479,807830.7379474672
2025-07-20 08:30:00,807855.8283552246,807827.5130294601
2025-07-20 12:30:00,807673.1775047104,807826.1494277088
2025-07-20 16:30:00,807900.9221274669,807827.0417515964
2025-07-20 20:30:00,807937.358371513,807829.5920363952
2025-07-21 00:30:00,807940.4348169552,807833.3097754231
2025-07-21 04:30:00,808243.5025080561,807838.5153283544
2025-07-21 08:30:00,807777.8223613094,807842.4662387258
2025-07-21 12:30:00,807974.087351791,807845.3508774341
2025-07-21 16:30:00,808135.724042929,807844.7281101373
2025-07-21 20:30:00,808171.4630511792,807844.7727699848
2025-07-22 00:30:00,808330.6804427942,807846.7345939141
2025-07-22 04:30:00,807416.0083287958,807845.7079978947
2025-07-22 08:30:00,808021.814227033,807847.8457134025
2025-07-22 12:30:00,808219.3560122377,807849.8817345808
2025-07-22 16:30:00,807997.013502416,807850.6996969588
2025-07-22 20:30:00,807543.8391478119,807851.1592265187
2025-07-23 00:30:00,807924.3209682106,807847.0975755638
2025-07-23 04:30:00,808527.0396534401,807850.1624378761
2025-07-23 08:30:00,807627.232812383,807850.3401033428
2025-07-23 12:30:00,807534.7328035091,807849.5329940065
2025-07-23 16:30:00,808619.1940988678,807849.2418686101
2025-07-23 20:30:00,807815.7589222904,807848.7807345231
2025-07-24 00:30:00,808349.0235428978,807851.4991306697
2025-07-24 04:30:00,808335.0159347558,807851.6732188718
2025-07-24 08:30:00,807992.2752824419,807853.2921763266
2025-07-24 12:30:00,807143.1109018413,807851.1588643249
2025-07-24 16:30:00,807735.1440104708,807846.6124115452
2025-07-24 20:30:00,808178.7711802007,807846.437116456
2025-07-25 00:30:00,808106.0845809074,807844.9018215439
2025-07-25 04:30:00,808498.7102971659,807846.8501280091
2025-07-25 08:30:00,807879.4908248406,807847.7822062189
2025-07-25 12:30:00,807755.5016152068,807850.5639093703
2025-07-25 16:30:00,807935.159386717,807851.0523618849
2025-07-25 20:30:00,807646.7665723816,807849.424741489
2025-07-26 00:30:00,807774.9704479658,807847.8682508472
2025-07-26 04:30:00,808837.7186938815,807848.8380773684
2025-07-26 08:30:00,808198.714383516,807851.9597628198
2025-07-26 12:30:00,807902.2858602098,807853.6898492766
2025-07-26 16:30:00,807713.6735790761,807850.543757417
2025-07-26 20:30:00,808139.3891532817,807851.6173710565
2025-07-27 00:30:00,808127.5823132278,807853.3937970283
2025-07-27 04:30:00,807982.90780149,807853.8373409718
2025-07-27 08:30:00,807994.5194405009,807854.7618840972
2025-07-27 12:30:00,807558.55199918,807856.3808288127
2025-07-27 16:30:00,807752.4966493966,807854.1943073602
2025-07-27 20:30:00,807836.8459245682,807853.199030793
2025-07-28 00:30:00,807641.8435848112,807857.0184002741
2025-07-28 04:30:00,807875.2270122805,807858.1730192752
2025-07-28 08:30:00,807508.478783098,807855.2986715459
2025-07-28 12:30:00,807809.9126543095,807854.9773122864
2025-07-28 16:30:00,807987.6950780905,807856.3086234516
2025-07-28 20:30:00,807649.7783176252,807852.3291747706
2025-07-29 00:30:00,807365.6888677379,807848.3355191647
2025-07-29 04:30:00,807789.7305171423,807849.7411836229
2025-07-29 08:30:00,808190.0857205384,807855.6874975455
2025-07-29 12:30:00,807843.1964676919,807857.8676026645
2025-07-29 16:30:00,808248.146789376,807861.1787980909
2025-07-29 20:30:00,807907.7160951161,807860.3354886803
2025-07-30 00:30:00,807576.003684877,807863.7461496453
2025-07-30 04:30:00,807907.8093692932,807867.4572674471
2025-07-30 08:30:00,807621.0592538815,807868.6325454132
2025-07-30 12:30:00,807601.1469331292,807868.0395502934
2025-07-30 16:30:00,808072.9084939908,807867.1347970479
2025-07-30 20:30:00,807872.3424341975,807865.1271986184
2025-07-31 00:30:00,807549.6896937053,807864.406217893
2025-07-31 04:30:00,807573.7089817591,807865.2128274703
2025-07-31 08:30:00,808279.2477722161,807868.276498148
2025-07-31 12:30:00,807951.2518095991,807870.9437947407
2025-07-31 16:30:00,807698.0692120605,807868.5926028211
2025-07-31 20:30:00,807741.986149187,807865.0525919563
2025-08-01 00:30:00,807995.6308802288,807867.3588138486
2025-08-01 04:30:00,807830.6037510767,807871.9379378986
2025-08-01 08:30:00,807733.3301284557,807872.0987417003
2025-08-01 12:30:00,807994.6028908332,807869.8930948247
2025-08-01 16:30:00,807788.3894116184,807865.7649605647
2025-08-01 20:30:00,807808.1473681811,807863.793707941
2025-08-02 00:30:00,807818.5415279495,807865.5059982016
2025-08-02 04:30:00,807747.6588856962,807866.0402251325
2025-08-02 08:30:00,808057.1888731713,807867.2370858436
2025-08-02 12:30:00,808017.583772182,807868.3440959321
2025-08-02 16:30:00,808401.2447593801,807869.933592449
2025-08-02 20:30:00,807997.4020229443,807869.5510059661
2025-08-03 00:30:00,807477.9449010129,807867.2843135789
2025-08-03 04:30:00,807256.5997385031,807866.7688174
2025-08-03 08:30:00,807349.4399082164,807864.1147389796
2025-08-03 12:30:00,807807.5356430006,807863.01280827
2025-08-03 16:30:00,807806.1229191697,807861.7118393806
2025-08-03 20:30:00,807418.1443961799,807858.7000173224
2025-08-04 00:30:00,807414.7469219407,807857.5886200307
2025-08-04 04:30:00,807227.6169903278,807857.4445851449
2025-08-04 08:30:00,807710.3368966341,807858.7767199442
2025-08-04 12:30:00,807972.6535923241,807858.5214707832
2025-08-04 16:30:00,807862.9088336908,807858.6950078423
2025-08-04 20:30:00,807894.0055334932,807860.6336096391
2025-08-05 00:30:00,808336.881245404,807863.7453114466
2025-08-05 04:30:00,808009.9472256919,807864.8703188096
2025-08-05 08:30:00,807594.2780333774,807866.9907740562
2025-08-05 12:30:00,807719.046980217,807868.1277231042
2025-08-05 16:30:00,808144.8536997017,807870.780815561
2025-08-05 20:30:00,807811.4730139121,807872.9815844304
2025-08-06 00:30:00,808592.7270943612,807876.7970155631
2025-08-06 04:30:00,808704.8168417703,807880.6886940029
2025-08-06 08:30:00,807740.712613583,807882.2215191895
2025-08-06 12:30:00,808032.4855620981,807884.0849914177
2025-08-06 16:30:00,808695.5942958164,807884.8852524204
2025-08-06 20:30:00,808395.411041651,807887.2670407895
2025-08-07 00:30:00,808497.5128756821,807889.8267667497
2025-08-07 04:30:00,808015.0295728882,807889.8134201624
2025-08-07 08:30:00,808098.9499949383,807893.3190779111
2025-08-07 12:30:00,807980.1904890542,807896.7139654648
2025-08-07 16:30:00,807912.2136725273,807897.1769739159
2025-08-07 20:30:00,807659.123015255,807895.9030158877
2025-08-08 00:30:00,807450.6101880602,807891.7902582433
2025-08-08 04:30:00,807666.7274820365,807887.9941248795
2025-08-08 08:30:00,807551.1250811411,807886.796973552
2025-08-08 12:30:00,807835.1538499113,807889.0682245998
2025-08-08 16:30:00,807900.1512040016,807888.0456272623
2025-08-09 04:30:00,807811.8051210629,807888.7386146386
