Record Time,Distance (cm),Moving Average (cm)
2022-09-01 19:30:00,164219.65335400627,164219.65335400627
2022-09-01 23:30:00,164212.97508281012,164216.3142184082
2022-09-02 03:30:00,164218.46610579366,164217.03151420335
2022-09-02 11:30:00,164219.05972989998,164217.53856812752
2022-09-02 15:30:00,164214.76229849312,164216.98331420062
2022-09-02 19:30:00,164208.08732194026,164215.50064882392
2022-09-02 23:30:00,164202.95691203533,164213.70868642553
2022-09-03 07:30:00,164209.53423983717,164213.18688060198
2022-09-03 11:30:00,164210.1396565216,164212.84830014862
2022-09-03 19:30:00,164211.72629282778,164212.73609941654
2022-09-03 23:30:00,164213.28651634188,164212.78613731882
2022-09-04 07:30:00,164211.01425326025,164212.63848031394
2022-09-04 15:30:00,164215.4834485212,164212.85732402222
2022-09-04 19:30:00,164210.60431368084,164212.6963947121
2022-09-04 23:30:00,164199.14479043233,164211.79295442678
2022-09-05 03:30:00,164209.9079094521,164211.67513911586
2022-09-05 07:30:00,164211.15030724427,164211.64426665285
2022-09-05 11:30:00,164214.09215246694,164211.78026030917
2022-09-05 19:30:00,164207.77846950255,164211.5696397404
2022-09-05 23:30:00,164207.82226915934,164211.38227121136
2022-09-06 03:30:00,164212.0941010712,164211.41616787136
2022-09-06 07:30:00,164205.8565148073,164211.16345636843
2022-09-06 11:30:00,164208.35750694262,164211.0414585673
2022-09-06 15:30:00,164210.85145417208,164211.03354171754
2022-09-06 19:30:00,164206.99590611752,164210.8720362935
2022-09-06 23:30:00,164198.74018973703,164210.40542681055
2022-09-07 03:30:00,164205.35521336534,164210.21838186815
2022-09-07 07:30:00,164202.47330337708,164209.94177192202
2022-09-07 11:30:00,164211.25308984768,164209.98698978152
2022-09-07 19:30:00,164205.50526230785,164209.83759886576
2022-09-07 23:30:00,164204.4525171007,164209.66388655076
2022-09-08 03:30:00,164203.12729643934,164209.45961810977
2022-09-08 07:30:00,164210.72530336952,164209.49797220854
2022-09-08 11:30:00,164213.00724850947,164209.6011862174
2022-09-08 15:30:00,164213.11153496435,164209.70148189587
2022-09-08 19:30:00,164211.0134123586,164209.73792440875
2022-09-08 23:30:00,164210.72916976595,164209.7647148238
2022-09-09 03:30:00,164210.50681816024,164209.78424385897
2022-09-09 07:30:00,164205.77039939354,164209.6813247701
2022-09-09 11:30:00,164209.99873780555,164209.68926009597
2022-09-09 15:30:00,164210.5837255071,164209.71107632553
2022-09-09 19:30:00,164208.37696708445,164209.6793118198
2022-09-09 23:30:00,164203.04004582585,164209.52491028505
2022-09-10 03:30:00,164205.35698132997,164209.43018462698
2022-09-10 07:30:00,164204.8414654669,164209.32821309008
2022-09-10 11:30:00,164197.8404104699,164209.0784782505
2022-09-10 15:30:00,164210.84218425147,164209.11600391014
2022-09-10 19:30:00,164207.0529741296,164209.07302412303
2022-09-10 23:30:00,164209.4759914555,164209.08124794613
2022-09-11 03:30:00,164207.77795179537,164209.05518202312
2022-09-11 07:30:00,164203.9825408052,164208.9557184698
2022-09-11 11:30:00,164211.32264719144,164209.00123632987
2022-09-11 15:30:00,164213.54400133496,164209.0869488771
2022-09-11 19:30:00,164211.39052806655,164209.129607751
2022-09-11 23:30:00,164211.66490850388,164209.17570412834
2022-09-12 03:30:00,164213.98190439347,164209.26152913307
2022-09-12 07:30:00,164211.02792940772,164209.29251861156
2022-09-12 11:30:00,164209.86823170603,164209.30244469942
2022-09-12 15:30:00,164214.79987093687,164209.3956214153
2022-09-12 19:30:00,164211.23164637163,164209.42622183124
2022-09-12 23:30:00,164212.5779770629,164209.47788994978
2022-09-13 03:30:00,164214.56964208005,164209.56001498413
2022-09-13 07:30:00,164211.5537462079,164209.5916615115
2022-09-13 11:30:00,164213.55892351517,164209.65364998032
2022-09-13 15:30:00,164212.99274335627,164209.70502064764
2022-09-13 19:30:00,164213.22974634724,164209.7584255825
2022-09-13 23:30:00,164211.72503866415,164209.78777801653
2022-09-14 03:30:00,164215.61439654994,164209.8734635832
2022-09-14 07:30:00,164213.2931227436,164209.9230238609
2022-09-14 11:30:00,164215.17361089218,164209.99803224707
2022-09-14 15:30:00,164213.70789862823,164210.05028388623
2022-09-14 19:30:00,164211.46237748867,164210.06989629735
2022-09-14 23:30:00,164214.72214011688,164210.13362566475
2022-09-15 03:30:00,164213.50310194466,164210.179159128
2022-09-15 07:30:00,164214.9053280246,164210.2421747133
2022-09-15 11:30:00,164210.17987579998,164210.24135499075
2022-09-15 15:30:00,164208.25196201002,164210.21551871827
2022-09-15 19:30:00,164210.83776047744,164210.2234961767
2022-09-15 23:30:00,164207.4889416965,164210.18888156302
2022-09-16 03:30:00,164207.34872536716,164210.1533796106
2022-09-16 11:30:00,164207.7017580939,164210.1231126783
2022-09-16 15:30:00,164210.33967983324,164210.12575374113
2022-09-16 19:30:00,164215.33475361744,164210.1885127758
2022-09-16 23:30:00,164214.44982081614,164210.23924263343
2022-09-17 11:30:00,164209.2452085829,164210.2275481152
2022-09-17 15:30:00,164209.69113091048,164210.22131070582
2022-09-17 19:30:00,164212.02345395787,164210.24202499609
2022-09-17 23:30:00,164213.6314139255,164210.2805407794
2022-09-18 03:30:00,164214.68854656984,164210.33006893433
2022-09-18 07:30:00,164214.86863694375,164210.38049746776
2022-09-18 15:30:00,164213.29689962466,164210.4125458431
2022-09-18 19:30:00,164210.40391682473,164210.41245204944
2022-09-18 23:30:00,164208.58416860216,164210.39279308767
2022-09-19 03:30:00,164207.6949675925,164210.36409281642
2022-09-19 11:30:00,164214.54672322737,164210.40812050493
2022-09-19 15:30:00,164214.784542549,164210.4537082346
2022-09-19 23:30:00,164210.92491486826,164210.4585660349
2022-09-20 07:30:00,164213.10049618784,164210.48552450587
2022-09-20 11:30:00,164218.23069531823,164210.56375855446
2022-09-20 15:30:00,164214.98301805637,164210.6079511495
2022-09-20 19:30:00,164212.21161709315,164210.6238290301
2022-09-20 23:30:00,164209.63638909144,164210.61414824642
2022-09-21 03:30:00,164208.77907258706,164210.59633197787
2022-09-21 07:30:00,164213.02219089706,164210.61965754442
2022-09-21 11:30:00,164214.88862225474,164210.66031435117
2022-09-21 15:30:00,164211.74244795242,164210.67052315874
2022-09-21 19:30:00,164209.64600545092,164210.66094822687
2022-09-21 23:30:00,164205.22513967688,164210.61061666624
2022-09-22 07:30:00,164206.31104183782,164210.57117102563
2022-09-22 11:30:00,164211.04391773898,164210.575468723
2022-09-22 15:30:00,164214.84715560212,164210.61395238858
2022-09-22 19:30:00,164210.6189872336,164210.61399734256
2022-09-22 23:30:00,164210.63055885758,164210.61414390465
2022-09-23 03:30:00,164210.4240507903,164210.6124764212
2022-09-23 07:30:00,164211.1069793824,164210.61677644693
2022-09-23 11:30:00,164216.0666563278,164210.66375817003
2022-09-23 15:30:00,164212.62223353,164210.6804972757
2022-09-23 19:30:00,164213.63955069357,164210.70557399956
2022-09-23 23:30:00,164210.96733435692,164210.70777366642
2022-09-24 03:30:00,164211.6094733643,164210.7152878306
2022-09-24 07:30:00,164211.10210263217,164210.7184846471
2022-09-24 11:30:00,164211.17337150636,164210.72221322794
2022-09-24 15:30:00,164218.90028745207,164210.78870163625
2022-09-24 19:30:00,164212.2714073436,164210.80065894034
2022-09-25 03:30:00,164211.06986349376,164210.8028125768
2022-09-25 07:30:00,164200.649668539,164210.72223206854
2022-09-25 11:30:00,164207.4403440301,164210.69639043044
2022-09-25 15:30:00,164208.28817864507,164210.67757627586
2022-09-25 19:30:00,164208.658781708,164210.66192670556
2022-09-25 23:30:00,164210.62710081483,164210.66165881412
2022-09-26 03:30:00,164209.7129652659,164210.65441687862
2022-09-26 07:30:00,164205.61005919595,164210.61620204768
2022-09-26 11:30:00,164211.83394612966,164210.62535801824
2022-09-26 19:30:00,164213.8700700616,164210.64957228722
2022-09-26 23:30:00,164209.57731390288,164210.6416296325
2022-09-27 03:30:00,164214.9411068627,164210.67324343568
2022-09-27 11:30:00,164214.33781446915,164210.69999212938
2022-09-27 15:30:00,164216.52895604575,164210.74223099832
2022-09-27 19:30:00,164214.1109505686,164210.76646639092
2022-09-27 23:30:00,164214.8553369853,164210.79567260944
2022-09-28 03:30:00,164216.58883657193,164210.83675887866
2022-09-28 07:30:00,164211.88803881762,164210.84416225852
2022-09-28 11:30:00,164213.52125373035,164210.86288317794
2022-09-28 15:30:00,164213.84714990543,164210.8836072524
2022-09-28 23:30:00,164211.3302976398,164210.88668787575
2022-09-29 03:30:00,164212.51526008418,164210.89784247993
2022-09-29 07:30:00,164213.90971899833,164210.91833143582
2022-09-29 11:30:00,164216.09751879072,164210.953325945
2022-09-29 15:30:00,164204.26428782515,164210.90843307172
2022-09-29 19:30:00,164198.5134806953,164210.82580005587
2022-09-29 23:30:00,164213.10526372242,164210.84089584174
2022-09-30 03:30:00,164212.11139834463,164210.84925441083
2022-09-30 07:30:00,164211.7255792689,164210.8549820243
2022-09-30 11:30:00,164213.7853694193,164210.87401051386
2022-09-30 15:30:00,164213.756491813,164210.8926071674
2022-09-30 19:30:00,164205.1295717055,164210.8556646324
2022-09-30 23:30:00,164202.2744635657,164210.80100730076
2022-10-01 03:30:00,164210.94943693146,164210.80194672878
2022-10-01 07:30:00,164215.03353456146,164210.82856048874
2022-10-01 11:30:00,164214.5626715769,164210.85189868306
2022-10-01 15:30:00,164210.52465087845,164210.849866088
2022-10-01 19:30:00,164205.68775773063,164210.76312325397
2022-10-01 23:30:00,164214.36429165708,164210.77175188035
2022-10-02 03:30:00,164208.21929929717,164210.70810711948
2022-10-02 07:30:00,164208.9779829635,164210.69742734078
2022-10-02 11:30:00,164211.87181565978,164210.6530574998
2022-10-02 15:30:00,164211.57231635263,164210.633366252
2022-10-02 19:30:00,164204.25809956447,164210.60972907685
2022-10-02 23:30:00,164203.8954954817,164210.61552280185
2022-10-03 07:30:00,164207.6714804614,164210.60402428717
2022-10-03 11:30:00,164212.3922717261,164210.6179293193
2022-10-03 15:30:00,164216.00025342946,164210.6509497126
2022-10-03 19:30:00,164210.94046105893,164210.6461286588
2022-10-03 23:30:00,164209.45406524482,164210.62261668887
2022-10-04 03:30:00,164208.54866339685,164210.6099706322
2022-10-04 07:30:00,164211.63349778525,164210.61374651347
2022-10-04 11:30:00,164205.93615808885,164210.58539749274
2022-10-04 15:30:00,164208.53300170935,164210.54327357264
2022-10-04 19:30:00,164209.1100887883,164210.5342176642
2022-10-04 23:30:00,164208.0462133936,164210.58816568213
2022-10-05 03:30:00,164203.92829063695,164210.55192556808
2022-10-05 07:30:00,164207.63286248085,164210.53060772107
2022-10-05 11:30:00,164213.4983163773,164210.52700871447
2022-10-05 15:30:00,164209.41880297774,164210.5203327763
2022-10-05 19:30:00,164210.3565147143,164210.53586316915
2022-10-05 23:30:00,164204.5947357733,164210.51642019692
2022-10-06 03:30:00,164205.56773931283,164210.47710476464
2022-10-06 07:30:00,164206.99233863753,164210.48394707692
2022-10-06 11:30:00,164211.23313374858,164210.50127012993
2022-10-06 15:30:00,164214.02984307404,164210.52041705104
2022-10-06 19:30:00,164210.4607435714,164210.5412895658
2022-10-06 23:30:00,164213.1234554732,164210.62793574497
2022-10-07 03:30:00,164211.54966938443,164210.66525174506
2022-10-07 07:30:00,164211.067561438,164210.71702438398
2022-10-07 11:30:00,164212.14296737814,164210.722385092
2022-10-07 15:30:00,164210.41154927018,164210.72052379962
2022-10-07 19:30:00,164213.95840188934,164210.77114140193
2022-10-07 23:30:00,164213.96264988807,164210.82808830484
2022-10-08 03:30:00,164212.58944681712,164210.88474788796
2022-10-08 07:30:00,164211.05965606886,164210.8867499999
2022-10-08 11:30:00,164213.14889941012,164210.8875982089
2022-10-08 15:30:00,164213.81957996232,164210.89183799928
2022-10-08 19:30:00,164213.86003079385,164210.9088836187
2022-10-08 23:30:00,164213.2002857494,164210.92368072039
2022-10-09 03:30:00,164214.7019925031,164210.94880152488
2022-10-09 07:30:00,164213.07891684744,164210.9925651024
2022-10-09 11:30:00,164213.19980690256,164211.01173318079
2022-10-09 15:30:00,164214.91785708998,164211.03768606455
2022-10-09 19:30:00,164209.6357522117,164211.04522370006
2022-10-09 23:30:00,164216.19682719087,164211.12400682204
2022-10-10 03:30:00,164216.23995415706,164211.18917432392
2022-10-10 07:30:00,164213.36037697436,164211.2401857701
2022-10-10 11:30:00,164211.91163646837,164211.3244446084
2022-10-10 15:30:00,164211.2193848409,164211.32670329456
2022-10-10 19:30:00,164212.2605352077,164211.35788629507
2022-10-10 23:30:00,164212.4377858965,164211.37562159108
2022-10-11 03:30:00,164214.554310419,164211.41619858885
2022-10-11 07:30:00,164212.5421945794,164211.46745400064
2022-10-11 11:30:00,164208.83409874936,164211.45255251302
2022-10-11 15:30:00,164211.85257022816,164211.442424183
2022-10-11 19:30:00,164211.64946807755,164211.44397472203
2022-10-11 23:30:00,164210.1606169369,164211.43496698808
2022-10-12 03:30:00,164217.31906538754,164211.45494998802
2022-10-12 11:30:00,164212.87665478315,164211.47564543172
2022-10-12 15:30:00,164210.49922514663,164211.449737927
2022-10-12 19:30:00,164209.23356231613,164211.43770127607
2022-10-12 23:30:00,164207.77651490783,164211.40877680524
2022-10-13 03:30:00,164212.00584770442,164211.39333226084
2022-10-13 07:30:00,164215.35740236726,164211.41624585213
2022-10-13 11:30:00,164212.15861463998,164211.4078102565
2022-10-13 15:30:00,164211.13709431005,164211.3966316478
2022-10-13 19:30:00,164210.90356262858,164211.38261849288
2022-10-13 23:30:00,164212.4949890408,164211.38725674816
2022-10-14 03:30:00,164209.22690163966,164211.3487778631
2022-10-14 07:30:00,164214.8230409578,164211.35799423797
2022-10-14 11:30:00,164209.53311451056,164211.3240153441
2022-10-14 15:30:00,164204.5248765442,164211.26869593392
2022-10-14 19:30:00,164199.87506915085,164211.19889287162
2022-10-14 23:30:00,164207.41646013936,164211.1548827513
2022-10-15 03:30:00,164214.06440499614,164211.158264095
2022-10-15 07:30:00,164213.36071131192,164211.14895917504
2022-10-15 11:30:00,164218.19612463404,164211.19724983064
2022-10-15 15:30:00,164206.14477387248,164211.18455592621
2022-10-15 19:30:00,164198.1186795163,164211.10793495656
2022-10-15 23:30:00,164203.9063639214,164211.08635316274
2022-10-16 03:30:00,164205.28141290369,164211.0738994732
2022-10-16 07:30:00,164205.28651276234,164211.03924446297
2022-10-16 11:30:00,164212.84210669145,164211.07002499347
2022-10-16 15:30:00,164210.37700457868,164211.07024849494
2022-10-16 19:30:00,164210.29542752114,164211.0400728896
2022-10-16 23:30:00,164205.12491847062,164210.98423515097
2022-10-17 03:30:00,164208.48769102644,164210.9693747693
2022-10-17 07:30:00,164216.84081066452,164211.00411699348
2022-10-17 11:30:00,164217.681160032,164211.054033866
2022-10-17 15:30:00,164213.40190709953,164211.07599112156
2022-10-17 19:30:00,164208.20711956787,164211.05340926125
2022-10-17 23:30:00,164206.48058986227,164211.01109669282
2022-10-18 03:30:00,164209.13865883788,164210.97825712047
2022-10-18 07:30:00,164208.39419294393,164210.9399468009
2022-10-18 11:30:00,164212.25195600945,164210.94766450214
2022-10-18 15:30:00,164213.4690084962,164210.94867690725
2022-10-18 19:30:00,164211.38016963776,164210.95441957092
2022-10-18 23:30:00,164205.18629601403,164210.93443208508
2022-10-19 03:30:00,164204.02793544554,164210.91286130773
2022-10-19 07:30:00,164213.98792223982,164210.93084412022
2022-10-19 11:30:00,164205.86475735687,164210.88007238996
2022-10-19 15:30:00,164214.53108970137,164210.87859020958
2022-10-19 19:30:00,164206.64768708835,164210.85399193564
2022-10-19 23:30:00,164205.3720241086,164210.82170768702
2022-10-20 03:30:00,164205.3478608921,164210.7900669541
2022-10-20 07:30:00,164208.29534764276,164210.76229152898
2022-10-20 11:30:00,164209.2147038042,164210.71017597106
2022-10-20 15:30:00,164212.58835069404,164210.69633396322
2022-10-20 19:30:00,164211.59055911208,164210.6927440327
2022-10-20 23:30:00,164214.55655378028,164210.721184291
2022-10-21 03:30:00,164209.69926807514,164210.7265033401
2022-10-21 07:30:00,164212.21629964988,164210.7218450092
2022-10-21 11:30:00,164216.06683429936,164210.72865548343
2022-10-21 15:30:00,164212.5960533723,164210.7335896188
2022-10-21 19:30:00,164217.41475187844,164210.77849566753
2022-10-21 23:30:00,164211.08279304963,164210.81235493557
2022-10-22 03:30:00,164214.69724984156,164210.83468191777
2022-10-22 07:30:00,164211.87200223556,164210.8666414603
2022-10-22 11:30:00,164212.2489982297,164210.87356721022
2022-10-22 15:30:00,164212.73776137733,164210.86144425493
2022-10-22 19:30:00,164215.23778775753,164210.88798908552
2022-10-22 23:30:00,164211.84852523854,164210.8949888923
2022-10-23 03:30:00,164208.1506187641,164210.881923191
2022-10-23 07:30:00,164210.36207114914,164210.87764210923
2022-10-23 11:30:00,164213.21843449053,164210.86127301818
2022-10-23 15:30:00,164212.1869517738,164210.8587713989
2022-10-23 19:30:00,164211.95144122306,164210.84906962034
2022-10-23 23:30:00,164210.99947641438,164210.8492543448
2022-10-24 03:30:00,164216.22094534425,164210.87575705734
2022-10-24 07:30:00,164215.26277375052,164210.89966896028
2022-10-24 11:30:00,164214.16864550655,164210.9168831787
2022-10-24 15:30:00,164218.7748674716,164210.9161623742
2022-10-24 19:30:00,164214.23822543267,164210.92746592648
2022-10-24 23:30:00,164210.55240738543,164210.92532273478
2022-10-25 03:30:00,164215.3275865782,164210.94965258098
2022-10-25 07:30:00,164213.29993525948,164211.02193981942
2022-10-25 11:30:00,164205.87876966104,164211.01301653724
2022-10-25 15:30:00,164207.26835881648,164211.00718899537
2022-10-25 19:30:00,164201.33928922474,164210.96536332404
2022-10-25 23:30:00,164209.6090063899,164210.95954564164
2022-10-26 03:30:00,164210.46357386868,164210.96383483362
2022-10-26 07:30:00,164212.38791388515,164211.00256543187
2022-10-26 11:30:00,164206.325227686,164210.9710870408
2022-10-26 15:30:00,164209.35197603077,164210.96188754638
2022-10-26 19:30:00,164205.16312323045,164210.9124162576
2022-10-26 23:30:00,164209.64701519426,164210.91281228763
2022-10-27 03:30:00,164210.08481916698,164210.88521974394
2022-10-27 07:30:00,164211.2291359194,164210.88716277314
2022-10-27 11:30:00,164214.1662322155,164210.8861933819
2022-10-27 15:30:00,164214.08730651764,164210.8723987518
2022-10-27 19:30:00,164208.13222586125,164210.8386206461
2022-10-27 23:30:00,164212.8495497812,164210.827288515
2022-10-28 03:30:00,164202.32955786661,164210.74672761836
2022-10-28 07:30:00,164211.7610955024,164210.7460104245
2022-10-28 11:30:00,164211.62550330794,164210.73529997014
2022-10-28 15:30:00,164207.68542161668,164210.70048794587
2022-10-28 19:30:00,164210.0268273371,164210.69670333574
2022-10-28 23:30:00,164212.82547840834,164210.70510322772
2022-10-29 03:30:00,164205.4442832991,164210.66537863904
2022-10-29 07:30:00,164206.99555129756,164210.62653500022
2022-10-29 11:30:00,164206.84002790146,164210.57452662446
2022-10-29 15:30:00,164209.4702400881,164210.60377354728
2022-10-29 19:30:00,164203.9113993527,164210.634098933
2022-10-29 23:30:00,164203.11718596038,164210.57798613657
2022-10-30 03:30:00,164206.13204606395,164210.54439426985
2022-10-30 07:30:00,164208.72149604105,164210.5275173978
2022-10-30 11:30:00,164210.83045266647,164210.51091674189
2022-10-30 15:30:00,164211.02641629477,164210.49557923895
2022-10-30 19:30:00,164204.43808057005,164210.4916944573
2022-10-30 23:30:00,164214.05507420178,164210.55787766312
2022-10-31 03:30:00,164206.4172749357,164210.53241607887
2022-10-31 07:30:00,164211.54160199154,164210.5127984802
2022-10-31 11:30:00,164212.38860877042,164210.50058464415
2022-10-31 15:30:00,164211.4692921077,164210.50589161736
2022-10-31 19:30:00,164206.4103811666,164210.5099512996
2022-10-31 23:30:00,164195.33419682016,164210.40304065443
2022-11-01 03:30:00,164210.1127152828,164210.41367782291
2022-11-01 07:30:00,164212.17461944884,164210.43163645483
2022-11-01 11:30:00,164209.20561143907,164210.41665777945
2022-11-01 15:30:00,164210.08249536747,164210.4082879986
2022-11-01 19:30:00,164200.20476096746,164210.38551643348
2022-11-01 23:30:00,164204.03036699552,164210.38627413858
2022-11-02 03:30:00,164205.09182273023,164210.35669619776
2022-11-02 07:30:00,164211.18352240967,164210.37631654384
2022-11-02 11:30:00,164211.50386059342,164210.3713533532
2022-11-02 15:30:00,164210.29438778886,164210.33947700882
2022-11-02 19:30:00,164209.35306513956,164210.3306088752
2022-11-02 23:30:00,164208.23270919174,164210.323785657
2022-11-03 03:30:00,164205.30667844755,164210.30567400926
2022-11-03 07:30:00,164207.87659013883,164210.28468569837
2022-11-03 11:30:00,164212.17565451705,164210.3195432203
2022-11-03 15:30:00,164211.68542911895,164210.3371545466
2022-11-03 19:30:00,164212.28067383697,164210.35486731227
2022-11-03 23:30:00,164210.40130070242,164210.36802422462
2022-11-04 03:30:00,164216.7847848131,164210.43984821442
2022-11-04 07:30:00,164214.06762250053,164210.47579659443
2022-11-04 11:30:00,164214.14222706162,164210.4793938608
2022-11-04 15:30:00,164207.98636220273,164210.4713913984
2022-11-04 19:30:00,164205.63360055457,164210.44500640308
2022-11-04 23:30:00,164203.01709955317,164210.43619279293
2022-11-05 03:30:00,164211.06459876912,164210.46690150496
2022-11-05 07:30:00,164208.799407576,164210.47699686213
2022-11-05 11:30:00,164204.2808844103,164210.43815748038
2022-11-05 15:30:00,164204.01874097312,164210.38222953567
2022-11-05 19:30:00,164207.10646023974,164210.36349052266
2022-11-05 23:30:00,164206.57692517922,164210.3269177277
2022-11-06 03:30:00,164206.4780654172,164210.29858474465
2022-11-06 07:30:00,164210.43055923042,164210.2950260731
2022-11-06 11:30:00,164209.7846790527,164210.28185127798
2022-11-06 15:30:00,164199.06451106205,164210.2184600031
2022-11-06 19:30:00,164200.30701092342,164210.1421952491
2022-11-06 23:30:00,164205.9172539698,164210.09724890318
2022-11-07 03:30:00,164208.7040325565,164210.07554267824
2022-11-07 07:30:00,164211.9138377722,164210.08031464307
2022-11-07 11:30:00,164206.7083289526,164210.04433380254
2022-11-07 15:30:00,164206.08748727333,164210.001137754
2022-11-07 19:30:00,164208.08628458017,164209.96888218852
2022-11-07 23:30:00,164209.45052705184,164209.94793381594
2022-11-08 03:30:00,164213.1554593629,164209.939293966
2022-11-08 07:30:00,164208.42615268816,164209.9133008701
2022-11-08 11:30:00,164205.52573785873,164209.87042897605
2022-11-08 15:30:00,164205.70039829062,164209.8189347928
2022-11-08 19:30:00,164199.51827804776,164209.76241259076
2022-11-08 23:30:00,164209.6513089478,164209.72584544972
2022-11-09 03:30:00,164211.05200491744,164209.69686249312
2022-11-09 07:30:00,164215.9222632275,164209.71117470678
2022-11-09 11:30:00,164210.9346914917,164209.70571691362
2022-11-09 15:30:00,164210.68440097175,164209.70272817693
2022-11-09 19:30:00,164206.35198087757,164209.6697194935
2022-11-09 23:30:00,164207.78566549896,164209.6437299941
2022-11-10 03:30:00,164214.86149441983,164209.64544610583
2022-11-10 07:30:00,164214.93865717706,164209.65883416508
2022-11-10 11:30:00,164208.85167126154,164209.6589323355
2022-11-10 15:30:00,164205.28270010374,164209.62222915047
2022-11-10 19:30:00,164205.5013014119,164209.58788185063
2022-11-10 23:30:00,164209.08496676365,164209.5818726318
2022-11-11 03:30:00,164211.4800688779,164209.54925253958
2022-11-11 07:30:00,164212.2058434205,164209.56401137778
2022-11-11 11:30:00,164214.76900379095,164209.57452442782
2022-11-11 15:30:00,164210.8633815426,164209.5765475189
2022-11-11 19:30:00,164209.19254225036,164209.57631962965
2022-11-11 23:30:00,164210.71046291635,164209.5926193408
2022-11-12 03:30:00,164215.14005917837,164209.6100316268
2022-11-12 07:30:00,164212.97953475086,164209.59682125112
2022-11-12 11:30:00,164208.92606549067,164209.57886264476
2022-11-12 15:30:00,164203.65121683464,164209.53727443656
2022-11-12 19:30:00,164204.2229715793,164209.50016004182
2022-11-12 23:30:00,164209.32809352715,164209.48256617787
2022-11-13 03:30:00,164210.8845688322,164209.49177544005
2022-11-13 07:30:00,164211.28641400498,164209.47212751253
2022-11-13 11:30:00,164217.24606835106,164209.5149772561
2022-11-13 15:30:00,164214.51637828947,164209.5704855991
2022-11-13 19:30:00,164215.25190268506,164209.65591245212
2022-11-13 23:30:00,164212.47117776008,164209.68399421667
2022-11-14 03:30:00,164213.53898377594,164209.68107520987
2022-11-14 07:30:00,164214.89072489936,164209.68957528533
2022-11-14 11:30:00,164212.2088729173,164209.65631277583
2022-11-14 15:30:00,164197.06826340203,164209.60588771765
2022-11-14 19:30:00,164205.95586537613,164209.6494276391
2022-11-14 23:30:00,164203.7791326491,164209.6487207987
2022-11-15 03:30:00,164208.93967291742,164209.66904446544
2022-11-15 07:30:00,164207.858697338,164209.68333437975
2022-11-15 11:30:00,164214.78657390302,164209.69413697536
2022-11-15 15:30:00,164208.59704087183,164209.68424828813
2022-11-15 19:30:00,164206.6166966833,164209.66381089453
2022-11-15 23:30:00,164203.93267768284,164209.6571873346
2022-11-16 03:30:00,164209.756033191,164209.66423367997
2022-11-16 07:30:00,164207.02874076355,164209.60972218055
2022-11-16 11:30:00,164210.09797060204,164209.56759335037
2022-11-16 15:30:00,164210.55321909313,164209.55176730588
2022-11-16 19:30:00,164209.92119046338,164209.56128992199
2022-11-16 23:30:00,164209.55630756647,164209.57837724258
2022-11-17 03:30:00,164211.82496598663,164209.59330117117
2022-11-17 07:30:00,164210.42749630476,164209.60459730096
2022-11-17 11:30:00,164212.99961057492,164209.60875093742
2022-11-17 15:30:00,164213.64720288367,164209.60974090625
2022-11-17 19:30:00,164211.32915374942,164209.60945748465
2022-11-17 23:30:00,164214.64984858411,164209.6620327767
2022-11-18 03:30:00,164210.89161657463,164209.70016433854
2022-11-18 07:30:00,164211.4854828268,164209.6862618973
2022-11-18 11:30:00,164213.45125361838,164209.7284090988
2022-11-18 15:30:00,164213.15655012097,164209.72077276782
2022-11-18 19:30:00,164213.22300356277,164209.75730230374
2022-11-18 23:30:00,164213.59081000817,164209.80296222543
2022-11-19 03:30:00,164211.96738821449,164209.83973737722
2022-11-19 07:30:00,164210.6992189864,164209.85309221802
2022-11-19 11:30:00,164213.3024541951,164209.87580194243
2022-11-19 15:30:00,164212.74422527198,164209.87666791226
2022-11-19 19:30:00,164211.50349757398,164209.87618423707
2022-11-19 23:30:00,164212.89383885247,164209.86694693193
2022-11-20 03:30:00,164212.25635853224,164209.88115299
2022-11-20 07:30:00,164212.74843257244,164209.88410928403
2022-11-20 11:30:00,164211.40416079678,164209.85820554232
2022-11-20 15:30:00,164211.7178036039,164209.853326377
2022-11-20 19:30:00,164212.35902435487,164209.8252390018
2022-11-20 23:30:00,164212.64676754765,164209.83392774904
2022-11-21 03:30:00,164213.69906733104,164209.82838229067
2022-11-21 07:30:00,164212.62502401293,164209.832565745
2022-11-21 11:30:00,164211.92638432834,164209.83077344552
2022-11-21 15:30:00,164211.1591304552,164209.8220032737
2022-11-21 19:30:00,164213.1453509796,164209.81037862497
2022-11-21 23:30:00,164211.91399650736,164209.81074235425
2022-11-22 03:30:00,164217.05809502283,164209.86022833348
2022-11-22 07:30:00,164211.47663062625,164209.86642033054
2022-11-22 11:30:00,164213.5347170868,164209.86817745608
2022-11-22 15:30:00,164209.71047722737,164209.85441926413
2022-11-22 19:30:00,164206.3519796093,164209.8233111441
2022-11-22 23:30:00,164211.97181403972,164209.82871301976
2022-11-23 03:30:00,164211.67713604926,164209.8034696348
2022-11-23 07:30:00,164209.22594026296,164209.76993167098
2022-11-23 11:30:00,164206.98233097146,164209.73000770135
2022-11-23 15:30:00,164196.7368590949,164209.60757432148
2022-11-23 19:30:00,164206.63440137552,164209.56533085447
2022-11-23 23:30:00,164208.80023411688,164209.55559655855
2022-11-24 03:30:00,164213.13690285274,164209.54342609344
2022-11-24 07:30:00,164219.61221896784,164209.57849433622
2022-11-24 11:30:00,164213.0492629799,164209.61833041022
2022-11-24 15:30:00,164205.4758148385,164209.60837183258
2022-11-24 19:30:00,164206.2221889347,164209.6354990532
2022-11-24 23:30:00,164211.1235822915,164209.64391336375
2022-11-25 03:30:00,164211.7177057508,164209.6508807631
2022-11-25 07:30:00,164215.42783880376,164209.66776923486
2022-11-25 11:30:00,164209.91862116565,164209.68773253198
2022-11-25 15:30:00,164208.01769414908,164209.68031985484
2022-11-25 19:30:00,164202.48646600454,164209.66544953693
2022-11-25 23:30:00,164209.24769073125,164209.6632310677
2022-11-26 03:30:00,164205.74338271547,164209.63911197628
2022-11-26 07:30:00,164218.14911109483,164209.67755628284
2022-11-26 11:30:00,164211.79729550637,164209.66439552332
2022-11-26 15:30:00,164206.88001788952,164209.62435503094
2022-11-26 19:30:00,164205.02708070527,164209.60710422453
2022-11-26 23:30:00,164203.7842963953,164209.55674170572
2022-11-27 03:30:00,164203.90752948052,164209.56550821467
2022-11-27 07:30:00,164214.84430083117,164209.58263713316
2022-11-27 11:30:00,164211.2242756471,164209.5804080906
2022-11-27 15:30:00,164198.90903992523,164209.53165041457
2022-11-27 19:30:00,164197.12459382776,164209.45997133953
2022-11-27 23:30:00,164200.56914589633,164209.3918806033
2022-11-28 03:30:00,164196.02226836572,164209.33953607592
2022-11-28 07:30:00,164211.52012881683,164209.36467261772
2022-11-28 11:30:00,164210.87624089295,164209.3870960232
2022-11-28 15:30:00,164212.66855497778,164209.40486443928
2022-11-28 19:30:00,164210.4297625908,164209.44107756836
2022-11-28 23:30:00,164208.36886690717,164209.4702535736
2022-11-29 03:30:00,164209.24379029914,164209.4875410416
2022-11-29 07:30:00,164210.29444959923,164209.49627967243
2022-11-29 11:30:00,164209.7915338996,164209.49050790153
2022-11-29 15:30:00,164208.80252315744,164209.47815293967
2022-11-29 19:30:00,164207.7355420774,164209.49647217026
2022-11-29 23:30:00,164207.78680646743,164209.46164846062
2022-11-30 03:30:00,164208.9331176112,164209.47562536437
2022-11-30 07:30:00,164209.97085704617,164209.46689900357
2022-11-30 11:30:00,164210.94260624,164209.4588656562
2022-11-30 15:30:00,164208.7128942234,164209.44355233462
2022-11-30 19:30:00,164196.0663876023,164209.3860857037
2022-11-30 23:30:00,164198.0630455717,164209.40124597456
2022-12-01 03:30:00,164201.86837109344,164209.35544406236
2022-12-01 07:30:00,164203.7597968713,164209.30869504806
2022-12-01 11:30:00,164205.97926085588,164209.29077087814
2022-12-01 15:30:00,164206.5462543187,164209.27112509456
2022-12-01 19:30:00,164206.0244087791,164209.30345647127
2022-12-01 23:30:00,164206.87019880605,164209.31923331466
2022-12-02 03:30:00,164209.10760267635,164209.34154320328
2022-12-02 07:30:00,164210.58713921584,164209.3382299633
2022-12-02 11:30:00,164209.9203536946,164209.32943270274
2022-12-02 15:30:00,164204.39695904034,164209.2966692097
2022-12-02 19:30:00,164209.09593828124,164209.29524072714
2022-12-02 23:30:00,164208.6909851008,164209.29778670444
2022-12-03 03:30:00,164209.85500877225,164209.32305520625
2022-12-03 07:30:00,164207.13335996045,164209.31892614966
2022-12-03 11:30:00,164212.32352321816,164209.31974764244
2022-12-03 15:30:00,164209.18237179331,164209.30584176842
2022-12-03 19:30:00,164204.4903352194,164209.26256210945
2022-12-03 23:30:00,164213.68872687296,164209.28082558818
2022-12-04 03:30:00,164216.0262204491,164209.2766113417
2022-12-04 07:30:00,164213.04342649365,164209.27092136387
2022-12-04 11:30:00,164208.98306181922,164209.24225933474
2022-12-04 15:30:00,164206.562080542,164209.23434665886
2022-12-04 19:30:00,164210.82288207684,164209.26317600068
2022-12-04 23:30:00,164209.19371773244,164209.29749054607
2022-12-05 03:30:00,164212.94880299055,164209.30795834734
2022-12-05 07:30:00,164210.5235909091,164209.31753714362
2022-12-05 11:30:00,164214.5600585152,164209.3746436664
2022-12-05 15:30:00,164213.52589018343,164209.42746116203
2022-12-05 19:30:00,164208.47909899452,164209.43508693288
2022-12-05 23:30:00,164214.8606601913,164209.48110768298
2022-12-06 03:30:00,164213.63714429282,164209.5208803434
2022-12-06 07:30:00,164212.2510231499,164209.53099403184
2022-12-06 11:30:00,164209.13033461932,164209.52735878495
2022-12-06 15:30:00,164205.3962825185,164209.56253529308
2022-12-06 19:30:00,164212.47202798125,164209.63011872116
2022-12-06 23:30:00,164212.5975062443,164209.66723123382
2022-12-07 03:30:00,164213.5911271676,164209.69438175941
2022-12-07 07:30:00,164208.72968113708,164209.67669200033
2022-12-07 11:30:00,164208.33972151263,164209.68575529233
2022-12-07 15:30:00,164202.9444018899,164209.66829370684
2022-12-07 19:30:00,164203.2881763368,164209.64163755
2022-12-07 23:30:00,164208.59505504862,164209.63688492772
2022-12-08 03:30:00,164210.2310517629,164209.62063821882
2022-12-08 07:30:00,164213.41987137252,164209.64838110044
2022-12-08 11:30:00,164215.1476979858,164209.70183643445
2022-12-08 15:30:00,164208.1248337306,164209.71530552022
2022-12-08 19:30:00,164207.81681075483,164209.7614084797
2022-12-08 23:30:00,164208.94531427004,164209.75748628704
2022-12-09 03:30:00,164209.80876667856,164209.75057940793
2022-12-09 07:30:00,164213.5664098104,164209.73749133345
2022-12-09 11:30:00,164214.7587891732,164209.75873632057
2022-12-09 15:30:00,164210.36786085987,164209.7569777644
2022-12-09 19:30:00,164210.77277586833,164209.7815377365
2022-12-09 23:30:00,164213.14836475338,164209.81133051016
2022-12-10 03:30:00,164209.6424129173,164209.78233561292
2022-12-10 07:30:00,164213.07087224603,164209.77195902995
2022-12-10 11:30:00,164208.38714610194,164209.76937833466
2022-12-10 15:30:00,164207.54171380418,164209.78192841078
2022-12-10 19:30:00,164197.33869027384,164209.7365805711
2022-12-10 23:30:00,164202.50191928586,164209.70000808508
2022-12-11 03:30:00,164208.52193640402,164209.68357401583
2022-12-11 07:30:00,164217.85014413405,164209.71493124202
2022-12-11 11:30:00,164205.01418878554,164209.66073782532
2022-12-11 15:30:00,164202.63198829535,164209.61500786283
2022-12-11 19:30:00,164210.3771519404,164209.62158902775
2022-12-11 23:30:00,164196.92057856082,164209.54497855913
2022-12-12 03:30:00,164200.79438899874,164209.46528039145
2022-12-12 07:30:00,164211.4789727318,164209.4569439358
2022-12-12 11:30:00,164206.99021859487,164209.44618923086
2022-12-12 15:30:00,164208.05512084693,164209.47065536425
2022-12-12 19:30:00,164209.24265639033,164209.4985425021
2022-12-12 23:30:00,164213.7408979726,164209.5230580823
2022-12-13 03:30:00,164212.2494332852,164209.53064066262
2022-12-13 07:30:00,164214.32879932498,164209.54754280328
2022-12-13 11:30:00,164205.92236209876,164209.4846333241
2022-12-13 15:30:00,164206.02894658837,164209.43748092576
2022-12-13 19:30:00,164197.36340259327,164209.3381003697
2022-12-13 23:30:00,164200.01573732306,164209.26890347834
2022-12-14 03:30:00,164201.6758612632,164209.2029972422
2022-12-14 07:30:00,164207.16902820728,164209.16009892727
2022-12-14 11:30:00,164206.65001183495,164209.1292163657
2022-12-14 15:30:00,164205.23345511855,164209.1745785419
2022-12-14 19:30:00,164205.81693135668,164209.17380668625
2022-12-14 23:30:00,164212.40193821854,164209.2217111616
2022-12-15 03:30:00,164205.97598244261,164209.2052462145
2022-12-15 07:30:00,164201.42639747707,164209.16951121527
2022-12-15 11:30:00,164206.29975336805,164209.1223622123
2022-12-15 15:30:00,164202.82714076474,164209.0903072117
2022-12-15 19:30:00,164200.14476643145,164209.05435204366
2022-12-15 23:30:00,164207.12660016108,164209.07209605747
2022-12-16 03:30:00,164210.82627037907,164209.07804181956
2022-12-16 07:30:00,164212.15870462483,164209.1065416188
2022-12-16 11:30:00,164212.84099557466,164209.12178064644
2022-12-16 15:30:00,164210.89355391538,164209.12367139544
2022-12-16 23:30:00,164213.1873019129,164209.13950086627
2022-12-17 03:30:00,164212.920727833,164209.14562244085
2022-12-17 07:30:00,164212.25757640952,164209.15584635202
2022-12-17 11:30:00,164211.1952937467,164209.14576636977
2022-12-17 15:30:00,164205.7614580309,164209.10171192922
2022-12-17 19:30:00,164205.95667602375,164209.07169808718
2022-12-17 23:30:00,164208.84555661574,164209.03927187508
2022-12-18 03:30:00,164209.91341930217,164209.03380708583
2022-12-18 07:30:00,164210.1599522844,164209.0264018873
2022-12-18 11:30:00,164211.06561125055,164209.01307427627
2022-12-18 15:30:00,164213.0145088195,164209.01228074945
2022-12-18 19:30:00,164208.8108363322,164208.98763177055
2022-12-18 23:30:00,164213.03959049593,164208.9845523319
2022-12-19 03:30:00,164214.33049469543,164208.9977540441
2022-12-19 07:30:00,164215.90486699564,164209.02683587655
2022-12-19 11:30:00,164208.31016351396,164208.9989459845
2022-12-19 15:30:00,164210.71368511397,164208.98760218473
2022-12-19 19:30:00,164206.59399545507,164208.96017479856
2022-12-19 23:30:00,164213.7438678465,164208.96492356388
2022-12-20 03:30:00,164211.61925705377,164208.96136433777
2022-12-20 07:30:00,164216.46350957136,164208.98211895785
2022-12-20 11:30:00,164210.9488983799,164208.9795755924
2022-12-20 15:30:00,164210.21582358822,164208.9711846426
2022-12-20 19:30:00,164209.2950647136,164208.95406754964
2022-12-20 23:30:00,164206.6236938575,164208.92041909325
2022-12-21 03:30:00,164212.87577722303,164208.91581970718
2022-12-21 07:30:00,164214.54666884037,164208.92655515316
2022-12-21 11:30:00,164206.9083430728,164208.8985214031
2022-12-21 15:30:00,164210.4250521814,164208.89442040722
2022-12-21 19:30:00,164212.2936573543,164208.88966234223
2022-12-21 23:30:00,164211.20321644127,164208.88569150385
2022-12-22 03:30:00,164210.72605854212,164208.85031699837
2022-12-22 07:30:00,164210.58038343955,164208.84531003088
2022-12-22 11:30:00,164211.81784568683,164208.83571857054
2022-12-22 15:30:00,164199.48865913867,164208.77861344154
2022-12-22 19:30:00,164208.10688079993,164208.7884173588
2022-12-22 23:30:00,164204.61416285153,164208.74731316225
2022-12-23 03:30:00,164214.20804412593,164208.7614523135
2022-12-23 07:30:00,164214.20582754433,164208.78927291284
2022-12-23 11:30:00,164207.83396478766,164208.79403064365
2022-12-23 15:30:00,164209.77351002774,164208.86686109583
2022-12-23 19:30:00,164205.79871283736,164208.86219244474
2022-12-23 23:30:00,164209.63248170848,164208.86684187263
2022-12-24 03:30:00,164209.3181871724,164208.84550826548
2022-12-24 07:30:00,164216.50240408545,164208.82813499798
2022-12-24 11:30:00,164208.48533595214,164208.80263819895
2022-12-24 15:30:00,164234.23541185996,164208.96330633873
2022-12-24 19:30:00,164216.98192168048,164209.02341657752
2022-12-24 23:30:00,164198.69056773797,164208.95395839564
2022-12-25 03:30:00,164205.48572231358,164208.91914284573
2022-12-25 07:30:00,164210.30556469527,164208.89052678924
2022-12-25 11:30:00,164211.23291604855,164208.89786921875
2022-12-25 15:30:00,164212.10872235944,164208.920724125
2022-12-25 19:30:00,164208.06413477688,164208.95188428572
2022-12-25 23:30:00,164208.20612742833,164208.9460654963
2022-12-26 03:30:00,164209.96492005762,164208.96964950385
2022-12-26 07:30:00,164211.96053803156,164208.93507646993
2022-12-26 11:30:00,164209.10485342372,164208.92003489405
2022-12-26 15:30:00,164212.82547770915,164208.9532497534
2022-12-26 19:30:00,164213.38969629386,164208.9999682762
2022-12-26 23:30:00,164208.23128046337,164209.02481176265
2022-12-27 03:30:00,164209.17111095777,164209.05421724575
2022-12-27 07:30:00,164211.2636440809,164209.03421357676
2022-12-27 11:30:00,164212.67577850266,164209.04232253126
2022-12-27 15:30:00,164209.92829410217,164209.10388261045
2022-12-27 19:30:00,164206.60675240678,164209.1568555634
2022-12-27 23:30:00,164201.84925970528,164209.1640070372
2022-12-28 03:30:00,164206.5924762759,164209.22305847803
2022-12-28 07:30:00,164211.2049095325,164209.22129747644
2022-12-28 11:30:00,164209.02736310937,164209.2109685503
2022-12-28 15:30:00,164199.15230284585,164209.13545876183
2022-12-28 19:30:00,164222.59193769717,164209.20340387415
2022-12-28 23:30:00,164211.25978020296,164209.21955422778
2022-12-29 03:30:00,164196.81208157548,164209.15010334106
2022-12-29 07:30:00,164204.29504427183,164209.11658711018
2022-12-29 11:30:00,164211.05360620673,164209.12363779347
2022-12-29 15:30:00,164201.33501533675,164209.08191987267
2022-12-29 19:30:00,164206.47717033082,164209.07488986294
2022-12-29 23:30:00,164216.60054109845,164209.12412860387
2022-12-30 03:30:00,164210.54882946535,164209.13315492708
2022-12-30 07:30:00,164207.1086175181,164209.1171647621
2022-12-30 11:30:00,164213.5915383877,164209.13196326574
2022-12-30 15:30:00,164205.6694764652,164209.11496093188
2022-12-30 19:30:00,164203.15757655562,164209.15457651264
2022-12-30 23:30:00,164208.65489449014,164209.21374885296
2022-12-31 03:30:00,164210.41873086436,164209.261516226
2022-12-31 07:30:00,164210.35529736025,164209.29836259742
2022-12-31 11:30:00,164207.36788451872,164209.30612027153
2022-12-31 15:30:00,164215.65637487662,164209.35701479978
2022-12-31 19:30:00,164209.2266169689,164209.374904231
2022-12-31 23:30:00,164207.83336278834,164209.38028503535
2023-01-01 03:30:00,164208.0174001835,164209.37419451866
2023-01-01 07:30:00,164205.96538150092,164209.34837464316
2023-01-01 11:30:00,164205.27688079808,164209.32243345375
2023-01-01 15:30:00,164205.6022482315,164209.32916691294
2023-01-01 19:30:00,164205.62954856837,164209.30980160728
2023-01-01 23:30:00,164211.42043837672,164209.32504994964
2023-01-02 03:30:00,164215.39995652862,164209.3560273114
2023-01-02 07:30:00,164212.93468845848,164209.3884369678
2023-01-02 11:30:00,164208.0021651415,164209.3642953026
2023-01-02 15:30:00,164208.19836998862,164209.3587980858
2023-01-02 19:30:00,164211.14219383185,164209.39595930706
2023-01-02 23:30:00,164214.1606904337,164209.39859597498
2023-01-03 03:30:00,164215.38932298223,164209.3950378886
2023-01-03 07:30:00,164210.1670503727,164209.37896874826
2023-01-03 11:30:00,164203.42054728305,164209.34789324808
2023-01-03 15:30:00,164202.54668163744,164209.32546085195
2023-01-03 19:30:00,164198.57711091137,164209.25704872253
2023-01-03 23:30:00,164209.88406647244,164209.26090541942
2023-01-04 03:30:00,164208.55562901223,164209.23636254805
2023-01-04 07:30:00,164213.61213000986,164209.2536169564
2023-01-04 11:30:00,164212.2213317463,164209.24055144377
2023-01-04 15:30:00,164206.12387564205,164209.1991994072
2023-01-04 19:30:00,164208.41716943026,164209.19885343197
2023-01-04 23:30:00,164213.32925621117,164209.19029810248
2023-01-05 03:30:00,164212.32873234255,164209.1829885385
2023-01-05 07:30:00,164214.01669542328,164209.1928526294
2023-01-05 11:30:00,164215.72974464347,164209.22972084183
2023-01-05 15:30:00,164210.66945301974,164209.2591798949
2023-01-05 19:30:00,164212.06823554257,164209.25692407123
2023-01-05 23:30:00,164211.10117460787,164209.2485646766
2023-01-06 03:30:00,164217.82361696832,164209.27220987104
2023-01-06 07:30:00,164209.6887057732,164209.2775675506
2023-01-06 11:30:00,164216.96727449415,164209.32576617057
2023-01-06 15:30:00,164217.9481070531,164209.40958575252
2023-01-06 19:30:00,164216.11015112858,164209.4812168966
2023-01-06 23:30:00,164217.31351718758,164209.52992338897
2023-01-07 03:30:00,164222.0033102255,164209.59569019606
2023-01-07 07:30:00,164215.49203390934,164209.60726652306
2023-01-07 11:30:00,164209.6483288104,164209.57654379026
2023-01-07 15:30:00,164207.73611841662,164209.5743721963
2023-01-07 19:30:00,164209.23617999782,164209.58230163343
2023-01-07 23:30:00,164215.11289234337,164209.61675737682
2023-01-08 03:30:00,164220.09947165663,164209.6742473488
2023-01-08 07:30:00,164211.43679463206,164209.66235005728
2023-01-08 11:30:00,164210.26635281087,164209.63725264743
2023-01-08 15:30:00,164204.27410997436,164209.60320934636
2023-01-08 19:30:00,164207.1094378983,164209.58274377114
2023-01-08 23:30:00,164212.15299985168,164209.57718307336
2023-01-09 03:30:00,164212.97187324555,164209.59578341042
2023-01-09 07:30:00,164211.86198968737,164209.58902987657
2023-01-09 11:30:00,164204.17635296774,164209.56550589256
2023-01-09 15:30:00,164210.36244427852,164209.58126416337
2023-01-09 19:30:00,164208.63858047823,164209.6443920416
2023-01-09 23:30:00,164207.86408347238,164209.67434826613
2023-01-10 03:30:00,164207.29264721207,164209.6674807287
2023-01-10 07:30:00,164209.49102279526,164209.62078172684
2023-01-10 11:30:00,164203.88372443212,164209.61446628353
2023-01-10 15:30:00,164202.09585244165,164209.61147111116
2023-01-10 19:30:00,164209.99003308258,164209.609308436
2023-01-10 23:30:00,164205.23507681186,164209.65575814684
2023-01-11 03:30:00,164211.62102697202,164209.7162421579
2023-01-11 07:30:00,164210.140596824,164209.70876519755
2023-01-11 11:30:00,164205.49914471662,164209.70043517582
2023-01-11 15:30:00,164208.058772922,164209.70045557848
2023-01-11 19:30:00,164201.98430179237,164209.65990611145
2023-01-11 23:30:00,164206.05789833836,164209.6169843258
2023-01-12 03:30:00,164209.50746845244,164209.60166608653
2023-01-12 07:30:00,164212.08373374073,164209.58912382068
2023-01-12 11:30:00,164220.7174484138,164209.67177793419
2023-01-12 15:30:00,164210.60819612772,164209.6973603338
2023-01-12 19:30:00,164210.24036971934,164209.76929869768
2023-01-12 23:30:00,164203.80269443695,164209.7904548827
2023-01-13 03:30:00,164207.24599562335,164209.82157295174
2023-01-13 07:30:00,164215.46666091113,164209.8679284417
2023-01-13 11:30:00,164208.04548448135,164209.87572437825
2023-01-13 15:30:00,164198.2861204403,164209.83691245268
2023-01-13 19:30:00,164205.20857668956,164209.83351382325
2023-01-13 23:30:00,164204.90454576397,164209.7916289492
2023-01-14 03:30:00,164203.8914697839,164209.7799836271
2023-01-14 07:30:00,164214.46502515388,164209.8528251225
2023-01-14 11:30:00,164206.6798861955,164209.8549487696
2023-01-14 15:30:00,164209.15780351585,164209.89031560058
2023-01-14 19:30:00,164206.9700279519,164209.9284455532
2023-01-14 23:30:00,164209.6153807006,164209.94234935511
2023-01-15 03:30:00,164211.3368407648,164209.94520170364
2023-01-15 07:30:00,164208.8173719301,164209.92653504055
2023-01-15 11:30:00,164213.6038984346,164209.93079706767
2023-01-15 15:30:00,164210.51268158542,164209.9286692893
2023-01-15 19:30:00,164209.55768823368,164209.92660828345
2023-01-15 23:30:00,164211.0191831093,164209.914563179
2023-01-16 03:30:00,164212.6094628867,164209.91283392927
2023-01-16 07:30:00,164212.40646297837,164209.9136610769
2023-01-16 11:30:00,164211.08321520974,164209.91303841834
2023-01-16 15:30:00,164209.70163266105,164209.9349282774
2023-01-16 19:30:00,164206.09599297025,164209.93570226044
2023-01-16 23:30:00,164211.12195315605,164209.9483489079
2023-01-17 03:30:00,164213.6684038452,164209.96920993313
2023-01-17 07:30:00,164211.48624473476,164209.97657822448
2023-01-17 11:30:00,164214.00394479628,164209.99290229977
2023-01-17 15:30:00,164204.04670030635,164209.94308114136
2023-01-17 19:30:00,164208.89997410218,164209.9435763512
2023-01-17 23:30:00,164202.98468021813,164209.88771573856
2023-01-18 03:30:00,164211.9514574335,164209.87449886487
2023-01-18 07:30:00,164210.39943998872,164209.84391315927
2023-01-18 11:30:00,164204.84288698723,164209.82465051187
2023-01-18 15:30:00,164206.75228323144,164209.80264272366
2023-01-18 19:30:00,164200.5696547363,164209.7691741641
2023-01-18 23:30:00,164214.32441635584,164209.7723994336
2023-01-19 03:30:00,164217.64464945547,164209.80587383584
2023-01-19 07:30:00,164210.42284575186,164209.7723145924
2023-01-19 11:30:00,164209.56990504434,164209.7646535183
2023-01-19 15:30:00,164202.12547293722,164209.71970712577
2023-01-19 19:30:00,164205.735171293,164209.69992994014
2023-01-19 23:30:00,164205.4232216323,164209.69326064998
2023-01-20 03:30:00,164213.99998613316,164209.69950625504
2023-01-20 07:30:00,164212.04714834425,164209.68562003004
2023-01-20 11:30:00,164209.62044298497,164209.7006872518
2023-01-20 15:30:00,164211.51574452882,164209.70674665374
2023-01-20 19:30:00,164201.74347298208,164209.64813451833
2023-01-20 23:30:00,164210.1671371729,164209.64237852237
2023-01-21 03:30:00,164215.54112927348,164209.66912891535
2023-01-21 07:30:00,164212.0561684528,164209.677327721
2023-01-21 11:30:00,164208.76511414294,164209.6603681013
2023-01-21 15:30:00,164207.6189799,164209.70553655
2023-01-21 19:30:00,164208.57156821384,164209.7081181467
2023-01-21 23:30:00,164209.47456192458,164209.73512036377
2023-01-22 03:30:00,164219.60319964503,164209.76509345
2023-01-22 07:30:00,164208.20311743525,164209.73174506048
2023-01-22 11:30:00,164209.4175493848,164209.7405427527
2023-01-22 15:30:00,164217.42433862493,164209.78304735603
2023-01-22 19:30:00,164200.99545289148,164209.75636257857
2023-01-22 23:30:00,164203.2624395151,164209.72097345526
2023-01-23 03:30:00,164210.29972444026,164209.7264264401
2023-01-23 07:30:00,164208.30570371659,164209.6808892158
2023-01-23 11:30:00,164197.92702562467,164209.62223193623
2023-01-23 15:30:00,164220.62496513306,164209.54661834327
2023-01-23 19:30:00,164216.174577858,164209.5421330998
2023-01-23 23:30:00,164197.73526688127,164209.53682587284
2023-01-24 03:30:00,164217.06216006508,164209.60113941593
2023-01-24 07:30:00,164208.4405308261,164209.59077811666
2023-01-24 11:30:00,164195.6547436299,164209.5042327143
2023-01-24 15:30:00,164204.56263108234,164209.46230998499
2023-01-24 19:30:00,164214.35100649946,164209.49723705012
2023-01-24 23:30:00,164208.67783339592,164209.49985763882
2023-01-25 03:30:00,164214.14121887434,164209.5230592989
2023-01-25 07:30:00,164215.24000626217,164209.54127856684
2023-01-25 11:30:00,164205.1284037367,164209.5191871797
2023-01-25 15:30:00,164211.98163809988,164209.51449918188
2023-01-25 19:30:00,164210.17750258345,164209.49665366125
2023-01-25 23:30:00,164210.07214893535,164209.50688070833
2023-01-26 03:30:00,164213.42614504765,164209.5305197866
2023-01-26 07:30:00,164217.41121398495,164209.56467295275
2023-01-26 11:30:00,164209.32236095078,164209.54604285522
2023-01-26 15:30:00,164210.79447673258,164209.55085498097
2023-01-26 19:30:00,164217.7089191978,164209.61253368534
2023-01-26 23:30:00,164210.08456553883,164209.65828538442
2023-01-27 03:30:00,164211.1827586328,164209.6837869531
2023-01-27 07:30:00,164218.12331911267,164209.72222256186
2023-01-27 11:30:00,164208.26792406724,164209.71800345607
2023-01-27 15:30:00,164200.61139538608,164209.72610952574
2023-01-27 19:30:00,164211.20876222418,164209.66286966202
2023-01-27 23:30:00,164209.941414362,164209.6555454073
2023-01-28 03:30:00,164203.00347249542,164209.68994202354
2023-01-28 07:30:00,164205.8232427088,164209.69843201488
2023-01-28 11:30:00,164214.61494296737,164209.7182172191
2023-01-28 15:30:00,164207.82236690665,164209.75425806115
2023-01-28 19:30:00,164211.1011846159,164209.77994702937
2023-01-28 23:30:00,164207.2501507912,164209.7280004166
2023-01-29 03:30:00,164212.39189748047,164209.73823968333
2023-01-29 07:30:00,164214.11526597923,164209.77716550813
2023-01-29 11:30:00,164208.58214501868,164209.74933554497
2023-01-29 15:30:00,164205.03248436336,164209.74579669995
2023-01-29 19:30:00,164211.86069582155,164209.79414736253
2023-01-29 23:30:00,164212.88895626552,164209.81766992796
2023-01-30 03:30:00,164212.69664412638,164209.83032500162
2023-01-30 07:30:00,164213.20397569897,164209.84615099238
2023-01-30 11:30:00,164208.31379702225,164209.85140606185
2023-01-30 15:30:00,164208.47792748202,164209.81152579858
2023-01-30 19:30:00,164211.38194195981,164209.82349982628
2023-01-30 23:30:00,164213.22182142528,164209.85343570763
2023-01-31 03:30:00,164216.54689071747,164209.90082176612
2023-01-31 07:30:00,164212.75506934803,164209.93854225415
2023-01-31 11:30:00,164212.43305575175,164209.9782987817
2023-01-31 15:30:00,164210.4297045232,164210.0051179833
2023-01-31 19:30:00,164204.38495838273,164209.9982035934
2023-01-31 23:30:00,164218.13103678115,164210.03548469563
2023-02-01 03:30:00,164217.7590310712,164210.0485906653
2023-02-01 07:30:00,164205.95390405122,164210.00980852972
2023-02-01 11:30:00,164211.28844977784,164210.02806566656
2023-02-01 15:30:00,164208.91739242917,164210.03206023568
2023-02-01 19:30:00,164203.86685849933,164209.9916417061
2023-02-01 23:30:00,164216.1692460495,164210.0028003484
2023-02-02 03:30:00,164213.4800613626,164209.9921933394
2023-02-02 07:30:00,164205.09357078414,164209.96400734168
2023-02-02 11:30:00,164195.84429634621,164209.92191705867
2023-02-02 15:30:00,164210.42664021114,164209.96569460633
2023-02-02 19:30:00,164212.0053086984,164210.04029570514
2023-02-02 23:30:00,164216.97186139342,164210.0796723436
2023-02-03 03:30:00,164214.22504816702,164210.11116911666
2023-02-03 07:30:00,164207.66101596464,164210.078107372
2023-02-03 11:30:00,164203.9475118271,164210.03214170574
2023-02-03 15:30:00,164211.30955749116,164210.06095104938
2023-02-03 19:30:00,164209.02699756142,164210.06433898344
2023-02-03 23:30:00,164196.93650821058,164209.97326816118
2023-02-04 03:30:00,164210.84032639634,164209.96499923928
2023-02-04 07:30:00,164211.2736719681,164209.9497602201
2023-02-04 11:30:00,164203.8801495598,164209.8839291363
2023-02-04 15:30:00,164214.45458195257,164209.90495763038
2023-02-04 19:30:00,164209.05163134765,164209.88819871817
2023-02-04 23:30:00,164205.32590397183,164209.8561138813
2023-02-05 03:30:00,164214.43578137812,164209.83729257248
2023-02-05 07:30:00,164199.3281281994,164209.77973380816
2023-02-05 11:30:00,164206.49452656592,164209.72155187523
2023-02-05 15:30:00,164208.85676663028,164209.67104442845
2023-02-05 19:30:00,164202.11957608003,164209.5933190115
2023-02-05 23:30:00,164203.60135975765,164209.51714035912
2023-02-06 03:30:00,164209.55248213126,164209.44796909194
2023-02-06 07:30:00,164204.75287217725,164209.3883070823
2023-02-06 11:30:00,164200.74111586544,164209.33882256591
2023-02-06 15:30:00,164199.78716667014,164209.29466172293
2023-02-06 19:30:00,164210.99145906707,164209.3044132733
2023-02-06 23:30:00,164208.53407289568,164209.26786427636
2023-02-07 03:30:00,164212.214447743,164209.22405858792
2023-02-07 07:30:00,164210.04356003244,164209.21631839572
2023-02-07 11:30:00,164203.2679929111,164209.1774386185
2023-02-07 15:30:00,164210.56510073825,164209.2123885672
2023-02-07 19:30:00,164211.03974124277,164209.23422358578
2023-02-07 23:30:00,164206.90285450214,164209.20505611162
2023-02-08 03:30:00,164205.22463809868,164209.16201591634
2023-02-08 07:30:00,164200.26272719682,164209.09757556918
2023-02-08 11:30:00,164195.42046806432,164209.04893176418
2023-02-08 15:30:00,164205.7482103385,164209.02329713115
2023-02-08 19:30:00,164207.06318169308,164209.0145449157
2023-02-08 23:30:00,164201.08848166218,164208.9769026834
2023-02-09 03:30:00,164204.17856076336,164208.95960220313
2023-02-09 07:30:00,164213.9693556258,164208.98448182998
2023-02-09 11:30:00,164203.01139911613,164208.9796355782
2023-02-09 15:30:00,164209.17984332217,164209.0189910831
2023-02-09 19:30:00,164211.63913799138,164209.02815277706
2023-02-09 23:30:00,164209.0930694741,164209.04958606962
2023-02-10 03:30:00,164217.25180079404,164209.08086814638
2023-02-10 07:30:00,164207.5123497537,164209.0662667738
2023-02-10 11:30:00,164206.33335775643,164209.0709012907
2023-02-10 15:30:00,164205.75268597293,164209.05808969654
2023-02-10 19:30:00,164211.27250185012,164209.10969080793
2023-02-10 23:30:00,164205.65466765634,164209.10745063747
2023-02-11 03:30:00,164211.1500781434,164209.1165762469
2023-02-11 07:30:00,164216.2683603946,164209.13982417274
2023-02-11 11:30:00,164205.13417770911,164209.05325044662
2023-02-11 15:30:00,164209.2910182194,164209.04593279157
2023-02-11 19:30:00,164213.83888674475,164209.06592455282
2023-02-11 23:30:00,164208.81968966173,164209.0937967485
2023-02-12 03:30:00,164208.32342293306,164209.0997824558
2023-02-12 07:30:00,164203.78882063174,164209.03490556535
2023-02-12 11:30:00,164208.48318720196,164209.03733724714
2023-02-12 15:30:00,164213.5712360099,164209.1222545558
2023-02-12 19:30:00,164215.51883020587,164209.17953374202
2023-02-12 23:30:00,164210.1675083865,164209.20877242324
2023-02-13 03:30:00,164203.1683423546,164209.20475504865
2023-02-13 07:30:00,164210.96849350762,164209.18532987285
2023-02-13 11:30:00,164209.67718582912,164209.20198153748
2023-02-13 15:30:00,164207.4646983449,164209.19257539764
2023-02-13 19:30:00,164208.28606351465,164209.19988670634
2023-02-13 23:30:00,164214.99650921367,164209.22978186473
2023-02-14 03:30:00,164212.844006872,164209.23815500978
2023-02-14 07:30:00,164209.88706462877,164209.24409774697
2023-02-14 11:30:00,164206.72938457172,164209.2059060033
2023-02-14 15:30:00,164206.66271753257,164209.18451731413
2023-02-14 19:30:00,164217.8574796781,164209.23062726657
2023-02-14 23:30:00,164214.14391278315,164209.2479868759
2023-02-15 03:30:00,164212.6307279655,164209.2481050152
2023-02-15 07:30:00,164212.16867001104,164209.2467839432
2023-02-15 11:30:00,164212.60341786008,164209.25522951348
2023-02-15 15:30:00,164204.6120390705,164209.22695399352
2023-02-15 19:30:00,164205.91472756834,164209.22594696347
2023-02-15 23:30:00,164208.45139483764,164209.21111052838
2023-02-16 03:30:00,164209.30045445068,164209.18684414288
2023-02-16 07:30:00,164197.60189491432,164209.1097088661
2023-02-16 11:30:00,164200.10524666327,164209.03249387644
2023-02-16 15:30:00,164218.69600883918,164209.11387892388
2023-02-16 19:30:00,164204.2906796959,164209.0882717327
2023-02-16 23:30:00,164214.02804631827,164209.14962376663
2023-02-17 03:30:00,164206.36906056767,164209.1186104507
2023-02-17 07:30:00,164196.32574496133,164209.0404232561
2023-02-17 11:30:00,164194.07953378055,164208.9806268494
2023-02-17 15:30:00,164216.904228848,164209.03702654727
2023-02-17 19:30:00,164226.04319376883,164209.1785462086
2023-02-17 23:30:00,164227.5407248967,164209.25197014486
2023-02-18 03:30:00,164222.54266379436,164209.27918133567
2023-02-18 07:30:00,164209.7575528272,164209.27548526385
2023-02-18 11:30:00,164210.69174672468,164209.28171771765
2023-02-18 15:30:00,164207.01819687156,164209.3088995173
2023-02-18 19:30:00,164213.31149426242,164209.35099020044
2023-02-18 23:30:00,164213.49250542567,164209.39581955486
2023-02-19 03:30:00,164216.78955471728,164209.4113171581
2023-02-19 07:30:00,164205.9952490606,164209.37769549544
2023-02-19 11:30:00,164191.427516716,164209.27662368282
2023-02-19 15:30:00,164203.61845139187,164209.232749832
2023-02-19 19:30:00,164209.65545769138,164209.27670530265
2023-02-19 23:30:00,164202.49270931332,164209.23406959232
2023-02-20 03:30:00,164219.42891450328,164209.25566839916
2023-02-20 07:30:00,164210.71980322796,164209.24824414792
2023-02-20 11:30:00,164197.10495308274,164209.18346547536
2023-02-20 15:30:00,164201.98385820456,164209.1521592437
2023-02-20 19:30:00,164211.2727804423,164209.1671659783
2023-02-20 23:30:00,164200.57335767368,164209.1177148436
2023-02-21 03:30:00,164223.14484362645,164209.13739064347
2023-02-21 07:30:00,164211.8198515251,164209.15748361064
2023-02-21 11:30:00,164202.09956672898,164209.11682815145
2023-02-21 15:30:00,164207.4825335991,164209.06159590132
2023-02-21 19:30:00,164201.95648029534,164209.0669349424
2023-02-21 23:30:00,164207.37148479882,164209.0897629718
2023-02-22 03:30:00,164217.3760886555,164209.12907610633
2023-02-22 07:30:00,164214.83890790437,164209.16537168514
2023-02-22 11:30:00,164199.30754660087,164209.1730412461
2023-02-22 15:30:00,164201.98212203683,164209.0694698956
2023-02-22 19:30:00,164218.47553339877,164209.08225298193
2023-02-22 23:30:00,164204.77952878497,164209.12138777028
2023-02-23 03:30:00,164212.80288161492,164209.09772511222
2023-02-23 07:30:00,164202.69209316297,164209.06578934743
2023-02-23 11:30:00,164200.7209489604,164209.0939349326
2023-02-23 15:30:00,164212.4551125023,164209.13778205155
2023-02-23 19:30:00,164211.9454211663,164209.1244176886
2023-02-23 23:30:00,164206.09034215217,164209.11004273727
2023-02-24 03:30:00,164208.83509311773,164209.08056426086
2023-02-24 07:30:00,164216.17379740908,164209.08575198945
2023-02-24 11:30:00,164205.84050309204,164209.08970809696
2023-02-24 15:30:00,164203.02079272977,164209.0399256227
2023-02-24 19:30:00,164209.76457958453,164209.03763160604
2023-02-24 23:30:00,164206.7739239517,164209.01930813392
2023-02-25 03:30:00,164204.65693217123,164208.97059028462
2023-02-25 07:30:00,164211.16790800425,164208.93590525136
2023-02-25 11:30:00,164208.51913811264,164208.93144290228
2023-02-25 15:30:00,164204.3581028198,164208.8956852694
2023-02-25 19:30:00,164212.29335618622,164208.86559880825
2023-02-25 23:30:00,164204.17065119807,164208.8327437286
2023-02-26 03:30:00,164210.1663448211,164208.82709698516
2023-02-26 07:30:00,164205.8570509089,164208.7589510507
2023-02-26 11:30:00,164196.87004669497,164208.69562950975
2023-02-26 15:30:00,164205.10812536738,164208.72061134296
2023-02-26 19:30:00,164215.32585316015,164208.7434840704
2023-02-26 23:30:00,164209.512439069,164208.74110087432
2023-02-27 03:30:00,164202.2313567192,164208.73681134224
2023-02-27 07:30:00,164210.2734263532,164208.7615345847
2023-02-27 11:30:00,164211.26958740756,164208.74294927603
2023-02-27 15:30:00,164212.98325661325,164208.77162088553
2023-02-27 19:30:00,164208.45254643203,164208.75690622895
2023-02-27 23:30:00,164214.2477196531,164208.7957816115
2023-02-28 03:30:00,164208.77168728845,164208.77566933265
2023-02-28 07:30:00,164201.3949491394,164208.7050009058
2023-02-28 11:30:00,164208.6794379846,164208.70554142224
2023-02-28 15:30:00,164205.40025106305,164208.7075845706
2023-02-28 19:30:00,164203.11753535297,164208.65901145688
2023-02-28 23:30:00,164209.84390195552,164208.6420944885
2023-03-01 03:30:00,164198.70190543,164208.56434594016
2023-03-01 07:30:00,164203.5317616698,164208.51061141776
2023-03-01 11:30:00,164210.51772484498,164208.52285546125
2023-03-01 15:30:00,164204.80014778578,164208.5024233518
2023-03-01 19:30:00,164208.64019541413,164208.48719142654
2023-03-01 23:30:00,164211.41090049167,164208.4771307547
2023-03-02 03:30:00,164207.17007169718,164208.42503731573
2023-03-02 07:30:00,164203.0066308319,164208.37087932395
2023-03-02 11:30:00,164209.94842951625,164208.35707584486
2023-03-02 15:30:00,164207.59324207698,164208.3413177202
2023-03-02 19:30:00,164210.24826530128,164208.3738916475
2023-03-02 23:30:00,164216.30347868358,164208.36373854693
2023-03-03 03:30:00,164214.36693899683,164208.34489359098
2023-03-03 07:30:00,164200.82590621093,164208.31640471407
2023-03-03 11:30:00,164207.48741912804,164208.29528787718
2023-03-03 15:30:00,164209.63065955683,164208.2992504723
2023-03-03 19:30:00,164202.32927703706,164208.29070835307
2023-03-03 23:30:00,164203.22793563007,164208.2188121841
2023-03-04 03:30:00,164209.75469859608,164208.19811572423
2023-03-04 07:30:00,164204.8606406013,164208.1968216677
2023-03-04 11:30:00,164194.2368916537,164208.1878916416
2023-03-04 15:30:00,164207.0838236266,164208.16932043838
2023-03-04 19:30:00,164202.6627838417,164208.1174175225
2023-03-04 23:30:00,164206.3953102642,164208.05865890512
2023-03-05 03:30:00,164214.17725246007,164208.05839337342
2023-03-05 07:30:00,164199.33332482935,164208.01212842262
2023-03-05 11:30:00,164205.14000859694,164208.0187534047
2023-03-05 15:30:00,164204.5633275031,164207.9812743492
2023-03-05 19:30:00,164202.29857697498,164207.94389423484
2023-03-05 23:30:00,164205.98789652518,164207.99417972547
2023-03-06 03:30:00,164215.3304225145,164208.01912470395
2023-03-06 07:30:00,164201.62697336846,164207.9655319339
2023-03-06 11:30:00,164200.55801747457,164207.94707564457
2023-03-06 15:30:00,164214.31563956355,164207.94630374238
2023-03-06 19:30:00,164203.14118701575,164207.91346794055
2023-03-06 23:30:00,164203.733825471,164207.90462306002
2023-03-07 03:30:00,164224.2018031746,164207.95887873662
2023-03-07 07:30:00,164206.13922278336,164207.996718151
2023-03-07 11:30:00,164206.42431561195,164207.9963280901
2023-03-07 15:30:00,164218.81345385723,164208.05164301916
2023-03-07 19:30:00,164203.23185396908,164208.05782234078
2023-03-07 23:30:00,164205.9971660726,164208.07113237586
2023-03-08 03:30:00,164217.4576937494,164208.11505021818
2023-03-08 07:30:00,164209.99463533988,164208.14417112467
2023-03-08 11:30:00,164206.6743017737,164208.1771332686
2023-03-08 15:30:00,164214.31106117665,164208.25782157137
2023-03-08 19:30:00,164199.68173174045,164208.19498975293
2023-03-08 23:30:00,164207.0896800245,164208.18696534808
2023-03-09 03:30:00,164221.0330242799,164208.23595743996
2023-03-09 07:30:00,164214.0636293339,164208.2582911583
2023-03-09 11:30:00,164202.3915068058,164208.25342179104
2023-03-09 15:30:00,164216.8298041752,164208.288225699
2023-03-09 19:30:00,164212.0798006888,164208.29400380707
2023-03-09 23:30:00,164207.18087994965,164208.2955483929
2023-03-10 03:30:00,164214.28244271627,164208.34586952964
2023-03-10 07:30:00,164216.42276567448,164208.43564752117
2023-03-10 11:30:00,164204.07423897475,164208.48372402624
2023-03-10 15:30:00,164213.16101682629,164208.5249062845
2023-03-10 19:30:00,164213.0854704341,164208.55836344417
2023-03-10 23:30:00,164208.42576046687,164208.5991261042
2023-03-11 03:30:00,164207.40107675304,164208.61702897082
2023-03-11 07:30:00,164211.6572322149,164208.60418384074
2023-03-11 11:30:00,164208.293702542,164208.6335299709
2023-03-11 15:30:00,164214.8496771129,164208.66502904752
2023-03-11 19:30:00,164215.0672571997,164208.68407415424
2023-03-11 23:30:00,164203.4508165393,164208.65272830456
2023-03-12 03:30:00,164207.5525567826,164208.59884361565
2023-03-12 07:30:00,164214.64456106516,164208.6384670118
2023-03-12 11:30:00,164204.85383982892,164208.63024746775
2023-03-12 15:30:00,164206.71473321307,164208.63559217463
2023-03-12 19:30:00,164213.4125241238,164208.6474811873
2023-03-12 23:30:00,164208.70497971773,164208.6644273654
2023-03-13 03:30:00,164196.27094518588,164208.58176551564
2023-03-13 07:30:00,164213.53315245555,164208.56656991597
2023-03-13 11:30:00,164210.60215867925,164208.59694758803
2023-03-13 15:30:00,164207.21640414163,164208.58542195428
2023-03-13 19:30:00,164215.24368981205,164208.59322641575
2023-03-13 23:30:00,164204.72686712875,164208.5704885128
2023-03-14 03:30:00,164203.5323192349,164208.54387127003
2023-03-14 07:30:00,164211.97206654487,164208.5893337473
2023-03-14 11:30:00,164201.06776679194,164208.54813696726
2023-03-14 15:30:00,164203.66434163542,164208.4930986652
2023-03-14 19:30:00,164207.35735705987,164208.44775714772
2023-03-14 23:30:00,164212.3595851315,164208.45993535186
2023-03-15 03:30:00,164189.6111211182,164208.38461745612
2023-03-15 07:30:00,164196.70661470384,164208.30538479608
2023-03-15 11:30:00,164217.85208579784,164208.35080090704
2023-03-15 15:30:00,164206.69008741065,164208.34649751295
2023-03-15 19:30:00,164207.33588969006,164208.34121876946
2023-03-15 23:30:00,164205.70268302833,164208.2895864018
2023-03-16 03:30:00,164201.39590051014,164208.22598581086
2023-03-16 07:30:00,164200.31859821023,164208.17282766412
2023-03-16 11:30:00,164210.12525937156,164208.19169363516
2023-03-16 15:30:00,164204.23959878198,164208.17823186435
2023-03-16 19:30:00,164199.66870693438,164208.0771831269
2023-03-16 23:30:00,164213.8707668141,164208.0756656493
2023-03-17 03:30:00,164204.20004199748,164208.02882850502
2023-03-17 07:30:00,164204.5999348463,164207.98677997632
2023-03-17 11:30:00,164216.12568159547,164208.00634810817
2023-03-17 15:30:00,164207.25533962183,164208.02103311123
2023-03-17 19:30:00,164195.89912126813,164207.96539085408
2023-03-17 23:30:00,164215.14988054108,164208.0026046635
2023-03-18 03:30:00,164209.05366784122,164208.0012336268
2023-03-18 07:30:00,164201.29430147505,164208.0217469966
2023-03-18 11:30:00,164199.56575418188,164208.01874981614
2023-03-18 15:30:00,164209.12531256553,164207.96557928124
2023-03-18 19:30:00,164200.72774309618,164207.94578518905
2023-03-18 23:30:00,164216.26790730355,164207.9582288612
2023-03-19 03:30:00,164214.41159072757,164208.0029095843
2023-03-19 07:30:00,164199.8231359858,164208.02233953442
2023-03-19 11:30:00,164211.0675951902,164208.11671765338
2023-03-19 15:30:00,164211.21755563252,164208.08512502437
2023-03-19 19:30:00,164206.31024046396,164207.975497506
2023-03-19 23:30:00,164211.51973073676,164207.8864919829
2023-03-20 03:30:00,164218.15067226125,164207.86209202994
2023-03-20 07:30:00,164209.13731900675,164207.8586462865
2023-03-20 11:30:00,164204.85623609746,164207.826226783
2023-03-20 15:30:00,164211.40493878565,164207.85059757147
2023-03-20 19:30:00,164205.49903801683,164207.80719503673
2023-03-21 03:30:00,164218.94772908598,164207.78749036623
2023-03-21 07:30:00,164210.57343196284,164207.81306680702
2023-03-21 11:30:00,164213.17523725677,164207.93456245252
2023-03-21 15:30:00,164211.3992719293,164207.9780307237
2023-03-21 19:30:00,164205.53422673832,164207.95500708706
2023-03-21 23:30:00,164203.96491431145,164207.963231696
2023-03-22 03:30:00,164217.25429821637,164207.95108300168
2023-03-22 07:30:00,164204.44954555188,164207.91605362916
2023-03-22 11:30:00,164202.11565117538,164207.94404635593
2023-03-22 15:30:00,164211.94282159535,164207.9996830229
2023-03-22 19:30:00,164208.85867510288,164207.98619640092
2023-03-22 23:30:00,164207.46099737874,164208.024674835
2023-03-23 03:30:00,164213.97701967883,164207.9734579415
2023-03-23 07:30:00,164208.57668800387,164207.9553397095
2023-03-23 11:30:00,164207.5372522516,164207.9857178409
2023-03-23 15:30:00,164214.83539113813,164208.0267952573
2023-03-23 19:30:00,164209.40942247465,164208.06843180582
2023-03-23 23:30:00,164208.48362262524,164208.0746448663
2023-03-24 03:30:00,164213.67091496862,164208.05394557197
2023-03-24 07:30:00,164213.94730802538,164208.04896456705
2023-03-24 11:30:00,164207.46146368684,164208.09451717648
2023-03-24 15:30:00,164213.03090405042,164208.15624221563
2023-03-24 19:30:00,164214.03163564854,164208.13141597123
2023-03-24 23:30:00,164207.11248214965,164208.14444923025
2023-03-25 03:30:00,164213.53493514392,164208.14853891477
2023-03-25 07:30:00,164212.9377036996,164208.20577696245
2023-03-25 11:30:00,164206.40110988275,164208.23750970507
2023-03-25 15:30:00,164210.90599840137,164208.22885543632
2023-03-25 19:30:00,164210.04264444657,164208.2182253988
2023-03-25 23:30:00,164199.42819453604,164208.181006697
2023-03-26 03:30:00,164203.93274594643,164208.15361928265
2023-03-26 07:30:00,164210.625675132,164208.12262418613
2023-03-26 11:30:00,164200.25369106012,164208.0914129457
2023-03-26 15:30:00,164199.76527091197,164208.07322567303
2023-03-26 19:30:00,164207.55908661243,164208.0609044832
2023-03-26 23:30:00,164208.71200985883,164208.07173177876
2023-03-27 03:30:00,164201.22414582456,164208.05255420142
2023-03-27 07:30:00,164210.3841776665,164208.04817581968
2023-03-27 11:30:00,164208.38813925048,164208.04744398245
2023-03-27 15:30:00,164203.2954659432,164208.04150746358
2023-03-27 19:30:00,164210.44762553813,164208.03119611918
2023-03-27 23:30:00,164209.68537530178,164208.0620046337
2023-03-28 03:30:00,164210.44942066993,164208.06358606304
2023-03-28 07:30:00,164210.26289123308,164208.08819969615
2023-03-28 11:30:00,164201.36691281432,164208.11332185322
2023-03-28 15:30:00,164205.11406425788,164208.1133550314
2023-03-28 19:30:00,164210.49145099774,164208.0863471981
2023-03-28 23:30:00,164211.1561316354,164208.09552983815
2023-03-29 03:30:00,164206.502803028,164208.11939266665
2023-03-29 07:30:00,164209.54947573176,164208.1153482498
2023-03-29 11:30:00,164206.2433708077,164208.08726882745
2023-03-29 15:30:00,164203.5351540698,164208.03448613166
2023-03-29 19:30:00,164195.1998248631,164207.96044858097
2023-03-29 23:30:00,164196.37813838836,164207.86061851805
2023-03-30 03:30:00,164201.9135739747,164207.82230503586
2023-03-30 07:30:00,164219.16646670797,164207.92158725692
2023-03-30 11:30:00,164210.37338380553,164207.93105064143
2023-03-30 15:30:00,164198.25339327825,164207.89112406157
2023-03-30 19:30:00,164208.34037325665,164207.920301927
2023-03-30 23:30:00,164206.05090046168,164207.89911197452
2023-03-31 03:30:00,164205.91178454005,164207.93939062874
2023-03-31 07:30:00,164205.0843256846,164207.94806417072
2023-03-31 11:30:00,164220.472943729,164208.00367991868
2023-03-31 15:30:00,164207.84907778061,164208.02071304712
2023-03-31 19:30:00,164198.2204929892,164207.96250241905
2023-03-31 23:30:00,164207.12089737382,164207.9385359212
2023-04-01 03:30:00,164210.0010306833,164207.9543513345
2023-04-01 07:30:00,164203.3812570805,164207.9564442186
2023-04-01 11:30:00,164208.82903233095,164207.95019060303
2023-04-01 15:30:00,164204.50105233747,164207.93291580002
2023-04-01 19:30:00,164204.9066435487,164207.90307433775
2023-04-01 23:30:00,164207.37571396204,164207.8531985572
2023-04-02 03:30:00,164212.34757605536,164207.84191719993
2023-04-02 07:30:00,164204.40638467003,164207.8619198729
2023-04-02 11:30:00,164210.7032879927,164207.87988562073
2023-04-02 15:30:00,164210.0470119834,164207.88221161196
2023-04-02 19:30:00,164208.45696397693,164207.9164444999
2023-04-02 23:30:00,164208.8450859192,164207.94782522775
2023-04-03 03:30:00,164214.98604073358,164207.97705060284
2023-04-03 07:30:00,164204.55279876015,164207.975330816
2023-04-03 11:30:00,164205.6242698686,164208.03894745407
2023-04-03 15:30:00,164214.3994572493,164208.07981691568
2023-04-03 19:30:00,164207.558256463,164208.10716592474
2023-04-03 23:30:00,164212.94255095176,164208.14374268832
2023-04-04 03:30:00,164216.4577391681,164208.15648283754
2023-04-04 07:30:00,164209.34089461985,164208.21239104867
2023-04-04 11:30:00,164208.861754521,164208.23318292532
2023-04-04 15:30:00,164210.80339229025,164208.26804362246
2023-04-04 19:30:00,164207.6677335467,164208.29803891058
2023-04-04 23:30:00,164208.18865805015,164208.3103336677
2023-04-05 03:30:00,164214.4916041636,164208.30564753164
2023-04-05 07:30:00,164208.82553009002,164208.34586293233
2023-04-05 11:30:00,164208.37977315276,164208.38955989145
2023-04-05 15:30:00,164210.16439528612,164208.36636858262
2023-04-05 19:30:00,164210.39002322603,164208.40686487433
2023-04-05 23:30:00,164207.58295720335,164208.4283684035
2023-04-06 03:30:00,164214.52947260687,164208.37433303724
2023-04-06 07:30:00,164207.49788952045,164208.38192335423
2023-04-06 11:30:00,164207.98139764136,164208.39062213647
2023-04-06 15:30:00,164214.39027335917,164208.3659116309
2023-04-06 19:30:00,164211.96601919224,164208.41470585
2023-04-06 23:30:00,164209.04431666192,164208.4317290377
2023-04-07 03:30:00,164214.04804207024,164208.41268070426
2023-04-07 07:30:00,164210.3631069851,164208.4147392051
2023-04-07 11:30:00,164209.4499702738,164208.43024573306
2023-04-07 15:30:00,164216.09106378403,164208.4401898817
2023-04-07 19:30:00,164215.4662446895,164208.52837151824
2023-04-07 23:30:00,164206.85793980482,164208.52707688016
2023-04-08 03:30:00,164207.27532637204,164208.45021823264
2023-04-08 07:30:00,164211.37304154196,164208.43518701592
2023-04-08 11:30:00,164209.5930187746,164208.47541892633
2023-04-08 15:30:00,164216.48449202065,164208.47348980818
2023-04-08 19:30:00,164217.98308341208,164208.50646904128
2023-04-08 23:30:00,164195.17898655005,164208.43941935748
2023-04-09 03:30:00,164198.05752179804,164208.34877734113
2023-04-09 07:30:00,164224.9059999772,164208.3961697116
2023-04-09 11:30:00,164207.84891363845,164208.41725727954
2023-04-09 15:30:00,164205.17821794192,164208.3726606377
2023-04-09 19:30:00,164213.3394268191,164208.37407938845
2023-04-09 23:30:00,164209.83872933037,164208.38197306925
2023-04-10 03:30:00,164204.0869771748,164208.3634585465
2023-04-10 07:30:00,164213.79845744258,164208.37542069858
2023-04-10 11:30:00,164209.82860475796,164208.38399557132
2023-04-10 15:30:00,164206.86091959267,164208.339365641
2023-04-10 19:30:00,164219.31057517865,164208.36307132806
2023-04-10 23:30:00,164211.45213774542,164208.40777144654
2023-04-11 03:30:00,164206.9954670913,164208.40465921361
2023-04-11 07:30:00,164213.5565897626,164208.39858116166
2023-04-11 11:30:00,164210.13179308941,164208.42806693405
2023-04-11 15:30:00,164213.64091056326,164208.46676066227
2023-04-11 19:30:00,164217.89668309974,164208.49181182974
2023-04-11 23:30:00,164209.99336324088,164208.49900950305
2023-04-12 03:30:00,164190.06725754595,164208.4643520302
2023-04-12 07:30:00,164214.56546810997,164208.47011915673
2023-04-12 11:30:00,164209.57533405878,164208.46438270638
2023-04-12 15:30:00,164209.64120588213,164208.4779290848
2023-04-12 19:30:00,164211.1011707105,164208.45478652
2023-04-12 23:30:00,164211.49371121102,164208.4925901182
2023-04-13 03:30:00,164200.33423896378,164208.474723748
2023-04-13 07:30:00,164211.09087707722,164208.4698009018
2023-04-13 11:30:00,164216.44223939846,164208.5556918102
2023-04-13 15:30:00,164213.71281371167,164208.6118285257
2023-04-13 19:30:00,164220.28580370624,164208.68405448465
2023-04-13 23:30:00,164217.02091327184,164208.71009542397
2023-04-14 03:30:00,164208.66096555445,164208.8165191359
2023-04-14 07:30:00,164208.4158227421,164208.88193370594
2023-04-14 11:30:00,164212.81667411793,164208.85380291444
2023-04-14 15:30:00,164202.98053813656,164208.8330791755
2023-04-14 19:30:00,164204.7000978521,164208.8183540814
2023-04-14 23:30:00,164208.20658291192,164208.8323423489
2023-04-15 03:30:00,164203.7570210923,164208.84553296672
2023-04-15 07:30:00,164209.73213203164,164208.89812254114
2023-04-15 11:30:00,164217.63157982353,164208.9400572923
2023-04-15 15:30:00,164203.83310803695,164208.93778639424
2023-04-15 19:30:00,164211.66641082693,164209.00481267294
2023-04-15 23:30:00,164214.39902231065,164209.007763821
2023-04-16 03:30:00,164205.41457236797,164209.01454890685
2023-04-16 07:30:00,164201.78012261217,164208.9987957659
2023-04-16 11:30:00,164209.95294262806,164208.96431119065
2023-04-16 15:30:00,164206.5963724307,164208.96062980968
2023-04-16 19:30:00,164208.63124278025,164209.03175898016
2023-04-16 23:30:00,164214.04425414203,164209.02558229637
2023-04-17 03:30:00,164213.748806623,164209.05181212194
2023-04-17 07:30:00,164205.51286173385,164209.07537949766
2023-04-17 11:30:00,164213.4685597114,164209.1530488023
2023-04-17 15:30:00,164211.0479115674,164209.1637895789
2023-04-17 19:30:00,164207.11579553268,164209.19947702266
2023-04-17 23:30:00,164212.22571435577,164209.17689493916
2023-04-18 03:30:00,164210.55470036287,164209.1553480656
2023-04-18 07:30:00,164203.97731826038,164209.1785557878
2023-04-18 11:30:00,164209.87263225383,164209.1718800172
2023-04-18 15:30:00,164209.44110299903,164209.16195570084
2023-04-18 19:30:00,164203.24604746167,164209.14483730416
2023-04-18 23:30:00,164213.92445358998,164209.15827151007
2023-04-19 03:30:00,164210.9790424572,164209.11820653907
2023-04-19 07:30:00,164205.439776085,164209.0975498747
2023-04-19 11:30:00,164211.50682401966,164209.13470399717
2023-04-19 15:30:00,164214.22257426352,164209.15044497748
2023-04-19 19:30:00,164202.78192996845,164209.13526560293
2023-04-19 23:30:00,164208.83796744843,164209.13361394653
2023-04-20 03:30:00,164216.524902638,164209.12015379957
2023-04-20 07:30:00,164207.46737306847,164209.10289791683
2023-04-20 11:30:00,164213.23391116838,164209.10322388302
2023-04-20 15:30:00,164218.53789748068,164209.14288291385
2023-04-20 19:30:00,164207.56352119954,164209.15415677195
2023-04-20 23:30:00,164209.1995464444,164209.1832380616
2023-04-21 03:30:00,164215.42104493116,164209.17305332114
2023-04-21 07:30:00,164201.94783951057,164209.15915495425
2023-04-21 11:30:00,164198.414300805,164209.1385918966
2023-04-21 15:30:00,164210.77247937588,164209.1320899954
2023-04-21 19:30:00,164207.34405320958,164209.1236754293
2023-04-21 23:30:00,164198.60792110203,164209.07449167222
2023-04-22 03:30:00,164211.14149450016,164209.05873875457
2023-04-22 07:30:00,164224.4251483423,164209.14678575646
2023-04-22 11:30:00,164212.18261713983,164209.17259333917
2023-04-22 15:30:00,164213.50697615382,164209.16521325594
2023-04-22 19:30:00,164207.59050589887,164209.1551081638
2023-04-22 23:30:00,164202.1792506818,164209.12008387526
2023-04-23 03:30:00,164214.92486659833,164209.12705027318
2023-04-23 07:30:00,164214.88983112253,164209.13228651264
2023-04-23 11:30:00,164212.99139998038,164209.1630083809
2023-04-23 15:30:00,164212.57385646345,164209.16046922765
2023-04-23 19:30:00,164193.92689683306,164209.04877623424
2023-04-23 23:30:00,164202.07662860397,164209.0207992701
2023-04-24 03:30:00,164199.63196071237,164208.94356052324
2023-04-24 07:30:00,164220.62662040896,164208.9862767272
2023-04-24 11:30:00,164216.41202096205,164209.04189289984
2023-04-24 15:30:00,164202.64010630632,164208.99597127712
2023-04-24 19:30:00,164209.2621249195,164208.99163505752
2023-04-24 23:30:00,164202.89278043696,164209.010882757
2023-04-25 03:30:00,164207.8127147177,164209.03243813902
2023-04-25 07:30:00,164224.0803049061,164209.1071860822
2023-04-25 11:30:00,164210.12767106804,164209.1620415267
2023-04-25 15:30:00,164211.4524729104,164209.22697042668
2023-04-25 19:30:00,164215.56995632037,164209.2714752584
2023-04-25 23:30:00,164212.48494961823,164209.29243603486
2023-04-26 03:30:00,164208.47986265618,164209.3327455728
2023-04-26 07:30:00,164209.78173565087,164209.32939867268
2023-04-26 11:30:00,164212.63944003123,164209.35301701038
2023-04-26 15:30:00,164204.5314658552,164209.35988367654
2023-04-26 19:30:00,164194.78333437393,164209.27285983675
2023-04-26 23:30:00,164205.76147719854,164209.25106040286
2023-04-27 03:30:00,164208.4001046528,164209.23967531387
2023-04-27 07:30:00,164227.11898882143,164209.33332030047
2023-04-27 11:30:00,164205.89925942055,164209.35850000384
2023-04-27 15:30:00,164207.51812198458,164209.37185588008
2023-04-27 19:30:00,164202.45423634237,164209.32720468755
2023-04-27 23:30:00,164201.89668384613,164209.27576331096
2023-04-28 03:30:00,164201.85914222017,164209.24996519537
2023-04-28 07:30:00,164198.7118932412,164209.18975640374
2023-04-28 11:30:00,164210.1781170256,164209.21161610496
2023-04-28 15:30:00,164212.62898142246,164209.262137368
2023-04-28 19:30:00,164203.28556610926,164209.30705815277
2023-04-28 23:30:00,164212.981860999,164209.3993010561
2023-04-29 03:30:00,164200.81450290172,164209.39319510572
2023-04-29 07:30:00,164202.807641081,164209.3023127411
2023-04-29 11:30:00,164215.6196281859,164209.33145854322
2023-04-29 15:30:00,164209.23407421223,164209.39246232618
2023-04-29 19:30:00,164204.9719061686,164209.37374862016
2023-04-29 23:30:00,164218.4258192496,164209.442498169
2023-04-30 03:30:00,164204.72771384197,164209.43591999845
2023-04-30 07:30:00,164207.83721572926,164209.45121383204
2023-04-30 11:30:00,164214.77411777875,164209.41955368785
2023-04-30 15:30:00,164211.03782321716,164209.4372689403
2023-04-30 19:30:00,164214.2903912139,164209.52654615263
2023-04-30 23:30:00,164213.88295381493,164209.56411313283
2023-05-01 03:30:00,164211.85996413234,164209.57444054095
2023-05-01 07:30:00,164207.73229039868,164209.59861294826
2023-05-01 11:30:00,164213.02351678122,164209.62191563964
2023-05-01 15:30:00,164209.65101918599,164209.65052656655
2023-05-01 19:30:00,164212.98580161054,164209.695410778
2023-05-01 23:30:00,164206.0537199122,164209.68806636662
2023-05-02 03:30:00,164198.99618922474,164209.61389199537
2023-05-02 07:30:00,164201.29729058247,164209.59661925043
2023-05-02 11:30:00,164206.6275215905,164209.57397610374
2023-05-02 15:30:00,164216.64710412675,164209.6106432823
2023-05-02 19:30:00,164211.09246791882,164209.62528497085
2023-05-02 23:30:00,164211.8026380585,164209.6417158161
2023-05-03 03:30:00,164206.24768375012,164209.5931693884
2023-05-03 07:30:00,164208.3250246849,164209.6141261991
2023-05-03 11:30:00,164212.17237143102,164209.65050454112
2023-05-03 15:30:00,164212.84404462346,164209.64186335984
2023-05-03 19:30:00,164209.40645160075,164209.65213111063
2023-05-03 23:30:00,164203.91174911748,164209.60195998932
2023-05-04 03:30:00,164208.5875263826,164209.55823658497
2023-05-04 07:30:00,164214.00912924012,164209.58417122174
2023-05-04 11:30:00,164214.45476483708,164209.6152435013
2023-05-04 15:30:00,164212.7866629662,164209.6262616717
2023-05-04 19:30:00,164208.22243752723,164209.62934336046
2023-05-04 23:30:00,164208.74722648197,164209.6324465184
2023-05-05 03:30:00,164206.76542272596,164209.58952328822
2023-05-05 07:30:00,164208.20877089628,164209.58609684827
2023-05-05 11:30:00,164204.0578758379,164209.56208630762
2023-05-05 15:30:00,164205.83651675817,164209.53804253804
2023-05-05 19:30:00,164210.93850163327,164209.5410896403
2023-05-05 23:30:00,164199.9928305344,164209.4989222699
2023-05-06 03:30:00,164210.53377116047,164209.47672392853
2023-05-06 07:30:00,164209.10369232405,164209.48564505522
2023-05-06 11:30:00,164209.64505139066,164209.49488757606
2023-05-06 15:30:00,164216.6938969923,164209.5076854851
2023-05-06 19:30:00,164208.41569217772,164209.48796144617
2023-05-06 23:30:00,164210.20929653954,164209.49443355654
2023-05-07 03:30:00,164210.0933098531,164209.47246282204
2023-05-07 07:30:00,164208.76676914716,164209.4635942785
2023-05-07 11:30:00,164212.27921033002,164209.4793122788
2023-05-07 15:30:00,164205.3132083274,164209.41943530404
2023-05-07 19:30:00,164205.10605256588,164209.36187868117
2023-05-07 23:30:00,164211.96659125277,164209.3902600781
2023-05-08 03:30:00,164215.60641048884,164209.43654387872
2023-05-08 07:30:00,164213.7791043828,164209.44991089453
2023-05-08 11:30:00,164209.05592004425,164209.4469270127
2023-05-08 15:30:00,164217.1509006517,164209.45062928283
2023-05-08 19:30:00,164210.39681964694,164209.40848337303
2023-05-08 23:30:00,164210.76566077792,164209.49507600765
2023-05-09 03:30:00,164211.96887597232,164209.57236130862
2023-05-09 07:30:00,164209.93768981576,164209.48920402993
2023-05-09 11:30:00,164203.75013064957,164209.46643301332
2023-05-09 15:30:00,164203.75900396434,164209.45854849124
2023-05-09 19:30:00,164214.12559084035,164209.46291606914
2023-05-09 23:30:00,164212.82346862796,164209.4794979541
2023-05-10 03:30:00,164216.5204150049,164209.54857260874
2023-05-10 07:30:00,164220.82140788427,164209.58758900006
2023-05-10 11:30:00,164212.21181116786,164209.60082903568
2023-05-10 15:30:00,164214.34355384632,164209.642399226
2023-05-10 19:30:00,164213.1260300751,164209.60804064205
2023-05-10 23:30:00,164209.1680667214,164209.5953513586
2023-05-11 03:30:00,164208.4019269198,164209.6031650243
2023-05-11 07:30:00,164207.4398897804,164209.56918335776
2023-05-11 11:30:00,164205.94617199528,164209.5459299072
2023-05-11 15:30:00,164213.76117513605,164209.54659804376
2023-05-11 19:30:00,164207.79338025386,164209.4904685835
2023-05-11 23:30:00,164214.1610901184,164209.5136226217
2023-05-12 03:30:00,164211.02857374432,164209.63007437836
2023-05-12 07:30:00,164216.55516442715,164209.6411282468
2023-05-12 11:30:00,164210.91912929373,164209.64859377584
2023-05-12 15:30:00,164209.28876757604,164209.64663578526
2023-05-12 19:30:00,164209.52133840232,164209.63785893912
2023-05-12 23:30:00,164198.38161072237,164209.5650139364
2023-05-13 03:30:00,164201.8972365316,164209.57369725622
2023-05-13 07:30:00,164205.78950231877,164209.54424517424
2023-05-13 11:30:00,164210.95765457276,164209.5137752585
2023-05-13 15:30:00,164213.25628153124,164209.51123896864
2023-05-13 19:30:00,164212.84947353083,164209.46992602322
2023-05-13 23:30:00,164211.88291868873,164209.44138160886
2023-05-14 03:30:00,164208.11132887495,164209.43832807176
2023-05-14 07:30:00,164209.19050479226,164209.44263186093
2023-05-14 11:30:00,164214.67848068583,164209.45297523076
2023-05-14 15:30:00,164209.41347147516,164209.48871374928
2023-05-14 19:30:00,164210.01192268947,164209.51822388728
2023-05-14 23:30:00,164219.8473999643,164209.58289509313
2023-05-15 03:30:00,164216.74977986357,164209.6550770863
2023-05-15 07:30:00,164212.63713569447,164209.67121599554
2023-05-15 11:30:00,164214.3812734805,164209.65315873805
2023-05-15 15:30:00,164215.83701541016,164209.71984711237
2023-05-15 19:30:00,164209.44419081125,164209.70750144563
2023-05-15 23:30:00,164213.25152407578,164209.70112645545
2023-05-16 03:30:00,164208.6910621093,164209.7193291762
2023-05-16 07:30:00,164203.04512227932,164209.72635695216
2023-05-16 11:30:00,164208.13560955712,164209.71626065733
2023-05-16 15:30:00,164213.11722431757,164209.75248761222
2023-05-16 19:30:00,164208.75656366936,164209.7531838394
2023-05-16 23:30:00,164208.21486514682,164209.72079834496
2023-05-17 03:30:00,164211.7833958299,164209.70987939613
2023-05-17 07:30:00,164204.6311272377,164209.70498087117
2023-05-17 11:30:00,164211.01307701887,164209.69133930063
2023-05-17 15:30:00,164210.9913994594,164209.69102534445
2023-05-17 19:30:00,164208.83911093496,164209.70059931892
2023-05-17 23:30:00,164208.1364047926,164209.67788093243
2023-05-18 03:30:00,164209.83907182942,164209.6739052184
2023-05-18 07:30:00,164215.37228650315,164209.73721059755
2023-05-18 11:30:00,164220.38643440622,164209.7956206095
2023-05-18 15:30:00,164219.4770613109,164209.85137593345
2023-05-18 19:30:00,164210.8545161404,164209.89364520388
2023-05-18 23:30:00,164205.06414995575,164209.84442129478
2023-05-19 03:30:00,164212.18300107247,164209.85110995374
2023-05-19 07:30:00,164213.04492348974,164209.8933607727
2023-05-19 11:30:00,164210.99463647875,164209.89051528633
2023-05-19 15:30:00,164196.9978500201,164209.7948223739
2023-05-19 19:30:00,164200.0840544911,164209.7798341768
2023-05-19 23:30:00,164202.14821022245,164209.74266885887
2023-05-20 03:30:00,164215.6768306235,164209.73795734768
2023-05-20 07:30:00,164212.41864324053,164209.7654644042
2023-05-20 11:30:00,164217.78304541978,164209.79073737224
2023-05-20 15:30:00,164212.9361783371,164209.75961671036
2023-05-20 19:30:00,164205.84356579024,164209.7500614025
2023-05-20 23:30:00,164200.7391635967,164209.70305927558
2023-05-21 03:30:00,164204.13030017458,164209.64033291582
2023-05-21 07:30:00,164207.39618457737,164209.6706014995
2023-05-21 11:30:00,164211.0885811804,164209.74101416828
2023-05-21 15:30:00,164206.80512169583,164209.71897329227
2023-05-21 19:30:00,164209.56458849815,164209.73130959942
2023-05-21 23:30:00,164206.21339577477,164209.7735622365
2023-05-22 03:30:00,164212.4486684356,164209.78082431393
2023-05-22 07:30:00,164208.0968131533,164209.69011134063
2023-05-22 11:30:00,164209.71622304656,164209.67640915123
2023-05-22 15:30:00,164212.8760745198,164209.67290414218
2023-05-22 19:30:00,164207.73489078606,164209.67370628045
2023-05-22 23:30:00,164200.2384352848,164209.66292397268
2023-05-23 03:30:00,164206.8002803331,164209.61778738233
2023-05-23 07:30:00,164211.99395152504,164209.6016991623
2023-05-23 11:30:00,164219.29134317627,164209.63669884673
2023-05-23 15:30:00,164213.1733833479,164209.64002955167
2023-05-23 19:30:00,164212.18784704438,164209.74147927505
2023-05-23 23:30:00,164204.6235257062,164209.75562870337
2023-05-24 03:30:00,164207.14959468637,164209.7973933366
2023-05-24 07:30:00,164212.75079664538,164209.75363876013
2023-05-24 11:30:00,164211.1506960075,164209.72440917706
2023-05-24 15:30:00,164211.69568961064,164209.7747179732
2023-05-24 19:30:00,164202.07398405712,164209.73478385728
2023-05-24 23:30:00,164193.8293423921,164209.6844314237
2023-05-25 03:30:00,164203.13070196338,164209.65842024176
2023-05-25 07:30:00,164205.85186974512,164209.55715115753
2023-05-25 11:30:00,164207.01266999953,164209.539845596
2023-05-25 15:30:00,164210.0276546822,164209.53192993917
2023-05-25 19:30:00,164205.90296672063,164209.4782244414
2023-05-25 23:30:00,164207.12902812575,164209.448469322
2023-05-26 03:30:00,164191.05111865245,164209.35164296642
2023-05-26 07:30:00,164210.30741473462,164209.3545634058
2023-05-26 11:30:00,164205.90516234696,164209.31715075197
2023-05-26 15:30:00,164207.4909638855,164209.3335924077
2023-05-26 19:30:00,164209.0934779931,164209.4130932056
2023-05-26 23:30:00,164206.72101459873,164209.41842396892
2023-05-27 03:30:00,164199.09774149096,164209.36674417357
2023-05-27 07:30:00,164209.25295410503,164209.26748842513
2023-05-27 11:30:00,164204.65142149708,164209.26055599225
2023-05-27 15:30:00,164211.8477023858,164209.28460921673
2023-05-27 19:30:00,164216.93096861933,164209.36503550713
2023-05-27 23:30:00,164211.60241812406,164209.41895625312
2023-05-28 03:30:00,164208.35816318725,164209.45506192517
2023-05-28 07:30:00,164206.44020960468,164209.49799701606
2023-05-28 11:30:00,164212.52066155718,164209.51101115232
2023-05-28 15:30:00,164214.81319632643,164209.5231456796
2023-05-28 19:30:00,164212.7242919719,164209.5755830455
2023-05-28 23:30:00,164206.5198055432,164209.5396827374
2023-05-29 03:30:00,164207.6484850386,164209.57764930485
2023-05-29 07:30:00,164205.4430599019,164209.5922905205
2023-05-29 11:30:00,164203.62243271488,164209.52563943458
2023-05-29 15:30:00,164211.401046944,164209.53767817197
2023-05-29 19:30:00,164210.38981526293,164209.56777766693
2023-05-29 23:30:00,164211.85051298447,164209.53124818768
2023-05-30 03:30:00,164202.9531806282,164209.52138966983
2023-05-30 07:30:00,164200.07870637358,164209.47828684005
2023-05-30 11:30:00,164209.6475980958,164209.44980617517
2023-05-30 15:30:00,164209.80448691425,164209.44295430678
2023-05-30 19:30:00,164208.98974391443,164209.41350626625
2023-05-30 23:30:00,164207.34352896683,164209.37717612824
2023-05-31 03:30:00,164201.76641616962,164209.32110086174
2023-05-31 07:30:00,164209.9626589056,164209.3334917979
2023-05-31 11:30:00,164214.09666460034,164209.33945373024
2023-05-31 15:30:00,164214.41001436373,164209.36589259232
2023-05-31 19:30:00,164210.7662339722,164209.353561661
2023-05-31 23:30:00,164203.18516113708,164209.33762522336
2023-06-01 03:30:00,164202.79475676955,164209.3587283764
2023-06-01 07:30:00,164206.14351658896,164209.3856518542
2023-06-01 11:30:00,164208.370493296,164209.39533503036
2023-06-01 15:30:00,164209.64386544583,164209.35642814878
2023-06-01 19:30:00,164211.95324991652,164209.361210271
2023-06-01 23:30:00,164208.12594967446,164209.3407842244
2023-06-02 03:30:00,164203.74043376293,164209.32685505785
2023-06-02 07:30:00,164207.59910898824,164209.32282219286
2023-06-02 11:30:00,164205.86743815133,164209.28779478572
2023-06-02 15:30:00,164212.86667993735,164209.28792053746
2023-06-02 19:30:00,164213.9218505227,164209.31300608703
2023-06-02 23:30:00,164209.78323286257,164209.3456254412
2023-06-03 03:30:00,164208.2603341663,164209.34380770664
2023-06-03 07:30:00,164207.57956489603,164209.30808790473
2023-06-03 11:30:00,164208.23570712862,164209.27353758414
2023-06-03 15:30:00,164210.51435809553,164209.26091366817
2023-06-03 19:30:00,164208.24331812383,164209.2610296715
2023-06-03 23:30:00,164209.71593376857,164209.26641137866
2023-06-04 03:30:00,164212.89512824727,164209.30046529823
2023-06-04 07:30:00,164205.87782527678,164209.28751560033
2023-06-04 11:30:00,164213.6046205996,164209.3405530712
2023-06-04 15:30:00,164210.61350130878,164209.36709187427
2023-06-04 19:30:00,164209.50774113584,164209.3591432048
2023-06-04 23:30:00,164209.9575271524,164209.4145026305
2023-06-05 03:30:00,164211.4589258811,164209.41964237895
2023-06-05 07:30:00,164207.97955798518,164209.41339718818
2023-06-05 11:30:00,164203.89751501594,164209.38146643055
2023-06-05 15:30:00,164207.23800937244,164209.32893372158
2023-06-05 19:30:00,164206.6965238685,164209.3193827865
2023-06-05 23:30:00,164192.78236377815,164209.2225664934
2023-06-06 03:30:00,164217.00390620372,164209.26095869532
2023-06-06 07:30:00,164205.9754015828,164209.24545109773
2023-06-06 11:30:00,164212.32053512585,164209.24568067995
2023-06-06 15:30:00,164209.11355518395,164209.26679371804
2023-06-06 19:30:00,164216.44311747464,164209.32977741197
2023-06-06 23:30:00,164208.12212702955,164209.3084192774
2023-06-07 03:30:00,164208.87695755681,164209.27103342777
2023-06-07 07:30:00,164210.01683115886,164209.25013190985
2023-06-07 11:30:00,164209.63327152023,164209.25333941804
2023-06-07 15:30:00,164208.3504441546,164209.20444799308
2023-06-07 19:30:00,164208.6118373214,164209.1945314246
2023-06-07 23:30:00,164208.23339660114,164209.18046329028
2023-06-08 03:30:00,164216.8322221272,164209.20748188006
2023-06-08 07:30:00,164214.4590625596,164209.23260061748
2023-06-08 11:30:00,164205.09252466625,164209.24005836202
2023-06-08 15:30:00,164208.25083603058,164209.26501298466
2023-06-08 19:30:00,164210.83166839476,164209.2467134155
2023-06-08 23:30:00,164204.06992082784,164209.19808259438
2023-06-09 03:30:00,164204.99762919155,164209.13406711764
2023-06-09 07:30:00,164213.39725737539,164209.09282183705
2023-06-09 11:30:00,164208.74620990557,164209.07356849668
2023-06-09 15:30:00,164206.6157628685,164209.0306363246
2023-06-09 19:30:00,164214.86178248544,164209.04027939355
2023-06-09 23:30:00,164214.33893935697,164209.06900646372
2023-06-10 03:30:00,164211.1587422297,164209.08432210438
2023-06-10 07:30:00,164212.2746642344,164209.11118196242
2023-06-10 11:30:00,164216.0918875069,164209.1675470486
2023-06-10 15:30:00,164209.4318088906,164209.1434950139
2023-06-10 19:30:00,164208.7814903219,164209.14898451426
2023-06-10 23:30:00,164213.26074073766,164209.14398257327
2023-06-11 03:30:00,164206.9367883144,164209.12125043198
2023-06-11 07:30:00,164209.40969864663,164209.08155339988
2023-06-11 11:30:00,164211.57071644906,164209.08517332855
2023-06-11 15:30:00,164205.55759167098,164209.0644445735
2023-06-11 19:30:00,164200.77726599417,164209.01586639346
2023-06-11 23:30:00,164210.41683790344,164209.0827287667
2023-06-12 03:30:00,164206.1754704321,164209.1064967328
2023-06-12 07:30:00,164204.0855810639,164209.09703050362
2023-06-12 11:30:00,164213.6922366722,164209.11222262637
2023-06-12 15:30:00,164211.965559965,164209.105051951
2023-06-12 19:30:00,164209.56105614942,164209.08678296552
2023-06-12 23:30:00,164212.98998607585,164209.0929333399
2023-06-13 03:30:00,164210.01515162256,164209.103510133
2023-06-13 07:30:00,164212.63194136237,164209.12262922502
2023-06-13 11:30:00,164217.8410520818,164209.1401990661
2023-06-13 15:30:00,164214.8648741768,164209.17048463668
2023-06-13 19:30:00,164209.0824407587,164209.16532084817
2023-06-13 23:30:00,164211.7949954367,164209.12058526746
2023-06-14 03:30:00,164213.51103991168,164209.10259226774
2023-06-14 07:30:00,164196.3150546206,164209.01191403958
2023-06-14 11:30:00,164204.40454355688,164208.9564877622
2023-06-14 15:30:00,164213.20325941147,164208.94185578445
2023-06-14 19:30:00,164205.93450173803,164208.9223575118
2023-06-14 23:30:00,164210.71113460185,164208.90824423695
2023-06-15 03:30:00,164207.6128256604,164208.90225403444
2023-06-15 07:30:00,164200.53115016647,164208.88828752268
2023-06-15 11:30:00,164202.84131947684,164208.8588748
2023-06-22 07:30:00,164207.4353664082,164208.71144664352
2023-06-22 11:30:00,164190.89588341658,164208.50862193096
2023-06-22 15:30:00,164200.96403188325,164208.42141227762
2023-06-22 19:30:00,164213.52040765632,164208.4309305677
2023-06-22 23:30:00,164202.36485757356,164208.41479722393
2023-06-23 03:30:00,164218.85970386924,164208.49844086095
2023-06-23 07:30:00,164215.22244062377,164208.5160954608
2023-06-23 11:30:00,164207.91851183376,164208.49300843096
2023-06-23 15:30:00,164209.9627475284,164208.48063027323
2023-06-23 19:30:00,164212.05376012798,164208.55191438805
2023-06-23 23:30:00,164205.88449023364,164208.6380225869
2023-06-24 03:30:00,164205.07700312784,164208.65192473808
2023-06-24 07:30:00,164213.20077420148,164208.70441691278
2023-06-24 11:30:00,164209.43403760067,164208.7217123956
2023-06-24 15:30:00,164219.51958047278,164208.78951186556
2023-06-24 19:30:00,164215.50837020949,164208.85812189046
2023-06-24 23:30:00,164211.9109271809,164208.8922783123
2023-06-25 03:30:00,164212.75313171037,164209.0472926913
2023-06-25 07:30:00,164216.06869242064,164209.08844467474
2023-06-25 11:30:00,164208.7280641249,164209.1086082589
2023-06-25 15:30:00,164209.05728679226,164209.11979627964
2023-06-25 19:30:00,164212.6766904021,164209.145390654
2023-06-25 23:30:00,164208.78779851712,164209.16015339628
2023-06-26 03:30:00,164209.2019077315,164209.23232601228
2023-06-26 07:30:00,164211.47637415768,164209.24820758408
2023-06-26 11:30:00,164214.70742687408,164209.32003619394
2023-06-26 15:30:00,164204.92961507247,164209.27062128455
2023-06-26 19:30:00,164210.58593620514,164209.22529962444
2023-06-26 23:30:00,164212.23153706887,164209.22979333118
2023-06-27 03:30:00,164207.9680391958,164209.22700673123
2023-06-27 07:30:00,164207.74917811074,164209.23635650627
2023-06-27 11:30:00,164209.50076600505,164209.21478582377
2023-06-27 15:30:00,164209.86914149288,164209.1794711464
2023-06-27 19:30:00,164210.27122755928,164209.16194925774
2023-06-27 23:30:00,164213.99303935838,164209.21532949927
2023-06-28 03:30:00,164213.0870631171,164209.25417648556
2023-06-28 07:30:00,164211.72986082788,164209.29908220645
2023-06-28 11:30:00,164210.82627154028,164209.35053819805
2023-06-28 15:30:00,164212.63622833407,164209.35936092227
2023-06-28 19:30:00,164212.41286242259,164209.3738112591
2023-06-28 23:30:00,164216.53500658547,164209.40727192772
2023-06-29 03:30:00,164208.80755882355,164209.44908891481
2023-06-29 07:30:00,164206.78995930127,164209.4970264357
2023-06-29 11:30:00,164213.48606984247,164209.52444409108
2023-06-29 15:30:00,164212.185930847,164209.54145440488
2023-06-29 19:30:00,164210.45547454213,164209.55192390937
2023-06-29 23:30:00,164215.46675511813,164209.6099469533
2023-06-30 03:30:00,164208.26328393543,164209.6563531516
2023-06-30 07:30:00,164208.8595392645,164209.6484737256
2023-06-30 11:30:00,164215.19531101862,164209.65632120002
2023-06-30 15:30:00,164205.53975718442,164209.59296222017
2023-06-30 19:30:00,164206.54880210414,164209.56283770682
2023-06-30 23:30:00,164208.08516021367,164209.59783770025
2023-07-01 03:30:00,164212.41334833362,164209.6665419257
2023-07-01 07:30:00,164206.8825459452,164209.67182070683
2023-07-01 11:30:00,164203.8163733858,164209.63929127887
2023-07-01 15:30:00,164211.97320409017,164209.65592941205
2023-07-01 19:30:00,164205.63392215956,164209.61079135662
2023-07-01 23:30:00,164207.1799039256,164209.604033887
2023-07-02 03:30:00,164213.53377868643,164209.67398635077
2023-07-02 07:30:00,164209.7099633629,164209.689063882
2023-07-02 11:30:00,164214.98509970403,164209.75419003595
2023-07-02 15:30:00,164213.67240869527,164209.75994524136
2023-07-02 19:30:00,164210.17108750847,164209.73315407694
2023-07-02 23:30:00,164206.9630718807,164209.71301006997
2023-07-03 03:30:00,164209.1405650785,164209.7192974336
2023-07-03 07:30:00,164209.32802936446,164209.73178646553
2023-07-03 11:30:00,164216.27368095983,164209.78920056432
2023-07-03 15:30:00,164219.95045447728,164209.85660125277
2023-07-03 19:30:00,164212.96704891627,164209.890342187
2023-07-03 23:30:00,164206.60001034074,164209.86808559106
2023-07-04 03:30:00,164210.56620167298,164209.85145040127
2023-07-04 07:30:00,164210.28099689807,164209.88290162713
2023-07-04 11:30:00,164202.60257749536,164209.80431560494
2023-07-04 15:30:00,164209.17852607797,164209.79406578187
2023-07-04 19:30:00,164211.45485388616,164209.80797373012
2023-07-04 23:30:00,164203.07575702493,164209.7588182292
2023-07-05 03:30:00,164212.47198001255,164209.76605433013
2023-07-05 07:30:00,164205.36534017103,164209.74738134572
2023-07-05 11:30:00,164199.3434864022,164209.71485256994
2023-07-05 15:30:00,164212.88221741596,164209.75516834165
2023-07-05 19:30:00,164208.08504748187,164209.76508636746
2023-07-05 23:30:00,164210.7657794011,164209.89353933622
2023-07-06 03:30:00,164204.94966297716,164209.80743759888
2023-07-06 07:30:00,164212.19049442364,164209.8518311192
2023-07-06 11:30:00,164203.9370503981,164209.79194908543
2023-07-06 15:30:00,164206.31838325382,164209.7719835716
2023-07-06 19:30:00,164209.92974225598,164209.7254594629
2023-07-06 23:30:00,164202.53464555618,164209.68554888095
2023-07-07 03:30:00,164206.1098908475,164209.66578411873
2023-07-07 07:30:00,164218.650025311,164209.72744979127
2023-07-07 11:30:00,164213.81168901923,164209.75729563055
2023-07-07 15:30:00,164214.3662867283,164209.80026593467
2023-07-07 19:30:00,164219.41595615758,164209.87743821205
2023-07-07 23:30:00,164204.81139663997,164209.85299535518
2023-07-08 03:30:00,164210.19938893724,164209.80561797525
2023-07-08 07:30:00,164209.3834519091,164209.76936361345
2023-07-08 11:30:00,164211.2259372221,164209.81317370312
2023-07-08 15:30:00,164216.66814461706,164209.8732973359
2023-07-08 19:30:00,164213.25188625618,164209.89058460633
2023-07-08 23:30:00,164208.396454383,164209.92148841746
2023-07-09 03:30:00,164208.53362347803,164209.9467455195
2023-07-09 07:30:00,164214.41324366286,164209.9540025644
2023-07-09 11:30:00,164208.6089407286,164209.95302207026
2023-07-09 15:30:00,164211.57751264895,164209.98846314018
2023-07-09 19:30:00,164212.4057810835,164209.97092027302
2023-07-09 23:30:00,164211.0979368116,164209.9477702548
2023-07-10 03:30:00,164209.14523006242,164209.93338802503
2023-07-10 07:30:00,164216.54246571515,164209.96387232133
2023-07-10 11:30:00,164212.54887516503,164209.9385650903
2023-07-10 15:30:00,164205.48143173452,164209.91034811063
2023-07-10 19:30:00,164215.38445618298,164209.9575121525
2023-07-10 23:30:00,164207.3909985426,164209.91558542254
2023-07-11 03:30:00,164208.2045769117,164209.92464105538
2023-07-11 07:30:00,164210.40132711365,164209.93172411583
2023-07-11 11:30:00,164214.87902280016,164209.9553548755
2023-07-11 15:30:00,164209.17733631743,164209.9812101944
2023-07-11 19:30:00,164209.40784117352,164210.04285715998
2023-07-11 23:30:00,164208.18487837882,164210.02691459193
2023-07-12 03:30:00,164205.20124894014,164210.01995586697
2023-07-12 07:30:00,164202.23654386037,164210.0067484584
2023-07-12 11:30:00,164211.6972597915,164209.99249862356
2023-07-12 15:30:00,164212.04965033027,164209.993099269
2023-07-12 19:30:00,164209.4372698022,164209.9922150808
2023-07-12 23:30:00,164214.71289029694,164210.00452153952
2023-07-13 03:30:00,164212.1045713354,164210.01944596606
2023-07-13 07:30:00,164206.59460665128,164209.9763221467
2023-07-13 11:30:00,164201.9359037059,164209.86271394396
2023-07-13 15:30:00,164210.65559381558,164209.8326476557
2023-07-13 19:30:00,164209.1845365468,164209.83337691132
2023-07-13 23:30:00,164209.5406066765,164209.8172741345
2023-07-14 03:30:00,164215.96611277308,164209.83481036918
2023-07-14 07:30:00,164202.1190694559,164209.87626761803
2023-07-14 11:30:00,164204.16308312313,164209.87454290065
2023-07-14 15:30:00,164216.66427638978,164209.89926445048
2023-07-14 19:30:00,164211.683819827,164209.94033100826
2023-07-14 23:30:00,164209.42576113236,164209.93114976917
2023-07-15 03:30:00,164209.38342515362,164209.94379690842
2023-07-15 07:30:00,164205.1813310679,164209.97701248628
2023-07-15 11:30:00,164201.20303787035,164209.96531047483
2023-07-15 15:30:00,164210.6575705305,164209.97022012062
2023-07-15 19:30:00,164211.83634593352,164209.9833618517
2023-07-15 23:30:00,164211.3980274241,164209.9932546179
2023-07-16 03:30:00,164216.16071663194,164210.03608421524
2023-07-16 07:30:00,164209.81513781883,164210.034560447
2023-07-16 11:30:00,164203.46457731383,164209.98956056254
2023-07-16 15:30:00,164207.81936737517,164209.97479734354
2023-07-16 19:30:00,164209.6654681431,164209.97270728138
2023-07-16 23:30:00,164215.19133886797,164210.00773165445
2023-07-17 03:30:00,164220.33266585035,164210.0765645491
2023-07-17 07:30:00,164209.38861244236,164210.07200857488
2023-07-17 11:30:00,164203.36960124638,164210.02791378982
2023-07-17 15:30:00,164199.3368795908,164209.9580377493
2023-07-17 19:30:00,164203.38969885145,164209.91538619803
2023-07-17 23:30:00,164210.95769417874,164209.92211076565
2023-07-18 03:30:00,164218.78042484823,164209.97889483027
2023-07-18 07:30:00,164210.9124690016,164209.98484116254
2023-07-18 11:30:00,164212.87873144078,164210.00315692383
2023-07-18 15:30:00,164218.38545070513,164210.05587575265
2023-07-18 19:30:00,164203.56575662846,164210.0153125081
2023-07-18 23:30:00,164211.1467144177,164210.02233984915
2023-07-19 03:30:00,164217.33389325606,164210.06747289488
2023-07-19 07:30:00,164214.62947499182,164210.09546063782
2023-07-19 11:30:00,164202.39425240856,164210.04850205107
2023-07-19 15:30:00,164203.2435865405,164210.00726013887
2023-07-19 19:30:00,164205.76824951082,164209.98172393028
2023-07-19 23:30:00,164204.37413879138,164209.94814557614
2023-07-20 03:30:00,164219.42305424667,164210.00454384205
2023-07-20 07:30:00,164212.32054233813,164210.01824797512
2023-07-20 11:30:00,164203.43774846118,164209.97953915448
2023-07-20 15:30:00,164212.5825510227,164209.9947614461
2023-07-20 19:30:00,164208.48914473716,164209.98600786057
2023-07-20 23:30:00,164206.24927912068,164209.96440827247
2023-07-21 03:30:00,164219.1599515651,164210.01725622246
2023-07-21 07:30:00,164215.06252096436,164210.04608630668
2023-07-21 11:30:00,164206.10857314194,164210.0237140728
2023-07-21 15:30:00,164200.36358797151,164209.96913708918
2023-07-21 19:30:00,164207.78821182644,164209.95688470005
2023-07-21 23:30:00,164203.37595272769,164209.920119717
2023-07-22 03:30:00,164213.0180153228,164209.93733024813
2023-07-22 07:30:00,164216.26233426708,164209.98636895846
2023-07-22 11:30:00,164208.1212253378,164210.08206530244
2023-07-22 15:30:00,164207.1055764623,164210.11618499455
2023-07-22 19:30:00,164211.4307478692,164210.10457577353
2023-07-22 23:30:00,164205.7509135503,164210.12338719564
2023-07-23 03:30:00,164205.86248365804,164210.0511804167
2023-07-23 07:30:00,164215.336236932,164210.0518126184
2023-07-23 11:30:00,164214.2046860747,164210.08673580858
2023-07-23 15:30:00,164219.86062898271,164210.14172403893
2023-07-23 19:30:00,164224.32743523372,164210.20991112283
2023-07-23 23:30:00,164215.59970391646,164210.2638845322
2023-07-24 03:30:00,164213.9942372105,164210.31342472153
2023-07-24 07:30:00,164217.3695538982,164210.3365846087
2023-07-24 11:30:00,164213.8448765742,164210.36108926966
2023-07-24 15:30:00,164208.30746332585,164210.29879973
2023-07-24 19:30:00,164211.77529951776,164210.27806044836
2023-07-24 23:30:00,164211.05990494887,164210.27333254705
2023-07-25 03:30:00,164207.0312168981,164210.24154413145
2023-07-25 07:30:00,164210.2092695223,164210.208991782
2023-07-25 11:30:00,164208.03488286174,164210.205140775
2023-07-25 15:30:00,164204.97351412624,164210.1824531491
2023-07-25 19:30:00,164210.89403233785,164210.17254949315
2023-07-26 03:30:00,164214.92153026487,164210.21223873063
2023-07-26 07:30:00,164218.15684532878,164210.24955979863
2023-07-26 11:30:00,164216.8307706461,164210.26142205438
2023-07-26 15:30:00,164213.7179203002,164210.3105187316
2023-07-26 19:30:00,164205.3116334764,164210.28105335322
2023-07-26 23:30:00,164208.70095310896,164210.26132942046
2023-07-27 03:30:00,164209.65024236092,164210.27072720355
2023-07-27 07:30:00,164213.1593065701,164210.3009513849
2023-07-27 11:30:00,164211.8072928369,164210.31383700963
2023-07-27 15:30:00,164206.81391260904,164210.29676869186
2023-07-27 19:30:00,164209.01142247263,164210.2897306746
2023-07-27 23:30:00,164212.00228955373,164210.27860916735
2023-07-28 03:30:00,164205.77446449222,164210.23775666102
2023-07-28 07:30:00,164205.3982615721,164210.20238459815
2023-07-28 11:30:00,164209.1804622452,164210.1931901328
2023-07-28 15:30:00,164214.1544142396,164210.20167161833
2023-07-28 19:30:00,164209.20502428457,164210.1837507349
2023-07-28 23:30:00,164207.84302707572,164210.13519219012
2023-07-29 03:30:00,164208.25178165152,164210.13208728968
2023-07-29 07:30:00,164202.84997476824,164210.11007620292
2023-07-29 11:30:00,164211.00590183627,164210.09622051576
2023-07-29 15:30:00,164212.84563882535,164210.09990603515
2023-07-29 19:30:00,164209.53910223453,164210.09478663682
2023-07-29 23:30:00,164207.19469756624,164210.0485740248
2023-07-30 03:30:00,164210.39674145423,164210.0604927819
2023-07-30 07:30:00,164212.14597966874,164210.07885278412
2023-07-30 11:30:00,164204.22304267582,164210.01755519563
2023-07-30 15:30:00,164215.3145300182,164210.0721628651
2023-07-30 19:30:00,164210.15166965997,164210.0922906168
2023-07-30 23:30:00,164208.5957483205,164210.09514306433
2023-07-31 03:30:00,164217.4590637497,164210.1233314186
2023-07-31 07:30:00,164206.9008197238,164210.12343350676
2023-07-31 11:30:00,164196.4828148676,164210.08246390612
2023-07-31 15:30:00,164212.34052098737,164210.08451595582
2023-07-31 19:30:00,164210.62699106763,164210.11241019552
2023-07-31 23:30:00,164214.33301519995,164210.152371711
2023-08-01 03:30:00,164213.98489634256,164210.15489192138
2023-08-01 07:30:00,164204.42117801713,164210.12534563453
2023-08-01 11:30:00,164204.93074829248,164210.0691760736
2023-08-01 15:30:00,164214.22665871543,164210.07227244243
2023-08-01 19:30:00,164212.06918249483,164210.082876325
2023-08-01 23:30:00,164210.97618222822,164210.10529593588
2023-08-02 03:30:00,164214.82901463422,164210.1370749837
2023-08-02 07:30:00,164207.88385832656,164210.1290069891
2023-08-02 11:30:00,164196.53889209373,164210.01875677193
2023-08-02 15:30:00,164206.80903863563,164209.94534104096
2023-08-02 19:30:00,164208.6253267302,164209.92108560976
2023-08-02 23:30:00,164208.26065885954,164209.9303629758
2023-08-03 03:30:00,164223.0305784905,164209.99999636583
2023-08-03 07:30:00,164214.86021871728,164210.02557861063
2023-08-03 11:30:00,164213.07999425963,164210.08411166517
2023-08-03 15:30:00,164217.1717585289,164210.1287665951
2023-08-03 19:30:00,164209.9257225272,164210.1202239618
2023-08-03 23:30:00,164207.23133777123,164210.14343949666
2023-08-04 03:30:00,164212.59852413868,164210.1441464471
2023-08-04 07:30:00,164213.11199472743,164210.1874238469
2023-08-04 11:30:00,164200.83894620714,164210.19577837092
2023-08-04 15:30:00,164212.33641019356,164210.19272916857
2023-08-04 19:30:00,164210.2885330224,164210.20503914362
2023-08-04 23:30:00,164208.2514495856,164210.19099260838
2023-08-05 03:30:00,164211.4126533335,164210.22709869975
2023-08-05 07:30:00,164218.63559938167,164210.26310487272
2023-08-05 11:30:00,164203.72956833703,164210.26194575502
2023-08-05 15:30:00,164214.6257110336,164210.3083554074
2023-08-05 19:30:00,164210.54654214001,164210.31180121686
2023-08-05 23:30:00,164206.89011210867,164210.33613343223
2023-08-06 03:30:00,164214.619293902,164210.3836719968
2023-08-06 07:30:00,164215.10961016684,164210.36389314124
2023-08-06 11:30:00,164214.6170925249,164210.36839260213
2023-08-06 15:30:00,164218.77754122345,164210.393036482
2023-08-06 19:30:00,164213.69202334882,164210.36105920374
2023-08-06 23:30:00,164208.56980201937,164210.3820558818
2023-08-07 03:30:00,164210.83624902254,164210.3856137594
2023-08-07 07:30:00,164210.95938873317,164210.39441787574
2023-08-07 11:30:00,164210.69870451782,164210.39147244164
2023-08-07 15:30:00,164207.06670823967,164210.33783313225
2023-08-07 19:30:00,164209.6340736133,164210.31762188845
2023-08-07 23:30:00,164207.17654510832,164210.31080675285
2023-08-08 03:30:00,164207.16315636938,164210.30315051202
2023-08-08 07:30:00,164203.5216204191,164210.24230345478
2023-08-08 11:30:00,164211.6038560951,164210.25903482555
2023-08-08 15:30:00,164207.59155046404,164210.23676688038
2023-08-08 19:30:00,164208.3728084543,164210.21423630702
2023-08-08 23:30:00,164212.9068850184,164210.22434216292
2023-08-09 03:30:00,164205.1864960424,164210.2022263304
2023-08-09 07:30:00,164200.0218150987,164210.1099321929
2023-08-09 11:30:00,164214.2973945932,164210.11970045787
2023-08-09 15:30:00,164200.32551510207,164210.09089645435
2023-08-09 19:30:00,164208.4366478465,164210.05208188263
2023-08-09 23:30:00,164210.13569219603,164210.0674153667
2023-08-10 03:30:00,164209.37846475744,164210.07397339935
2023-08-10 07:30:00,164213.2473293094,164210.089872853
2023-08-10 11:30:00,164214.80603383886,164210.08946509342
2023-08-10 15:30:00,164207.73045447833,164210.08138195466
2023-08-10 19:30:00,164207.17612550696,164210.06891426936
2023-08-10 23:30:00,164213.67995485515,164210.09961302063
2023-08-11 03:30:00,164218.36517123948,164210.173154486
2023-08-11 07:30:00,164213.6739132526,164210.23705040436
2023-08-11 11:30:00,164214.9515928993,164210.25523103625
2023-08-11 15:30:00,164207.5044281743,164210.2298387337
2023-08-11 19:30:00,164208.71127724048,164210.22578290934
2023-08-11 23:30:00,164207.36691199514,164210.18474392444
2023-08-12 03:30:00,164207.95319477393,164210.1615518766
2023-08-12 07:30:00,164205.2154942163,164210.15384733788
2023-08-12 11:30:00,164206.8559489803,164210.18133362432
2023-08-12 15:30:00,164209.0933885523,164210.17260622059
2023-08-12 19:30:00,164203.36247236092,164210.1400807224
2023-08-12 23:30:00,164204.5609646803,164210.1122614933
2023-08-13 03:30:00,164216.66712933604,164210.116177787
2023-08-13 07:30:00,164214.92275821292,164210.18770677445
2023-08-13 11:30:00,164213.0371147661,164210.23728237022
2023-08-13 15:30:00,164207.5084023989,164210.1861322362
2023-08-13 19:30:00,164205.10783576604,164210.14939489507
2023-08-13 23:30:00,164201.67736184396,164210.10610774823
2023-08-14 03:30:00,164206.34159173098,164210.08911426537
2023-08-14 07:30:00,164212.14820466907,164210.12803534698
2023-08-14 11:30:00,164210.16990787868,164210.1781295928
2023-08-14 15:30:00,164215.13985802463,164210.2031703051
2023-08-14 19:30:00,164211.4495878371,164210.20100964533
2023-08-14 23:30:00,164206.4276921316,164210.17324240907
2023-08-15 03:30:00,164211.10247534115,164210.14498407784
2023-08-15 07:30:00,164211.7950384103,164210.156044975
2023-08-15 11:30:00,164219.47223631275,164210.24547323753
2023-08-15 15:30:00,164217.39432553676,164210.2989646239
2023-08-15 19:30:00,164209.26898938895,164210.2967496588
2023-08-15 23:30:00,164203.26821557054,164210.23014003143
2023-08-16 03:30:00,164209.39137944364,164210.16901552642
2023-08-16 07:30:00,164212.1339820897,164210.18435278698
2023-08-16 11:30:00,164219.18476416788,164210.2727056525
2023-08-16 15:30:00,164215.05488652314,164210.36051574707
2023-08-16 19:30:00,164210.94136260834,164210.40270381272
2023-08-16 23:30:00,164210.91952176622,164210.40249055903
2023-08-17 03:30:00,164214.6191707755,164210.37924332957
2023-08-17 07:30:00,164210.47082638027,164210.37677605235
2023-08-17 11:30:00,164209.4974322818,164210.35788611294
2023-08-17 15:30:00,164209.0954322143,164210.3059865683
2023-08-17 19:30:00,164207.68162357286,164210.32898023838
2023-08-17 23:30:00,164208.21512370632,164210.31260263664
2023-08-18 03:30:00,164207.20156456504,164210.2559974484
2023-08-18 07:30:00,164213.00225408934,164210.24690682883
2023-08-18 11:30:00,164210.9658157623,164210.29479265766
2023-08-18 15:30:00,164218.73761904394,164210.38135149845
2023-08-18 19:30:00,164211.9039415485,164210.4156291076
2023-08-18 23:30:00,164208.62295163437,164210.43936549217
2023-08-19 03:30:00,164214.59569715918,164210.41239701686
2023-08-19 07:30:00,164216.5560168616,164210.43605888568
2023-08-19 11:30:00,164216.92186560744,164210.51138914906
2023-08-19 15:30:00,164220.67245295492,164210.5565841319
2023-08-19 19:30:00,164217.55527333845,164210.6072328951
2023-08-19 23:30:00,164212.9024644516,164210.6444015282
2023-08-20 03:30:00,164217.5257833615,164210.6352720969
2023-08-20 07:30:00,164215.16820674745,164210.63586252028
2023-08-20 11:30:00,164212.25344442466,164210.6701914101
2023-08-20 15:30:00,164214.8035709388,164210.750861706
2023-08-20 19:30:00,164215.48136474873,164210.79384021397
2023-08-20 23:30:00,164210.24178260684,164210.83219680548
2023-08-21 03:30:00,164213.34952027953,164210.83404878847
2023-08-21 07:30:00,164216.05620014443,164210.83289720118
2023-08-21 11:30:00,164209.36311184158,164210.83983511463
2023-08-21 15:30:00,164214.30715369046,164210.88006738963
2023-08-21 19:30:00,164216.19393447228,164210.90667737066
2023-08-21 23:30:00,164207.53989931793,164210.91667170456
2023-08-22 03:30:00,164210.32982391215,164210.9416289127
2023-08-22 07:30:00,164211.75523196423,164210.92162329832
2023-08-22 11:30:00,164208.38819588686,164210.88912893977
2023-08-22 15:30:00,164210.24177521328,164210.83539232647
2023-08-22 19:30:00,164209.70496135773,164210.7537025283
2023-08-22 23:30:00,164207.50744570908,164210.7084943819
2023-08-23 03:30:00,164211.956563334,164210.69711072897
2023-08-23 07:30:00,164209.20409851728,164210.6514936598
2023-08-23 11:30:00,164208.98074828018,164210.62431975873
2023-08-23 15:30:00,164213.25943278428,164210.65198439258
2023-08-23 19:30:00,164213.90163878864,164210.6638633829
2023-08-23 23:30:00,164219.59615515647,164210.71155193157
2023-08-24 03:30:00,164219.19126062226,164210.7794851367
2023-08-24 07:30:00,164210.87877935657,164210.78322541513
2023-08-24 11:30:00,164209.84116583594,164210.79331638146
2023-08-24 15:30:00,164212.7613171412,164210.83682366085
2023-08-24 19:30:00,164213.64080322304,164210.8521687496
2023-08-24 23:30:00,164217.21148034759,164210.88749825847
2023-08-25 03:30:00,164211.6140563236,164210.86912340327
2023-08-25 07:30:00,164207.3263288072,164210.80895386703
2023-08-25 11:30:00,164212.78257392035,164210.78646388522
2023-08-25 15:30:00,164214.7539707145,164210.79221972087
2023-08-25 19:30:00,164215.82048311527,164210.85060221882
2023-08-25 23:30:00,164216.15782620476,164210.89202929157
2023-08-26 03:30:00,164212.3034455747,164210.90676930943
2023-08-26 07:30:00,164214.09749574703,164210.91198147155
2023-08-26 11:30:00,164205.85079325378,164210.8788898072
2023-08-26 15:30:00,164210.28412660942,164210.89816877386
2023-08-26 19:30:00,164211.45870260336,164210.91176477462
2023-08-26 23:30:00,164214.36926061532,164210.9249146138
2023-08-27 03:30:00,164212.33946425267,164210.9613868347
2023-08-27 07:30:00,164186.87841236527,164210.85849878355
2023-08-27 11:30:00,164196.26841888425,164210.78676520934
2023-08-27 15:30:00,164210.56868951506,164210.76684451645
2023-08-27 19:30:00,164213.49103063098,164210.79065566277
2023-08-27 23:30:00,164221.9186988108,164210.8688538391
2023-08-28 03:30:00,164216.28983169337,164210.91350967268
2023-08-28 07:30:00,164211.23466185987,164210.96009126763
2023-08-28 11:30:00,164204.86308831658,164210.92596452587
2023-08-28 15:30:00,164210.23469428648,164210.9114592784
2023-08-28 19:30:00,164207.48870067447,164210.9000681586
2023-08-28 23:30:00,164213.2839111417,164210.93389712294
2023-08-29 03:30:00,164217.06502758266,164210.97094315698
2023-08-29 07:30:00,164210.227254075,164210.96028357034
2023-08-29 11:30:00,164211.48724691573,164211.00064026058
2023-08-29 15:30:00,164210.65678362845,164210.97476389172
2023-08-29 19:30:00,164207.68824043823,164210.96107817383
2023-08-29 23:30:00,164208.8473484715,164210.96247595246
2023-08-30 03:30:00,164215.2557433446,164210.95023528353
2023-08-30 07:30:00,164204.37241379856,164210.93618858396
2023-08-30 11:30:00,164202.75326002546,164210.97102439037
2023-08-30 15:30:00,164205.17548948753,164210.93121865983
2023-08-30 19:30:00,164205.32493804913,164210.90176280972
2023-08-30 23:30:00,164206.7610123656,164210.8596961273
2023-08-31 03:30:00,164219.29230038208,164210.88918170534
2023-08-31 07:30:00,164211.48700040142,164210.92843627412
2023-08-31 11:30:00,164201.66395319233,164210.91028741244
2023-08-31 15:30:00,164209.64162468654,164210.88481500116
2023-08-31 19:30:00,164198.9275067581,164210.81180569154
2023-08-31 23:30:00,164204.63829068723,164210.77659518295
2023-09-01 03:30:00,164211.85690618755,164210.7600834694
2023-09-01 07:30:00,164213.34890819533,164210.79044485753
2023-09-01 11:30:00,164217.05338136075,164210.90441424234
2023-09-01 15:30:00,164221.84532793282,164210.98794918292
2023-09-01 19:30:00,164213.32850908113,164211.01407797373
2023-09-01 23:30:00,164209.06436918722,164211.0185430311
2023-09-02 03:30:00,164214.23872573886,164210.9696994047
2023-09-02 07:30:00,164214.67541639737,164210.96867272517
2023-09-02 11:30:00,164213.5601331965,164210.9713401637
2023-09-02 15:30:00,164215.94874074167,164210.96454562043
2023-09-02 19:30:00,164208.91200714535,164210.9589138683
2023-09-02 23:30:00,164203.67804227723,164210.9391733378
2023-09-03 03:30:00,164209.91536825433,164210.9242669162
2023-09-03 03:30:00,164209.91536825433,164210.91869289047
2023-09-03 07:30:00,164208.43145164353,164210.8928335364
2023-09-03 07:30:00,164208.43145164353,164210.87930946008
2023-09-03 11:30:00,164202.39523121354,164210.88786047656
2023-09-03 15:30:00,164208.78261836537,164210.86833414785
2023-09-03 19:30:00,164208.0471763201,164210.85601900116
2023-09-03 23:30:00,164205.75359410592,164210.84229452047
2023-09-04 03:30:00,164208.80217810615,164210.82795125
2023-09-04 07:30:00,164208.50756486683,164210.77230270868
2023-09-04 11:30:00,164206.5121707908,164210.78759173318
2023-09-04 15:30:00,164208.04452155,164210.7514313514
2023-09-04 19:30:00,164209.47346220983,164210.74553530783
2023-09-04 23:30:00,164218.06703660378,164210.80694698088
2023-09-05 03:30:00,164215.13269666058,164210.80976787515
2023-09-05 07:30:00,164209.19602498677,164210.7772756489
2023-09-05 11:30:00,164207.89970907388,164210.7403669486
2023-09-05 15:30:00,164210.45590725733,164210.6946436851
2023-09-05 19:30:00,164211.1537171511,164210.6806969477
2023-09-05 23:30:00,164209.63193026898,164210.6865328172
2023-09-06 03:30:00,164214.03551207916,164210.70411118565
2023-09-06 07:30:00,164210.22800147682,164210.70009257435
2023-09-06 11:30:00,164212.99237613688,164210.71269516568
2023-09-06 15:30:00,164212.70014549376,164210.74364811764
2023-09-06 19:30:00,164211.6689222169,164210.75482860443
2023-09-06 23:30:00,164208.4669811293,164210.76191891223
2023-09-07 03:30:00,164210.1936247379,164210.7785698374
2023-09-07 07:30:00,164217.03358331087,164210.8528113917
2023-09-07 11:30:00,164212.4298871593,164210.85735002393
2023-09-07 15:30:00,164212.4298649744,164210.88393416957
2023-09-07 19:30:00,164213.0568294965,164210.90967054895
2023-09-07 23:30:00,164210.6493164318,164210.89726632595
2023-09-08 03:30:00,164211.15926490093,164210.93008373727
2023-09-08 07:30:00,164213.81128999352,164211.00585008285
2023-09-08 11:30:00,164214.3252696437,164211.00600324245
2023-09-08 15:30:00,164213.47046360216,164211.07822823423
2023-09-08 19:30:00,164210.7585273963,164211.09098581417
2023-09-08 23:30:00,164211.19471019355,164211.09680459433
2023-09-09 03:30:00,164205.97659412978,164211.0781129975
2023-09-09 07:30:00,164213.5550724143,164211.07980389366
2023-09-09 11:30:00,164208.50321643992,164211.04517302886
2023-09-09 15:30:00,164208.63241994352,164211.05012888307
2023-09-09 19:30:00,164213.37654025882,164211.084197096
2023-09-09 23:30:00,164211.67429105213,164211.0731769652
2023-09-10 03:30:00,164208.20010471065,164211.01732495127
2023-09-10 07:30:00,164207.8637077975,164210.98540074547
2023-09-10 11:30:00,164210.99266152017,164210.96364837527
2023-09-10 15:30:00,164211.85055399704,164210.9875281875
2023-09-10 19:30:00,164210.56324252547,164210.99770382093
2023-09-10 23:30:00,164211.99675599526,164211.0231425242
2023-09-11 03:30:00,164210.9719466768,164211.03972907312
2023-09-11 07:30:00,164205.09111684206,164211.03904568095
2023-09-11 11:30:00,164215.18734793586,164211.08482259832
2023-09-11 15:30:00,164216.1836183597,164211.12377990494
2023-09-11 19:30:00,164211.6773963134,164211.16946630029
2023-09-11 23:30:00,164210.31296219447,164211.20107068226
2023-09-12 03:30:00,164204.20933176822,164211.13262124505
2023-09-12 07:30:00,164211.49862425224,164211.11380732222
2023-09-12 11:30:00,164212.48560571249,164211.11077705267
2023-09-12 15:30:00,164214.01140611642,164211.14650784232
2023-09-12 19:30:00,164212.7079198176,164211.1882665459
2023-09-12 23:30:00,164213.41739312367,164211.2527722123
2023-09-13 03:30:00,164214.6502214678,164211.29842402402
2023-09-13 07:30:00,164214.17875137102,164211.30958087405
2023-09-13 11:30:00,164213.06453003554,164211.32548539137
2023-09-13 19:30:00,164214.86614723998,164211.32328752824
2023-09-13 23:30:00,164210.4826066944,164211.3456903711
2023-09-14 03:30:00,164205.717447137,164211.31593883407
2023-09-14 07:30:00,164208.63060041436,164211.2984557512
2023-09-14 11:30:00,164212.88634427587,164211.26206960736
2023-09-14 15:30:00,164210.56485741146,164211.22433773932
2023-09-14 19:30:00,164207.16681321652,164211.2127235063
2023-09-14 23:30:00,164209.25989398605,164211.24582670192
2023-09-15 03:30:00,164215.17110576094,164211.27775889155
2023-09-15 07:30:00,164208.05574455232,164211.25522719245
2023-09-15 11:30:00,164208.9520146356,164211.19869266462
2023-09-15 15:30:00,164211.35962297863,164211.17827684394
2023-09-15 19:30:00,164210.36548039733,164211.17509517432
2023-09-15 23:30:00,164205.43370999847,164211.14478682197
2023-09-16 03:30:00,164212.49150160985,164211.13303174372
2023-09-16 07:30:00,164211.9417597534,164211.14115844743
2023-09-16 11:30:00,164210.19815331837,164211.14502983436
2023-09-16 15:30:00,164215.25193974498,164211.1790436881
2023-09-16 19:30:00,164213.5972277891,164211.21172658433
2023-09-16 23:30:00,164210.75727626416,164211.2257716261
2023-09-17 03:30:00,164216.52602595693,164211.2772879874
2023-09-17 07:30:00,164213.5311943836,164211.28021030946
2023-09-17 11:30:00,164211.1516823234,164211.28123719656
2023-09-17 15:30:00,164212.10871948462,164211.24461344205
2023-09-17 19:30:00,164210.3542003724,164211.2360513361
2023-09-17 23:30:00,164208.8870918934,164211.23751067457
2023-09-18 03:30:00,164208.8316437305,164211.20566507548
2023-09-18 07:30:00,164208.6916324684,164211.16221543797
2023-09-18 11:30:00,164209.70628997317,164211.1223503792
2023-09-18 15:30:00,164205.96175610533,164211.041075811
2023-09-18 19:30:00,164206.8393052766,164210.98187156755
2023-09-18 23:30:00,164209.07228729312,164210.9607103678
2023-09-19 03:30:00,164210.39317137038,164210.9213036717
2023-09-19 07:30:00,164213.34530775074,164210.9112324065
2023-09-19 11:30:00,164208.3646333812,164210.88974726267
2023-09-19 15:30:00,164214.43693649085,164210.88772165796
2023-09-19 19:30:00,164214.454218082,164210.88204681448
2023-09-19 23:30:00,164212.36522452958,164210.89377853784
2023-09-20 03:30:00,164213.98302920125,164210.8972785871
2023-09-20 07:30:00,164213.27365503402,164210.8819054097
2023-09-20 11:30:00,164208.6747764063,164210.8781024515
2023-09-20 15:30:00,164209.57832629167,164210.8519763333
2023-09-20 19:30:00,164209.0985865816,164210.8127755162
2023-09-20 23:30:00,164203.93636291145,164210.79286647527
2023-09-21 03:30:00,164209.443570474,164210.78797004744
2023-09-21 07:30:00,164214.1866431792,164210.8014032586
2023-09-21 11:30:00,164211.2505666554,164210.8172174617
2023-09-21 15:30:00,164210.27581104203,164210.81740550502
2023-09-21 19:30:00,164204.96060989646,164210.79119361847
2023-09-21 23:30:00,164205.31256087567,164210.7790671829
2023-09-22 03:30:00,164209.1531227573,164210.7635785609
2023-09-22 07:30:00,164209.64345180476,164210.76600592717
2023-09-22 11:30:00,164211.5622564119,164210.78026840303
2023-09-22 15:30:00,164210.42381710236,164210.76460201805
2023-09-22 19:30:00,164209.78313766306,164210.74184786816
2023-09-22 23:30:00,164200.99045956758,164210.63905396988
2023-09-23 03:30:00,164211.4006758137,164210.59601206487
2023-09-23 07:30:00,164210.93427485035,164210.59631866982
2023-09-23 11:30:00,164212.50640575957,164210.61104375226
2023-09-23 15:30:00,164210.60751842984,164210.59914431185
2023-09-23 19:30:00,164212.0928331195,164210.59059199085
2023-09-23 23:30:00,164209.84823068613,164210.54991105353
2023-09-24 03:30:00,164200.26920054687,164210.4872322923
2023-09-24 07:30:00,164213.17901833032,164210.51956759355
2023-09-24 11:30:00,164211.59376153233,164210.5129995693
2023-09-24 15:30:00,164209.99984031863,164210.4867336555
2023-09-24 19:30:00,164211.04736644353,164210.4603628452
2023-09-24 23:30:00,164212.86197621,164210.4421537292
2023-09-25 03:30:00,164209.0682306713,164210.42427961368
2023-09-25 07:30:00,164207.25399053248,164210.38647019258
2023-09-25 11:30:00,164210.63365716752,164210.4128948551
2023-09-25 15:30:00,164214.2915557259,164210.43503534747
2023-09-25 19:30:00,164212.6006216307,164210.44134429237
2023-09-25 23:30:00,164212.77299308387,164210.43252513476
2023-09-26 03:30:00,164204.77496871926,164210.39073234174
2023-09-26 07:30:00,164206.81229897152,164210.50086431197
2023-09-26 11:30:00,164213.81485364644,164210.59780594046
2023-09-26 15:30:00,164213.14888699484,164210.61206117514
2023-09-26 19:30:00,164210.94558091054,164210.59799791704
2023-09-26 23:30:00,164202.7557225966,164210.49212512025
2023-09-27 03:30:00,164205.5179392571,164210.4326119024
2023-09-27 07:30:00,164200.94518799416,164210.37576398047
2023-09-27 11:30:00,164207.58585751502,164210.39080690424
2023-09-27 15:30:00,164209.266662079,164210.38545866002
2023-09-27 19:30:00,164216.1963449542,164210.4335671919
2023-09-27 23:30:00,164216.3372526132,164210.4504364818
2023-09-28 03:30:00,164208.87327341232,164210.4051781715
2023-09-28 07:30:00,164217.6349131917,164210.44610446494
2023-09-28 11:30:00,164218.98737029167,164210.48754161067
2023-09-28 15:30:00,164206.4289079858,164210.46418318173
2023-09-28 19:30:00,164198.95528431438,164210.41593480532
2023-09-28 23:30:00,164203.08119057052,164210.38407757937
2023-09-29 03:30:00,164200.88826116026,164210.30469922474
2023-09-29 07:30:00,164192.06640635227,164210.23671023335
2023-09-29 11:30:00,164208.3868338361,164210.26783495053
2023-09-29 15:30:00,164208.52500086918,164210.28634053827
2023-09-29 19:30:00,164207.860829052,164210.3003509858
2023-09-29 23:30:00,164206.4226430452,164210.29848154206
2023-09-30 03:30:00,164211.45952386133,164210.25520653362
2023-09-30 07:30:00,164213.0847862092,164210.26403407953
2023-09-30 11:30:00,164206.7369688807,164210.29206179053
2023-09-30 15:30:00,164210.03428882023,164210.29423120563
2023-09-30 19:30:00,164207.3056202521,164210.3405191255
2023-09-30 23:30:00,164206.48307191068,164210.35071128694
2023-10-01 03:30:00,164208.04895560862,164210.32967288594
2023-10-01 07:30:00,164209.56992061078,164210.3087945015
2023-10-01 11:30:00,164212.18566256313,164210.28190102748
2023-10-01 15:30:00,164212.57996631035,164210.23071118427
2023-10-01 19:30:00,164214.40746564246,164210.23667227026
2023-10-01 23:30:00,164205.262127561,164210.21566541042
2023-10-02 03:30:00,164209.419994637,164210.18904258666
2023-10-02 07:30:00,164211.31685156518,164210.17048697986
2023-10-02 11:30:00,164210.38931679874,164210.1529686572
2023-10-02 15:30:00,164211.49068458378,164210.1283385127
2023-10-02 19:30:00,164211.133596606,164210.14061248762
2023-10-02 23:30:00,164209.95324526908,164210.1752821174
2023-10-03 03:30:00,164212.17191668117,164210.18926246348
2023-10-03 07:30:00,164216.9190696779,164210.24649949616
2023-10-03 11:30:00,164210.55424854858,164210.2920805986
2023-10-03 15:30:00,164211.7261565845,164210.3085249462
2023-10-03 19:30:00,164202.6878639023,164210.2785846533
2023-10-03 23:30:00,164196.0176242805,164210.22419376048
2023-10-04 03:30:00,164206.56885908524,164210.2117171179
2023-10-04 07:30:00,164214.26655331257,164210.2438902377
2023-10-04 11:30:00,164216.22062192395,164210.2981273949
2023-10-04 15:30:00,164212.7882293949,164210.32462855603
2023-10-04 19:30:00,164214.24780490916,164210.3513008616
2023-10-04 23:30:00,164215.32611055797,164210.33598842556
2023-10-05 03:30:00,164209.98779743552,164210.3072459718
2023-10-05 07:30:00,164219.55949629663,164210.36514245957
2023-10-05 11:30:00,164213.4097395227,164210.39592475258
2023-10-05 15:30:00,164213.40688457713,164210.4124106594
2023-10-05 19:30:00,164214.24457016794,164210.42967799472
2023-10-05 23:30:00,164213.29437828844,164210.45013859816
2023-10-06 03:30:00,164208.4356987255,164210.41885472467
2023-10-06 07:30:00,164208.06888464463,164210.40679261947
2023-10-06 11:30:00,164202.96740325392,164210.35078718438
2023-10-06 15:30:00,164204.01495109985,164210.3022665453
2023-10-06 19:30:00,164204.42999174583,164210.26182559296
2023-10-06 23:30:00,164205.55136029836,164210.2455372084
2023-10-07 03:30:00,164207.86955911477,164210.23255360159
2023-10-07 07:30:00,164207.0586107096,164210.17682749766
2023-10-07 11:30:00,164217.46713811404,164210.20496856442
2023-10-07 15:30:00,164215.99084226156,164210.2248622923
2023-10-07 19:30:00,164208.37208843292,164210.19869055453
2023-10-07 23:30:00,164206.5515599782,164210.17579806037
2023-10-08 03:30:00,164203.07913057227,164210.13065764512
2023-10-08 07:30:00,164209.31818661664,164210.1055565089
2023-10-08 11:30:00,164208.60350957236,164210.07359136885
2023-10-08 15:30:00,164201.46288827437,164210.00650994247
2023-10-08 19:30:00,164200.13402425076,164209.94715517628
2023-10-08 23:30:00,164213.388265216,164209.95940967364
2023-10-09 03:30:00,164210.7570024499,164209.98611586535
2023-10-09 07:30:00,164207.05704502182,164209.94981403634
2023-10-09 11:30:00,164210.3440836073,164209.96009821046
2023-10-09 15:30:00,164212.00583486375,164209.97894410387
2023-10-09 19:30:00,164212.6313007671,164209.97478075474
2023-10-09 23:30:00,164211.1909349862,164209.97208044154
2023-10-10 03:30:00,164205.97140260474,164209.9596295918
2023-10-10 07:30:00,164211.25043907596,164209.97854987826
2023-10-10 11:30:00,164214.2527582901,164209.99676270937
2023-10-10 15:30:00,164211.31932054524,164209.9937949247
2023-10-10 19:30:00,164214.0057866289,164210.01302701468
2023-10-10 23:30:00,164213.73177334855,164210.02271984908
2023-10-11 03:30:00,164211.8296423822,164210.02751144522
2023-10-11 07:30:00,164214.5498263584,164210.0803533978
2023-10-11 11:30:00,164216.0972089173,164210.08543642005
2023-10-11 15:30:00,164213.30123227372,164210.06933370448
2023-10-11 19:30:00,164209.66235898956,164210.0580765127
2023-10-11 23:30:00,164204.9713548348,164210.02823513083
2023-10-12 03:30:00,164215.0471620044,164210.08878166846
2023-10-12 07:30:00,164226.12543884947,164210.17049571648
2023-10-12 11:30:00,164224.97580399728,164210.24027336054
2023-10-12 15:30:00,164217.48447341242,164210.2596759711
2023-10-12 19:30:00,164220.68411188305,164210.30423570334
2023-10-12 23:30:00,164217.2704505755,164210.32576116396
2023-10-13 03:30:00,164207.7863352807,164210.28741543108
2023-10-13 07:30:00,164204.70064456572,164210.23446511372
2023-10-13 11:30:00,164205.0065446309,164210.1894484355
2023-10-13 15:30:00,164205.38804082284,164210.16277394874
2023-10-13 19:30:00,164201.17557251154,164210.08671520025
2023-10-13 23:30:00,164205.00912586146,164210.05630697342
2023-10-14 03:30:00,164209.07686196352,164210.07497038908
2023-10-14 07:30:00,164204.74912413477,164210.05340663198
2023-10-14 11:30:00,164204.99008099697,164210.00953850267
2023-10-14 15:30:00,164209.3626434719,164210.00285953633
2023-10-14 19:30:00,164202.1727486269,164209.97511473307
2023-10-14 23:30:00,164204.06428146514,164209.94625021907
2023-10-15 03:30:00,164213.68424536876,164209.93798988353
2023-10-15 07:30:00,164205.62515574557,164209.92448661238
2023-10-15 11:30:00,164204.310928909,164209.89870280284
2023-10-15 15:30:00,164213.61518928673,164209.91123372674
2023-10-15 19:30:00,164207.5200559982,164209.8954258134
2023-10-15 23:30:00,164207.331869922,164209.90597114633
2023-10-16 03:30:00,164215.72406189697,164209.92392981457
2023-10-16 07:30:00,164213.03279453152,164209.9299911189
2023-10-16 15:30:00,164212.86186995634,164209.9151406609
2023-10-16 19:30:00,164206.65778178754,164209.8763728061
2023-10-16 23:30:00,164202.66827961453,164209.8311828807
2023-10-17 03:30:00,164210.062162461,164209.79507191142
2023-10-17 07:30:00,164212.08970055825,164209.7870188733
2023-10-17 11:30:00,164205.2823154158,164209.75422911404
2023-10-17 15:30:00,164209.3310546288,164209.73871143328
2023-10-17 19:30:00,164208.01779071268,164209.72565886535
2023-10-17 23:30:00,164209.34477224626,164209.7282157388
2023-10-18 03:30:00,164210.5161032797,164209.73762612737
2023-10-18 11:30:00,164204.02185790794,164209.71156748466
2023-10-18 15:30:00,164210.31620001054,164209.73603065268
2023-10-18 23:30:00,164207.5499823403,164209.7437957398
2023-10-19 07:30:00,164212.2815116723,164209.73406180966
2023-10-19 15:30:00,164208.90614985116,164209.71028261984
2023-10-19 19:30:00,164211.78292820253,164209.6950181063
2023-10-19 23:30:00,164210.64800070383,164209.68520539865
2023-10-20 07:30:00,164214.2242980143,164209.66596872726
2023-10-20 11:30:00,164213.75589072466,164209.6951705337
2023-10-20 15:30:00,164209.7925934807,164209.69640195434
2023-10-20 23:30:00,164206.38264656012,164209.7139979024
2023-10-21 03:30:00,164212.23266266717,164209.73011982263
2023-10-21 07:30:00,164214.6410624132,164209.73274652343
2023-10-21 11:30:00,164211.33460156625,164209.73323227436
2023-10-21 23:30:00,164213.96279565882,164209.80855553978
2023-10-22 03:30:00,164205.26506422638,164209.78581835542
2023-10-22 07:30:00,164205.34876790256,164209.76070324486
2023-10-22 11:30:00,164214.27823588776,164209.77658616577
2023-10-22 15:30:00,164214.84084034595,164209.80241671106
2023-10-22 19:30:00,164217.87901716633,164209.84976103564
2023-10-23 03:30:00,164211.43982136846,164209.90210484166
2023-10-23 07:30:00,164204.77476734767,164209.86587244458
2023-10-23 11:30:00,164209.7264210243,164209.8495195932
2023-10-23 15:30:00,164209.43961829378,164209.84264959238
2023-10-23 19:30:00,164208.21398794182,164209.81983285607
2023-10-23 23:30:00,164213.31882627596,164209.84024812424
2023-10-24 03:30:00,164208.2807308729,164209.8873747732
2023-10-24 07:30:00,164211.15837944404,164209.8754886621
2023-10-24 11:30:00,164220.67782488273,164209.92892432888
2023-10-24 15:30:00,164218.3072068939,164209.97779119108
2023-10-24 19:30:00,164216.28563590746,164210.0086045409
2023-10-24 23:30:00,164217.56009593108,164210.03624053922
2023-10-25 03:30:00,164213.07914823975,164210.059834172
2023-10-25 07:30:00,164204.2206597482,164210.04199104974
2023-10-25 11:30:00,164212.65711215956,164210.05389372617
2023-10-25 15:30:00,164214.35300439651,164210.05425518894
2023-10-25 19:30:00,164205.53666032312,164210.01270247533
2023-10-25 23:30:00,164210.28425162064,164209.99806281965
2023-10-26 03:30:00,164205.18054460516,164210.0004485602
2023-10-26 11:30:00,164207.11146285656,164209.9796483164
2023-10-26 15:30:00,164216.0521543086,164209.99682741292
2023-10-26 19:30:00,164205.45491535083,164209.9643382676
2023-10-26 23:30:00,164219.58951548173,164210.0639465095
2023-10-27 03:30:00,164216.85576981655,164210.13103426434
2023-10-27 07:30:00,164216.17410252805,164210.22114618466
2023-10-27 11:30:00,164211.74161385852,164210.24573645883
2023-10-27 15:30:00,164211.99124924553,164210.2618582764
2023-10-27 19:30:00,164207.9612894089,164210.21313013713
2023-10-27 23:30:00,164210.62980656192,164210.17935826696
2023-10-28 03:30:00,164210.38638997966,164210.18831161942
2023-10-28 07:30:00,164204.8000213745,164210.112365514
2023-10-28 15:30:00,164212.3823331945,164210.09497515942
2023-10-28 19:30:00,164203.2923000744,164210.12079072944
2023-10-28 23:30:00,164217.25700418226,164210.20517057233
2023-10-29 03:30:00,164222.76830835678,164210.33540894854
2023-10-29 07:30:00,164220.99822376092,164210.5076221474
2023-10-29 11:30:00,164209.80336313252,164210.5160538694
2023-10-29 15:30:00,164206.95850495255,164210.50672948893
2023-10-29 19:30:00,164202.7703089154,164210.47642877384
2023-10-29 23:30:00,164203.25058248325,164210.45754746097
2023-10-30 03:30:00,164210.39390700823,164210.45120450348
2023-10-30 07:30:00,164211.77094589727,164210.44338402545
2023-10-30 11:30:00,164206.80457261638,164210.44378642863
2023-10-30 19:30:00,164209.97802795895,164210.46224095154
2023-10-30 23:30:00,164209.52132355756,164210.4804340751
2023-10-31 03:30:00,164213.80159249622,164210.5148810026
2023-10-31 07:30:00,164212.3471681667,164210.53151122745
2023-10-31 11:30:00,164213.19266291446,164210.53754116973
2023-10-31 15:30:00,164214.20377712167,164210.54726458775
2023-10-31 19:30:00,164215.5178844506,164210.55391380214
2023-10-31 23:30:00,164200.28281614653,164210.52409756614
2023-11-01 03:30:00,164208.20172809836,164210.51680255693
2023-11-01 07:30:00,164214.9978975247,164210.53884474828
2023-11-01 11:30:00,164209.03634500425,164210.53074312076
2023-11-01 15:30:00,164206.7126788391,164210.50213230794
2023-11-01 19:30:00,164207.35862489618,164210.47952768696
2023-11-01 23:30:00,164209.27635261248,164210.4754744375
2023-11-02 03:30:00,164208.61778751624,164210.45419222693
2023-11-02 07:30:00,164202.49702656703,164210.36783268733
2023-11-02 11:30:00,164210.72271670622,164210.3688414787
2023-11-02 15:30:00,164216.93286186006,164210.40001935462
2023-11-02 19:30:00,164211.04415023435,164210.45005699733
2023-11-02 23:30:00,164206.31977319834,164210.51174651182
2023-11-03 03:30:00,164212.77019254418,164210.54888024507
2023-11-03 07:30:00,164220.00076290092,164210.58321682946
2023-11-03 11:30:00,164215.38486974945,164210.5782123254
2023-11-03 15:30:00,164209.78303417738,164210.56021714446
2023-11-03 19:30:00,164206.06113674174,164210.51119517937
2023-11-03 23:30:00,164206.34803377374,164210.45743424055
2023-11-04 03:30:00,164203.80660700606,164210.4204211242
2023-11-04 07:30:00,164201.54554452878,164210.31255314953
2023-11-04 11:30:00,164207.46693928377,164210.27696751937
2023-11-04 15:30:00,164207.0062746041,164210.23864051356
2023-11-04 19:30:00,164211.47047727395,164210.22202917884
2023-11-04 23:30:00,164211.72687427042,164210.21264292728
2023-11-05 03:30:00,164209.49686159543,164210.21899719595
2023-11-05 07:30:00,164217.59268551544,164210.27602594363
2023-11-05 11:30:00,164214.43391153094,164210.3446876699
2023-11-05 15:30:00,164210.14457726234,164210.38139201817
2023-11-05 19:30:00,164210.05401233427,164210.41506878813
2023-11-05 23:30:00,164215.26400255103,164210.47322832257
2023-11-06 03:30:00,164216.42831719664,164210.52447837096
2023-11-06 07:30:00,164204.0269787175,164210.506324886
2023-11-06 11:30:00,164204.8353657735,164210.4306855307
2023-11-06 15:30:00,164208.2017885829,164210.3840444907
2023-11-06 19:30:00,164207.13236764632,164210.37662101293
2023-11-06 23:30:00,164203.6804007885,164210.3594284429
2023-11-07 07:30:00,164210.40207480852,164210.40981510596
2023-11-07 11:30:00,164216.79874951363,164210.45918402125
2023-11-07 15:30:00,164215.4742452231,164210.543589786
2023-11-07 19:30:00,164214.0183413273,164210.6272302503
2023-11-07 23:30:00,164211.5995676411,164210.61645496372
2023-11-08 03:30:00,164207.7254612041,164210.59819266704
2023-11-08 07:30:00,164208.03985333626,164210.60411319908
2023-11-08 11:30:00,164211.7066035167,164210.6123211503
2023-11-08 15:30:00,164209.9804880261,164210.6001202658
2023-11-08 19:30:00,164205.8075850859,164210.5590135448
2023-11-08 23:30:00,164208.47016272295,164210.54262335045
2023-11-09 03:30:00,164209.04346425604,164210.56112974594
2023-11-09 07:30:00,164217.69206078735,164210.59993469602
2023-11-09 11:30:00,164218.18389512715,164210.6236162432
2023-11-09 15:30:00,164209.83257102018,164210.6146599208
2023-11-09 19:30:00,164210.72967091427,164210.59492428394
2023-11-09 23:30:00,164211.72461856584,164210.58283299007
2023-11-10 03:30:00,164212.92861236705,164210.58945329118
2023-11-10 07:30:00,164211.50296639677,164210.57109871312
2023-11-10 11:30:00,164212.63915924818,164210.55026708858
2023-11-10 15:30:00,164211.90452273746,164210.5418531757
2023-11-10 19:30:00,164209.24846739086,164210.53935985282
2023-11-10 23:30:00,164208.8204477865,164210.56254715976
2023-11-11 03:30:00,164205.50500064308,164210.50506426
2023-11-11 07:30:00,164212.6229433567,164210.42372392575
2023-11-11 11:30:00,164211.98877031603,164210.34548878306
2023-11-11 15:30:00,164205.93824939337,164210.27593321668
2023-11-11 19:30:00,164203.2835026478,164210.17111026947
2023-11-11 23:30:00,164209.80590433851,164210.1261431235
2023-11-12 03:30:00,164212.32519275078,164210.15348563832
2023-11-12 07:30:00,164210.40420433087,164210.18784443208
2023-11-12 11:30:00,164205.73838646355,164210.19225311783
2023-11-12 15:30:00,164210.52519540512,164210.2231998322
2023-11-12 19:30:00,164207.6823999692,164210.26239758797
2023-11-12 23:30:00,164213.41212519986,164210.3130180659
2023-11-13 03:30:00,164205.51694064442,164210.29157275677
2023-11-13 07:30:00,164210.7682538475,164210.32783257432
2023-11-13 11:30:00,164211.9272506495,164210.36962275294
2023-11-13 15:30:00,164212.1117724314,164210.38618377078
2023-11-13 19:30:00,164205.36818382848,164210.4054333804
2023-11-13 23:30:00,164210.04155256404,164210.44144103763
2023-11-14 03:30:00,164215.5251730134,164210.45253096323
2023-11-14 07:30:00,164215.58559071826,164210.51253358356
2023-11-14 11:30:00,164213.40114824055,164210.56729394096
2023-11-14 15:30:00,164214.56640642422,164210.57302416465
2023-11-14 19:30:00,164209.28985884404,164210.58368562761
2023-11-14 23:30:00,164210.51370344937,164210.60285329944
2023-11-15 03:30:00,164214.34799713932,164210.5945637527
2023-11-15 07:30:00,164215.14441512368,164210.60728435867
2023-11-15 11:30:00,164210.46876606115,164210.60645490777
2023-11-15 15:30:00,164217.91559797135,164210.63671675217
2023-11-15 19:30:00,164214.1262618753,164210.68143818987
2023-11-15 23:30:00,164209.21103508773,164210.72061636634
2023-11-16 03:30:00,164216.88998294232,164210.76150151895
2023-11-16 07:30:00,164219.47923547664,164210.805750231
2023-11-16 11:30:00,164209.8190291876,164210.83291618177
2023-11-16 19:30:00,164210.46854893758,164210.85672714424
2023-11-16 23:30:00,164210.492421088,164210.8636406915
2023-11-17 03:30:00,164208.57379943292,164210.85194006594
2023-11-17 07:30:00,164215.29333960504,164210.87853527273
2023-11-17 11:30:00,164206.8819273903,164210.89566143733
2023-11-17 15:30:00,164214.7733759567,164210.9223511136
2023-11-17 19:30:00,164206.45294106816,164210.8957474824
2023-11-17 23:30:00,164209.02329635204,164210.90451720863
2023-11-18 03:30:00,164209.80696679,164210.89802282746
2023-11-18 07:30:00,164214.03249306703,164210.90838366412
2023-11-18 11:30:00,164208.57526887927,164210.89465945953
2023-11-18 15:30:00,164210.02946102427,164210.90126717233
2023-11-18 19:30:00,164213.3389561139,164210.91042027765
2023-11-18 23:30:00,164206.98255727586,164210.88885884575
2023-11-19 03:30:00,164211.11613960762,164210.890187973
2023-11-19 07:30:00,164211.44311785087,164210.87392376154
2023-11-19 11:30:00,164212.53354548884,164210.86677554378
2023-11-19 15:30:00,164211.77351172295,164210.87835986097
2023-11-19 19:30:00,164207.66302662203,164210.85966606307
2023-11-19 23:30:00,164202.19270440683,164210.8353059343
2023-11-20 03:30:00,164206.59619112517,164210.8025357509
2023-11-20 07:30:00,164209.68075093627,164210.77369673067
2023-11-20 11:30:00,164215.39144803875,164210.79728304737
2023-11-20 15:30:00,164208.8290935905,164210.7859062297
2023-11-20 19:30:00,164214.4499223148,164210.80696379338
2023-11-20 23:30:00,164206.24722291503,164210.76262142134
2023-11-21 03:30:00,164210.9403018917,164210.79523772973
2023-11-21 07:30:00,164214.3713808249,164210.84709182702
2023-11-21 11:30:00,164213.9117302288,164210.84498547262
2023-11-21 15:30:00,164215.92033572186,164210.85118946905
2023-11-21 19:30:00,164208.1040487087,164210.79501148942
2023-11-21 23:30:00,164219.13955704705,164210.8426946069
2023-11-22 03:30:00,164212.9483818418,164210.85131495248
2023-11-22 07:30:00,164206.90379982733,164210.86348085233
2023-11-22 11:30:00,164212.39789047177,164210.878746392
2023-11-22 15:30:00,164203.47723132945,164210.84467560938
2023-11-22 19:30:00,164209.72752662175,164210.85332440186
2023-11-23 03:30:00,164203.4543526556,164210.81141704498
2023-11-23 07:30:00,164203.82083207602,164210.76924723253
2023-11-23 11:30:00,164212.6681695564,164210.72321473065
2023-11-23 15:30:00,164206.1652406165,164210.65343331528
2023-11-23 19:30:00,164207.46963311624,164210.60276663254
2023-11-23 23:30:00,164218.0136864031,164210.60537347433
2023-11-24 03:30:00,164215.48772238634,164210.6192158545
2023-11-24 07:30:00,164203.3216693361,164210.61404924293
2023-11-24 11:30:00,164202.19019949503,164210.55389457245
2023-11-24 15:30:00,164204.92232939467,164210.49969529084
2023-11-24 19:30:00,164206.9304057495,164210.507705322
2023-11-24 23:30:00,164211.23168201244,164210.5131503243
2023-11-25 03:30:00,164210.19234710024,164210.5419537869
2023-11-25 07:30:00,164211.385717505,164210.54677529386
2023-11-25 11:30:00,164216.00640813287,164210.5976035526
2023-11-25 15:30:00,164216.13365659417,164210.59806927992
2023-11-25 19:30:00,164217.95093935644,164210.66947513138
2023-11-25 23:30:00,164209.72343805784,164210.6130975461
2023-11-26 03:30:00,164215.89512086805,164210.6076081235
2023-11-26 07:30:00,164211.77296559417,164210.5824587696
2023-11-26 11:30:00,164208.22707187844,164210.5623756726
2023-11-26 15:30:00,164212.30826439653,164210.56418718773
2023-11-26 19:30:00,164205.2116272976,164210.54847483282
2023-11-26 23:30:00,164212.93656137527,164210.56165628892
2023-11-27 03:30:00,164219.70607061114,164210.61491160677
2023-11-27 07:30:00,164221.5849769059,164210.71082563838
2023-11-27 11:30:00,164218.59845021815,164210.75564168714
2023-11-27 15:30:00,164214.5159844398,164210.76776470558
2023-11-27 19:30:00,164209.43437293262,164210.80266284684
2023-11-27 23:30:00,164212.44780008448,164210.77533782358
2023-11-28 03:30:00,164218.05903760277,164210.74858060337
2023-11-28 07:30:00,164212.9310067832,164210.70274414326
2023-11-28 11:30:00,164207.76336393665,164210.69115323873
2023-11-28 15:30:00,164216.58951276075,164210.74587487397
2023-11-28 19:30:00,164212.04498409986,164210.79857189208
2023-11-28 23:30:00,164205.61623791026,164210.8120131161
2023-11-29 03:30:00,164209.49832673155,164210.80692459183
2023-11-29 07:30:00,164218.1293541719,164210.84305191156
2023-11-29 11:30:00,164216.03170293325,164210.89547878836
2023-11-29 15:30:00,164206.24734482332,164210.86921814448
2023-11-29 19:30:00,164215.30278419406,164210.89930151304
2023-11-29 23:30:00,164205.4840031683,164210.87649179331
2023-11-30 03:30:00,164197.68670388695,164210.78544722492
2023-11-30 07:30:00,164210.8060315047,164210.77674023816
2023-11-30 11:30:00,164203.50888338586,164210.72202961933
2023-11-30 15:30:00,164215.17428541958,164210.72751271704
2023-11-30 19:30:00,164212.31642875416,164210.70942539675
2023-11-30 23:30:00,164210.46344065282,164210.76694304933
2023-12-01 03:30:00,164215.97132870008,164210.8108390979
2023-12-01 07:30:00,164219.6368345642,164210.83704778174
2023-12-01 11:30:00,164208.56366550206,164210.8343772761
2023-12-01 15:30:00,164209.736521922,164210.85146113532
2023-12-01 19:30:00,164218.08645914966,164210.9120703684
2023-12-01 23:30:00,164206.3885287523,164210.8957549793
2023-12-02 03:30:00,164207.78911849536,164210.89107323345
2023-12-02 07:30:00,164221.57396447693,164210.99885254368
2023-12-02 11:30:00,164205.80295995678,164210.9710573078
2023-12-02 15:30:00,164204.64813072348,164210.90165204715
2023-12-02 19:30:00,164204.13795476494,164210.86263399365
2023-12-02 23:30:00,164213.85097261635,164210.9051831429
2023-12-03 03:30:00,164197.85329700186,164210.82090689693
2023-12-03 07:30:00,164205.99521069412,164210.7417794833
2023-12-03 11:30:00,164204.99733085692,164210.6830928229
2023-12-03 15:30:00,164209.8075517777,164210.68323134037
2023-12-03 19:30:00,164213.09790434947,164210.7229870896
2023-12-03 23:30:00,164211.36146424076,164210.7513115555
2023-12-04 03:30:00,164212.30042664992,164210.79929923714
2023-12-04 07:30:00,164210.8723089927,164210.85199282167
2023-12-04 11:30:00,164203.75323827207,164210.83101146002
2023-12-04 15:30:00,164205.7289846692,164210.82379513272
2023-12-04 19:30:00,164210.10360760134,164210.8160727052
2023-12-04 23:30:00,164212.8839333714,164210.82260976228
2023-12-05 03:30:00,164210.67626235244,164210.82927304337
2023-12-05 07:30:00,164214.54185294284,164210.81203670116
2023-12-05 11:30:00,164207.0883943205,164210.7705366039
2023-12-05 15:30:00,164203.39482376384,164210.73240240332
2023-12-05 19:30:00,164205.85281606083,164210.7086668312
2023-12-05 23:30:00,164208.95700294574,164210.67303406505
2023-12-06 03:30:00,164206.2227829847,164210.61537567966
2023-12-06 07:30:00,164205.6266877368,164210.62441358375
2023-12-06 11:30:00,164208.8974364469,164210.64736313553
2023-12-06 15:30:00,164207.14976672622,164210.64141950925
2023-12-06 19:30:00,164214.34266417526,164210.68215564784
2023-12-06 23:30:00,164211.63454594597,164210.72709432105
2023-12-07 03:30:00,164210.74315082637,164210.72718452613
2023-12-07 07:30:00,164211.61595937362,164210.73400410233
2023-12-07 11:30:00,164209.41238594215,164210.69250767774
2023-12-07 15:30:00,164207.2774972264,164210.64645853176
2023-12-07 19:30:00,164212.34045609972,164210.63703221022
2023-12-07 23:30:00,164214.70242586572,164210.654463998
2023-12-08 03:30:00,164208.50052219618,164210.65881827325
2023-12-08 07:30:00,164207.93795485582,164210.65824580987
2023-12-08 11:30:00,164211.12404264018,164210.65497299595
2023-12-08 15:30:00,164205.4942160659,164210.62976922092
2023-12-08 19:30:00,164208.88716477467,164210.6470702304
2023-12-08 23:30:00,164209.63187097447,164210.65359668122
2023-12-09 03:30:00,164208.9329364825,164210.65297573866
2023-12-09 07:30:00,164212.79495426588,164210.6254639043
2023-12-09 11:30:00,164213.14220493383,164210.5971398021
2023-12-09 15:30:00,164217.20211673048,164210.6385417443
2023-12-09 19:30:00,164212.08665551737,164210.6461652533
2023-12-09 23:30:00,164209.73300747463,164210.63497642695
2023-12-10 03:30:00,164209.88408928958,164210.61787236473
2023-12-10 07:30:00,164213.75176898754,164210.63050608712
2023-12-10 11:30:00,164214.52901400288,164210.64112324867
2023-12-10 15:30:00,164208.08199458325,164210.6196483714
2023-12-10 19:30:00,164206.10653382825,164210.60199705925
2023-12-10 23:30:00,164211.24958870164,164210.6156439183
2023-12-11 03:30:00,164208.30128448905,164210.63135337812
2023-12-11 07:30:00,164202.26494105213,164210.57316235392
2023-12-11 11:30:00,164208.47899687148,164210.5534445256
2023-12-11 15:30:00,164213.24082100994,164210.59447020883
2023-12-11 19:30:00,164212.85281716564,164210.64823040276
2023-12-12 03:30:00,164218.83126949216,164210.6897468028
2023-12-12 07:30:00,164216.17222583896,164210.72233449493
2023-12-12 11:30:00,164219.38750808025,164210.7994481764
2023-12-12 15:30:00,164215.05545470354,164210.8250428617
2023-12-12 19:30:00,164213.2687886576,164210.8566043797
2023-12-12 23:30:00,164212.18571597282,164210.84967551404
2023-12-13 03:30:00,164214.35763635466,164210.89962294739
2023-12-13 07:30:00,164212.26607960917,164210.90808523985
2023-12-13 11:30:00,164206.7023750256,164210.87856616854
2023-12-13 15:30:00,164205.5081004198,164210.84125728707
2023-12-13 19:30:00,164205.70978062553,164210.8431872125
2023-12-13 23:30:00,164211.2639545448,164210.85009343838
2023-12-14 03:30:00,164204.5534026743,164210.78810603532
2023-12-14 07:30:00,164215.49143608726,164210.78757408826
2023-12-14 11:30:00,164217.77974085024,164210.8123118996
2023-12-14 15:30:00,164214.27442338382,164210.81066227792
2023-12-14 19:30:00,164206.87097769056,164210.7969962827
2023-12-14 23:30:00,164208.2005525521,164210.78392763357
2023-12-15 03:30:00,164204.97897899026,164210.73099532764
2023-12-15 07:30:00,164212.6582705749,164210.71694931324
2023-12-15 11:30:00,164208.64681115167,164210.70665578268
2023-12-15 15:30:00,164218.52056231975,164210.7100736604
2023-12-15 19:30:00,164214.1319100497,164210.71010557096
2023-12-15 23:30:00,164203.16863709092,164210.67596772916
2023-12-16 03:30:00,164207.99818316408,164210.62573157222
2023-12-16 07:30:00,164214.06118422595,164210.59512111318
2023-12-16 11:30:00,164206.7501386581,164210.5777827486
2023-12-16 15:30:00,164199.15598271778,164210.5136153327
2023-12-16 19:30:00,164209.96647747813,164210.5107947065
2023-12-16 23:30:00,164206.3423528394,164210.48747971634
2023-12-17 03:30:00,164212.66816957114,164210.5104817958
2023-12-17 07:30:00,164216.67683612148,164210.5182542481
2023-12-17 11:30:00,164215.27728354043,164210.56541917034
2023-12-17 15:30:00,164210.39104849185,164210.5407993531
2023-12-17 19:30:00,164215.4012265778,164210.59107062002
2023-12-17 23:30:00,164218.35444423778,164210.64349279916
2023-12-18 03:30:00,164215.95816277142,164210.67805007994
2023-12-18 07:30:00,164214.5447007265,164210.68092765106
2023-12-18 11:30:00,164205.2868227448,164210.66245323454
2023-12-18 15:30:00,164214.04552319265,164210.68501538158
2023-12-18 19:30:00,164211.97748058918,164210.6773666427
2023-12-18 23:30:00,164208.97161847132,164210.68854114378
2023-12-19 03:30:00,164215.06078340198,164210.71070206398
2023-12-19 07:30:00,164217.79566783342,164210.74639054705
2023-12-19 11:30:00,164219.36376010338,164210.78476253926
2023-12-19 15:30:00,164214.72605621011,164210.8013498678
2023-12-19 19:30:00,164213.6123449629,164210.83477300455
2023-12-19 23:30:00,164213.45720286935,164210.8980567038
2023-12-20 03:30:00,164217.56457236066,164210.95967682308
2023-12-20 07:30:00,164214.2002657761,164210.98506735588
2023-12-20 11:30:00,164205.92857744775,164210.93190516156
2023-12-20 15:30:00,164206.39998177384,164210.91825846597
2023-12-20 19:30:00,164211.88507805954,164210.9038492286
2023-12-20 23:30:00,164209.31883809422,164210.92110549365
2023-12-21 03:30:00,164210.88467067867,164210.92079295873
2023-12-21 07:30:00,164211.17397721575,164210.90283001712
2023-12-21 11:30:00,164210.84080111436,164210.88557760636
2023-12-21 15:30:00,164207.49396903842,164210.83823846767
2023-12-21 19:30:00,164202.40465465566,164210.80621939994
2023-12-21 23:30:00,164210.8060615276,164210.7594020094
2023-12-22 03:30:00,164213.99396164762,164210.76527605325
2023-12-22 07:30:00,164208.3648469296,164210.77348418304
2023-12-22 11:30:00,164201.79155964678,164210.71389805482
2023-12-22 15:30:00,164216.94481287585,164210.7895586253
2023-12-22 19:30:00,164220.22425175732,164210.84852899122
2023-12-22 23:30:00,164208.53829715872,164210.8356226681
2023-12-23 03:30:00,164201.3984767014,164210.8241373276
2023-12-23 07:30:00,164209.43456241142,164210.85549894962
2023-12-23 11:30:00,164209.94160829415,164210.84026676376
2023-12-23 15:30:00,164200.80920067523,164210.81034475294
2023-12-23 19:30:00,164207.93132977127,164210.81292406385
2023-12-23 23:30:00,164213.8004438792,164210.78938639612
2023-12-24 03:30:00,164212.75466964158,164210.77411794505
2023-12-24 07:30:00,164212.31045385762,164210.82433461834
2023-12-24 11:30:00,164210.99959566953,164210.87354912213
2023-12-24 15:30:00,164209.6987735717,164210.90023316778
2023-12-24 19:30:00,164210.03352216477,164210.9175690137
2023-12-24 23:30:00,164220.21617674333,164210.96776172167
2023-12-25 03:30:00,164217.70645863886,164211.00973999844
2023-12-25 07:30:00,164200.58872458924,164210.94942160227
2023-12-25 11:30:00,164202.52762601632,164210.8741211435
2023-12-25 15:30:00,164211.05093693885,164210.8457260616
2023-12-25 19:30:00,164206.24313195498,164210.78031931637
2023-12-25 23:30:00,164210.93680272228,164210.78709788993
2023-12-26 03:30:00,164216.82263683694,164210.79227954338
2023-12-26 07:30:00,164207.48537496568,164210.7683265231
2023-12-26 11:30:00,164212.73546032267,164210.7935130507
2023-12-26 15:30:00,164212.94729644654,164210.79708306218
2023-12-26 19:30:00,164210.90934587305,164210.82891389218
2023-12-26 23:30:00,164209.72293023925,164210.81096064564
2023-12-27 03:30:00,164224.4266881342,164210.8373328106
2023-12-27 07:30:00,164203.33344333354,164210.73536893586
2023-12-27 11:30:00,164211.77059025038,164210.69722446677
2023-12-27 15:30:00,164210.34214577847,164210.67390693235
2023-12-27 19:30:00,164204.3776789193,164210.6456572451
2023-12-27 23:30:00,164212.64620184887,164210.64676563488
2023-12-28 03:30:00,164217.55655798267,164210.64395848615
2023-12-28 07:30:00,164218.2715887725,164210.6737941397
2023-12-28 11:30:00,164220.2106164781,164210.7433318634
2023-12-28 15:30:00,164227.29151703976,164210.80311959682
2023-12-28 19:30:00,164219.32567392607,164210.84379384166
2023-12-28 23:30:00,164206.36558395435,164210.8479801324
2023-12-29 03:30:00,164221.681247769,164210.9160411438
2023-12-29 07:30:00,164196.2050077047,164210.79355876127
2023-12-29 11:30:00,164207.80231427742,164210.74758452296
2023-12-29 15:30:00,164205.7134290992,164210.74460175354
2023-12-29 19:30:00,164210.42587420557,164210.71735644637
2023-12-29 23:30:00,164201.02484471255,164210.69244494662
2023-12-30 03:30:00,164207.22500225986,164210.74573152972
2023-12-30 07:30:00,164215.31126753756,164210.77090044608
2023-12-30 11:30:00,164206.1203854238,164210.785489843
2023-12-30 15:30:00,164225.1021712603,164210.84095289235
2023-12-30 19:30:00,164220.549683055,164210.88694872643
2023-12-30 23:30:00,164207.96384548498,164210.87298450765
2023-12-31 03:30:00,164217.09243640676,164210.87924767917
2023-12-31 07:30:00,164211.53273255393,164210.83397336627
2023-12-31 11:30:00,164196.8488068358,164210.76852722847
2023-12-31 15:30:00,164203.86568001506,164210.73572922897
2023-12-31 19:30:00,164206.69293343028,164210.6720782473
2023-12-31 23:30:00,164210.65610314012,164210.695919445
2024-01-01 03:30:00,164213.8288695837,164210.7296610712
2024-01-01 07:30:00,164222.5196558388,164210.73494426315
2024-01-01 11:30:00,164210.92123778828,164210.7635379941
2024-01-01 15:30:00,164211.87339873056,164210.8039026198
2024-01-01 19:30:00,164209.8452696473,164210.83578706047
2024-01-01 23:30:00,164204.72012731308,164210.78477675153
2024-01-02 03:30:00,164213.51702355052,164210.87228360376
2024-01-02 07:30:00,164216.73830098074,164210.93230086792
2024-01-02 11:30:00,164207.4923837723,164210.94623971102
2024-01-02 15:30:00,164209.44572492014,164210.94421833192
2024-01-02 19:30:00,164213.05959254215,164210.9440042995
2024-01-02 23:30:00,164208.18766451263,164210.92627357476
2024-01-03 07:30:00,164214.46739985328,164210.93875075332
2024-01-03 11:30:00,164209.44537398434,164210.97072904385
2024-01-03 15:30:00,164204.91642835079,164210.9661641207
2024-01-03 19:30:00,164211.65828739663,164210.97489827685
2024-01-03 23:30:00,164212.2948115345,164210.9715886036
2024-01-04 03:30:00,164212.74867880013,164210.98323139266
2024-01-04 07:30:00,164214.26171685563,164210.9816575944
2024-01-04 11:30:00,164204.37083454014,164210.96639040462
2024-01-04 15:30:00,164207.34984510735,164210.98860962567
2024-01-04 19:30:00,164211.53821625074,164211.02055007618
2024-01-04 23:30:00,164210.0455081023,164211.02666527368
2024-01-05 03:30:00,164210.28165089013,164211.04946790237
2024-01-05 07:30:00,164214.3733672476,164211.0986065513
2024-01-05 11:30:00,164216.7879487556,164211.14293527213
2024-01-05 15:30:00,164212.72482830522,164211.1742558428
2024-01-05 19:30:00,164211.38536519973,164211.15764180358
2024-01-05 23:30:00,164213.35686380495,164211.16731774664
2024-01-06 03:30:00,164213.8207189933,164211.18460745545
2024-01-06 07:30:00,164211.42825306553,164211.18355292562
2024-01-06 11:30:00,164210.6053446749,164211.190254941
2024-01-06 15:30:00,164211.3616177089,164211.21319943803
2024-01-06 19:30:00,164214.77802916555,164211.2268936688
2024-01-06 23:30:00,164215.3931482709,164211.23077413172
2024-01-07 03:30:00,164218.2053215688,164211.28529547653
2024-01-07 07:30:00,164209.91252162986,164211.2963885483
2024-01-07 11:30:00,164203.8430940705,164211.25548434284
2024-01-07 15:30:00,164209.02928403832,164211.27534427526
2024-01-07 19:30:00,164211.43921214875,164211.28968162005
2024-01-07 23:30:00,164214.67847121772,164211.31803330683
2024-01-08 03:30:00,164217.58554464148,164211.36664346504
2024-01-08 07:30:00,164210.27506562223,164211.35248678725
2024-01-08 11:30:00,164216.04477045962,164211.36879333513
2024-01-08 15:30:00,164209.76260982637,164211.32699835254
2024-01-08 19:30:00,164211.4218983383,164211.32326376162
2024-01-08 23:30:00,164212.27777605562,164211.3375602143
2024-01-09 03:30:00,164220.0446188545,164211.3946418411
2024-01-09 07:30:00,164206.46631332507,164211.3537123149
2024-01-09 11:30:00,164206.95283101362,164211.31114948916
2024-01-09 15:30:00,164208.64757701915,164211.31432691854
2024-01-09 19:30:00,164212.3701272135,164211.34951564544
2024-01-09 23:30:00,164220.54548572094,164211.40173978603
2024-01-10 03:30:00,164216.62535086565,164211.44850420384
2024-01-10 07:30:00,164201.9030546465,164211.4464711341
2024-01-10 11:30:00,164211.46394492197,164211.4632405052
2024-01-10 15:30:00,164218.7371355226,164211.49411867664
2024-01-10 19:30:00,164197.1505858587,164211.405903894
2024-01-10 23:30:00,164200.00016878577,164211.34218470345
2024-01-11 03:30:00,164212.92996190733,164211.30921650465
2024-01-11 07:30:00,164209.69423904768,164211.27302663433
2024-01-11 11:30:00,164221.82842090743,164211.2866630188
2024-01-11 15:30:00,164221.02584515722,164211.32001715543
2024-01-11 19:30:00,164212.55059462477,164211.31600489828
2024-01-11 23:30:00,164214.20555606473,164211.3272889211
2024-01-12 03:30:00,164207.89783338035,164211.2912006364
2024-01-12 07:30:00,164193.0163230078,164211.18366009672
2024-01-12 11:30:00,164201.67606728966,164211.15558016518
2024-01-12 15:30:00,164214.12794947292,164211.20373574653
2024-01-12 19:30:00,164210.5929315143,164211.23101591904
2024-01-12 23:30:00,164226.98027520496,164211.31881659318
2024-01-13 03:30:00,164232.90604678722,164211.47721125302
2024-01-13 07:30:00,164212.80754659316,164211.46221745695
2024-01-13 11:30:00,164206.409096908,164211.39869430644
2024-01-13 15:30:00,164205.156054437,164211.34775369777
2024-01-13 19:30:00,164218.27917830762,164211.41148666214
2024-01-13 23:30:00,164220.72360810864,164211.48144786633
2024-01-14 03:30:00,164225.31516443164,164211.59505784087
2024-01-14 07:30:00,164210.52910116952,164211.58316303976
2024-01-14 11:30:00,164210.9585316926,164211.59607767966
2024-01-14 15:30:00,164213.9657480516,164211.57063178986
2024-01-14 19:30:00,164209.22662724467,164211.5432279753
2024-01-14 23:30:00,164201.42360259872,164211.53347917928
2024-01-15 03:30:00,164224.47195639298,164211.62551143198
2024-01-15 07:30:00,164210.6160960745,164211.60626512943
2024-01-15 11:30:00,164203.56450425682,164211.5884682892
2024-01-15 15:30:00,164210.84664243742,164211.6537792374
2024-01-15 19:30:00,164208.27290696534,164211.64431794957
2024-01-15 23:30:00,164205.32004213263,164211.6386067166
2024-01-16 03:30:00,164210.88708288933,164211.62865651163
2024-01-16 07:30:00,164223.3144846368,164211.66573834693
2024-01-16 11:30:00,164219.4009741779,164211.68877572476
2024-01-16 15:30:00,164213.36693913897,164211.7054008122
2024-01-16 19:30:00,164204.7255232905,164211.6457600117
2024-01-16 23:30:00,164211.07322646378,164211.6050828174
2024-01-17 03:30:00,164216.07696569414,164211.60574652092
2024-01-17 07:30:00,164215.20622797345,164211.60944220386
2024-01-17 11:30:00,164206.8864944749,164211.61837891745
2024-01-17 15:30:00,164212.14208220868,164211.60774516893
2024-01-17 19:30:00,164214.80177249585,164211.62352333602
2024-01-17 23:30:00,164206.96530973117,164211.6123149073
2024-01-18 03:30:00,164212.34056260093,164211.597118143
2024-01-18 07:30:00,164217.64132232987,164211.59625587767
2024-01-18 11:30:00,164208.16683582132,164211.533703228
2024-01-18 15:30:00,164203.20360296447,164211.4693319809
2024-01-18 19:30:00,164214.60544836847,164211.47488004455
2024-01-18 23:30:00,164217.21683841766,164211.4958835951
2024-01-19 03:30:00,164211.1181607219,164211.4598701223
2024-01-19 07:30:00,164210.19232820018,164211.43747940956
2024-01-19 11:30:00,164209.2519590861,164211.45604578743
2024-01-19 15:30:00,164210.1513969555,164211.47700341415
2024-01-19 19:30:00,164217.48850311222,164211.50830746468
2024-01-19 23:30:00,164211.48837703673,164211.520427794
2024-01-20 03:30:00,164209.53457814368,164211.51288537763
2024-01-20 07:30:00,164217.42841477317,164211.54782636955
2024-01-20 11:30:00,164216.9617922656,164211.5820218508
2024-01-20 15:30:00,164205.18500635208,164211.56912261798
2024-01-20 19:30:00,164215.56455754268,164211.6426416285
2024-01-20 23:30:00,164214.98596376748,164211.66599303766
2024-01-21 03:30:00,164212.7201188626,164211.6588765975
2024-01-21 07:30:00,164212.34722854596,164211.68112453955
2024-01-21 11:30:00,164211.13677272934,164211.73333243383
2024-01-21 15:30:00,164208.36074592092,164211.68537675252
2024-01-21 19:30:00,164213.68552870108,164211.64884757344
2024-01-21 23:30:00,164215.39936729457,164211.68717757417
2024-01-22 03:30:00,164217.7875934942,164211.7787368859
2024-01-22 07:30:00,164209.0613989707,164211.7766521739
2024-01-22 11:30:00,164211.10975070848,164211.7831781092
2024-01-22 15:30:00,164212.06008176156,164211.84603219348
2024-01-22 19:30:00,164206.5579078112,164211.8383594451
2024-01-22 23:30:00,164212.4171703397,164211.83063165995
2024-01-23 03:30:00,164208.2336221402,164211.8053744113
2024-01-23 07:30:00,164206.38610958497,164211.772277516
2024-01-23 11:30:00,164201.04188626196,164211.71664785448
2024-01-23 15:30:00,164211.48789871568,164211.726642967
2024-01-23 19:30:00,164208.63508141245,164211.71883044884
2024-01-23 23:30:00,164201.93776289822,164211.61671640503
2024-01-24 03:30:00,164220.57604046,164211.6327475884
2024-01-24 07:30:00,164210.5798231485,164211.68856378144
2024-01-24 11:30:00,164203.22152481825,164211.69244031105
2024-01-24 15:30:00,164215.15639646334,164211.71537583915
2024-01-25 07:30:00,164216.27826421158,164211.7718329144
2024-01-25 11:30:00,164213.86991293475,164211.77827866792
2024-01-25 15:30:00,164221.71022297002,164211.82806802314
2024-01-25 19:30:00,164210.54373175686,164211.8259906702
2024-01-25 23:30:00,164200.69273549653,164211.77468274554
2024-01-26 03:30:00,164209.53128065722,164211.6900497485
2024-01-26 15:30:00,164211.5828776171,164211.7447439884
2024-01-26 19:30:00,164202.16824837885,164211.73204611178
2024-01-27 03:30:00,164212.04151195305,164211.6948830958
2024-01-27 07:30:00,164205.33633653098,164211.6201128516
2024-01-28 03:30:00,164220.40451451717,164211.45449348332
2024-01-28 23:30:00,164199.2918479352,164211.59957440372
2024-01-29 07:30:00,164212.87339924678,164211.61138357356
2024-01-29 15:30:00,164208.35932843294,164211.5423538516
2024-01-30 03:30:00,164215.95783601177,164211.50158726008
2024-01-30 07:30:00,164207.78944837768,164211.47833704783
2024-01-30 11:30:00,164204.67438417568,164211.52694311828
2024-01-30 15:30:00,164212.71394090515,164211.58190126045
2024-01-30 23:30:00,164207.85863433618,164211.59497312937
2024-01-31 07:30:00,164217.55698097232,164211.5497116745
2024-01-31 19:30:00,164211.03301993897,164211.5592182804
2024-02-02 03:30:00,164207.6774100046,164211.58486001613
2024-02-02 19:30:00,164217.57558755312,164211.66487811084
2024-02-02 23:30:00,164219.7161706586,164211.7150224292
2024-02-03 03:30:00,164211.0202887683,164211.7033441182
2024-02-03 07:30:00,164219.85727878465,164211.7411519691
2024-02-03 11:30:00,164213.9201419561,164211.80567431648
2024-02-04 11:30:00,164205.77274207136,164211.76668534655
2024-02-04 15:30:00,164196.44792326674,164211.65286083578
2024-02-04 19:30:00,164212.1762127093,164211.65839123796
2024-02-04 23:30:00,164222.16789605608,164211.7200068481
2024-02-05 03:30:00,164210.04279454972,164211.69358779603
2024-02-05 07:30:00,164202.3366469596,164211.63001013096
2024-02-05 11:30:00,164212.30542886557,164211.6418988316
2024-02-05 15:30:00,164211.3545407981,164211.6418493427
2024-02-05 19:30:00,164220.3051044928,164211.68050021914
2024-02-05 23:30:00,164208.82477696319,164211.63456755265
2024-02-06 03:30:00,164205.34946401263,164211.54466645085
2024-02-06 07:30:00,164215.1298076009,164211.58115096815
2024-02-06 11:30:00,164229.24155580075,164211.75876258864
2024-02-06 15:30:00,164226.4658530298,164211.88069663753
2024-02-06 19:30:00,164220.2774893915,164211.9425027721
2024-02-06 23:30:00,164218.1835342473,164211.96701370235
2024-02-07 03:30:00,164214.49309298024,164211.94538816626
2024-02-07 07:30:00,164208.35459670934,164211.9319583137
2024-02-07 11:30:00,164207.5166539965,164211.87232113568
2024-02-07 15:30:00,164210.22667662255,164211.875566358
2024-02-07 23:30:00,164204.18169089852,164211.821746519
2024-02-08 03:30:00,164200.26533375616,164211.6824557789
2024-02-08 07:30:00,164215.01044229695,164211.74262570124
2024-02-08 11:30:00,164210.5009071776,164211.76761215308
2024-02-08 15:30:00,164206.60492970006,164211.75322731282
2024-02-08 19:30:00,164194.91664878215,164211.6303154929
2024-02-08 23:30:00,164197.47800118595,164211.4678684187
2024-02-09 03:30:00,164204.783177685,164211.3844728329
2024-02-09 07:30:00,164208.49530978122,164211.43089716483
2024-02-09 11:30:00,164224.1398293944,164211.5201639569
2024-02-09 15:30:00,164224.61590224027,164211.56156372253
2024-02-09 19:30:00,164211.65829717444,164211.6637307036
2024-02-09 23:30:00,164212.56988279813,164211.75224981637
2024-02-10 03:30:00,164213.02589557256,164211.75292540557
2024-02-10 07:30:00,164192.15552774878,164211.62941335418
2024-02-10 11:30:00,164204.088233516,164211.50448245704
2024-02-10 19:30:00,164214.92813749777,164211.45381706822
2024-02-10 23:30:00,164225.2974430337,164211.53248293325
2024-02-11 03:30:00,164213.49003599415,164211.57214394468
2024-02-11 07:30:00,164202.4987660025,164211.63939531342
2024-02-11 11:30:00,164211.0966767968,164211.7062081468
2024-02-11 15:30:00,164214.2834182642,164211.70731076237
2024-02-11 19:30:00,164205.95933275437,164211.67444835982
2024-02-11 23:30:00,164208.4877017022,164211.54329535624
2024-02-12 03:30:00,164223.31757384978,164211.47529200208
2024-02-12 07:30:00,164212.35251408804,164211.47206482117
2024-02-12 11:30:00,164205.0046376815,164211.46210411747
2024-02-12 15:30:00,164215.19716402373,164211.53331766062
2024-02-12 19:30:00,164210.69833200958,164211.47955279326
2024-02-12 23:30:00,164205.28366185457,164211.3700496283
2024-02-13 03:30:00,164216.5514823209,164211.3078958545
2024-02-13 07:30:00,164213.2330631079,164211.32707288951
2024-02-13 15:30:00,164216.7018049631,164211.34924859033
2024-02-13 19:30:00,164211.97915129518,164211.36890947638
2024-02-13 23:30:00,164214.58795469356,164211.46294056275
2024-02-14 03:30:00,164214.72125713702,164211.39329271094
2024-02-14 07:30:00,164210.49656732898,164211.39243893418
2024-02-14 11:30:00,164204.0631009465,164211.39600033913
2024-02-14 15:30:00,164209.59026849954,164211.38702623954
2024-02-14 19:30:00,164212.32258346828,164211.41595250028
2024-02-14 23:30:00,164207.29270054356,164211.4300429175
2024-02-15 03:30:00,164219.7005700859,164211.49299639746
2024-02-15 07:30:00,164219.1594876182,164211.46331784732
2024-02-15 11:30:00,164208.43113982104,164211.38496188764
2024-02-15 15:30:00,164210.25358720345,164211.36272365955
2024-02-15 19:30:00,164219.65437495502,164211.4693583143
2024-02-15 23:30:00,164219.01109742202,164211.52605739256
2024-02-16 03:30:00,164211.42882916747,164211.49285641738
2024-02-16 07:30:00,164211.4605747043,164211.46610175117
2024-02-16 15:30:00,164210.82360098543,164211.48956308965
2024-02-16 19:30:00,164219.39579939804,164211.52261364294
2024-02-16 23:30:00,164219.27902223973,164211.61120150267
2024-02-17 03:30:00,164210.46487367884,164211.5977073378
2024-02-17 07:30:00,164208.24219977736,164211.53008775107
2024-02-17 11:30:00,164208.3900663052,164211.53169372582
2024-02-17 15:30:00,164210.6087519476,164211.5849681789
2024-02-17 23:30:00,164198.16894018787,164211.42505239326
2024-02-18 03:30:00,164199.03098871853,164211.33746419035
2024-02-18 07:30:00,164220.9856971276,164211.41567700866
2024-02-18 11:30:00,164219.82253098843,164211.49227535576
2024-02-18 15:30:00,164207.58809222793,164211.47370068383
2024-02-18 19:30:00,164221.0879930798,164211.49978394445
2024-02-18 23:30:00,164220.80975054915,164211.56733012936
2024-02-19 03:30:00,164218.7648015697,164211.63421580635
2024-02-19 07:30:00,164210.46690770876,164211.58377010297
2024-02-19 11:30:00,164205.64807378783,164211.50178663575
2024-02-19 19:30:00,164212.668343185,164211.52675427025
2024-02-19 23:30:00,164218.3858878608,164211.55157123442
2024-02-20 03:30:00,164210.77881851664,164211.53740115892
2024-02-20 07:30:00,164208.72279891692,164211.51094546818
2024-02-20 11:30:00,164207.17675582223,164211.4820402353
2024-02-20 15:30:00,164202.64181000617,164211.44029617752
2024-02-20 19:30:00,164205.59698744302,164211.38125573038
2024-02-20 23:30:00,164201.27712153454,164211.27817364453
2024-02-21 03:30:00,164212.51247289628,164211.2396691146
2024-02-21 07:30:00,164211.53273663457,164211.2577080757
2024-02-21 11:30:00,164239.14208896802,164211.4623236834
2024-02-21 15:30:00,164242.14925849112,164211.68195271064
2024-02-21 19:30:00,164233.62674785542,164211.87953548468
2024-02-21 23:30:00,164220.8754067543,164211.9412744366
2024-02-22 03:30:00,164206.92413749683,164211.93171615456
2024-02-22 07:30:00,164205.0059882994,164211.92164227655
2024-02-22 11:30:00,164209.31152710674,164211.9820046185
2024-02-22 15:30:00,164216.40689688714,164212.01790971463
2024-02-22 19:30:00,164207.69899241632,164212.01107694823
2024-02-22 23:30:00,164212.7150158645,164212.08974302828
2024-02-23 03:30:00,164217.40948455324,164212.0666294815
2024-02-23 07:30:00,164209.4977579224,164212.05873119517
2024-02-23 11:30:00,164210.92606368448,164212.11496870517
2024-02-23 15:30:00,164209.1254660644,164212.0709473154
2024-02-23 19:30:00,164207.64050315085,164212.03884264754
2024-02-23 23:30:00,164210.5797060344,164212.02834526182
2024-02-24 03:30:00,164208.60569385317,164212.00389775174
2024-02-24 07:30:00,164202.0806455501,164211.90248618988
2024-02-24 11:30:00,164200.84757457575,164211.8094694873
2024-02-24 15:30:00,164215.74673180358,164211.76687312187
2024-02-24 19:30:00,164199.6519918403,164211.68907497957
2024-02-24 23:30:00,164206.05877352756,164211.72740382268
2024-02-25 03:30:00,164213.61416115545,164211.75656725478
2024-02-25 07:30:00,164206.07031076512,164211.7162391946
2024-02-25 11:30:00,164202.86711176997,164211.65392139583
2024-02-25 15:30:00,164226.54006248387,164211.75925368362
2024-02-25 19:30:00,164230.45763389792,164211.9584747084
2024-02-26 03:30:00,164222.13664278798,164212.02956717907
2024-02-26 07:30:00,164206.42824524132,164212.03725667702
2024-02-26 11:30:00,164210.21087049355,164212.02448474566
2024-02-26 15:30:00,164216.0542946746,164212.05246953684
2024-02-26 19:30:00,164216.4753033748,164212.08297183918
2024-02-26 23:30:00,164214.35041770304,164212.0985022903
2024-02-27 03:30:00,164220.6026913331,164212.09985966576
2024-02-27 07:30:00,164214.55185332312,164212.11653989472
2024-02-27 11:30:00,164209.61380652527,164212.09962953412
2024-02-27 15:30:00,164213.45986698533,164212.10875864455
2024-02-27 19:30:00,164206.36805557314,164212.07048729074
2024-02-27 23:30:00,164199.99477728794,164212.0751734864
2024-02-28 03:30:00,164207.32850719962,164212.04373861031
2024-02-28 07:30:00,164207.78748567807,164212.0100570635
2024-02-28 11:30:00,164200.2736711254,164211.93284399813
2024-02-28 15:30:00,164208.3879798087,164211.933032494
2024-02-28 19:30:00,164210.48926421686,164211.92359610004
2024-02-28 23:30:00,164199.0990286288,164211.8403196879
2024-02-29 07:30:00,164206.24123497467,164211.80328877468
2024-02-29 11:30:00,164201.53739515325,164211.78278557843
2024-02-29 15:30:00,164207.28084102317,164211.74727512168
2024-02-29 19:30:00,164209.47353752574,164211.73251059183
2024-02-29 23:30:00,164209.16003682718,164211.74096125737
2024-03-01 03:30:00,164207.77794696394,164211.71539342322
2024-03-01 07:30:00,164211.99019496853,164211.6794786748
2024-03-01 11:30:00,164217.40818758702,164211.71620116784
2024-03-01 15:30:00,164225.10246061702,164211.80146396687
2024-03-01 19:30:00,164226.2310595024,164211.89826676663
2024-03-01 23:30:00,164216.23238398923,164211.9256978883
2024-03-02 03:30:00,164210.4482935975,164211.9164060374
2024-03-02 07:30:00,164211.8576853555,164211.91603903312
2024-03-02 11:30:00,164209.99690364982,164211.90411893761
2024-03-02 15:30:00,164209.277569773,164211.88790567114
2024-03-02 19:30:00,164217.48079288047,164211.92221786265
2024-03-02 23:30:00,164210.35433232583,164211.91265758497
2024-03-03 03:30:00,164207.45287232663,164211.91128845277
2024-03-03 11:30:00,164207.46690033964,164211.88435276726
2024-03-03 15:30:00,164207.9781711917,164211.86082155295
2024-03-03 19:30:00,164216.1100530434,164211.8519930318
2024-03-03 23:30:00,164213.50224538945,164211.81455974706
2024-03-04 03:30:00,164207.44160888245,164211.79300143447
2024-03-04 07:30:00,164211.37508405937,164211.7419038759
2024-03-04 11:30:00,164214.5322784516,164211.7455914451
2024-03-04 15:30:00,164213.90540709536,164211.75852447297
2024-03-04 19:30:00,164215.32591664212,164211.77975895017
2024-03-04 23:30:00,164216.32149052536,164211.80663310149
2024-03-05 03:30:00,164214.61736214682,164211.82316680174
2024-03-05 07:30:00,164208.31070919815,164211.80262611405
2024-03-05 11:30:00,164210.5772410755,164211.83072259944
2024-03-05 15:30:00,164204.71160537386,164211.8790482258
2024-03-05 19:30:00,164215.0927658818,164211.89610409227
2024-03-05 23:30:00,164213.0831995815,164211.8429772123
2024-03-06 03:30:00,164213.89733140415,164211.86551836354
2024-03-06 07:30:00,164209.45483918802,164211.90714521866
2024-03-06 15:30:00,164207.2932244068,164211.88091227727
2024-03-06 19:30:00,164205.21643991207,164211.79215542678
2024-03-06 23:30:00,164212.09850735715,164211.8114126644
2024-03-07 03:30:00,164206.40586138735,164211.81762676663
2024-03-07 07:30:00,164205.97274197923,164211.76376167472
2024-03-07 11:30:00,164212.3404937734,164211.66434366276
2024-03-07 15:30:00,164215.23008117502,164211.59825088715
2024-03-07 19:30:00,164216.15007507597,164211.5739719794
2024-03-07 23:30:00,164217.8285430931,164211.57188379616
2024-03-08 03:30:00,164210.12987206076,164211.54621779075
2024-03-08 07:30:00,164208.74551824975,164211.5485173292
2024-03-08 11:30:00,164208.5789743742,164211.5547662726
2024-03-08 15:30:00,164212.52889544662,164211.5683087363
2024-03-08 19:30:00,164214.5854722287,164211.58595296726
2024-03-08 23:30:00,164217.44916539858,164211.66354053744
2024-03-09 03:30:00,164218.67680589945,164211.77120996517
2024-03-09 07:30:00,164210.4607419358,164211.7446035303
2024-03-09 11:30:00,164211.88772545464,164211.75271357875
2024-03-09 15:30:00,164216.93820145825,164211.81314206854
2024-03-09 19:30:00,164209.06943167283,164211.89590688076
2024-03-09 23:30:00,164205.0549872852,164211.94021674097
2024-03-10 03:30:00,164221.0724780893,164212.0354758077
2024-03-10 07:30:00,164216.51577253986,164212.0823790987
2024-03-10 11:30:00,164203.0185663178,164211.95886294032
2024-03-10 15:30:00,164209.40068131348,164211.86988504016
2024-03-10 19:30:00,164209.4914646911,164211.8572135052
2024-03-10 23:30:00,164193.60353640668,164211.74629919877
2024-03-11 03:30:00,164204.2387483029,164211.69491237268
2024-03-11 07:30:00,164195.97434977116,164211.7172446652
2024-03-11 11:30:00,164199.0700541344,164211.6878985869
2024-03-11 15:30:00,164221.8699787597,164211.7470967275
2024-03-11 19:30:00,164222.9336590364,164211.79364045736
2024-03-11 23:30:00,164223.69415290828,164211.7843190031
2024-03-12 03:30:00,164226.80112060858,164211.86170902994
2024-03-12 07:30:00,164211.19195039332,164211.91225079968
2024-03-12 11:30:00,164210.0247892245,164211.90601889516
2024-03-12 15:30:00,164215.92788956064,164211.91557977482
2024-03-12 23:30:00,164205.1605335781,164211.93095450522
2024-03-13 03:30:00,164212.30038506046,164211.86652650058
2024-03-13 07:30:00,164211.19354751345,164211.8597489183
2024-03-13 11:30:00,164214.27500175897,164211.9139615737
2024-03-13 15:30:00,164225.98959647035,164211.97707521374
2024-03-13 19:30:00,164222.55530869486,164212.0464142587
2024-03-13 23:30:00,164206.309273367,164212.05241198684
2024-03-14 03:30:00,164212.12386187268,164212.02651946957
2024-03-14 07:30:00,164208.3529166641,164211.9979806015
2024-03-14 11:30:00,164186.6931663965,164211.85085958865
2024-03-14 15:30:00,164204.3714225109,164211.7791713186
2024-03-14 19:30:00,164197.5855721336,164211.69548771883
2024-03-14 23:30:00,164194.43140220252,164211.57829846017
2024-03-15 03:30:00,164207.53325346898,164211.53650774114
2024-03-15 07:30:00,164208.72507727385,164211.52620838035
2024-03-15 11:30:00,164216.75288103273,164211.59998617158
2024-03-15 15:30:00,164227.22426592003,164211.70250941237
2024-03-15 19:30:00,164224.00438601006,164211.770426869
2024-03-16 03:30:00,164209.10535235557,164211.73465206547
2024-03-16 07:30:00,164228.36103833723,164211.78846230358
2024-03-16 11:30:00,164213.96681150055,164211.8208346526
2024-03-16 15:30:00,164210.09769128895,164211.8199229806
2024-03-16 19:30:00,164220.5336020144,164211.8250646593
2024-03-16 23:30:00,164214.26562319163,164211.797313348
2024-03-17 03:30:00,164190.55723399314,164211.67525723585
2024-03-17 07:30:00,164204.92418203715,164211.63703271735
2024-03-17 11:30:00,164201.27807892414,164211.5768062418
2024-03-17 15:30:00,164197.6666695605,164211.50031245447
2024-03-17 19:30:00,164220.48361724746,164211.50663697685
2024-03-17 23:30:00,164220.7857773965,164211.51539718124
2024-03-18 03:30:00,164207.9975285726,164211.50105215155
2024-03-18 07:30:00,164203.20316101538,164211.47175541456
2024-03-18 11:30:00,164211.05471777558,164211.4872475743
2024-03-18 15:30:00,164190.86792958545,164211.37247535124
2024-03-18 19:30:00,164211.70308180043,164211.37438637117
2024-03-18 23:30:00,164208.26266089527,164211.43273157757
2024-03-19 07:30:00,164210.91751484154,164211.44629879022
2024-03-19 11:30:00,164211.00892413166,164211.39505688986
2024-03-19 15:30:00,164206.2030823357,164211.3870045068
2024-03-19 19:30:00,164205.85701271181,164211.29845229533
2024-03-19 23:30:00,164212.15108346773,164211.24811120768
2024-03-20 03:30:00,164210.49146127203,164211.200010392
2024-03-20 07:30:00,164209.92753006404,164211.19687447543
2024-03-20 11:30:00,164211.72283264415,164211.2321928409
2024-03-20 15:30:00,164209.85656276863,164211.22424122196
2024-03-20 19:30:00,164209.22205560174,164211.20432048448
2024-03-20 23:30:00,164211.03748408824,164211.1618441621
2024-03-21 03:30:00,164218.58707494015,164211.20697859232
2024-03-21 07:30:00,164207.1334820719,164211.19779178975
2024-03-21 11:30:00,164212.39413347878,164211.22795004208
2024-03-21 15:30:00,164213.4196622005,164211.29024976573
2024-03-21 19:30:00,164212.50394121456,164211.33017435402
2024-03-21 23:30:00,164214.47117884638,164211.4064405813
2024-03-22 03:30:00,164222.93257460673,164211.46667238307
2024-03-22 07:30:00,164214.04922785706,164211.4812185751
2024-03-22 11:30:00,164211.29243047052,164211.32023789015
2024-03-22 15:30:00,164215.95890228706,164211.16884854794
2024-03-22 19:30:00,164202.78214276972,164210.99055603298
2024-03-22 23:30:00,164209.95767988346,164210.92744778516
2024-03-23 03:30:00,164225.23283864628,164211.0332784276
2024-03-23 07:30:00,164213.83208030107,164211.0842963005
2024-03-23 11:30:00,164215.00528172497,164211.1172081769
2024-03-23 15:30:00,164222.77917128874,164211.15404213296
2024-03-23 19:30:00,164213.21721630424,164211.18593938087
2024-03-23 23:30:00,164206.25327137712,164211.14858825668
2024-03-24 03:30:00,164210.1986902754,164211.10690736488
2024-03-24 07:30:00,164206.5511216415,164211.08987478522
2024-03-24 11:30:00,164208.06473174036,164211.07333529423
2024-03-24 15:30:00,164215.79983089017,164211.11191543774
2024-03-24 19:30:00,164214.81147805092,164211.1533661597
2024-03-24 23:30:00,164210.37243323668,164211.15216805105
2024-03-25 03:30:00,164216.18601050595,164211.1959849103
2024-03-25 07:30:00,164212.9285105465,164211.25868933226
2024-03-25 11:30:00,164205.77766152497,164211.28718694468
2024-03-25 15:30:00,164210.21051985963,164211.25518571955
2024-03-25 19:30:00,164208.61479741288,164211.30699384425
2024-03-25 23:30:00,164208.7461127131,164211.32252759679
2024-03-26 03:30:00,164214.50737234348,164211.32769066727
2024-03-26 07:30:00,164213.16422609935,164211.3686959582
2024-03-26 11:30:00,164215.99528281574,164211.44458133995
2024-03-26 15:30:00,164220.21084062496,164211.4079962425
2024-03-26 19:30:00,164222.58837911498,164211.3625092206
2024-03-26 23:30:00,164215.05214020915,164211.38371399642
2024-03-27 03:30:00,164216.6487562195,164211.35217441848
2024-03-27 07:30:00,164213.1184262228,164211.39062373442
2024-03-27 11:30:00,164197.86338431534,164211.3196611702
2024-03-27 15:30:00,164210.1868770247,164211.28594037908
2024-03-27 19:30:00,164207.09714111342,164211.23204289484
2024-03-27 23:30:00,164201.64230763307,164211.15900777947
2024-03-28 03:30:00,164216.36521496336,164211.13465446702
2024-03-28 07:30:00,164214.63235644565,164211.13511712864
2024-03-28 11:30:00,164198.79671584364,164211.07294994078
2024-03-28 19:30:00,164205.22357702957,164211.05253724958
2024-03-28 23:30:00,164204.58134005198,164211.07904917304
2024-03-29 03:30:00,164213.62509844624,164211.11544565423
2024-03-29 07:30:00,164219.92316152647,164211.18559406954
2024-03-29 11:30:00,164219.99203375293,164211.2995730443
2024-03-29 15:30:00,164226.1807647079,164211.4024215119
2024-03-29 19:30:00,164231.46872561093,164211.52369007483
2024-03-29 23:30:00,164211.7652492878,164211.59690522318
2024-03-30 03:30:00,164212.36451031873,164211.6013167467
2024-03-30 07:30:00,164221.29794114604,164211.68784954082
2024-03-30 11:30:00,164212.3099474656,164211.74976076098
2024-03-30 15:30:00,164208.77994737265,164211.75837631474
2024-03-30 19:30:00,164214.6628799416,164211.78820012172
2024-03-30 23:30:00,164208.03040717778,164211.78170799732
2024-03-31 03:30:00,164199.7391635056,164211.73550809236
2024-03-31 07:30:00,164206.69647254358,164211.70508440028
2024-03-31 11:30:00,164195.44613278552,164211.57886569452
2024-03-31 15:30:00,164191.94943585433,164211.38833106947
2024-03-31 23:30:00,164213.891693754,164211.28900494997
2024-04-01 03:30:00,164202.29689594047,164211.24188704445
2024-04-01 07:30:00,164224.12788700534,164211.31281306557
2024-04-01 11:30:00,164219.5589051696,164211.36808475063
2024-04-01 15:30:00,164204.60400739533,164211.34106993923
2024-04-01 19:30:00,164217.2274338396,164211.33960543605
2024-04-01 23:30:00,164216.89897894036,164211.3774357633
2024-04-02 03:30:00,164207.1959346487,164211.37595057447
2024-04-02 07:30:00,164206.78272062293,164211.34955270114
2024-04-02 11:30:00,164209.74024895116,164211.36261792306
2024-04-02 15:30:00,164202.91498687555,164211.3335191626
2024-04-02 19:30:00,164221.32707758894,164211.3635020623
2024-04-02 23:30:00,164218.75752080913,164211.39370479458
2024-04-03 03:30:00,164210.48795383624,164211.41121252425
2024-04-03 07:30:00,164208.1523798719,164211.3926912358
2024-04-03 11:30:00,164215.8336881185,164211.4001706017
2024-04-03 15:30:00,164200.249617481,164211.32168905216
2024-04-03 19:30:00,164204.45536006204,164211.25921458908
2024-04-03 23:30:00,164217.85716408282,164211.26804029918
2024-04-04 03:30:00,164207.67982435654,164211.22816939236
2024-04-04 07:30:00,164205.34723240192,164211.2111379165
2024-04-04 11:30:00,164217.2023731643,164211.24921338825
2024-04-04 15:30:00,164205.4564851226,164211.25349430635
2024-04-04 19:30:00,164199.4483601279,164211.1635839285
2024-04-04 23:30:00,164206.07374434997,164211.12329970303
2024-04-05 03:30:00,164201.7794839791,164211.0536569017
2024-04-05 07:30:00,164200.4733950158,164211.00203940645
2024-04-05 11:30:00,164207.947234573,164210.98458337883
2024-04-05 15:30:00,164210.61136675047,164211.00354419227
2024-04-05 19:30:00,164203.3205118589,164210.99271031766
2024-04-05 23:30:00,164206.60890125608,164210.96134113992
2024-04-06 03:30:00,164207.2118233876,164210.96594663706
2024-04-06 07:30:00,164202.3429863852,164210.9452051765
2024-04-06 11:30:00,164214.96168784905,164210.9601834284
2024-04-06 15:30:00,164218.27942027312,164210.97760822324
2024-04-06 19:30:00,164215.35681179224,164210.9730752902
2024-04-06 23:30:00,164215.811645666,164210.96155016206
2024-04-07 03:30:00,164220.70806605002,164211.02199698484
2024-04-07 07:30:00,164211.5701652511,164211.03813782483
2024-04-07 11:30:00,164212.4853962344,164211.06046023546
2024-04-07 15:30:00,164216.60285866814,164211.0837400253
2024-04-07 19:30:00,164211.5790885453,164211.06656068997
2024-04-07 23:30:00,164213.3255420279,164211.04299712786
2024-04-08 03:30:00,164216.63849654546,164211.03134964584
2024-04-08 07:30:00,164208.67361203,164211.02113747498
2024-04-08 11:30:00,164210.04687873757,164211.01061835085
2024-04-08 15:30:00,164202.3128062411,164210.92704466393
2024-04-08 19:30:00,164207.07075489912,164210.91562365377
2024-04-08 23:30:00,164203.35081152394,164210.90588550657
2024-04-09 03:30:00,164211.77897428875,164210.85277977053
2024-04-09 07:30:00,164208.32025196147,164210.80594822438
2024-04-09 11:30:00,164201.3478855196,164210.79640147698
2024-04-09 15:30:00,164212.301192781,164210.81297582824
2024-04-09 19:30:00,164208.53462166508,164210.80750815375
2024-04-09 23:30:00,164211.05995147018,164210.90725909697
2024-04-10 03:30:00,164223.1091098453,164211.01508973437
2024-04-10 07:30:00,164220.98496223963,164211.1580075199
2024-04-10 11:30:00,164218.12088400638,164211.26686940494
2024-04-10 15:30:00,164220.00268876457,164211.25619917637
2024-04-10 19:30:00,164217.19438421886,164211.22340332024
2024-04-10 23:30:00,164213.93169635074,164211.16761785423
2024-04-11 03:30:00,164215.3947802655,164211.10243876654
2024-04-11 07:30:00,164209.4186989713,164211.09230590126
2024-04-11 11:30:00,164205.66148429274,164211.06737273023
2024-04-11 15:30:00,164219.12025039742,164211.08561479213
2024-04-11 19:30:00,164212.9423062025,164211.09616417516
2024-04-11 23:30:00,164204.91267895242,164211.09475591025
2024-04-12 03:30:00,164208.09605648546,164211.07086767972
2024-04-12 07:30:00,164207.26045968087,164211.04852058974
2024-04-12 11:30:00,164200.4368277837,164210.96989460126
2024-04-12 15:30:00,164214.09484128884,164210.902310765
2024-04-12 19:30:00,164215.10055641053,164210.8599542179
2024-04-12 23:30:00,164211.07428063537,164210.88702812287
2024-04-13 03:30:00,164210.66926931354,164210.8787633924
2024-04-13 07:30:00,164213.90289131858,164210.9102973393
2024-04-13 11:30:00,164205.00888313263,164211.01436391167
2024-04-13 15:30:00,164216.1378453583,164211.0812185869
2024-04-13 19:30:00,164216.9658893123,164211.19133402544
2024-04-13 23:30:00,164208.44342609448,164211.27094779757
2024-04-14 03:30:00,164210.7680913573,164211.28932755828
2024-04-14 07:30:00,164221.43439458654,164211.36153958848
2024-04-14 11:30:00,164216.31081217836,164211.35902783362
2024-04-14 15:30:00,164216.4351453322,164211.29772601213
2024-04-14 19:30:00,164224.00320092007,164211.29771927866
2024-04-14 23:30:00,164219.2915418412,164211.34288211798
2024-04-15 03:30:00,164212.6103738576,164211.36268449933
2024-04-15 07:30:00,164222.0912155808,164211.32726177192
2024-04-15 11:30:00,164220.38373923526,164211.36351560094
2024-04-15 15:30:00,164204.39812380317,164211.3313146547
2024-04-15 19:30:00,164205.2782053491,164211.24512597296
2024-04-15 23:30:00,164205.1384827285,164211.1935602076
2024-04-16 03:30:00,164198.5121971072,164211.23850350207
2024-04-16 07:30:00,164205.23433545048,164211.2402557812
2024-04-16 11:30:00,164215.81977079733,164211.32241223246
2024-04-16 15:30:00,164212.55204209,164211.40651038237
2024-04-16 19:30:00,164214.63879987187,164211.37348881524
2024-04-16 23:30:00,164212.60156105945,164211.3272503049
2024-04-17 03:30:00,164207.0652315132,164211.32198308987
2024-04-17 07:30:00,164210.99475564074,164211.36600339846
2024-04-17 11:30:00,164220.34404165496,164211.4184854543
2024-04-17 15:30:00,164213.63705662094,164211.54712459008
2024-04-17 19:30:00,164217.17751185826,164211.57805357347
2024-04-17 23:30:00,164219.38191450798,164211.6408742153
2024-04-18 03:30:00,164203.6201284,164211.5958138456
2024-04-18 07:30:00,164208.5863120344,164211.5827172006
2024-04-18 11:30:00,164216.7703331554,164211.61508466705
2024-04-18 15:30:00,164212.8224635568,164211.652272202
2024-04-18 19:30:00,164215.12009394786,164211.7043119842
2024-04-18 23:30:00,164217.9219014182,164211.73673230977
2024-04-19 03:30:00,164210.21162568277,164211.73516019975
2024-04-19 07:30:00,164207.15068843847,164211.7195599659
2024-04-19 11:30:00,164220.13029873502,164211.76679292144
2024-04-19 15:30:00,164212.83269060354,164211.78351274075
2024-04-19 19:30:00,164221.08805182626,164211.8501756409
2024-04-19 23:30:00,164220.92029221848,164211.90569703488
2024-04-20 03:30:00,164213.1563704031,164211.87518745882
2024-04-20 07:30:00,164210.79042386767,164211.89573207565
2024-04-20 11:30:00,164220.47823712838,164211.9411483883
2024-04-20 15:30:00,164210.79796244862,164211.92641973798
2024-04-20 19:30:00,164203.73893455742,164211.87717812753
2024-04-20 23:30:00,164203.67327618235,164211.81651575302
2024-04-21 03:30:00,164214.78868796356,164211.77076358086
2024-04-21 07:30:00,164208.44605864157,164211.73928510214
2024-04-21 11:30:00,164208.46176285896,164211.72338247515
2024-04-21 15:30:00,164219.541878339,164211.74351155406
2024-04-21 19:30:00,164210.60547732995,164211.7874628718
2024-04-21 23:30:00,164210.080152608,164211.78815092082
2024-04-22 03:30:00,164214.65871459778,164211.72874572958
2024-04-22 07:30:00,164203.43032102042,164211.67030887966
2024-04-22 11:30:00,164207.41051707463,164211.62764166252
2024-04-22 15:30:00,164215.28310739392,164211.58552894404
2024-04-22 19:30:00,164207.9659600671,164211.55602750447
2024-04-22 23:30:00,164215.38711622587,164211.6073412396
2024-04-23 03:30:00,164217.62470575838,164211.6490604277
2024-04-23 07:30:00,164209.19143951157,164211.66389367418
2024-04-23 11:30:00,164200.90238087683,164211.62365574797
2024-04-23 15:30:00,164218.9825229805,164211.64153604058
2024-04-23 19:30:00,164215.5479683094,164211.6456736263
2024-04-23 23:30:00,164218.91453431483,164211.69366295822
2024-04-24 03:30:00,164225.60743135834,164211.74659228887
2024-04-24 07:30:00,164211.34474282176,164211.73769471733
2024-04-24 11:30:00,164209.14981618134,164211.75663940646
2024-04-24 15:30:00,164216.4586038799,164211.7917410021
2024-04-24 19:30:00,164212.59912420207,164211.81412486045
2024-04-24 23:30:00,164206.4475256726,164211.8012114501
2024-04-25 03:30:00,164220.0695959546,164211.83245989736
2024-04-25 07:30:00,164217.60256860493,164211.8573944058
2024-04-25 11:30:00,164206.19993324793,164211.80236435207
2024-04-25 15:30:00,164216.43403389756,164211.78114633673
2024-04-25 19:30:00,164213.2900114443,164211.72890831612
2024-04-25 23:30:00,164209.67390924497,164211.69869353538
2024-04-26 03:30:00,164219.31870381586,164211.71369324098
2024-04-26 07:30:00,164215.32481812264,164211.72608870114
2024-04-26 11:30:00,164190.68767299099,164211.68577571615
2024-04-26 15:30:00,164206.72480513935,164211.66632587407
2024-04-26 19:30:00,164219.44431398262,164211.7356920138
2024-04-26 23:30:00,164205.4949257881,164211.757335936
2024-04-27 03:30:00,164221.99921113686,164211.7889875999
2024-04-27 07:30:00,164228.21644945623,164211.86530272922
2024-04-27 11:30:00,164212.57620503087,164211.94271558983
2024-04-27 19:30:00,164209.1241880163,164211.96462913466
2024-04-27 23:30:00,164205.37788371457,164211.96910409906
2024-04-28 03:30:00,164215.7221572637,164211.98088532838
2024-04-28 07:30:00,164211.74691805136,164211.93495137626
2024-04-28 11:30:00,164210.48353253026,164211.8815328301
2024-04-28 15:30:00,164214.26219755187,164211.8145745876
2024-04-28 19:30:00,164206.36259123107,164211.67352888887
2024-04-29 03:30:00,164205.4980126852,164211.6342169226
2024-04-29 07:30:00,164219.12861306337,164211.62196083172
2024-04-29 11:30:00,164217.84478637553,164211.65323110807
2024-04-29 15:30:00,164208.63566385355,164211.6524159469
2024-04-29 19:30:00,164215.4844343891,164211.65705749748
2024-04-29 23:30:00,164201.08385869052,164211.6178114608
2024-04-30 03:30:00,164204.6258447618,164211.6454198295
2024-04-30 07:30:00,164215.91265503847,164211.69748865717
2024-04-30 11:30:00,164208.6607453682,164211.77214748532
2024-04-30 15:30:00,164202.58469707702,164211.8322337069
2024-04-30 23:30:00,164191.39643126726,164211.70514182842
2024-05-01 03:30:00,164193.50840857814,164211.65548935745
2024-05-01 07:30:00,164217.01862206214,164211.6153240188
2024-05-01 11:30:00,164231.9537837026,164211.68535158114
2024-05-01 15:30:00,164234.9580171213,164211.85684316148
2024-05-01 19:30:00,164226.0840495652,164211.90688053847
2024-05-02 03:30:00,164210.2459191509,164211.8958458004
2024-05-02 07:30:00,164207.75542705326,164211.90137254147
2024-05-02 11:30:00,164201.62519405526,164211.85526427504
2024-05-02 15:30:00,164209.8175745488,164211.8944835232
2024-05-02 19:30:00,164212.08145346033,164211.84195156794
2024-05-02 23:30:00,164208.28148184638,164211.78242861928
2024-05-03 03:30:00,164204.34760550366,164211.74754027647
2024-05-03 07:30:00,164210.3516483915,164211.76003612034
2024-05-03 11:30:00,164215.7170809637,164211.7593735797
2024-05-03 15:30:00,164209.8154428776,164211.81372486035
2024-05-03 19:30:00,164210.91085634966,164211.85040381653
2024-05-03 23:30:00,164211.79914035462,164211.81598322713
2024-05-04 03:30:00,164187.16489635172,164211.69942113623
2024-05-04 07:30:00,164202.8673677064,164211.68533099588
2024-05-04 11:30:00,164214.56910779254,164211.67036926083
2024-05-04 15:30:00,164211.14019862135,164211.70266308755
2024-05-04 19:30:00,164213.16280143626,164211.7805860495
2024-05-04 23:30:00,164215.87424501564,164211.83627071237
2024-05-05 03:30:00,164207.95438603978,164211.8713553832
2024-05-05 11:30:00,164214.29468870634,164211.97275775176
2024-05-05 15:30:00,164210.49473921326,164211.97209130868
2024-05-05 19:30:00,164212.12125064942,164212.02238124463
2024-05-05 23:30:00,164215.5097996196,164212.073243521
2024-05-06 03:30:00,164214.615121393,164212.11554808103
2024-05-06 07:30:00,164209.02862516497,164212.1537517312
2024-05-06 11:30:00,164214.72021932594,164212.15237191107
2024-05-06 15:30:00,164217.52488400476,164212.14806027524
2024-05-06 19:30:00,164207.17796910927,164212.10132403133
2024-05-06 23:30:00,164207.04564895653,164212.05123262157
2024-05-07 03:30:00,164214.36263317856,164212.01497300516
2024-05-07 07:30:00,164212.05517123916,164212.01774446794
2024-05-07 11:30:00,164200.6997058924,164211.95039766602
2024-05-07 15:30:00,164216.769819412,164211.95135172742
2024-05-07 19:30:00,164219.5105437481,164211.99667432858
2024-05-07 23:30:00,164214.0498296782,164212.00081311513
2024-05-08 03:30:00,164217.7124807657,164212.00695016785
2024-05-08 07:30:00,164208.61041457747,164212.0065890395
2024-05-08 11:30:00,164190.74374017888,164211.89628539063
2024-05-08 15:30:00,164213.90856248487,164211.96254685486
2024-05-08 19:30:00,164214.44698306228,164212.00469673006
2024-05-08 23:30:00,164209.39851161547,164212.0392550163
2024-05-09 03:30:00,164219.63290110097,164212.08413459812
2024-05-09 07:30:00,164223.0993153963,164212.16858638916
2024-05-09 11:30:00,164211.53463572814,164212.22679639037
2024-05-09 15:30:00,164218.44760181228,164212.26191872763
2024-05-09 19:30:00,164221.63000722675,164212.33674950234
2024-05-09 23:30:00,164214.67138028034,164212.35738623835
2024-05-10 03:30:00,164221.2260748953,164212.34662603866
2024-05-10 07:30:00,164216.0983670629,164212.31870263763
2024-05-10 11:30:00,164204.06398622502,164212.23837750746
2024-05-10 15:30:00,164213.258114692,164212.1998370842
2024-05-10 19:30:00,164214.8117187693,164212.18622185304
2024-05-10 23:30:00,164215.70557477194,164212.19635830118
2024-05-11 03:30:00,164212.48883348278,164212.17975289098
2024-05-11 07:30:00,164212.98799705252,164212.20014888002
2024-05-11 11:30:00,164200.6390524985,164212.17144926978
2024-05-11 15:30:00,164209.12014663854,164212.11430581973
2024-05-11 19:30:00,164220.03688248582,164212.15484625564
2024-05-11 23:30:00,164218.7714115261,164212.2340390132
2024-05-12 03:30:00,164222.87299415687,164212.318478657
2024-05-12 07:30:00,164225.85843625723,164212.42475280887
2024-05-12 11:30:00,164209.8261540773,164212.478406102
2024-05-12 15:30:00,164189.32185153826,164212.33684616056
2024-05-12 19:30:00,164207.02672197402,164212.2907099638
2024-05-12 23:30:00,164209.7990586047,164212.28342298072
2024-05-13 03:30:00,164205.36113011927,164212.2530907568
2024-05-13 07:30:00,164230.93288710463,164212.3504050184
2024-05-13 11:30:00,164225.5565430123,164212.4678202177
2024-05-13 15:30:00,164213.00620133287,164212.44992510902
2024-05-13 19:30:00,164215.8931078683,164212.44379492934
2024-05-13 23:30:00,164206.44712482128,164212.4323874935
2024-05-14 03:30:00,164204.77459159025,164212.39813892342
2024-05-14 07:30:00,164214.5783017733,164212.35896125017
2024-05-14 11:30:00,164213.54099998198,164212.34313375189
2024-05-14 15:30:00,164219.55449554644,164212.36095861028
2024-05-14 19:30:00,164215.40494204607,164212.31182570243
2024-05-14 23:30:00,164216.15949697312,164212.29392830317
2024-05-15 03:30:00,164212.62893897455,164212.29403438958
2024-05-15 07:30:00,164213.81395036416,164212.24673573117
2024-05-15 11:30:00,164211.651724274,164212.1968385028
2024-05-15 15:30:00,164206.04770020724,164212.2062646537
2024-05-15 19:30:00,164214.53830788884,164212.25917952537
2024-05-15 23:30:00,164209.84725072907,164212.28608677106
2024-05-16 03:30:00,164207.8906069307,164212.33967768436
2024-05-16 07:30:00,164207.38412599874,164212.3519622018
2024-05-16 11:30:00,164213.61673071104,164212.3393734013
2024-05-16 15:30:00,164209.45049701346,164212.32165028658
2024-05-16 19:30:00,164205.3328338282,164212.26847333772
2024-05-16 23:30:00,164208.99275584487,164212.24785159365
2024-05-17 03:30:00,164208.1485585394,164212.2540420338
2024-05-17 07:30:00,164212.42616166384,164212.2622214968
2024-05-17 11:30:00,164220.4625872563,164212.26289890026
2024-05-17 15:30:00,164215.71744209784,164212.27478681723
2024-05-17 19:30:00,164216.17391444542,164212.26905197487
2024-05-17 23:30:00,164216.49598564426,164212.25256095282
2024-05-18 03:30:00,164215.455249126,164212.3201902141
2024-05-18 07:30:00,164213.86084223987,164212.35033038672
2024-05-18 11:30:00,164219.61695823993,164212.36659681573
2024-05-18 15:30:00,164219.65861755417,164212.40566055287
2024-05-18 19:30:00,164211.99649062406,164212.38781139103
2024-05-18 23:30:00,164213.44417566474,164212.36222438668
2024-05-19 03:30:00,164215.87624533183,164212.39459364186
2024-05-19 07:30:00,164211.30988971033,164212.41836050627
2024-05-19 11:30:00,164207.8204327703,164212.34801841504
2024-05-19 15:30:00,164197.14201119653,164212.2583573899
2024-05-19 19:30:00,164204.773126394,164212.16512924453
2024-05-19 23:30:00,164203.53221480147,164212.06576880213
2024-05-20 03:30:00,164204.77025124923,164212.01784812126
2024-05-20 11:30:00,164212.94796648127,164211.98162486614
2024-05-20 15:30:00,164216.48898448193,164212.01433188934
2024-05-20 19:30:00,164209.38436923176,164212.04677691622
2024-05-20 23:30:00,164211.70574412862,164212.09294052506
2024-05-21 03:30:00,164219.07660896867,164212.11758374926
2024-05-21 07:30:00,164216.79037800044,164212.16553960764
2024-05-21 11:30:00,164216.37878579664,164212.21103973943
2024-05-21 15:30:00,164212.21169654626,164212.16891225785
2024-05-21 19:30:00,164215.83315683584,164212.19895639297
2024-05-21 23:30:00,164211.0207010249,164212.20436184361
2024-05-22 03:30:00,164211.36642225095,164212.18544062326
2024-05-22 07:30:00,164206.67656226613,164212.2040971821
2024-05-22 11:30:00,164210.34248688273,164212.22094758335
2024-05-22 15:30:00,164217.92559136794,164212.23613427285
2024-05-22 19:30:00,164209.0644706714,164212.24244755218
2024-05-22 23:30:00,164214.2113536244,164212.23569029584
2024-05-23 03:30:00,164218.17806334372,164212.23887051185
2024-05-23 07:30:00,164215.52041475574,164212.2752439328
2024-05-23 11:30:00,164207.96257822932,164212.31581977964
2024-05-23 15:30:00,164205.93405662506,164212.24082859373
2024-05-23 19:30:00,164213.4234189163,164212.22861853972
2024-05-23 23:30:00,164208.6017133396,164212.16934945367
2024-05-24 03:30:00,164214.20962188425,164212.10384480152
2024-05-24 07:30:00,164208.05510284708,164212.08493882464
2024-05-24 11:30:00,164191.8722899223,164211.9856426967
2024-05-24 15:30:00,164207.18156356626,164211.93232637306
2024-05-24 19:30:00,164214.54906430657,164211.94353292536
2024-05-24 23:30:00,164208.8085684489,164211.95710213677
2024-05-25 03:30:00,164228.06950946792,164212.0030786512
2024-05-25 07:30:00,164225.37715312163,164212.0477601714
2024-05-25 11:30:00,164214.58206009032,164212.09593331418
2024-05-25 15:30:00,164219.56342196913,164212.11391830308
2024-05-25 19:30:00,164220.30027593503,164212.1542071795
2024-05-25 23:30:00,164218.6946808333,164212.20605069434
2024-05-26 03:30:00,164206.126440505,164212.13023308912
2024-05-26 07:30:00,164202.88746556442,164212.05875405142
2024-05-26 11:30:00,164207.26002246965,164212.15399743925
2024-05-26 15:30:00,164209.76078758235,164212.1714456142
2024-05-26 19:30:00,164216.00571904445,164212.15168357434
2024-05-26 23:30:00,164213.80996773145,164212.1994711717
2024-05-27 03:30:00,164215.33711766792,164212.1611832782
2024-05-27 07:30:00,164211.39492178537,164212.06450783182
2024-05-27 11:30:00,164201.22967250037,164211.99929787475
2024-05-27 15:30:00,164213.75312270076,164212.0093197309
2024-05-27 19:30:00,164209.69709601035,164212.01259349086
2024-05-27 23:30:00,164213.04004343072,164212.05637726068
2024-05-28 03:30:00,164214.89171871514,164212.0516318975
2024-05-28 07:30:00,164220.11606119425,164212.09945557264
2024-05-28 11:30:00,164206.89931462472,164212.07897432745
2024-05-28 15:30:00,164210.71065708087,164212.0586798105
2024-05-28 19:30:00,164216.52227941802,164212.11673517158
2024-05-28 23:30:00,164206.07614901022,164212.0824136593
2024-05-29 03:30:00,164207.62301130133,164212.09448751505
2024-05-29 07:30:00,164228.46413603408,164212.14753025922
2024-05-29 11:30:00,164219.76531981488,164212.158442381
2024-05-29 15:30:00,164213.509705779,164212.18613580105
2024-05-29 19:30:00,164202.31097547954,164212.11128660268
2024-05-29 23:30:00,164201.31909683158,164212.11262318306
2024-05-30 03:30:00,164200.9070259167,164212.09149353052
2024-05-30 07:30:00,164223.3888310832,164212.1339718035
2024-05-30 11:30:00,164220.58132615665,164212.20170237613
2024-05-30 15:30:00,164220.48665946655,164212.30341807153
2024-05-30 19:30:00,164224.31865882603,164212.3713007877
2024-05-31 03:30:00,164210.57230857588,164212.5874301599
2024-05-31 07:30:00,164222.1744175923,164212.61672445273
2024-05-31 11:30:00,164215.68509729224,164212.52428873448
2024-05-31 15:30:00,164207.2922661253,164212.36709696747
2024-05-31 19:30:00,164219.95037597173,164212.3322465493
2024-05-31 23:30:00,164222.63228740904,164212.39043887059
2024-06-01 03:30:00,164206.24765032108,164212.36784978112
2024-06-01 07:30:00,164213.18321485707,164212.39851524893
2024-06-01 11:30:00,164220.27775226638,164212.50389693372
2024-06-01 15:30:00,164209.69195118986,164212.50318719723
2024-06-01 19:30:00,164214.62927673385,164212.517581679
2024-06-01 23:30:00,164214.5437652572,164212.5529618113
2024-06-02 03:30:00,164211.92683254916,164212.59578230305
2024-06-02 07:30:00,164213.51706774434,164212.61366602822
2024-06-02 11:30:00,164211.66806008347,164212.59079020406
2024-06-02 15:30:00,164211.34026239047,164212.59940500354
2024-06-02 19:30:00,164207.9918501775,164212.58291344324
2024-06-02 23:30:00,164217.66298190184,164212.61604249157
2024-06-03 03:30:00,164213.29478376496,164212.7636689741
2024-06-03 07:30:00,164210.20917484243,164212.8051481105
2024-06-03 11:30:00,164200.8603807121,164212.727697675
2024-06-03 15:30:00,164204.84463807236,164212.6921295363
2024-06-03 19:30:00,164203.85112040077,164212.63952116887
2024-06-03 23:30:00,164216.06327517785,164212.6405891359
2024-06-04 03:30:00,164226.02797953895,164212.74269983362
2024-06-04 07:30:00,164221.38456918646,164212.79124966144
2024-06-04 11:30:00,164213.80299259114,164212.78848732373
2024-06-04 15:30:00,164206.33732653514,164212.76513107272
2024-06-04 19:30:00,164209.04226637594,164212.74783340827
2024-06-04 23:30:00,164214.19823996408,164212.7404650956
2024-06-05 03:30:00,164219.9117777312,164212.77022159187
2024-06-05 07:30:00,164220.14485017167,164212.83267229414
2024-06-05 11:30:00,164222.97601507665,164212.87905316916
2024-06-05 15:30:00,164227.11898023673,164212.9329525862
2024-06-05 19:30:00,164212.2029276771,164212.9611826905
2024-06-05 23:30:00,164215.28390694273,164213.00746503874
2024-06-06 03:30:00,164216.7827052918,164213.02106094948
2024-06-06 07:30:00,164208.9953268006,164213.00387081222
2024-06-06 11:30:00,164200.48261759887,164213.00265121504
2024-06-06 15:30:00,164203.9267034673,164212.93049887827
2024-06-06 19:30:00,164202.29059514258,164212.83375759397
2024-06-06 23:30:00,164209.79214421936,164212.80983801273
2024-06-07 03:30:00,164232.94015922223,164212.89538676813
2024-06-07 07:30:00,164245.7417643935,164213.103989857
2024-06-07 11:30:00,164230.6236519941,164213.32803430536
2024-06-07 15:30:00,164220.4646159481,164213.3648660664
2024-06-07 19:30:00,164204.0195335024,164213.30628488908
2024-06-07 23:30:00,164207.7159763488,164213.29683244377
2024-06-08 03:30:00,164211.68207524376,164213.25216488278
2024-06-08 07:30:00,164212.86525026287,164213.1946701348
2024-06-08 11:30:00,164223.85580150114,164213.26389016726
2024-06-08 15:30:00,164223.43972224699,164213.2919357877
2024-06-08 19:30:00,164216.44966322422,164213.26283273147
2024-06-08 23:30:00,164209.57637838126,164213.23420912534
2024-06-09 03:30:00,164214.90027834414,164213.19867094245
2024-06-09 07:30:00,164218.24207633908,164213.21071425301
2024-06-09 11:30:00,164211.70748839882,164213.25365527646
2024-06-09 15:30:00,164223.0755822717,164213.30880958866
2024-06-09 19:30:00,164220.87979645483,164213.34289991276
2024-06-09 23:30:00,164213.90577158122,164213.33278865888
2024-06-10 03:30:00,164215.03646908962,164213.34710121845
2024-06-10 07:30:00,164221.7609342787,164213.39638738267
2024-06-10 11:30:00,164211.69674715228,164213.45850926274
2024-06-10 15:30:00,164204.04469796404,164213.42999550613
2024-06-10 19:30:00,164209.25568947828,164213.36942700608
2024-06-10 23:30:00,164198.89702975334,164213.2577731759
2024-06-11 03:30:00,164200.51888001518,164213.132188265
2024-06-11 07:30:00,164227.24665144007,164213.13998722672
2024-06-11 11:30:00,164229.23014994888,164213.24899843946
2024-06-11 15:30:00,164216.27331133754,164213.40041113496
2024-06-11 19:30:00,164213.399231077,164213.4362117479
2024-06-11 23:30:00,164210.25432006194,164213.43876939657
2024-06-12 03:30:00,164213.51968733064,164213.4846039876
2024-06-12 07:30:00,164210.21050218074,164213.3681860948
2024-06-12 11:30:00,164207.95118928872,164213.2692796132
2024-06-12 15:30:00,164217.4416932231,164213.29419810695
2024-06-12 19:30:00,164224.04613896157,164213.34000165245
2024-06-12 23:30:00,164211.937338904,164213.37084555178
2024-06-13 03:30:00,164215.56570812626,164213.43146980196
2024-06-13 07:30:00,164221.12622092647,164213.46825586463
2024-06-13 11:30:00,164218.10547026675,164213.49389895613
2024-06-13 15:30:00,164209.28879890894,164213.4362265031
2024-06-13 19:30:00,164207.49704100742,164213.39180009277
2024-06-13 23:30:00,164212.6219541406,164213.37192625663
2024-06-14 03:30:00,164214.3651118082,164213.3816800366
2024-06-14 07:30:00,164211.5608800379,164213.36902233816
2024-06-14 11:30:00,164210.47543382997,164213.36241396487
2024-06-14 15:30:00,164210.10063352654,164213.38518325318
2024-06-14 19:30:00,164214.527544954,164213.3851227872
2024-06-14 23:30:00,164214.9648820258,164213.41387352487
2024-06-15 03:30:00,164212.8116786697,164213.4415199953
2024-06-15 07:30:00,164209.00622286223,164213.45063289904
2024-06-15 11:30:00,164216.55086998086,164213.4671168275
2024-06-15 15:30:00,164207.41562889135,164213.45568498413
2024-06-15 19:30:00,164213.01062920806,164213.49881866606
2024-06-15 23:30:00,164215.5770876471,164213.53580929415
2024-06-16 03:30:00,164217.01622763832,164213.5856276599
2024-06-16 07:30:00,164214.71977387872,164213.59851312172
2024-06-16 11:30:00,164219.08095981844,164213.59075116983
2024-06-16 15:30:00,164221.24043862708,164213.62177924026
2024-06-16 19:30:00,164211.44941830804,164213.5952371271
2024-06-16 23:30:00,164221.34335836314,164213.62246955812
2024-06-17 03:30:00,164213.02117315106,164213.608794974
2024-06-17 07:30:00,164212.1846955903,164213.59937841978
2024-06-17 11:30:00,164222.17949543416,164213.61377469616
2024-06-17 15:30:00,164219.28768473596,164213.61169080393
2024-06-17 19:30:00,164213.85343917654,164213.62212309914
2024-06-17 23:30:00,164217.47528654878,164213.6447697895
2024-06-18 03:30:00,164216.78702340202,164213.64988652023
2024-06-18 07:30:00,164215.4786540184,164213.67330654443
2024-06-18 11:30:00,164210.6169892924,164213.68901753615
2024-06-18 15:30:00,164223.3577314056,164213.83629686316
2024-06-18 19:30:00,164214.40825435097,164213.8904267955
2024-06-18 23:30:00,164212.85239331686,164213.94278734896
2024-06-19 03:30:00,164219.23596843588,164214.024055423
2024-06-19 07:30:00,164214.79740429702,164214.0283758078
2024-06-19 11:30:00,164203.26535927167,164213.9742830301
2024-06-19 15:30:00,164218.35296138248,164213.98469630885
2024-06-19 19:30:00,164216.63615216536,164214.0252090627
2024-06-19 23:30:00,164213.55229232725,164214.03552497443
2024-06-20 03:30:00,164223.17632855425,164214.0584284358
2024-06-20 07:30:00,164212.7106928468,164214.03563689862
2024-06-20 11:30:00,164203.91014820183,164213.9659797054
2024-06-20 15:30:00,164219.20003641178,164214.00502071017
2024-06-20 19:30:00,164215.85832422372,164214.00516131014
2024-06-20 23:30:00,164218.42123926582,164214.0465050992
2024-06-21 03:30:00,164231.36360474696,164214.15822120252
2024-06-21 07:30:00,164217.02524966968,164214.21603509862
2024-06-21 11:30:00,164193.50300155516,164214.1219597616
2024-06-21 15:30:00,164219.83361720532,164214.1326191238
2024-06-21 19:30:00,164214.02786179114,164214.16034756583
2024-06-21 23:30:00,164211.92517975386,164214.14757564475
2024-06-22 03:30:00,164222.23098927623,164214.17021768904
2024-06-22 07:30:00,164222.22299651484,164214.2076622799
2024-06-22 11:30:00,164202.30487845172,164214.17605501856
2024-06-22 15:30:00,164216.34172607504,164214.2341984233
2024-06-22 19:30:00,164211.54125601085,164214.22368354676
2024-06-22 23:30:00,164208.36178674316,164214.22234317468
2024-06-23 03:30:00,164216.55342848456,164214.23543706632
2024-06-23 07:30:00,164221.00407212216,164214.3077776768
2024-06-23 11:30:00,164207.7841953518,164214.39667100323
2024-06-23 15:30:00,164207.5872770125,164214.39893755878
2024-06-23 19:30:00,164217.57518912375,164214.41584328402
2024-06-23 23:30:00,164213.5148124281,164214.44213514982
2024-06-24 03:30:00,164212.8249413722,164214.35696996495
2024-06-24 07:30:00,164217.2247097324,164214.31142558847
2024-06-24 11:30:00,164199.8457663243,164214.22909992497
2024-06-24 15:30:00,164214.80625688008,164214.2025235837
2024-06-24 19:30:00,164222.46281451546,164214.2146048048
2024-06-24 23:30:00,164209.39421107236,164214.16264687318
2024-06-25 03:30:00,164220.30486440973,164214.2418559453
2024-06-25 07:30:00,164223.8118484252,164214.3587519389
2024-06-25 11:30:00,164209.15776152673,164214.3693538331
2024-06-25 15:30:00,164204.1334547,164214.3379162192
2024-06-25 19:30:00,164211.5816154116,164214.31320055644
2024-06-25 23:30:00,164202.4789334376,164214.24989868887
2024-06-26 03:30:00,164210.5423566096,164214.22311231427
2024-06-26 07:30:00,164224.50132557188,164214.29633244715
2024-06-26 11:30:00,164221.9806252791,164214.41225955766
2024-06-26 15:30:00,164222.41880194703,164214.46067117353
2024-06-26 19:30:00,164225.01415203125,164214.5462413189
2024-06-26 23:30:00,164212.47269221587,164214.54307175908
2024-06-27 03:30:00,164212.94352849026,164214.5321880148
2024-06-27 07:30:00,164222.66066378378,164214.54640367173
2024-06-27 11:30:00,164221.085396006,164214.625655523
2024-06-27 15:30:00,164222.89155511695,164214.6937052327
2024-06-27 19:30:00,164228.71263004153,164214.76180775015
2024-06-27 23:30:00,164223.98583819802,164214.8618618797
2024-06-28 03:30:00,164219.93142562453,164214.9306239709
2024-06-28 07:30:00,164224.17015555504,164214.90663525314
2024-06-28 11:30:00,164216.18107727822,164214.8866115518
2024-06-28 15:30:00,164205.686982543,164214.84290918734
2024-06-28 23:30:00,164213.24372444683,164214.98030559928
2024-06-29 03:30:00,164205.47356576065,164215.00596031753
2024-06-29 07:30:00,164219.57100929966,164214.98451188052
2024-06-29 11:30:00,164209.79228842165,164214.92389930898
2024-06-29 15:30:00,164200.9822894835,164214.81432419675
2024-06-29 19:30:00,164208.20082416778,164214.7237745638
2024-06-29 23:30:00,164207.06124678825,164214.68096714607
2024-06-30 03:30:00,164212.2162511227,164214.69015118267
2024-06-30 07:30:00,164219.8317481612,164214.67706364393
2024-06-30 11:30:00,164224.19482394605,164214.7246040163
2024-06-30 15:30:00,164219.04408588578,164214.79025664064
2024-06-30 19:30:00,164221.3561851986,164214.7981103235
2024-06-30 23:30:00,164224.2867509633,164214.80735313662
2024-07-01 03:30:00,164225.1546769265,164214.91297898357
2024-07-01 07:30:00,164228.9413064201,164215.00101301464
2024-07-01 11:30:00,164229.52841807506,164215.05269271194
2024-07-01 15:30:00,164214.81357080888,164215.08130511202
2024-07-01 19:30:00,164214.6282402965,164215.08129932184
2024-07-01 23:30:00,164213.88949697735,164215.07764419183
2024-07-02 03:30:00,164215.2108969667,164215.0959909204
2024-07-02 07:30:00,164202.0791897086,164215.03209216043
2024-07-02 11:30:00,164199.82290372075,164214.96591810253
2024-07-02 15:30:00,164202.13637325462,164214.9144997275
2024-07-02 19:30:00,164201.08130735476,164214.875893343
2024-07-02 23:30:00,164214.8853404963,164214.86037579324
2024-07-03 03:30:00,164216.21578877803,164214.87669425702
2024-07-03 07:30:00,164210.52949404754,164214.87848374975
2024-07-03 11:30:00,164218.18670303244,164214.9752788465
2024-07-03 15:30:00,164224.60720972548,164215.0856842748
2024-07-03 19:30:00,164216.78301105014,164215.1579294739
2024-07-03 23:30:00,164215.9868898318,164215.15750274016
2024-07-04 03:30:00,164218.54049491594,164215.11567321714
2024-07-04 07:30:00,164215.76461630035,164215.08427683226
2024-07-04 11:30:00,164225.2504599293,164215.14822916375
2024-07-04 15:30:00,164225.26932572335,164215.25399452238
2024-07-04 19:30:00,164209.16664678362,164215.25468938498
2024-07-04 23:30:00,164202.62241543276,164215.19001997416
2024-07-05 03:30:00,164217.408564842,164215.17603554463
2024-07-05 07:30:00,164214.6843482615,164215.1455299474
2024-07-05 11:30:00,164223.17138454254,164215.14662139688
2024-07-05 15:30:00,164225.23766684518,164215.1361112662
2024-07-05 19:30:00,164222.69112639796,164215.19470455518
2024-07-05 23:30:00,164210.59482610243,164215.16850857282
2024-07-06 03:30:00,164217.44064867782,164215.1721842342
2024-07-06 07:30:00,164211.94811498906,164215.18868025762
2024-07-06 11:30:00,164200.85063722217,164215.19073623317
2024-07-06 15:30:00,164216.09542473953,164215.2587179162
2024-07-06 19:30:00,164227.7741426898,164215.40108410362
2024-07-06 23:30:00,164209.34202920922,164215.39856949466
2024-07-07 03:30:00,164219.5258504416,164215.3236292221
2024-07-07 07:30:00,164212.77338911954,164215.1394483547
2024-07-07 11:30:00,164204.4949596396,164214.99347800633
2024-07-07 15:30:00,164218.22815925267,164214.98098383483
2024-07-07 19:30:00,164228.77672451793,164215.11929216457
2024-07-07 23:30:00,164210.50451875047,164215.1348706137
2024-07-08 03:30:00,164218.13779484425,164215.17093608633
2024-07-08 07:30:00,164213.9440795514,164215.1769630656
2024-07-08 11:30:00,164206.73584972427,164215.0813208769
2024-07-08 15:30:00,164214.090622888,164215.02909127157
2024-07-08 19:30:00,164222.038040075,164215.06031125397
2024-07-08 23:30:00,164214.2570187307,164215.08646008273
2024-07-09 03:30:00,164216.76672196403,164215.09688714208
2024-07-09 07:30:00,164213.12396478924,164215.06829434008
2024-07-09 11:30:00,164202.29632910588,164215.0157180312
2024-07-09 15:30:00,164210.54438542327,164214.94571134492
2024-07-09 19:30:00,164226.22735554771,164214.9755859767
2024-07-09 23:30:00,164216.33672224448,164214.98916670665
2024-07-10 03:30:00,164216.6662035542,164214.99827136847
2024-07-10 07:30:00,164221.17533003984,164214.9949998364
2024-07-10 11:30:00,164208.7356527607,164214.97845740966
2024-07-10 15:30:00,164214.67336564153,164215.03783544138
2024-07-10 19:30:00,164220.3856068568,164215.10001375072
2024-07-10 23:30:00,164214.02599568607,164215.1845331135
2024-07-11 03:30:00,164206.9069342871,164215.2202205675
2024-07-11 07:30:00,164221.43227951752,164215.18773804285
2024-07-11 11:30:00,164210.11279188978,164215.0809371598
2024-07-11 15:30:00,164214.27487190682,164215.0697726937
2024-07-11 19:30:00,164219.03545672522,164215.10125998786
2024-07-11 23:30:00,164212.79364372545,164215.11544615356
2024-07-12 03:30:00,164207.25998936943,164215.0804757739
2024-07-12 07:30:00,164220.41853919308,164215.1375039136
2024-07-12 11:30:00,164211.02237501342,164215.15466137577
2024-07-12 15:30:00,164213.74382160613,164215.13400287513
2024-07-12 19:30:00,164223.14814433493,164215.12898614534
2024-07-12 23:30:00,164219.34468796206,164215.17036798366
2024-07-13 03:30:00,164214.99789548301,164215.167195846
2024-07-13 07:30:00,164218.9056148514,164215.15479022547
2024-07-13 11:30:00,164214.67894964624,164215.13564765218
2024-07-13 15:30:00,164219.54436613192,164215.19294132382
2024-07-13 19:30:00,164220.91988772797,164215.26792929432
2024-07-13 23:30:00,164217.90877911088,164215.29746462934
2024-07-14 03:30:00,164216.4686271202,164215.30921611152
2024-07-14 07:30:00,164219.09604409485,164215.35131200013
2024-07-14 11:30:00,164216.62485159084,164215.38566628928
2024-07-14 15:30:00,164215.6745596414,164215.41680554132
2024-07-14 19:30:00,164214.0742850732,164215.41427336325
2024-07-14 23:30:00,164221.08736295137,164215.4484771673
2024-07-15 03:30:00,164220.61051235307,164215.49204607055
2024-07-15 07:30:00,164221.36443127907,164215.561086341
2024-07-15 11:30:00,164219.28114017964,164215.57633924717
2024-07-15 15:30:00,164216.26590102076,164215.62578210823
2024-07-15 19:30:00,164219.68282957075,164215.66305697057
2024-07-15 23:30:00,164223.75401992546,164215.70873815648
2024-07-16 03:30:00,164222.43576342188,164215.73901489272
2024-07-16 07:30:00,164221.66687936525,164215.7778255379
2024-07-16 11:30:00,164216.6322987496,164215.7641458671
2024-07-16 15:30:00,164218.1204723838,164215.7467158881
2024-07-16 19:30:00,164216.5204539144,164215.77504569595
2024-07-16 23:30:00,164216.13732032708,164215.74596168456
2024-07-17 03:30:00,164219.94813531736,164215.78465979727
2024-07-17 07:30:00,164218.86429732147,164215.82197600804
2024-07-17 11:30:00,164217.11389270957,164215.79367655146
2024-07-17 15:30:00,164221.5799165745,164215.80648231594
2024-07-17 19:30:00,164217.99353743595,164215.8296113565
2024-07-17 23:30:00,164219.9020759833,164215.84316883935
2024-07-18 03:30:00,164221.37005985485,164215.86877239496
2024-07-18 07:30:00,164219.17739780687,164215.8894357681
2024-07-18 11:30:00,164209.98456000988,164215.88590264358
2024-07-18 15:30:00,164222.19693506992,164215.87941774784
2024-07-18 19:30:00,164213.34797598043,164215.873494405
2024-07-18 23:30:00,164213.5542105703,164215.87741517177
2024-07-19 03:30:00,164223.4703038165,164215.90107067671
2024-07-19 07:30:00,164219.57398048948,164215.9277554599
2024-07-19 11:30:00,164207.94959530164,164215.95392437628
2024-07-19 15:30:00,164225.63361915978,164215.99459844208
2024-07-19 19:30:00,164214.66375657372,164215.9835794723
2024-07-19 23:30:00,164215.95699986152,164215.9970135926
2024-07-20 03:30:00,164223.34816035366,164215.9979735468
2024-07-20 07:30:00,164217.93485411015,164216.02715880523
2024-07-20 11:30:00,164215.45351048102,164216.09164686265
2024-07-20 15:30:00,164225.69102622918,164216.12790937562
2024-07-20 19:30:00,164215.69237186166,164216.12698226742
2024-07-20 23:30:00,164211.8254844256,164216.09013447503
2024-07-21 03:30:00,164226.61451150163,164216.06360322784
2024-07-21 07:30:00,164221.67661823283,164216.0895885271
2024-07-21 11:30:00,164217.86572561288,164216.22569313078
2024-07-21 15:30:00,164222.0720404106,164216.2381982883
2024-07-21 19:30:00,164211.06760955974,164216.22166056637
2024-07-21 23:30:00,164210.99470706884,164216.21646239495
2024-07-22 03:30:00,164218.20458829257,164216.1939685347
2024-07-22 07:30:00,164218.1576076903,164216.1712568653
2024-07-22 11:30:00,164210.70736452195,164216.21819812828
2024-07-22 15:30:00,164216.27034045415,164216.2177993259
2024-07-22 19:30:00,164208.47702281177,164216.2006807047
2024-07-22 23:30:00,164202.96348155226,164216.17052257512
2024-07-23 03:30:00,164218.6302318536,164216.18212482857
2024-07-23 07:30:00,164219.0252520619,164216.1710699679
2024-07-23 11:30:00,164209.11323281683,164216.1784947582
2024-07-23 15:30:00,164219.00156841328,164216.24226174928
2024-07-23 19:30:00,164217.64481355035,164216.2426507126
2024-07-23 23:30:00,164203.47866769478,164216.18658286487
2024-07-24 03:30:00,164222.406375334,164216.24011042892
2024-07-24 07:30:00,164221.62775105977,164216.26470842515
2024-07-24 11:30:00,164214.2950501039,164216.34543068093
2024-07-24 15:30:00,164218.28632518428,164216.36487240327
2024-07-24 19:30:00,164219.43851529187,164216.3479768769
2024-07-24 23:30:00,164211.9482371458,164216.36224517896
2024-07-25 03:30:00,164223.61950611553,164216.3807627304
2024-07-25 07:30:00,164223.9133153832,164216.38132958492
2024-07-25 11:30:00,164222.34541311747,164216.45500361617
2024-07-25 15:30:00,164222.41137265298,164216.55711488967
2024-07-25 19:30:00,164219.37034360485,164216.60062733764
2024-07-25 23:30:00,164202.49466054785,164216.60071519858
2024-07-26 03:30:00,164211.0439064804,164216.60351715318
2024-07-26 07:30:00,164221.300903513,164216.58563770034
2024-07-26 11:30:00,164207.5351469987,164216.50493670435
2024-07-26 15:30:00,164208.2748364533,164216.42592013735
2024-07-26 19:30:00,164219.55359002147,164216.39541420434
2024-07-26 23:30:00,164201.4478078861,164216.33382267176
2024-07-27 03:30:00,164216.24678009347,164216.35227659135
2024-07-27 07:30:00,164215.51764064774,164216.31237143415
2024-07-27 11:30:00,164218.48966298226,164216.29787013237
2024-07-27 15:30:00,164217.31372350611,164216.2667090619
2024-07-27 19:30:00,164228.51847490636,164216.26562439633
2024-07-27 23:30:00,164220.45895482876,164216.24592113728
2024-07-28 03:30:00,164219.86999829367,164216.24557796784
2024-07-28 07:30:00,164219.7463921827,164216.22086420597
2024-07-28 11:30:00,164211.36535679662,164216.1939607396
2024-07-28 15:30:00,164216.94207334603,164216.25683834185
2024-07-28 19:30:00,164219.23226220533,164216.27336847445
2024-07-28 23:30:00,164223.90133089205,164216.33257739915
2024-07-29 03:30:00,164221.49840822443,164216.4216043017
2024-07-29 07:30:00,164225.75040363034,164216.45593427023
2024-07-29 11:30:00,164216.95560742353,164216.4957304869
2024-07-29 15:30:00,164214.90385087606,164216.57307249462
2024-07-29 19:30:00,164218.10038519755,164216.62807005591
2024-07-29 23:30:00,164223.07050270485,164216.71701036653
2024-07-30 03:30:00,164215.9263525092,164216.7376220409
2024-07-30 07:30:00,164216.17233441237,164216.7172919645
2024-07-30 11:30:00,164211.2240839613,164216.64523229795
2024-07-30 15:30:00,164215.47838554374,164216.62542285162
2024-07-30 19:30:00,164208.26898837902,164216.5527162026
2024-07-30 23:30:00,164227.71293769914,164216.57175057335
2024-07-31 03:30:00,164227.9183843797,164216.58710450368
2024-07-31 07:30:00,164221.48546504264,164216.5456831627
2024-07-31 11:30:00,164209.19684899336,164216.4327300011
2024-07-31 15:30:00,164214.99596084983,164216.43374327914
2024-07-31 19:30:00,164219.5039992256,164216.46083082873
2024-07-31 23:30:00,164225.23088810153,164216.5238385572
2024-08-01 03:30:00,164224.05881048943,164216.57299363232
2024-08-01 07:30:00,164220.9030651504,164216.6775707181
2024-08-01 11:30:00,164227.47938336775,164216.83121782725
2024-08-01 15:30:00,164221.29689874203,164216.93766519107
2024-08-01 19:30:00,164214.53563647048,164217.01241146395
2024-08-01 23:30:00,164215.52293268422,164217.01595364275
2024-08-02 03:30:00,164221.10750738086,164217.04312985722
2024-08-02 07:30:00,164212.50558672688,164217.0541081499
2024-08-02 11:30:00,164208.5094959801,164217.00034588846
2024-08-02 15:30:00,164216.96864507103,164216.95790941818
2024-08-02 19:30:00,164211.69532060897,164216.9296444713
2024-08-02 23:30:00,164215.7175645458,164216.9281482197
2024-08-03 03:30:00,164225.42872294964,164216.96641615318
2024-08-03 07:30:00,164213.94676130102,164216.9563169588
2024-08-03 11:30:00,164208.71062120254,164216.86442896584
2024-08-03 15:30:00,164206.31575815045,164216.75913136822
2024-08-03 19:30:00,164204.78814792013,164216.73480637453
2024-08-03 23:30:00,164211.14056232467,164216.78212941287
2024-08-04 03:30:00,164231.13555464064,164216.85839046727
2024-08-04 07:30:00,164223.8221368462,164216.9091559594
2024-08-04 11:30:00,164218.62972324243,164216.88392450774
2024-08-04 15:30:00,164211.53975844636,164216.80782501659
2024-08-04 19:30:00,164209.83393002945,164216.73639614793
2024-08-04 23:30:00,164209.4707300444,164216.7301511698
2024-08-05 03:30:00,164224.849624053,164216.77131214412
2024-08-05 07:30:00,164223.71813808105,164216.8367011613
2024-08-05 11:30:00,164224.80658868628,164216.96978978053
2024-08-05 15:30:00,164223.92539149724,164217.01328959587
2024-08-05 19:30:00,164220.4767750355,164216.97274866447
2024-08-05 23:30:00,164211.1361075403,164216.9827157663
2024-08-06 03:30:00,164224.97026754078,164217.01296252792
2024-08-06 07:30:00,164222.19578017553,164217.06530914493
2024-08-06 11:30:00,164225.88182711962,164217.18412507535
2024-08-06 15:30:00,164228.51081198716,164217.2412509239
2024-08-06 19:30:00,164224.45174407607,164217.21722325476
2024-08-06 23:30:00,164211.41934374848,164217.22230561587
2024-08-07 03:30:00,164217.6965776168,164217.21985440908
2024-08-07 07:30:00,164221.3835606853,164217.26118485982
2024-08-07 11:30:00,164209.20916705285,164217.27492551165
2024-08-07 15:30:00,164215.27651276355,164217.28151378874
2024-08-07 19:30:00,164213.33561183081,164217.23316696513
2024-08-07 23:30:00,164212.57155927797,164217.2238033015
2024-08-08 03:30:00,164216.2711022797,164217.2210498588
2024-08-08 07:30:00,164226.27921777056,164217.29413459759
2024-08-08 11:30:00,164212.80172004004,164217.35249788055
2024-08-08 15:30:00,164218.64441626912,164217.39749805193
2024-08-08 19:30:00,164223.967538428,164217.38494351238
2024-08-08 23:30:00,164216.03653970914,164217.3832758316
2024-08-09 03:30:00,164213.9574533726,164217.36822721953
2024-08-09 07:30:00,164222.31553875015,164217.37456171235
2024-08-09 11:30:00,164219.5297961714,164217.43452917575
2024-08-09 15:30:00,164218.46904843653,164217.45561630238
2024-08-09 19:30:00,164223.04665206667,164217.4703998869
2024-08-09 23:30:00,164215.92418461043,164217.4809453809
2024-08-10 03:30:00,164211.8793617979,164217.5085699782
2024-08-10 07:30:00,164224.59004426174,164217.52611311563
2024-08-10 11:30:00,164218.09077634237,164217.5704352515
2024-08-10 15:30:00,164216.06431705656,164217.58037661345
2024-08-10 19:30:00,164219.61439614018,164217.58359294353
2024-08-10 23:30:00,164217.90453068903,164217.61198675996
2024-08-11 03:30:00,164220.95941135613,164217.6880946599
2024-08-11 07:30:00,164221.149312287,164217.69215451044
2024-08-11 11:30:00,164222.01034601047,164217.75319879377
2024-08-11 15:30:00,164219.755769271,164217.786598503
2024-08-11 19:30:00,164216.63861358754,164217.7504344433
2024-08-11 23:30:00,164219.40951854127,164217.7507946132
2024-08-12 03:30:00,164221.23298910377,164217.7854340222
2024-08-12 07:30:00,164224.1870066046,164217.8147750875
2024-08-12 11:30:00,164219.80081064763,164217.8432298708
2024-08-12 15:30:00,164218.75495660352,164217.83884426233
2024-08-12 19:30:00,164216.33360426803,164217.81336490976
2024-08-12 23:30:00,164219.37592136927,164217.8215157001
2024-08-13 03:30:00,164212.0479146311,164217.79695618627
2024-08-13 07:30:00,164216.0272306825,164217.77990722284
2024-08-13 11:30:00,164213.82124171426,164217.76433161244
2024-08-13 15:30:00,164215.1585473134,164217.7614648773
2024-08-13 19:30:00,164214.2613827645,164217.7625043089
2024-08-13 23:30:00,164214.10464617662,164217.72371143795
2024-08-14 03:30:00,164215.48568228926,164217.69524015978
2024-08-14 07:30:00,164212.47856351666,164217.64587422778
2024-08-14 15:30:00,164215.32311063007,164217.63147167838
2024-08-14 19:30:00,164213.50270757117,164217.59694585716
2024-08-14 23:30:00,164217.23995020543,164217.56055440623
2024-08-15 03:30:00,164222.54753364596,164217.56117882088
2024-08-15 07:30:00,164219.16945715545,164217.5472267415
2024-08-15 11:30:00,164223.01485421203,164217.58288347593
2024-08-15 15:30:00,164222.16891889265,164217.60550049553
2024-08-15 19:30:00,164219.93694275856,164217.6245870254
2024-08-15 23:30:00,164220.1569436172,164217.6470430214
2024-08-16 03:30:00,164219.32132792578,164217.64354130413
2024-08-16 07:30:00,164216.32241440887,164217.62934084094
2024-08-16 11:30:00,164221.62962589972,164217.65456840064
2024-08-16 15:30:00,164230.30031061522,164217.7032856858
2024-08-16 19:30:00,164226.18790953676,164217.7490643009
2024-08-16 23:30:00,164222.31545079482,164217.76254684172
2024-08-17 03:30:00,164220.77880333885,164217.75924373273
2024-08-17 07:30:00,164205.97043256398,164217.68546180398
2024-08-17 11:30:00,164211.12987848543,164217.69186023122
2024-08-17 15:30:00,164220.9249801971,164217.6847543381
2024-08-17 19:30:00,164214.24980584977,164217.68979249377
2024-08-17 23:30:00,164221.1776455511,164217.73238151602
2024-08-18 03:30:00,164220.59017920407,164217.71629143436
2024-08-18 07:30:00,164204.04923014497,164217.62956098552
2024-08-18 11:30:00,164207.08084775272,164217.62470764725
2024-08-18 15:30:00,164221.83042212477,164217.60346073646
2024-08-18 19:30:00,164220.98473323687,164217.63877345526
2024-08-18 23:30:00,164217.5922712908,164217.64790904982
2024-08-19 03:30:00,164230.56113691934,164217.68820500828
2024-08-19 07:30:00,164217.6363356356,164217.6865373073
2024-08-19 11:30:00,164214.90653886847,164217.68348159996
2024-08-19 15:30:00,164222.31477589946,164217.66461986632
2024-08-19 19:30:00,164215.09201717208,164217.66126592946
2024-08-19 23:30:00,164215.35395088396,164217.68097803256
2024-08-20 03:30:00,164226.6685918783,164217.6812801576
2024-08-20 07:30:00,164220.77125231255,164217.67622224742
2024-08-20 11:30:00,164213.04233010957,164217.64927590382
2024-08-20 15:30:00,164224.54589494193,164217.66309632023
2024-08-20 19:30:00,164218.54102860973,164217.7048472646
2024-08-20 23:30:00,164212.74786236032,164217.7146414283
2024-08-21 03:30:00,164221.57956056934,164217.733496022
2024-08-21 07:30:00,164219.8894805516,164217.7431712894
2024-08-21 11:30:00,164220.81247379823,164217.79962441386
2024-08-21 15:30:00,164227.2181375643,164217.86078529156
2024-08-21 19:30:00,164211.78126764015,164217.87924475985
2024-08-21 23:30:00,164208.45096006186,164217.90990106438
2024-08-22 03:30:00,164218.34886256544,164217.90832916892
2024-08-22 07:30:00,164218.85424063014,164217.9073737978
2024-08-22 11:30:00,164213.32780296376,164217.93091888237
2024-08-22 15:30:00,164222.6562381854,164217.95133603198
2024-08-22 19:30:00,164222.7656393147,164217.9799439971
2024-08-22 23:30:00,164214.46469473018,164218.04131844983
2024-08-23 03:30:00,164219.16343379894,164218.02320145804
2024-08-23 07:30:00,164221.00455618915,164218.01971992242
2024-08-23 11:30:00,164215.21317039733,164218.02484908607
2024-08-23 15:30:00,164220.74357304783,164218.0385767278
2024-08-23 19:30:00,164222.83167063654,164218.0575329029
2024-08-23 23:30:00,164217.15096089733,164218.08659839875
2024-08-24 03:30:00,164222.06135045295,164218.0778936185
2024-08-24 07:30:00,164227.44002621822,164218.09759591366
2024-08-24 11:30:00,164218.4749918102,164218.07597344823
2024-08-24 15:30:00,164218.92278448044,164218.0564841288
2024-08-24 19:30:00,164223.68264515745,164218.08057519898
2024-08-24 23:30:00,164217.98578685566,164218.16711780403
2024-08-25 03:30:00,164218.92199435018,164218.21112946814
2024-08-25 07:30:00,164221.07426549157,164218.2098633339
2024-08-25 11:30:00,164213.74782016015,164218.24457100523
2024-08-25 15:30:00,164214.4926184236,164218.2793072173
2024-08-25 19:30:00,164220.73755616863,164218.28592155335
2024-08-25 23:30:00,164220.56686882503,164218.39273194963
2024-08-26 03:30:00,164218.91772463053,164218.4076534275
2024-08-26 07:30:00,164223.19014110652,164218.45051655854
2024-08-26 11:30:00,164208.19099880298,164218.3929821218
2024-08-26 15:30:00,164213.45409493856,164218.37141995103
2024-08-26 19:30:00,164219.4894267813,164218.32097834142
2024-08-26 23:30:00,164218.99119346833,164218.31277855727
2024-08-27 03:30:00,164222.62007819422,164218.32814213212
2024-08-27 07:30:00,164212.1875679906,164218.285914064
2024-08-27 11:30:00,164210.30016790217,164218.27996328808
2024-08-27 15:30:00,164218.9585846721,164218.2912287145
2024-08-27 19:30:00,164218.06081766993,164218.28468433162
2024-08-27 23:30:00,164224.5697137291,164218.2884183139
2024-08-28 03:30:00,164225.0440313765,164218.3082262645
2024-08-28 07:30:00,164233.64093935653,164218.35230746967
2024-08-28 11:30:00,164230.37523719599,164218.4272774684
2024-08-28 15:30:00,164218.74934784602,164218.44876069168
2024-08-28 19:30:00,164213.792492118,164218.42469424993
2024-08-28 23:30:00,164223.3009444886,164218.42598163418
2024-08-29 03:30:00,164219.79773877453,164218.4476094904
2024-08-29 07:30:00,164224.9926038026,164218.4968847384
2024-08-29 11:30:00,164217.18719662994,164218.53019821702
2024-08-29 15:30:00,164221.87265157702,164218.56592037363
2024-08-29 19:30:00,164217.27862473976,164218.61625353765
2024-08-29 23:30:00,164216.92836466196,164218.55600452627
2024-08-30 03:30:00,164218.05978952377,164218.50092857736
2024-08-30 07:30:00,164219.6578413467,164218.49071838908
2024-08-30 11:30:00,164224.2534131446,164218.5748332726
2024-08-30 15:30:00,164230.3650142056,164218.6606939059
2024-08-30 19:30:00,164222.6572351168,164218.67830974885
2024-08-30 23:30:00,164220.69187129338,164218.65295211304
2024-08-31 03:30:00,164218.9118669177,164218.62419823837
2024-08-31 07:30:00,164211.20687810486,164218.57002959563
2024-08-31 11:30:00,164212.1940026467,164218.48463640726
2024-08-31 15:30:00,164223.6821538268,164218.49796185465
2024-08-31 19:30:00,164225.1138680675,164218.55705812055
2024-08-31 23:30:00,164223.53575689485,164218.60182250163
2024-09-01 03:30:00,164231.86251295477,164218.66190633163
2024-09-01 07:30:00,164217.63653282815,164218.690570835
2024-09-01 11:30:00,164207.17674461077,164218.68312529664
2024-09-01 15:30:00,164223.61341308925,164218.7202469057
2024-09-01 19:30:00,164217.75428667205,164218.75409587807
2024-09-01 23:30:00,164217.5547736862,164218.7643596163
2024-09-02 03:30:00,164223.49005076507,164218.75352904544
2024-09-02 07:30:00,164217.83921633352,164218.7752746043
2024-09-02 11:30:00,164215.3668744748,164218.81246037674
2024-09-02 15:30:00,164219.8470911727,164218.88805441596
2024-09-02 19:30:00,164211.11905149618,164218.9234225924
2024-09-02 23:30:00,164213.7687601216,164218.93810526165
2024-09-03 03:30:00,164222.33628204485,164218.88894731418
2024-09-03 07:30:00,164220.22136998666,164218.8688312982
2024-09-03 11:30:00,164216.70164440412,164218.85805990806
2024-09-03 15:30:00,164222.38862890823,164218.9186681229
2024-09-03 19:30:00,164220.44976063853,164218.97797443919
2024-09-03 23:30:00,164215.23230385885,164219.01016200238
2024-09-04 03:30:00,164225.3980715338,164219.01322595478
2024-09-04 07:30:00,164219.52551038936,164218.98980345367
2024-09-04 11:30:00,164217.6316921626,164218.94972023292
2024-09-04 15:30:00,164223.06921069112,164218.9449370999
2024-09-04 19:30:00,164216.94172552373,164218.92518821996
2024-09-04 23:30:00,164212.7850703043,164218.93440030242
2024-09-05 03:30:00,164218.5707584472,164218.89864885499
2024-09-05 07:30:00,164215.67435046786,164218.8622162868
2024-09-05 11:30:00,164215.3009438576,164218.80310520713
2024-09-05 15:30:00,164219.8993132323,164218.75499627553
2024-09-05 19:30:00,164218.56093789916,164218.72208674383
2024-09-05 23:30:00,164213.97202837362,164218.7363475518
2024-09-06 03:30:00,164218.34270966632,164218.739957228
2024-09-06 07:30:00,164221.5900702462,164218.74111091276
2024-09-06 11:30:00,164218.7310439753,164218.79430575587
2024-09-06 15:30:00,164224.75159954716,164218.84723920157
2024-09-06 19:30:00,164225.9342289889,164218.91762253764
2024-09-06 23:30:00,164216.3266142858,164218.93860049863
2024-09-07 03:30:00,164219.77301638722,164218.95816426456
2024-09-07 07:30:00,164224.48651504185,164218.94814916555
2024-09-07 11:30:00,164220.38870962834,164218.99053458223
2024-09-07 15:30:00,164218.8075029668,164218.99144568108
2024-09-07 19:30:00,164221.4848412145,164218.97757586426
2024-09-07 23:30:00,164218.88044599374,164218.99346360887
2024-09-08 03:30:00,164221.68116782565,164219.03661285163
2024-09-08 07:30:00,164222.74917309455,164219.03903538984
2024-09-08 11:30:00,164223.01043520996,164219.05848030068
2024-09-08 15:30:00,164221.63276080965,164219.0761546715
2024-09-08 19:30:00,164222.04846548854,164219.07057821017
2024-09-08 23:30:00,164218.05037624604,164219.0824563757
2024-09-09 03:30:00,164223.07681276157,164219.1450119677
2024-09-09 07:30:00,164221.94199504182,164219.13021839663
2024-09-09 11:30:00,164211.3302533952,164219.092450112
2024-09-09 15:30:00,164218.0135226255,164219.1033395286
2024-09-09 19:30:00,164225.44535936267,164219.13591474213
2024-09-09 23:30:00,164219.27637008068,164219.14357864935
2024-09-10 03:30:00,164225.3997056107,164219.1683847625
2024-09-10 07:30:00,164218.95608518092,164219.1561320971
2024-09-10 11:30:00,164215.42089389166,164219.11931951542
2024-09-10 15:30:00,164214.08065580594,164219.08761497092
2024-09-10 19:30:00,164221.71586768338,164219.11597951897
2024-09-10 23:30:00,164219.34830474228,164219.11563754242
2024-09-11 03:30:00,164221.37324020592,164219.11642106815
2024-09-11 07:30:00,164220.14052410662,164219.09381502063
2024-09-11 11:30:00,164202.71055356914,164218.99833872414
2024-09-11 15:30:00,164212.3655427697,164218.96264367478
2024-09-11 19:30:00,164220.65207494647,164218.9867692093
2024-09-11 23:30:00,164226.94191662205,164219.0290373392
2024-09-12 03:30:00,164233.15745738774,164219.14696774565
2024-09-12 07:30:00,164231.14213301984,164219.23140854086
2024-09-12 11:30:00,164221.196355782,164219.27261029542
2024-09-12 15:30:00,164222.12085101788,164219.31150584682
2024-09-12 19:30:00,164218.87089887817,164219.33725733348
2024-09-12 23:30:00,164222.37471894998,164219.38345885734
2024-09-13 03:30:00,164221.6549071361,164219.41792380065
2024-09-13 07:30:00,164228.14354332653,164219.50543765438
2024-09-13 11:30:00,164226.87834839168,164219.54639826957
2024-09-13 15:30:00,164218.992103146,164219.5667815613
2024-09-13 19:30:00,164214.47164322398,164219.57216453712
2024-09-13 23:30:00,164214.83310659885,164219.5587931838
2024-09-14 03:30:00,164217.2272929827,164219.5292362912
2024-09-14 07:30:00,164213.19477533287,164219.4960436144
2024-09-14 11:30:00,164211.1456743622,164219.43010372636
2024-09-14 15:30:00,164221.69621738457,164219.42747760686
2024-09-14 19:30:00,164220.84675618476,164219.43253212588
2024-09-14 23:30:00,164219.79086902304,164219.43049837818
2024-09-15 03:30:00,164220.59224653678,164219.43755903712
2024-09-15 07:30:00,164218.37912474942,164219.44898520567
2024-09-15 11:30:00,164224.85373935563,164219.4668969471
2024-09-15 15:30:00,164223.46370476042,164219.42891580347
2024-09-15 19:30:00,164216.94626403044,164219.3775733284
2024-09-15 23:30:00,164220.78107076336,164219.3690489949
2024-09-16 03:30:00,164229.19835476397,164219.4158242806
2024-09-16 07:30:00,164221.8927548339,164219.50428162658
2024-09-16 11:30:00,164224.4895998559,164219.57850230086
2024-09-16 15:30:00,164234.00850797535,164219.65118856626
2024-09-16 19:30:00,164222.0257473682,164219.69438824136
2024-09-16 23:30:00,164220.0199987029,164219.68795686998
2024-09-17 03:30:00,164227.70204940677,164219.72746725997
2024-09-17 07:30:00,164212.32712516707,164219.77345556568
2024-09-17 11:30:00,164223.49228260684,164219.86463020375
2024-09-17 15:30:00,164229.83117125992,164219.90907881007
2024-09-17 19:30:00,164219.7860731988,164219.90241958763
2024-09-17 23:30:00,164223.9655438015,164219.93782665714
2024-09-18 03:30:00,164228.51632897244,164219.926466613
2024-09-18 07:30:00,164215.85969949357,164219.91659641222
2024-09-18 11:30:00,164219.62764297522,164219.94282476837
2024-09-18 15:30:00,164222.58200086228,164219.94430935147
2024-09-18 19:30:00,164223.3783485365,164219.99034452572
2024-09-18 23:30:00,164224.06861219794,164220.03875931082
2024-09-19 03:30:00,164229.61463016697,164220.0551261902
2024-09-19 07:30:00,164218.67981195732,164220.04350707712
2024-09-19 11:30:00,164213.91791828358,164220.04837145584
2024-09-19 15:30:00,164227.4440046992,164220.0644720656
2024-09-19 19:30:00,164217.98898174602,164220.0614051386
2024-09-20 03:30:00,164224.61833661006,164220.11923932194
2024-09-20 07:30:00,164228.6904028784,164220.16840648578
2024-09-20 11:30:00,164217.83838771403,164220.15179147967
2024-09-20 15:30:00,164228.67393483073,164220.1599244253
2024-09-20 19:30:00,164223.13516121666,164220.22335399842
2024-09-20 23:30:00,164210.31913859927,164220.23379074998
2024-09-21 03:30:00,164215.09379772458,164220.2156060302
2024-09-21 07:30:00,164227.30871611147,164220.2628377368
2024-09-21 11:30:00,164214.4579226916,164220.26915125485
2024-09-21 15:30:00,164229.45631189994,164220.30714049347
2024-09-21 19:30:00,164229.1281147097,164220.34268504873
2024-09-21 23:30:00,164214.45529213196,164220.34263252025
2024-09-22 03:30:00,164214.0263527841,164220.31393374366
2024-09-22 07:30:00,164224.0696413597,164220.33105712448
2024-09-22 11:30:00,164218.20685112386,164220.3477815978
2024-09-22 15:30:00,164220.20168289597,164220.34475427854
2024-09-22 19:30:00,164231.68847961695,164220.3942336583
2024-09-22 23:30:00,164229.46981409495,164220.46305406722
2024-09-23 03:30:00,164216.91049134606,164220.43427831802
2024-09-23 07:30:00,164212.63908730363,164220.35159150846
2024-09-23 11:30:00,164215.516623657,164220.33506431206
2024-09-23 15:30:00,164214.8781242881,164220.31246844507
2024-09-23 19:30:00,164231.7410424194,164220.3574874242
2024-09-23 23:30:00,164230.44384595795,164220.42708551977
2024-09-24 03:30:00,164226.19143027175,164220.46769689358
2024-09-24 07:30:00,164224.63331348365,164220.48757984326
2024-09-24 11:30:00,164216.53585119906,164220.50315543567
2024-09-24 15:30:00,164216.37996189657,164220.513699254
2024-09-24 19:30:00,164224.2712877393,164220.53344077113
2024-09-24 23:30:00,164224.8229292822,164220.55721764517
2024-09-25 03:30:00,164224.04621997123,164220.58586845713
2024-09-25 07:30:00,164215.33109917896,164220.54196319496
2024-09-25 11:30:00,164227.98448853797,164220.65254134993
2024-09-25 15:30:00,164217.735759281,164220.67646126242
2024-09-25 19:30:00,164221.53190597804,164220.68787176072
2024-09-25 23:30:00,164223.01865489606,164220.71037154525
2024-09-26 03:30:00,164218.21134783656,164220.6857417667
2024-09-26 07:30:00,164219.35224326732,164220.72576788563
2024-09-26 11:30:00,164215.1051615761,164220.75261142565
2024-09-26 15:30:00,164212.04333754457,164220.71397876015
2024-09-26 19:30:00,164223.2901212088,164220.7431927464
2024-09-26 23:30:00,164230.90901048575,164220.7786078121
2024-09-27 03:30:00,164225.9062818338,164220.78342485375
2024-09-27 07:30:00,164212.64458135428,164220.66612676435
2024-09-27 11:30:00,164199.8073734178,164220.49535657562
2024-09-27 15:30:00,164205.9723996197,164220.42397697663
2024-09-27 19:30:00,164217.87236962124,164220.44676958836
2024-09-27 23:30:00,164215.77234294696,164220.40471036188
2024-09-28 03:30:00,164237.91100827017,164220.5059018116
2024-09-28 07:30:00,164236.4109257217,164220.56969131948
2024-09-28 11:30:00,164227.44914930375,164220.62702066402
2024-09-28 15:30:00,164222.50243587472,164220.63053901205
2024-09-28 19:30:00,164220.73206441195,164220.6498319711
2024-09-28 23:30:00,164221.24117816865,164220.67392590133
2024-09-29 03:30:00,164212.648101265,164220.64369300604
2024-09-29 07:30:00,164213.95269882306,164220.61182070145
2024-09-29 11:30:00,164206.96255368763,164220.51522372125
2024-09-29 15:30:00,164215.26643884968,164220.43087413823
2024-09-29 19:30:00,164216.73536493888,164220.39779106464
2024-09-29 23:30:00,164215.677174251,164220.36977599736
2024-09-30 03:30:00,164231.53274823702,164220.4402837142
2024-09-30 07:30:00,164225.67126829486,164220.5210903633
2024-09-30 11:30:00,164218.73124009583,164220.5576112429
2024-09-30 15:30:00,164222.53477151215,164220.55120128585
2024-09-30 19:30:00,164216.50844709514,164220.50312630835
2024-09-30 23:30:00,164228.11581996828,164220.52871325292
2024-10-01 03:30:00,164220.35438450982,164220.46442203256
2024-10-01 07:30:00,164217.24696989593,164220.46224570333
2024-10-01 11:30:00,164224.96885378103,164220.56164296123
2024-10-01 15:30:00,164223.67255238004,164220.56197334835
2024-10-01 19:30:00,164222.85825499851,164220.59048713787
2024-10-01 23:30:00,164223.48074274271,164220.62359311027
2024-10-02 03:30:00,164222.51517071555,164220.618146853
2024-10-02 07:30:00,164221.32269363283,164220.63760762004
2024-10-02 11:30:00,164224.116993591,164220.68649096705
2024-10-02 15:30:00,164222.7595053059,164220.70276143707
2024-10-02 19:30:00,164216.50870604053,164220.732871239
2024-10-02 23:30:00,164215.62047112445,164220.7432159932
2024-10-03 03:30:00,164217.04554942905,164220.71365882776
2024-10-03 07:30:00,164212.5104129402,164220.6705808554
2024-10-03 11:30:00,164213.37492866826,164220.6519958513
2024-10-03 15:30:00,164217.29989787232,164220.6235671863
2024-10-03 19:30:00,164217.65777707854,164220.60796951276
2024-10-03 23:30:00,164216.86188810278,164220.61707333536
2024-10-04 03:30:00,164218.82868389212,164220.58037284575
2024-10-04 07:30:00,164221.16789904964,164220.58954820142
2024-10-04 11:30:00,164215.3795540768,164220.57696642436
2024-10-04 15:30:00,164221.22151520904,164220.56664410327
2024-10-04 19:30:00,164227.89484065108,164220.62783469056
2024-10-04 23:30:00,164224.20683261807,164220.69164341857
2024-10-05 03:30:00,164230.84157023567,164220.7601954397
2024-10-05 07:30:00,164236.45032193186,164220.87626231942
2024-10-05 11:30:00,164220.12840269483,164220.90323136322
2024-10-05 15:30:00,164223.17793303754,164220.92154767498
2024-10-05 19:30:00,164229.81705923754,164220.9844310344
2024-10-05 23:30:00,164233.6752097617,164221.0945046734
2024-10-06 03:30:00,164233.3301215539,164221.17823323148
2024-10-06 07:30:00,164225.77718950371,164221.20162495915
2024-10-06 11:30:00,164214.64995902774,164221.1788256019
2024-10-06 15:30:00,164215.05028981224,164221.12462834083
2024-10-06 19:30:00,164214.057294407,164221.058276751
2024-10-06 23:30:00,164202.59960628411,164220.98158955545
2024-10-07 03:30:00,164216.77051309933,164220.96481579402
2024-10-07 07:30:00,164230.40129765208,164220.99785927232
2024-10-07 11:30:00,164218.24980732411,164220.98591009746
2024-10-07 15:30:00,164224.3936523657,164221.01711763596
2024-10-07 19:30:00,164225.68743949846,164221.04059583868
2024-10-07 23:30:00,164206.9712995577,164220.97406429434
2024-10-08 03:30:00,164211.81352283247,164220.91893778602
2024-10-08 07:30:00,164213.0618293875,164220.86481854742
2024-10-08 11:30:00,164217.28608554375,164220.83283894032
2024-10-08 15:30:00,164211.57394549708,164220.7766444414
2024-10-08 19:30:00,164231.0953513696,164220.8271857033
2024-10-08 23:30:00,164213.5788380728,164220.80220504312
2024-10-09 03:30:00,164222.4109662802,164220.79848523036
2024-10-09 07:30:00,164227.80934982977,164220.83126374873
2024-10-09 11:30:00,164214.03190466293,164220.84635677258
2024-10-09 15:30:00,164218.3241868761,164220.84809232704
2024-10-09 19:30:00,164225.9231194896,164220.85076137804
2024-10-09 23:30:00,164210.6798419248,164220.8027360811
2024-10-10 03:30:00,164210.81576922876,164220.72126157614
2024-10-10 07:30:00,164215.87078875897,164220.7040252833
2024-10-10 11:30:00,164230.91877195728,164220.79060560768
2024-10-10 15:30:00,164225.46368210614,164220.85419793337
2024-10-10 19:30:00,164226.17153747648,164220.87908994337
2024-10-10 23:30:00,164221.9768558113,164220.89377458623
2024-10-11 03:30:00,164212.50766975753,164220.84424625972
2024-10-11 07:30:00,164209.24538425746,164220.78337955667
2024-10-11 11:30:00,164226.5974704303,164220.9168260196
2024-10-11 15:30:00,164222.96903457993,164220.976063404
2024-10-11 19:30:00,164232.70618627928,164221.04340480806
2024-10-11 23:30:00,164229.77419436382,164221.05922758876
2024-10-12 03:30:00,164210.96405720475,164220.9352421129
2024-10-12 07:30:00,164214.15274119837,164220.8403293094
2024-10-12 11:30:00,164217.3686882993,164220.81894569215
2024-10-12 15:30:00,164211.94624434406,164220.7621043141
2024-10-12 19:30:00,164213.56362309871,164220.73245472877
2024-10-12 23:30:00,164222.41830983944,164220.7326982533
2024-10-13 03:30:00,164220.7019478157,164220.7273744582
2024-10-13 07:30:00,164213.74268386597,164220.64692272936
2024-10-13 11:30:00,164213.97875561434,164220.57485796526
2024-10-13 15:30:00,164222.25171024937,164220.59306806079
2024-10-13 19:30:00,164223.32328052298,164220.64251854853
2024-10-13 23:30:00,164237.907265041,164220.77142446156
2024-10-14 03:30:00,164231.43362248037,164220.85078943084
2024-10-14 07:30:00,164229.54709750784,164220.942143186
2024-10-14 11:30:00,164233.0123228622,164221.0643032335
2024-10-14 15:30:00,164224.28969830804,164221.07879195377
2024-10-14 19:30:00,164221.14067948292,164221.08043398333
2024-10-14 23:30:00,164217.52251833992,164221.06776163314
2024-10-15 03:30:00,164221.4925821134,164221.07279144082
2024-10-15 07:30:00,164198.57782447172,164220.96216965158
2024-10-15 11:30:00,164211.22282001458,164220.8860192642
2024-10-15 15:30:00,164224.87923497532,164220.89392725422
2024-10-15 19:30:00,164208.63367168084,164220.8474881908
2024-10-15 23:30:00,164226.19195555802,164220.8777165975
2024-10-16 03:30:00,164220.08128798797,164220.8267832636
2024-10-16 07:30:00,164206.98341198862,164220.74349084543
2024-10-16 11:30:00,164217.82497019725,164220.7062582775
2024-10-16 15:30:00,164224.13781700368,164220.65111475252
2024-10-16 19:30:00,164215.05894733063,164220.6121940819
2024-10-16 23:30:00,164220.9409728289,164220.61733918876
2024-10-17 03:30:00,164228.2579622533,164220.62044484713
2024-10-17 07:30:00,164219.69584802559,164220.66161089658
2024-10-17 11:30:00,164221.04875785584,164220.64795992034
2024-10-17 15:30:00,164229.93962355363,164220.64856579906
2024-10-17 19:30:00,164211.38870272267,164220.60165311483
2024-10-17 23:30:00,164221.2485601481,164220.58647443523
2024-10-18 03:30:00,164229.38665644944,164220.5913365999
2024-10-18 07:30:00,164217.0599969673,164220.59804217235
2024-10-18 11:30:00,164216.98430848998,164220.5832749406
2024-10-18 15:30:00,164227.55916866192,164220.61108034733
2024-10-18 19:30:00,164220.55110885206,164220.59528571222
2024-10-18 23:30:00,164213.3200760802,164220.53523802443
2024-10-19 03:30:00,164224.12484498386,164220.50456883345
2024-10-19 07:30:00,164206.5479516066,164220.43679307727
2024-10-19 11:30:00,164202.92244473225,164220.37536585075
2024-10-19 15:30:00,164225.01832573133,164220.36181457163
2024-10-19 19:30:00,164229.24929315012,164220.42472133922
2024-10-19 23:30:00,164236.64102258947,164220.51481190172
2024-10-20 03:30:00,164217.04245044262,164220.47272364522
2024-10-20 07:30:00,164219.81811121042,164220.42343313596
2024-10-20 11:30:00,164216.90734350367,164220.41826066814
2024-10-20 15:30:00,164224.8061215651,164220.39677281666
2024-10-20 19:30:00,164230.05795714818,164220.43523279403
2024-10-20 23:30:00,164223.141589193,164220.5064686307
2024-10-21 03:30:00,164220.11491466727,164220.53436372482
2024-10-21 07:30:00,164223.7367133832,164220.5145192652
2024-10-21 11:30:00,164212.26241188202,164220.50232198293
2024-10-21 15:30:00,164218.88637116158,164220.44360008993
2024-10-21 19:30:00,164213.57247872368,164220.35717989
2024-10-21 23:30:00,164220.58638313063,164220.3912415067
2024-10-22 03:30:00,164210.97640308313,164220.37429734165
2024-10-22 07:30:00,164218.93766326137,164220.34578635226
2024-10-22 11:30:00,164220.90066912692,164220.3607520078
2024-10-22 15:30:00,164220.4867662011,164220.36233580392
2024-10-22 19:30:00,164233.99056897569,164220.37512518928
2024-10-22 23:30:00,164234.165076797,164220.40120998205
2024-10-23 03:30:00,164224.3012044441,164220.44226949927
2024-10-23 07:30:00,164221.00642534829,164220.48875471062
2024-10-23 11:30:00,164223.73516653094,164220.53441328218
2024-10-23 15:30:00,164226.49152456963,164220.5989321726
2024-10-23 19:30:00,164218.204879948,164220.52373127
2024-10-23 23:30:00,164221.97469247505,164220.4766804173
2024-10-24 03:30:00,164228.90914614394,164220.49177883883
2024-10-24 07:30:00,164213.0580330596,164220.42747172536
2024-10-24 11:30:00,164222.77408493543,164220.46212857944
2024-10-24 15:30:00,164217.73110130857,164220.4696349095
2024-10-24 19:30:00,164221.50037571997,164220.45424095384
2024-10-24 23:30:00,164232.32033540617,164220.4958932101
2024-10-25 03:30:00,164228.3185476827,164220.51962836407
2024-10-25 07:30:00,164217.54096230678,164220.53190538142
2024-10-25 11:30:00,164223.83024411034,164220.50882624573
2024-10-25 15:30:00,164221.87581428478,164220.5318265513
2024-10-25 19:30:00,164220.49560598994,164220.52606932912
2024-10-25 23:30:00,164227.10102724074,164220.5487491755
2024-10-26 03:30:00,164224.10226952663,164220.58147651821
2024-10-26 07:30:00,164213.2055221931,164220.5473280678
2024-10-26 11:30:00,164215.72693925185,164220.55078238825
2024-10-26 15:30:00,164215.59676732428,164220.57052366476
2024-10-26 19:30:00,164215.00410602763,164220.52449024713
2024-10-26 23:30:00,164220.79640210434,164220.46830908943
2024-10-27 03:30:00,164224.38073416436,164220.4598338246
2024-10-27 07:30:00,164225.38104643766,164220.53059196396
2024-10-27 11:30:00,164222.27795812368,164220.65542854567
2024-10-27 15:30:00,164223.6016565924,164220.75336886218
2024-10-27 19:30:00,164220.47836699546,164220.76784662536
2024-10-27 23:30:00,164225.91425090985,164220.82419055846
2024-10-28 03:30:00,164224.26913768746,164220.7484023886
2024-10-28 07:30:00,164222.34204170277,164220.67024192182
2024-10-28 11:30:00,164220.58114287452,164220.63208633053
2024-10-28 15:30:00,164221.46782910655,164220.62633851517
2024-10-28 19:30:00,164217.15709207748,164220.60647755777
2024-10-28 23:30:00,164215.48032916765,164220.57447284108
2024-10-29 03:30:00,164219.81993303317,164220.61431635087
2024-10-29 07:30:00,164217.36265077066,164220.63326052838
2024-10-29 11:30:00,164218.5356009836,164220.6975552356
2024-10-29 15:30:00,164221.26494256698,164220.73088025622
2024-10-29 19:30:00,164215.2128813533,164220.72242201408
2024-10-29 23:30:00,164219.23969521697,164220.7422137972
2024-10-30 03:30:00,164220.92428079242,164220.68327786698
2024-10-30 07:30:00,164220.69936490234,164220.65565618145
2024-10-30 11:30:00,164219.56446994434,164220.66028523617
2024-10-30 15:30:00,164222.82661526138,164220.66190659034
2024-10-30 19:30:00,164214.05809466596,164220.6482935213
2024-10-30 23:30:00,164218.66812824368,164220.59580634502
2024-10-31 03:30:00,164221.13584902434,164220.60014781455
2024-10-31 07:30:00,164217.2936747376,164220.6004072859
2024-10-31 11:30:00,164218.98477283726,164220.56716239182
2024-10-31 15:30:00,164223.47070934784,164220.5660410416
2024-10-31 19:30:00,164220.23014022663,164220.55144040397
2024-10-31 23:30:00,164222.66270139153,164220.5468957298
2024-11-01 03:30:00,164227.77364486802,164220.57610947514
2024-11-01 07:30:00,164229.23084718676,164220.62004366153
2024-11-01 11:30:00,164223.4775683545,164220.6164912991
2024-11-01 15:30:00,164226.1607036279,164220.63538684533
2024-11-01 19:30:00,164210.14834608437,164220.60005151224
2024-11-01 23:30:00,164225.85181037066,164220.65689228583
2024-11-02 03:30:00,164231.66378827015,164220.73810472383
2024-11-02 07:30:00,164224.4785848208,164220.8045945676
2024-11-02 11:30:00,164219.99222220288,164220.8413573095
2024-11-02 15:30:00,164231.61208843507,164220.92086947928
2024-11-02 19:30:00,164216.84818808667,164220.91637176264
2024-11-02 23:30:00,164204.05377829223,164220.84521559704
2024-11-03 03:30:00,164214.1840640056,164220.8194121532
2024-11-03 07:30:00,164220.1547812,164220.81378372072
2024-11-03 11:30:00,164210.5669277389,164220.78704690773
2024-11-03 15:30:00,164224.55042126044,164220.80554083022
2024-11-03 19:30:00,164239.9939279769,164220.87275798203
2024-11-03 23:30:00,164224.24215515927,164220.8729542184
2024-11-04 03:30:00,164222.64133210483,164220.82739733986
2024-11-04 07:30:00,164223.98542676138,164220.75814792226
2024-11-04 11:30:00,164227.68853939974,164220.80014868174
2024-11-04 15:30:00,164225.04801877658,164220.81053804696
2024-11-04 19:30:00,164222.92951126772,164220.77227389155
2024-11-04 23:30:00,164219.91834968794,164220.69584689115
2024-11-05 03:30:00,164219.50330343135,164220.61903123494
2024-11-05 07:30:00,164229.7031150863,164220.64084193262
2024-11-05 11:30:00,164223.11126241402,164220.6878491736
2024-11-05 15:30:00,164224.2325616977,164220.73886179522
2024-11-05 19:30:00,164224.188171318,164220.7951444447
2024-11-05 23:30:00,164224.00312201845,164220.91405286547
2024-11-06 03:30:00,164223.82166570527,164220.95322593552
2024-11-06 07:30:00,164229.70886672777,164220.94937909706
2024-11-06 11:30:00,164219.18607222175,164220.95458056868
2024-11-06 15:30:00,164230.26346851457,164220.9871906584
2024-11-06 19:30:00,164225.52136300076,164220.9862680112
2024-11-06 23:30:00,164211.31134414958,164221.01037937007
2024-11-07 03:30:00,164214.26342323425,164221.0239899278
2024-11-07 07:30:00,164201.10220161054,164220.95754755128
2024-11-07 11:30:00,164207.81238302522,164220.90491587063
2024-11-07 15:30:00,164209.3767037625,164220.8927089721
2024-11-07 19:30:00,164225.7528943057,164220.86302865506
2024-11-07 23:30:00,164236.75682501472,164220.99179524923
2024-11-08 03:30:00,164226.53052019185,164221.01468165984
2024-11-08 07:30:00,164227.78913127625,164221.0145693345
2024-11-08 11:30:00,164223.60266297357,164221.06774021403
2024-11-08 15:30:00,164230.9050411132,164221.1376338487
2024-11-08 19:30:00,164226.61397213678,164221.14147191893
2024-11-08 23:30:00,164225.70839420633,164221.22496387604
2024-11-09 03:30:00,164221.15288356034,164221.28239228905
2024-11-09 07:30:00,164224.9201842362,164221.33266670833
2024-11-09 11:30:00,164221.22861602783,164221.27883250875
2024-11-09 15:30:00,164214.73433803764,164221.2192250417
2024-11-09 19:30:00,164215.79887043362,164221.1615991137
2024-11-09 23:30:00,164217.67641173527,164221.13770775773
2024-11-10 03:30:00,164207.4314117006,164221.10950632402
2024-11-10 07:30:00,164220.95574419206,164221.17456387923
2024-11-10 11:30:00,164220.27400114338,164221.1394334943
2024-11-10 15:30:00,164217.94002511678,164221.1114945528
2024-11-10 19:30:00,164227.48264681647,164221.08247488918
2024-11-10 23:30:00,164223.49519294588,164221.04759154792
2024-11-11 03:30:00,164217.12071842363,164221.08179522137
2024-11-11 07:30:00,164219.8355617684,164221.11336644678
2024-11-11 11:30:00,164213.59068460253,164221.09237753737
2024-11-11 15:30:00,164213.99280796928,164221.10374733526
2024-11-11 19:30:00,164218.19076060643,164221.12945365478
2024-11-11 23:30:00,164231.51807514636,164221.18000790646
2024-11-12 03:30:00,164226.74035255035,164221.21355459944
2024-11-12 07:30:00,164227.73424409065,164221.29128548957
2024-11-12 11:30:00,164226.53557056843,164221.36104557262
2024-11-12 15:30:00,164218.1063715912,164221.33801591344
2024-11-12 19:30:00,164226.80182398146,164221.3573411549
2024-11-12 23:30:00,164232.96085379392,164221.32986109238
2024-11-13 03:30:00,164223.79996651545,164221.2874518926
2024-11-13 07:30:00,164222.0802305437,164221.24596929835
2024-11-13 11:30:00,164224.82882709763,164221.200505433
2024-11-13 15:30:00,164225.16628740044,164221.20537537237
2024-11-13 19:30:00,164219.32358658552,164221.19528041186
2024-11-13 23:30:00,164217.99748766306,164221.1979191303
2024-11-14 03:30:00,164204.45559623183,164221.10326920875
2024-11-14 07:30:00,164201.83909038975,164221.12138735273
2024-11-14 11:30:00,164211.46331038352,164221.12272341034
2024-11-14 15:30:00,164217.8126048705,164221.0834643542
2024-11-14 19:30:00,164246.49567396825,164221.29380881134
2024-11-14 23:30:00,164247.51255698514,164221.41225659705
2024-11-15 03:30:00,164233.97315880883,164221.48943365717
2024-11-15 07:30:00,164219.5776107218,164221.55940142792
2024-11-15 11:30:00,164235.78608854333,164221.6591854187
2024-11-15 15:30:00,164246.08394066244,164221.78110832794
2024-11-15 19:30:00,164226.84619652678,164221.8465930457
2024-11-15 23:30:00,164227.29612577142,164221.88189945093
2024-11-16 03:30:00,164229.5977585103,164221.88934276346
2024-11-16 07:30:00,164223.92842674212,164221.91285708963
2024-11-16 11:30:00,164216.57521189126,164221.88800405653
2024-11-16 15:30:00,164221.1663814502,164221.83926382262
2024-11-16 19:30:00,164207.5349694147,164221.81785419316
2024-11-16 23:30:00,164192.31266009918,164221.65709919287
2024-11-17 03:30:00,164208.5735289957,164221.54147070702
2024-11-17 07:30:00,164222.50154190348,164221.5717015122
2024-11-17 11:30:00,164219.36066427594,164221.58490348878
2024-11-17 15:30:00,164250.85356130367,164221.7143167813
2024-11-17 19:30:00,164252.45601941913,164221.8915662844
2024-11-17 23:30:00,164224.77678255332,164221.9552146537
2024-11-18 03:30:00,164227.39853865962,164221.9734018408
2024-11-18 07:30:00,164213.9718341198,164222.01464563253
2024-11-18 11:30:00,164206.56338939018,164222.03487310285
2024-11-18 15:30:00,164213.70306673163,164221.97201055282
2024-11-18 19:30:00,164210.86096271232,164221.86985316154
2024-11-18 23:30:00,164214.8266094454,164221.74866197738
2024-11-19 03:30:00,164229.19506457125,164221.81617650035
2024-11-19 07:30:00,164231.80591384284,164221.88277540385
2024-11-19 11:30:00,164228.75159538924,164221.94857680323
2024-11-19 15:30:00,164230.7381626692,164221.98153258712
2024-11-19 19:30:00,164220.47645046367,164221.92830199446
2024-11-19 23:30:00,164216.01823249133,164221.88872779053
2024-11-20 03:30:00,164223.78854478037,164221.90913684672
2024-11-20 07:30:00,164218.21277388677,164221.87844829395
2024-11-20 11:30:00,164212.0087585575,164221.8770391088
2024-11-20 15:30:00,164213.53805200834,164221.84732622464
2024-11-20 19:30:00,164231.4374611027,164221.94657612673
2024-11-20 23:30:00,164224.10776948053,164221.96613938423
2024-11-21 03:30:00,164216.70654272678,164221.9979734934
2024-11-21 07:30:00,164236.92520515766,164222.0979042817
2024-11-21 11:30:00,164240.0714615581,164222.20440868408
2024-11-21 15:30:00,164239.23752005072,164222.30857953883
2024-11-21 19:30:00,164239.22169219906,164222.33764133448
2024-11-21 23:30:00,164226.52901445172,164222.29521876594
2024-11-22 03:30:00,164242.39412904205,164222.39573501368
2024-11-22 07:30:00,164233.67554825786,164222.46611902985
2024-11-22 11:30:00,164242.66986107564,164222.57131177728
2024-11-22 15:30:00,164245.01254202073,164222.67420631868
2024-11-22 19:30:00,164230.88212913097,164222.74463548083
2024-11-22 23:30:00,164218.58009549184,164222.72577660868
2024-11-23 03:30:00,164214.00728173956,164222.64298847315
2024-11-23 07:30:00,164231.34164993788,164222.74456412243
2024-11-23 11:30:00,164209.3170952188,164222.66980306845
2024-11-23 15:30:00,164220.25579948962,164222.6838291695
2024-11-23 19:30:00,164222.29435406337,164222.68824016026
2024-11-23 23:30:00,164206.46345833098,164222.54459084314
2024-11-24 03:30:00,164209.64341976956,164222.44084013253
2024-11-24 07:30:00,164221.47134770209,164222.46267560698
2024-11-24 11:30:00,164215.97461539108,164222.4190332252
2024-11-24 15:30:00,164208.801669685,164222.34639908854
2024-11-24 19:30:00,164220.06089772563,164222.3439840426
2024-11-24 23:30:00,164214.6197846068,164222.27464380578
2024-11-25 03:30:00,164221.14264145246,164222.25820142755
2024-11-25 07:30:00,164225.47592169436,164222.3263703137
2024-11-25 15:30:00,164214.77022303417,164222.3586210778
2024-11-25 19:30:00,164217.62445937778,164222.37325992333
2024-11-25 23:30:00,164223.2430284121,164222.3869282267
2024-11-26 03:30:00,164215.33544494997,164222.33639588472
2024-11-26 07:30:00,164223.95682682624,164222.3284393506
2024-11-26 11:30:00,164230.8655474411,164222.3764147099
2024-11-26 15:30:00,164219.1328033323,164222.35144904922
2024-11-26 19:30:00,164221.96575628087,164222.35975848656
2024-11-26 23:30:00,164231.15607587964,164222.38904242494
2024-11-27 03:30:00,164229.6721994159,164222.41922712736
2024-11-27 07:30:00,164225.10892898467,164222.4346845982
2024-11-27 11:30:00,164227.75362194356,164222.47475431368
2024-11-27 15:30:00,164218.13709332186,164222.45614685118
2024-11-27 19:30:00,164203.50840674376,164222.37989721244
2024-11-27 23:30:00,164215.5174462827,164222.38010457062
2024-11-28 03:30:00,164219.6909404182,164222.3793839415
2024-11-28 07:30:00,164220.24961001036,164222.3955122054
2024-11-28 11:30:00,164224.5670754841,164222.42920759367
2024-11-28 15:30:00,164219.42184892282,164222.41891098116
2024-11-28 19:30:00,164209.32669439784,164222.3860272551
2024-11-28 23:30:00,164220.6612956273,164222.3939691569
2024-11-29 03:30:00,164228.7985745899,164222.437959625
2024-11-29 07:30:00,164228.75532714903,164222.4829650007
2024-11-29 11:30:00,164232.5850771891,164222.55570582332
2024-11-29 15:30:00,164234.4830922428,164222.62082580643
2024-11-29 19:30:00,164223.13457096842,164222.67153237792
2024-11-29 23:30:00,164223.2276442735,164222.69700453454
2024-11-30 03:30:00,164227.4107440172,164222.73205981383
2024-11-30 07:30:00,164228.00471141408,164222.79189800756
2024-11-30 11:30:00,164230.57461002728,164222.85664570134
2024-11-30 15:30:00,164229.0757419271,164222.88795873252
2024-11-30 19:30:00,164225.8962011139,164222.91961270393
2024-11-30 23:30:00,164224.5462255966,164222.9301351855
2024-12-01 03:30:00,164228.0650596999,164222.93176320134
2024-12-01 07:30:00,164225.65848733878,164222.91180588378
2024-12-01 11:30:00,164228.0002913047,164222.93707249244
2024-12-01 15:30:00,164230.06674929874,164222.95889397664
2024-12-01 19:30:00,164212.43308775942,164222.97165789662
2024-12-01 23:30:00,164216.8745937946,164222.9215058487
2024-12-02 03:30:00,164232.22392334705,164222.92463509494
2024-12-02 07:30:00,164223.80234943383,164222.92085724365
2024-12-02 11:30:00,164221.8401829676,164222.93118104676
2024-12-02 15:30:00,164232.43392629366,164222.9357723197
2024-12-02 19:30:00,164231.50026332683,164223.01762748868
2024-12-02 23:30:00,164225.63145355516,164223.13817316052
2024-12-03 03:30:00,164224.35175870327,164223.1949759242
2024-12-03 07:30:00,164220.32457093758,164223.1959244702
2024-12-03 11:30:00,164217.90740690325,164223.2369327337
2024-12-03 15:30:00,164221.32026987858,164223.21888719528
2024-12-03 19:30:00,164209.23705314,164223.04706107886
2024-12-03 23:30:00,164220.41028336063,164223.02565397383
2024-12-04 03:30:00,164232.8382697408,164223.08262010588
2024-12-04 07:30:00,164223.52521751216,164223.0800491045
2024-12-04 11:30:00,164227.0620825942,164223.0765493458
2024-12-04 15:30:00,164238.01148994104,164223.14897097243
2024-12-04 19:30:00,164225.9664850711,164223.16593730653
2024-12-04 23:30:00,164211.73054361835,164223.12019537317
2024-12-05 03:30:00,164221.46459338488,164223.13115230028
2024-12-05 07:30:00,164220.17371856884,164223.07791544823
2024-12-05 11:30:00,164222.05268746443,164223.0720016217
2024-12-05 15:30:00,164223.6362549126,164223.06867029885
2024-12-05 19:30:00,164224.7142531608,164223.0716093036
2024-12-05 23:30:00,164221.76514690588,164223.0591066493
2024-12-06 03:30:00,164227.2072151932,164223.0780203336
2024-12-06 07:30:00,164214.99382926154,164222.99581342036
2024-12-06 11:30:00,164212.56054941847,164222.9587993265
2024-12-06 15:30:00,164228.10097354712,164222.94671834903
2024-12-06 19:30:00,164231.90547905565,164222.98238380183
2024-12-06 23:30:00,164223.65959500475,164223.0513684435
2024-12-07 03:30:00,164223.35105458862,164223.10213733377
2024-12-07 07:30:00,164228.31362411374,164223.25415645388
2024-12-07 11:30:00,164223.3806387341,164223.34112994946
2024-12-07 15:30:00,164221.1821493092,164223.40708215925
2024-12-07 19:30:00,164225.87322516687,164223.40775439865
2024-12-07 23:30:00,164213.3054367704,164223.27674105653
2024-12-08 03:30:00,164219.59663487537,164223.23800426704
2024-12-08 07:30:00,164231.1428654743,164223.2567402123
2024-12-08 11:30:00,164218.85654550896,164223.2302255896
2024-12-08 15:30:00,164215.63471706884,164223.14491651667
2024-12-08 19:30:00,164234.20396398762,164223.18731870584
2024-12-08 23:30:00,164228.7496937397,164223.204309206
2024-12-09 03:30:00,164222.4098615986,164223.21133142966
2024-12-09 07:30:00,164231.10302237197,164223.24587242486
2024-12-09 11:30:00,164230.7674929835,164223.29916224026
2024-12-09 15:30:00,164222.59994476466,164223.34310417727
2024-12-09 19:30:00,164230.13050929035,164223.4231691988
2024-12-09 23:30:00,164223.8280368482,164223.45753581953
2024-12-10 03:30:00,164220.905028252,164223.53280742042
2024-12-10 07:30:00,164226.3495511853,164223.56294042035
2024-12-10 11:30:00,164226.21357532413,164223.59612239903
2024-12-10 15:30:00,164211.26723198246,164223.5588442251
2024-12-10 19:30:00,164220.616503908,164223.52048588483
2024-12-10 23:30:00,164223.7047555521,164223.52165662564
2024-12-11 03:30:00,164216.03945713397,164223.5156160598
2024-12-11 07:30:00,164220.00202205547,164223.5165460055
2024-12-11 11:30:00,164223.6976631611,164223.57300957286
2024-12-11 15:30:00,164225.77105648394,164223.63880984392
2024-12-11 19:30:00,164229.63871286585,164223.70276488445
2024-12-11 23:30:00,164233.33071697378,164223.71289137512
2024-12-12 03:30:00,164226.98077222265,164223.71423450176
2024-12-12 07:30:00,164223.8726047861,164223.69266109783
2024-12-12 11:30:00,164226.53950906952,164223.69268310064
2024-12-12 15:30:00,164213.00015908826,164223.6641567738
2024-12-12 19:30:00,164214.8649868883,164223.59747053304
2024-12-12 23:30:00,164220.8200348947,164223.5296447292
2024-12-13 03:30:00,164232.11837821276,164223.5761163029
2024-12-13 07:30:00,164222.6510330683,164223.5793051438
2024-12-13 11:30:00,164225.49912773448,164223.58304984012
2024-12-13 15:30:00,164217.56202438648,164223.5405679238
2024-12-13 19:30:00,164218.34347222451,164223.5350924246
2024-12-13 23:30:00,164220.83324230995,164223.5509346293
2024-12-14 03:30:00,164219.23473569754,164223.63349965427
2024-12-14 07:30:00,164219.6816342347,164223.73317867017
2024-12-14 11:30:00,164216.9193880922,164223.76365955122
2024-12-14 15:30:00,164209.32747551703,164223.71625659394
2024-12-14 19:30:00,164200.16841047147,164223.45744506601
2024-12-14 23:30:00,164211.4565042598,164223.2560146039
2024-12-15 03:30:00,164241.48374766874,164223.29797320085
2024-12-15 07:30:00,164237.12080168497,164223.3959798543
2024-12-15 11:30:00,164232.87390689435,164223.37971068308
2024-12-15 15:30:00,164249.39843805105,164223.39822742823
2024-12-15 19:30:00,164265.00451334438,164223.61140238255
2024-12-15 23:30:00,164247.92970954705,164223.72667380027
2024-12-16 03:30:00,164222.99154891423,164223.68976760143
2024-12-16 07:30:00,164222.66239966883,164223.68269482447
2024-12-16 11:30:00,164224.51331623376,164223.7270417761
2024-12-16 15:30:00,164207.2831609538,164223.64948188505
2024-12-16 19:30:00,164199.6931013411,164223.60567256622
2024-12-16 23:30:00,164210.5014886136,164223.7072861333
2024-12-17 03:30:00,164212.47443079844,164223.72907888083
2024-12-17 07:30:00,164230.8065658824,164223.77547566287
2024-12-17 11:30:00,164233.99191198585,164223.85721447688
2024-12-17 15:30:00,164223.3422917416,164223.70352023348
2024-12-17 19:30:00,164234.958119483,164223.60576660256
2024-12-17 23:30:00,164226.75900560868,164223.6168404744
2024-12-18 03:30:00,164235.08656659807,164223.6597903511
2024-12-18 07:30:00,164219.24381648263,164223.68924276656
2024-12-18 11:30:00,164222.16868442853,164223.7764231858
2024-12-18 15:30:00,164231.39735784504,164223.87527397415
2024-12-18 19:30:00,164228.92007940376,164223.97616289416
2024-12-18 23:30:00,164224.30496124516,164224.02911458022
2024-12-19 03:30:00,164230.95793709657,164224.0389630301
2024-12-19 07:30:00,164233.207364089,164224.04679236107
2024-12-19 11:30:00,164226.7274740627,164224.03548442072
2024-12-19 15:30:00,164219.44514174142,164223.97239491832
2024-12-19 19:30:00,164201.80998876525,164223.8681130094
2024-12-19 23:30:00,164213.61927952286,164223.85471103745
2024-12-20 03:30:00,164213.77679607458,164223.79877948048
2024-12-20 07:30:00,164226.6208960293,164223.84575222988
2024-12-20 11:30:00,164226.5934490037,164223.92723094748
2024-12-20 15:30:00,164232.85969962395,164224.0351731129
2024-12-20 19:30:00,164250.06037612227,164224.1392117443
2024-12-20 23:30:00,164225.90679330463,164224.14926215674
2024-12-21 03:30:00,164224.7727066338,164224.19432452493
2024-12-21 07:30:00,164234.76766052327,164224.18227120294
2024-12-21 11:30:00,164226.98746618937,164224.10917625672
2024-12-21 15:30:00,164217.58578411638,164223.9882168381
2024-12-21 19:30:00,164224.05178618943,164223.90346875985
2024-12-21 23:30:00,164217.0427470889,164223.85047285276
2024-12-22 03:30:00,164226.17240851594,164223.7598487158
2024-12-22 07:30:00,164235.15150366095,164223.76809427666
2024-12-22 11:30:00,164220.61554890298,164223.6448858288
2024-12-22 15:30:00,164218.08269923244,164223.4944397797
2024-12-22 19:30:00,164211.03621460096,164223.3835687488
2024-12-22 23:30:00,164221.31088295963,164223.3988245447
2024-12-23 03:30:00,164219.80936441917,164223.43123841443
2024-12-23 07:30:00,164207.20185918815,164223.29637924823
2024-12-23 11:30:00,164211.41753003656,164223.30811352096
2024-12-23 15:30:00,164214.6682424076,164223.27689811826
2024-12-23 19:30:00,164214.43031213625,164223.23296492317
2024-12-23 23:30:00,164216.53316028972,164223.28922024136
2024-12-24 03:30:00,164225.71381165413,164223.37899896695
2024-12-24 07:30:00,164228.10309842744,164223.4160478537
2024-12-24 11:30:00,164208.4297522769,164223.37389778043
2024-12-24 15:30:00,164203.46091421877,164223.34406115772
2024-12-24 19:30:00,164206.80117622344,164223.26998450127
2024-12-24 23:30:00,164203.78994721267,164223.20948261637
2024-12-25 03:30:00,164213.70773314146,164223.16794681578
2024-12-25 07:30:00,164212.92577866543,164223.09783428488
2024-12-25 11:30:00,164234.34631777013,164223.1603258598
2024-12-25 15:30:00,164240.4786023344,164223.30315018925
2024-12-25 19:30:00,164260.2973448241,164223.54022177507
2024-12-25 23:30:00,164247.74568642167,164223.6763476529
2024-12-26 03:30:00,164236.0803425154,164223.79159708382
2024-12-26 07:30:00,164241.1749233136,164223.8872531754
2024-12-26 11:30:00,164235.15227027005,164223.91106830223
2024-12-26 15:30:00,164216.89710690276,164223.89864776653
2024-12-26 19:30:00,164220.12424900712,164223.88841717053
2024-12-26 23:30:00,164212.97280566866,164223.78739900273
2024-12-27 03:30:00,164216.85449198936,164223.716189517
2024-12-27 07:30:00,164213.6239236913,164223.65238393203
2024-12-27 11:30:00,164210.25689153996,164223.55517987424
2024-12-27 15:30:00,164206.93988916665,164223.49297318447
2024-12-27 19:30:00,164197.81015961184,164223.46131625597
2024-12-27 23:30:00,164209.91912358615,164223.43021446324
2024-12-28 03:30:00,164221.1068445127,164223.4380805971
2024-12-28 07:30:00,164217.93026682237,164223.42519535715
2024-12-28 11:30:00,164226.89675097205,164223.43813799875
2024-12-28 15:30:00,164214.9078784562,164223.41306038504
2024-12-28 19:30:00,164206.18011930102,164223.3955794123
2024-12-28 23:30:00,164217.7157305525,164223.37921516187
2024-12-29 03:30:00,164213.2907378689,164223.29306051342
2024-12-29 07:30:00,164221.1115648093,164223.25059516708
2024-12-29 11:30:00,164229.94599448997,164223.23593359653
2024-12-29 15:30:00,164229.57128143834,164223.20864575877
2024-12-29 19:30:00,164251.01886838456,164223.36355852213
2024-12-29 23:30:00,164236.5950750329,164223.43782202638
2024-12-30 03:30:00,164236.10933174813,164223.48614751376
2024-12-30 07:30:00,164234.19570413206,164223.52054191777
2024-12-30 11:30:00,164229.0467906256,164223.51205403218
2024-12-30 15:30:00,164224.89009623285,164223.48880044502
2024-12-30 19:30:00,164226.00134184348,164223.48938456018
2024-12-30 23:30:00,164222.6968668565,164223.47911034495
2024-12-31 03:30:00,164222.5384039175,164223.44840670173
2024-12-31 07:30:00,164215.62467583854,164223.39266330446
2024-12-31 11:30:00,164214.6907999763,164223.318721686
2024-12-31 15:30:00,164205.44691314682,164223.18194481847
2024-12-31 19:30:00,164218.42008216787,164223.21520589857
2024-12-31 23:30:00,164221.2425023703,164223.2394720573
2025-01-01 03:30:00,164225.02655728906,164223.1994866903
2025-01-01 07:30:00,164229.2424750602,164223.22970961043
2025-01-01 11:30:00,164226.6536628853,164223.25645116554
2025-01-01 15:30:00,164218.52872100758,164223.17920002507
2025-01-01 19:30:00,164211.59292576055,164223.06860370524
2025-01-01 23:30:00,164218.45919412377,164223.02875781953
2025-01-02 03:30:00,164225.83058058345,164223.0369734966
2025-01-02 07:30:00,164234.10068097783,164223.1135074413
2025-01-02 11:30:00,164229.3147658608,164223.1768816577
2025-01-02 15:30:00,164234.23762345596,164223.24864473316
2025-01-02 19:30:00,164243.61925915186,164223.43965698878
2025-01-02 23:30:00,164224.52517380033,164223.46251749122
2025-01-03 03:30:00,164231.9915654153,164223.4578135783
2025-01-03 07:30:00,164228.52098673015,164223.48556785175
2025-01-03 11:30:00,164224.6973813857,164223.47243062282
2025-01-03 15:30:00,164221.06793435581,164223.37829975845
2025-01-03 19:30:00,164218.85967298786,164223.3388174691
2025-01-03 23:30:00,164223.49265209128,164223.40416251618
2025-01-04 03:30:00,164230.85623123718,164223.456338282
2025-01-04 07:30:00,164230.1470073205,164223.51174544173
2025-01-04 11:30:00,164220.20471580522,164223.5014789325
2025-01-04 15:30:00,164218.7546446269,164223.47435887536
2025-01-04 19:30:00,164206.61524584307,164223.3738088347
2025-01-04 23:30:00,164208.9022730331,164223.30234842433
2025-01-05 03:30:00,164218.90563655112,164223.25622854294
2025-01-05 07:30:00,164227.95846700357,164223.32825430823
2025-01-05 11:30:00,164222.1207425486,164223.38136649228
2025-01-05 15:30:00,164212.8650485684,164223.2967224646
2025-01-05 19:30:00,164236.94940664712,164223.3247442846
2025-01-05 23:30:00,164225.61179639076,164223.33558984782
2025-01-06 03:30:00,164221.14013704102,164223.32330697254
2025-01-06 07:30:00,164223.2531342895,164223.2951931402
2025-01-06 11:30:00,164226.56102942425,164223.31286197735
2025-01-06 15:30:00,164221.43416707544,164223.31426207608
2025-01-06 19:30:00,164225.6466918311,164223.31300355753
2025-01-06 23:30:00,164218.15349018056,164223.3399371876
2025-01-07 03:30:00,164218.82310042746,164223.33563977398
2025-01-07 07:30:00,164230.49463157824,164223.3320384746
2025-01-07 11:30:00,164228.510174142,164223.38566974475
2025-01-07 15:30:00,164220.19198338868,164223.41098789097
2025-01-07 19:30:00,164225.49840754495,164223.3626236885
2025-01-07 23:30:00,164231.71431304555,164223.37909379575
2025-01-08 03:30:00,164224.6584749649,164223.39158609224
2025-01-08 07:30:00,164223.37195074488,164223.34863569433
2025-01-08 11:30:00,164225.56386240877,164223.31972663556
2025-01-08 15:30:00,164223.3568817335,164223.32393184095
2025-01-08 19:30:00,164227.3127211073,164223.30827746217
2025-01-08 23:30:00,164223.0710952973,164223.30407223132
2025-01-09 03:30:00,164224.98258784995,164223.3267253402
2025-01-09 07:30:00,164223.64877842562,164223.3117210471
2025-01-09 11:30:00,164221.12951660584,164223.2834762764
2025-01-09 15:30:00,164222.943695272,164223.34834551695
2025-01-09 19:30:00,164230.25850288608,164223.40191217794
2025-01-09 23:30:00,164227.77666873916,164223.42453391786
2025-01-10 03:30:00,164228.50533872304,164223.49378881557
2025-01-10 07:30:00,164220.5036638358,164223.49657571435
2025-01-10 11:30:00,164223.54323387536,164223.49571777385
2025-01-10 15:30:00,164203.9578220217,164223.37453313798
2025-01-10 19:30:00,164209.72364087283,164223.26389384913
2025-01-10 23:30:00,164218.7645785396,164223.18297085783
2025-01-11 03:30:00,164222.819281959,164223.15985146744
2025-01-11 07:30:00,164226.24594829764,164223.1730367092
2025-01-11 11:30:00,164228.3525884871,164223.18310937262
2025-01-11 15:30:00,164232.78165786745,164223.29300658806
2025-01-11 19:30:00,164211.20909675787,164223.27269608734
2025-01-11 23:30:00,164212.6764819468,164223.2274541265
2025-01-12 03:30:00,164215.43821638232,164223.13478656078
2025-01-12 07:30:00,164221.1508385112,164223.1264521466
2025-01-12 11:30:00,164225.73843613785,164223.12778163768
2025-01-12 15:30:00,164223.19609844216,164223.15908204913
2025-01-12 19:30:00,164219.69192043683,164223.16657342808
2025-01-12 23:30:00,164226.36908065164,164223.19732808552
2025-01-13 03:30:00,164227.80162842633,164223.24492193403
2025-01-13 07:30:00,164231.00233743803,164223.30781472963
2025-01-13 11:30:00,164231.8657748806,164223.39085021178
2025-01-13 15:30:00,164237.64169806935,164223.5481514482
2025-01-13 19:30:00,164233.63392377677,164223.73407096654
2025-01-13 23:30:00,164221.62430321172,164223.79055873852
2025-01-14 03:30:00,164225.25145135,164223.7003793145
2025-01-14 07:30:00,164219.4620691203,164223.6022752447
2025-01-14 11:30:00,164225.65088130592,164223.56214732473
2025-01-14 15:30:00,164214.78844813106,164223.36986960296
2025-01-14 19:30:00,164210.55571300417,164223.06737626778
2025-01-14 23:30:00,164213.3182002158,164222.8750901048
2025-01-15 03:30:00,164224.36547579395,164222.88272303191
2025-01-15 07:30:00,164221.09037901324,164222.87398958387
2025-01-15 11:30:00,164215.8846353362,164222.82605246775
2025-01-15 15:30:00,164233.29069030777,164222.97053874194
2025-01-15 19:30:00,164254.75540619035,164223.27644043553
2025-01-15 23:30:00,164236.46191557578,164223.4206650298
2025-01-16 03:30:00,164219.66024117044,164223.4605861985
2025-01-16 07:30:00,164222.2671340346,164223.41314491045
2025-01-16 11:30:00,164234.60104278894,164223.41652897047
2025-01-16 15:30:00,164219.34013354187,164223.39429475824
2025-01-16 19:30:00,164211.5850059639,164223.2644441276
2025-01-16 23:30:00,164225.46304767666,164223.25724436127
2025-01-17 03:30:00,164237.7554741377,164223.27207162543
2025-01-17 07:30:00,164224.35781403066,164223.3004827229
2025-01-17 11:30:00,164218.27831512023,164223.27886956008
2025-01-17 15:30:00,164228.15938225717,164223.2608808068
2025-01-17 19:30:00,164239.4299454653,164223.3192689516
2025-01-17 23:30:00,164223.65135089043,164223.31563778294
2025-01-18 03:30:00,164218.30745535454,164223.24535732882
2025-01-18 07:30:00,164228.55474248595,164223.21950943104
2025-01-18 11:30:00,164224.84776573488,164223.20906660697
2025-01-18 15:30:00,164218.58869665535,164223.20430857874
2025-01-18 19:30:00,164208.84345859825,164223.2433834111
2025-01-18 23:30:00,164214.69528899694,164223.24936124153
2025-01-19 03:30:00,164222.97425868284,164223.30045825604
2025-01-19 07:30:00,164217.74315791938,164223.25113748878
2025-01-19 11:30:00,164217.8249558072,164223.20242363765
2025-01-19 15:30:00,164226.8448122684,164223.16900759682
2025-01-19 19:30:00,164243.56188899238,164223.13290489055
2025-01-19 23:30:00,164236.3983811556,164223.1911914897
2025-01-20 03:30:00,164226.34505575013,164223.19992676258
2025-01-20 07:30:00,164232.0425466244,164223.18478724093
2025-01-20 11:30:00,164238.40823201375,164223.24823593994
2025-01-20 15:30:00,164218.7427128281,164223.25466332168
2025-01-20 19:30:00,164214.1818937982,164223.19983058618
2025-01-20 23:30:00,164213.3043747299,164223.17906185085
2025-01-21 03:30:00,164230.9801401875,164223.20577147123
2025-01-21 07:30:00,164212.84571137247,164223.08185040296
2025-01-21 11:30:00,164201.81007134187,164222.9773755276
2025-01-21 15:30:00,164221.4600279437,164222.99613846492
2025-01-21 19:30:00,164246.02006462586,164223.19049318729
2025-01-21 23:30:00,164227.7915638451,164223.22649696996
2025-01-22 03:30:00,164218.09952375764,164223.2169978552
2025-01-22 07:30:00,164243.57403925614,164223.4190655222
2025-01-22 11:30:00,164251.31888806363,164223.6407397335
2025-01-22 15:30:00,164239.97546657993,164223.78133542335
2025-01-22 19:30:00,164244.364514862,164223.9476365496
2025-01-22 23:30:00,164232.24428964275,164224.03492060152
2025-01-23 03:30:00,164237.3514676456,164224.09957424595
2025-01-23 07:30:00,164224.77879953725,164224.08110591877
2025-01-23 11:30:00,164222.32755522928,164224.1583159352
2025-01-23 15:30:00,164211.8621202614,164224.2049893021
2025-01-23 19:30:00,164224.42842244438,164224.30291844773
2025-01-23 23:30:00,164224.084543431,164224.41566620453
2025-01-24 03:30:00,164217.5466322136,164224.43699342158
2025-01-24 07:30:00,164221.88816536014,164224.48678445877
2025-01-24 11:30:00,164234.6892655082,164224.488689724
2025-01-24 15:30:00,164219.16801009278,164224.37029754487
2025-01-24 19:30:00,164195.61619884276,164224.010957845
2025-01-24 23:30:00,164204.21080975776,164223.76909741908
2025-01-25 03:30:00,164228.15631603764,164223.72507504976
2025-01-25 07:30:00,164223.80938190926,164223.62859981973
2025-01-25 11:30:00,164203.95221871298,164223.45526619995
2025-01-25 15:30:00,164218.65909475298,164223.46505502134
2025-01-25 19:30:00,164254.16621095143,164223.65417703218
2025-01-25 23:30:00,164234.15811241994,164223.77187318075
2025-01-26 03:30:00,164220.94243358338,164223.7945839674
2025-01-26 07:30:00,164225.91288004487,164223.86285594717
2025-01-26 11:30:00,164243.10700022653,164224.04535655098
2025-01-26 15:30:00,164214.22745311633,164224.08584301735
2025-01-26 19:30:00,164206.12525685984,164224.13203800208
2025-01-26 23:30:00,164215.97421145675,164224.1656773791
2025-01-27 03:30:00,164221.06023837326,164224.1654184561
2025-01-27 07:30:00,164230.00043632512,164224.23247495337
2025-01-27 11:30:00,164205.9223424177,164224.1159504614
2025-01-27 15:30:00,164224.25765186822,164224.16789364698
2025-01-27 19:30:00,164242.31150862362,164224.36862358768
2025-01-27 23:30:00,164236.5016822506,164224.472989986
2025-01-28 03:30:00,164230.99171032742,164224.5713287219
2025-01-28 07:30:00,164224.9297187168,164224.59254068809
2025-01-28 11:30:00,164233.5184563552,164224.6123876984
2025-01-28 15:30:00,164206.80492504634,164224.4859079407
2025-01-28 19:30:00,164198.53310070722,164224.19432034247
2025-01-28 23:30:00,164203.69346194796,164224.01153360307
2025-01-29 03:30:00,164210.702440698,164223.87038420842
2025-01-29 07:30:00,164220.1918620379,164223.79258508564
2025-01-29 11:30:00,164215.2494306574,164223.71593308583
2025-01-29 15:30:00,164243.05851087114,164223.8168687227
2025-01-29 19:30:00,164256.78418470392,164223.98788451636
2025-01-29 23:30:00,164238.5480206107,164224.07594648167
2025-01-30 03:30:00,164244.9368106407,164224.20038207457
2025-01-30 07:30:00,164229.0469899733,164224.27495048643
2025-01-30 11:30:00,164228.75446000343,164224.35308193104
2025-01-30 15:30:00,164217.2772412458,164224.41880597602
2025-01-30 19:30:00,164216.739357385,164224.4094686161
2025-01-30 23:30:00,164214.1584706828,164224.37011288453
2025-01-31 03:30:00,164222.06560121226,164224.35366312854
2025-01-31 07:30:00,164226.99484857664,164224.34117631477
2025-01-31 11:30:00,164211.04185754352,164224.25444406283
2025-01-31 15:30:00,164214.559662102,164224.2323937356
2025-01-31 19:30:00,164223.93018912984,164224.30093408766
2025-01-31 23:30:00,164227.2351357681,164224.349689319
2025-02-01 03:30:00,164226.20901089467,164224.3517917096
2025-02-01 07:30:00,164216.18296542286,164224.2522488454
2025-02-01 11:30:00,164222.5273172647,164224.2145407977
2025-02-01 15:30:00,164238.1860020588,164224.23647623433
2025-02-01 19:30:00,164231.0866864801,164224.16685083063
2025-02-01 23:30:00,164223.92564938433,164224.1635201394
2025-02-02 03:30:00,164235.88062803104,164224.18512604287
2025-02-02 07:30:00,164242.49848678077,164224.26277882088
2025-02-02 11:30:00,164230.481880472,164224.29491492693
2025-02-02 15:30:00,164223.7295802254,164224.30970184843
2025-02-02 19:30:00,164233.13581597034,164224.38901375388
2025-02-02 23:30:00,164230.98286671727,164224.43062605735
2025-02-03 03:30:00,164228.83417459813,164224.41939240939
2025-02-03 07:30:00,164221.4759956883,164224.37122012253
2025-02-03 11:30:00,164221.98622604946,164224.38111740167
2025-02-03 15:30:00,164230.83985107596,164224.44825743747
2025-02-03 19:30:00,164221.86173202287,164224.5329601385
2025-02-03 23:30:00,164216.42750341736,164224.57476697394
2025-02-04 03:30:00,164217.5451170843,164224.5672085325
2025-02-04 07:30:00,164226.22100078705,164224.5575559424
2025-02-04 11:30:00,164217.37368788835,164224.5311834165
2025-02-04 15:30:00,164211.0485211535,164224.52109159753
2025-02-04 19:30:00,164219.00710454886,164224.42141214138
2025-02-04 23:30:00,164222.4081676861,164224.40361420417
2025-02-05 03:30:00,164215.0217439617,164224.36962313153
2025-02-05 07:30:00,164218.4135761396,164224.34273669735
2025-02-05 11:30:00,164217.1512646866,164224.2904602266
2025-02-05 15:30:00,164226.0589021875,164224.3161531994
2025-02-05 19:30:00,164223.14364754534,164224.30224739786
2025-02-05 23:30:00,164219.08266359463,164224.30740947233
2025-02-06 03:30:00,164222.211747549,164224.32623528974
2025-02-06 07:30:00,164227.88030850244,164224.3117112726
2025-02-06 11:30:00,164227.1963653567,164224.30441233492
2025-02-06 15:30:00,164218.1528759835,164224.29308396048
2025-02-06 19:30:00,164235.89805568807,164224.35085978344
2025-02-06 23:30:00,164240.07304725845,164224.39729719574
2025-02-07 03:30:00,164230.7769551453,164224.4312887523
2025-02-07 07:30:00,164215.14550392525,164224.38558627
2025-02-07 11:30:00,164215.5983248593,164224.3302221725
2025-02-07 15:30:00,164216.23129635616,164224.29063558704
2025-02-07 19:30:00,164215.99314913314,164224.2277490761
2025-02-07 23:30:00,164217.0632854576,164224.19437235477
2025-02-08 03:30:00,164211.07224053403,164224.11709264742
2025-02-08 07:30:00,164209.62628808885,164224.03918992335
2025-02-08 11:30:00,164213.3749241866,164223.99610885436
2025-02-08 15:30:00,164208.0700258917,164223.91347735777
2025-02-08 19:30:00,164210.11183318435,164223.801551415
2025-02-08 23:30:00,164221.20736870117,164223.7650553037
2025-02-09 03:30:00,164228.27140674755,164223.7637556816
2025-02-09 07:30:00,164221.30814841457,164223.76822504037
2025-02-09 11:30:00,164219.42922680112,164223.74536944553
2025-02-09 15:30:00,164222.74442384404,164223.84973945565
2025-02-09 19:30:00,164230.0259817008,164223.962530238
2025-02-09 23:30:00,164223.36727636447,164223.98810078148
2025-02-10 03:30:00,164225.85392530105,164224.00495991117
2025-02-10 07:30:00,164229.27242653052,164224.02177367912
2025-02-10 11:30:00,164221.64625266133,164223.98451625786
2025-02-10 15:30:00,164214.36867750785,164223.88222192254
2025-02-10 19:30:00,164193.76538002497,164223.78531238515
2025-02-10 23:30:00,164215.84166598285,164223.8028967409
2025-02-11 03:30:00,164221.75106630454,164223.83796812937
2025-02-11 07:30:00,164229.1506245566,164223.88241138516
2025-02-11 11:30:00,164227.3179105589,164223.89118624307
2025-02-11 15:30:00,164224.71956944588,164223.89964997087
2025-02-11 19:30:00,164227.81228731677,164223.94476312018
2025-02-11 23:30:00,164232.3321747936,164223.97789142097
2025-02-12 03:30:00,164223.39594573935,164223.95341540605
2025-02-12 07:30:00,164222.31554191766,164223.90515543093
2025-02-12 11:30:00,164225.58441450945,164223.87025898442
2025-02-12 15:30:00,164235.05967036777,164223.85591438605
2025-02-12 19:30:00,164229.8673916247,164223.83498920745
2025-02-12 23:30:00,164225.76255972686,164223.85797952142
2025-02-13 03:30:00,164225.72828173527,164223.8606285791
2025-02-13 07:30:00,164225.47244930887,164223.89401958016
2025-02-13 11:30:00,164217.2110024167,164223.84713136413
2025-02-13 15:30:00,164213.02263283342,164223.83732127913
2025-02-13 19:30:00,164214.80642516498,164223.8609363467
2025-02-13 23:30:00,164222.14847858905,164223.90999344876
2025-02-14 03:30:00,164218.9320804331,164223.87980791897
2025-02-14 07:30:00,164223.71117579256,164223.89436790108
2025-02-14 11:30:00,164227.77169988988,164223.96040714864
2025-02-14 15:30:00,164238.60961377446,164223.98995672344
2025-02-14 19:30:00,164228.10748128238,164223.8419126962
2025-02-14 23:30:00,164230.29987350095,164223.80767912907
2025-02-15 03:30:00,164230.48386565023,164223.8678103762
2025-02-15 07:30:00,164227.70983673912,164223.89804761347
2025-02-15 11:30:00,164225.63679830215,164223.84824625516
2025-02-15 15:30:00,164228.73926007038,164223.9004636248
2025-02-15 19:30:00,164228.9016418597,164223.99666715754
2025-02-15 23:30:00,164221.37364745903,164223.97394826746
2025-02-16 03:30:00,164215.31984742422,164223.8493058968
2025-02-16 07:30:00,164217.57382676384,164223.81161707867
2025-02-16 11:30:00,164222.52332847862,164223.8352004862
2025-02-16 15:30:00,164229.59703658157,164223.84318745465
2025-02-16 19:30:00,164230.0121318972,164223.7908662682
2025-02-16 23:30:00,164231.35267212766,164223.8336513862
2025-02-17 03:30:00,164237.8195198588,164223.94205174455
2025-02-17 07:30:00,164237.33048446133,164223.9908058666
2025-02-17 11:30:00,164226.95143291968,164224.00249290655
2025-02-17 15:30:00,164220.837848678,164224.01498819553
2025-02-17 19:30:00,164219.39222579414,164224.07359245777
2025-02-17 23:30:00,164224.3075572175,164224.12699394787
2025-02-18 03:30:00,164223.9265513337,164224.1322844626
2025-02-18 07:30:00,164215.04163480637,164224.11727600085
2025-02-18 11:30:00,164217.3581388349,164224.1146825732
2025-02-18 15:30:00,164234.2118830153,164224.15561074403
2025-02-18 19:30:00,164233.85989708608,164224.101710789
2025-02-18 23:30:00,164223.27047799565,164224.0287779937
2025-02-19 03:30:00,164225.34926820186,164224.02324584062
2025-02-19 07:30:00,164232.88233284626,164224.02791131963
2025-02-19 11:30:00,164209.71734551986,164223.86851750576
2025-02-19 15:30:00,164207.64288234408,164223.8068517809
2025-02-19 19:30:00,164219.95184704097,164223.83890707663
2025-02-19 23:30:00,164218.6466092659,164223.86858615745
2025-02-20 03:30:00,164223.57339528165,164223.8274375746
2025-02-20 07:30:00,164227.34158745874,164223.9079702195
2025-02-20 11:30:00,164235.00429198937,164224.09238255647
2025-02-20 15:30:00,164241.24670963763,164224.20230856584
2025-02-20 19:30:00,164244.20566929487,164224.1922285918
2025-02-20 23:30:00,164232.11040181117,164224.21622213608
2025-02-21 03:30:00,164231.0933033809,164224.28840980068
2025-02-21 07:30:00,164232.15267601825,164224.22495778266
2025-02-21 11:30:00,164212.9623113155,164224.0118656896
2025-02-21 15:30:00,164204.21197738964,164223.81317963853
2025-02-21 19:30:00,164215.95951004358,164223.65537405622
2025-02-21 23:30:00,164227.08072277656,164223.62668757362
2025-02-22 03:30:00,164223.49886976433,164223.54972869653
2025-02-22 07:30:00,164219.98408565123,164223.52309139713
2025-02-22 11:30:00,164218.1311517207,164223.49977804432
2025-02-22 15:30:00,164222.47419970657,164223.55873404123
2025-02-22 19:30:00,164218.77258789714,164223.5273127382
2025-02-22 23:30:00,164224.0109188889,164223.52690371298
2025-02-23 03:30:00,164219.85349980596,164223.539719644
2025-02-23 07:30:00,164227.74071348537,164223.5722338003
2025-02-23 11:30:00,164228.52046980092,164223.537962713
2025-02-23 15:30:00,164226.3531361989,164223.57788008027
2025-02-23 19:30:00,164231.4507494704,164223.7769609171
2025-02-23 23:30:00,164221.16379616567,164223.87114417492
2025-02-24 03:30:00,164225.98381048013,164223.8590746996
2025-02-24 07:30:00,164224.46236672957,164223.86270239306
2025-02-24 11:30:00,164224.37075964513,164223.97613873155
2025-02-24 15:30:00,164220.83779956322,164223.98824264714
2025-02-24 19:30:00,164227.11664741935,164223.83796729424
2025-02-24 23:30:00,164232.27923324707,164223.8275290766
2025-02-25 03:30:00,164224.17506196728,164223.84548812316
2025-02-25 07:30:00,164223.37093590744,164223.83136621126
2025-02-25 11:30:00,164208.26701216027,164223.63781072202
2025-02-25 15:30:00,164197.5121887072,164223.544948142
2025-02-25 19:30:00,164212.60902452204,164223.58096907346
2025-02-25 23:30:00,164224.32375913108,164223.62735544943
2025-02-26 03:30:00,164222.82759706266,164223.6371741088
2025-02-26 07:30:00,164226.38835972815,164223.6171070166
2025-02-26 11:30:00,164243.36682759982,164223.82513193428
2025-02-26 15:30:00,164265.7128750831,164224.0554387299
2025-02-26 19:30:00,164237.09813144684,164224.0264755234
2025-02-26 23:30:00,164229.23762724941,164223.98611966227
2025-02-27 03:30:00,164225.11276874642,164223.9534588757
2025-02-27 07:30:00,164212.47203050746,164223.88424949674
2025-02-27 11:30:00,164203.3190639818,164223.71647509467
2025-02-27 15:30:00,164203.04818286392,164223.69560430478
2025-02-27 19:30:00,164209.7950197838,164223.75817052188
2025-02-27 23:30:00,164225.101614347,164223.87710470188
2025-02-28 03:30:00,164234.75947189608,164224.01075487517
2025-02-28 07:30:00,164230.24018492273,164224.0665788912
2025-02-28 11:30:00,164235.89622636372,164224.18128331177
2025-02-28 15:30:00,164250.76795774646,164224.22411357224
2025-02-28 19:30:00,164229.40887930527,164224.07202854223
2025-02-28 23:30:00,164225.74643779214,164224.00090863765
2025-03-01 03:30:00,164235.04165456363,164223.94593554837
2025-03-01 07:30:00,164226.73474853815,164223.9330897626
2025-03-01 11:30:00,164220.10012743782,164223.88501013722
2025-03-01 15:30:00,164220.68799948046,164223.90395879414
2025-03-01 19:30:00,164231.20740753907,164223.98433685052
2025-03-01 23:30:00,164236.36809398807,164224.10772364665
2025-03-02 03:30:00,164237.39666522897,164224.19289622453
2025-03-02 07:30:00,164227.260143834,164224.19437008706
2025-03-02 11:30:00,164222.20295244246,164224.25637616985
2025-03-02 15:30:00,164252.3939704694,164224.46656677188
2025-03-02 19:30:00,164231.58700628547,164224.509104645
2025-03-02 23:30:00,164225.90567258187,164224.50171873835
2025-03-03 03:30:00,164250.3940001132,164224.6360797896
2025-03-03 07:30:00,164243.63884998765,164224.7886124816
2025-03-03 11:30:00,164212.6561617429,164224.7337727287
2025-03-03 15:30:00,164214.98633467822,164224.60488568773
2025-03-03 19:30:00,164223.4811238891,164224.56263256219
2025-03-03 23:30:00,164211.1632552488,164224.49173037257
2025-03-04 03:30:00,164212.3946545407,164224.36125274206
2025-03-04 07:30:00,164217.97197223397,164224.2249943279
2025-03-04 11:30:00,164215.27503262463,164224.14051183988
2025-03-04 15:30:00,164226.08250312446,164224.15358363374
2025-03-04 19:30:00,164233.74606192994,164224.1569738891
2025-03-04 23:30:00,164231.95544293858,164224.16237709034
2025-03-05 03:30:00,164225.62247096404,164224.14453429234
2025-03-05 07:30:00,164241.8902262914,164224.2579466846
2025-03-05 11:30:00,164234.6925384123,164224.32853730884
2025-03-05 15:30:00,164222.62461983404,164224.28289713524
2025-03-05 19:30:00,164234.6378445399,164224.35387553816
2025-03-05 23:30:00,164231.10559119246,164224.43542047022
2025-03-06 03:30:00,164229.56644310302,164224.50220561476
2025-03-06 07:30:00,164226.319446033,164224.50275253278
2025-03-06 11:30:00,164222.49280975145,164224.5311920987
2025-03-06 15:30:00,164228.65360978845,164224.62899814668
2025-03-06 19:30:00,164234.6685362477,164224.71600610059
2025-03-06 23:30:00,164230.8583976363,164224.76295182251
2025-03-07 03:30:00,164219.30303822714,164224.78673679064
2025-03-07 07:30:00,164213.2997235273,164224.75832649836
2025-03-07 11:30:00,164211.60116700325,164224.72749262233
2025-03-07 15:30:00,164209.583777375,164224.63596415118
2025-03-07 19:30:00,164225.89291888993,164224.65123788087
2025-03-07 23:30:00,164226.19548864113,164224.6907535756
2025-03-08 03:30:00,164211.54957007762,164224.63151925625
2025-03-08 07:30:00,164223.7227162974,164224.6084215218
2025-03-08 11:30:00,164225.96969762968,164224.6016067011
2025-03-08 15:30:00,164225.02622015076,164224.63979194645
2025-03-08 19:30:00,164237.219825564,164224.64713511243
2025-03-08 23:30:00,164240.61017192306,164224.65011913836
2025-03-09 03:30:00,164224.5283480208,164224.61540465432
2025-03-09 07:30:00,164226.0169559866,164224.67580161022
2025-03-09 11:30:00,164219.11018139723,164224.69531192433
2025-03-09 15:30:00,164215.38818279956,164224.69062796014
2025-03-09 19:30:00,164217.10710596986,164224.69681660924
2025-03-09 23:30:00,164231.54850032597,164224.77729002514
2025-03-10 03:30:00,164217.9273435567,164224.81537393085
2025-03-10 07:30:00,164220.98956294262,164224.87850323558
2025-03-10 11:30:00,164226.9150046995,164224.95372590507
2025-03-10 15:30:00,164222.13305625445,164225.03185385154
2025-03-10 19:30:00,164226.8885998783,164225.12505811095
2025-03-10 23:30:00,164228.6970099393,164225.16666722894
2025-03-11 03:30:00,164230.35037736665,164225.17821706572
2025-03-11 07:30:00,164220.40667389534,164225.17320887395
2025-03-11 11:30:00,164234.7994017831,164225.25859873497
2025-03-11 15:30:00,164230.1849419104,164225.29993494644
2025-03-11 19:30:00,164219.39104670446,164225.24085197423
2025-03-11 23:30:00,164228.87336331085,164225.27144134618
2025-03-12 03:30:00,164236.69618394534,164225.33167611645
2025-03-12 07:30:00,164233.51410064625,164225.35524097263
2025-03-12 11:30:00,164227.72585289786,164225.3890165295
2025-03-12 15:30:00,164232.95380841265,164225.49226725672
2025-03-12 19:30:00,164231.5803829665,164225.7023506064
2025-03-12 23:30:00,164234.45093155978,164225.80573541517
2025-03-13 03:30:00,164235.8856369065,164225.8842608074
2025-03-13 07:30:00,164222.5482271623,164225.8475808219
2025-03-13 11:30:00,164215.98477386715,164225.78461895135
2025-03-13 15:30:00,164223.810362758,164225.7795678031
2025-03-13 19:30:00,164222.47558038656,164225.74991943125
2025-03-13 23:30:00,164221.21976865004,164225.68818384156
2025-03-14 03:30:00,164229.7584101472,164225.72353086606
2025-03-14 07:30:00,164225.60954063965,164225.74183085895
2025-03-14 11:30:00,164226.23516302518,164225.74544612848
2025-03-14 15:30:00,164234.5313571541,164225.7425110551
2025-03-14 19:30:00,164218.82807400599,164225.68118151277
2025-03-14 23:30:00,164218.4766011556,164225.64070396512
2025-03-15 03:30:00,164219.92540086675,164225.60846573807
2025-03-15 07:30:00,164210.81014617693,164225.5270084985
2025-03-15 11:30:00,164215.43857393443,164225.51716167358
2025-03-15 15:30:00,164222.04623383362,164225.56729279025
2025-03-15 19:30:00,164218.68522773948,164225.58884169345
2025-03-15 23:30:00,164208.63029680235,164225.5137406835
2025-03-16 03:30:00,164228.9694191985,164225.56950367664
2025-03-16 07:30:00,164223.93468911338,164225.57074541732
2025-03-16 11:30:00,164211.38134604436,164225.47968789595
2025-03-16 15:30:00,164235.0953280621,164225.46016408643
2025-03-16 19:30:00,164243.8483988869,164225.54761362867
2025-03-16 23:30:00,164239.0814947213,164225.59640041325
2025-03-17 03:30:00,164239.02209131778,164225.6438350003
2025-03-17 07:30:00,164240.03221150363,164225.71229263788
2025-03-17 11:30:00,164231.81686381056,164225.74662633514
2025-03-17 15:30:00,164233.4457544307,164225.77277352603
2025-03-17 19:30:00,164228.96425364463,164225.7731213693
2025-03-17 23:30:00,164218.91984708808,164225.75948914496
2025-03-18 03:30:00,164224.0975959898,164225.80825441482
2025-03-18 07:30:00,164222.73118176116,164225.83690638698
2025-03-18 11:30:00,164216.6466114383,164225.804257959
2025-03-18 15:30:00,164224.8742900951,164225.77802047855
2025-03-18 19:30:00,164229.6313986999,164225.77590529408
2025-03-18 23:30:00,164224.6773689293,164225.7388202763
2025-03-19 03:30:00,164227.60980495915,164225.68209963798
2025-03-19 07:30:00,164229.0329726924,164225.6360023504
2025-03-19 11:30:00,164228.72935554702,164225.6458796983
2025-03-19 15:30:00,164229.72761453048,164225.6952672864
2025-03-19 19:30:00,164228.76313915214,164225.74732791615
2025-03-19 23:30:00,164216.7730870535,164225.7054697486
2025-03-20 03:30:00,164220.89678036765,164225.68863768765
2025-03-20 07:30:00,164230.80315168647,164225.77620167032
2025-03-20 11:30:00,164212.8500307834,164225.7511566256
2025-03-20 15:30:00,164220.64275168726,164225.67577256265
2025-03-20 19:30:00,164226.6298382843,164225.6356055693
2025-03-20 23:30:00,164228.17528971424,164225.6628545233
2025-03-21 03:30:00,164223.14896678887,164225.65063062657
2025-03-21 07:30:00,164242.12709323328,164225.70199040652
2025-03-21 11:30:00,164236.52930276905,164225.85094572455
2025-03-21 15:30:00,164227.14169008692,164225.95927243424
2025-03-21 19:30:00,164235.87265779928,164226.0477213829
2025-03-21 23:30:00,164230.91340946272,164226.11587027286
2025-03-22 03:30:00,164227.5185478431,164226.13778778713
2025-03-22 07:30:00,164231.49339591694,164226.16085338965
2025-03-22 11:30:00,164231.7627237847,164226.1428446774
2025-03-22 15:30:00,164232.60144885824,164226.09481545087
2025-03-22 19:30:00,164231.43722057913,164226.02387962464
2025-03-22 23:30:00,164225.90734321086,164225.989418188
2025-03-23 03:30:00,164205.3457197434,164225.84637605667
2025-03-23 07:30:00,164227.3431337794,164225.81965637754
2025-03-23 11:30:00,164224.43931645565,164225.8834175172
2025-03-23 15:30:00,164222.5298346524,164225.98518339093
2025-03-23 19:30:00,164233.1520961776,164226.08069775833
2025-03-23 23:30:00,164232.15069879842,164226.10886429177
2025-03-24 03:30:00,164221.2250525196,164226.09623197373
2025-03-24 07:30:00,164233.59458184554,164226.17184584148
2025-03-24 11:30:00,164234.99121218926,164226.26551284408
2025-03-24 15:30:00,164221.33321272043,164226.2591740275
2025-03-24 19:30:00,164218.76263598652,164226.25911873914
2025-03-24 23:30:00,164223.4687961016,164226.25610694586
2025-03-25 03:30:00,164222.13388495313,164226.26877575225
2025-03-25 07:30:00,164228.31998313553,164226.27199391695
2025-03-25 11:30:00,164232.36655005818,164226.2933610295
2025-03-25 15:30:00,164228.83491853267,164226.3071487091
2025-03-25 19:30:00,164226.8598248513,164226.28164357235
2025-03-25 23:30:00,164230.06549181713,164226.3310974371
2025-03-26 03:30:00,164235.8932980452,164226.3861501458
2025-03-26 07:30:00,164225.2243620154,164226.3903834529
2025-03-26 11:30:00,164231.8343960024,164226.43184809937
2025-03-26 15:30:00,164227.854772573,164226.47083128276
2025-03-26 19:30:00,164223.72382623923,164226.45198227616
2025-03-26 23:30:00,164230.2690340503,164226.44081450286
2025-03-27 03:30:00,164220.5058013628,164226.42042972174
2025-03-27 07:30:00,164218.18830168026,164226.39163730937
2025-03-27 11:30:00,164222.21600263295,164226.46913170087
2025-03-27 15:30:00,164221.50297732043,164226.60241385983
2025-03-27 19:30:00,164220.6465190361,164226.6470666071
2025-03-27 23:30:00,164226.9140979454,164226.66145737833
2025-03-28 03:30:00,164229.93712364964,164226.70095474826
2025-03-28 07:30:00,164212.19276933672,164226.62209035718
2025-03-28 11:30:00,164225.43332322844,164226.52245977736
2025-03-28 15:30:00,164228.6509010803,164226.3165599218
2025-03-28 19:30:00,164219.91200834015,164226.22108146004
2025-03-28 23:30:00,164225.10105227312,164226.19810048796
2025-03-29 03:30:00,164231.23363479308,164226.23210529936
2025-03-29 07:30:00,164222.88455874575,164226.28995267843
2025-03-29 11:30:00,164223.20513134505,164226.4004308305
2025-03-29 15:30:00,164233.90355774897,164226.57184957986
2025-03-29 19:30:00,164231.73713525012,164226.69375022128
2025-03-29 23:30:00,164235.77830791648,164226.7530651856
2025-03-30 03:30:00,164238.4407581894,164226.77351677613
2025-03-30 07:30:00,164235.62444301453,164226.80342932107
2025-03-30 11:30:00,164232.62464701882,164226.78525388028
2025-03-30 15:30:00,164240.16553490693,164226.72635153114
2025-03-30 19:30:00,164213.50656292576,164226.63800532903
2025-03-30 23:30:00,164220.19699311763,164226.60717508083
2025-03-31 03:30:00,164231.07678701283,164226.5851480389
2025-03-31 07:30:00,164224.34870496741,164226.57189224128
2025-03-31 11:30:00,164223.46226380536,164226.59057077667
2025-03-31 15:30:00,164234.3020924383,164226.6662046264
2025-03-31 19:30:00,164212.09172274606,164226.56000637758
2025-03-31 23:30:00,164205.65614407888,164226.38938443363
2025-04-01 03:30:00,164243.45700706544,164226.4230529994
2025-04-01 07:30:00,164220.03500875903,164226.38291336008
2025-04-01 11:30:00,164217.89370609153,164226.35897310256
2025-04-01 15:30:00,164227.97488885216,164226.22331153802
2025-04-01 19:30:00,164225.93842268817,164226.19193051802
2025-04-01 23:30:00,164209.20095316807,164226.0991265213
2025-04-02 03:30:00,164244.3832249541,164226.065733326
2025-04-02 07:30:00,164235.26690259465,164226.01922250714
2025-04-02 11:30:00,164218.21127018498,164226.0500842207
2025-04-02 15:30:00,164223.96721227482,164226.09997798514
2025-04-02 19:30:00,164231.40320577778,164226.14398955117
2025-04-02 23:30:00,164212.79699933654,164226.15306590722
2025-04-03 03:30:00,164214.61589970472,164226.16540615816
2025-04-03 07:30:00,164231.05352590652,164226.23808145628
2025-04-03 11:30:00,164223.19094444637,164226.2820587442
2025-04-03 15:30:00,164220.421654174,164226.2506095834
2025-04-03 19:30:00,164227.00980657618,164226.21318594253
2025-04-03 23:30:00,164215.64578193214,164226.12257671467
2025-04-04 03:30:00,164222.0996361423,164226.10300541014
2025-04-04 07:30:00,164233.44815103145,164226.056104992
2025-04-04 11:30:00,164227.86914254853,164226.01819723722
2025-04-04 15:30:00,164228.4097548266,164226.0503368761
2025-04-04 19:30:00,164228.06607103563,164226.01382702327
2025-04-04 23:30:00,164219.5507187007,164225.94963328724
2025-04-05 03:30:00,164222.07895525233,164225.9080361325
2025-04-05 07:30:00,164232.8390795664,164225.9442563188
2025-04-05 11:30:00,164226.87135927373,164225.96858159392
2025-04-05 15:30:00,164225.50993552626,164225.95111673692
2025-04-05 19:30:00,164234.26743591522,164225.9488884017
2025-04-05 23:30:00,164232.709103973,164225.9591701036
2025-04-06 03:30:00,164234.01090563758,164226.04088047807
2025-04-06 07:30:00,164237.0740921326,164226.17296030367
2025-04-06 11:30:00,164231.52459279177,164226.28364600247
2025-04-06 15:30:00,164217.42489911037,164226.3272077899
2025-04-06 19:30:00,164223.81937851425,164226.31568812113
2025-04-06 23:30:00,164227.6551406581,164226.32379729903
2025-04-07 03:30:00,164214.10748849806,164226.33800795692
2025-04-07 07:30:00,164224.17594169863,164226.34052587583
2025-04-07 11:30:00,164233.56510343766,164226.38272257478
2025-04-07 15:30:00,164228.74599848583,164226.40338800993
2025-04-07 19:30:00,164225.96003678907,164226.34083362788
2025-04-07 23:30:00,164232.1625306566,164226.2939022875
2025-04-08 03:30:00,164235.0279171993,164226.35223322737
2025-04-08 07:30:00,164225.22632911603,164226.3478408559
2025-04-08 11:30:00,164235.1493413505,164226.43694730007
2025-04-08 15:30:00,164222.58096073385,164226.47690717745
2025-04-08 19:30:00,164224.7129377625,164226.51916179853
2025-04-08 23:30:00,164226.80140582405,164226.49278905132
2025-04-09 03:30:00,164230.52876879933,164226.56279696935
2025-04-09 07:30:00,164230.60052348307,164226.61619119457
2025-04-09 11:30:00,164233.38315558597,164226.65212536615
2025-04-09 15:30:00,164236.0519841214,164226.7294527432
2025-04-09 19:30:00,164228.49029413477,164226.7383510446
2025-04-09 23:30:00,164232.3717765603,164226.7587664147
2025-04-10 03:30:00,164239.3116114783,164226.80855104866
2025-04-10 07:30:00,164207.4184495708,164226.73639424687
2025-04-10 11:30:00,164212.27487850795,164226.61125800645
2025-04-10 15:30:00,164205.815836801,164226.4758740892
2025-04-10 19:30:00,164211.61878690918,164226.4326948681
2025-04-10 23:30:00,164226.07365028758,164226.41714090685
2025-04-11 03:30:00,164227.85327980065,164226.36801366162
2025-04-11 07:30:00,164218.95016043074,164226.28710288263
2025-04-11 11:30:00,164222.893891067,164226.26025865023
2025-04-11 15:30:00,164232.32916123516,164226.25678838816
2025-04-11 19:30:00,164221.68600563225,164226.20181962516
2025-04-11 23:30:00,164231.35097108272,164226.18459762252
2025-04-12 03:30:00,164234.47218447697,164226.176745109
2025-04-12 07:30:00,164225.46930895487,164226.1929733412
2025-04-12 11:30:00,164234.00893474874,164226.29310756834
2025-04-12 15:30:00,164232.62969487274,164226.34210385787
2025-04-12 19:30:00,164234.60736532984,164226.40950266313
2025-04-12 23:30:00,164236.47577904357,164226.4942582764
2025-04-13 03:30:00,164231.7842008267,164226.50551266904
2025-04-13 07:30:00,164227.20672625938,164226.51438592252
2025-04-13 11:30:00,164224.64642482015,164226.50555959914
2025-04-13 15:30:00,164228.66820982177,164226.4729865584
2025-04-13 19:30:00,164222.74980097663,164226.49477393046
2025-04-13 23:30:00,164220.9428754749,164226.50847545447
2025-04-14 03:30:00,164224.28562142025,164226.53269890198
2025-04-14 07:30:00,164216.57636001293,164226.5647334233
2025-04-14 11:30:00,164217.1814024051,164226.57441580368
2025-04-14 15:30:00,164229.35942403236,164226.6150446381
2025-04-14 19:30:00,164221.6085964639,164226.63128557548
2025-04-14 23:30:00,164211.61922031903,164226.6478907061
2025-04-15 03:30:00,164220.80862555877,164226.60255296368
2025-04-15 07:30:00,164221.07552037635,164226.58666869294
2025-04-15 11:30:00,164205.99981264464,164226.5567712851
2025-04-15 15:30:00,164228.3644151621,164226.51937732458
2025-04-15 19:30:00,164223.62854983163,164226.40704482986
2025-04-15 23:30:00,164212.8484112838,164226.26130547738
2025-04-16 03:30:00,164225.06004978807,164226.18373858
2025-04-16 07:30:00,164223.3495708353,164226.09105724294
2025-04-16 11:30:00,164220.65353086923,164226.02903872664
2025-04-16 15:30:00,164231.77564401636,164226.01976033542
2025-04-16 19:30:00,164232.3943723893,164226.03881655066
2025-04-16 23:30:00,164221.73130970178,164226.05443578743
2025-04-17 03:30:00,164232.27925417808,164226.099889444
2025-04-17 07:30:00,164232.16285852814,164226.1522876483
2025-04-17 11:30:00,164223.09933846293,164226.1881361318
2025-04-17 15:30:00,164223.20900654982,164226.17888455652
2025-04-17 19:30:00,164226.96003242413,164226.16404363274
2025-04-17 23:30:00,164217.09285599133,164226.12190744976
2025-04-18 03:30:00,164229.36006624487,164226.1316311236
2025-04-18 07:30:00,164232.65131774457,164226.15173304052
2025-04-18 11:30:00,164219.07330042915,164226.09808828987
2025-04-18 15:30:00,164221.98804761094,164226.0550906959
2025-04-18 19:30:00,164232.27533125522,164226.07460287423
2025-04-18 23:30:00,164228.7236848304,164226.14099508413
2025-04-19 03:30:00,164231.99315913054,164226.2026416328
2025-04-19 07:30:00,164235.2078124831,164226.2271119705
2025-04-19 11:30:00,164224.3607875673,164226.29106061935
2025-04-19 15:30:00,164217.80338619006,164226.27528636658
2025-04-19 19:30:00,164228.8656217987,164226.2877073861
2025-04-19 23:30:00,164226.79281440686,164226.28002696775
2025-04-20 03:30:00,164233.06001140823,164226.33508832674
2025-04-20 07:30:00,164236.01192151083,164226.3011151505
2025-04-20 11:30:00,164227.32217685733,164226.24996445098
2025-04-20 15:30:00,164208.73739395378,164226.14771836135
2025-04-20 19:30:00,164226.01863855348,164226.09297381
2025-04-20 23:30:00,164224.43740234378,164226.05699599267
2025-04-21 03:30:00,164224.70506848715,164226.0413655518
2025-04-21 07:30:00,164237.2009680443,164226.07307428584
2025-04-21 11:30:00,164229.36542152407,164226.05975593993
2025-04-21 15:30:00,164209.11718477358,164225.92928780612
2025-04-21 19:30:00,164222.92487395686,164225.88199699158
2025-04-21 23:30:00,164228.84199085625,164225.8983005896
2025-04-22 03:30:00,164230.64354841778,164226.0388440822
2025-04-22 07:30:00,164228.6902360211,164226.04632798355
2025-04-22 11:30:00,164232.18392043974,164226.08935356126
2025-04-22 15:30:00,164202.4529290765,164225.97781519697
2025-04-22 19:30:00,164210.75853403064,164225.85340651835
2025-04-22 23:30:00,164228.18869058136,164225.8313953616
2025-04-23 03:30:00,164226.4418225351,164225.86037741727
2025-04-23 07:30:00,164223.04959467822,164225.8017941552
2025-04-23 11:30:00,164241.5839163115,164225.83842028922
2025-04-23 15:30:00,164230.53660189695,164225.8895502291
2025-04-23 19:30:00,164224.2644516818,164225.92011587182
2025-04-23 23:30:00,164236.9853919539,164225.99520807102
2025-04-24 03:30:00,164235.51530911488,164226.06954931637
2025-04-24 07:30:00,164227.21478797446,164226.06340934322
2025-04-24 11:30:00,164236.10612265923,164226.0841847466
2025-04-24 15:30:00,164231.75416960896,164226.10040280814
2025-04-24 19:30:00,164223.41828551394,164226.08128314512
2025-04-24 23:30:00,164234.69031591545,164226.10697661233
2025-04-25 03:30:00,164226.56985287895,164226.05517969473
2025-04-25 07:30:00,164220.40410549112,164226.02840049186
2025-04-25 11:30:00,164230.03405602498,164226.0183986031
2025-04-25 15:30:00,164231.2947131224,164226.03750938387
2025-04-25 19:30:00,164207.0164091348,164225.94469039998
2025-04-25 23:30:00,164226.27072472882,164225.92247757042
2025-04-26 03:30:00,164227.03826803932,164225.95876905197
2025-04-26 07:30:00,164228.9913166765,164226.01878580195
2025-04-26 11:30:00,164233.30652626787,164226.08039982212
2025-04-26 15:30:00,164236.9720875603,164226.16633932348
2025-04-26 19:30:00,164218.82300937636,164226.15620871424
2025-04-26 23:30:00,164235.5067849103,164226.20394586405
2025-04-27 03:30:00,164243.69598625548,164226.28038398965
2025-04-27 07:30:00,164228.36018561653,164226.370202969
2025-04-27 11:30:00,164238.30187599728,164226.4416949288
2025-04-27 15:30:00,164235.74363739332,164226.48109901944
2025-04-27 19:30:00,164207.99684812318,164226.4149036849
2025-04-27 23:30:00,164219.68743135597,164226.38482801314
2025-04-28 03:30:00,164230.4365304455,164226.38039965564
2025-04-28 07:30:00,164232.53147836417,164226.43399365354
2025-04-28 11:30:00,164236.4870247407,164226.50778195015
2025-04-28 15:30:00,164238.9915392085,164226.5360485138
2025-04-28 19:30:00,164218.4765427873,164226.4623785557
2025-04-28 23:30:00,164215.87578228992,164226.3518089689
2025-04-29 03:30:00,164242.81881644204,164226.37613151476
2025-04-29 07:30:00,164230.09090850665,164226.34538965634
2025-04-29 11:30:00,164225.96227901423,164226.30837650076
2025-04-29 15:30:00,164235.60306468964,164226.283029444
2025-04-29 19:30:00,164204.48661328285,164226.23291861266
2025-04-29 23:30:00,164211.21171761517,164226.18300041545
2025-04-30 03:30:00,164221.08353584073,164226.12748235336
2025-04-30 07:30:00,164223.90189810816,164226.12500009304
2025-04-30 11:30:00,164221.77455004872,164226.1156239055
2025-04-30 15:30:00,164242.25950809653,164226.15983177026
2025-04-30 19:30:00,164232.7515874736,164226.27460879652
2025-04-30 23:30:00,164222.61828336888,164226.36884290373
2025-05-01 03:30:00,164240.46190403096,164226.35220344237
2025-05-01 07:30:00,164255.56829175013,164226.54961057013
2025-05-01 11:30:00,164235.91726141574,164226.64974143304
2025-05-01 15:30:00,164243.94685479155,164226.73847457714
2025-05-01 19:30:00,164246.5251584573,164226.85284533142
2025-05-01 23:30:00,164225.01910468133,164226.94072395095
2025-05-02 03:30:00,164228.10970806537,164226.85031552377
2025-05-02 07:30:00,164229.21157393095,164226.816674809
2025-05-02 11:30:00,164224.23828529965,164226.8501582263
2025-05-02 15:30:00,164237.24486825397,164226.9239229817
2025-05-02 19:30:00,164237.39923792903,164226.95723427142
2025-05-02 23:30:00,164215.7469949883,164226.9736231362
2025-05-03 03:30:00,164223.60963498257,164227.02358833217
2025-05-03 07:30:00,164226.18213899783,164226.9965250716
2025-05-03 11:30:00,164213.08619208037,164226.94038755842
2025-05-03 15:30:00,164215.6838304211,164226.91406631534
2025-05-03 19:30:00,164228.45815073323,164226.92211267177
2025-05-03 23:30:00,164208.444350296,164226.88210471824
2025-05-04 03:30:00,164215.2858722744,164226.84425047453
2025-05-04 07:30:00,164225.2741533859,164226.7988393765
2025-05-04 11:30:00,164213.2368450686,164226.71754883495
2025-05-04 15:30:00,164213.34704363684,164226.63386710608
2025-05-04 19:30:00,164228.56596738467,164226.63664430805
2025-05-04 23:30:00,164222.76514480097,164226.65450223084
2025-05-05 03:30:00,164222.3011677808,164226.65573674487
2025-05-05 07:30:00,164241.68287382412,164226.70486893522
2025-05-05 11:30:00,164240.57032882114,164226.78097432156
2025-05-05 15:30:00,164231.40742405783,164226.81373814674
2025-05-05 19:30:00,164238.7526773384,164226.83865615464
2025-05-05 23:30:00,164237.65151259332,164226.86611398033
2025-05-06 03:30:00,164233.72112758548,164226.86450410227
2025-05-06 07:30:00,164227.05524227288,164226.80884382525
2025-05-06 11:30:00,164227.85838244102,164226.78847598998
2025-05-06 15:30:00,164222.46216725674,164226.81646081302
2025-05-06 19:30:00,164236.11373103719,164226.88476277146
2025-05-06 23:30:00,164230.35876143543,164226.8997828869
2025-05-07 03:30:00,164222.83445947984,164226.94826605901
2025-05-07 07:30:00,164223.93288446998,164226.94691574108
2025-05-07 11:30:00,164226.2455429026,164226.9062515159
2025-05-07 15:30:00,164228.68816868402,164226.90593023924
2025-05-07 19:30:00,164228.16335641508,164226.9181709038
2025-05-07 23:30:00,164227.22924424542,164226.89076375708
2025-05-08 03:30:00,164224.5258224506,164226.83241878625
2025-05-08 07:30:00,164224.995602051,164226.8311369692
2025-05-08 11:30:00,164224.38620517126,164226.7713417682
2025-05-08 15:30:00,164222.6093269101,164226.7714993581
2025-05-08 19:30:00,164226.44809263325,164226.7811391074
2025-05-08 23:30:00,164222.7016045948,164226.75836243387
2025-05-09 03:30:00,164220.9364669061,164226.70507186782
2025-05-09 07:30:00,164220.17064430114,164226.64712809457
2025-05-09 11:30:00,164225.87393981605,164226.60541022918
2025-05-09 15:30:00,164226.0450759153,164226.54981629472
2025-05-09 19:30:00,164229.87829412575,164226.55752740576
2025-05-09 23:30:00,164232.62017840828,164226.55890741604
2025-05-10 03:30:00,164226.1407455931,164226.4857359389
2025-05-10 07:30:00,164228.5756422635,164226.60327589832
2025-05-10 11:30:00,164226.97189317027,164226.68492597976
2025-05-10 15:30:00,164229.5282134794,164226.81666140576
2025-05-10 19:30:00,164224.76651606322,164226.88970434552
2025-05-10 23:30:00,164225.71856824175,164226.88773166746
2025-05-11 03:30:00,164225.68113634796,164226.8756642038
2025-05-11 07:30:00,164224.73327013187,164226.90779259105
2025-05-11 11:30:00,164228.55670302815,164226.93925265752
2025-05-11 15:30:00,164233.28789537572,164226.94457895827
2025-05-11 19:30:00,164228.27234420355,164226.98116972815
2025-05-11 23:30:00,164223.92787403986,164226.9399303001
2025-05-12 03:30:00,164227.5088695316,164226.90124521713
2025-05-12 07:30:00,164231.76244460235,164226.9362070818
2025-05-12 11:30:00,164231.19104288841,164226.92055212698
2025-05-12 15:30:00,164237.95344294206,164226.95012850518
2025-05-12 19:30:00,164222.59566449674,164226.88339683387
2025-05-12 23:30:00,164219.20656367246,164226.78745674848
2025-05-13 03:30:00,164230.67004475437,164226.78126699256
2025-05-13 07:30:00,164228.57082713488,164226.78884533074
2025-05-13 11:30:00,164237.64357833637,164226.86105173916
2025-05-13 15:30:00,164238.52224469118,164226.91579637732
2025-05-13 19:30:00,164229.544725919,164226.95354596034
2025-05-13 23:30:00,164234.5674001065,164227.0292377638
2025-05-14 03:30:00,164233.65688266366,164227.0813003263
2025-05-14 07:30:00,164233.66648505174,164227.1762454654
2025-05-14 11:30:00,164226.07475454808,164227.22565297733
2025-05-14 15:30:00,164237.17049625271,164227.26904782298
2025-05-14 19:30:00,164225.9182729222,164227.29299046998
2025-05-14 23:30:00,164221.20711833256,164227.34625657005
2025-05-15 03:30:00,164230.81170205862,164227.40182921727
2025-05-15 07:30:00,164225.0051843033,164227.4236606835
2025-05-15 11:30:00,164231.26665588198,164227.56403203483
2025-05-15 15:30:00,164237.42797399225,164227.61438513943
2025-05-15 19:30:00,164219.04916893333,164227.58894413448
2025-05-15 23:30:00,164211.56350463402,164227.58180576417
2025-05-16 03:30:00,164232.142371258,164227.6211519946
2025-05-16 07:30:00,164227.54601195527,164227.64446555637
2025-05-16 11:30:00,164221.8189577364,164227.65094015002
2025-05-16 15:30:00,164233.50867009495,164227.66056807272
2025-05-16 19:30:00,164227.52425656625,164227.63351187372
2025-05-16 23:30:00,164223.39000540975,164227.64272684985
2025-05-17 03:30:00,164235.35641286563,164227.65982217592
2025-05-17 07:30:00,164243.5735501952,164227.7232149074
2025-05-17 11:30:00,164233.19646639522,164227.77931006256
2025-05-17 15:30:00,164233.061801117,164227.83404781015
2025-05-17 19:30:00,164238.8278695159,164227.89998023846
2025-05-17 23:30:00,164225.71466681128,164227.94787918747
2025-05-18 03:30:00,164231.42414927646,164227.9593463154
2025-05-18 07:30:00,164230.908121255,164227.94966189045
2025-05-18 11:30:00,164224.65734737003,164227.98068437347
2025-05-18 15:30:00,164233.4019545462,164228.04409496754
2025-05-18 19:30:00,164237.33212653795,164228.07218827464
2025-05-18 23:30:00,164226.17312415535,164228.05801849315
2025-05-19 03:30:00,164215.65913697303,164227.9672739256
2025-05-19 07:30:00,164224.67790796576,164227.90877445607
2025-05-19 11:30:00,164214.74847486027,164227.8553727188
2025-05-19 15:30:00,164220.72101729424,164227.8715817805
2025-05-19 19:30:00,164234.39250045095,164227.9022866619
2025-05-19 23:30:00,164225.46897637856,164227.8949320062
2025-05-20 03:30:00,164220.74525713068,164227.82651670463
2025-05-20 07:30:00,164233.2390050743,164227.81111161332
2025-05-20 11:30:00,164223.76000182302,164227.791321752
2025-05-20 15:30:00,164232.38718399013,164227.92270947446
2025-05-20 19:30:00,164234.3715537547,164227.96911455892
2025-05-20 23:30:00,164234.52561087694,164228.02516016184
2025-05-21 03:30:00,164217.84575707183,164227.9870528762
2025-05-21 07:30:00,164232.3185113791,164227.95992811696
2025-05-21 11:30:00,164229.5457809024,164227.96093011354
2025-05-21 15:30:00,164226.8410577779,164228.05939607468
2025-05-21 19:30:00,164232.81510669182,164228.11434181206
2025-05-21 23:30:00,164223.84337207035,164228.0865717077
2025-05-22 03:30:00,164214.09613300697,164227.9946416221
2025-05-22 07:30:00,164231.92449083255,164228.0126097044
2025-05-22 11:30:00,164233.0590724006,164228.01747165972
2025-05-22 15:30:00,164220.19161877717,164228.11601993584
2025-05-22 19:30:00,164227.5973135866,164228.20956871114
2025-05-22 23:30:00,164230.0044477056,164228.2196562507
2025-05-23 03:30:00,164224.9834692603,164228.21155428808
2025-05-23 07:30:00,164230.53761232842,164228.25315438616
2025-05-23 11:30:00,164236.04588658107,164228.22238755433
2025-05-23 15:30:00,164229.51001073857,164228.21668427007
2025-05-23 19:30:00,164221.49251136428,164228.20128460167
2025-05-23 23:30:00,164228.06674816398,164228.15173658056
2025-05-24 03:30:00,164224.20035453007,164228.0888757218
2025-05-24 07:30:00,164221.68466673404,164228.05815282604
2025-05-24 11:30:00,164230.25070470554,164228.02562272624
2025-05-24 15:30:00,164228.74768512923,164228.0089200347
2025-05-24 19:30:00,164228.5490631681,164228.03742435502
2025-05-24 23:30:00,164232.68718809835,164228.02629586717
2025-05-25 03:30:00,164224.6921552533,164228.0158642137
2025-05-25 07:30:00,164224.8694529827,164228.04067169974
2025-05-25 11:30:00,164239.23783661023,164228.09180381408
2025-05-25 15:30:00,164235.80819454262,164228.1168787109
2025-05-25 19:30:00,164235.20367736724,164228.2734746455
2025-05-25 23:30:00,164234.51744510856,164228.31928975874
2025-05-26 03:30:00,164229.2110500909,164228.33136077013
2025-05-26 07:30:00,164220.6835405232,164228.28520645815
2025-05-26 11:30:00,164222.2159147354,164228.22359194965
2025-05-26 15:30:00,164223.60591909138,164228.14933545812
2025-05-26 19:30:00,164205.3274042011,164228.07435987383
2025-05-26 23:30:00,164212.8630508056,164227.94856135105
2025-05-27 03:30:00,164228.617833784,164227.8647938373
2025-05-27 07:30:00,164217.9201418365,164227.80679359406
2025-05-27 11:30:00,164233.51277688975,164227.78018748795
2025-05-27 15:30:00,164240.6486027463,164227.80743729547
2025-05-27 19:30:00,164235.6510711344,164227.96107186773
2025-05-27 23:30:00,164229.58128275024,164228.01603770885
2025-05-28 03:30:00,164243.18935383053,164228.0868867276
2025-05-28 07:30:00,164235.48826967366,164228.10331334602
2025-05-28 11:30:00,164229.00532752645,164228.06174836148
2025-05-28 15:30:00,164234.83843936102,164228.03867558454
2025-05-28 19:30:00,164223.62046376968,164228.06725292336
2025-05-28 23:30:00,164222.84958693018,164228.10599628245
2025-05-29 03:30:00,164230.31197923614,164228.03651385353
2025-05-29 07:30:00,164225.91623085024,164228.0133211999
2025-05-29 11:30:00,164227.352442694,164228.02104433146
2025-05-29 15:30:00,164243.01901029368,164228.06224402925
2025-05-29 19:30:00,164234.75580716316,164228.23040621748
2025-05-29 23:30:00,164232.38910759386,164228.34805838403
2025-05-30 03:30:00,164232.66744524866,164228.41241343628
2025-05-30 07:30:00,164230.76163640566,164228.45052309346
2025-05-30 11:30:00,164224.27322502396,164228.4644046211
2025-05-30 15:30:00,164228.12048676208,164228.38585450262
2025-05-30 19:30:00,164218.75401981946,164228.30809023787
2025-05-30 23:30:00,164202.94695445057,164228.19880507718
2025-05-31 03:30:00,164213.73044393305,164228.05029696555
2025-05-31 07:30:00,164218.0762122884,164227.84200763522
2025-05-31 11:30:00,164211.86430828884,164227.7083801178
2025-05-31 15:30:00,164227.25768429117,164227.61566250396
2025-05-31 19:30:00,164236.16759960653,164227.55812051034
2025-05-31 23:30:00,164226.15388430576,164227.56442484158
2025-06-01 03:30:00,164231.06221809066,164227.58082767503
2025-06-01 07:30:00,164244.3012979554,164227.66465947518
2025-06-01 11:30:00,164243.1321397953,164227.7696253335
2025-06-01 15:30:00,164233.1111468189,164227.7466602144
2025-06-01 19:30:00,164241.23133617933,164227.76794964913
2025-06-01 23:30:00,164228.25834989466,164227.83745717639
2025-06-02 03:30:00,164221.61045548294,164227.8263506236
2025-06-02 07:30:00,164224.87284320503,164227.8190767581
2025-06-02 11:30:00,164225.5053809393,164227.88807225175
2025-06-02 15:30:00,164238.43479523514,164228.01446650072
2025-06-02 19:30:00,164246.58029773325,164228.1151450952
2025-06-02 23:30:00,164231.8167404945,164228.24499170738
2025-06-03 03:30:00,164230.71523702898,164228.33071040045
2025-06-03 07:30:00,164234.06852915898,164228.37956804366
2025-06-03 11:30:00,164222.37067837836,164228.43031156203
2025-06-03 15:30:00,164225.13946020015,164228.49582498742
2025-06-03 19:30:00,164234.05644531798,164228.52632764258
2025-06-03 23:30:00,164224.78805452638,164228.53756602993
2025-06-04 03:30:00,164217.48615748677,164228.51081597272
2025-06-04 07:30:00,164221.9333813415,164228.40109657007
2025-06-04 11:30:00,164227.44211320413,164228.32816203884
2025-06-04 15:30:00,164224.81892065558,164228.29155924218
2025-06-04 19:30:00,164226.6017611819,164228.22405415244
2025-06-04 23:30:00,164227.58236102966,164228.16811442148
2025-06-05 03:30:00,164225.53554521647,164228.12263896392
2025-06-05 07:30:00,164232.44944370614,164228.15260674965
2025-06-05 11:30:00,164232.05344259736,164228.17591263942
2025-06-05 15:30:00,164229.58173445938,164228.2154657905
2025-06-05 19:30:00,164234.64983422065,164228.20733303047
2025-06-05 23:30:00,164231.19463166967,164228.21197675396
2025-06-06 03:30:00,164230.98410554224,164228.25725256544
2025-06-06 07:30:00,164230.74045441,164228.2950723984
2025-06-06 11:30:00,164234.12651316024,164228.3388555665
2025-06-06 15:30:00,164230.01461122298,164228.34622469172
2025-06-06 19:30:00,164229.36563114997,164228.3529039958
2025-06-06 23:30:00,164229.7185360838,164228.36673339494
2025-06-07 03:30:00,164222.9004436743,164228.35770351283
2025-06-07 07:30:00,164225.35641417603,164228.35970802465
2025-06-07 11:30:00,164238.68227351614,164228.43913062653
2025-06-07 15:30:00,164237.74324787874,164228.52320796528
2025-06-07 19:30:00,164231.9513287578,164228.55378149933
2025-06-07 23:30:00,164230.4032240575,164228.59656827408
2025-06-08 03:30:00,164228.20280632604,164228.6369368264
2025-06-08 07:30:00,164230.9369206155,164228.6967494726
2025-06-08 11:30:00,164240.57562529325,164228.77842550306
2025-06-08 15:30:00,164235.99386995324,164228.83369658104
2025-06-08 19:30:00,164216.20693987454,164228.75774461296
2025-06-08 23:30:00,164217.2542698581,164228.67237845433
2025-06-09 03:30:00,164226.1412462793,164228.67238123596
2025-06-09 07:30:00,164228.43024502468,164228.6715734735
2025-06-09 11:30:00,164230.9107654286,164228.69345609716
2025-06-09 15:30:00,164234.95647251164,164228.72361309174
2025-06-09 19:30:00,164229.24450769444,164228.74849082305
2025-06-09 23:30:00,164230.24612057474,164228.7736438916
2025-06-10 03:30:00,164231.8829225126,164228.8080982592
2025-06-10 07:30:00,164232.21694051696,164228.84967420573
2025-06-10 11:30:00,164232.39690618988,164228.87100866777
2025-06-10 15:30:00,164239.29284976047,164228.90436952547
2025-06-10 19:30:00,164235.65656598363,164228.9453929798
2025-06-10 23:30:00,164232.3838902308,164228.99237084753
2025-06-11 03:30:00,164231.61751300393,164229.01519664456
2025-06-11 07:30:00,164232.4652521006,164229.01910113066
2025-06-11 11:30:00,164233.288238883,164229.03075221955
2025-06-11 15:30:00,164237.15754204764,164229.0263305479
2025-06-11 19:30:00,164226.00567714532,164229.04527506264
2025-06-11 23:30:00,164221.98463570594,164229.06070879614
2025-06-12 03:30:00,164230.50675997452,164229.05980165847
2025-06-12 07:30:00,164224.00019632615,164229.0344092651
2025-06-12 11:30:00,164230.93059402864,164228.9971149078
2025-06-12 15:30:00,164237.18986334736,164228.98971278925
2025-06-12 19:30:00,164230.59128758204,164228.99552702068
2025-06-12 23:30:00,164215.59155939694,164228.89010568347
2025-06-13 03:30:00,164221.83122180548,164228.82440756756
2025-06-13 07:30:00,164228.67069735247,164228.79665319144
2025-06-13 11:30:00,164229.3320795768,164228.8147494416
2025-06-13 15:30:00,164238.04996568014,164228.81963538285
2025-06-13 19:30:00,164234.54879519925,164228.86758272885
2025-06-13 23:30:00,164212.0272745221,164228.81658359658
2025-06-14 03:30:00,164226.44998034774,164228.79235180927
2025-06-14 07:30:00,164230.599971072,164228.82343395805
2025-06-14 11:30:00,164238.1904206401,164228.86189931777
2025-06-14 15:30:00,164236.0520489011,164228.8542552895
2025-06-14 19:30:00,164236.1293114633,164228.9491449702
2025-06-14 23:30:00,164231.56503521896,164229.06026458458
2025-06-15 03:30:00,164233.69381937603,164229.0688837408
2025-06-15 07:30:00,164237.86999811354,164229.12623921942
2025-06-15 11:30:00,164232.63673489934,164229.18633798146
2025-06-15 15:30:00,164238.02209248423,164229.2114125503
2025-06-15 19:30:00,164236.562915276,164229.2616273209
2025-06-15 23:30:00,164228.33119677435,164229.28907838406
2025-06-16 03:30:00,164225.59383114544,164229.23484181892
2025-06-16 07:30:00,164224.37220801125,164229.1281676957
2025-06-16 11:30:00,164229.51666602452,164229.10772436028
2025-06-16 15:30:00,164237.51941098375,164229.13248885956
2025-06-16 19:30:00,164232.81096669292,164229.09906162164
2025-06-16 23:30:00,164224.48470921526,164229.09222852386
2025-06-17 03:30:00,164222.52372267962,164229.04278170946
2025-06-17 07:30:00,164219.65461347176,164228.9802622218
2025-06-17 11:30:00,164224.20672632253,164228.9777587715
2025-06-17 15:30:00,164233.82981527763,164228.98013577558
2025-06-17 19:30:00,164240.3986303392,164228.9971719078
2025-06-17 23:30:00,164230.87817941018,164229.02331110367
2025-06-18 03:30:00,164228.69102309036,164229.09571047098
2025-06-18 07:30:00,164227.8556986939,164229.1133648639
2025-06-18 11:30:00,164233.01580349854,164229.21485002304
2025-06-18 15:30:00,164239.07757273788,164229.3168308866
2025-06-18 19:30:00,164235.50828717835,164229.32302970174
2025-06-18 23:30:00,164229.0756920747,164229.34306701118
2025-06-19 03:30:00,164229.52676113168,164229.39185314448
2025-06-19 07:30:00,164236.51740845022,164229.4100664966
2025-06-19 11:30:00,164230.75234524853,164229.44891284895
2025-06-19 15:30:00,164236.82778251017,164229.47358284076
2025-06-19 19:30:00,164238.31360684056,164229.49548313566
2025-06-19 23:30:00,164233.48594600757,164229.48970721973
2025-06-20 03:30:00,164231.28155774242,164229.5643505568
2025-06-20 07:30:00,164231.659769966,164229.56069088227
2025-06-20 11:30:00,164227.9499847405,164229.55182534803
2025-06-20 15:30:00,164224.96755148433,164229.54141697971
2025-06-20 19:30:00,164225.50328063604,164229.50079572387
2025-06-20 23:30:00,164227.6997431498,164229.52222000764
2025-06-21 03:30:00,164224.87385807413,164229.582096258
2025-06-21 07:30:00,164232.84024994876,164229.58718380865
2025-06-21 11:30:00,164233.97432971894,164229.59226857155
2025-06-21 15:30:00,164230.68578106814,164229.65056947316
2025-06-21 19:30:00,164218.88616994597,164229.6021742307
2025-06-21 23:30:00,164222.4790016147,164229.56036619688
2025-06-22 03:30:00,164222.8012743846,164229.548242892
2025-06-22 07:30:00,164229.29078991307,164229.5413161008
2025-06-22 11:30:00,164235.48080744944,164229.53817677227
2025-06-22 15:30:00,164223.9510175649,164229.50729347687
2025-06-22 19:30:00,164207.58203593947,164229.43001305783
2025-06-22 23:30:00,164220.22910890804,164229.38647061755
2025-06-23 03:30:00,164226.28155089874,164229.39803281956
2025-06-23 07:30:00,164226.2023993016,164229.42313133384
2025-06-23 11:30:00,164235.87686539933,164229.45438778214
2025-06-23 15:30:00,164235.09852211003,164229.48967020982
2025-06-23 19:30:00,164216.7332465403,164229.42402678414
2025-06-23 23:30:00,164217.46445101796,164229.33945602257
2025-06-24 03:30:00,164236.04465571864,164229.40252546957
2025-06-24 07:30:00,164223.957614011,164229.39745969753
2025-06-24 11:30:00,164236.78913362836,164229.38385579208
2025-06-24 15:30:00,164244.33295045103,164229.4312155471
2025-06-24 19:30:00,164231.6729932116,164229.41160063513
2025-06-24 23:30:00,164227.61322563377,164229.3732438603
2025-06-25 03:30:00,164228.48113249792,164229.36918876253
2025-06-25 07:30:00,164224.5461206545,164229.39064754106
2025-06-25 11:30:00,164230.2268808477,164229.43515290832
2025-06-25 15:30:00,164241.9410463633,164229.53701472655
2025-06-25 19:30:00,164223.4530035096,164229.63771250047
2025-06-25 23:30:00,164220.13369514782,164229.678104969
2025-06-26 03:30:00,164226.25523446,164229.66497941723
2025-06-26 07:30:00,164224.30673475732,164229.700460489
2025-06-26 11:30:00,164235.68267872575,164229.7125154992
2025-06-26 15:30:00,164242.22500068854,164229.72127326555
2025-06-26 19:30:00,164227.64304508432,164229.67678423194
2025-06-26 23:30:00,164224.38513483226,164229.64791674347
2025-06-27 03:30:00,164228.72998574105,164229.56758692078
2025-06-27 07:30:00,164233.20717833922,164229.55491419116
2025-06-27 11:30:00,164221.65071319105,164229.51405522262
2025-06-27 15:30:00,164238.33082015,164229.5334573381
2025-06-27 19:30:00,164229.59886577795,164229.56667068263
2025-06-27 23:30:00,164205.27799738644,164229.46905074068
2025-06-28 03:30:00,164215.05792830366,164229.3843060133
2025-06-28 07:30:00,164226.2366361033,164229.3860860425
2025-06-28 11:30:00,164229.78350827706,164229.39959196237
2025-06-28 15:30:00,164240.49838693146,164229.38558849922
2025-06-28 19:30:00,164237.51366794598,164229.40090994808
2025-06-28 23:30:00,164229.78297245273,164229.38643141947
2025-06-29 03:30:00,164230.35378330044,164229.37357774202
2025-06-29 07:30:00,164231.42078214505,164229.3772396628
2025-06-29 11:30:00,164231.15611604546,164229.41547794623
2025-06-29 15:30:00,164236.4925156608,164229.4619892179
2025-06-29 19:30:00,164235.414708639,164229.55454860022
2025-06-29 23:30:00,164226.62783883055,164229.68610906898
2025-06-30 03:30:00,164222.8303718243,164229.73666422395
2025-06-30 07:30:00,164228.76482551594,164229.79604540856
2025-06-30 11:30:00,164226.59965621197,164229.87790845256
2025-06-30 15:30:00,164235.76954733013,164229.92519658056
2025-06-30 19:30:00,164237.56026687994,164229.93293362093
2025-06-30 23:30:00,164225.8356447646,164229.9311656235
2025-07-01 03:30:00,164233.24453151648,164229.943289587
2025-07-01 07:30:00,164231.97204123528,164229.87479371633
2025-07-01 11:30:00,164232.4012919501,164229.81517789495
2025-07-01 15:30:00,164239.11699408782,164229.84854371313
2025-07-01 19:30:00,164238.25145370374,164229.8319888105
2025-07-01 23:30:00,164225.8399482844,164229.81855324595
2025-07-02 03:30:00,164218.40520442132,164229.80074629563
2025-07-02 07:30:00,164225.00132246903,164229.8014600693
2025-07-02 11:30:00,164227.62261255377,164229.81322246717
2025-07-02 15:30:00,164231.08689892717,164229.77240082104
2025-07-02 19:30:00,164226.33672976604,164229.65993655456
2025-07-02 23:30:00,164223.68292257917,164229.61474867724
2025-07-03 03:30:00,164225.99721307412,164229.58853743304
2025-07-03 07:30:00,164226.73554692327,164229.54779864283
2025-07-03 11:30:00,164234.27180623164,164229.6139160198
2025-07-03 15:30:00,164233.28212445052,164229.6591530434
2025-07-03 19:30:00,164239.4427639726,164229.68907703593
2025-07-03 23:30:00,164233.43042598345,164229.73709021072
2025-07-04 03:30:00,164234.83935757665,164229.8334968779
2025-07-04 07:30:00,164239.76281621627,164229.93254929382
2025-07-04 11:30:00,164241.20943663234,164230.00903442403
2025-07-04 15:30:00,164235.7519557362,164230.06977350777
2025-07-04 19:30:00,164229.03951653722,164230.08331659308
2025-07-04 23:30:00,164224.9637953136,164230.0687690058
2025-07-05 03:30:00,164224.8759988942,164230.06510485953
2025-07-05 07:30:00,164230.33339844548,164230.05334905253
2025-07-05 11:30:00,164235.7444281115,164230.0738545276
2025-07-05 15:30:00,164226.41940970693,164230.05628605676
2025-07-05 19:30:00,164218.01507912725,164229.9638707507
2025-07-05 23:30:00,164224.49996505,164229.92667815837
2025-07-06 03:30:00,164224.8521147851,164229.89261154304
2025-07-06 07:30:00,164229.966874078,164229.88831387454
2025-07-06 11:30:00,164236.71087905605,164229.90267146286
2025-07-06 15:30:00,164229.38717700206,164229.8991857172
2025-07-06 19:30:00,164212.9996426855,164229.80826355904
2025-07-06 23:30:00,164224.15366036518,164229.77734758283
2025-07-07 03:30:00,164226.7460664888,164229.79871215404
2025-07-07 07:30:00,164223.8006403569,164229.79006896613
2025-07-07 11:30:00,164231.95565383736,164229.7526988568
2025-07-07 15:30:00,164234.3795585375,164229.7340116938
2025-07-07 19:30:00,164221.00863403504,164229.67321894533
2025-07-07 23:30:00,164230.43454295225,164229.6733929392
2025-07-08 03:30:00,164234.73009605004,164229.7096556599
2025-07-08 07:30:00,164231.29848149107,164229.7116643314
2025-07-08 11:30:00,164236.27695301958,164229.68778281877
2025-07-08 15:30:00,164238.73292300795,164229.7029997802
2025-07-08 19:30:00,164227.07974737204,164229.7634042663
2025-07-08 23:30:00,164230.47143294915,164229.83683295015
2025-07-09 03:30:00,164239.40444153472,164229.91051736823
2025-07-09 07:30:00,164231.31105745147,164229.92652188172
2025-07-09 11:30:00,164224.42673888244,164229.890499512
2025-07-09 15:30:00,164233.76296697996,164229.88386892574
2025-07-09 19:30:00,164211.78823390583,164229.7868896269
2025-07-09 23:30:00,164221.482832783,164229.73820469473
2025-07-10 03:30:00,164225.07620451986,164229.70038959474
2025-07-10 07:30:00,164223.63083092717,164229.65268898592
2025-07-10 11:30:00,164238.15964179733,164229.68470418372
2025-07-10 15:30:00,164238.52408508072,164229.68043326883
2025-07-10 19:30:00,164226.7474197054,164229.63093801175
2025-07-10 23:30:00,164215.01207773946,164229.53442794236
2025-07-11 03:30:00,164231.06179643015,164229.53134062808
2025-07-11 07:30:00,164227.16891701627,164229.50191654428
2025-07-11 11:30:00,164232.4072767942,164229.49702231042
2025-07-11 15:30:00,164235.54517450093,164229.48806471296
2025-07-11 19:30:00,164222.5018393242,164229.46859894728
2025-07-11 23:30:00,164228.73241764007,164229.5060866247
2025-07-12 03:30:00,164229.48780113715,164229.50042574224
2025-07-12 07:30:00,164236.99654831874,164229.57262769778
2025-07-12 11:30:00,164237.95818056155,164229.61166984518
2025-07-12 15:30:00,164241.0681527861,164229.63321589763
2025-07-12 19:30:00,164239.49474730625,164229.68267956277
2025-07-12 23:30:00,164231.11331282379,164229.76891152622
2025-07-13 03:30:00,164233.36424589212,164229.83298388225
2025-07-13 07:30:00,164234.65783595506,164229.86624576338
2025-07-13 11:30:00,164235.75373892035,164229.90192164865
2025-07-13 15:30:00,164240.55526724656,164229.9158399907
2025-07-13 19:30:00,164237.9051797854,164229.9344865717
2025-07-13 23:30:00,164224.6532723553,164230.00463100412
2025-07-14 03:30:00,164233.01220449986,164230.04108780497
2025-07-14 07:30:00,164229.96004724564,164230.03753267258
2025-07-14 11:30:00,164233.80484657147,164230.0131683722
2025-07-14 15:30:00,164240.34840560242,164230.03703702055
2025-07-14 19:30:00,164238.91639336638,164230.0525208089
2025-07-14 23:30:00,164229.68176036602,164230.04205817083
2025-07-15 03:30:00,164231.058410805,164230.02741701208
2025-07-15 07:30:00,164229.2715740529,164229.97964798956
2025-07-15 11:30:00,164230.40820610587,164229.967267274
2025-07-15 15:30:00,164238.33954370796,164229.96903089192
2025-07-15 19:30:00,164238.23961268857,164229.97834587758
2025-07-15 23:30:00,164233.96373340598,164230.00963774775
2025-07-16 03:30:00,164236.27512832437,164230.0689782876
2025-07-16 07:30:00,164236.4266736673,164230.13594754125
2025-07-16 11:30:00,164234.15988869243,164230.16174322276
2025-07-16 15:30:00,164240.3918481004,164230.17770120673
2025-07-16 19:30:00,164239.3911468237,164230.214257763
2025-07-16 23:30:00,164232.5382276849,164230.2589995323
2025-07-17 03:30:00,164235.82047649054,164230.33287038677
2025-07-17 07:30:00,164240.52079268242,164230.44879360465
2025-07-17 11:30:00,164235.66377603318,164230.51244388078
2025-07-17 15:30:00,164234.66872743567,164230.51710450387
2025-07-17 19:30:00,164239.2828643706,164230.51090580408
2025-07-17 23:30:00,164231.57227929303,164230.51476191453
2025-07-18 03:30:00,164233.84508277554,164230.54339557944
2025-07-18 07:30:00,164237.11454629124,164230.59483362167
2025-07-18 11:30:00,164235.82552232672,164230.61044317068
2025-07-18 15:30:00,164222.61609046397,164230.5189904914
2025-07-18 19:30:00,164235.68040077502,164230.51994667805
2025-07-18 23:30:00,164228.92736795984,164230.51912265518
2025-07-19 03:30:00,164231.91836089478,164230.53240932056
2025-07-19 07:30:00,164236.49242607312,164230.53227052957
2025-07-19 11:30:00,164236.37844566052,164230.56352664295
2025-07-19 15:30:00,164229.68956913374,164230.52386990198
2025-07-19 19:30:00,164229.93217689078,164230.47730640223
2025-07-19 23:30:00,164237.01307069382,164230.49690153942
2025-07-20 03:30:00,164232.52409370875,164230.50380451698
2025-07-20 07:30:00,164233.44324447852,164230.51371270872
2025-07-20 11:30:00,164238.88106987876,164230.5744409595
2025-07-20 15:30:00,164232.91230805952,164230.618578496
2025-07-20 19:30:00,164226.7894119608,164230.62572367006
2025-07-20 23:30:00,164233.26998724445,164230.65666947057
2025-07-21 03:30:00,164239.93382769168,164230.74033596847
2025-07-21 07:30:00,164236.71808288837,164230.76187948478
2025-07-21 11:30:00,164242.68574581578,164230.81027624087
2025-07-21 15:30:00,164231.6023104037,164230.8153680705
2025-07-21 19:30:00,164230.6644199686,164230.88080279288
2025-07-21 23:30:00,164234.13673165135,164230.94556795977
2025-07-22 03:30:00,164236.33224189884,164231.02074000152
2025-07-22 07:30:00,164241.21385244303,164231.08697923776
2025-07-22 11:30:00,164240.1005072587,164231.1126442367
2025-07-22 15:30:00,164240.94258188555,164231.2070418163
2025-07-22 19:30:00,164218.64131440947,164231.2684822522
2025-07-22 23:30:00,164231.50097960862,164231.33110375612
2025-07-23 03:30:00,164237.30520019153,164231.39234625216
2025-07-23 07:30:00,164235.32346453413,164231.44301883684
2025-07-23 11:30:00,164240.24522189237,164231.467287484
2025-07-23 15:30:00,164242.34765617622,164231.50756045102
2025-07-23 19:30:00,164226.25428953933,164231.56045513434
2025-07-23 23:30:00,164233.06228136652,164231.64710974737
2025-07-24 03:30:00,164243.20655867673,164231.68689809716
2025-07-24 07:30:00,164240.38232794852,164231.77814650792
2025-07-24 11:30:00,164236.08208456606,164231.77421845758
2025-07-24 15:30:00,164238.57177887988,164231.74221194885
2025-07-24 19:30:00,164225.49271366518,164231.7078770625
2025-07-24 23:30:00,164235.39133765522,164231.75108879592
2025-07-25 03:30:00,164237.9787847896,164231.8038535309
2025-07-25 07:30:00,164232.98198540346,164231.85071944617
2025-07-25 11:30:00,164233.34061140925,164231.8680179493
2025-07-25 15:30:00,164238.6700068814,164231.84984550768
2025-07-25 19:30:00,164226.14029169662,164231.8647748865
2025-07-25 23:30:00,164223.41517349242,164231.88300532175
2025-07-26 03:30:00,164232.53087366387,164231.917869984
2025-07-26 07:30:00,164230.33526012953,164231.95136179164
2025-07-26 11:30:00,164229.40338291836,164231.91647681492
2025-07-26 15:30:00,164231.60531141065,164231.85747854118
2025-07-26 19:30:00,164238.6765533083,164231.91877580908
2025-07-26 23:30:00,164231.17749780946,164231.956511159
2025-07-27 03:30:00,164237.59738804464,164232.0057745051
2025-07-27 07:30:00,164238.3585312512,164232.03439313234
2025-07-27 11:30:00,164229.66432556356,164232.0789132011
2025-07-27 15:30:00,164238.3690862665,164232.07912579065
2025-07-27 19:30:00,164238.0382080698,164232.1260110256
2025-07-27 23:30:00,164235.93912347525,164232.29635061498
2025-07-28 03:30:00,164235.56610646957,164232.4102849381
2025-07-28 07:30:00,164236.86822196314,164232.46934930398
2025-07-28 11:30:00,164235.2626475985,164232.4997889669
2025-07-28 15:30:00,164237.7773647581,164232.48467217706
2025-07-28 19:30:00,164239.93406188992,164232.49811881006
2025-07-28 23:30:00,164226.63744039036,164232.48064363198
2025-07-29 03:30:00,164233.95224913917,164232.50063510885
2025-07-29 07:30:00,164236.4480550208,164232.52856440257
2025-07-29 11:30:00,164235.5454130813,164232.55294938612
2025-07-29 15:30:00,164239.0267817933,164232.56702864243
2025-07-29 19:30:00,164236.90073899372,164232.5752843666
2025-07-29 23:30:00,164238.01786024112,164232.63856226337
2025-07-30 03:30:00,164234.23594662824,164232.7019265678
2025-07-30 07:30:00,164236.64846059124,164232.74572454044
2025-07-30 11:30:00,164237.2202274966,164232.80472771425
2025-07-30 15:30:00,164232.38157330712,164232.78590563635
2025-07-30 19:30:00,164227.73670996496,164232.73133032015
2025-07-30 23:30:00,164226.48166426586,164232.73491931736
2025-07-31 03:30:00,164226.80412226313,164232.69913926598
2025-07-31 07:30:00,164230.39170071966,164232.69035959642
2025-07-31 11:30:00,164229.6017569589,164232.67480662424
2025-07-31 15:30:00,164221.30924516235,164232.57587468578
2025-07-31 19:30:00,164222.3158894933,164232.4873437735
2025-07-31 23:30:00,164228.6856338035,164232.5031531375
2025-08-01 03:30:00,164227.71276140693,164232.55486178742
2025-08-01 07:30:00,164237.84012841474,164232.6261884871
2025-08-01 11:30:00,164235.05424495737,164232.66747533382
2025-08-01 15:30:00,164230.66168326934,164232.6651130246
2025-08-01 19:30:00,164233.35046873463,164232.70407824108
2025-08-01 23:30:00,164237.03708653845,164232.77826804086
2025-08-02 03:30:00,164237.61289519147,164232.8427996082
2025-08-02 07:30:00,164240.8185383823,164232.92103844963
2025-08-02 11:30:00,164242.76938548425,164232.96824722324
2025-08-02 15:30:00,164243.83433881018,164233.02687063636
2025-08-02 19:30:00,164239.4560115969,164233.02694423427
2025-08-02 23:30:00,164232.25824370523,164233.02043211053
2025-08-03 03:30:00,164234.27192018216,164233.01727968056
2025-08-03 07:30:00,164239.47132905238,164233.0156603074
2025-08-03 11:30:00,164239.90708754628,164233.0084250347
2025-08-03 15:30:00,164224.79248871465,164232.9475391068
2025-08-03 19:30:00,164216.55068155404,164232.87815669022
2025-08-03 23:30:00,164219.14677051545,164232.8458398858
2025-08-04 03:30:00,164218.84365659198,164232.812326873
2025-08-04 07:30:00,164226.51723378836,164232.79112595826
2025-08-04 11:30:00,164233.68599842777,164232.7796902378
2025-08-04 15:30:00,164222.24064946946,164232.75647490314
2025-08-04 19:30:00,164219.28081964928,164232.7635067949
2025-08-04 23:30:00,164226.92539621395,164232.77698141252
2025-08-05 03:30:00,164239.32443595698,164232.8573831968
2025-08-05 07:30:00,164226.308887812,164232.83706105084
2025-08-05 11:30:00,164235.55072728524,164232.83061576326
2025-08-05 15:30:00,164230.19898366416,164232.83512580025
2025-08-05 19:30:00,164213.5791163222,164232.83834509822
2025-08-05 23:30:00,164234.4965408301,164232.89580554524
2025-08-06 03:30:00,164237.2678676711,164232.9542599963
2025-08-06 07:30:00,164227.26229437292,164232.97349140747
2025-08-06 11:30:00,164241.16719465735,164233.02466663424
2025-08-06 15:30:00,164244.1480532228,164233.07893604916
2025-08-06 19:30:00,164234.71760906934,164233.1550970216
2025-08-06 23:30:00,164235.08040584697,164233.180907371
2025-08-07 03:30:00,164238.90747977054,164233.20411505832
2025-08-07 07:30:00,164237.70924977175,164233.23973043766
2025-08-07 11:30:00,164241.07448552724,164233.26638339605
2025-08-07 15:30:00,164231.16558058115,164233.2243426048
2025-08-07 19:30:00,164220.4566398977,164233.18754756326
2025-08-07 23:30:00,164218.35491075923,164233.1202335511
2025-08-08 03:30:00,164220.95201211883,164233.0177200543
2025-08-08 07:30:00,164216.35143256752,164232.93461102722
2025-08-08 11:30:00,164224.58795402228,164232.93550666686
2025-08-08 15:30:00,164222.43607003862,164232.87257946166
2025-08-08 19:30:00,164226.07201194207,164232.95193378406
2025-08-08 23:30:00,164224.43954823032,164232.968359981
2025-08-09 03:30:00,164233.86331602096,164233.01717726712
