Record Time,Distance (cm),Moving Average (cm)
2022-08-31 16:30:00,326043.23850464384,326043.23850464384
2022-08-31 20:30:00,326045.6857372178,326044.4621209308
2022-09-01 00:30:00,326047.0947499119,326045.33966392453
2022-09-01 04:30:00,326041.7553333868,326044.4435812901
2022-09-01 08:30:00,326035.4518555447,326042.645236141
2022-09-01 16:30:00,326041.51311583834,326042.45654942386
2022-09-01 20:30:00,326033.67104239104,326041.20147699065
2022-09-02 00:30:00,326021.5328135052,326038.7428940549
2022-09-02 04:30:00,326022.25318629114,326036.9107043034
2022-09-02 08:30:00,326028.23791648983,326036.04342552205
2022-09-02 12:30:00,326028.94953514717,326035.39852639707
2022-09-02 16:30:00,326032.3146351538,326035.14153546013
2022-09-02 20:30:00,326012.2429442979,326033.3801053707
2022-09-03 00:30:00,326009.9793866646,326031.7086254632
2022-09-03 04:30:00,326019.3848847046,326030.8870427459
2022-09-03 08:30:00,326009.1315772705,326029.5273261537
2022-09-03 12:30:00,326012.18533126236,326028.50720880716
2022-09-03 16:30:00,326023.484366317,326028.22816200217
2022-09-03 20:30:00,326036.5540157411,326028.6663648305
2022-09-04 00:30:00,326012.8630497542,326027.8761990767
2022-09-04 04:30:00,325988.51311730343,326026.00176661124
2022-09-04 08:30:00,326023.74802205636,326025.899323677
2022-09-04 12:30:00,326018.84637138597,326025.59267357737
2022-09-04 16:30:00,326020.8672378275,326025.3957804211
2022-09-04 20:30:00,326020.0926857442,326025.18365663406
2022-09-05 00:30:00,326023.2142701805,326025.1079110012
2022-09-05 04:30:00,326026.31563164975,326025.15264139563
2022-09-05 08:30:00,326033.4365399138,326025.44849491416
2022-09-05 12:30:00,326025.27546032675,326025.44252820424
2022-09-05 16:30:00,326020.8148286257,326025.2882715516
2022-09-05 20:30:00,326008.8863751834,326024.75917812035
2022-09-06 00:30:00,325990.4269367046,326023.68629557616
2022-09-06 04:30:00,326008.0286226544,326023.2118206391
2022-09-06 08:30:00,326019.16317420395,326023.0927428028
2022-09-06 12:30:00,326016.7463981623,326022.91141867015
2022-09-06 16:30:00,326019.9947196214,326022.8303992522
2022-09-06 20:30:00,326024.1010381374,326022.86474084365
2022-09-07 00:30:00,326012.2229202869,326022.5846929343
2022-09-07 04:30:00,326008.1482959788,326022.21452890977
2022-09-07 08:30:00,326005.32954114553,326021.79240421567
2022-09-07 12:30:00,326003.10338542325,326021.336574489
2022-09-07 16:30:00,326025.6736354944,326021.43983784626
2022-09-07 20:30:00,326029.6218547046,326021.6301173081
2022-09-08 00:30:00,326022.8154090762,326021.6570557574
2022-09-08 04:30:00,326013.6893116542,326021.47999477736
2022-09-08 08:30:00,326017.9856614307,326021.40403100895
2022-09-08 12:30:00,326025.36188936525,326021.48824076116
2022-09-08 16:30:00,326004.9009611715,326021.14267243637
2022-09-08 20:30:00,326016.39470597135,326021.0457751616
2022-09-09 00:30:00,326041.7879346769,326021.4606183519
2022-09-09 04:30:00,326030.12972274894,326021.6306007911
2022-09-09 08:30:00,326022.7052108897,326021.65126636985
2022-09-09 12:30:00,326025.328199638,326021.72064246924
2022-09-09 16:30:00,326014.3958608005,326021.58499836427
2022-09-09 20:30:00,326022.3185457533,326021.5983355896
2022-09-10 00:30:00,326034.6400094924,326021.8312226235
2022-09-10 04:30:00,326018.4902991528,326021.772609931
2022-09-10 08:30:00,325994.15980630636,326021.29652711
2022-09-10 12:30:00,326005.12344008667,326021.02240699093
2022-09-10 16:30:00,326027.817200396,326021.1356535476
2022-09-10 20:30:00,326028.0447058431,326021.2489167
2022-09-11 00:30:00,326028.75845542515,326021.37003829237
2022-09-11 04:30:00,326031.55499725224,326021.5317043076
2022-09-11 08:30:00,326017.2595825286,326021.4649524048
2022-09-11 12:30:00,326012.3495701812,326021.32471575524
2022-09-11 16:30:00,326017.7390866797,326021.270388042
2022-09-11 20:30:00,326031.30280585214,326021.4201256212
2022-09-12 00:30:00,326022.7775397211,326021.4400875932
2022-09-12 04:30:00,326049.6760488143,326021.84930442256
2022-09-12 08:30:00,326027.89033220254,326021.93560481945
2022-09-12 12:30:00,326036.0328882659,326022.1341581074
2022-09-12 16:30:00,326038.31958904193,326022.35895575926
2022-09-12 20:30:00,326040.99631387944,326022.6142620349
2022-09-13 00:30:00,326012.1142898297,326022.4723705186
2022-09-13 04:30:00,326018.6803317875,326022.4218100022
2022-09-13 08:30:00,326029.3004852473,326022.512318887
2022-09-13 12:30:00,326029.65518948383,326022.6050834402
2022-09-13 16:30:00,326029.76530462684,326022.6968811477
2022-09-13 20:30:00,326020.60858068423,326022.6704469646
2022-09-14 00:30:00,326028.4445635577,326022.74262342206
2022-09-14 04:30:00,326022.9684675594,326022.7454116213
2022-09-14 08:30:00,326014.44552251714,326022.64419346146
2022-09-14 12:30:00,326028.10681494896,326022.7100081782
2022-09-14 16:30:00,326029.6996833959,326022.7932185975
2022-09-14 20:30:00,326032.91007154604,326022.91224039684
2022-09-15 00:30:00,326019.63979060785,326022.8741886551
2022-09-15 04:30:00,326034.58281863894,326023.0087706089
2022-09-15 08:30:00,326036.5703114868,326023.162879028
2022-09-15 12:30:00,326026.5830089117,326023.2013074537
2022-09-15 16:30:00,326033.2461827324,326023.31291717896
2022-09-15 20:30:00,326033.8203646932,326023.4283836352
2022-09-16 00:30:00,326010.6119646039,326023.2890747327
2022-09-16 04:30:00,326026.71733584214,326023.32593775535
2022-09-16 08:30:00,326014.0218668307,326023.22695827746
2022-09-16 12:30:00,326012.4803890276,326023.11383649585
2022-09-16 16:30:00,326039.56956467393,326023.28525033104
2022-09-16 20:30:00,326035.4202488297,326023.41035340837
2022-09-17 00:30:00,326020.78710991197,326023.3835856176
2022-09-17 04:30:00,326033.33911727904,326023.48414654343
2022-09-17 08:30:00,326007.0740554771,326023.3200456328
2022-09-17 12:30:00,326021.5042989939,326023.30206794327
2022-09-17 16:30:00,326040.39939144236,326023.4696887619
2022-09-17 20:30:00,326040.4516690865,326023.6345623573
2022-09-18 00:30:00,326034.9360913175,326023.743230905
2022-09-18 04:30:00,326018.6239494675,326023.6944758437
2022-09-18 08:30:00,326004.742164411,326023.5156804528
2022-09-18 12:30:00,326016.99926366116,326023.45477936126
2022-09-18 16:30:00,326028.89489920234,326023.5051508413
2022-09-18 20:30:00,326048.964366754,326023.7387216295
2022-09-19 00:30:00,326022.9055235465,326023.73114710144
2022-09-19 04:30:00,326013.0757331099,326023.63515238086
2022-09-19 08:30:00,326019.40265138546,326023.5973621934
2022-09-19 12:30:00,326025.3100192404,326023.6125184504
2022-09-19 16:30:00,326021.38170898403,326023.5929499463
2022-09-19 20:30:00,326023.84011394595,326023.5950991985
2022-09-20 00:30:00,326032.0690926638,326023.6681508663
2022-09-20 04:30:00,325994.635985392,326023.42001269985
2022-09-20 08:30:00,325997.0307537238,326023.19637491193
2022-09-20 12:30:00,326022.02402929845,326023.1865232681
2022-09-20 16:30:00,326021.589401068,326023.1732139165
2022-09-20 20:30:00,326033.41087392846,326023.2578226769
2022-09-21 00:30:00,326029.24310602323,326023.30688237643
2022-09-21 04:30:00,326012.3221229297,326023.2175753891
2022-09-21 08:30:00,326019.1300039358,326023.18461110315
2022-09-21 12:30:00,326024.7489560797,326023.19712586293
2022-09-21 16:30:00,326018.36551170016,326023.1587797188
2022-09-21 20:30:00,326025.1946645424,326023.174810308
2022-09-22 00:30:00,326028.2387352431,326023.21437222156
2022-09-22 04:30:00,326008.04451881716,326023.0967764587
2022-09-22 08:30:00,326011.9816951758,326023.0112758334
2022-09-22 12:30:00,326026.8304400936,326023.04042975913
2022-09-22 16:30:00,326028.27380394534,326023.08007653325
2022-09-22 20:30:00,326022.8026637736,326023.077990723
2022-09-23 00:30:00,326025.4188923737,326023.09546013834
2022-09-23 04:30:00,326010.9267778325,326023.0053217509
2022-09-23 08:30:00,326005.18572985026,326022.87429533986
2022-09-23 12:30:00,326029.97752731194,326022.9261437484
2022-09-23 16:30:00,326015.1199882375,326022.86957740405
2022-09-23 20:30:00,326023.11637065955,326022.87135289516
2022-09-24 00:30:00,326028.70753730135,326022.9130399266
2022-09-24 04:30:00,326031.19739596423,326022.9717942248
2022-09-24 08:30:00,326006.670690741,326022.85699772136
2022-09-24 12:30:00,326010.7709645768,326022.772480007
2022-09-24 16:30:00,326029.89074296603,326022.82191238867
2022-09-24 20:30:00,326025.4217018661,326022.8398419713
2022-09-25 00:30:00,326026.61322839407,326022.8656870838
2022-09-25 04:30:00,326022.15895770985,326022.860879401
2022-09-25 08:30:00,326015.0612292667,326022.80817906227
2022-09-25 12:30:00,326025.06830278947,326022.8233476779
2022-09-25 16:30:00,326025.78237742715,326022.8430745429
2022-09-25 20:30:00,326033.8306262419,326022.9158397859
2022-09-26 00:30:00,326025.41058817954,326022.9322526043
2022-09-26 04:30:00,326017.53065379575,326022.8969480369
2022-09-26 08:30:00,326013.066732067,326022.83311546565
2022-09-26 12:30:00,326010.3114530734,326022.752330547
2022-09-26 16:30:00,326020.5481628213,326022.7382012667
2022-09-26 20:30:00,326028.86208112084,326022.7772068709
2022-09-27 00:30:00,326024.4902326144,326022.78804880596
2022-09-27 04:30:00,326022.97643031494,326022.78923359537
2022-09-27 08:30:00,326026.46361044195,326022.8121984506
2022-09-27 12:30:00,326029.6850877133,326022.85488720384
2022-09-27 16:30:00,326022.52350173047,326022.8528416145
2022-09-27 20:30:00,326024.9801162082,326022.8658923789
2022-09-28 00:30:00,326027.08527116326,326022.89162029827
2022-09-28 04:30:00,326024.2012325226,326022.89955734205
2022-09-28 08:30:00,326028.49841611943,326022.93328540697
2022-09-28 12:30:00,326027.1721254516,326022.95866768266
2022-09-28 16:30:00,326019.68276701594,326022.939168274
2022-09-28 20:30:00,326015.83536170743,326022.8971339156
2022-09-29 00:30:00,326015.463392806,326022.85340602667
2022-09-29 04:30:00,326022.6429203519,326022.8521751163
2022-09-29 08:30:00,326030.16171944106,326022.8946724671
2022-09-29 12:30:00,326034.2361826432,326022.9602303293
2022-09-29 16:30:00,326012.1543153609,326022.89812736976
2022-09-29 20:30:00,326006.6955721779,326022.80554134
2022-09-30 00:30:00,326010.19120493863,326022.7338689742
2022-09-30 04:30:00,326023.4924383975,326022.7381546771
2022-09-30 08:30:00,326019.5971742805,326022.72050871985
2022-09-30 12:30:00,326020.1446835637,326022.70611863513
2022-09-30 16:30:00,326023.12408961134,326022.5937476015
2022-09-30 20:30:00,326011.6813465021,326022.4037789383
2022-10-01 00:30:00,326006.63390198234,326022.1777406816
2022-10-01 04:30:00,326013.2907718335,326022.0187207847
2022-10-01 08:30:00,326023.54831721337,326021.9522205706
2022-10-01 12:30:00,326015.46596188954,326021.9161858001
2022-10-01 16:30:00,326024.40059275075,326021.8211162274
2022-10-01 20:30:00,326020.1692687312,326021.7461063737
2022-10-02 00:30:00,326044.10092849284,326021.87148479035
2022-10-02 04:30:00,326030.23470770614,326021.91582657595
2022-10-02 08:30:00,326025.0722658691,326021.89823962806
2022-10-02 12:30:00,326022.1761677207,326021.86060980905
2022-10-02 16:30:00,326025.8872256644,326021.82490197854
2022-10-02 20:30:00,326007.1478217812,326021.79659574234
2022-10-03 00:30:00,326007.84179211245,326021.78472021705
2022-10-03 04:30:00,326014.26400311704,326021.7562708749
2022-10-03 08:30:00,326007.17109899153,326021.7453793289
2022-10-03 12:30:00,326011.92505787103,326021.7439333657
2022-10-03 16:30:00,326029.2687043269,326021.7760685768
2022-10-03 20:30:00,326013.6885905366,326021.64903843676
2022-10-04 00:30:00,326018.3144526461,326021.6793240084
2022-10-04 04:30:00,326021.6471246588,326021.863401827
2022-10-04 08:30:00,326012.18077496404,326021.79913934314
2022-10-04 12:30:00,326009.8336774474,326021.74906882126
2022-10-04 16:30:00,326027.29780765105,326021.7847942092
2022-10-04 20:30:00,326021.9073427172,326021.7948756369
2022-10-05 00:30:00,326027.04786571965,326021.8161733899
2022-10-05 04:30:00,326015.878581444,326021.7581897776
2022-10-05 08:30:00,326002.01582217216,326021.5836302345
2022-10-05 12:30:00,326018.21855933865,326021.54442522913
2022-10-05 16:30:00,326031.5200199104,326021.60389851395
2022-10-05 20:30:00,326033.98258191685,326021.7433218847
2022-10-06 00:30:00,326045.8053110843,326022.0509795202
2022-10-06 04:30:00,326030.341702349,326022.174941074
2022-10-06 08:30:00,325981.4900745682,326021.9656460761
2022-10-06 12:30:00,326030.75386683684,326022.04346534645
2022-10-06 16:30:00,326024.2202253356,326022.0669403782
2022-10-06 20:30:00,326025.8035714575,326022.07639889664
2022-10-07 00:30:00,326031.8534684339,326022.1854574974
2022-10-07 04:30:00,326039.6237496483,326022.360321129
2022-10-07 08:30:00,326029.29974985885,326022.49348895514
2022-10-07 12:30:00,326024.61905649136,326022.6130204611
2022-10-07 16:30:00,326022.69704575726,326022.5964838515
2022-10-07 20:30:00,326020.21402858145,326022.54421815084
2022-10-08 00:30:00,326036.04418395314,326022.6177113445
2022-10-08 04:30:00,326025.1510425498,326022.6813876273
2022-10-08 08:30:00,326014.77825627563,326022.66356870974
2022-10-08 12:30:00,326023.8524267942,326022.6551828066
2022-10-08 16:30:00,326031.84400922933,326022.8048664069
2022-10-08 20:30:00,326028.36921411887,326022.8713914522
2022-10-09 00:30:00,326023.12215152226,326022.76769265684
2022-10-09 04:30:00,326031.26422061067,326022.77399542276
2022-10-09 08:30:00,326030.1340632744,326022.81526682485
2022-10-09 12:30:00,326036.14727042423,326022.87537277373
2022-10-09 16:30:00,326031.1089594943,326022.96822332195
2022-10-09 20:30:00,326028.5795768121,326023.00300682784
2022-10-10 00:30:00,326036.0458838135,326023.01081724075
2022-10-10 04:30:00,326032.93329295923,326023.09105609526
2022-10-10 08:30:00,326028.0916329103,326023.27956624306
2022-10-10 12:30:00,326029.73145315767,326023.4162774268
2022-10-10 16:30:00,326026.1623862764,326023.407084015
2022-10-10 20:30:00,326041.543215863,326023.4820757373
2022-10-11 00:30:00,326034.12378045893,326023.5118830987
2022-10-11 04:30:00,326029.92272691283,326023.5028149301
2022-10-11 08:30:00,326020.49580425303,326023.5207939397
2022-10-11 12:30:00,326020.454239149,326023.56581987836
2022-10-11 16:30:00,326021.62472940714,326023.5874067824
2022-10-11 20:30:00,326009.7182513365,326023.46749259066
2022-10-12 00:30:00,326023.18986069947,326023.46978326276
2022-10-12 04:30:00,326030.5117928773,326023.36331517424
2022-10-12 08:30:00,326021.2527586006,326023.3264397654
2022-10-12 12:30:00,326025.7741170212,326023.26944659173
2022-10-12 16:30:00,326023.2674869652,326023.1858238024
2022-10-12 20:30:00,326022.15739055834,326023.0811631173
2022-10-13 00:30:00,326021.90766699484,326023.1355707682
2022-10-13 04:30:00,326018.2819754934,326023.1333576777
2022-10-13 08:30:00,326019.8641138957,326023.08093339246
2022-10-13 12:30:00,326018.89781344164,326023.0211701923
2022-10-13 16:30:00,326021.3163853428,326022.97423175175
2022-10-13 20:30:00,326012.8016272095,326022.930859788
2022-10-14 00:30:00,326002.89386121265,326022.7889114416
2022-10-14 04:30:00,326033.8844342422,326022.84955570096
2022-10-14 08:30:00,326025.1299202416,326022.9089134661
2022-10-14 12:30:00,326014.10546761064,326022.8311282031
2022-10-14 16:30:00,326018.5909259579,326022.7694128841
2022-10-14 20:30:00,326009.8790544553,326022.6414627891
2022-10-15 00:30:00,326007.2227127571,326022.5724790232
2022-10-15 04:30:00,326020.2795105198,326022.4930162004
2022-10-15 08:30:00,326029.9367775873,326022.45616323425
2022-10-15 12:30:00,326025.1143972405,326022.44800428045
2022-10-15 16:30:00,326016.60077859135,326022.35552981304
2022-10-15 20:30:00,325991.91627365455,326022.1227293073
2022-10-16 00:30:00,326003.14134868194,326022.08122588554
2022-10-16 04:30:00,326006.73667454557,326021.9702222117
2022-10-16 08:30:00,326015.80596079637,326021.9801338448
2022-10-16 12:30:00,326017.70011663163,326022.00913233147
2022-10-16 16:30:00,326024.2122908065,326021.92381414335
2022-10-16 20:30:00,326006.9942834996,326021.76589211373
2022-10-17 00:30:00,325995.1054568576,326021.62321626337
2022-10-17 04:30:00,325989.1759577603,326021.3778653771
2022-10-17 08:30:00,326038.77200526814,326021.5539650982
2022-10-17 12:30:00,326027.60710133455,326021.5878695557
2022-10-17 16:30:00,326025.2589768517,326021.50375614123
2022-10-17 20:30:00,326015.74023218575,326021.3664703808
2022-10-18 00:30:00,326015.9275253868,326021.26086723665
2022-10-18 04:30:00,326019.9442249028,326021.26820210024
2022-10-18 08:30:00,326022.97310678626,326021.36948511336
2022-10-18 12:30:00,326027.2997290982,326021.4267099214
2022-10-18 16:30:00,326018.5924943893,326021.3694743391
2022-10-18 20:30:00,326020.93067419657,326021.21373160265
2022-10-19 00:30:00,326009.8772401666,326021.1413522506
2022-10-19 04:30:00,326007.1596677771,326021.10848522093
2022-10-19 08:30:00,326009.4366332695,326021.0531184536
2022-10-19 12:30:00,326027.69196272164,326021.0663514729
2022-10-19 16:30:00,326027.24916600756,326021.0989484564
2022-10-19 20:30:00,326015.6490356249,326021.0534424657
2022-10-20 00:30:00,326025.87434524525,326021.0190272023
2022-10-20 04:30:00,326012.4513031257,326021.11800118966
2022-10-20 08:30:00,326018.73948070005,326021.2386052285
2022-10-20 12:30:00,326025.75008981273,326021.2593055646
2022-10-20 16:30:00,326022.0788239154,326021.2620245805
2022-10-20 20:30:00,326026.84467683954,326021.2255457078
2022-10-21 00:30:00,326031.4858859651,326021.2380055963
2022-10-21 04:30:00,326025.60639027576,326021.31180708157
2022-10-21 08:30:00,326031.0861821934,326021.37823029415
2022-10-21 12:30:00,326012.24835760554,326021.30878252484
2022-10-21 16:30:00,326024.73574293795,326021.3441726984
2022-10-21 20:30:00,326012.1458480922,326021.27167927363
2022-10-22 00:30:00,326016.3944969291,326021.2058779497
2022-10-22 04:30:00,326021.49506617594,326021.28060321277
2022-10-22 08:30:00,326014.1657935376,326021.2927370926
2022-10-22 12:30:00,326015.0641348991,326021.2273687304
2022-10-22 16:30:00,326027.79182107205,326021.22469104774
2022-10-22 20:30:00,326021.2622968627,326021.2161334538
2022-10-23 00:30:00,326022.5433011284,326021.2001579469
2022-10-23 04:30:00,326022.43646109564,326021.2641006317
2022-10-23 08:30:00,325999.8085586148,326021.2342274582
2022-10-23 12:30:00,326015.2986589044,326021.1526781892
2022-10-23 16:30:00,326021.4492401316,326021.18784069974
2022-10-23 20:30:00,325994.102218202,326021.0266509639
2022-10-24 00:30:00,326021.7192891124,326020.98782736284
2022-10-24 04:30:00,326029.94076853374,326020.98084609926
2022-10-24 08:30:00,326024.2050138508,326021.0782590055
2022-10-24 12:30:00,326023.84581241675,326021.15089704905
2022-10-24 16:30:00,326029.271167278,326021.1474549619
2022-10-24 20:30:00,326025.33074370027,326021.1469496387
2022-10-25 00:30:00,326032.5096447989,326021.17970750766
2022-10-25 04:30:00,326040.26450041094,326021.280293856
2022-10-25 08:30:00,326016.999624889,326021.2910627206
2022-10-25 12:30:00,325995.95326032257,326021.12931248464
2022-10-25 16:30:00,326009.68615384976,326021.03988902026
2022-10-25 20:30:00,325986.26578461763,326020.7756399002
2022-10-26 00:30:00,326009.69625980785,326020.68833807594
2022-10-26 04:30:00,326004.7883806977,326020.6175476698
2022-10-26 08:30:00,326010.5604397437,326020.60362382355
2022-10-26 12:30:00,326017.09883222135,326020.64133148553
2022-10-26 16:30:00,326007.15388319275,326020.56691882084
2022-10-26 20:30:00,325996.1414508068,326020.38513754134
2022-10-27 00:30:00,326000.2368812709,326020.2503967006
2022-10-27 04:30:00,326021.0383623928,326020.23962965654
2022-10-27 08:30:00,326031.09639157186,326020.2653673295
2022-10-27 12:30:00,326038.1586399776,326020.3124426198
2022-10-27 16:30:00,326035.8141451813,326020.3862795279
2022-10-27 20:30:00,326018.43281464075,326020.34990563034
2022-10-28 00:30:00,326010.085345671,326020.25546159974
2022-10-28 04:30:00,326003.84968493896,326020.14239744656
2022-10-28 08:30:00,326020.6065722475,326020.0985538695
2022-10-28 12:30:00,326018.9332406761,326020.0527822874
2022-10-28 16:30:00,326019.7244008421,326020.05301358644
2022-10-28 20:30:00,326014.21578239603,326020.0440159236
2022-10-29 00:30:00,326013.0087611721,326020.0303790812
2022-10-29 04:30:00,326023.29213188606,326020.033985812
2022-10-29 08:30:00,326028.1048312633,326020.0225586554
2022-10-29 12:30:00,326025.39533981297,326019.97344286187
2022-10-29 16:30:00,326021.7834704282,326020.0269381678
2022-10-29 20:30:00,326019.3453625374,326020.0972147809
2022-10-30 00:30:00,326010.0721385252,326020.09655330086
2022-10-30 04:30:00,326005.910469935,326019.99887569825
2022-10-30 08:30:00,326015.80370860896,326019.977800889
2022-10-30 12:30:00,326019.04101289954,326019.9716693854
2022-10-30 16:30:00,326020.2705503816,326019.95581638964
2022-10-30 20:30:00,326032.92310910526,326020.0738261819
2022-10-31 00:30:00,326025.29426585836,326020.17749487003
2022-10-31 04:30:00,326006.5673662911,326020.140142617
2022-10-31 08:30:00,326010.5861641095,326020.06813065533
2022-10-31 12:30:00,326024.777492097,326020.11986137874
2022-10-31 16:30:00,326029.0644558513,326020.1457717293
2022-10-31 20:30:00,326007.7697427763,326020.0768854739
2022-11-01 00:30:00,326005.73893123027,326019.86376326694
2022-11-01 04:30:00,326029.5005430659,326019.85968457453
2022-11-01 08:30:00,326024.4795706009,326019.85639182304
2022-11-01 12:30:00,326021.09162891086,326019.8503666074
2022-11-01 16:30:00,326016.0808577735,326019.7958867858
2022-11-01 20:30:00,326003.0535271186,326019.7731407044
2022-11-02 00:30:00,326001.58349499205,326019.738372387
2022-11-02 04:30:00,325992.0015039296,326019.614691836
2022-11-02 08:30:00,326011.4533563847,326019.6384821548
2022-11-02 12:30:00,326025.8897604749,326019.7160638359
2022-11-02 16:30:00,326034.92567658867,326019.74749145965
2022-11-02 20:30:00,326035.6842155119,326019.86968937615
2022-11-03 00:30:00,326026.20167902746,326019.9135073004
2022-11-03 04:30:00,326018.38306862785,326019.89537365583
2022-11-03 08:30:00,326015.59568953095,326019.91434540343
2022-11-03 12:30:00,326022.3904067734,326019.9841050108
2022-11-03 16:30:00,326026.91768784606,326019.9819932342
2022-11-03 20:30:00,326023.9952376936,326019.9935926507
2022-11-04 00:30:00,326027.8236516326,326019.9979025724
2022-11-04 04:30:00,326019.6794510882,326020.01901851484
2022-11-04 08:30:00,326025.9921527081,326020.15222035116
2022-11-04 12:30:00,326022.27607582347,326020.1747621094
2022-11-04 16:30:00,326025.12553910847,326020.1392372161
2022-11-04 20:30:00,326011.68363314855,326020.0153541673
2022-11-05 00:30:00,326028.5235880147,326019.9193445948
2022-11-05 04:30:00,326020.97616532637,326019.86731383356
2022-11-05 08:30:00,326010.7027496893,326020.02960647305
2022-11-05 12:30:00,326014.6050627263,326019.9398908947
2022-11-05 16:30:00,326038.171831983,326020.0173998205
2022-11-05 20:30:00,326015.80534430017,326019.9618541141
2022-11-06 00:30:00,326017.8253263834,326019.8839199916
2022-11-06 04:30:00,326015.4458052511,326019.74959807826
2022-11-06 08:30:00,326027.0370019594,326019.73702725663
2022-11-06 12:30:00,326029.83094549907,326019.7659821955
2022-11-06 16:30:00,325998.4364420834,326019.63120106404
2022-11-06 20:30:00,326016.35920126335,326019.6097853566
2022-11-07 00:30:00,326017.8106563347,326019.50848798105
2022-11-07 04:30:00,326038.8096000876,326019.5843688562
2022-11-07 08:30:00,326025.37533286697,326019.64324150403
2022-11-07 12:30:00,326018.1388528951,326019.6114994267
2022-11-07 16:30:00,326040.5936361046,326019.66010846494
2022-11-07 20:30:00,326025.3885283001,326019.64354909933
2022-11-08 00:30:00,326041.4025724413,326019.7451069933
2022-11-08 04:30:00,326028.566706375,326019.7301208031
2022-11-08 08:30:00,326025.7869772418,326019.70597032516
2022-11-08 12:30:00,326021.22671739385,326019.62307836383
2022-11-08 16:30:00,326004.26996986975,326019.47397286596
2022-11-08 20:30:00,326002.82660810085,326019.3309008176
2022-11-09 00:30:00,326021.72669241024,326019.25134975417
2022-11-09 04:30:00,326012.280880311,326019.13661412837
2022-11-09 08:30:00,326031.1852658902,326019.1538009782
2022-11-09 12:30:00,326025.1313255604,326019.12824471376
2022-11-09 16:30:00,326022.8266550643,326019.1097128738
2022-11-09 20:30:00,326011.78066711605,326018.9443653808
2022-11-10 00:30:00,326007.84886152134,326018.7983936088
2022-11-10 04:30:00,326020.4426482189,326018.74572650495
2022-11-10 08:30:00,326029.5001980353,326018.79575091484
2022-11-10 12:30:00,326019.6267291996,326018.7911536374
2022-11-10 16:30:00,326004.785719587,326018.6976035828
2022-11-10 20:30:00,326017.2047763238,326018.7391953883
2022-11-11 00:30:00,326014.66642960755,326018.6918429934
2022-11-11 04:30:00,326023.58504711976,326018.6533610724
2022-11-11 08:30:00,326027.8491081544,326018.69000745885
2022-11-11 12:30:00,326031.33196864836,326018.7208844124
2022-11-11 16:30:00,326031.20063662867,326018.76495746605
2022-11-11 20:30:00,326024.3887610266,326018.77735396865
2022-11-12 00:30:00,326004.3148206714,326018.6796159335
2022-11-12 04:30:00,326029.2243481842,326018.74040689296
2022-11-12 08:30:00,326013.8379593739,326018.70692825667
2022-11-12 12:30:00,326016.93242928066,326018.6960094558
2022-11-12 16:30:00,326023.0826939532,326018.70582228136
2022-11-12 20:30:00,326009.06206886255,326018.6850469572
2022-11-13 00:30:00,326006.45509423455,326018.7048315852
2022-11-13 04:30:00,326026.05230673536,326018.6613197656
2022-11-13 08:30:00,326026.30656589364,326018.667856686
2022-11-13 12:30:00,326035.65681271406,326018.787586381
2022-11-13 16:30:00,326031.377656169,326018.85862377106
2022-11-13 20:30:00,326032.98564485525,326018.9869937177
2022-11-14 00:30:00,326025.5988733403,326019.08908349875
2022-11-14 04:30:00,326035.68149039795,326019.1746500536
2022-11-14 08:30:00,326014.6580542845,326019.08976825746
2022-11-14 12:30:00,326017.15866577695,326019.0455697494
2022-11-14 16:30:00,326010.8618119006,326019.0136866011
2022-11-14 20:30:00,326015.756105112,326019.14613010915
2022-11-15 00:30:00,326017.86792792875,326019.22794443835
2022-11-15 04:30:00,326029.53055414127,326019.35457710276
2022-11-15 08:30:00,326024.1180340529,326019.4007552875
2022-11-15 12:30:00,326028.2470196046,326019.4593491929
2022-11-15 16:30:00,326020.93966471293,326019.44116793683
2022-11-15 20:30:00,326008.5498559396,326019.449810006
2022-11-16 00:30:00,326014.9528243674,326019.5600731588
2022-11-16 04:30:00,326013.124263361,326019.693119301
2022-11-16 08:30:00,326020.90641746233,326019.5938660354
2022-11-16 12:30:00,326029.6606963427,326019.6052748966
2022-11-16 16:30:00,326025.3306327859,326019.60567298514
2022-11-16 20:30:00,326035.5204696114,326019.715563193
2022-11-17 00:30:00,326023.0655951595,326019.7552191362
2022-11-17 04:30:00,326005.82962054043,326019.6768046675
2022-11-17 08:30:00,326028.1495625847,326019.70556275535
2022-11-17 12:30:00,326024.06105389836,326019.68757011526
2022-11-17 16:30:00,326036.56851232046,326019.78743688157
2022-11-17 20:30:00,326031.4061509189,326019.8456339745
2022-11-18 00:30:00,326023.99889492994,326019.9240876121
2022-11-18 04:30:00,326006.3288664661,326019.9194720492
2022-11-18 08:30:00,326023.26998081524,326019.99632398004
2022-11-18 12:30:00,326034.27801384585,326020.03291315294
2022-11-18 16:30:00,326037.0750459619,326020.08750137495
2022-11-18 20:30:00,326023.84169840754,326020.13301616814
2022-11-19 00:30:00,326044.84248418745,326020.23839471786
2022-11-19 04:30:00,326031.15716006106,326020.3423161452
2022-11-19 08:30:00,326018.06099773815,326020.3385467954
2022-11-19 12:30:00,326023.8995546971,326020.32826604485
2022-11-19 16:30:00,326030.41329675715,326020.3745686717
2022-11-19 20:30:00,326026.58946582105,326020.3731508327
2022-11-20 00:30:00,326027.36346735794,326020.3502485071
2022-11-20 04:30:00,326035.65547868796,326020.4060767761
2022-11-20 08:30:00,326032.4114145181,326020.41343917785
2022-11-20 12:30:00,326023.8181091536,326020.4777155753
2022-11-20 16:30:00,326034.5971383592,326020.53250110545
2022-11-20 20:30:00,326033.7204772594,326020.6523601564
2022-11-21 00:30:00,326027.21467090526,326020.71247223404
2022-11-21 04:30:00,326027.48848658934,326020.7457690141
2022-11-21 08:30:00,326028.22896178503,326020.82389772666
2022-11-21 12:30:00,326017.6368845976,326020.8381907805
2022-11-21 16:30:00,326024.2883346994,326020.8187269673
2022-11-21 20:30:00,326016.1761021939,326020.7904703303
2022-11-22 00:30:00,326017.8333421391,326020.7643038914
2022-11-22 04:30:00,326029.1184378294,326020.80142598436
2022-11-22 08:30:00,326024.83536324237,326020.9404637879
2022-11-22 12:30:00,326038.56790323724,326021.06973736756
2022-11-22 16:30:00,326012.529241295,326021.0201818184
2022-11-22 20:30:00,325999.6604209819,326021.05106072273
2022-11-23 00:30:00,326030.7912522797,326021.1014605181
2022-11-23 04:30:00,326025.23392549827,326021.07531139016
2022-11-23 08:30:00,326013.1058067629,326021.01364912855
2022-11-23 12:30:00,326017.99704362074,326020.9811559686
2022-11-23 16:30:00,326013.6623915553,326020.8944405479
2022-11-23 20:30:00,325992.03374438104,326020.7094572184
2022-11-24 00:30:00,326008.0095295146,326020.5733454667
2022-11-24 04:30:00,326027.459924684,326020.502208935
2022-11-24 08:30:00,326034.9855214485,326020.6021305825
2022-11-24 12:30:00,326032.0338918932,326020.80257853575
2022-11-24 16:30:00,326034.16147338395,326020.9385525331
2022-11-24 20:30:00,326002.2790123333,326021.02751490934
2022-11-25 00:30:00,326010.0212626435,326021.02932048053
2022-11-25 04:30:00,326028.2185570107,326021.15948812675
2022-11-25 08:30:00,326025.7387116553,326021.24381185963
2022-11-25 12:30:00,326023.5562386631,326021.27968633984
2022-11-25 16:30:00,326009.0272102148,326021.2900937122
2022-11-25 20:30:00,325992.83427858626,326021.2717205332
2022-11-26 00:30:00,326001.00086245616,326021.27596487314
2022-11-26 04:30:00,326013.76393007406,326021.23555136024
2022-11-26 08:30:00,326023.6900772858,326021.19440516975
2022-11-26 12:30:00,326024.5818467022,326021.1189785404
2022-11-26 16:30:00,326017.5289042436,326021.01739386853
2022-11-26 20:30:00,326020.1158512456,326021.0267440719
2022-11-27 00:30:00,326014.6879954686,326021.05231434864
2022-11-27 04:30:00,326020.26810115617,326021.143527772
2022-11-27 08:30:00,326024.79397629225,326021.1667911278
2022-11-27 12:30:00,326022.66870664136,326021.1875437165
2022-11-27 16:30:00,325997.8478137046,326021.06600712123
2022-11-27 20:30:00,325992.34897674905,326020.94452486775
2022-11-28 00:30:00,325989.67529639584,326020.8148945078
2022-11-28 04:30:00,326004.0225224084,326020.7078411219
2022-11-28 08:30:00,326009.52303483617,326020.6046089195
2022-11-28 12:30:00,326035.93718629365,326020.6631747332
2022-11-28 16:30:00,326026.18876123737,326020.6876485711
2022-11-28 20:30:00,326030.47685285565,326020.74949018395
2022-11-29 00:30:00,326024.66537059273,326020.8305636954
2022-11-29 04:30:00,326023.5623842333,326020.928629886
2022-11-29 08:30:00,326005.1984209265,326020.8697116211
2022-11-29 12:30:00,326023.4067739211,326020.89396584895
2022-11-29 16:30:00,326028.64135306026,326020.9404703083
2022-11-29 20:30:00,326016.74069688376,326020.85056801816
2022-11-30 00:30:00,326013.1459594464,326020.78307742707
2022-11-30 04:30:00,326000.8149870615,326020.75111976464
2022-11-30 08:30:00,326026.602237923,326020.84009795246
2022-11-30 12:30:00,326011.00211299426,326020.76356806856
2022-11-30 16:30:00,326020.6543006682,326020.7168449842
2022-11-30 20:30:00,326006.0241893704,326020.7071474653
2022-12-01 00:30:00,326015.8243407671,326020.7631775183
2022-12-01 04:30:00,326020.1649157325,326020.711312922
2022-12-01 08:30:00,326009.69548970833,326020.6291791393
2022-12-01 12:30:00,326015.45336264727,326020.5978554378
2022-12-01 16:30:00,326016.90367052844,326020.6024266198
2022-12-01 20:30:00,326021.08496172953,326020.7026012565
2022-12-02 00:30:00,326017.65282728197,326020.79187532474
2022-12-02 04:30:00,326012.925730943,326020.9081210304
2022-12-02 08:30:00,326022.25761342084,326020.96814468055
2022-12-02 12:30:00,326020.02106664586,326020.935540826
2022-12-02 16:30:00,326031.10535453324,326020.91431681457
2022-12-02 20:30:00,326029.9619457715,326020.8825264271
2022-12-03 00:30:00,326024.5522572851,326020.87336297304
2022-12-03 04:30:00,326021.56307760195,326020.8910296896
2022-12-03 08:30:00,326012.05385640915,326020.8713528388
2022-12-03 12:30:00,326016.09791000263,326020.83639452345
2022-12-03 16:30:00,326022.6129199795,326020.8124791464
2022-12-03 20:30:00,326023.1893790343,326020.8080021539
2022-12-04 00:30:00,326028.01542885497,326020.8090675828
2022-12-04 04:30:00,326016.69982841733,326020.7925141236
2022-12-04 08:30:00,326016.5204599443,326020.73989360826
2022-12-04 12:30:00,326021.7815470418,326020.7371462261
2022-12-04 16:30:00,326014.0609861845,326020.6756764877
2022-12-04 20:30:00,326023.27437655785,326020.7400695066
2022-12-05 00:30:00,326010.4518488352,326020.6396709556
2022-12-05 04:30:00,326021.1769258133,326020.6407862916
2022-12-05 08:30:00,326017.5610620401,326020.6788880269
2022-12-05 12:30:00,326034.87923885597,326020.79152233875
2022-12-05 16:30:00,326028.91680633253,326020.7401055296
2022-12-05 20:30:00,326023.61904316535,326020.78351496777
2022-12-06 00:30:00,326033.3082481841,326020.8695312
2022-12-06 04:30:00,326027.4076335616,326020.9359858017
2022-12-06 08:30:00,326030.3417764796,326020.9543456601
2022-12-06 12:30:00,326023.5581805011,326020.9194969657
2022-12-06 16:30:00,326020.56661241484,326021.0424423564
2022-12-06 20:30:00,326027.95484667853,326021.10686260875
2022-12-07 00:30:00,326026.24749547086,326021.15373393724
2022-12-07 04:30:00,326017.6266095467,326021.0360506565
2022-12-07 08:30:00,326019.0394287152,326021.00085118896
2022-12-07 12:30:00,326022.2487564699,326021.02368398657
2022-12-07 16:30:00,326003.29722607514,326020.81648170867
2022-12-07 20:30:00,326006.5134715371,326020.7116202822
2022-12-08 00:30:00,326018.52532687865,326020.5845244735
2022-12-08 04:30:00,326014.69870537514,326020.5074800235
2022-12-08 08:30:00,326014.30843294563,326020.443710333
2022-12-08 12:30:00,326028.42361857975,326020.48369311733
2022-12-08 16:30:00,326011.80294402404,326020.5255429738
2022-12-08 20:30:00,326015.2466039069,326020.59454295045
2022-12-09 00:30:00,326017.4442000893,326020.57075132645
2022-12-09 04:30:00,326017.6319688781,326020.6004795963
2022-12-09 08:30:00,326031.14624073316,326020.6002627899
2022-12-09 12:30:00,326027.1417315058,326020.61143171176
2022-12-09 16:30:00,326018.36580598284,326020.5866492168
2022-12-09 20:30:00,326007.4456618112,326020.56256585405
2022-12-10 00:30:00,326008.8689658223,326020.56823310023
2022-12-10 04:30:00,326027.6236246792,326020.6081274139
2022-12-10 08:30:00,326010.776791236,326020.5041084872
2022-12-10 12:30:00,326014.64290897944,326020.47642059706
2022-12-10 16:30:00,326019.42894829443,326020.55777186766
2022-12-10 20:30:00,326016.4164927412,326020.55339251447
2022-12-11 00:30:00,326034.02585485263,326020.6609448769
2022-12-11 04:30:00,326038.1424272825,326020.7418192112
2022-12-11 08:30:00,326032.4492136641,326020.7673753529
2022-12-11 12:30:00,326028.4862140884,326020.7515656053
2022-12-11 16:30:00,326004.09799143503,326020.6009953543
2022-12-11 20:30:00,326006.8571078902,326020.50359728123
2022-12-12 00:30:00,326005.53190000774,326020.5103588331
2022-12-12 04:30:00,326020.1199302801,326020.45977873367
2022-12-12 08:30:00,326015.57259819715,326020.46941561595
2022-12-12 12:30:00,326020.81237272517,326020.4909708573
2022-12-12 16:30:00,326017.0563352503,326020.45749108685
2022-12-12 20:30:00,325993.267277015,326020.3697422432
2022-12-13 00:30:00,326007.07209708134,326020.37317003676
2022-12-13 04:30:00,326015.7506414478,326020.31593856297
2022-12-13 08:30:00,326018.096276948,326020.2703258466
2022-12-13 12:30:00,326005.99114978034,326020.10551660805
2022-12-13 16:30:00,326015.07680385816,326020.0149563175
2022-12-13 20:30:00,325997.24123557983,326019.81637626595
2022-12-14 00:30:00,326025.2997174515,326019.8147142888
2022-12-14 04:30:00,326028.93555507506,326019.7772368703
2022-12-14 08:30:00,326021.03120903065,326019.8126432856
2022-12-14 12:30:00,326029.6037948211,326019.8817828914
2022-12-14 16:30:00,326028.6914505207,326019.98083643924
2022-12-14 20:30:00,326018.3187113276,326019.9950731404
2022-12-15 00:30:00,326012.3005097737,326019.9641430396
2022-12-15 04:30:00,326022.08795570757,326019.9227952705
2022-12-15 08:30:00,326016.8693163525,326019.8825246166
2022-12-15 12:30:00,326020.2646911156,326019.8381783473
2022-12-15 16:30:00,326022.4138283915,326019.84636814543
2022-12-15 20:30:00,326008.0864968404,326019.8437939282
2022-12-16 00:30:00,325997.5316511744,326019.74700963276
2022-12-16 04:30:00,326022.88451263466,326019.8012332398
2022-12-16 08:30:00,326036.55694207683,326019.8881805988
2022-12-16 12:30:00,326037.7284936289,326019.9330016948
2022-12-16 16:30:00,326028.1432008714,326019.9486270731
2022-12-16 20:30:00,326030.32098652085,326019.9197410559
2022-12-17 00:30:00,326031.81137577083,326019.9683287259
2022-12-17 04:30:00,326033.0751904129,326020.119693003
2022-12-17 08:30:00,326033.49347048247,326020.14938138024
2022-12-17 12:30:00,326029.1900814436,326020.1778759777
2022-12-17 16:30:00,326008.0727691832,326020.01956629363
2022-12-17 20:30:00,326030.373207286,326020.01382771786
2022-12-18 00:30:00,326000.93703812297,326019.8857062911
2022-12-18 04:30:00,326009.92946043937,326019.905709591
2022-12-18 08:30:00,326023.50605758984,326019.9070211287
2022-12-18 12:30:00,326032.14263503643,326019.89515791304
2022-12-18 16:30:00,326035.9603936309,326019.8889654001
2022-12-18 20:30:00,326013.0615405184,326019.829075634
2022-12-19 00:30:00,326016.0009961547,326019.668845145
2022-12-19 04:30:00,326029.723039502,326019.6608778085
2022-12-19 08:30:00,326029.4578179508,326019.7241934764
2022-12-19 12:30:00,326030.81239608163,326019.76259815076
2022-12-19 16:30:00,326019.58914792165,326019.7024639906
2022-12-19 20:30:00,326023.24578022305,326019.68388795946
2022-12-20 00:30:00,326031.6390394299,326019.70764113765
2022-12-20 04:30:00,326023.9298725968,326019.64249888156
2022-12-20 08:30:00,326026.6152675697,326019.6102980652
2022-12-20 12:30:00,326022.7674920656,326019.6044613036
2022-12-20 16:30:00,326025.76943525835,326019.5554185086
2022-12-20 20:30:00,326006.9706595453,326019.4068084102
2022-12-21 00:30:00,326008.5473581597,326019.30310111714
2022-12-21 04:30:00,326010.4881754402,326019.20865494414
2022-12-21 08:30:00,326019.0734224185,326019.1577908365
2022-12-21 12:30:00,326023.37547753606,326019.1896719084
2022-12-21 16:30:00,326003.6878730721,326019.07522489934
2022-12-21 20:30:00,326021.77601005364,326019.10633549857
2022-12-22 00:30:00,326027.49329237896,326019.16000188875
2022-12-22 04:30:00,326022.94288674137,326019.12569327164
2022-12-22 08:30:00,326009.9727733885,326019.043123328
2022-12-22 12:30:00,326035.4305942269,326019.02569383354
2022-12-22 16:30:00,326015.00530843425,326019.03944976203
2022-12-22 20:30:00,326012.89091734675,326019.1129525197
2022-12-23 00:30:00,326005.4840836433,326018.97235713835
2022-12-23 04:30:00,326030.779832701,326019.00316773384
2022-12-23 08:30:00,326018.45503778156,326019.032885684
2022-12-23 12:30:00,326024.2615131583,326019.06768829253
2022-12-23 16:30:00,326024.6996260212,326019.1290062618
2022-12-23 20:30:00,326004.90178004035,326019.2004953488
2022-12-24 00:30:00,326014.6773258392,326019.2375386617
2022-12-24 04:30:00,326030.55102672504,326019.2547114508
2022-12-24 08:30:00,326031.04379229614,326019.2328129555
2022-12-24 12:30:00,326037.4597753998,326019.2629567528
2022-12-24 16:30:00,326038.9877737856,326019.2897695328
2022-12-24 20:30:00,326001.66538150003,326019.2863604726
2022-12-25 00:30:00,325993.2690836644,326019.1932928116
2022-12-25 04:30:00,326011.81495578104,326019.1021616937
2022-12-25 08:30:00,326019.3042515413,326019.066414693
2022-12-25 12:30:00,326029.5550312151,326019.0997413183
2022-12-25 16:30:00,326014.9385463086,326019.1325820744
2022-12-25 20:30:00,326007.01821810805,326019.2113817384
2022-12-26 00:30:00,326019.63739262917,326019.31491801713
2022-12-26 04:30:00,326029.6531623451,326019.4031915298
2022-12-26 08:30:00,326032.7579967489,326019.45356886013
2022-12-26 12:30:00,326001.5559587857,326019.32564726064
2022-12-26 16:30:00,326013.09495332756,326019.3010141999
2022-12-26 20:30:00,326001.74386874225,326019.1989476305
2022-12-27 00:30:00,326015.8473703371,326019.2053886019
2022-12-27 04:30:00,326002.45560419303,326019.1064302855
2022-12-27 08:30:00,326032.5021394918,326019.1492534144
2022-12-27 12:30:00,326035.0459786439,326019.21801603655
2022-12-27 16:30:00,326014.59944587003,326019.3110806598
2022-12-27 20:30:00,326003.7405335793,326019.37436708657
2022-12-28 00:30:00,326011.98451996304,326019.49830721755
2022-12-28 04:30:00,326013.915177495,326019.55326641246
2022-12-28 08:30:00,326016.51079468126,326019.59208730044
2022-12-28 12:30:00,326009.914492657,326019.4475167803
2022-12-28 16:30:00,326014.1113452886,326019.38042002503
2022-12-28 20:30:00,326025.4834875196,326019.35267910647
2022-12-29 00:30:00,325996.7470287763,326019.19757720747
2022-12-29 04:30:00,326009.87289913517,326019.1215245125
2022-12-29 08:30:00,326028.55504733423,326019.25128354813
2022-12-29 12:30:00,326027.3621250133,326019.2732577208
2022-12-29 16:30:00,326030.28947012685,326019.2824139268
2022-12-29 20:30:00,326016.42685131036,326019.2806703403
2022-12-30 00:30:00,326031.5043302271,326019.38266128907
2022-12-30 04:30:00,326028.1706449292,326019.53463716607
2022-12-30 08:30:00,326032.60597699624,326019.567991272
2022-12-30 12:30:00,326045.6397671674,326019.76042268414
2022-12-30 16:30:00,326025.3353722474,326019.78642863734
2022-12-30 20:30:00,326013.1090859362,326019.82578917383
2022-12-31 00:30:00,326001.0526892558,326019.7437244432
2022-12-31 04:30:00,326010.47931833914,326019.6899155688
2022-12-31 08:30:00,326034.2305487727,326019.82622145244
2022-12-31 12:30:00,326009.8287089244,326019.79497337627
2022-12-31 16:30:00,326026.9502156986,326019.8507875161
2022-12-31 20:30:00,326009.21395602945,326019.7848374844
2023-01-01 00:30:00,326005.6222476224,326019.71800093073
2023-01-01 04:30:00,326019.06203831674,326019.7520915273
2023-01-01 08:30:00,326011.79275502113,326019.69395342504
2023-01-01 12:30:00,326030.3033196175,326019.7510770527
2023-01-01 16:30:00,326019.33878195356,326019.685707205
2023-01-01 20:30:00,326008.5908360699,326019.5669788178
2023-01-02 00:30:00,326021.6449609973,326019.5508271717
2023-01-02 04:30:00,326031.33908759407,326019.60513833835
2023-01-02 08:30:00,326036.82566472376,326019.7427594956
2023-01-02 12:30:00,326033.454423987,326019.8391845733
2023-01-02 16:30:00,326013.9495628318,326019.7910548114
2023-01-02 20:30:00,326025.2598024033,326019.80255716346
2023-01-03 00:30:00,326028.6746597312,326019.8062195572
2023-01-03 04:30:00,326015.17853211635,326019.7977679111
2023-01-03 08:30:00,326022.3757013983,326019.8302970303
2023-01-03 12:30:00,326030.3366929354,326019.87782561855
2023-01-03 16:30:00,326012.13611622585,326019.8671318966
2023-01-03 20:30:00,325993.21796193055,326019.7001518153
2023-01-04 00:30:00,326024.1670602466,326019.77634743426
2023-01-04 04:30:00,326010.6810227489,326019.7180368617
2023-01-04 08:30:00,326020.4413602432,326019.7340385184
2023-01-04 12:30:00,326023.03522783297,326019.6682384571
2023-01-04 16:30:00,326031.33167883055,326019.68165441544
2023-01-04 20:30:00,326016.4779844708,326019.64198186714
2023-01-05 00:30:00,326011.77914390905,326019.52237573225
2023-01-05 04:30:00,326006.80281874235,326019.4079045388
2023-01-05 08:30:00,326016.49612004426,326019.3309842253
2023-01-05 12:30:00,326020.7241147767,326019.3152394158
2023-01-05 16:30:00,325995.7226840882,326019.17721759167
2023-01-05 20:30:00,326024.7662524525,326019.1595031793
2023-01-06 00:30:00,326021.24125555326,326019.13169073535
2023-01-06 04:30:00,326022.9610119971,326019.1613263045
2023-01-06 08:30:00,326042.2744362037,326019.29040967947
2023-01-06 16:30:00,326035.71743674454,326019.45500109775
2023-01-06 20:30:00,326008.03464825184,326019.46349929174
2023-01-07 00:30:00,326017.2431807042,326019.4563364639
2023-01-07 04:30:00,326025.87971124833,326019.5188001839
2023-01-07 08:30:00,326024.13453056535,326019.57369458396
2023-01-07 12:30:00,326019.9585195892,326019.5264035282
2023-01-07 16:30:00,326049.6976737591,326019.73810592893
2023-01-07 20:30:00,326001.8539407088,326019.66328658146
2023-01-08 00:30:00,326019.10415673914,326019.6725600823
2023-01-08 04:30:00,326012.1116155649,326019.6417201197
2023-01-08 08:30:00,326023.98087319004,326019.60169013334
2023-01-08 12:30:00,326053.55481621827,326019.7492492659
2023-01-08 16:30:00,326022.0485758002,326019.7698233989
2023-01-08 20:30:00,325987.23054522806,326019.65688978665
2023-01-09 00:30:00,326004.6005299519,326019.63304377627
2023-01-09 04:30:00,326012.3265844628,326019.54758545104
2023-01-09 08:30:00,326031.3634650656,326019.66259480204
2023-01-09 12:30:00,326028.7428722596,326019.74136554665
2023-01-09 16:30:00,326056.6676295532,326019.94940287207
2023-01-09 20:30:00,326001.285080468,326019.86486984266
2023-01-10 00:30:00,326001.3105861807,326019.6821029786
2023-01-10 04:30:00,326033.1613988207,326019.6542760038
2023-01-10 08:30:00,326026.44280812034,326019.62072066567
2023-01-10 12:30:00,325984.9898195603,326019.37772404816
2023-01-10 16:30:00,326008.44879362383,326019.40203020565
2023-01-10 20:30:00,326014.43091615435,326019.4443419837
2023-01-11 00:30:00,325986.08679455373,326019.33571010956
2023-01-11 04:30:00,326015.2796125315,326019.30866922834
2023-01-11 08:30:00,326026.80740586173,326019.37143351696
2023-01-11 12:30:00,326030.8141884057,326019.42730958224
2023-01-11 16:30:00,326035.58384570695,326019.5308152273
2023-01-11 20:30:00,326039.66238772095,326019.79000578984
2023-01-12 00:30:00,326011.57463546016,326019.81515963556
2023-01-12 04:30:00,326003.33101876365,326019.7457762686
2023-01-12 08:30:00,326010.8254506392,326019.7051571272
2023-01-12 12:30:00,326019.16582419217,326019.77875866025
2023-01-12 16:30:00,326035.58175776136,326019.8933114753
2023-01-12 20:30:00,325997.3079856606,326019.89368438075
2023-01-13 00:30:00,326018.35524781357,326019.854888461
2023-01-13 04:30:00,326045.17094394116,326019.9455889575
2023-01-13 08:30:00,326017.593878317,326019.9263859927
2023-01-13 12:30:00,326055.0026801445,326020.06827920675
2023-01-13 16:30:00,326046.70528221433,326020.168915138
2023-01-13 20:30:00,326026.5094404427,326020.2146734012
2023-01-14 00:30:00,326001.8899949038,326020.1565141002
2023-01-14 04:30:00,326013.9211405122,326020.11088943435
2023-01-14 08:30:00,326050.47777525446,326020.298646188
2023-01-14 12:30:00,326026.8616126733,326020.33550049836
2023-01-14 16:30:00,326012.1849880968,326020.2783561392
2023-01-14 20:30:00,326002.46629115066,326020.246958342
2023-01-15 00:30:00,326036.90045029175,326020.46689576725
2023-01-15 04:30:00,326045.1137017397,326020.5910811812
2023-01-15 08:30:00,325990.859242013,326020.3357867675
2023-01-15 12:30:00,326019.4951802485,326020.2339246816
2023-01-15 16:30:00,326033.83426417934,326020.2657183313
2023-01-15 20:30:00,326018.2438033098,326020.19824803405
2023-01-16 00:30:00,326002.40949144115,326020.03399169707
2023-01-16 04:30:00,326036.72808298696,326020.0543989181
2023-01-16 08:30:00,326046.6512501582,326020.1279060671
2023-01-16 12:30:00,326040.79615607625,326020.19274447294
2023-01-16 16:30:00,325995.72577981715,326020.1237668787
2023-01-16 20:30:00,326000.118334025,326019.95474524033
2023-01-17 00:30:00,326022.2234607095,326020.07366380224
2023-01-17 04:30:00,326031.04056041763,326020.1916029083
2023-01-17 08:30:00,326030.4438971119,326020.2303617883
2023-01-17 12:30:00,326003.17227097607,326020.06851617905
2023-01-17 16:30:00,326020.2070765717,326019.98050882114
2023-01-17 20:30:00,326008.4837004391,326019.9549342956
2023-01-18 00:30:00,326005.5890860842,326019.8967672002
2023-01-18 04:30:00,326015.28874838183,326019.8161287023
2023-01-18 08:30:00,326040.9639925099,326019.88040900714
2023-01-18 12:30:00,326018.9893322584,326019.8143583713
2023-01-18 16:30:00,325978.2034005462,326019.5831530786
2023-01-18 20:30:00,326004.60167321574,326019.4789960563
2023-01-19 00:30:00,326032.3435114103,326019.4829316539
2023-01-19 04:30:00,326030.4525309391,326019.519371086
2023-01-19 08:30:00,326054.962272146,326019.67773424013
2023-01-19 12:30:00,326028.48764150956,326019.7096903822
2023-01-19 16:30:00,326012.1294899005,326019.6334895702
2023-01-19 20:30:00,325993.21450966736,326019.5566395708
2023-01-20 00:30:00,326009.51450550265,326019.56204262865
2023-01-20 04:30:00,326016.85092554486,326019.5975887185
2023-01-20 08:30:00,326030.1946721466,326019.65971860534
2023-01-20 12:30:00,326049.37806697906,326019.8049844681
2023-01-20 16:30:00,326025.73075162724,326019.9281290411
2023-01-20 20:30:00,325986.4168331342,326019.7305917398
2023-01-21 00:30:00,325996.40639438556,326019.5569219187
2023-01-21 04:30:00,326030.709596542,326019.60031135887
2023-01-21 08:30:00,326038.67181435303,326019.7606411967
2023-01-21 12:30:00,326043.4900955827,326019.80566634395
2023-01-21 16:30:00,326008.8493029917,326019.77127525205
2023-01-21 20:30:00,325996.5169258944,326019.67980043945
2023-01-22 00:30:00,325992.5698775901,326019.60765403695
2023-01-22 04:30:00,326023.9800390626,326019.569666363
2023-01-22 08:30:00,326029.25021774624,326019.62997463095
2023-01-22 12:30:00,326057.26142258797,326019.81433166686
2023-01-22 16:30:00,326008.76666890894,326019.72532073327
2023-01-22 20:30:00,326020.9887709873,326019.81519219105
2023-01-23 00:30:00,326018.12239804247,326019.83443840453
2023-01-23 04:30:00,326024.6970136002,326019.8017344206
2023-01-23 08:30:00,326016.32379890914,326019.71949982067
2023-01-23 12:30:00,326001.4482253262,326019.5183179766
2023-01-23 16:30:00,326062.583451329,326019.6501374042
2023-01-23 20:30:00,326005.0550997805,326019.669074378
2023-01-24 00:30:00,326003.19803171203,326019.72454336146
2023-01-24 04:30:00,326017.566441707,326019.7566745677
2023-01-24 08:30:00,326015.60171818885,326019.7359900238
2023-01-24 12:30:00,326012.51770926535,326019.6408094543
2023-01-24 16:30:00,326004.10194158205,326019.5802697631
2023-01-24 20:30:00,326038.5256347133,326019.7562888503
2023-01-25 00:30:00,326013.5494016948,326019.72227772773
2023-01-25 04:30:00,326023.9271066652,326019.69028858986
2023-01-25 08:30:00,326023.2906854255,326019.6373985824
2023-01-25 12:30:00,326015.3639865918,326019.71453840256
2023-01-25 16:30:00,326053.21881355514,326019.93869404634
2023-01-25 20:30:00,326034.72221993835,326020.1229306452
2023-01-26 00:30:00,326018.08511966316,326020.13543203805
2023-01-26 04:30:00,326022.7101401516,326020.24858587026
2023-01-26 08:30:00,326027.0468030119,326020.2181091301
2023-01-26 12:30:00,326019.69381903793,326020.13234287535
2023-01-26 16:30:00,326012.3611268499,326020.11983829987
2023-01-26 20:30:00,326027.78573035984,326020.2541690081
2023-01-27 00:30:00,326014.9133494967,326020.2705311843
2023-01-27 04:30:00,326025.3460264828,326020.33439067577
2023-01-27 08:30:00,326053.4422370952,326020.5407115831
2023-01-27 12:30:00,326024.2952325343,326020.6210509121
2023-01-27 16:30:00,326018.8521290255,326020.64753573743
2023-01-27 20:30:00,326036.03938618436,326020.7065072383
2023-01-28 00:30:00,326010.00200718833,326020.78055739705
2023-01-28 04:30:00,325990.93699521135,326020.67477022426
2023-01-28 08:30:00,326035.279843775,326020.7123389195
2023-01-28 12:30:00,326021.6009432873,326020.68015354674
2023-01-28 16:30:00,325998.0870965836,326020.5002520185
2023-01-28 20:30:00,326016.20024537353,326020.4989860636
2023-01-29 00:30:00,326020.93904783134,326020.4399621396
2023-01-29 04:30:00,326034.4282337494,326020.47492073633
2023-01-29 08:30:00,326049.9395412405,326020.57175629085
2023-01-29 12:30:00,326021.81846504303,326020.4386763907
2023-01-29 16:30:00,326028.96226490935,326020.45893836085
2023-01-29 20:30:00,326027.4351407872,326020.53897218686
2023-01-30 00:30:00,326009.44405109505,326020.5858513032
2023-01-30 04:30:00,326020.40580554743,326020.641306539
2023-01-30 08:30:00,326040.0183437439,326020.6736405891
2023-01-30 12:30:00,326013.24975915754,326020.69275260164
2023-01-30 16:30:00,325981.95275567664,326020.4413701434
2023-01-30 20:30:00,326013.48721844604,326020.46524311777
2023-01-31 00:30:00,326024.81901196594,326020.5724876114
2023-01-31 04:30:00,326025.7169772189,326020.6096660409
2023-01-31 08:30:00,326027.11652132345,326020.695273674
2023-01-31 12:30:00,326045.7473243363,326020.7815530299
2023-01-31 16:30:00,326004.0487758236,326020.69613400125
2023-01-31 20:30:00,325986.5183818949,326020.5728242014
2023-02-01 00:30:00,326031.9686857254,326020.6304986412
2023-02-01 04:30:00,326010.3252418702,326020.51310285507
2023-02-01 08:30:00,326025.88892920595,326020.45200377394
2023-02-01 12:30:00,326053.01462358574,326020.561278632
2023-02-01 16:30:00,325985.19739431265,326020.40065199224
2023-02-01 20:30:00,326000.58815982164,326020.2628215868
2023-02-02 00:30:00,326027.21190040867,326020.254649747
2023-02-02 04:30:00,326029.56072425336,326020.3349971891
2023-02-02 08:30:00,326005.0704027423,326020.23831954296
2023-02-02 12:30:00,326018.1330025103,326020.17014250153
2023-02-02 16:30:00,326021.4029327354,326020.2219124262
2023-02-02 20:30:00,325984.8077429625,326020.17492796265
2023-02-03 00:30:00,326008.10489284614,326020.0851951838
2023-02-03 04:30:00,326032.50891263154,326020.20713870274
2023-02-03 08:30:00,326034.01595603017,326020.2829744334
2023-02-03 12:30:00,326018.99336126173,326020.2603941732
2023-02-03 16:30:00,326021.01122760714,326020.2027380211
2023-02-03 20:30:00,326008.2348596885,326020.15668704465
2023-02-04 00:30:00,326018.9770427697,326020.1968987702
2023-02-04 04:30:00,326039.6003612266,326020.3801252645
2023-02-04 08:30:00,326005.6834645282,326020.31971936784
2023-02-04 12:30:00,326011.97084204317,326020.27081840276
2023-02-04 16:30:00,326030.13754100824,326020.46308017336
2023-02-04 20:30:00,325978.91431154375,326020.2069240788
2023-02-05 00:30:00,326018.00155492744,326020.1888251926
2023-02-05 04:30:00,326036.73040281737,326020.2657491637
2023-02-05 08:30:00,326026.3548518682,326020.17681293836
2023-02-05 12:30:00,326015.17355090164,326020.1490170381
2023-02-05 16:30:00,326026.6601232372,326020.0986986298
2023-02-05 20:30:00,326007.19842621876,326020.0940529518
2023-02-06 00:30:00,326004.09557496227,326020.0210106977
2023-02-06 04:30:00,326025.4786009601,326020.0187823072
2023-02-06 08:30:00,326017.4159059906,326019.9814566151
2023-02-06 12:30:00,326018.4288604687,326019.97295850894
2023-02-06 16:30:00,325992.0630439179,326019.6527661209
2023-02-06 20:30:00,326020.42302598665,326019.75592770585
2023-02-07 00:30:00,326026.159780452,326019.79512561526
2023-02-07 04:30:00,326018.01758310123,326019.827936546
2023-02-07 08:30:00,326003.588924014,326019.71464793955
2023-02-07 12:30:00,326004.17246546847,326019.4403015465
2023-02-07 16:30:00,326034.01217104006,326019.50676596444
2023-02-07 20:30:00,326028.4128850891,326019.7355567415
2023-02-08 00:30:00,326011.9674299595,326019.7764839637
2023-02-08 04:30:00,326007.6991584046,326019.7507760412
2023-02-08 08:30:00,326015.2677132762,326019.6613551979
2023-02-08 12:30:00,326019.1151049648,326019.60786760185
2023-02-08 16:30:00,326021.360700411,326019.4117179955
2023-02-08 20:30:00,326017.76962729666,326019.50329881115
2023-02-09 00:30:00,325996.94914719334,326019.47906859464
2023-02-09 04:30:00,326017.53146302066,326019.3922356179
2023-02-09 08:30:00,326018.93199200847,326019.35050886177
2023-02-09 12:30:00,325995.8762085605,326019.41098880064
2023-02-09 16:30:00,326015.5271544461,326019.4503130274
2023-02-09 20:30:00,326016.70680040884,326019.4629568288
2023-02-10 00:30:00,325998.4816744581,326019.5318172728
2023-02-10 04:30:00,326015.64473615715,326019.53384573734
2023-02-10 08:30:00,326021.8711656307,326019.5064221805
2023-02-10 12:30:00,326038.0273434437,326019.54649526405
2023-02-10 16:30:00,326012.99620584573,326019.42100837594
2023-02-10 20:30:00,326007.70240520657,326019.24345291755
2023-02-11 00:30:00,326028.53306560667,326019.3376664183
2023-02-11 04:30:00,326036.31523097656,326019.5209120417
2023-02-11 08:30:00,326016.78138068225,326019.55400054203
2023-02-11 12:30:00,325996.8442021376,326019.42999153055
2023-02-11 16:30:00,326025.02935919195,326019.3713670941
2023-02-11 20:30:00,325999.78235209925,326019.3851135743
2023-02-12 00:30:00,325999.8724966336,326019.2824316233
2023-02-12 04:30:00,325999.00733017887,326019.0259671024
2023-02-12 08:30:00,326034.2420629881,326019.1184570172
2023-02-12 12:30:00,326014.21078948077,326018.8918354024
2023-02-12 16:30:00,326009.0638973807,326018.6827165978
2023-02-12 20:30:00,326020.28976347664,326018.64816283685
2023-02-13 00:30:00,326028.6220993863,326018.7966745284
2023-02-13 04:30:00,326043.3963631597,326018.96042576537
2023-02-13 08:30:00,326030.972800788,326018.8520647961
2023-02-13 12:30:00,326017.5807978339,326018.80050471367
2023-02-13 16:30:00,326027.90360082797,326018.88783033995
2023-02-13 20:30:00,326023.92070670443,326019.0070215375
2023-02-14 00:30:00,326021.65480035887,326018.9223234822
2023-02-14 04:30:00,326015.5880418325,326018.75829203834
2023-02-14 08:30:00,326028.18366538157,326018.96564994595
2023-02-14 12:30:00,326017.875034822,326018.956649138
2023-02-14 16:30:00,325988.6970840038,326018.705887026
2023-02-14 20:30:00,326015.66439509485,326018.69155698025
2023-02-15 00:30:00,326024.10057551763,326018.81206300296
2023-02-15 04:30:00,326043.8155634374,326018.85143789434
2023-02-15 08:30:00,326011.89186620875,326018.65833020577
2023-02-15 12:30:00,326019.8169723598,326018.5417791851
2023-02-15 16:30:00,326009.622369221,326018.6189824596
2023-02-15 20:30:00,326011.50145981036,326018.6822220473
2023-02-16 00:30:00,326014.8892397057,326018.64147637505
2023-02-16 04:30:00,325995.8807762584,326018.44614424085
2023-02-16 08:30:00,325991.08227669384,326018.22746857186
2023-02-16 12:30:00,326041.91880440165,326018.4427270909
2023-02-16 16:30:00,325991.1668224095,326018.2813923455
2023-02-16 20:30:00,325994.39577733946,326018.203126106
2023-02-17 00:30:00,326015.764794962,326018.2596578221
2023-02-17 04:30:00,326024.52534265746,326018.3109722347
2023-02-17 08:30:00,326028.03182300733,326018.2391268486
2023-02-17 12:30:00,326025.15466781054,326018.2733787127
2023-02-17 16:30:00,326020.8064424162,326018.5100622787
2023-02-17 20:30:00,325998.6639574192,326018.47707496875
2023-02-18 00:30:00,326023.64375901636,326018.4287430109
2023-02-18 04:30:00,326011.33045911044,326018.3225092786
2023-02-18 08:30:00,326019.80198348704,326018.1271743415
2023-02-18 12:30:00,326054.0244392626,326018.2690454402
2023-02-18 16:30:00,326016.2705334287,326018.2920512376
2023-02-18 20:30:00,326005.71231766214,326018.3614835043
2023-02-19 00:30:00,326029.8085393035,326018.4742281365
2023-02-19 04:30:00,326020.99727299955,326018.4972634001
2023-02-19 08:30:00,326015.35225888004,326018.4148055486
2023-02-19 12:30:00,326023.8329943982,326018.27288847876
2023-02-19 16:30:00,326030.74747336673,326018.30075915507
2023-02-19 20:30:00,325999.6526233693,326018.374291323
2023-02-20 00:30:00,326012.1272511809,326018.46162941627
2023-02-20 04:30:00,326016.11419387895,326018.380543846
2023-02-20 08:30:00,326012.1967868809,326018.23346036003
2023-02-20 12:30:00,326014.0066059769,326018.0696631955
2023-02-20 16:30:00,326018.7828805388,326018.1248497375
2023-02-20 20:30:00,325999.8849804934,326018.14356115187
2023-02-21 00:30:00,326002.1002618535,326018.19650773116
2023-02-21 04:30:00,326040.67492364754,326018.28925709
2023-02-21 08:30:00,326026.14461510524,326018.27200374193
2023-02-21 12:30:00,326044.2398635206,326018.1996617471
2023-02-21 16:30:00,326034.9813615664,326018.34529892856
2023-02-21 20:30:00,325987.0978887753,326018.1570162496
2023-02-22 00:30:00,326012.7229113883,326018.1270191015
2023-02-22 04:30:00,326039.3937336799,326018.2086675464
2023-02-22 08:30:00,326013.4951972362,326018.1929530927
2023-02-22 12:30:00,325991.13260924746,326018.1356441145
2023-02-22 16:30:00,326037.22881814494,326017.9947850412
2023-02-22 20:30:00,326024.053013429,326018.1003290059
2023-02-23 00:30:00,325995.694371864,326018.0586420067
2023-02-23 04:30:00,326021.67109151895,326018.08144561684
2023-02-23 08:30:00,326006.48863200657,326018.0308173603
2023-02-23 12:30:00,326023.00219935237,326018.0890645274
2023-02-23 16:30:00,325998.4079972262,326018.0574315032
2023-02-23 20:30:00,325983.7424203475,326017.7530803123
2023-02-24 00:30:00,326005.97590673185,326017.7110053403
2023-02-24 04:30:00,326035.89230843785,326017.77747868345
2023-02-24 08:30:00,326008.98887165135,326017.69802416256
2023-02-24 12:30:00,325994.2028041269,326017.5804620377
2023-02-24 16:30:00,326042.9942193632,326017.52365873667
2023-02-24 20:30:00,325998.9885637144,326017.32513842423
2023-02-25 00:30:00,326009.7077942237,326017.27859772736
2023-02-25 04:30:00,326016.0760160835,326017.2417414825
2023-02-25 08:30:00,326055.0567423115,326017.3973522564
2023-02-25 12:30:00,326004.3835138064,326017.31229500513
2023-02-25 16:30:00,326001.1517811715,326017.2500208625
2023-02-25 20:30:00,326025.0376545921,326017.2347537749
2023-02-26 00:30:00,326031.18679309735,326017.3251617949
2023-02-26 04:30:00,326036.69403754896,326017.38820630085
2023-02-26 08:30:00,326004.0924779948,326017.11404097255
2023-02-26 12:30:00,325985.580133848,326016.8989570909
2023-02-26 16:30:00,326016.2918328246,326016.8847332231
2023-02-26 20:30:00,326023.8373835517,326016.81694431964
2023-02-27 00:30:00,326017.5825302468,326016.8590583366
2023-02-27 04:30:00,326012.87220490683,326016.9809206127
2023-02-27 08:30:00,326007.06643879734,326016.8241794739
2023-02-27 12:30:00,325997.2809467132,326016.68906838185
2023-02-27 16:30:00,326004.46144194633,326016.7244814116
2023-02-27 20:30:00,326019.2893659988,326016.7416431929
2023-02-28 00:30:00,326011.29340619344,326016.6880562949
2023-02-28 04:30:00,326018.2803821917,326016.5983460085
2023-02-28 08:30:00,326038.7026922938,326016.53591906984
2023-02-28 12:30:00,326030.24044171476,326016.58270782913
2023-02-28 16:30:00,326012.7370098948,326016.4925675235
2023-02-28 20:30:00,326014.220912304,326016.419155143
2023-03-01 00:30:00,326008.63033867365,326016.4146345185
2023-03-01 04:30:00,326001.6074401913,326016.3101991554
2023-03-01 08:30:00,326017.88564119773,326016.18723969685
2023-03-01 12:30:00,326012.7763744482,326016.1846097818
2023-03-01 16:30:00,326008.65025631647,326016.3329292298
2023-03-01 20:30:00,326004.6487155896,326016.28382643615
2023-03-02 00:30:00,326025.5852061909,326016.28808307066
2023-03-02 04:30:00,326039.95389569376,326016.3671770622
2023-03-02 08:30:00,326042.1126862362,326016.45048908953
2023-03-02 12:30:00,326031.4729141099,326016.3711868105
2023-03-02 16:30:00,326003.85005122796,326016.37008278497
2023-03-02 20:30:00,326000.5777940848,326016.4481906305
2023-03-03 00:30:00,326011.8334934014,326016.3363284508
2023-03-03 04:30:00,326012.09196324955,326016.3461435696
2023-03-03 08:30:00,326026.7635018064,326016.3510023063
2023-03-03 12:30:00,326011.85767634166,326016.12235259946
2023-03-03 16:30:00,326001.06504447956,326016.21050621144
2023-03-03 20:30:00,325986.98913609126,326016.13495607965
2023-03-04 00:30:00,326009.0718500861,326016.03417802224
2023-03-04 04:30:00,326020.31530037656,326015.9828145563
2023-03-04 08:30:00,326024.2594643417,326016.08942045405
2023-03-04 12:30:00,326023.26345844846,326016.1179229871
2023-03-04 16:30:00,326015.5854976345,326016.0856039031
2023-03-04 20:30:00,325989.05546009407,326016.10920233163
2023-03-05 00:30:00,326017.16136593226,326016.1595160711
2023-03-05 04:30:00,326020.32829783397,326016.09184598876
2023-03-05 08:30:00,326031.03071433847,326016.0752613127
2023-03-05 12:30:00,326026.44130190986,326016.11663876084
2023-03-05 16:30:00,326007.9524736738,326016.04409012786
2023-03-05 20:30:00,325985.6661573361,326015.91870844807
2023-03-06 00:30:00,326002.1398377667,326015.8251684203
2023-03-06 04:30:00,326020.12871173274,326015.7169925898
2023-03-06 08:30:00,326011.62112165376,326015.7499795738
2023-03-06 12:30:00,326005.4020896705,326015.71348650503
2023-03-06 16:30:00,326024.6317283682,326015.6828986571
2023-03-06 20:30:00,325991.3740264212,326015.7521192953
2023-03-07 00:30:00,326003.80285721493,326015.67323764134
2023-03-07 04:30:00,326031.6334912142,326015.6449214658
2023-03-07 08:30:00,326007.70798221044,326015.5413277454
2023-03-07 12:30:00,326040.40164058167,326015.68148379924
2023-03-07 16:30:00,326031.42810031143,326015.7079725607
2023-03-07 20:30:00,325997.23877437157,326015.65264116164
2023-03-08 00:30:00,326008.2014072571,326015.675451341
2023-03-08 04:30:00,326027.7719068088,326015.688191929
2023-03-08 08:30:00,326030.8378358248,326015.76275820594
2023-03-08 12:30:00,326046.6597631387,326015.9195965541
2023-03-08 16:30:00,326025.5225392807,326016.1054826394
2023-03-08 20:30:00,326008.3641531277,326016.03848890134
2023-03-09 00:30:00,326004.4994471552,326015.91815371637
2023-03-09 04:30:00,326030.1260347278,326015.9854228921
2023-03-09 08:30:00,326018.7204391722,326016.06948686513
2023-03-09 12:30:00,326020.3243048222,326016.159219306
2023-03-09 16:30:00,326039.2967347179,326016.18857799313
2023-03-09 20:30:00,326019.05571068136,326016.13659369084
2023-03-10 00:30:00,326024.8487295886,326016.20815646654
2023-03-10 04:30:00,326041.3974887497,326016.3953694129
2023-03-10 08:30:00,326024.13506273343,326016.4446324655
2023-03-10 12:30:00,326013.48431624327,326016.41335030587
2023-03-10 16:30:00,326041.1174114642,326016.52310981177
2023-03-10 20:30:00,326035.64244863123,326016.6224032636
2023-03-11 00:30:00,326024.69426491245,326016.7765428064
2023-03-11 04:30:00,326029.9118123266,326016.84532252484
2023-03-11 08:30:00,326019.67756312713,326016.8494645866
2023-03-11 12:30:00,326009.25763043034,326016.92380581924
2023-03-11 16:30:00,326023.522691825,326016.9682254713
2023-03-11 20:30:00,326025.53020671575,326017.0172443952
2023-03-12 00:30:00,326005.81051710265,326017.0579601877
2023-03-12 04:30:00,326042.1247072336,326017.20507113816
2023-03-12 08:30:00,326013.7199274063,326017.1597864814
2023-03-12 12:30:00,326018.7028014269,326017.0524279146
2023-03-12 16:30:00,326024.04778835614,326017.1138255952
2023-03-12 20:30:00,326030.8837609815,326017.242610905
2023-03-13 00:30:00,326004.18585434044,326017.10734862025
2023-03-13 04:30:00,325998.10603769345,326016.8950753242
2023-03-13 08:30:00,326038.9936053594,326017.01847657235
2023-03-13 12:30:00,326014.79713590204,326017.1182150934
2023-03-13 16:30:00,326006.6360014114,326017.01602977235
2023-03-13 20:30:00,326009.5312152609,326017.0701901232
2023-03-14 00:30:00,326006.8992546663,326017.10922766785
2023-03-14 04:30:00,326039.8695998753,326017.33624027733
2023-03-14 08:30:00,326012.4457520721,326017.21514966106
2023-03-14 12:30:00,325992.6042817116,326017.0951135069
2023-03-14 16:30:00,326012.91475575825,326017.11650716444
2023-03-14 20:30:00,326015.10035065084,326017.0876770932
2023-03-15 00:30:00,325999.7842920435,326016.9274670525
2023-03-15 04:30:00,325983.061951082,326016.5922758742
2023-03-15 08:30:00,326015.7856530586,326016.50790283125
2023-03-15 12:30:00,326013.2070881363,326016.4836044441
2023-03-15 16:30:00,326004.81194971816,326016.35531749343
2023-03-15 20:30:00,326023.86327338795,326016.35499841947
2023-03-16 00:30:00,326012.80506576167,326016.3058332273
2023-03-16 04:30:00,326025.91925887536,326016.3632288775
2023-03-16 08:30:00,326009.07816352526,326016.25708720053
2023-03-16 12:30:00,326026.6379342744,326016.3057699753
2023-03-16 16:30:00,326011.6990605078,326016.43355873367
2023-03-16 20:30:00,325992.0470787227,326016.30235142045
2023-03-17 00:30:00,326006.9358034561,326016.20699157566
2023-03-17 04:30:00,325988.3011473527,326015.898578153
2023-03-17 08:30:00,326043.74029771605,326016.0755138836
2023-03-17 12:30:00,326010.9612691788,326016.02631553257
2023-03-17 16:30:00,325999.4903361621,326015.97002646
2023-03-17 20:30:00,326014.10143985954,326015.9844707936
2023-03-18 00:30:00,326026.2214206675,326016.0474273545
2023-03-18 04:30:00,326018.5525352404,326016.17338157113
2023-03-18 08:30:00,326024.89880503254,326016.36125117296
2023-03-18 12:30:00,326022.3620376546,326016.25260246877
2023-03-18 16:30:00,325991.0762995289,326016.2520995639
2023-03-18 20:30:00,325978.5188019711,326016.1638941452
2023-03-19 00:30:00,326011.76766930457,326016.14168789156
2023-03-19 04:30:00,326010.5357634669,326016.06396800716
2023-03-19 08:30:00,326015.89438068325,326015.996537772
2023-03-19 12:30:00,326034.40986889653,326016.04795555584
2023-03-19 16:30:00,326013.4639913364,326016.00716416095
2023-03-19 20:30:00,326003.32081957976,326016.0330356174
2023-03-20 00:30:00,326018.62385910517,326016.0051472846
2023-03-20 04:30:00,326036.00330416637,326016.14221864595
2023-03-20 08:30:00,326017.63487193565,326016.1301791374
2023-03-20 12:30:00,326028.3084201586,326015.9873123646
2023-03-20 16:30:00,326036.9921757577,326016.1024325997
2023-03-20 20:30:00,326007.71502641606,326016.11355875945
2023-03-21 00:30:00,326035.9665167833,326016.14776974544
2023-03-21 04:30:00,326032.097148061,326016.209435718
2023-03-21 08:30:00,326016.48170220916,326016.21571040316
2023-03-21 12:30:00,326033.0045248976,326016.2666633504
2023-03-21 16:30:00,326009.46059847495,326016.1484029343
2023-03-21 20:30:00,326005.5336395469,326016.1810752465
2023-03-22 00:30:00,326014.4407954931,326016.1939282704
2023-03-22 04:30:00,326040.91715153813,326016.3317224796
2023-03-22 08:30:00,326000.31250631466,326016.2656986987
2023-03-22 12:30:00,326012.4416578413,326016.2570045424
2023-03-22 16:30:00,326030.3346732531,326016.3211811686
2023-03-22 20:30:00,326022.6715058032,326016.44777297584
2023-03-23 00:30:00,326030.4421397027,326016.60522785276
2023-03-23 04:30:00,326046.07044395874,326016.63520296564
2023-03-23 08:30:00,326021.5942956314,326016.609923413
2023-03-23 12:30:00,326026.11246264,326016.50921563036
2023-03-23 16:30:00,326017.4301038899,326016.4117086433
2023-03-23 20:30:00,326014.9524269953,326016.5664560778
2023-03-24 00:30:00,326014.9084696448,326016.57859806804
2023-03-24 04:30:00,326032.72565805254,326016.54155320354
2023-03-24 08:30:00,326002.7453662895,326016.4818319205
2023-03-24 12:30:00,326018.7555433898,326016.6352926657
2023-03-24 16:30:00,326035.83521071676,326016.62755040225
2023-03-24 20:30:00,326033.9553405571,326016.68256333075
2023-03-25 00:30:00,326016.2903263916,326016.7969853003
2023-03-25 04:30:00,326036.04606199026,326016.8768462474
2023-03-25 08:30:00,326012.9609022137,326016.91280330403
2023-03-25 12:30:00,326003.96591871936,326016.8070461894
2023-03-25 16:30:00,326013.84407757415,326016.8928021914
2023-03-25 20:30:00,326018.6276093624,326017.086608797
2023-03-26 00:30:00,326007.14464690356,326017.093101798
2023-03-26 04:30:00,326029.76003473776,326017.0590336108
2023-03-26 08:30:00,326032.57295337104,326017.190056287
2023-03-26 12:30:00,326006.80025310244,326017.2600421146
2023-03-26 16:30:00,326020.6535202762,326017.13592711964
2023-03-26 20:30:00,326029.9754226434,326017.308076336
2023-03-27 00:30:00,326015.96338556544,326017.3428296212
2023-03-27 04:30:00,326009.14871155814,326017.304344596
2023-03-27 08:30:00,326029.28635378147,326017.1611757709
2023-03-27 12:30:00,326005.5793982788,326017.1678195735
2023-03-27 16:30:00,325999.27250399796,326017.1573791448
2023-03-27 20:30:00,326014.727643762,326017.1001013068
2023-03-28 00:30:00,326008.9753817848,326016.9767045773
2023-03-28 04:30:00,326022.879583356,326016.8999576096
2023-03-28 08:30:00,326023.12845485745,326017.0057130366
2023-03-28 12:30:00,325998.7545954449,326017.07890448987
2023-03-28 16:30:00,326015.4442676186,326017.0741957943
2023-03-28 20:30:00,326031.6233991021,326017.1174514363
2023-03-29 00:30:00,326026.2042985666,326017.16535014915
2023-03-29 04:30:00,326026.70655994,326017.2422076771
2023-03-29 08:30:00,326024.92498421913,326017.3414218183
2023-03-29 12:30:00,326003.4646679892,326017.3757758254
2023-03-29 16:30:00,325993.9151110985,326017.3171850985
2023-03-29 20:30:00,325979.2907574854,326017.0949706068
2023-03-30 00:30:00,326010.8652282127,326017.0925918402
2023-03-30 04:30:00,326031.96141989203,326017.1685976052
2023-03-30 08:30:00,326032.9725097062,326017.1367632575
2023-03-30 12:30:00,326010.96688986267,326017.0296879694
2023-03-30 16:30:00,326004.9157142902,326016.98623632715
2023-03-30 20:30:00,326020.8308116255,326017.0229579901
2023-03-31 00:30:00,326007.5852604564,326017.01715200004
2023-03-31 04:30:00,325998.69443496637,326017.0009686376
2023-03-31 08:30:00,326020.67790156556,326017.01648119517
2023-03-31 12:30:00,326040.51491947426,326017.1705842231
2023-03-31 16:30:00,326007.2622720062,326017.1628731992
2023-03-31 20:30:00,326002.2212395193,326017.149387221
2023-04-01 00:30:00,326038.38561898866,326017.2205006255
2023-04-01 04:30:00,326041.21135932225,326017.2274865345
2023-04-01 08:30:00,326016.82504569116,326017.0869996426
2023-04-01 12:30:00,326010.970954001,326016.9730998642
2023-04-01 16:30:00,326020.8080551012,326017.0673109969
2023-04-01 20:30:00,326021.46224084904,326017.1833357011
2023-04-02 00:30:00,326014.8713416897,326017.20021263603
2023-04-02 04:30:00,326006.45009710424,326017.16886893526
2023-04-02 08:30:00,326021.7522437731,326017.1410286128
2023-04-02 12:30:00,326037.8105255541,326017.2852111084
2023-04-02 16:30:00,326008.1188327017,326017.32439882075
2023-04-02 20:30:00,326008.8389192277,326017.4457865048
2023-04-03 00:30:00,326020.8564781306,326017.5112566607
2023-04-03 04:30:00,326018.9503095974,326017.5036733786
2023-04-03 08:30:00,326011.04345815745,326017.430251122
2023-04-03 12:30:00,326042.3754518133,326017.5364288629
2023-04-03 16:30:00,326042.9484110002,326017.6884450483
2023-04-03 20:30:00,326007.98580022785,326017.79361360456
2023-04-04 00:30:00,326028.9132409154,326017.85890179884
2023-04-04 04:30:00,326033.17764129635,326017.9302870404
2023-04-04 08:30:00,326031.6907488688,326017.93395389884
2023-04-04 12:30:00,326028.11894822045,326017.9432741561
2023-04-04 16:30:00,326022.69610407617,326018.0251832139
2023-04-04 20:30:00,326018.8495593477,326018.20953544736
2023-04-05 00:30:00,326024.3867068091,326018.3331291642
2023-04-05 04:30:00,326020.8846791321,326018.3373289831
2023-04-05 08:30:00,326012.73399668623,326018.3435116222
2023-04-05 12:30:00,326023.5052157324,326018.4440845448
2023-04-05 16:30:00,326005.58748006355,326018.3382831653
2023-04-05 20:30:00,326015.47599408997,326018.4721829857
2023-04-06 00:30:00,326030.476585144,326018.62037036306
2023-04-06 04:30:00,326000.49021162547,326018.4473521431
2023-04-06 08:30:00,326013.12901812297,326018.4774690093
2023-04-06 12:30:00,326020.2432839369,326018.365478139
2023-04-06 16:30:00,326013.01153426536,326018.26316388324
2023-04-06 20:30:00,326027.147168382,326018.4293216277
2023-04-07 00:30:00,326003.1206640977,326018.4010952768
2023-04-07 04:30:00,325995.59428389795,326018.22233070515
2023-04-07 08:30:00,326007.1458521244,326018.09070857347
2023-04-07 12:30:00,326003.7801133568,326017.85248829686
2023-04-07 16:30:00,326008.7918464999,326017.75954000367
2023-04-07 20:30:00,326018.32795215544,326017.8148944427
2023-04-08 00:30:00,326016.4263660838,326017.88115510345
2023-04-08 04:30:00,326003.5141051947,326017.7333110504
2023-04-08 08:30:00,326022.1309949457,326017.75225858256
2023-04-08 12:30:00,326010.4038379138,326017.6971448775
2023-04-08 16:30:00,326001.5850655016,326017.487635604
2023-04-08 20:30:00,326010.2507511302,326017.43871916214
2023-04-09 00:30:00,326006.09943760175,326017.33455642883
2023-04-09 04:30:00,326020.290450446,326017.2172951049
2023-04-09 08:30:00,326013.2182879411,326017.1566463561
2023-04-09 12:30:00,326014.29905794293,326017.1611726989
2023-04-09 16:30:00,326000.0411012035,326016.9329709752
2023-04-09 20:30:00,326011.8636438595,326016.80086650426
2023-04-10 00:30:00,326012.466563276,326016.7329348285
2023-04-10 04:30:00,326003.20796317677,326016.584580111
2023-04-10 08:30:00,326013.83678227215,326016.5521313285
2023-04-10 12:30:00,325996.88369741896,326016.48338725616
2023-04-10 16:30:00,325990.8932631354,326016.30211265234
2023-04-10 20:30:00,326024.7234222076,326016.29763051623
2023-04-11 00:30:00,326021.90417273407,326016.38703971414
2023-04-11 04:30:00,326022.58553521853,326016.2784887585
2023-04-11 08:30:00,326016.47385842906,326016.2937883753
2023-04-11 12:30:00,326021.3192167658,326016.3083240161
2023-04-11 16:30:00,326018.5773519287,326016.27793270256
2023-04-11 20:30:00,326014.9172564951,326016.1892298999
2023-04-12 00:30:00,326003.7411729584,326016.1867594478
2023-04-12 04:30:00,326003.3845608677,326016.2160845765
2023-04-12 08:30:00,326025.3696918318,326016.14039616805
2023-04-12 12:30:00,326017.5008770451,326016.15541695216
2023-04-12 16:30:00,326017.48049965006,326016.21566416457
2023-04-12 20:30:00,326029.10850003106,326016.32442685775
2023-04-13 00:30:00,326014.5425377034,326016.36688954127
2023-04-13 04:30:00,325993.9329570591,326016.1116859701
2023-04-13 08:30:00,326036.003337036,326016.24256144214
2023-04-13 12:30:00,326015.8372363806,326016.3716334125
2023-04-13 16:30:00,326003.1701029274,326016.3174964523
2023-04-13 20:30:00,326023.3953992386,326016.36358005565
2023-04-14 00:30:00,326022.9478526801,326016.49226650357
2023-04-14 04:30:00,326019.7661387122,326016.69617865706
2023-04-14 08:30:00,326016.37218808726,326016.6994371851
2023-04-14 12:30:00,326011.71101410803,326016.69112566265
2023-04-14 16:30:00,326014.8257122091,326016.7467576765
2023-04-14 20:30:00,326015.32345078647,326016.69931421755
2023-04-15 00:30:00,326006.66396071925,326016.6651969673
2023-04-15 04:30:00,325995.25370304903,326016.4948327683
2023-04-15 08:30:00,326027.46995116305,326016.5970093663
2023-04-15 12:30:00,326031.64442718273,326016.6248232158
2023-04-15 16:30:00,325993.5017022554,326016.523726781
2023-04-15 20:30:00,326015.9555638599,326016.65655169846
2023-04-16 00:30:00,326028.9794615182,326016.7790164655
2023-04-16 04:30:00,326036.0320755058,326017.04418828856
2023-04-16 08:30:00,326023.398509209,326016.93117835233
2023-04-16 12:30:00,326011.7099937803,326016.9353379335
2023-04-16 16:30:00,326009.1210814975,326016.9888420743
2023-04-16 20:30:00,326023.391707741,326017.04045467364
2023-04-17 00:30:00,326015.1408431315,326016.9788959095
2023-04-17 04:30:00,326020.98581290536,326016.9924141187
2023-04-17 08:30:00,326021.8716590162,326016.9755966409
2023-04-17 12:30:00,326024.427388504,326016.98707081226
2023-04-17 16:30:00,325996.7946460301,326017.018839404
2023-04-17 20:30:00,326009.3047061923,326017.18987220526
2023-04-18 00:30:00,326022.8221476644,326017.2512859739
2023-04-18 04:30:00,326021.7549328007,326017.3136146924
2023-04-18 12:30:00,326015.90905702463,326017.2181868831
2023-04-18 16:30:00,326012.9891638956,326017.21553421585
2023-04-18 20:30:00,326021.4131115134,326017.31660847244
2023-04-19 00:30:00,326025.28294169885,326017.35381005117
2023-04-19 04:30:00,326016.86440565705,326017.24688883044
2023-04-19 08:30:00,326019.2817477784,326017.2560892541
2023-04-19 12:30:00,326032.09390832786,326017.2772372328
2023-04-19 16:30:00,326014.17256490525,326017.1497533733
2023-04-19 20:30:00,326003.68961674604,326017.12726505107
2023-04-20 00:30:00,326029.23307534866,326017.0896480598
2023-04-20 04:30:00,326029.3628700949,326017.074372764
2023-04-20 08:30:00,326017.06479085586,326017.07763024233
2023-04-20 12:30:00,326031.97605073807,326017.0718845767
2023-04-20 16:30:00,326021.55401364376,326017.13944555534
2023-04-20 20:30:00,326021.148370882,326017.2266786912
2023-04-21 00:30:00,326049.612131085,326017.4231665996
2023-04-21 04:30:00,326017.81572602096,326017.29410835647
2023-04-21 08:30:00,325982.8279102021,326017.19642904855
2023-04-21 12:30:00,326019.7986743526,326017.2375296994
2023-04-21 16:30:00,326021.14550050057,326017.18619353883
2023-04-21 20:30:00,325999.0993015386,326017.0545052469
2023-04-22 00:30:00,325995.65804127534,326016.86018067464
2023-04-22 04:30:00,326033.71196947456,326016.79113891773
2023-04-22 08:30:00,326029.37368164345,326016.8345991748
2023-04-22 12:30:00,326026.79728228797,326016.83842498285
2023-04-22 16:30:00,326016.8307138811,326016.83507643535
2023-04-22 20:30:00,325999.85600966774,326016.7507389084
2023-04-23 00:30:00,326010.63643276243,326016.7268727806
2023-04-23 04:30:00,326037.5875174438,326016.75403400615
2023-04-23 08:30:00,326016.11514316953,326016.8287254971
2023-04-23 12:30:00,326014.3032840068,326016.8038525397
2023-04-23 16:30:00,326016.3314557157,326016.6948930145
2023-04-23 20:30:00,325989.17441168654,326016.44472022756
2023-04-24 00:30:00,326012.7114867757,326016.4247267102
2023-04-24 04:30:00,326016.37388625636,326016.31482628704
2023-04-24 08:30:00,326050.9713922672,326016.52717539354
2023-04-24 12:30:00,326034.2383468838,326016.69629510393
2023-04-24 16:30:00,325991.5710335749,326016.5718646906
2023-04-24 20:30:00,325985.37691830314,326016.3861066399
2023-04-25 00:30:00,325987.49660489184,326016.2763410421
2023-04-25 04:30:00,326037.0503008699,326016.31706878584
2023-04-25 08:30:00,326010.96819919767,326016.1963718352
2023-04-25 12:30:00,326006.08586388914,326016.19238083396
2023-04-25 16:30:00,326025.3231149552,326016.218467955
2023-04-25 20:30:00,326041.27533044363,326016.28159593156
2023-04-26 00:30:00,326006.8588731398,326016.2307327337
2023-04-26 04:30:00,326019.8022141402,326016.2902495079
2023-04-26 08:30:00,326031.6276189982,326016.3033292018
2023-04-26 12:30:00,326020.4348352622,326016.3863204699
2023-04-26 16:30:00,326001.1636873035,326016.39688573976
2023-04-26 20:30:00,325981.08191417146,326016.20892077
2023-04-27 00:30:00,326010.2532429216,326016.2160596591
2023-04-27 04:30:00,326026.55591361295,326016.2365978169
2023-04-27 08:30:00,326023.13485893403,326016.2366335938
2023-04-27 12:30:00,325987.63800125703,326016.17452971573
2023-04-27 16:30:00,326025.39383949566,326016.2301139161
2023-04-27 20:30:00,326028.478887308,326016.2125468111
2023-04-28 00:30:00,326015.0546410418,326016.1502582216
2023-04-28 04:30:00,326024.966307026,326016.1405361383
2023-04-28 08:30:00,326045.714575263,326016.256679105
2023-04-28 12:30:00,326042.25484883285,326016.473384026
2023-04-28 20:30:00,326008.3697381025,326016.76348095597
2023-04-29 00:30:00,326021.1517493628,326016.8212704006
2023-04-29 04:30:00,326008.8568981306,326016.69146971655
2023-04-29 08:30:00,326024.35188461695,326016.6430392386
2023-04-29 12:30:00,325995.6601192808,326016.55704614543
2023-04-29 16:30:00,325993.5760901343,326016.4933403917
2023-04-29 20:30:00,326035.7154931647,326016.5769621981
2023-04-30 00:30:00,326029.7890076445,326016.7017023508
2023-04-30 04:30:00,325986.5223860613,326016.63332005363
2023-04-30 08:30:00,326036.0940458173,326016.7199276056
2023-04-30 12:30:00,326040.9022244522,326016.72210347623
2023-04-30 16:30:00,326008.4217341735,326016.72861730866
2023-04-30 20:30:00,326024.4284749168,326016.85337705805
2023-05-01 00:30:00,326025.2805156686,326016.7797528821
2023-05-01 04:30:00,326018.7211313666,326016.6534032869
2023-05-01 08:30:00,326029.2331828047,326016.7231119223
2023-05-01 12:30:00,326037.10131284274,326016.8699116911
2023-05-01 16:30:00,326016.38155275275,326016.84504370036
2023-05-01 20:30:00,326022.457093103,326016.85063275794
2023-05-02 00:30:00,326028.33122984186,326016.9262501072
2023-05-02 04:30:00,325996.91374276415,326016.8726750828
2023-05-02 08:30:00,326021.64234425256,326016.87205766974
2023-05-02 12:30:00,326047.9041868788,326016.92876363226
2023-05-02 16:30:00,326023.03496349737,326017.0125621199
2023-05-02 20:30:00,326007.73963324894,326017.00638635596
2023-05-03 00:30:00,326043.97658516216,326017.1362745977
2023-05-03 04:30:00,326016.52779945714,326017.12266499014
2023-05-03 08:30:00,326026.0227217379,326017.20681815635
2023-05-03 12:30:00,326051.1786871193,326017.25627453445
2023-05-03 16:30:00,326033.7708678794,326017.20471530344
2023-05-03 20:30:00,326026.41764204967,326017.3082649766
2023-05-04 00:30:00,326031.3665632303,326017.32204768626
2023-05-04 04:30:00,326034.59529300436,326017.3300120217
2023-05-04 08:30:00,326029.90641890996,326017.31998769613
2023-05-04 12:30:00,326039.3532821903,326017.3831019319
2023-05-04 16:30:00,326023.96403714473,326017.3902251514
2023-05-04 20:30:00,326011.24114916887,326017.347481274
2023-05-05 00:30:00,326026.52716623567,326017.3595063269
2023-05-05 04:30:00,326009.52654405707,326017.2956965792
2023-05-05 08:30:00,326014.04064057505,326017.30303727527
2023-05-05 12:30:00,326032.37491591834,326017.35286705155
2023-05-05 16:30:00,326020.8242774369,326017.4384670368
2023-05-05 20:30:00,326013.53576824197,326017.4275668916
2023-05-06 00:30:00,326032.9062910253,326017.44121692475
2023-05-06 04:30:00,326011.57949720375,326017.5035162819
2023-05-06 08:30:00,325998.4259960864,326017.4209150344
2023-05-06 12:30:00,326028.12898460095,326017.4652167236
2023-05-06 16:30:00,326027.7941097433,326017.5482649004
2023-05-06 20:30:00,326011.84081648133,326017.46227415936
2023-05-07 00:30:00,326033.9852191435,326017.6356705361
2023-05-07 04:30:00,326023.4158374295,326017.79197139863
2023-05-07 08:30:00,325995.63723868685,326017.7273162669
2023-05-07 12:30:00,326013.2333288601,326017.78042421927
2023-05-07 16:30:00,326004.27147433185,326017.75502886996
2023-05-07 20:30:00,326015.6224875118,326017.7398296304
2023-05-08 00:30:00,326022.5763540244,326017.7743801244
2023-05-08 04:30:00,326033.66150207265,326017.94374752266
2023-05-08 08:30:00,326010.81351020624,326017.88016614766
2023-05-08 12:30:00,326012.5358782542,326017.89214390237
2023-05-08 16:30:00,326028.1648995853,326018.041468813
2023-05-08 20:30:00,326019.17680189176,326018.0916151656
2023-05-09 00:30:00,326037.8573071593,326018.2700301631
2023-05-09 04:30:00,326049.9641589501,326018.43673639063
2023-05-09 08:30:00,326008.3283761135,326018.40926497587
2023-05-09 12:30:00,326002.2654570474,326018.3416604764
2023-05-09 16:30:00,326008.6556261399,326018.390056684
2023-05-09 20:30:00,326014.5302907118,326018.4050378461
2023-05-10 00:30:00,326025.56787047995,326018.4786406955
2023-05-10 04:30:00,326056.40470774466,326018.7774988111
2023-05-10 08:30:00,326013.97591561597,326018.77828045905
2023-05-10 12:30:00,325996.3932940595,326018.77552538406
2023-05-10 16:30:00,326020.2377337846,326018.9403819607
2023-05-10 20:30:00,326026.30978627474,326018.9492941184
2023-05-11 00:30:00,326008.69205587887,326018.8750687427
2023-05-11 04:30:00,326037.7250268391,326018.96012206655
2023-05-11 08:30:00,326037.0837281563,326019.07590785145
2023-05-11 12:30:00,326009.2416192169,326019.0080561798
2023-05-11 16:30:00,326016.82706192636,326018.99822309
2023-05-11 20:30:00,326002.05130232277,326018.9259424485
2023-05-12 00:30:00,326019.9575501649,326019.0170456913
2023-05-12 04:30:00,326029.6846056581,326019.1647987519
2023-05-12 08:30:00,326028.46056141425,326019.1821631877
2023-05-12 12:30:00,326010.7178740618,326019.1440564294
2023-05-12 16:30:00,326014.330557927,326019.12636012764
2023-05-12 20:30:00,326011.1227785462,326019.0253167485
2023-05-13 00:30:00,326008.45238043147,326018.9911023818
2023-05-13 04:30:00,326032.85404451145,326019.2097601765
2023-05-13 08:30:00,326035.5311624274,326019.2071075101
2023-05-13 12:30:00,326023.02613790554,326019.24749459734
2023-05-13 16:30:00,326025.22202934924,326019.3713818244
2023-05-13 20:30:00,326029.9569398233,326019.408244412
2023-05-14 00:30:00,326009.3796905589,326019.3320187821
2023-05-14 04:30:00,326006.8337724459,326019.259365039
2023-05-14 08:30:00,326018.68974758533,326019.27238503617
2023-05-14 12:30:00,326029.78860092233,326019.3739445126
2023-05-14 16:30:00,326003.9474276396,326019.31283055444
2023-05-14 20:30:00,326034.30642547895,326019.4194764797
2023-05-15 00:30:00,326045.0060789612,326019.63488163834
2023-05-15 04:30:00,326029.5375897908,326019.82748774363
2023-05-15 08:30:00,326033.0946569547,326019.85908721434
2023-05-15 12:30:00,326042.8515140997,326019.9220483768
2023-05-15 16:30:00,326037.1701273162,326020.1673766075
2023-05-15 20:30:00,326031.9674887234,326020.25733124156
2023-05-16 00:30:00,326040.2852636351,326020.32084698376
2023-05-16 04:30:00,326028.5622019344,326020.27888140193
2023-05-16 08:30:00,326021.4558957094,326020.2679678429
2023-05-16 12:30:00,326016.1976849333,326020.29317959095
2023-05-16 16:30:00,326021.52112132177,326020.362842736
2023-05-16 20:30:00,326025.0346621196,326020.3720728168
2023-05-17 00:30:00,326020.25688263454,326020.40081461176
2023-05-17 04:30:00,326013.3161644577,326020.35772669927
2023-05-17 08:30:00,326006.45810927596,326020.2711337231
2023-05-17 12:30:00,326027.030091089,326020.28575564775
2023-05-17 16:30:00,326025.60739441065,326020.4476250207
2023-05-17 20:30:00,326026.3349554056,326020.543300578
2023-05-18 00:30:00,326027.59687703644,326020.57012490043
2023-05-18 04:30:00,326013.9135704563,326020.52607230295
2023-05-18 08:30:00,326018.83093259856,326020.5166022487
2023-05-18 12:30:00,326034.11306367506,326020.6183006098
2023-05-18 16:30:00,326020.1498367616,326020.6583043689
2023-05-18 20:30:00,326023.8683451482,326020.6720207579
2023-05-19 00:30:00,326029.3967262236,326020.6950027944
2023-05-19 04:30:00,326015.2771146809,326020.68613524706
2023-05-19 08:30:00,326018.48753020534,326020.6816982774
2023-05-19 12:30:00,326012.31753280375,326020.5712157325
2023-05-19 16:30:00,325997.94388301525,326020.4805527052
2023-05-19 20:30:00,326034.02698058786,326020.6500351848
2023-05-20 00:30:00,326038.1914938735,326020.7000822156
2023-05-20 04:30:00,326039.3056552363,326020.7556285013
2023-05-20 08:30:00,326009.28427442175,326020.71216192906
2023-05-20 12:30:00,326022.8074534808,326020.6609407154
2023-05-20 16:30:00,326016.654263274,326020.63356780825
2023-05-20 20:30:00,326004.11599816947,326020.538414888
2023-05-21 00:30:00,326025.79786582326,326020.40537429997
2023-05-21 04:30:00,326017.49947531836,326020.4036075363
2023-05-21 08:30:00,326007.765604047,326020.5429242617
2023-05-21 12:30:00,326021.4264796098,326020.5520181458
2023-05-21 16:30:00,326000.51908943395,326020.4367867991
2023-05-21 20:30:00,326004.74758580874,326020.4683414598
2023-05-22 00:30:00,326025.18511450716,326020.6332971762
2023-05-22 04:30:00,326049.0781073025,326020.71914152155
2023-05-22 08:30:00,326003.62403789343,326020.57528876327
2023-05-22 12:30:00,326020.46263854206,326020.539899692
2023-05-22 16:30:00,326021.54149933864,326020.56621692923
2023-05-22 20:30:00,326000.73791807203,326020.57114379184
2023-05-23 00:30:00,326003.53800160054,326020.53148775175
2023-05-23 04:30:00,326031.0503164646,326020.49496707594
2023-05-23 08:30:00,326015.72073745745,326020.49276369205
2023-05-23 12:30:00,326026.24554056645,326020.5594802092
2023-05-23 16:30:00,326026.6400598279,326020.61707017623
2023-05-23 20:30:00,326002.1123043403,326020.6893489061
2023-05-24 00:30:00,326017.8440188096,326020.7180222695
2023-05-24 04:30:00,326037.3785283269,326020.8353666386
2023-05-24 08:30:00,326009.42813664424,326020.6032814116
2023-05-24 12:30:00,326017.7156928666,326020.51097608195
2023-05-24 16:30:00,326012.89449610206,326020.63010157086
2023-05-24 20:30:00,325987.9340230605,326020.6443870724
2023-05-25 00:30:00,325994.9566140028,326020.6860631009
2023-05-25 04:30:00,326019.55796567834,326020.58834055794
2023-05-25 08:30:00,326018.8325209429,326020.6322753163
2023-05-25 12:30:00,326015.8859383768,326020.6870243358
2023-05-25 16:30:00,326026.9796056477,326020.6962784737
2023-05-25 20:30:00,326005.8441630013,326020.49833899084
2023-05-26 00:30:00,326023.6408514107,326020.5920930593
2023-05-26 04:30:00,326026.135098032,326020.627472299
2023-05-26 08:30:00,326027.5981649248,326020.6049613824
2023-05-26 12:30:00,326014.52174833615,326020.5719273772
2023-05-26 16:30:00,326028.5168604269,326020.72473840025
2023-05-26 20:30:00,326026.958478589,326020.98103205615
2023-05-27 00:30:00,326025.488629467,326021.06614594755
2023-05-27 04:30:00,326037.8861603108,326021.1294434151
2023-05-27 08:30:00,326031.05301262025,326021.1736789106
2023-05-27 12:30:00,326025.37703669566,326021.3845115108
2023-05-27 16:30:00,326034.9451910743,326021.4378710168
2023-05-27 20:30:00,326033.06214263936,326021.4634757952
2023-05-28 00:30:00,326029.6321594341,326021.54491444543
2023-05-28 04:30:00,326042.1083761663,326021.64068019483
2023-05-28 08:30:00,326040.7404364919,326021.6128917101
2023-05-28 12:30:00,326037.33242470014,326021.58539213386
2023-05-28 16:30:00,326032.5885899509,326021.64652101067
2023-05-28 20:30:00,326021.32538141025,326021.71849680674
2023-05-29 00:30:00,326021.0124622607,326021.7177229896
2023-05-29 04:30:00,326036.20159884705,326021.8696379936
2023-05-29 08:30:00,326037.5443127239,326021.9429292608
2023-05-29 12:30:00,326021.02627664915,326022.0838523573
2023-05-29 16:30:00,326043.2583896953,326022.35986513266
2023-05-29 20:30:00,326037.95965530904,326022.3723327001
2023-05-30 00:30:00,326028.3614713156,326022.36440194276
2023-05-30 04:30:00,326009.59114810353,326022.49256173184
2023-05-30 08:30:00,326028.0157838371,326022.4476824986
2023-05-30 12:30:00,326032.55276646407,326022.4012966209
2023-05-30 16:30:00,326008.85013402696,326022.40367662004
2023-05-30 20:30:00,326039.96038618876,326022.4899650161
2023-05-31 00:30:00,326035.65796896815,326022.5476175344
2023-05-31 04:30:00,326009.1483731552,326022.4944355443
2023-05-31 08:30:00,326025.12556679995,326022.4716154554
2023-05-31 12:30:00,326023.6723850189,326022.39701030083
2023-05-31 16:30:00,326019.850637414,326022.41628299345
2023-05-31 20:30:00,326044.94798221556,326022.54123237735
2023-06-01 00:30:00,326038.7766851914,326022.5992626848
2023-06-01 04:30:00,326000.38391678274,326022.6185414294
2023-06-01 08:30:00,326017.32443054434,326022.5945530199
2023-06-01 12:30:00,326029.42525673105,326022.4918922969
2023-06-01 16:30:00,326024.388966143,326022.4994145338
2023-06-01 20:30:00,326042.8619123465,326022.6945383066
2023-06-02 00:30:00,326045.3464634482,326022.70214874146
2023-06-02 04:30:00,326013.9340904658,326022.68773924705
2023-06-02 08:30:00,326001.1507192221,326022.5495614553
2023-06-02 12:30:00,326019.96029555984,326022.3761259467
2023-06-02 16:30:00,326015.6208677086,326022.2752926124
2023-06-02 20:30:00,326036.5124197479,326022.3313747107
2023-06-03 00:30:00,326047.71615572326,326022.4222057801
2023-06-03 04:30:00,326008.46550223604,326022.2770402758
2023-06-03 08:30:00,326004.3869480888,326022.13526543794
2023-06-03 12:30:00,326022.59781824367,326022.04217952705
2023-06-03 16:30:00,326009.2284998366,326021.96031543094
2023-06-03 20:30:00,326011.0728319662,326021.95938033535
2023-06-04 00:30:00,326039.35898166243,326022.03066819883
2023-06-04 04:30:00,326016.4245392836,326022.0689903946
2023-06-04 08:30:00,326003.28899398725,326022.00925902463
2023-06-04 12:30:00,326013.7015988645,326021.9055183744
2023-06-04 16:30:00,326008.2516569821,326021.83567048295
2023-06-04 20:30:00,326003.2954165224,326021.77877964004
2023-06-05 00:30:00,326048.1260130352,326021.86333365116
2023-06-05 04:30:00,326021.62637299096,326021.9191496278
2023-06-05 08:30:00,325996.1222072405,326021.9063508009
2023-06-05 12:30:00,326017.4163016065,326021.8468358953
2023-06-05 16:30:00,326014.96582764096,326021.77556766145
2023-06-05 20:30:00,326015.8889813687,326021.7980574664
2023-06-06 00:30:00,326031.055916368,326021.7817835621
2023-06-06 04:30:00,326034.14214888564,326021.8413741813
2023-06-06 08:30:00,325998.36113129393,326021.85650691803
2023-06-06 12:30:00,326010.97899760155,326021.84398285544
2023-06-06 16:30:00,326011.6041295786,326021.884719829
2023-06-06 20:30:00,325990.9435922918,326021.74761485565
2023-06-07 00:30:00,326029.33462397853,326021.78516079974
2023-06-07 04:30:00,326030.9502992267,326021.7700985617
2023-06-07 08:30:00,325991.3745681301,326021.6621044391
2023-06-07 12:30:00,326009.20010582276,326021.64357237006
2023-06-07 16:30:00,326011.35760671884,326021.5501985208
2023-06-07 20:30:00,326002.1221458909,326021.45545043185
2023-06-08 00:30:00,326026.4603092355,326021.39213377674
2023-06-08 04:30:00,326059.8843396549,326021.4472458918
2023-06-08 08:30:00,325996.3096977411,326021.38047545636
2023-06-08 12:30:00,326004.0686091615,326021.39049296814
2023-06-08 16:30:00,326011.89301434037,326021.4084784582
2023-06-08 20:30:00,326011.8568348722,326021.39362592564
2023-06-09 00:30:00,326014.46999025764,326021.3319710356
2023-06-09 04:30:00,326037.4485028472,326021.2266587862
2023-06-09 08:30:00,326032.19414008665,326021.3278711444
2023-06-09 12:30:00,326020.0193130758,326021.45912680554
2023-06-09 16:30:00,326021.7651322439,326021.4676123525
2023-06-09 20:30:00,326019.22348270053,326021.4282439993
2023-06-10 00:30:00,326012.77288337285,326021.4509152632
2023-06-10 04:30:00,326039.4515232715,326021.46050691
2023-06-10 08:30:00,326032.4606667455,326021.43482323556
2023-06-10 12:30:00,326026.22238704166,326021.52916083456
2023-06-10 16:30:00,326018.2597393554,326021.5371201536
2023-06-10 20:30:00,326022.6264270038,326021.65142640186
2023-06-11 00:30:00,326041.0108900688,326021.76838940126
2023-06-11 04:30:00,326033.2765510351,326021.7883446534
2023-06-11 08:30:00,326044.86001714447,326021.8794527407
2023-06-11 12:30:00,326025.2775002332,326021.9603395529
2023-06-11 16:30:00,326027.1098633259,326022.0313356939
2023-06-11 20:30:00,326006.30039287923,326022.0045446625
2023-06-12 00:30:00,326020.94990093494,326022.0739753319
2023-06-12 04:30:00,326040.89001277677,326022.1186196
2023-06-12 08:30:00,326034.32115944836,326022.1118973613
2023-06-12 12:30:00,326019.0240249362,326022.0896634004
2023-06-12 16:30:00,326037.2177094748,326022.1563060678
2023-06-12 20:30:00,326031.4617830422,326022.16466630774
2023-06-13 00:30:00,326015.18302267016,326022.1969070417
2023-06-13 04:30:00,326029.21425683604,326022.32124306617
2023-06-13 08:30:00,326021.13284087105,326022.33481580665
2023-06-13 12:30:00,326026.11631994665,326022.31441424566
2023-06-13 16:30:00,326047.8118466233,326022.55810546223
2023-06-13 20:30:00,326039.73716481,326022.58827623626
2023-06-14 00:30:00,326017.1997104662,326022.4337964113
2023-06-14 04:30:00,326033.4684410383,326022.45563447376
2023-06-14 08:30:00,326003.35654425155,326022.29042273655
2023-06-14 12:30:00,326008.83040736354,326022.101416588
2023-06-14 16:30:00,326025.66327367915,326022.03748962336
2023-06-14 20:30:00,326021.55651805876,326021.9796508975
2023-06-15 00:30:00,326025.01319556,326021.8948060749
2023-06-15 04:30:00,326028.2292470782,326021.89295632555
2023-06-15 08:30:00,326013.0317630394,326021.84615558863
2023-06-15 12:30:00,326019.0040332325,326021.86174641247
2023-06-15 16:30:00,326011.88395426114,326021.8082065955
2023-06-15 20:30:00,326039.9927760378,326021.8913072283
2023-06-16 00:30:00,326012.6653893102,326021.8491322655
2023-06-16 04:30:00,326022.6786145025,326021.90114587673
2023-06-16 08:30:00,326028.04881171393,326022.02109422366
2023-06-16 12:30:00,326014.1683187118,326021.94963993266
2023-06-16 16:30:00,326006.6083479863,326021.8440896747
2023-06-16 20:30:00,326009.64399741095,326021.75136213034
2023-06-17 00:30:00,326012.3699415289,326021.6667680442
2023-06-17 04:30:00,326023.33736336033,326021.7191224492
2023-06-17 08:30:00,326004.71877793694,326021.64072158997
2023-06-17 12:30:00,326007.55078490806,326021.49315337464
2023-06-17 16:30:00,326028.55088217027,326021.5398258491
2023-06-17 20:30:00,326047.5826966269,326021.6715722462
2023-06-18 00:30:00,326047.2082680164,326021.7705252562
2023-06-18 04:30:00,325999.36647985526,326021.68213284045
2023-06-18 08:30:00,325987.46448207914,326021.5097825731
2023-06-18 12:30:00,325988.70052503044,326021.3785769744
2023-06-18 16:30:00,326005.5554731454,326021.4208635862
2023-06-18 20:30:00,326011.46052665624,326021.2954943977
2023-06-19 00:30:00,326049.722891897,326021.3595577201
2023-06-19 04:30:00,326037.6042048734,326021.350105218
2023-06-19 08:30:00,326007.45975370985,326021.3399689919
2023-06-19 12:30:00,325996.10423451255,326021.19161777536
2023-06-19 16:30:00,326014.75557499134,326021.1810695071
2023-06-19 20:30:00,326014.0614486483,326021.2363220098
2023-06-20 00:30:00,326041.21685653506,326021.3219830693
2023-06-20 04:30:00,326017.75910532515,326021.3234254582
2023-06-20 08:30:00,326030.92170226853,326021.4520704483
2023-06-20 12:30:00,326026.4501559177,326021.4799797612
2023-06-20 16:30:00,326021.72126075753,326021.59776960185
2023-06-20 20:30:00,326004.2116093589,326021.5947919549
2023-06-21 00:30:00,326045.2835049921,326021.7064496798
2023-06-21 04:30:00,326049.36337672867,326021.70803450997
2023-06-21 08:30:00,326001.89565882477,326021.698432404
2023-06-21 12:30:00,326014.1324316691,326021.6632645881
2023-06-21 16:30:00,326020.4917646906,326021.65743272885
2023-06-21 20:30:00,326020.62095237355,326021.7678940305
2023-06-22 00:30:00,326038.47995141643,326021.962015974
2023-06-22 04:30:00,326014.5508161751,326021.87035208347
2023-06-22 08:30:00,325998.75958539563,326021.7761234609
2023-06-22 12:30:00,326016.4771166507,326021.7218544392
2023-06-22 16:30:00,326020.6360057671,326021.68849858333
2023-06-22 20:30:00,326012.4317150418,326021.74582864274
2023-06-23 00:30:00,326010.3587948143,326021.704244065
2023-06-23 04:30:00,326049.29927049205,326021.7704704103
2023-06-23 08:30:00,326026.96845979616,326021.86791665014
2023-06-23 12:30:00,326009.3228841924,326021.8212899352
2023-06-23 16:30:00,326016.7158567734,326021.8425197168
2023-06-23 20:30:00,326022.63729272614,326022.0353156593
2023-06-24 00:30:00,326027.5414754094,326022.2163426672
2023-06-24 04:30:00,326036.3018262952,326022.309364115
2023-06-24 08:30:00,326026.45138912,326022.35169116047
2023-06-24 12:30:00,326023.1283647113,326022.3919268623
2023-06-24 16:30:00,326025.40603065747,326022.38318477897
2023-06-24 20:30:00,326017.763578627,326022.44940375467
2023-06-25 00:30:00,326024.84648846724,326022.4561017384
2023-06-25 04:30:00,326043.7718888733,326022.5540839097
2023-06-25 08:30:00,326034.87870975636,326022.594531381
2023-06-25 12:30:00,326008.26505107095,326022.5597719517
2023-06-25 16:30:00,326019.907668477,326022.5119431076
2023-06-25 20:30:00,326038.8350386354,326022.5779239967
2023-06-26 00:30:00,326034.43486025074,326022.6276252788
2023-06-26 04:30:00,326036.9072597508,326022.62218694243
2023-06-26 08:30:00,326028.39456077694,326022.6074177655
2023-06-26 12:30:00,326006.5228840128,326022.5026724728
2023-06-26 16:30:00,326032.450211679,326022.48881147616
2023-06-26 20:30:00,326042.4369998423,326022.5408940162
2023-06-27 00:30:00,326013.0353967968,326022.44868977927
2023-06-27 04:30:00,326021.6568810365,326022.33507036197
2023-06-27 08:30:00,326039.26382974884,326022.3268669912
2023-06-27 12:30:00,326020.29435409594,326022.2322110434
2023-06-27 16:30:00,326008.1982608578,326022.096709215
2023-06-27 20:30:00,326040.9016027601,326022.2054660003
2023-06-28 00:30:00,326027.0852464177,326022.23920369
2023-06-28 04:30:00,326007.1238310578,326022.0776605357
2023-06-28 08:30:00,326023.1761044606,326021.99783715646
2023-06-28 12:30:00,326025.2766046726,326022.02145008993
2023-06-28 16:30:00,326033.636453645,326021.9679948896
2023-06-28 20:30:00,326039.7950162965,326021.9781913395
2023-06-29 00:30:00,326029.7395036185,326021.9858470746
2023-06-29 04:30:00,326013.64148370316,326022.00834893907
2023-06-29 08:30:00,326016.688038329,326021.94541701954
2023-06-29 12:30:00,326013.6010250556,326021.8401295673
2023-06-29 16:30:00,326012.41433364415,326021.8599306763
2023-06-29 20:30:00,326026.52299545583,326021.7852785055
2023-06-30 00:30:00,326041.15411656105,326021.8158126588
2023-06-30 04:30:00,325995.5762854681,326021.7404121717
2023-06-30 08:30:00,325999.62456825824,326021.59873995755
2023-06-30 12:30:00,326022.26146235614,326021.5909014983
2023-06-30 16:30:00,326028.8896673934,326021.6411183315
2023-06-30 20:30:00,326028.6155172947,326021.5503824153
2023-07-01 00:30:00,326033.5165969004,326021.5211597026
2023-07-01 04:30:00,326011.7795657691,326021.58446886356
2023-07-01 08:30:00,325983.13912951143,326021.39455052454
2023-07-01 12:30:00,326003.63557016477,326021.25127448805
2023-07-01 16:30:00,326018.72080489545,326021.21978470334
2023-07-01 20:30:00,326054.62537665054,326021.28513728274
2023-07-02 00:30:00,326060.47096736514,326021.3691623045
2023-07-02 04:30:00,326027.13132157724,326021.44248025515
2023-07-02 08:30:00,325997.1047057772,326021.42000240274
2023-07-02 12:30:00,326029.15855488216,326021.4711038434
2023-07-02 16:30:00,326038.7105600107,326021.5993799117
2023-07-02 20:30:00,326044.5232109326,326021.64388430724
2023-07-03 00:30:00,326058.49634294986,326021.70377423626
2023-07-03 04:30:00,326031.2547194281,326021.8303809984
2023-07-03 08:30:00,325995.6572643655,326021.7818827555
2023-07-03 12:30:00,326013.4062210828,326021.7308183268
2023-07-03 16:30:00,326012.07028460654,326021.74660602
2023-07-03 20:30:00,326036.36133996653,326021.8870977312
2023-07-04 00:30:00,326061.21592705563,326022.00852520554
2023-07-04 04:30:00,326003.2727489594,326021.93545970373
2023-07-04 08:30:00,325978.5368837457,326021.7979479802
2023-07-04 12:30:00,326005.3904103076,326021.7517747104
2023-07-04 16:30:00,326043.707296531,326021.9487504857
2023-07-04 20:30:00,326010.0442611431,326021.98624406685
2023-07-05 00:30:00,326058.01475526055,326022.04118152376
2023-07-05 04:30:00,326045.88014815893,326022.1759247191
2023-07-05 08:30:00,325981.73717140045,326022.09600785334
2023-07-05 12:30:00,326007.14182208193,326022.03892741154
2023-07-05 16:30:00,326005.51722004166,326021.98643514706
2023-07-05 20:30:00,325996.68086263584,326021.87972337636
2023-07-06 00:30:00,326027.7235570179,326021.8612102688
2023-07-06 04:30:00,326055.8556291015,326021.98184071446
2023-07-06 08:30:00,326002.7007060746,326022.00594946323
2023-07-06 12:30:00,325993.72746469924,326021.9101076138
2023-07-06 16:30:00,326025.7555884526,326021.9887268298
2023-07-06 20:30:00,326009.73388666357,326022.09311735403
2023-07-07 00:30:00,326015.9641960086,326022.01883719873
2023-07-07 04:30:00,326060.3635110267,326022.1822439309
2023-07-07 08:30:00,326051.58673286473,326022.51675595716
2023-07-07 12:30:00,326006.2721255477,326022.50048940006
2023-07-07 16:30:00,326013.26153340796,326022.5110667706
2023-07-07 20:30:00,326028.2533834016,326022.65624031227
2023-07-08 00:30:00,326055.0053316094,326022.81482376996
2023-07-08 04:30:00,326037.71988891513,326022.6916879325
2023-07-08 08:30:00,326006.1841668185,326022.7465460941
2023-07-08 12:30:00,326006.2837600295,326022.7588524878
2023-07-08 16:30:00,326052.92189077084,326022.9867906901
2023-07-08 20:30:00,326029.38740278245,326023.0841827341
2023-07-09 00:30:00,326010.23177476035,326023.0606370925
2023-07-09 04:30:00,326034.462666873,326023.0440491148
2023-07-09 08:30:00,326043.21503500984,326023.1052763088
2023-07-09 12:30:00,326024.68804464425,326023.1312137064
2023-07-09 16:30:00,326020.3670262844,326023.1234464511
2023-07-09 20:30:00,326037.40150700434,326023.22443547496
2023-07-10 00:30:00,326023.4842702334,326023.28394317976
2023-07-10 04:30:00,326029.73830927425,326023.2299808798
2023-07-10 08:30:00,326038.64404942153,326023.26433300576
2023-07-10 12:30:00,326009.512409058,326023.17149979476
2023-07-10 16:30:00,326013.0785179801,326023.1427152316
2023-07-10 20:30:00,326013.508679586,326023.0920610792
2023-07-11 00:30:00,326026.6424206035,326023.01223624893
2023-07-11 04:30:00,326016.69151349785,326022.9200971515
2023-07-11 08:30:00,326027.8082088583,326022.82536488323
2023-07-11 12:30:00,326020.17701535876,326022.7970288561
2023-07-11 16:30:00,326022.7968764894,326022.77306781814
2023-07-11 20:30:00,326037.2984037638,326022.94527898973
2023-07-12 00:30:00,326016.2778091763,326022.91932292446
2023-07-12 04:30:00,325991.048259155,326022.6424242932
2023-07-12 08:30:00,326014.7242070755,326022.5335523356
2023-07-12 12:30:00,326022.3909903741,326022.5522576991
2023-07-12 16:30:00,326027.41829859663,326022.4978165275
2023-07-12 20:30:00,326030.5814259095,326022.4929256546
2023-07-13 00:30:00,326022.5001958674,326022.5335766167
2023-07-13 04:30:00,326008.18997307436,326022.4167750403
2023-07-13 08:30:00,326019.5502768687,326022.4079830181
2023-07-13 12:30:00,326021.5013697361,326022.3823444058
2023-07-13 16:30:00,326019.08839986584,326022.2227697016
2023-07-13 20:30:00,326022.4700970722,326022.1268415475
2023-07-14 00:30:00,326027.68528765236,326022.1850947541
2023-07-14 04:30:00,326014.55417244066,326022.0800154841
2023-07-14 08:30:00,326000.36014644697,326022.06336882967
2023-07-14 12:30:00,326016.4493981699,326022.10569655633
2023-07-14 16:30:00,326024.7134174422,326022.10041957727
2023-07-14 20:30:00,326030.59392111347,326022.15062737203
2023-07-15 00:30:00,326038.790377231,326022.22716727015
2023-07-15 04:30:00,326012.6872583439,326022.14082288835
2023-07-15 08:30:00,325985.923887812,326021.9902235815
2023-07-15 12:30:00,326009.351193291,326021.93659669295
2023-07-15 16:30:00,326012.4778121058,326021.9398959032
2023-07-15 20:30:00,326005.0342665768,326021.74568196177
2023-07-16 00:30:00,326041.90344348334,326021.90811559604
2023-07-16 04:30:00,326030.1001208733,326021.94934618694
2023-07-16 08:30:00,325994.62741221813,326021.7636717454
2023-07-16 12:30:00,326015.73132880323,326021.7723551347
2023-07-16 16:30:00,326007.83484773355,326021.7791690222
2023-07-16 20:30:00,326013.33546591876,326021.7996771806
2023-07-17 00:30:00,326035.3323745844,326021.92724625306
2023-07-17 04:30:00,326015.16062128346,326021.8818199082
2023-07-17 08:30:00,325964.3345826984,326021.657463268
2023-07-17 12:30:00,325997.0526033189,326021.59914003697
2023-07-17 16:30:00,326034.4179374982,326021.6317347888
2023-07-17 20:30:00,326007.79173958,326021.41067391634
2023-07-18 00:30:00,326030.41314757685,326021.31736769166
2023-07-18 04:30:00,326033.85310860875,326021.50896007364
2023-07-18 08:30:00,326019.84369718574,326021.688844602
2023-07-18 12:30:00,326009.0644073868,326021.8019772817
2023-07-18 16:30:00,326019.53001821594,326021.8796136433
2023-07-18 20:30:00,326017.13620895654,326021.9111452116
2023-07-19 00:30:00,326044.5395177383,326021.8823486885
2023-07-19 04:30:00,326030.73733260337,326021.8441993981
2023-07-19 08:30:00,325981.61888983095,326021.7006390432
2023-07-19 12:30:00,326001.1659802333,326021.72875985276
2023-07-19 16:30:00,326024.9552243161,326021.78542457125
2023-07-19 20:30:00,326006.6109021042,326021.74403264595
2023-07-20 00:30:00,326038.7312786265,326021.73022387986
2023-07-20 04:30:00,326038.1301198842,326021.843396183
2023-07-20 08:30:00,326002.13063340186,326021.6834458004
2023-07-20 12:30:00,326003.72180458624,326021.5571771818
2023-07-20 16:30:00,326025.61016300204,326021.57878219435
2023-07-20 20:30:00,326011.38710099494,326021.61864603666
2023-07-21 00:30:00,326040.25881119265,326021.5907310712
2023-07-21 04:30:00,326048.37239038455,326021.5852255915
2023-07-21 08:30:00,326005.76948661223,326021.606746857
2023-07-21 12:30:00,325977.2671006354,326021.40193946235
2023-07-21 16:30:00,326020.72712241544,326021.40324700525
2023-07-21 20:30:00,326015.28239480924,326021.3735883521
2023-07-22 00:30:00,326008.6506974844,326021.2078702747
2023-07-22 04:30:00,326043.9666172941,326021.3712913921
2023-07-22 08:30:00,326033.6916437798,326021.5653583831
2023-07-22 12:30:00,326000.1521645113,326021.4746642046
2023-07-22 16:30:00,326028.6250602183,326021.5190478403
2023-07-22 20:30:00,326040.33002478286,326021.67403845006
2023-07-23 00:30:00,326025.0323629085,326021.75555827277
2023-07-23 04:30:00,326035.20392224257,326021.6772507825
2023-07-23 08:30:00,326030.117588512,326021.694745942
2023-07-23 12:30:00,326026.94447763683,326021.79264368344
2023-07-23 16:30:00,326040.33674902155,326021.9238708626
2023-07-23 20:30:00,326041.4782479616,326022.02854283614
2023-07-24 00:30:00,326027.5228277054,326022.0284392377
2023-07-24 04:30:00,326039.8609358141,326022.04821206845
2023-07-24 08:30:00,326040.6429964188,326022.1270543312
2023-07-24 12:30:00,326003.123357695,326022.0159154033
2023-07-24 16:30:00,326020.19760935026,326021.9869797294
2023-07-24 20:30:00,326028.1737668616,326022.04481410846
2023-07-25 00:30:00,326038.85226974764,326022.12262400443
2023-07-25 04:30:00,326019.9149494411,326021.99008545204
2023-07-25 08:30:00,326015.90226205543,326021.88466074265
2023-07-25 12:30:00,326030.18204706593,326022.0064218315
2023-07-25 16:30:00,326023.6050960372,326022.0269630957
2023-07-25 20:30:00,326046.3614631918,326022.06877656543
2023-07-26 00:30:00,326045.5855962853,326022.130725099
2023-07-26 04:30:00,326046.67809435556,326022.18500751344
2023-07-26 08:30:00,326034.6109280127,326022.219542887
2023-07-26 12:30:00,326039.71792848845,326022.4039598007
2023-07-26 16:30:00,326043.72303815774,326022.46658661455
2023-07-26 20:30:00,326060.5182550739,326022.56703803246
2023-07-27 00:30:00,326041.038446624,326022.7226105315
2023-07-27 04:30:00,326034.0833420835,326022.7916464262
2023-07-27 08:30:00,326018.1174515401,326022.67416654725
2023-07-27 12:30:00,326039.23094169685,326022.7793698117
2023-07-27 16:30:00,326044.3560749087,326022.9802465564
2023-07-27 20:30:00,326039.42787902406,326022.9720592024
2023-07-28 00:30:00,326024.9326046347,326022.96010008134
2023-07-28 04:30:00,326007.6429620235,326022.96298414224
2023-07-28 08:30:00,326014.495286547,326022.914757376
2023-07-28 12:30:00,326023.55989964574,326022.905220126
2023-07-28 16:30:00,326018.82125519903,326022.82291346794
2023-07-28 20:30:00,326042.4348817836,326022.83757938724
2023-07-29 00:30:00,326021.6047527377,326022.7923863268
2023-07-29 04:30:00,325993.1936571809,326022.6787872905
2023-07-29 08:30:00,326000.70520255005,326022.5899937585
2023-07-29 12:30:00,326013.0575454562,326022.58697442734
2023-07-29 16:30:00,326021.94403418363,326022.6399172081
2023-07-29 20:30:00,326038.3718157547,326022.7057439876
2023-07-30 00:30:00,326034.8432058403,326022.6706833724
2023-07-30 04:30:00,326011.8892176676,326022.7613107736
2023-07-30 08:30:00,325993.44491663494,326022.72697937564
2023-07-30 12:30:00,326019.2880630145,326022.71046049043
2023-07-30 16:30:00,326029.39464402065,326022.7132659161
2023-07-30 20:30:00,326034.43825234496,326022.7456144442
2023-07-31 00:30:00,326040.73358719336,326022.7857088347
2023-07-31 04:30:00,326015.1870277034,326022.8046391788
2023-07-31 08:30:00,325966.2750736559,326022.71094997955
2023-07-31 12:30:00,326021.29736470856,326022.8090710604
2023-07-31 16:30:00,326014.7277406509,326022.7868873701
2023-07-31 20:30:00,326019.661401985,326022.5926430664
2023-08-01 00:30:00,326052.66966725676,326022.54930251034
2023-08-01 04:30:00,326017.6037927996,326022.49637179484
2023-08-01 08:30:00,325971.520978009,326022.3542399739
2023-08-01 12:30:00,326027.1790362727,326022.34324264835
2023-08-01 16:30:00,326023.2372958179,326022.2572800695
2023-08-01 20:30:00,326003.81187024835,326022.03110595455
2023-08-02 00:30:00,326047.8538082053,326021.97198076145
2023-08-02 04:30:00,326044.63424625044,326022.04631146614
2023-08-02 08:30:00,325976.55523942615,326021.9401891053
2023-08-02 12:30:00,326008.68227653403,326021.91394496895
2023-08-02 16:30:00,326018.40951636975,326021.9491629232
2023-08-02 20:30:00,326001.0953509242,326021.7532407618
2023-08-03 00:30:00,326046.2857240637,326021.67029518966
2023-08-03 04:30:00,326045.2608224652,326021.9035622647
2023-08-03 08:30:00,326012.1058945836,326022.0900567693
2023-08-03 12:30:00,326025.203799174,326022.20013115194
2023-08-03 16:30:00,326026.4423301193,326022.1042146719
2023-08-03 20:30:00,326007.61660352926,326022.09072768514
2023-08-04 00:30:00,326033.1501332416,326021.9525908961
2023-08-04 04:30:00,326036.8962811883,326021.90268052416
2023-08-04 08:30:00,325993.8313270575,326021.96987027774
2023-08-04 12:30:00,326012.6097660997,326022.0002477445
2023-08-04 16:30:00,326025.6993061496,326022.1123704451
2023-08-04 20:30:00,326007.8380664478,326022.1743549107
2023-08-05 00:30:00,326010.34493834537,326022.0778070292
2023-08-05 04:30:00,326049.71350639925,326022.04368412524
2023-08-05 08:30:00,326013.91084150574,326022.1059626555
2023-08-05 12:30:00,326009.5836845798,326022.1940527659
2023-08-05 16:30:00,326018.93487049075,326022.1561598883
2023-08-05 20:30:00,326035.88217814366,326022.30142817437
2023-08-06 00:30:00,326031.63301779225,326022.38847718417
2023-08-06 04:30:00,326032.52468621085,326022.2338170464
2023-08-06 08:30:00,326030.8592732068,326022.11866449274
2023-08-06 12:30:00,326035.27316595946,326022.2797813839
2023-08-06 16:30:00,326017.5133989519,326022.3034028592
2023-08-06 20:30:00,326016.44614084286,326022.23780706717
2023-08-07 00:30:00,326033.1604973721,326022.11644687696
2023-08-07 04:30:00,326031.59625014826,326022.08242666157
2023-08-07 08:30:00,326012.756578807,326022.1189400615
2023-08-07 12:30:00,326010.6069055599,326022.1429575367
2023-08-07 16:30:00,326028.7242631776,326022.00852627226
2023-08-07 20:30:00,326026.1644788139,326021.9906211391
2023-08-08 00:30:00,326010.48520580237,326021.9920290893
2023-08-08 04:30:00,326016.27959512983,326021.8910120241
2023-08-08 08:30:00,326025.1238071003,326021.79050520237
2023-08-08 12:30:00,326012.4630580572,326021.72258861025
2023-08-08 16:30:00,326016.93611985055,326021.70352801896
2023-08-08 20:30:00,326035.11014588946,326021.69079823495
2023-08-09 00:30:00,326009.03499305976,326021.6105244729
2023-08-09 04:30:00,325994.5114931535,326021.4148199389
2023-08-09 08:30:00,326014.5625884101,326021.28103404446
2023-08-09 12:30:00,325990.00646099023,326021.1726676662
2023-08-09 16:30:00,326020.7884712917,326021.21550074016
2023-08-09 20:30:00,326040.9109582865,326021.36773562187
2023-08-10 00:30:00,326023.85871679924,326021.3522706007
2023-08-10 04:30:00,326013.29571007733,326021.3334050261
2023-08-10 08:30:00,326023.5921905795,326021.30998270237
2023-08-10 12:30:00,326014.23171763786,326021.27695327054
2023-08-10 16:30:00,326016.7056460578,326021.2431131015
2023-08-10 20:30:00,326030.9097498073,326021.2076205796
2023-08-11 00:30:00,326019.70546957507,326021.2266631373
2023-08-11 04:30:00,326006.6919743843,326021.3135726664
2023-08-11 08:30:00,326012.4235441012,326021.3007912054
2023-08-11 12:30:00,326013.0689261927,326021.2490019599
2023-08-11 16:30:00,326026.4128581148,326021.24341617955
2023-08-11 20:30:00,326032.07163417153,326021.2516951143
2023-08-12 00:30:00,326030.5300972529,326021.29630567756
2023-08-12 04:30:00,325985.9537797146,326021.17277127
2023-08-12 08:30:00,326004.75568584405,326021.0905790976
2023-08-12 12:30:00,326025.48582534416,326021.11271496216
2023-08-12 16:30:00,326006.0520032524,326021.0402905365
2023-08-12 20:30:00,326013.3249232612,326020.9894840153
2023-08-13 00:30:00,326045.00840693904,326021.08572356694
2023-08-13 04:30:00,326025.1531289791,326021.1446066588
2023-08-13 08:30:00,326011.94293588225,326021.208955489
2023-08-13 12:30:00,326011.58072870306,326021.1819073253
2023-08-13 16:30:00,326011.8443175603,326021.11041232594
2023-08-13 20:30:00,326033.2708545389,326021.1252841783
2023-08-14 00:30:00,326043.88290195755,326021.1535759823
2023-08-14 04:30:00,326020.2644067053,326021.19567125104
2023-08-14 08:30:00,326001.37198644265,326021.2814940212
2023-08-14 12:30:00,326026.1262839183,326021.37468896917
2023-08-14 16:30:00,326019.1188953966,326021.41158387624
2023-08-14 20:30:00,326022.93850471545,326021.5110518659
2023-08-15 00:30:00,326041.1885022655,326021.50707997027
2023-08-15 04:30:00,326034.598546484,326021.5320712237
2023-08-15 08:30:00,326017.052071936,326021.6566526665
2023-08-15 12:30:00,326034.7213518238,326021.76215279446
2023-08-15 16:30:00,326036.067858021,326021.9190028516
2023-08-15 20:30:00,326032.8874592956,326022.027625037
2023-08-16 00:30:00,326044.1807599734,326022.07678273355
2023-08-16 04:30:00,326028.45633172855,326022.1506477917
2023-08-16 08:30:00,326008.8270698397,326022.3978282758
2023-08-16 12:30:00,326027.35035737907,326022.5661491317
2023-08-16 16:30:00,326021.1970279924,326022.4926996344
2023-08-16 20:30:00,326013.6085324163,326022.5250151502
2023-08-17 00:30:00,326037.38915320614,326022.56377073703
2023-08-17 04:30:00,326028.9221039482,326022.5363762666
2023-08-17 08:30:00,326010.52528275334,326022.48460729764
2023-08-17 12:30:00,326023.9230939272,326022.5671555562
2023-08-17 16:30:00,326032.02389892476,326022.6365660046
2023-08-17 20:30:00,326018.9949918566,326022.64689257625
2023-08-18 00:30:00,326023.4818702839,326022.5299056459
2023-08-18 04:30:00,326045.3296071731,326022.61097383796
2023-08-18 08:30:00,326022.58859625494,326022.8385833181
2023-08-18 12:30:00,326024.38426462666,326022.96757378697
2023-08-18 16:30:00,326032.73619734956,326023.0108014149
2023-08-18 20:30:00,326015.3110371293,326023.0591354984
2023-08-19 00:30:00,326036.24533665314,326023.0453247096
2023-08-19 04:30:00,326047.17425603786,326023.0955699105
2023-08-19 08:30:00,326017.419864742,326023.18051008455
2023-08-19 12:30:00,326023.0972392261,326023.28815138823
2023-08-19 16:30:00,326043.7156521708,326023.38873743906
2023-08-19 20:30:00,326028.8043836302,326023.48550012044
2023-08-20 00:30:00,326033.10429670656,326023.44575281773
2023-08-20 04:30:00,326032.73947455856,326023.3589032853
2023-08-20 08:30:00,326021.86554425745,326023.4483258278
2023-08-20 12:30:00,326016.3275926547,326023.66532856127
2023-08-20 16:30:00,326027.0672825961,326023.7005516734
2023-08-20 20:30:00,326022.1846016635,326023.73889726703
2023-08-21 00:30:00,326027.52627262555,326023.8437615733
2023-08-21 04:30:00,326025.99583190336,326023.74392387667
2023-08-21 08:30:00,326013.7838456019,326023.63332499797
2023-08-21 12:30:00,326018.1358139804,326023.7332341617
2023-08-21 16:30:00,326030.5945952522,326023.744176023
2023-08-21 20:30:00,326029.2577370731,326023.6826633135
2023-08-22 00:30:00,326001.4483197489,326023.5516408515
2023-08-22 04:30:00,326017.7471444696,326023.4546587528
2023-08-22 08:30:00,326039.54711153626,326023.50704499177
2023-08-22 12:30:00,326030.2287424792,326023.5252909076
2023-08-22 16:30:00,326027.97987044073,326023.45664158213
2023-08-22 20:30:00,326024.5141746702,326023.3623967305
2023-08-23 00:30:00,326018.46696320164,326023.31208637217
2023-08-23 04:30:00,326012.46039958723,326023.1598611708
2023-08-23 08:30:00,326021.1377411109,326023.05149864143
2023-08-23 12:30:00,326025.1936435742,326023.1741113407
2023-08-23 16:30:00,326020.0360519263,326023.1732137995
2023-08-23 20:30:00,326021.5988436038,326023.13668644807
2023-08-24 00:30:00,326020.96461703343,326023.0373105996
2023-08-24 04:30:00,326005.5671040834,326022.95760034764
2023-08-24 08:30:00,326021.9805555851,326022.9913686451
2023-08-24 12:30:00,326023.29902177816,326022.95312961563
2023-08-24 16:30:00,326030.00814597995,326022.9887021153
2023-08-24 20:30:00,326023.15687209886,326022.8597877204
2023-08-25 00:30:00,326024.9572553685,326022.7451858264
2023-08-25 04:30:00,326003.78770667023,326022.5069058948
2023-08-25 08:30:00,326025.515808393,326022.4563774525
2023-08-25 12:30:00,326023.9785524633,326022.3689364746
2023-08-25 16:30:00,326025.26805408736,326022.26640878525
2023-08-25 20:30:00,326037.9729008645,326022.1411568174
2023-08-26 00:30:00,326019.6197064781,326022.02216381667
2023-08-26 04:30:00,325998.3514336577,326021.82365321426
2023-08-26 12:30:00,326018.6220646123,326021.72922485997
2023-08-26 16:30:00,326023.0522796057,326021.6102092438
2023-08-26 20:30:00,326032.48535888025,326021.57142421504
2023-08-27 00:30:00,326028.3442996368,326021.5904839637
2023-08-27 04:30:00,325976.72799390205,326021.4177746445
2023-08-27 08:30:00,325993.5711216438,326021.3008798686
2023-08-27 12:30:00,326014.9601041025,326021.25283631805
2023-08-27 16:30:00,326006.8087071477,326021.18572711106
2023-08-27 20:30:00,326054.778112356,326021.25468370644
2023-08-28 00:30:00,326045.9586141394,326021.39073879813
2023-08-28 04:30:00,325999.34274434973,326021.4250912403
2023-08-28 08:30:00,325983.5415095514,326021.3292046873
2023-08-28 12:30:00,326027.54827468615,326021.41015848186
2023-08-28 16:30:00,326019.4004506262,326021.3959485179
2023-08-28 20:30:00,326031.382720025,326021.3569032903
2023-08-29 00:30:00,326039.53172745043,326021.3830961485
2023-08-29 04:30:00,326021.9146584122,326021.4391041973
2023-08-29 08:30:00,326008.08286658814,326021.52088045405
2023-08-29 12:30:00,326021.9260310975,326021.5356177059
2023-08-29 16:30:00,326015.8349495396,326021.4598652228
2023-08-29 20:30:00,326033.54031597654,326021.4548488185
2023-08-30 00:30:00,326043.22724066826,326021.46877984353
2023-08-30 04:30:00,326013.90953311836,326021.4616430022
2023-08-30 08:30:00,325987.4432021133,326021.5799007031
2023-08-30 12:30:00,326016.2068192492,326021.5514619017
2023-08-30 16:30:00,326015.35707846395,326021.5549777554
2023-08-30 20:30:00,326005.2236942517,326021.4743201703
2023-08-31 00:30:00,326040.73646493885,326021.4076542355
2023-08-31 04:30:00,326041.2152829723,326021.5395620019
2023-08-31 08:30:00,325995.2942227964,326021.6723734253
2023-08-31 12:30:00,326007.1786556613,326021.56063945533
2023-08-31 16:30:00,326011.17090884835,326021.49322947225
2023-08-31 20:30:00,326000.73851381906,326021.47605988325
2023-09-01 00:30:00,326026.1734647378,326021.3549406461
2023-09-01 04:30:00,326032.2527048387,326021.2857700236
2023-09-01 08:30:00,326027.80786861887,326021.57209756103
2023-09-01 12:30:00,326036.14804148994,326021.72553758865
2023-09-01 16:30:00,326029.6400771126,326021.7882781515
2023-09-01 20:30:00,326016.1602041974,326021.872439343
2023-09-02 00:30:00,326029.94634921034,326021.7811579192
2023-09-02 04:30:00,326038.0306419805,326021.7407658495
2023-09-02 08:30:00,326021.72065884527,326021.79447961634
2023-09-02 12:30:00,326024.2330315349,326021.78905633336
2023-09-02 16:30:00,326013.11100377195,326021.71457964985
2023-09-02 20:30:00,326016.62397985935,326021.7649001881
2023-09-03 00:30:00,326018.71046863066,326021.68423167063
2023-09-03 04:30:00,326032.5644322724,326021.66003139736
2023-09-03 08:30:00,326017.979525948,326021.79493753647
2023-09-03 08:30:00,326017.979525948,326021.77374080534
2023-09-03 12:30:00,326014.04963398445,326021.7817400714
2023-09-03 12:30:00,326014.04963398445,326021.7390212533
2023-09-03 16:30:00,326032.43856241734,326021.77625471324
2023-09-03 16:30:00,326032.43856241734,326021.83483882155
2023-09-03 20:30:00,326025.1719697302,326021.93008004845
2023-09-05 00:30:01,326007.69278186135,326021.75547905354
2023-09-06 04:30:00,326022.4483988161,326021.4943488208
2023-09-06 08:30:00,326024.41159648495,326021.5629077484
2023-09-06 12:30:00,326008.59960557177,326021.5511001014
2023-09-06 16:30:00,326014.18856052554,326021.46559596807
2023-09-06 20:30:00,326034.26970589283,326021.51327377436
2023-09-07 00:30:00,326003.09653184726,326021.4698109865
2023-09-07 04:30:00,326021.90901239176,326021.5029252057
2023-09-07 08:30:00,326041.15017974924,326021.597197986
2023-09-07 12:30:00,326028.1137174513,326021.6892606882
2023-09-07 16:30:00,326022.8752885461,326021.7241969747
2023-09-07 20:30:00,326031.9738441617,326021.70574814104
2023-09-08 00:30:00,326028.9290015063,326021.8227717201
2023-09-08 04:30:00,326011.2364203549,326021.92115364486
2023-09-08 08:30:00,326023.71415723773,326021.97498640267
2023-09-08 12:30:00,326029.5065646128,326022.20733995334
2023-09-08 16:30:00,326025.1166971601,326022.2328001055
2023-09-08 20:30:00,326024.6874601235,326022.1373677634
2023-09-09 00:30:00,326002.3652899255,326022.0109358406
2023-09-09 04:30:00,326012.27934346546,326022.0049572135
2023-09-09 08:30:00,326027.05114992574,326022.02530403313
2023-09-09 12:30:00,326027.04760215536,326022.1006915891
2023-09-09 16:30:00,326011.4986254807,326022.07006205636
2023-09-09 20:30:00,326019.455993116,326022.00268701697
2023-09-10 00:30:00,326034.9974570723,326022.09263988456
2023-09-10 04:30:00,326015.7095853244,326022.1456846548
2023-09-10 08:30:00,326000.8714635783,326022.0777312401
2023-09-10 12:30:00,326017.1464450149,326022.10171664483
2023-09-10 16:30:00,326020.2138776006,326022.0652520536
2023-09-10 20:30:00,326028.564628156,326022.0446226064
2023-09-11 00:30:00,326030.383656323,326022.0437611892
2023-09-11 04:30:00,326019.76655324496,326022.242659857
2023-09-11 08:30:00,326024.02235124295,326022.3559931829
2023-09-11 12:30:00,326034.90345006937,326022.41139097535
2023-09-11 16:30:00,326011.0389847983,326022.440726161
2023-09-11 20:30:00,326022.45758733293,326022.4944477143
2023-09-12 00:30:00,326038.5760638361,326022.4566104019
2023-09-12 04:30:00,326021.0332156144,326022.43237561744
2023-09-12 08:30:00,326006.5554570128,326022.40068456525
2023-09-12 12:30:00,326014.68861257564,326022.41896623507
2023-09-12 16:30:00,326019.9174583602,326022.46645529865
2023-09-12 20:30:00,326026.36603922717,326022.425838738
2023-09-13 00:30:00,326021.4825471944,326022.29407194525
2023-09-13 04:30:00,326017.0568423789,326022.2752039198
2023-09-13 08:30:00,326022.3217690428,326022.3984379351
2023-09-13 12:30:00,326038.6025286494,326022.47182761
2023-09-13 16:30:00,326020.6528418567,326022.48085082445
2023-09-13 20:30:00,326017.3238786419,326022.4478236123
2023-09-14 00:30:00,326029.150799143,326022.3770135939
2023-09-14 04:30:00,326028.75326473615,326022.3426295836
2023-09-14 08:30:00,326015.90811533004,326022.33590042713
2023-09-14 12:30:00,326016.2094729834,326022.2270070222
2023-09-14 16:30:00,326018.54986764415,326022.12396001996
2023-09-14 20:30:00,326010.28940215,326021.99103027204
2023-09-15 00:30:00,326022.61654423416,326021.86418194417
2023-09-15 04:30:00,326026.38175311685,326021.8519785406
2023-09-15 08:30:00,326007.7220098717,326021.8454781878
2023-09-15 12:30:00,326026.745222545,326021.84191857115
2023-09-15 16:30:00,326022.0880055635,326021.8471596157
2023-09-15 20:30:00,326019.37657514884,326021.8810892788
2023-09-16 00:30:00,326020.58225885924,326021.78222519445
2023-09-16 04:30:00,326031.561511974,326021.797751124
2023-09-16 08:30:00,326013.0381278648,326021.8125325658
2023-09-16 12:30:00,326017.43268999085,326021.77435371914
2023-09-16 16:30:00,326021.63691103895,326021.71325379034
2023-09-16 20:30:00,326004.6682176829,326021.62897864816
2023-09-17 00:30:02,326024.5597531623,326021.63531913573
2023-09-17 08:30:00,326017.35086456785,326021.4641237527
2023-09-17 12:30:00,326035.4601497453,326021.52966153447
2023-09-17 16:30:00,326052.9748652268,326021.6494169657
2023-09-17 20:30:00,326015.84726936015,326021.6525899375
2023-09-18 00:30:00,326020.4800730675,326021.5593043542
2023-09-18 04:30:00,326040.7807897877,326021.52147319296
2023-09-18 08:30:00,326018.8641829638,326021.5300194546
2023-09-18 12:30:00,326009.955368154,326021.45225690387
2023-09-18 16:30:00,326030.98912148434,326021.37695198855
2023-09-18 20:30:00,326023.9232243124,326021.348069389
2023-09-19 00:30:00,326009.80111135816,326021.21018071834
2023-09-19 04:30:00,326014.4296623832,326021.1018386345
2023-09-19 08:30:00,326021.3220387237,326021.0986226254
2023-09-19 12:30:00,326018.6664164001,326021.11246181914
2023-09-19 16:30:00,326023.9449771741,326021.09398663905
2023-09-19 20:30:00,326018.1073036265,326021.06986061524
2023-09-20 00:30:00,326032.73094217415,326021.10065747646
2023-09-20 04:30:00,326046.19846933795,326021.2201997098
2023-09-20 08:30:00,326048.0196554395,326021.4227784663
2023-09-20 12:30:00,326032.7343917449,326021.5091605832
2023-09-20 16:30:00,326025.6194869077,326021.4797220723
2023-09-20 20:30:00,326006.2980865956,326021.3438661523
2023-09-21 00:30:00,326020.4659029499,326021.4563962304
2023-09-21 04:30:00,326049.3699420894,326021.6435133761
2023-09-21 08:30:00,326033.20804973645,326021.6060041347
2023-09-21 12:30:00,326024.94867919147,326021.57476115663
2023-09-21 16:30:00,326030.1332443286,326021.58750301396
2023-09-21 20:30:00,326019.3325397946,326021.55684245256
2023-09-22 00:30:00,326011.0856713303,326021.5131661693
2023-09-22 04:30:00,326014.2264988902,326021.5236164611
2023-09-22 08:30:00,326035.0786927482,326021.6061072991
2023-09-22 12:30:00,326029.6562946083,326021.6325135183
2023-09-22 16:30:00,326029.4046350178,326021.6879489212
2023-09-22 20:30:00,326025.4094277903,326021.7104967566
2023-09-23 00:30:00,326008.7582473659,326021.63826971716
2023-09-23 04:30:00,326030.67668263346,326021.786847105
2023-09-23 08:30:00,326015.3798385706,326021.74778960785
2023-09-23 12:30:00,326032.0068197511,326021.7993150397
2023-09-23 16:30:00,326025.8811323563,326021.7748948407
2023-09-23 20:30:00,326013.0932691178,326021.7153468941
2023-09-24 00:30:00,326001.7806170721,326021.5782070225
2023-09-24 04:30:00,326019.0978301509,326021.6687994692
2023-09-24 08:30:00,326030.96379937674,326021.7010361022
2023-09-24 12:30:00,326012.82755234954,326021.6350538529
2023-09-24 16:30:00,326029.3512128715,326021.65921455587
2023-09-24 20:30:00,326031.8242835917,326021.62283220515
2023-09-25 00:30:00,326014.7348031461,326021.59392745164
2023-09-25 04:30:00,326001.0818124515,326021.6100835392
2023-09-25 08:30:00,326021.4414883327,326021.60909180273
2023-09-25 12:30:00,326035.392376695,326021.7077406973
2023-09-25 16:30:00,326021.6191050754,326021.69931025896
2023-09-25 20:30:00,326021.4478345922,326021.6343836455
2023-09-26 00:30:00,326022.69575406273,326021.60115690675
2023-09-26 04:30:00,326018.05961427954,326021.8442840855
2023-09-26 08:30:00,326021.8620861203,326022.01070152357
2023-09-26 12:30:00,326030.90528853517,326022.1044967261
2023-09-26 16:30:00,326022.4125967082,326022.1962843117
2023-09-26 20:30:00,326049.5488735435,326022.1655240834
2023-09-27 00:30:00,326036.99948643,326022.11282333225
2023-09-27 04:30:00,326010.019936454,326022.1756303446
2023-09-27 08:30:00,326004.2741237691,326022.2975868988
2023-09-27 12:30:00,325997.9996520973,326022.1237714718
2023-09-27 16:30:00,325997.4774478178,326021.99481263175
2023-09-27 20:30:00,326021.5318957049,326021.9368666064
2023-09-28 00:30:00,326025.0466246942,326021.85166011966
2023-09-28 04:30:00,326022.2307350763,326021.85351939406
2023-09-28 08:30:00,326014.18821183336,326021.8894331896
2023-09-28 12:30:00,326020.96429258684,326021.88377590425
2023-09-28 16:30:00,326031.8805839531,326021.9781619891
2023-09-28 20:30:00,326020.35621863574,326021.90060847526
2023-09-29 00:30:00,326038.197501521,326021.8710217744
2023-09-29 04:30:00,326044.45364171785,326022.0506930014
2023-09-29 08:30:00,325979.7025290922,326022.0051596308
2023-09-29 12:30:00,326003.97016108566,326021.93317928864
2023-09-29 16:30:00,326014.0115512638,326021.9252644227
2023-09-29 20:30:00,326017.532573228,326021.99766959314
2023-09-30 00:30:00,326015.076834662,326021.84673059155
2023-09-30 04:30:00,326021.98878260225,326021.7336335305
2023-09-30 08:30:00,326014.09550771944,326021.84422932426
2023-09-30 12:30:00,326014.2221418684,326021.885661596
2023-09-30 16:30:00,326008.15705623355,326021.86793305125
2023-09-30 20:30:00,326004.77807862,326021.8916951971
2023-10-01 00:30:00,326024.94981435675,326021.88449725363
2023-10-01 04:30:00,326037.79486056254,326021.91709816974
2023-10-01 08:30:00,326025.5608314566,326021.9038803041
2023-10-01 12:30:00,326018.6837651621,326021.8011492669
2023-10-01 16:30:00,326036.4852028646,326021.8414147125
2023-10-01 20:30:00,326015.33000800636,326021.8365312054
2023-10-02 00:30:00,326010.768469699,326021.7237201495
2023-10-02 04:30:00,326040.56674256263,326021.73863838817
2023-10-02 08:30:00,326034.7559590274,326021.8153166246
2023-10-02 12:30:00,326024.23563623277,326021.81533194636
2023-10-02 16:30:00,326040.0188915168,326021.973613639
2023-10-02 20:30:00,325997.8939043461,326021.8634367242
2023-10-03 00:30:00,326009.9580557918,326021.8119519428
2023-10-03 04:30:00,326032.26261307456,326021.8101765357
2023-10-03 08:30:00,326029.3740497294,326021.90026632487
2023-10-03 12:30:00,326031.44409418356,326022.0505347329
2023-10-03 16:30:00,326044.9002919477,326022.0629521092
2023-10-03 20:30:00,326019.17122674047,326022.0270195164
2023-10-04 00:30:00,325979.8447315718,326021.7759344691
2023-10-04 04:30:00,325997.956159475,326021.63498905493
2023-10-04 08:30:00,326000.3339430227,326021.50968878414
2023-10-04 12:30:00,326002.7560112011,326021.400018155
2023-10-04 16:30:00,326023.49990135786,326021.41222677834
2023-10-04 20:30:00,325999.72150831955,326021.2868469028
2023-10-05 00:30:00,325995.85473858874,326021.1406853608
2023-10-05 04:30:00,326022.2869953967,326021.2245601512
2023-10-05 08:30:00,326038.6472190097,326021.3241182018
2023-10-05 12:30:00,326024.0518270965,326021.3396165478
2023-10-05 16:30:00,326042.65197240683,326021.460025338
2023-10-05 20:30:00,326037.00722403417,326021.5473691509
2023-10-06 00:30:00,325996.64881948434,326021.408271108
2023-10-06 04:30:00,326014.62471333164,326021.3645633679
2023-10-06 08:30:00,326039.9100731106,326021.4511470363
2023-10-06 12:30:00,326035.80262235604,326021.603119197
2023-10-06 16:30:00,326035.91665408656,326021.7245051946
2023-10-06 20:30:00,326016.06615350523,326021.6228093712
2023-10-07 00:30:00,326008.3351361148,326021.6520753168
2023-10-07 04:30:00,326027.7802309614,326021.6848754206
2023-10-07 08:30:00,326037.60512986995,326021.66507067264
2023-10-07 12:30:00,326033.31750716735,326021.69414212357
2023-10-07 16:30:00,326029.6304420411,326021.7318804113
2023-10-07 20:30:00,326033.6944088607,326021.74149250455
2023-10-08 00:30:00,326028.8618245026,326021.74111721397
2023-10-08 04:30:00,326019.44686116965,326021.78698559845
2023-10-08 08:30:00,326022.43820748664,326021.77985738753
2023-10-08 12:30:00,326021.9796559577,326021.73780761857
2023-10-08 16:30:00,326008.77180279815,326021.64649535954
2023-10-08 20:30:00,326022.86001552426,326021.6362861718
2023-10-09 00:30:00,326012.1185000386,326021.6907733792
2023-10-09 04:30:00,325996.3521133995,326021.60179444024
2023-10-09 08:30:00,326027.6945944317,326021.6053891023
2023-10-09 12:30:00,326030.319513746,326021.62366793805
2023-10-09 16:30:00,326011.85238418577,326021.6256442436
2023-10-09 20:30:00,326025.7375003037,326021.6607364625
2023-10-10 00:30:00,326031.5080568357,326021.6412426065
2023-10-10 04:30:00,326030.1182913266,326021.7217381708
2023-10-10 08:30:00,326019.6313237472,326021.8265418588
2023-10-10 12:30:00,326016.4237820525,326021.82250463555
2023-10-10 16:30:00,326024.8859644205,326021.8486056793
2023-10-10 20:30:00,326025.0891903934,326021.8291898258
2023-10-11 00:30:00,326031.3747561623,326021.83472669637
2023-10-11 04:30:00,326035.2627935814,326021.92129787157
2023-10-11 08:30:00,326034.7773775082,326021.9813818171
2023-10-11 12:30:00,326026.743737298,326021.9357968296
2023-10-11 16:30:00,326050.2503014501,326022.1548544645
2023-10-11 20:30:00,326028.45479150285,326022.1883583983
2023-10-12 00:30:00,326041.04373360844,326022.2021442631
2023-10-12 04:30:00,326033.6700644154,326022.2727411837
2023-10-12 08:30:00,326005.4310242742,326022.26645943656
2023-10-12 12:30:00,325999.7349230742,326022.1829192718
2023-10-12 16:30:00,326004.4490052428,326022.09650333255
2023-10-12 20:30:00,326005.1746883703,326021.97811589757
2023-10-13 00:30:00,326023.57779273036,326021.9898211799
2023-10-13 04:30:00,326043.0313128572,326022.13492995355
2023-10-13 08:30:00,326017.10872996843,326022.1058068303
2023-10-13 12:30:00,326012.9323168911,326021.962397826
2023-10-13 16:30:00,326025.67057328054,326021.9904298451
2023-10-13 20:30:00,326016.6360321617,326021.9865871273
2023-10-14 00:30:00,326025.94607374433,326021.96868363355
2023-10-14 04:30:00,326025.6398810412,326021.9512904285
2023-10-14 08:30:00,326014.49757667026,326021.9434103242
2023-10-14 12:30:00,326014.9777682301,326021.93652929214
2023-10-14 16:30:00,326018.4349499995,326021.9358872941
2023-10-14 20:30:00,326015.8518412581,326021.9669623729
2023-10-15 00:30:00,326008.4336360442,326021.88772824896
2023-10-15 04:30:00,326022.45340227766,326021.8657821549
2023-10-15 08:30:00,326023.38188620633,326021.95326749753
2023-10-15 12:30:00,326021.72171590134,326021.9252032146
2023-10-15 16:30:00,326028.8800732514,326021.96314772684
2023-10-15 20:30:00,325998.04012864904,326021.84394970175
2023-10-16 00:30:00,326021.55203741376,326021.84936745896
2023-10-16 04:30:00,326041.9416124164,326021.90735684696
2023-10-16 08:30:00,326023.27371988515,326021.96453892527
2023-10-16 12:30:00,326015.33631558047,326021.9528273364
2023-10-16 16:30:00,326018.8443570837,326021.93722647626
2023-10-16 20:30:00,326003.24909304874,326021.9292984057
2023-10-17 00:30:00,326028.5706636724,326021.96619487944
2023-10-17 04:30:00,326041.9216875707,326022.0626500705
2023-10-17 08:30:00,326030.4913754165,326022.1356529086
2023-10-17 12:30:00,326028.1282738035,326022.09492026444
2023-10-17 16:30:00,326035.0414907615,326021.99529040634
2023-10-17 20:30:00,325977.2366231091,326021.78078681603
2023-10-18 00:30:00,325975.0836940584,326021.52858471044
2023-10-18 04:30:00,326035.73354703333,326021.5005444729
2023-10-18 08:30:00,326025.2129631821,326021.5358154741
2023-10-18 12:30:00,326022.29241839075,326021.60435464216
2023-10-18 16:30:00,326042.3091836121,326021.6672438762
2023-10-18 20:30:00,326009.3320269171,326021.5861816684
2023-10-19 00:30:00,326028.20164947177,326021.6884068802
2023-10-19 04:30:00,326053.9889650208,326021.9081807837
2023-10-19 08:30:00,326042.5755050107,326022.0262555964
2023-10-19 12:30:00,326022.05997487146,326022.04510869907
2023-10-19 16:30:00,326046.1486800353,326022.1684626039
2023-10-19 20:30:00,326003.77821135655,326022.0888565357
2023-10-20 00:30:00,325985.73761162447,326021.82778247714
2023-10-20 04:30:00,326038.71927269077,326021.78623138455
2023-10-20 08:30:00,326034.38533165073,326021.71048514126
2023-10-20 12:30:00,326037.59395285515,326021.737482703
2023-10-20 16:30:00,326025.1142214263,326021.73467567255
2023-10-20 20:30:00,326004.4621503067,326021.72447602655
2023-10-21 00:30:00,326027.2471607689,326021.7621496811
2023-10-21 04:30:00,326040.7234736297,326021.71411374514
2023-10-21 08:30:00,326025.4666147112,326021.67110577284
2023-10-21 12:30:00,326018.85954591125,326021.6372772546
2023-10-21 16:30:00,326041.26394495147,326021.69911448023
2023-10-21 20:30:00,326012.9474098255,326021.663641536
2023-10-22 00:30:00,325988.3046694851,326021.53708041465
2023-10-22 04:30:00,326003.6613802382,326021.478385311
2023-10-22 08:30:00,326043.729359033,326021.5264445682
2023-10-22 12:30:00,326040.6954784705,326021.5877733674
2023-10-22 16:30:00,326021.0025072135,326021.54109487956
2023-10-22 20:30:00,326001.6518274613,326021.40910821105
2023-10-23 00:30:00,326029.84179587365,326021.5262390361
2023-10-23 04:30:00,326025.78004460013,326021.4990354915
2023-10-23 08:30:00,326045.8599502881,326021.66836944554
2023-10-23 12:30:00,326047.7342274747,326021.7557439328
2023-10-23 16:30:00,326016.2474943904,326021.70222372195
2023-10-23 20:30:00,326016.3333302608,326021.72022406163
2023-10-24 00:30:00,325986.2834314241,326021.63412858575
2023-10-24 04:30:00,326007.6639941953,326021.5706072749
2023-10-24 08:30:00,326025.749078426,326021.54163660295
2023-10-24 12:30:00,326026.936743292,326021.6200209971
2023-10-24 16:30:00,326019.2436967918,326021.56386813
2023-10-24 20:30:00,326018.1485596137,326021.4878918857
2023-10-25 00:30:00,326022.0637852883,326021.52860845317
2023-10-25 04:30:00,325986.05485194625,326021.4451253392
2023-10-25 08:30:00,326019.7661683187,326021.43581800576
2023-10-25 12:30:00,326047.7853048812,326021.50466760685
2023-10-25 16:30:00,326016.8681139763,326021.4782732118
2023-10-25 20:30:00,326010.8946219751,326021.4196442528
2023-10-26 00:30:00,326015.57013739034,326021.3800574936
2023-10-26 04:30:00,326008.569151561,326021.32733270066
2023-10-26 08:30:00,326021.4030140467,326021.3247823002
2023-10-26 12:30:00,326031.0196724725,326021.3254177665
2023-10-26 16:30:00,326007.6227576024,326021.24325199384
2023-10-26 20:30:00,326025.4937699475,326021.10961252934
2023-10-27 00:30:00,326032.143746798,326021.082636198
2023-10-27 04:30:00,326020.9518657597,326021.14336913865
2023-10-27 08:30:00,326015.8656052909,326021.2077662582
2023-10-27 12:30:00,326040.07301394374,326021.44150715735
2023-10-27 16:30:00,326030.6562128276,326021.62583362963
2023-10-27 20:30:00,326001.8776289705,326021.51664325886
2023-10-28 00:30:00,326019.2198405829,326021.484272236
2023-10-28 04:30:00,326044.15123372327,326021.6060527841
2023-10-28 08:30:00,326021.75286301057,326021.648078624
2023-10-28 12:30:00,326025.39541162795,326021.672695952
2023-10-28 16:30:00,325994.47799688985,326021.4649038016
2023-10-28 20:30:00,325999.11162780464,326021.34687829704
2023-10-29 00:30:00,326037.17007857875,326021.3411703917
2023-10-29 04:30:00,326021.3617144421,326021.21288190695
2023-10-29 08:30:00,326026.68777690385,326021.4739110615
2023-10-29 12:30:00,326051.30111821694,326021.73686082324
2023-10-29 16:30:00,326034.14023401943,326021.8486868385
2023-10-29 20:30:00,325992.3971535749,326021.70904561825
2023-10-30 00:30:00,325993.6730807119,326021.5901358741
2023-10-30 04:30:00,326046.09890500444,326021.72408099857
2023-10-30 08:30:00,326037.67494268663,326021.8550778595
2023-10-30 12:30:00,326024.3392592156,326021.91128406697
2023-10-30 16:30:00,326013.2615456606,326021.9396423416
2023-10-30 20:30:00,325991.33289433096,326021.86494687333
2023-10-31 00:30:00,326031.3392485487,326021.90044372994
2023-10-31 04:30:00,326044.72396719106,326021.9389387667
2023-10-31 08:30:00,326034.02329960425,326021.98595247866
2023-10-31 12:30:00,326032.76477224496,326022.0641802958
2023-10-31 16:30:00,326036.1862404924,326022.0625193937
2023-10-31 20:30:00,325986.7901798392,326021.9039647928
2023-11-01 00:30:00,325993.6137027967,326021.80866053223
2023-11-01 04:30:00,326037.9367685803,326021.7940495657
2023-11-01 08:30:00,326013.9596269858,326021.6785143877
2023-11-01 12:30:00,326034.4542775718,326021.7352846173
2023-11-01 16:30:00,326043.8702279811,326021.75668093096
2023-11-01 20:30:00,326006.47427544516,326021.8043496593
2023-11-02 00:30:00,325995.9456118772,326021.7265027487
2023-11-02 04:30:00,326018.53837403766,326021.6502569762
2023-11-02 08:30:00,326013.9135928072,326021.5643655489
2023-11-02 12:30:00,326007.48156801384,326021.43124040356
2023-11-02 16:30:00,326033.12823883625,326021.3658401084
2023-11-02 20:30:00,326017.7643739901,326021.35802425985
2023-11-03 00:30:00,326009.86193685024,326021.52478651144
2023-11-03 04:30:00,326034.3516068669,326021.7269834414
2023-11-03 08:30:00,326031.7095406992,326021.9012923173
2023-11-03 12:30:00,326033.77109449764,326022.0735983357
2023-11-03 16:30:00,326041.6803309172,326022.17460072204
2023-11-03 20:30:00,326012.36010148993,326022.2448151286
2023-11-04 00:30:00,325993.7213226856,326022.232962818
2023-11-04 04:30:00,326011.2123720877,326022.171437133
2023-11-04 08:30:00,326033.5234712523,326022.14297186764
2023-11-04 12:30:00,326013.77480628196,326022.0858773076
2023-11-04 16:30:00,326014.19707356364,326021.9277945362
2023-11-04 20:30:00,326032.81984335894,326021.90453131025
2023-11-05 00:30:00,326010.2121296068,326021.9798830332
2023-11-05 04:30:00,326004.28272924846,326021.922427566
2023-11-05 08:30:00,326053.2394670436,326021.9964797545
2023-11-05 12:30:00,326055.9366165911,326022.10833527806
2023-11-05 16:30:00,326053.5506385019,326022.2063018582
2023-11-05 20:30:00,326041.53992100706,326022.34782278875
2023-11-06 00:30:00,326009.03194971493,326022.3516939754
2023-11-06 04:30:00,325981.8970868317,326022.0967876192
2023-11-06 08:30:00,326017.4813547909,326021.9849888687
2023-11-06 12:30:00,326004.8923648556,326021.8270714114
2023-11-06 16:30:00,325995.9652621051,326021.640042634
2023-11-06 20:30:00,326015.1915885181,326021.53724918765
2023-11-07 00:30:00,326032.67462609074,326021.5584314186
2023-11-07 04:30:00,326003.4776523987,326021.46971359215
2023-11-07 08:30:00,326025.9023829256,326021.4889590112
2023-11-07 12:30:00,326034.4559912862,326021.55827198527
2023-11-07 16:30:00,326025.6782273962,326021.6521965664
2023-11-07 20:30:00,326017.73842124915,326021.6237432649
2023-11-08 00:30:00,326013.39513607894,326021.63083568733
2023-11-08 04:30:00,326005.95497193706,326021.6841849014
2023-11-08 08:30:00,325998.06132253585,326021.5195556131
2023-11-08 12:30:00,326023.6282721102,326021.48238204845
2023-11-08 16:30:00,326023.3712841036,326021.5463759368
2023-11-08 20:30:00,326029.2394541664,326021.56583123613
2023-11-09 00:30:00,326038.36864304484,326021.60394560394
2023-11-09 04:30:00,326038.78841678705,326021.6521129676
2023-11-09 08:30:00,326026.67809687724,326021.6912617072
2023-11-09 12:30:00,326031.8819829386,326021.7771406011
2023-11-09 16:30:00,326030.36952411284,326021.8076048215
2023-11-09 20:30:00,326016.0036999018,326021.7571298744
2023-11-10 00:30:00,326037.44788651686,326021.79086948745
2023-11-10 04:30:00,326043.68664539047,326021.8376686642
2023-11-10 08:30:00,326029.6706444925,326021.80929792527
2023-11-10 12:30:00,326042.53521992214,326021.8970283842
2023-11-10 16:30:00,326043.37656005245,326021.858840932
2023-11-10 20:30:00,326018.50891288614,326021.8035860508
2023-11-11 00:30:00,326034.04547200364,326021.76470681967
2023-11-11 04:30:00,326034.2287819638,326021.7678108061
2023-11-11 08:30:00,326002.7881502572,326021.75312817266
2023-11-11 12:30:00,326002.4483886766,326021.7682029815
2023-11-11 16:30:00,326035.41330533323,326021.94022687094
2023-11-11 20:30:00,326025.2410033181,326022.05170639843
2023-11-12 00:30:00,326045.3062317726,326022.1724199487
2023-11-12 04:30:00,326026.79020525404,326022.08219157305
2023-11-12 08:30:00,326024.16979375796,326022.1214197052
2023-11-12 12:30:00,326028.9611048696,326022.2104685273
2023-11-12 16:30:00,326054.3253620391,326022.36966179824
2023-11-12 20:30:00,325971.774977792,326022.12043371843
2023-11-13 00:30:00,326002.32231807243,326021.9891906314
2023-11-13 04:30:00,326033.62216314056,326022.033536643
2023-11-13 08:30:00,326020.5731523794,326022.0672898414
2023-11-13 12:30:00,326021.4574594119,326022.1032881257
2023-11-13 16:30:00,326018.35537997884,326022.1028460701
2023-11-13 20:30:00,326003.01379123883,326022.03152357
2023-11-14 00:30:00,326029.4751459713,326022.14842084737
2023-11-14 04:30:00,326036.02358616097,326022.2238107578
2023-11-14 08:30:00,326024.2170033189,326022.2284502973
2023-11-14 12:30:00,326030.7283453704,326022.2784871277
2023-11-14 16:30:00,326036.814976524,326022.32256992365
2023-11-14 20:30:00,326001.2436947252,326022.34036751295
2023-11-15 00:30:00,326014.9497753761,326022.3036882794
2023-11-15 04:30:00,326022.8060641108,326022.19737967773
2023-11-15 08:30:00,326011.8040424535,326022.1336592476
2023-11-15 12:30:00,326023.48399622,326022.17892413994
2023-11-15 16:30:00,325993.43731390074,326022.0377739001
2023-11-15 20:30:00,326000.7371215458,326022.02381850284
2023-11-16 00:30:00,326051.39377782337,326022.1506135814
2023-11-16 04:30:00,326039.5321928324,326022.13733861066
2023-11-16 08:30:00,326032.29581492534,326022.1473632746
2023-11-16 12:30:00,326022.92192794994,326022.11843913107
2023-11-16 16:30:00,326052.8199650499,326022.21720843256
2023-11-16 20:30:00,326013.9833053278,326022.4213566671
2023-11-17 00:30:00,325982.2335963843,326022.4610783467
2023-11-17 04:30:00,326032.3709453701,326022.44239722635
2023-11-17 08:30:00,326016.715883534,326022.3951912283
2023-11-17 12:30:00,326011.0646697309,326022.3328148469
2023-11-17 16:30:00,326023.61645476986,326022.2289663533
2023-11-17 20:30:00,326030.075370289,326022.3442071499
2023-11-18 00:30:00,326036.30289010244,326022.3892140422
2023-11-18 04:30:00,326019.13372995984,326022.1955738474
2023-11-18 08:30:00,326023.01977538894,326022.0869309052
2023-11-18 12:30:00,326018.5281907847,326022.0673098824
2023-11-18 16:30:00,326029.2522582711,326021.97344087256
2023-11-18 20:30:00,326002.604228283,326021.96691874444
2023-11-19 00:30:00,326009.40543831844,326022.09840667044
2023-11-19 04:30:00,326055.0520459428,326022.18914429966
2023-11-19 08:30:00,326013.4046764241,326022.072585104
2023-11-19 12:30:00,326006.7155663225,326021.9010385121
2023-11-19 16:30:00,326026.50650963275,326021.90877344663
2023-11-19 20:30:00,326046.12750949216,326022.14024766424
2023-11-20 00:30:00,326027.62643910164,326022.14235476614
2023-11-20 04:30:00,325980.6934279819,326021.8088545126
2023-11-20 08:30:00,325997.21570125606,326021.65190499334
2023-11-20 12:30:00,326019.80374025024,326021.65715051745
2023-11-20 16:30:00,325996.00425362744,326021.4057077879
2023-11-20 20:30:00,326014.765313608,326021.4158072533
2023-11-21 00:30:00,326019.43081552436,326021.5887302869
2023-11-21 04:30:00,326012.2526163308,326021.63645937626
2023-11-21 08:30:00,326038.697362458,326021.60850383976
2023-11-21 12:30:00,326025.4735488853,326021.5239375643
2023-11-21 16:30:00,326015.24412027554,326021.4919465257
2023-11-21 20:30:00,326036.27208240255,326021.68428127543
2023-11-22 00:30:00,326034.13407600234,326021.70812727616
2023-11-22 04:30:00,325991.02026870317,326021.51501741
2023-11-22 08:30:00,326021.8176350379,326021.381448992
2023-11-22 12:30:00,326043.37091421965,326021.3572083628
2023-11-22 16:30:00,326029.7302925276,326021.4321127969
2023-11-22 20:30:00,326010.6542960405,326021.40056260675
2023-11-23 00:30:00,326019.9927370703,326021.58783652703
2023-11-23 04:30:00,326003.68677630665,326021.5657408721
2023-11-23 08:30:00,326022.16602555703,326021.5458350228
2023-11-23 12:30:00,326032.42107737897,326021.57630354556
2023-11-23 16:30:00,326020.0163958822,326021.58059631824
2023-11-23 20:30:00,326000.7339758664,326021.48384863074
2023-11-24 00:30:00,326029.22029606876,326021.523607024
2023-11-24 04:30:00,326037.411631147,326021.808922464
2023-11-24 08:30:00,326036.35066435207,326021.901058553
2023-11-24 12:30:00,326045.710495847,326021.8895318362
2023-11-24 16:30:00,326011.5191942266,326021.8598156154
2023-11-24 20:30:00,325991.42569815856,326021.7516549275
2023-11-25 00:30:00,326036.35971045657,326021.8671525556
2023-11-25 04:30:00,326037.67972772056,326022.02887797874
2023-11-25 08:30:00,326021.4220411356,326022.02898368484
2023-11-25 12:30:00,326025.40923808387,326021.99781460484
2023-11-25 16:30:00,326020.8538396538,326022.07132061623
2023-11-25 20:30:00,326017.5034661968,326022.02693003986
2023-11-26 00:30:00,326026.32489935844,326021.99460310966
2023-11-26 04:30:00,326032.38514424727,326022.05812132347
2023-11-26 08:30:00,326005.4552938393,326022.00028625986
2023-11-26 12:30:00,326014.83188462415,326021.86005776364
2023-11-26 16:30:00,326013.2529417718,326021.76337292447
2023-11-26 20:30:00,326019.7050950113,326021.8624144024
2023-11-27 00:30:00,326053.4983136331,326022.0528503639
2023-11-27 04:30:00,326048.9291735191,326022.07939447375
2023-11-27 08:30:00,326041.9052717942,326022.1913523004
2023-11-27 12:30:00,326037.7739256731,326022.2601218228
2023-11-27 16:30:00,326035.5536596437,326022.4883199493
2023-11-27 20:30:00,325998.0825671889,326022.48260294576
2023-11-28 00:30:00,325998.90747015463,326022.27003289905
2023-11-28 04:30:00,326015.5901706759,326022.23796876695
2023-11-28 08:30:00,326029.6240160493,326022.25428120664
2023-11-28 12:30:00,326041.5042097595,326022.1998539375
2023-11-28 16:30:00,325997.9505812579,326021.99880031106
2023-11-28 20:30:00,325995.8421211689,326022.0179390199
2023-11-29 00:30:00,326021.32201442553,326022.1715442072
2023-11-29 04:30:00,326016.8571000064,326022.00908973505
2023-11-29 08:30:00,326030.5835778141,326021.96969326347
2023-11-29 12:30:00,326028.72144814517,326021.99403875746
2023-11-29 16:30:00,326049.9291805414,326022.19774784014
2023-11-29 20:30:00,326011.53561123426,326022.3099851563
2023-11-30 00:30:00,325977.3031275064,326022.0097844838
2023-11-30 04:30:00,326024.02155636076,326021.8947710904
2023-11-30 08:30:00,326013.01496588305,326021.77805812523
2023-11-30 12:30:00,326007.77862572845,326021.63924620015
2023-11-30 16:30:00,326004.71311753674,326021.4643955171
2023-11-30 20:30:00,326017.3029894678,326021.6339111262
2023-12-01 00:30:00,326037.27818022773,326021.8764915563
2023-12-01 04:30:00,326052.3119821461,326021.9563538539
2023-12-01 08:30:00,326043.89551938704,326022.1226643672
2023-12-01 12:30:00,326014.33990318066,326022.01091784285
2023-12-01 16:30:00,326031.6363350718,326021.94295177114
2023-12-01 20:30:00,325992.2851584709,326021.86412334343
2023-12-02 00:30:00,326007.0108742407,326021.9255970233
2023-12-02 04:30:00,326052.51825298445,326022.1143741285
2023-12-02 08:30:00,326052.3798514278,326022.3280755653
2023-12-02 12:30:00,326034.03419208614,326022.47559014347
2023-12-02 16:30:00,326004.7876016339,326022.318142159
2023-12-02 20:30:00,326010.5607722387,326022.2781221493
2023-12-03 00:30:00,326026.08790366014,326022.3682664094
2023-12-03 04:30:00,325996.4891989704,326022.15791969886
2023-12-03 08:30:00,326008.10568577156,326022.0267871715
2023-12-03 12:30:00,326016.6430832353,326021.93163155334
2023-12-03 16:30:00,326001.9952459139,326021.7111588589
2023-12-03 20:30:00,326001.6549761371,326021.6516859402
2023-12-04 00:30:00,326017.094498527,326021.78153691714
2023-12-04 04:30:00,326033.8974608731,326021.9075651881
2023-12-04 08:30:00,326026.73261700786,326021.8698382202
2023-12-04 12:30:00,326016.6391299966,326021.88575112965
2023-12-04 16:30:00,326006.49107175344,326021.8429400085
2023-12-04 20:30:00,326006.8612978878,326021.698725867
2023-12-05 00:30:00,326043.5735542896,326021.8840671152
2023-12-05 04:30:00,326024.21905113733,326021.994824459
2023-12-05 08:30:00,326029.96925158746,326021.8655454843
2023-12-05 12:30:00,326021.7530613438,326021.675636844
2023-12-05 16:30:00,326010.005532847,326021.4337195904
2023-12-05 20:30:00,325985.822147265,326021.1241764029
2023-12-06 00:30:00,326033.5940647506,326021.26063259755
2023-12-06 04:30:00,326054.0272966072,326021.66135598515
2023-12-06 08:30:00,326013.11471922457,326021.63709689875
2023-12-06 12:30:00,326006.1511205492,326021.6440899859
2023-12-06 16:30:00,326018.9876234749,326021.77199199353
2023-12-06 20:30:00,325993.57593928394,326021.65190505335
2023-12-07 00:30:00,326033.01328761084,326021.6537865063
2023-12-07 04:30:00,326048.2779716762,326021.9026771689
2023-12-07 08:30:00,326044.39719114784,326022.0054261034
2023-12-07 12:30:00,326035.50537694205,326022.0112560238
2023-12-07 16:30:00,326023.0522013887,326021.9966669904
2023-12-07 20:30:00,326006.3883310511,326021.9336109337
2023-12-08 00:30:00,326051.4462485031,326022.1450060027
2023-12-08 04:30:00,326041.5283870299,326022.34263608657
2023-12-08 08:30:00,326021.567331186,326022.4732250236
2023-12-08 12:30:00,326019.28520609334,326022.449096879
2023-12-08 16:30:00,326017.28116622823,326022.41526289086
2023-12-08 20:30:00,326028.0465027607,326022.408635383
2023-12-09 00:30:00,326031.37177172274,326022.3697638756
2023-12-09 04:30:00,326036.02034440887,326022.35438569577
2023-12-09 08:30:00,326019.339720776,326022.31361693965
2023-12-09 12:30:00,326038.07687368564,326022.3480329994
2023-12-09 16:30:00,326011.5509159195,326022.24348517606
2023-12-09 20:30:00,326003.94632458803,326022.1764997576
2023-12-10 00:30:00,326034.76441487775,326022.16159158194
2023-12-10 04:30:00,326020.49400185765,326022.03274356225
2023-12-10 08:30:00,326007.4206058015,326021.90913223615
2023-12-10 12:30:00,326019.84658985015,326021.7830842914
2023-12-10 16:30:00,325986.0197310393,326021.46443524136
2023-12-10 20:30:00,326000.8999051714,326021.3666074206
2023-12-11 00:30:00,326050.9191806639,326021.4603502466
2023-12-11 04:30:00,326048.39437184884,326021.5390479681
2023-12-11 08:30:00,326031.45912227774,326021.69833114604
2023-12-11 12:30:00,326030.9204035616,326021.85650900647
2023-12-11 16:30:00,326001.5629760729,326021.6684516217
2023-12-11 20:30:00,326009.5119042357,326021.58106773795
2023-12-12 00:30:00,326033.16662404634,326021.5136254727
2023-12-12 04:30:00,326044.90251216776,326021.61424940004
2023-12-12 08:30:00,326026.757966034,326021.62862813496
2023-12-12 12:30:00,326040.9564917952,326021.6952691734
2023-12-12 16:30:00,326004.6185822803,326021.419120397
2023-12-12 20:30:00,325978.5057541825,326021.45651359914
2023-12-13 00:30:00,326014.9413527113,326021.5266193471
2023-12-13 04:30:00,326035.0666734658,326021.5346444045
2023-12-13 08:30:00,326029.7444960895,326021.58559631405
2023-12-13 12:30:00,326048.6829939621,326021.7368492837
2023-12-13 16:30:00,326023.27060695604,326021.7641561002
2023-12-13 20:30:00,325995.44105089764,326021.72208532057
2023-12-14 00:30:00,326005.27266840794,326021.58762711193
2023-12-14 04:30:00,326009.6361286642,326021.4410301258
2023-12-14 08:30:00,326007.68042030965,326021.3491602202
2023-12-14 12:30:00,326028.4184854436,326021.3363276651
2023-12-14 16:30:00,326002.61942678015,326021.1463523887
2023-12-14 20:30:00,325987.0454752916,326021.0674733919
2023-12-15 00:30:00,326019.94514364464,326021.0952254378
2023-12-15 04:30:00,326036.9839482981,326021.173991461
2023-12-15 08:30:00,326006.5462530326,326021.1447815198
2023-12-15 12:30:00,326014.4673263496,326021.0946889094
2023-12-15 16:30:00,326014.31510328245,326021.2106766282
2023-12-15 20:30:00,326007.7179598862,326021.2494590634
2023-12-16 00:30:00,326006.04528247885,326020.99752297817
2023-12-16 04:30:00,326029.0259611103,326020.9391550242
2023-12-16 08:30:00,326021.605165844,326020.87976252934
2023-12-16 12:30:00,326042.57876916276,326020.98896720266
2023-12-16 16:30:00,326040.47148576664,326020.92036454
2023-12-16 20:30:00,326000.24551211915,326020.8440434666
2023-12-17 00:30:00,325953.6680697076,326020.68534609623
2023-12-17 04:30:00,325998.2136473474,326020.4955833294
2023-12-17 08:30:00,326015.163639367,326020.4869597507
2023-12-17 12:30:00,326015.5232868633,326020.5117298459
2023-12-17 16:30:00,326037.8032474009,326020.59054536046
2023-12-17 20:30:00,326041.3050337481,326020.65293237974
2023-12-18 00:30:00,326034.6398233957,326020.6436931202
2023-12-18 04:30:00,326016.90080185444,326020.6312879641
2023-12-18 08:30:00,326005.9207035296,326020.5362931205
2023-12-18 12:30:00,326001.1625363739,326020.4398172626
2023-12-18 16:30:00,326022.7304322286,326020.40358489566
2023-12-18 20:30:00,326021.82010799093,326020.510339783
2023-12-19 00:30:00,326011.94597637316,326020.5244538833
2023-12-19 04:30:00,326046.2643528723,326020.4756333662
2023-12-19 08:30:00,326038.04848854506,326020.61254343356
2023-12-19 12:30:00,326019.7478842447,326020.68494519976
2023-12-19 16:30:00,326005.4183620075,326020.56778882403
2023-12-19 20:30:00,326029.0178123519,326020.47273495106
2023-12-20 00:30:00,326019.0067840395,326020.42484797846
2023-12-20 04:30:00,326014.74677852326,326020.6140332593
2023-12-20 08:30:00,326013.3138033541,326020.7034671598
2023-12-20 12:30:00,326033.2527459209,326020.77818385797
2023-12-20 16:30:00,326013.25940130494,326020.87404578953
2023-12-20 20:30:00,325989.0585059691,326020.73123019154
2023-12-21 00:30:00,326023.6749713218,326020.7548088348
2023-12-21 04:30:00,326042.4181904624,326020.9223953578
2023-12-21 08:30:00,326015.3932717618,326020.7929281873
2023-12-21 12:30:00,326022.6878889847,326020.7774522989
2023-12-21 16:30:00,326020.2221108082,326020.805107802
2023-12-21 20:30:00,326043.72807605675,326020.84652998886
2023-12-22 00:30:00,326045.84796551516,326020.91160715284
2023-12-22 04:30:00,326020.90848130727,326021.0776527784
2023-12-22 08:30:00,326023.53415438713,326021.087188997
2023-12-22 12:30:00,326038.4224943862,326021.0596977757
2023-12-22 16:30:00,325997.00643053825,326020.8778985425
2023-12-22 20:30:00,325994.74338798225,326020.78950460884
2023-12-23 00:30:00,326024.33241799043,326020.81361394725
2023-12-23 04:30:00,326036.3516420657,326020.9950854237
2023-12-23 08:30:00,326017.2435943845,326020.96773858386
2023-12-23 12:30:00,325970.750883229,326020.62512639415
2023-12-23 16:30:00,325994.04806778714,326020.4808579047
2023-12-23 20:30:00,326028.17371165537,326020.63330088125
2023-12-24 00:30:00,326025.7720113552,326020.614143744
2023-12-24 04:30:00,326034.1912481829,326020.59625272756
2023-12-24 08:30:00,326050.9445113539,326020.67732965533
2023-12-24 12:30:00,326024.8040673803,326020.56118283054
2023-12-24 16:30:00,325994.8213344989,326020.46841694316
2023-12-24 20:30:00,326008.861180672,326020.5652807349
2023-12-25 00:30:00,326044.12874216674,326020.6084420222
2023-12-25 04:30:00,326030.50676821003,326020.56859224715
2023-12-25 08:30:00,326023.81777472387,326020.5819018781
2023-12-25 12:30:00,326003.327514319,326020.45922563504
2023-12-25 16:30:00,326014.05190952576,326020.42143713427
2023-12-25 20:30:00,325996.1785807544,326020.30296554853
2023-12-26 00:30:00,326015.7369435163,326020.2441435716
2023-12-26 04:30:00,326031.6699827032,326020.2401704519
2023-12-26 08:30:00,326033.8823025713,326020.3980982782
2023-12-26 12:30:00,326039.54875540774,326020.53541422705
2023-12-26 16:30:00,326019.5064729579,326020.5701560669
2023-12-26 20:30:00,325993.6952428001,326020.42565688794
2023-12-27 00:30:00,326021.08151498425,326020.2455635621
2023-12-27 04:30:00,326032.7076058627,326020.1554437419
2023-12-27 08:30:00,326020.12974286446,326020.03446858114
2023-12-27 12:30:00,326012.8458599632,326019.8959793272
2023-12-27 16:30:00,325989.98622915003,326019.64282693557
2023-12-27 20:30:00,326011.3250251141,326019.7163961462
2023-12-28 00:30:00,326031.4714117563,326019.8973069329
2023-12-28 04:30:00,326053.4195613088,326020.1074702142
2023-12-28 08:30:00,326031.1430838741,326020.1159094799
2023-12-28 12:30:00,326035.82390838634,326020.08435225004
2023-12-28 16:30:00,326017.27137976314,326020.1916900195
2023-12-28 20:30:00,325974.25034232374,326020.0717356926
2023-12-29 00:30:00,325978.40603665455,326019.8333135939
2023-12-29 04:30:00,326029.72242967045,326019.90478764754
2023-12-29 08:30:00,326021.5950191265,326019.8548512104
2023-12-29 12:30:00,326029.13448834454,326019.8571458782
2023-12-29 16:30:00,326004.9768351509,326019.607410626
2023-12-29 20:30:00,326007.33665309433,326019.58408308076
2023-12-30 00:30:00,326004.99672661384,326019.7379364092
2023-12-30 04:30:00,326036.38648775127,326019.8066304724
2023-12-30 08:30:00,326027.82282993454,326019.88889638387
2023-12-30 12:30:00,326015.61502681434,326019.93243194546
2023-12-30 16:30:00,326030.4461293944,326020.07539312245
2023-12-30 20:30:00,325991.03243249276,326019.92944558366
2023-12-31 00:30:00,326000.35799009504,326019.7243334162
2023-12-31 04:30:00,326037.67479238287,326019.6430156954
2023-12-31 08:30:00,326029.80612384214,326019.5647412756
2023-12-31 12:30:00,326046.97624890116,326019.7460543074
2023-12-31 16:30:00,326028.66296678904,326019.72953559476
2023-12-31 20:30:00,325997.5156779253,326019.75859403616
2024-01-01 00:30:00,326020.3007526047,326019.83242669376
2024-01-01 04:30:00,326016.0016571474,326019.6295567169
2024-01-01 08:30:00,326016.3656862499,326019.42947802145
2024-01-01 12:30:00,326018.6117550925,326019.34379781596
2024-01-01 16:30:00,326029.0803662112,326019.4787576191
2024-01-01 20:30:00,326019.94030897686,326019.53086615657
2024-01-02 00:30:00,326011.2297944027,326019.4483211051
2024-01-02 04:30:00,326033.899499981,326019.6561561107
2024-01-02 08:30:00,326030.53831241885,326019.78078181436
2024-01-02 12:30:00,326038.2351515962,326019.9007377497
2024-01-02 16:30:00,326022.39065938216,326020.0140456023
2024-01-02 20:30:00,326002.37650988257,326020.0180541231
2024-01-03 00:30:00,326015.7224564954,326020.0104316673
2024-01-03 04:30:00,326030.5997989759,326019.9921113235
2024-01-03 08:30:00,326038.61962604837,326020.0581502626
2024-01-03 12:30:00,326035.9465378803,326020.16541363974
2024-01-03 16:30:00,326029.0772561518,326020.29089244193
2024-01-03 20:30:00,326048.7610238572,326020.5236686973
2024-01-04 00:30:00,326018.9406379387,326020.386819162
2024-01-04 04:30:00,326030.83913105266,326020.42359738384
2024-01-04 08:30:00,326037.8516182121,326020.4673883095
2024-01-04 12:30:00,326047.12984613696,326020.60837044724
2024-01-04 16:30:00,326033.8787384359,326020.74099936715
2024-01-04 20:30:00,326003.9494012301,326020.8417063337
2024-01-05 00:30:00,326033.4914344808,326020.8411361655
2024-01-05 04:30:00,326035.25438097457,326020.73684218974
2024-01-05 08:30:00,326006.84836742753,326020.7020291242
2024-01-05 12:30:00,325991.5975448362,326020.62117592583
2024-01-05 16:30:00,326010.0505757105,326020.5715256604
2024-01-05 20:30:00,326055.9594681792,326020.91810082097
2024-01-06 00:30:00,326054.23255020136,326021.0359856132
2024-01-06 04:30:00,326019.86812017177,326020.87815310474
2024-01-06 08:30:00,326031.94601657195,326020.80897991266
2024-01-06 12:30:00,326039.1674425061,326020.8293247214
2024-01-06 16:30:00,325999.7968108437,326020.7001281072
2024-01-06 20:30:00,326012.79299780517,326020.7357095892
2024-01-07 00:30:00,326045.19677731703,326020.7009903048
2024-01-07 04:30:00,326031.68760287686,326020.6463192818
2024-01-07 08:30:00,326033.20796736,326020.7109894827
2024-01-07 12:30:00,325991.43686730333,326020.55627648946
2024-01-07 16:30:00,326004.3420049836,326020.48439226026
2024-01-07 20:30:00,326012.9594207193,326020.4005751379
2024-01-08 00:30:00,326036.97512424097,326020.4317048741
2024-01-08 04:30:00,326022.5249074328,326020.3567302242
2024-01-08 08:30:00,326031.48178166896,326020.42418611806
2024-01-08 12:30:00,326047.91408238444,326020.4788372775
2024-01-08 16:30:00,326004.316241235,326020.4386446404
2024-01-08 20:30:00,325997.30271411885,326020.40173569333
2024-01-09 00:30:00,326030.2652531618,326020.3767403504
2024-01-09 04:30:00,326027.3161672867,326020.4146412695
2024-01-09 08:30:00,326021.55651254224,326020.49317408475
2024-01-09 12:30:00,326016.56904677936,326020.4749655121
2024-01-09 16:30:00,325997.5428162629,326020.53898265224
2024-01-09 20:30:00,325991.5312173796,326020.4869343867
2024-01-10 00:30:00,326038.23714890884,326020.4164786548
2024-01-10 04:30:00,326048.887489816,326020.41921819904
2024-01-10 08:30:00,326051.0085106028,326020.52782591194
2024-01-10 12:30:00,326028.75132886786,326020.515775497
2024-01-10 16:30:00,325993.70538560295,326020.4721222166
2024-01-10 20:30:00,326008.57440549124,326020.4669138902
2024-01-11 00:30:00,326047.0817222136,326020.5442199912
2024-01-11 04:30:00,326026.37424167705,326020.44128515513
2024-01-11 08:30:00,326034.5467447743,326020.48455614806
2024-01-11 12:30:00,326042.7032499164,326020.49426035985
2024-01-11 16:30:00,326039.5748900617,326020.68846206984
2024-01-11 20:30:00,326007.23392578674,326020.8480630232
2024-01-12 00:30:00,326017.59237869375,326020.8627909453
2024-01-12 04:30:00,326046.792076431,326020.92793207284
2024-01-12 08:30:00,326016.18703096145,326020.85261282214
2024-01-12 12:30:00,326020.79659528274,326020.69768838503
2024-01-12 16:30:00,326011.0174053341,326020.6296150427
2024-01-12 20:30:00,325971.6921309094,326020.49767659826
2024-01-13 00:30:00,326023.50099495973,326020.59894507914
2024-01-13 04:30:00,326037.78483735374,326020.75532679405
2024-01-13 08:30:00,326040.60610836226,326020.9382472833
2024-01-13 12:30:00,326027.73852463084,326020.9344697232
2024-01-13 16:30:00,326032.54811392294,326021.1007402073
2024-01-13 20:30:00,326012.39404137357,326021.2415655744
2024-01-14 00:30:00,325991.4619241876,326021.0833254664
2024-01-14 04:30:00,326002.12799779844,326020.88968129695
2024-01-14 08:30:00,326018.2593284895,326020.9547539383
2024-01-14 12:30:00,326037.53376402316,326021.0829008143
2024-01-14 16:30:00,326001.34146584716,326021.0108250508
2024-01-14 20:30:00,325998.82847218757,326020.961439008
2024-01-15 00:30:00,326026.2445961108,326021.07365741715
2024-01-15 04:30:00,326051.36897023045,326021.19778524555
2024-01-15 08:30:00,326036.44489392877,326021.28022817936
2024-01-15 12:30:00,326032.8691086675,326021.226285621
2024-01-15 16:30:00,326036.9786906222,326021.2068812036
2024-01-15 20:30:00,326029.94686464267,326021.37188871764
2024-01-16 00:30:00,325997.0998560965,326021.6131764197
2024-01-16 04:30:00,326032.17859896424,326021.8018705954
2024-01-16 08:30:00,326025.992223296,326021.86202939495
2024-01-16 12:30:00,325997.2379998872,326021.7604444673
2024-01-16 16:30:00,326029.16064737516,326021.7124300228
2024-01-16 20:30:00,326050.62367477396,326021.7642002506
2024-01-17 00:30:00,325994.30892873334,326021.5401397248
2024-01-17 04:30:00,326017.22189961013,326021.5419236012
2024-01-17 08:30:00,326033.9925181338,326021.6978781268
2024-01-17 12:30:00,326023.63784628233,326021.8227409595
2024-01-17 16:30:00,326018.3938760659,326021.7986489809
2024-01-17 20:30:00,326017.4333465768,326021.77427808417
2024-01-18 00:30:00,326018.9289694069,326021.8130724899
2024-01-18 04:30:00,326038.7119003276,326021.7711144202
2024-01-18 08:30:00,326045.62896757486,326021.8132281926
2024-01-18 12:30:00,326008.71202973503,326021.7519178898
2024-01-18 16:30:00,325998.98835948936,326021.71619565354
2024-01-18 20:30:00,326021.5168093247,326021.6745234146
2024-01-19 00:30:00,326007.21334588627,326021.60900431365
2024-01-19 04:30:00,326013.30132910487,326021.6009740391
2024-01-19 08:30:00,326039.17380126816,326021.7446406942
2024-01-19 12:30:00,326025.3450713335,326021.70070916874
2024-01-19 16:30:00,326018.54130127624,326021.7300530574
2024-01-19 20:30:00,326032.2772863081,326021.9701573927
2024-01-20 00:30:00,326012.21014781366,326021.90646392875
2024-01-20 04:30:00,326042.4108872346,326021.9064233552
2024-01-20 08:30:00,326033.2524616492,326022.00564107683
2024-01-20 12:30:00,325995.71478330897,326021.85579048976
2024-01-20 16:30:00,325969.5439713642,326021.5742452706
2024-01-20 20:30:00,326005.2446095798,326021.3604482347
2024-01-21 00:30:00,326016.69948743534,326021.1985122453
2024-01-21 04:30:00,326035.228255372,326021.27806654567
2024-01-21 08:30:00,326037.05716499,326021.35319438233
2024-01-21 12:30:00,326041.2704978517,326021.3690166238
2024-01-21 16:30:00,326017.4189609708,326021.4824195706
2024-01-21 20:30:00,326029.7431263958,326021.67686256184
2024-01-22 00:30:00,326058.9480811803,326021.8691718017
2024-01-22 04:30:00,326036.52026621875,326021.8701086027
2024-01-22 08:30:00,326022.4828321286,326021.899215479
2024-01-22 12:30:00,325990.33775369707,326022.00803142606
2024-01-22 16:30:00,325990.3433545695,326021.987449686
2024-01-22 20:30:00,326014.83373602835,326021.91333871026
2024-01-23 00:30:00,326037.2967629409,326021.9773651079
2024-01-23 04:30:00,326021.89154438104,326021.9090334201
2024-01-23 08:30:00,326033.89327317313,326021.81430431915
2024-01-23 12:30:00,326017.2773688938,326021.7724893276
2024-01-23 16:30:00,326009.21380278055,326021.8524474847
2024-01-23 20:30:00,326015.09916931915,326021.88710297714
2024-01-24 00:30:00,326003.32026568864,326021.660389219
2024-01-24 04:30:00,326010.54431018943,326021.54948667437
2024-01-24 08:30:00,326012.28243668296,326021.485401463
2024-01-24 12:30:00,326004.75203056494,326021.49331544223
2024-01-24 16:30:00,325999.2913442374,326021.4113123017
2024-01-24 20:30:00,326011.77447585267,326021.49795616337
2024-01-25 00:30:00,326021.4751292565,326021.52983497304
2024-01-25 04:30:00,326021.5347440832,326021.47352809185
2024-01-25 08:30:00,326044.247980576,326021.5311151918
2024-01-25 12:30:00,326045.49092376785,326021.56412723823
2024-01-25 16:30:00,326018.6990311093,326021.55964145024
2024-01-25 20:30:00,325987.71262575994,326021.52640468895
2024-01-26 00:30:00,326004.17939473875,326021.43250402086
2024-01-26 04:30:00,326022.92784440663,326021.37817201274
2024-01-26 08:30:00,326014.93844130234,326021.34933144855
2024-01-26 12:30:00,326025.9649272159,326021.42221515544
2024-01-26 16:30:00,326008.715506385,326021.52626669564
2024-01-26 20:30:00,326008.12850907294,326021.5085082733
2024-01-27 00:30:00,326025.75701906095,326021.4767616472
2024-01-27 04:30:00,326028.86330428545,326021.340337997
2024-01-27 08:30:00,326042.528466557,326021.40359012305
2024-01-27 12:30:00,326035.1163750295,326021.3996593822
2024-01-27 16:30:00,326027.83878004807,326021.45836716157
2024-01-27 20:30:00,326013.4817968852,326021.67631968687
2024-01-28 00:30:00,326003.14528632804,326021.81375996285
2024-01-28 04:30:00,326007.1330487143,326021.688263402
2024-01-28 08:30:00,326022.5033533249,326021.693309703
2024-01-28 12:30:00,326024.1867829324,326021.66582245077
2024-01-28 16:30:00,326022.5671228958,326021.7635462716
2024-01-28 20:30:00,326011.1448467632,326021.78470290307
2024-01-29 00:30:00,326014.95954976976,326021.8400519206
2024-01-29 04:30:00,326030.1912133587,326021.80563372956
2024-01-29 08:30:00,326002.770140771,326021.666452123
2024-01-29 12:30:00,326020.5309406717,326021.6937627556
2024-01-29 16:30:00,326042.23453200905,326021.75925388123
2024-01-29 20:30:00,326024.96725747414,326021.9477806867
2024-01-30 00:30:00,325998.87504963164,326021.93954212865
2024-01-30 04:30:00,326036.4409850899,326021.93268764357
2024-01-30 08:30:00,326033.63336623,326021.95395010134
2024-01-30 12:30:00,326036.5593711719,326021.89607855846
2024-01-30 16:30:00,325997.25834593584,326021.72160844255
2024-01-30 20:30:00,326003.7081614859,326021.756011129
2024-01-31 00:30:00,326021.2704381111,326021.76139827067
2024-01-31 04:30:00,326035.28303130454,326021.86851701606
2024-01-31 08:30:00,326026.762855542,326021.9262790676
2024-01-31 12:30:00,326022.2074271292,326021.94625502336
2024-01-31 16:30:00,326035.2928819291,326021.98076899967
2024-01-31 20:30:00,326033.64656076854,326022.05691484286
2024-02-01 00:30:00,326006.58322892815,326022.03110059025
2024-02-01 04:30:00,326010.6234691361,326021.90178930777
2024-02-01 08:30:00,326053.22836039343,326022.02784512984
2024-02-01 12:30:00,326038.41985343205,326022.02887125115
2024-02-01 16:30:00,325999.6320645856,326021.9024346134
2024-02-01 20:30:00,326002.9797875217,326021.90578615584
2024-02-02 00:30:00,325986.6037714322,326021.74401568325
2024-02-02 04:30:00,326026.1942272707,326021.7195402849
2024-02-02 08:30:00,326027.0604367322,326021.65532256645
2024-02-02 12:30:00,326010.16634059063,326021.51209924824
2024-02-02 16:30:00,326016.3057137012,326021.44114623463
2024-02-02 20:30:00,326047.93980342377,326021.43658389885
2024-02-03 00:30:00,325997.4386198392,326021.31712824275
2024-02-03 04:30:00,326015.9234254335,326021.2342632115
2024-02-03 08:30:00,326042.7800404207,326021.26164333493
2024-02-03 12:30:00,326032.3465434115,326021.17951387534
2024-02-03 16:30:00,326016.6836909998,326021.083985834
2024-02-03 20:30:00,326015.91272024263,326021.1504487174
2024-02-04 00:30:00,326021.6985652985,326021.0849327775
2024-02-04 04:30:00,326057.5567971865,326021.20883508987
2024-02-04 08:30:00,326042.5105580849,326021.4069583712
2024-02-04 12:30:00,325990.91523846996,326021.4031677804
2024-02-04 16:30:00,326021.0214311307,326021.46411697706
2024-02-04 20:30:00,326044.2524831032,326021.3990781711
2024-02-05 00:30:00,325997.2315494338,326021.0824059446
2024-02-05 04:30:00,325995.86783362326,326020.94907101936
2024-02-05 08:30:00,326024.31714177056,326020.90668838157
2024-02-05 12:30:00,326019.38396109705,326020.7967801515
2024-02-05 16:30:00,325991.98387884314,326020.7533749738
2024-02-05 20:30:00,325989.6684377083,326020.62490519544
2024-02-06 00:30:00,326001.5173912182,326020.38224193937
2024-02-06 04:30:00,326033.11747948424,326020.3901856983
2024-02-06 08:30:00,326034.959493953,326020.39991640154
2024-02-06 12:30:00,326003.3814933102,326020.4662754349
2024-02-06 16:30:00,325989.52150398097,326020.38393931824
2024-02-06 20:30:00,326011.6139580765,326020.3764645258
2024-02-07 00:30:00,326031.6835305396,326020.347066783
2024-02-07 04:30:00,326014.9800892492,326020.3051511264
2024-02-07 08:30:00,326015.0007826414,326020.2135900207
2024-02-07 12:30:00,326036.7919746415,326020.1518005333
2024-02-07 16:30:00,325990.63887381373,326020.0758151587
2024-02-07 20:30:00,326011.48705831263,326020.15461707086
2024-02-08 00:30:00,326057.0752804465,326020.3035616669
2024-02-08 04:30:00,326060.08816318715,326020.48562831077
2024-02-08 08:30:00,326039.02398634475,326020.58266983187
2024-02-08 12:30:00,325993.7675191392,326020.4559946783
2024-02-08 16:30:00,325968.5484806048,326020.29491503583
2024-02-08 20:30:00,326017.05938355264,326020.4367381812
2024-02-09 00:30:00,326031.60451374814,326020.3998902081
2024-02-09 04:30:00,326022.32631113095,326020.2523281043
2024-02-09 08:30:00,326009.2190370707,326020.02016436245
2024-02-09 12:30:00,326031.90495237475,326020.03768449306
2024-02-09 16:30:00,325989.8879535305,326020.01647653704
2024-02-09 20:30:00,325990.13261754543,326019.9140221596
2024-02-10 00:30:00,326020.899041758,326019.76856282377
2024-02-10 04:30:00,326033.68345139845,326019.8091695444
2024-02-10 08:30:00,326023.58639285126,326019.7482787004
2024-02-10 12:30:00,326042.8073303649,326019.7488569252
2024-02-10 16:30:00,325995.1654686895,326019.5021379175
2024-02-10 20:30:00,325976.1617732653,326019.32951484795
2024-02-11 00:30:00,326019.24025191384,326019.33866969915
2024-02-11 04:30:00,326018.0393738854,326019.17893246276
2024-02-11 08:30:00,326013.42903568473,326019.1636102668
2024-02-11 12:30:00,326034.58653779264,326019.24022105854
2024-02-11 16:30:00,326028.46242320567,326019.3371378245
2024-02-11 20:30:00,326009.81744710985,326019.5489451367
2024-02-12 00:30:00,326028.210620433,326019.5751097227
2024-02-12 04:30:00,326047.2646471825,326019.62777533283
2024-02-12 08:30:00,326023.64421407663,326019.5335425868
2024-02-12 12:30:00,326041.23550008977,326019.6085257838
2024-02-12 16:30:00,326031.9762020728,326019.60534849577
2024-02-12 20:30:00,325996.3398610191,326019.5161586048
2024-02-13 00:30:00,326019.11491803423,326019.66978634853
2024-02-13 04:30:00,326048.8849461421,326019.9295471726
2024-02-13 08:30:00,326024.35118171765,326019.9633908016
2024-02-13 12:30:00,326016.6004376541,326019.84709454403
2024-02-13 16:30:00,326037.8746528533,326020.0500566941
2024-02-13 20:30:00,326033.00723701145,326020.2399387208
2024-02-14 00:30:00,326021.2869051255,326020.2123959932
2024-02-14 04:30:00,326035.75190784415,326020.12563453545
2024-02-14 08:30:00,326018.6335031275,326020.02668236435
2024-02-14 12:30:00,326009.65062777925,326019.89769080386
2024-02-14 16:30:00,326027.4878367443,326019.8449638378
2024-02-14 20:30:00,326032.3122631724,326019.85810494085
2024-02-15 00:30:00,326020.2358983357,326019.98663850885
2024-02-15 04:30:00,326045.41690080625,326020.06018463016
2024-02-15 08:30:00,326019.93661090336,326020.02654233907
2024-02-15 12:30:00,326025.7267955387,326020.18481342605
2024-02-15 16:30:00,326041.1865941538,326020.2516242415
2024-02-15 20:30:00,326008.3331267912,326020.0166767527
2024-02-16 00:30:00,326008.7688320089,326020.0970095487
2024-02-16 04:30:00,326030.5559522932,326020.1710876191
2024-02-16 08:30:00,326004.49953337305,326020.0072377038
2024-02-16 12:30:00,326003.4585485906,326019.8951304944
2024-02-16 16:30:00,326008.3572929052,326019.83937169914
2024-02-16 20:30:00,326037.81427416566,326019.9525990745
2024-02-17 00:30:00,326034.30379973963,326020.0380147986
2024-02-17 04:30:00,326023.4940040807,326019.95347093063
2024-02-17 08:30:00,326025.69835402945,326019.84274529974
2024-02-17 12:30:00,326010.0266823425,326019.8500489254
2024-02-17 16:30:00,326005.58286944113,326019.88668509177
2024-02-17 20:30:00,326008.24825601646,326019.81297090667
2024-02-18 00:30:00,326019.00787192,326019.87849605136
2024-02-18 04:30:00,326033.6950926611,326019.9917947378
2024-02-18 08:30:00,325992.71013787045,326019.7336632745
2024-02-18 12:30:00,325971.83561055496,326019.43638849235
2024-02-18 16:30:00,325984.316589408,326019.2462512042
2024-02-18 20:30:00,326014.03671878495,326019.14491471794
2024-02-19 00:30:00,326022.9458460021,326019.20455748565
2024-02-19 04:30:00,326016.9509514137,326019.06311339774
2024-02-19 08:30:00,326038.5604168302,326019.0926020377
2024-02-19 12:30:00,326032.79645519593,326019.2986113259
2024-02-19 16:30:00,325992.49760468386,326019.42613151105
2024-02-19 20:30:00,326008.2744233833,326019.4429638099
2024-02-20 00:30:00,326020.7448093281,326019.4654378204
2024-02-20 04:30:00,326010.5576333162,326019.32837880903
2024-02-20 08:30:00,326022.10927489185,326019.2453349752
2024-02-20 12:30:00,326002.07651132136,326019.0275906056
2024-02-20 16:30:00,326014.1401685089,326019.00937509193
2024-02-20 20:30:00,326032.1475410052,326019.02273295075
2024-02-21 00:30:00,326036.6476582104,326018.8988417121
2024-02-21 04:30:00,326027.45094118494,326018.84845657303
2024-02-21 08:30:00,326009.10840068466,326018.7741541762
2024-02-21 16:30:00,326008.24453550007,326019.0330233459
2024-02-21 20:30:00,325990.7507912475,326018.898481755
2024-02-22 00:30:00,326011.3196221796,326018.75335806364
2024-02-22 04:30:00,326008.5358751005,326018.67874538613
2024-02-22 08:30:00,326028.6827831404,326018.64963650325
2024-02-22 12:30:00,326026.4549097345,326018.70090768114
2024-02-22 16:30:00,326017.56155805767,326018.7475431855
2024-02-22 20:30:00,326010.20958491624,326018.72022707143
2024-02-23 00:30:00,326045.5692786762,326018.9562550769
2024-02-23 04:30:00,326028.9176203113,326019.05889926763
2024-02-23 08:30:00,325999.7193545206,326018.9887144511
2024-02-23 12:30:00,326032.43645959377,326019.14337606577
2024-02-23 16:30:00,326002.8165063602,326019.1630697089
2024-02-23 20:30:00,326016.9938439325,326019.1922281897
2024-02-24 00:30:00,326039.68982643506,326019.2939862746
2024-02-24 04:30:00,326032.50457304413,326019.3552702352
2024-02-24 08:30:00,326017.0994364487,326019.20360239095
2024-02-24 12:30:00,326027.7382996699,326019.10442572006
2024-02-24 16:30:00,326019.59911004896,326019.10945409397
2024-02-24 20:30:00,326014.66191352473,326019.2600087742
2024-02-25 00:30:00,326057.76973596076,326019.55939615535
2024-02-25 04:30:00,326027.86643864634,326019.5869860673
2024-02-25 08:30:00,326007.16314229683,326019.5435486427
2024-02-25 12:30:00,326040.0388524043,326019.6221739231
2024-02-25 16:30:00,326047.48644809204,326019.8387713628
2024-02-25 20:30:00,325999.84637874423,326019.7925024783
2024-02-26 00:30:00,325982.900164328,326019.5530787088
2024-02-26 04:30:00,326020.38834382687,326019.505732561
2024-02-26 08:30:00,326013.6906653976,326019.3446275266
2024-02-26 12:30:00,326015.22323181183,326019.2334926483
2024-02-26 16:30:00,325992.70305013354,326019.03720365436
2024-02-26 20:30:00,326008.4154349323,326019.0088999563
2024-02-27 00:30:00,326034.807692938,326019.1857849094
2024-02-27 04:30:00,326031.14010546147,326019.3199025449
2024-02-27 08:30:00,326017.21853893256,326019.29037844215
2024-02-27 12:30:00,326029.2143003956,326019.31846513186
2024-02-27 16:30:00,326043.1809551957,326019.4336262062
2024-02-27 20:30:00,326028.4003483167,326019.5300256562
2024-02-28 00:30:00,326008.997017607,326019.4967154207
2024-02-28 04:30:00,326026.9195083835,326019.4784377392
2024-02-28 08:30:00,326033.4070252476,326019.64959351846
2024-02-28 12:30:00,326017.22253977554,326019.63111083186
2024-02-28 16:30:00,326042.4183966461,326019.6321380086
2024-02-28 20:30:00,326017.11394917796,326019.5882647779
2024-02-29 00:30:00,326024.5533121783,326019.7317187586
2024-02-29 04:30:00,326038.8324532169,326019.74507891573
2024-02-29 08:30:00,326000.51476475253,326019.56005879573
2024-02-29 12:30:00,326007.6348169912,326019.3984691076
2024-02-29 16:30:00,326043.45869548304,326019.656571619
2024-02-29 20:30:00,326029.8732526248,326019.8027453125
2024-03-01 00:30:00,326023.6073221216,326019.8158005304
2024-03-01 04:30:00,326017.28830383084,326019.7152713267
2024-03-01 08:30:00,326017.26668547065,326019.66222009726
2024-03-01 12:30:00,326037.58589729684,326019.7481333384
2024-03-01 16:30:00,326028.5973973577,326019.71072839666
2024-03-01 20:30:00,326046.3395459703,326019.7816389285
2024-03-02 00:30:00,326005.2232002341,326019.77404100285
2024-03-02 04:30:00,326032.81274397275,326019.89800343214
2024-03-02 08:30:00,326015.5235470226,326019.68736201664
2024-03-02 12:30:00,326001.87734406703,326019.4832139196
2024-03-02 16:30:00,326019.7309346208,326019.5954981097
2024-03-02 20:30:00,326047.1705458679,326019.8423738547
2024-03-03 00:30:00,326041.79611348803,326020.1507109612
2024-03-03 04:30:00,326027.4835447619,326020.15791385213
2024-03-03 08:30:00,326006.09833647084,326020.0408071468
2024-03-03 12:30:00,326000.0488455425,326019.9842848281
2024-03-03 16:30:00,326038.91725712805,326020.1106062998
2024-03-03 20:30:00,326034.8747040115,326020.0376169176
2024-03-04 00:30:00,326040.6142691239,326020.2788216622
2024-03-04 04:30:00,326040.14778560196,326020.4141532833
2024-03-04 08:30:00,326025.7384933647,326020.31894910976
2024-03-04 12:30:00,326018.1288025196,326020.2395203897
2024-03-04 16:30:00,326017.6029365815,326020.2446558398
2024-03-04 20:30:00,326030.76938040607,326020.32765394135
2024-03-05 00:30:00,326033.39434227126,326020.39299347746
2024-03-05 04:30:00,326026.7482316234,326020.22087858606
2024-03-05 08:30:00,326007.636568541,326020.0260518288
2024-03-05 12:30:00,325998.3780434915,326020.06774347695
2024-03-05 16:30:00,326005.00930789096,326019.97829027456
2024-03-05 20:30:00,326018.19099867786,326019.8326953895
2024-03-06 00:30:00,326043.35917414894,326020.0903916169
2024-03-06 04:30:00,326033.91755707515,326020.30295990437
2024-03-06 08:30:00,326027.5277812501,326020.3208964378
2024-03-06 12:30:00,325989.91262222023,326020.1562520866
2024-03-06 16:30:00,325989.28438494384,326020.14117111504
2024-03-06 20:30:00,326022.7451435367,326020.3259571811
2024-03-07 00:30:00,326043.87464947766,326020.5625899088
2024-03-07 04:30:00,326036.0656907016,326020.5790603626
2024-03-07 08:30:00,326022.73858920054,326020.5107871516
2024-03-07 12:30:00,325997.04818986356,326020.47540556814
2024-03-07 16:30:00,326008.935718832,326020.58386486897
2024-03-07 20:30:00,326034.4552912663,326020.71147008234
2024-03-08 00:30:00,326036.28124726284,326020.73715565057
2024-03-08 04:30:00,326014.7153374297,326020.73567659024
2024-03-08 08:30:00,326034.4100049304,326020.84410799964
2024-03-08 12:30:00,326018.551365948,326020.74220515776
2024-03-08 16:30:00,325996.0597064709,326020.772489139
2024-03-08 20:30:00,326018.8103070298,326020.81340114307
2024-03-09 00:30:00,326044.1516346985,326020.74120200484
2024-03-09 04:30:00,326043.64016356133,326020.64931373874
2024-03-09 08:30:00,326031.27659986384,326020.60603225004
2024-03-09 12:30:00,326034.5998043206,326020.83414557506
2024-03-09 16:30:00,326006.387024737,326021.0455340898
2024-03-09 20:30:00,326026.91154673253,326021.10057410755
2024-03-10 00:30:00,326049.0789905398,326021.19819688285
2024-03-10 04:30:00,326019.4645275859,326021.18220926536
2024-03-10 08:30:00,326007.33244227816,326021.17166962964
2024-03-10 12:30:00,326040.0297018313,326021.2170592914
2024-03-10 16:30:00,326032.05782478524,326021.45264516433
2024-03-10 20:30:00,325987.4383605818,326021.43759344943
2024-03-11 00:30:00,326011.22173773,326021.3835302984
2024-03-11 04:30:00,326018.277253183,326021.297462152
2024-03-11 08:30:00,325997.8143587965,326021.1534843081
2024-03-11 12:30:00,325997.32249668025,326020.899379092
2024-03-11 16:30:00,326013.0362679508,326020.99921595934
2024-03-11 20:30:00,325992.9212847638,326021.0928445153
2024-03-12 00:30:00,326047.73286990426,326021.25202115206
2024-03-12 04:30:00,326039.27273551136,326021.37064328406
2024-03-12 08:30:00,325998.90706512285,326021.2895149569
2024-03-12 12:30:00,326017.6300473439,326021.1947859599
2024-03-12 16:30:00,326040.3466523139,326021.2611783013
2024-03-12 20:30:00,326026.15512937243,326021.3524502693
2024-03-13 00:30:00,326010.5083532703,326021.253554922
2024-03-13 04:30:00,326033.5798444076,326021.17710350984
2024-03-13 08:30:00,326010.9166772997,326021.1059999525
2024-03-13 12:30:00,326014.0006361626,326020.95384987467
2024-03-13 16:30:00,326029.914408249,326020.94233147334
2024-03-13 20:30:00,326016.7764311376,326021.0565022562
2024-03-14 00:30:00,326018.5567413231,326021.05338395055
2024-03-14 04:30:00,326041.6870558158,326021.01317227265
2024-03-14 08:30:00,326012.3128474896,326020.9459190089
2024-03-14 12:30:00,326019.5317552358,326020.9622950848
2024-03-14 16:30:00,326040.2454461949,326020.9755397403
2024-03-14 20:30:00,325998.8739087466,326020.7848507556
2024-03-15 00:30:00,325996.9102046667,326020.64866807143
2024-03-15 04:30:00,326002.82557696884,326020.4647220889
2024-03-15 08:30:00,325977.97152065334,326020.23756017565
2024-03-15 12:30:00,326006.4950782397,326020.21993140725
2024-03-15 16:30:00,326046.0840761215,326020.3238210127
2024-03-15 20:30:00,326034.9125520872,326020.33834776643
2024-03-16 00:30:00,326027.9160027986,326020.38125337794
2024-03-16 04:30:00,326031.9291599102,326020.30590287014
2024-03-16 08:30:00,326000.6852449583,326020.19835333974
2024-03-16 12:30:00,325962.0312123146,326019.84251209267
2024-03-16 16:30:00,326026.97527163615,326019.76311922946
2024-03-16 20:30:00,326037.37941843155,326019.9253890151
2024-03-17 00:30:00,326024.31049882376,326020.0122139694
2024-03-17 04:30:00,326021.99793672503,326019.96440382657
2024-03-17 08:30:00,326021.05153609306,326020.0568731155
2024-03-17 12:30:00,325997.9932835177,326020.02634090843
2024-03-17 16:30:00,326014.1060049468,326020.05845661816
2024-03-17 20:30:00,326025.36939488543,326019.9889321529
2024-03-18 00:30:00,326019.9934205192,326019.9089859003
2024-03-18 04:30:00,326027.55164063274,326019.9316542609
2024-03-18 08:30:00,325996.29439514177,326019.76738633413
2024-03-18 12:30:00,326025.3644533133,326019.8530722055
2024-03-18 16:30:00,325968.5880984623,326019.6463975073
2024-03-18 20:30:00,326026.43940421415,326019.7480240335
2024-03-19 00:30:00,326065.58012264455,326020.0082042052
2024-03-19 04:30:00,326013.0850519018,326019.89306431264
2024-03-19 08:30:00,325980.54697556415,326019.8251136852
2024-03-19 12:30:00,326007.10350527964,326020.02214103006
2024-03-19 16:30:00,326000.781967247,326020.1141263812
2024-03-19 20:30:00,325990.68714034464,326019.98368180887
2024-03-20 00:30:00,326011.2563711411,326019.91837748006
2024-03-20 04:30:00,326020.0609529714,326019.9357517905
2024-03-20 08:30:00,326017.1867021282,326019.816345563
2024-03-20 12:30:00,326027.86103774153,326019.7887733985
2024-03-20 16:30:00,326000.8445850585,326019.83540457377
2024-03-20 20:30:00,326002.2837640195,326019.80193720304
2024-03-21 00:30:00,326048.67897500994,326019.9579939945
2024-03-21 04:30:00,326037.3367075084,326020.107597761
2024-03-21 08:30:00,326010.6344211679,326020.0434924329
2024-03-21 12:30:00,326011.2359035874,326020.0946622221
2024-03-21 16:30:00,326021.2813947037,326020.13455734047
2024-03-21 20:30:00,326031.10022244096,326020.12870639877
2024-03-22 00:30:00,326025.1226560137,326020.0643209116
2024-03-22 04:30:00,326032.53806112293,326020.09274057613
2024-03-22 08:30:00,326013.1692022079,326020.11542661814
2024-03-22 12:30:00,326002.59160902957,326020.01807207597
2024-03-22 16:30:00,326024.2431794535,326020.1069534313
2024-03-22 20:30:00,326011.84694044595,326020.2241542602
2024-03-23 00:30:00,326032.75514576206,326020.3432405023
2024-03-23 04:30:00,326031.9998920496,326020.4735961519
2024-03-23 08:30:00,326029.25418419763,326020.4767706023
2024-03-23 12:30:00,326022.26750114217,326020.4535072213
2024-03-23 16:30:00,326024.98616326286,326020.49475502793
2024-03-23 20:30:00,326012.47433959786,326020.5073369984
2024-03-24 00:30:00,326022.56535855203,326020.3795374422
2024-03-24 04:30:00,326028.12160436553,326020.3751151314
2024-03-24 08:30:00,326031.90143960004,326020.5539044929
2024-03-24 12:30:00,326008.72264645493,326020.4221610865
2024-03-24 16:30:00,326023.145619924,326020.5351006064
2024-03-24 20:30:00,326041.64141263894,326020.6720315437
2024-03-25 00:30:00,326031.3731716769,326020.6258279061
2024-03-25 04:30:00,326024.22286563384,326020.5798184204
2024-03-25 08:30:00,326024.9675098695,326020.62352993945
2024-03-25 12:30:00,326038.3510948056,326020.68248991243
2024-03-25 16:30:00,326005.34757012053,326020.60331469064
2024-03-25 20:30:00,326025.3016642765,326020.66242441704
2024-03-26 00:30:00,326011.9368710453,326020.4077973897
2024-03-26 04:30:00,326027.115399243,326020.40362494864
2024-03-26 08:30:00,326013.4330394993,326020.43845771084
2024-03-26 12:30:00,325991.47889631434,326020.168680177
2024-03-26 16:30:00,326031.92949981656,326020.0822526866
2024-03-26 20:30:00,326032.09271341265,326020.2613989903
2024-03-27 00:30:00,326025.0561705708,326020.495599025
2024-03-27 04:30:00,326039.10906864255,326020.5996030517
2024-03-27 08:30:00,326028.170289644,326020.68004540866
2024-03-27 12:30:00,326022.54735976626,326020.72073500836
2024-03-27 16:30:00,326020.67089789413,326020.8761119404
2024-03-27 20:30:00,326015.46960426983,326020.91530177003
2024-03-28 00:30:00,326023.87921717647,326020.8545880158
2024-03-28 04:30:00,326045.5274378181,326020.93451764004
2024-03-28 08:30:00,325975.9932863999,326020.70548845927
2024-03-28 12:30:00,326023.3760131391,326020.6730535301
2024-03-28 16:30:00,326031.25291036576,326020.60678661434
2024-03-28 20:30:00,326026.3872357145,326020.5956026555
2024-03-29 00:30:00,326009.8721925337,326020.6004647383
2024-03-29 04:30:00,326017.28442224074,326020.546936482
2024-03-29 08:30:00,326017.41462495044,326020.45808981376
2024-03-29 12:30:00,326015.64735417085,326020.4493387826
2024-03-29 16:30:00,326011.89573584154,326020.2797684448
2024-03-29 20:30:00,326021.4406180446,326020.3038054941
2024-03-30 00:30:00,326019.40455885703,326020.2752013089
2024-03-30 04:30:00,326042.6179279742,326020.29623172426
2024-03-30 08:30:00,326006.0490807752,326020.3269779244
2024-03-30 12:30:00,326007.6102742618,326020.32684157585
2024-03-30 16:30:00,326020.2850968232,326020.1980993611
2024-03-30 20:30:00,326048.06911140756,326020.29918746545
2024-03-31 00:30:00,326024.66548838234,326020.3050661669
2024-03-31 04:30:00,326034.6387817884,326020.4014577111
2024-03-31 08:30:00,326007.8880945921,326020.3493544284
2024-03-31 12:30:00,326018.59547584597,326020.24385208706
2024-03-31 16:30:00,326025.41687593795,326020.22618252365
2024-03-31 20:30:00,326007.71634631895,326020.01160919224
2024-04-01 00:30:00,325997.2568817635,326019.96735186735
2024-04-01 04:30:00,326044.0426484487,326020.0297402255
2024-04-01 08:30:00,326010.5995565796,326020.0023847231
2024-04-01 12:30:00,325974.6233815175,326019.85097382
2024-04-01 16:30:00,325999.4556545984,326019.7383333755
2024-04-01 20:30:00,326042.9735297008,326019.71501661907
2024-04-02 00:30:00,326027.83639305737,326019.6374626166
2024-04-02 04:30:00,326027.412616533,326019.6370685709
2024-04-02 08:30:00,326011.8424682191,326019.668980414
2024-04-02 12:30:00,326001.7042003084,326019.6781768293
2024-04-02 16:30:00,326017.16498709534,326019.5573308847
2024-04-02 20:30:00,326033.556081389,326019.5500052034
2024-04-03 00:30:00,326020.7781375155,326019.4398044723
2024-04-03 04:30:00,326037.1191638674,326019.422978796
2024-04-03 08:30:00,325995.94438316487,326019.25745596155
2024-04-03 12:30:00,326002.76342004386,326019.1720927255
2024-04-03 16:30:00,326001.9321575654,326019.0850328421
2024-04-03 20:30:00,326043.03933443327,326019.15319925343
2024-04-04 00:30:00,326052.4136069078,326019.2588618347
2024-04-04 04:30:00,326022.16846602067,326019.2334186925
2024-04-04 08:30:00,326026.7886485748,326019.3398191371
2024-04-04 12:30:00,326042.7611068439,326019.5863917113
2024-04-04 16:30:00,326024.7546774856,326019.69608820905
2024-04-04 20:30:00,326030.0954141044,326019.76222385035
2024-04-05 00:30:00,326033.24629102467,326019.70604116627
2024-04-05 04:30:00,326009.81728115684,326019.5721507445
2024-04-05 08:30:00,326025.8688748167,326019.5629345976
2024-04-05 12:30:00,326025.3510460877,326019.75981473026
2024-04-05 16:30:00,326005.3867673906,326019.8492724105
2024-04-05 20:30:00,326017.74720566155,326019.82150608895
2024-04-06 00:30:00,326040.7262095953,326019.8040147563
2024-04-06 04:30:00,326028.6869888002,326019.76302196796
2024-04-06 08:30:00,325985.29996063403,326019.55502958706
2024-04-06 12:30:00,326027.8547894842,326019.7261773627
2024-04-06 16:30:00,326028.62206685124,326019.8355459628
2024-04-06 20:30:00,326005.26190772915,326019.67336049874
2024-04-07 00:30:00,326043.75560001866,326019.7148846807
2024-04-07 04:30:00,325997.07183991454,326019.61686525
2024-04-07 08:30:00,326019.06295224477,326019.53160384623
2024-04-07 12:30:00,325991.430564414,326019.38093272666
2024-04-07 16:30:00,326000.590200936,326019.4061021403
2024-04-07 20:30:00,326038.88978710875,326019.5176548074
2024-04-08 00:30:00,326042.2495525348,326019.5070876843
2024-04-08 04:30:00,326002.75419697526,326019.27994342544
2024-04-08 08:30:00,326035.11326190695,326019.3012582146
2024-04-08 12:30:00,326032.2077462863,326019.2879690033
2024-04-08 16:30:00,326044.0220502539,326019.4970524784
2024-04-08 20:30:00,326015.7307101786,326019.4349367198
2024-04-09 00:30:00,325973.5224430423,326019.0151781226
2024-04-09 04:30:00,326016.0137596101,326018.99600718933
2024-04-09 08:30:00,326006.26026292855,326018.99005063745
2024-04-09 12:30:00,326021.0881288732,326018.8848196766
2024-04-09 16:30:00,326042.9401686694,326018.9452771425
2024-04-09 20:30:00,326025.9242527613,326019.15908765467
2024-04-10 00:30:00,326035.54345055105,326019.29420828144
2024-04-10 04:30:00,326007.70844200056,326019.23549266375
2024-04-10 08:30:00,326007.5620539808,326019.28964652587
2024-04-10 12:30:00,326013.96883522597,326019.38212618453
2024-04-10 16:30:00,326017.39623703837,326019.406348235
2024-04-10 20:30:00,326016.87460633705,326019.5394222437
2024-04-11 00:30:00,326018.18415446224,326019.37526271347
2024-04-11 04:30:00,326008.95796379127,326019.2068473151
2024-04-11 08:30:00,326003.8575540654,326019.2343500314
2024-04-11 12:30:00,326015.6285582567,326019.2232306476
2024-04-11 16:30:00,326029.4441697943,326019.1626613002
2024-04-11 20:30:00,326027.8361736446,326019.17200043506
2024-04-12 00:30:00,326034.6090342067,326019.30589310697
2024-04-12 04:30:00,326018.84426271875,326019.22402876423
2024-04-12 08:30:00,325978.4222475809,326019.04350415466
2024-04-12 12:30:00,325994.581922803,326018.9356224138
2024-04-12 16:30:00,326029.61834666587,326018.9339776272
2024-04-12 20:30:00,326034.95918549795,326019.03499292926
2024-04-13 00:30:00,326024.8858155193,326019.07015445246
2024-04-13 04:30:00,326023.59728400694,326018.9696557203
2024-04-13 08:30:00,326007.3124868536,326018.94187593897
2024-04-13 12:30:00,326023.94705239066,326018.96640536754
2024-04-13 16:30:00,326032.74760507914,326018.9247506948
2024-04-13 20:30:00,326019.72321585595,326019.04058017867
2024-04-14 00:30:00,326031.3216233236,326019.23175472673
2024-04-14 04:30:00,326031.2413095845,326019.389619908
2024-04-14 08:30:00,325976.59522425133,326019.38197381684
2024-04-14 12:30:00,325997.72926212556,326019.3332748384
2024-04-14 16:30:00,326027.4728770729,326019.2298792882
2024-04-14 20:30:00,326058.56676828087,326019.3612916004
2024-04-15 00:30:00,326020.65411230025,326019.32094776427
2024-04-15 04:30:00,326021.6589127882,326019.2638908358
2024-04-15 08:30:00,325995.8843597423,326019.2372192512
2024-04-15 12:30:00,326007.2594503074,326019.4884872401
2024-04-15 16:30:00,326021.60550098727,326019.45865518093
2024-04-15 20:30:00,326036.70025976375,326019.45488207723
2024-04-16 00:30:00,326017.1329382278,326019.4150067406
2024-04-16 04:30:00,326025.6774691983,326019.4354485877
2024-04-16 08:30:00,326006.3347954404,326019.3536889174
2024-04-16 12:30:00,326021.64137215307,326019.4850671875
2024-04-16 16:30:00,326036.96316238336,326019.6120513955
2024-04-16 20:30:00,326051.1248599078,326019.75513731234
2024-04-17 00:30:00,326027.72640725214,326019.7980983497
2024-04-17 04:30:00,326014.31155138585,326019.72454229835
2024-04-17 08:30:00,326021.69281046983,326019.8656446057
2024-04-17 12:30:00,326027.6621885639,326019.8784098016
2024-04-17 16:30:00,326032.52290428116,326020.23360316723
2024-04-17 20:30:00,326023.63061735587,326020.2179987958
2024-04-18 00:30:00,326006.3774214179,326019.8890949001
2024-04-18 04:30:00,326003.3362130091,326019.83493468404
2024-04-18 08:30:00,326004.9670322969,326019.97060166585
2024-04-18 12:30:00,326010.7089740359,326019.9906320479
2024-04-18 16:30:00,326013.5264216547,326020.0614345723
2024-04-18 20:30:00,326024.1408465495,326020.24728849577
2024-04-19 00:30:00,326043.85690098937,326020.42840255046
2024-04-19 04:30:00,326013.1051137901,326020.3897589994
2024-04-19 08:30:00,326005.37293753785,326020.3241269739
2024-04-19 12:30:00,326036.32282022014,326020.3711368766
2024-04-19 16:30:00,326020.3340362446,326020.47941160534
2024-04-19 20:30:00,326008.84328013775,326020.51585336163
2024-04-20 00:30:00,326025.42913078156,326020.3866875603
2024-04-20 04:30:00,326018.36082908156,326020.2812660135
2024-04-20 08:30:00,325994.2451905229,326020.19021473214
2024-04-20 12:30:00,326039.1536798044,326020.3453134889
2024-04-20 16:30:00,326009.1760843499,326020.2780617647
2024-04-20 20:30:00,326019.5423461519,326020.2138513409
2024-04-21 00:30:00,326043.60890639474,326020.31655273197
2024-04-21 04:30:00,326023.4773961219,326020.26621570415
2024-04-21 08:30:00,326005.1153038614,326020.22147182445
2024-04-21 12:30:00,326049.00992472924,326020.47935135604
2024-04-21 16:30:00,326017.30321994534,326020.44079602545
2024-04-21 20:30:00,326004.94174197933,326020.4024338118
2024-04-22 00:30:00,326038.22645950137,326020.4328299992
2024-04-22 04:30:00,326017.0010054133,326020.3495028513
2024-04-22 08:30:00,325994.4352305737,326020.15606422
2024-04-22 12:30:00,326036.82042508986,326020.23691379745
2024-04-22 16:30:00,326017.05503527174,326020.1928519753
2024-04-22 20:30:00,326011.7737745608,326020.1889599474
2024-04-23 00:30:00,326040.5655199879,326020.2889608443
2024-04-23 04:30:00,326035.4268810514,326020.32954571466
2024-04-23 08:30:00,326014.2913960952,326020.2317121397
2024-04-23 12:30:00,326024.2875074005,326020.3181835894
2024-04-23 16:30:00,326026.9008861606,326020.3390461795
2024-04-23 20:30:00,326012.2727796972,326020.1758871076
2024-04-24 00:30:00,326038.56689161464,326020.2158522184
2024-04-24 04:30:00,326016.05411063967,326020.17047024623
2024-04-24 08:30:00,325985.4112892264,326019.95071346493
2024-04-24 12:30:00,326033.62041848473,326019.9244319298
2024-04-24 16:30:00,326032.8761318572,326020.0773683838
2024-04-24 20:30:00,326017.10152950283,326020.03181207954
2024-04-25 00:30:00,326026.89977412415,326020.11493931885
2024-04-25 04:30:00,326030.4368286089,326020.13339170424
2024-04-25 08:30:00,326000.81556162884,326020.06329460494
2024-04-25 12:30:00,326004.4403035357,326020.13530242286
2024-04-25 16:30:00,326034.88102174446,326020.15169976687
2024-04-25 20:30:00,326012.2043535001,326020.0412088785
2024-04-26 00:30:00,326031.99264756654,326020.0797448618
2024-04-26 04:30:00,326025.2970681473,326020.0030115257
2024-04-26 08:30:00,325992.2359920794,326019.8033765392
2024-04-26 12:30:00,326029.6955010274,326019.8430884351
2024-04-26 16:30:00,326047.958875989,326019.99468831345
2024-04-26 20:30:00,325987.4660808183,326019.83911318314
2024-04-27 00:30:00,326020.40105289425,326019.8197900483
2024-04-27 04:30:00,326048.3934897568,326019.83571255906
2024-04-27 08:30:00,326025.3513555634,326020.1099240544
2024-04-27 12:30:00,326005.3177328286,326020.0096002749
2024-04-27 16:30:00,326027.21096626454,326019.98714502994
2024-04-27 20:30:00,326019.3011232911,326019.9477777386
2024-04-28 00:30:00,325998.39750703017,326019.88402948587
2024-04-28 04:30:00,326020.21141671814,326019.90029056626
2024-04-28 08:30:00,326008.0757240524,326019.8484077835
2024-04-28 12:30:00,326031.71253779385,326019.9376588036
2024-04-28 16:30:00,326043.6443973315,326020.11404025636
2024-04-28 20:30:00,326020.94711149455,326020.1112985533
2024-04-29 00:30:00,326019.6783048455,326020.11281936435
2024-04-29 04:30:00,326004.65532735863,326019.90191602753
2024-04-29 08:30:00,326024.04780959775,326020.0019089655
2024-04-29 12:30:00,326016.02678846446,326020.04866737773
2024-04-29 16:30:00,326036.0850076206,326020.13644465996
2024-04-29 20:30:00,326025.4820939177,326020.01096122945
2024-04-30 00:30:00,326001.72022344556,326019.88348753535
2024-04-30 04:30:00,326026.83521072805,326019.84013436275
2024-04-30 08:30:00,326004.53115161957,326019.82148467965
2024-04-30 12:30:00,326046.3879096932,326019.9758870899
2024-04-30 16:30:00,326035.7094014048,326020.03306778695
2024-04-30 20:30:00,326013.30887062417,326020.0641373664
2024-05-01 00:30:00,325994.97234187706,326020.0514454781
2024-05-01 04:30:00,325974.64376859396,326019.6658961456
2024-05-01 08:30:00,325997.21798631747,326019.5915540885
2024-05-01 12:30:00,326035.42209243454,326019.92932470486
2024-05-01 16:30:00,326039.99039856705,326020.15451772686
2024-05-01 20:30:00,326043.97890117706,326020.1601031239
2024-05-02 00:30:00,326027.90070914023,326020.1604604355
2024-05-02 04:30:00,326005.23287652805,326020.0372396577
2024-05-02 08:30:00,326022.48695073754,326020.0963756717
2024-05-02 12:30:00,326016.85480656015,326020.1805457064
2024-05-02 16:30:00,325999.6162305842,326020.0830526147
2024-05-02 20:30:00,326032.84952759126,326020.0791273158
2024-05-03 00:30:00,326035.22712100996,326020.15939944633
2024-05-03 04:30:00,325992.202291785,326019.90986126807
2024-05-03 08:30:00,326001.9721419071,326019.94334881665
2024-05-03 12:30:00,326055.11551614554,326020.234193795
2024-05-03 16:30:00,326019.6474620329,326020.3326121532
2024-05-03 20:30:00,326058.3126209151,326020.4174637447
2024-05-04 00:30:00,326042.12776282034,326020.3603201665
2024-05-04 04:30:00,326019.33224106167,326020.34456336114
2024-05-04 08:30:00,326019.9734772259,326020.30670129805
2024-05-04 12:30:00,326043.9231582329,326020.3131571391
2024-05-04 16:30:00,326021.5588750331,326020.29540268105
2024-05-04 20:30:00,326041.7537208966,326020.3601710521
2024-05-05 00:30:00,326019.8955375373,326020.2860001994
2024-05-05 04:30:00,326021.49364557106,326020.3508688906
2024-05-05 08:30:00,326043.27918046154,326020.4475928109
2024-05-05 12:30:00,326026.1925288177,326020.4522677149
2024-05-05 16:30:00,326013.20815993764,326020.49571989576
2024-05-05 20:30:00,326035.4191144388,326020.5938971667
2024-05-06 00:30:00,326043.08855117654,326020.6070212867
2024-05-06 04:30:00,326005.0718853316,326020.4758262674
2024-05-06 08:30:00,326021.3740922046,326020.6762381095
2024-05-06 12:30:00,326015.35720520007,326020.60680708557
2024-05-06 16:30:00,326034.6124976218,326020.64008725656
2024-05-06 20:30:00,326020.383792053,326020.724097725
2024-05-07 00:30:00,326027.7919475862,326020.6354107671
2024-05-07 04:30:00,326026.84816965414,326020.80083482113
2024-05-07 08:30:00,326024.84245411167,326020.8329431649
2024-05-07 12:30:00,326037.4087492532,326021.0883775251
2024-05-07 16:30:00,326035.2379576283,326021.28086506226
2024-05-07 20:30:00,326006.66666460916,326021.101847715
2024-05-08 00:30:00,326043.2687851737,326021.1075101186
2024-05-08 04:30:00,326031.521115789,326021.26732633426
2024-05-08 08:30:00,326005.5320181429,326021.10298609117
2024-05-08 12:30:00,326013.26564515446,326020.9977521959
2024-05-08 16:30:00,326037.8061527055,326020.96321943175
2024-05-08 20:30:00,326013.8564446533,326020.9528068455
2024-05-09 00:30:00,326039.2951499452,326021.3182107727
2024-05-09 04:30:00,326027.7728488767,326021.38353904645
2024-05-09 08:30:00,326022.2569690911,326021.47240963625
2024-05-09 12:30:00,326025.0942441734,326021.4946658323
2024-05-09 16:30:00,326016.6498900838,326021.34860872914
2024-05-09 20:30:00,326011.2062157547,326021.2668418569
2024-05-10 00:30:00,326026.8093433943,326021.2183190393
2024-05-10 04:30:00,326025.10157267045,326021.314947543
2024-05-10 08:30:00,325996.03563171957,326021.2509118638
2024-05-10 12:30:00,326010.18808636017,326021.22990770347
2024-05-10 16:30:00,326048.1431774139,326021.40072403883
2024-05-10 20:30:00,326033.9873742093,326021.4957949715
2024-05-11 00:30:00,326035.18833517074,326021.59026264213
2024-05-11 04:30:00,326029.75436004583,326021.7057981768
2024-05-11 08:30:00,326010.5076810034,326021.74274332647
2024-05-11 12:30:00,326014.24234506005,326021.73504214204
2024-05-11 16:30:00,326020.5251332136,326021.68549193884
2024-05-11 20:30:00,325998.47963397065,326021.5224000518
2024-05-12 00:30:00,326026.57783722505,326021.4777822908
2024-05-12 04:30:00,326022.75472522667,326021.4995070825
2024-05-12 08:30:00,325998.6153397062,326021.6116909276
2024-05-12 12:30:00,326014.9411942541,326021.7247979912
2024-05-12 16:30:00,326043.26906603196,326021.8006353211
2024-05-12 20:30:00,326046.1310198295,326021.8627010673
2024-05-13 00:30:00,325984.5928730197,326021.6388513867
2024-05-13 04:30:00,326016.55825000175,326021.5997456423
2024-05-13 08:30:00,326015.35508653056,326021.6444267516
2024-05-13 12:30:00,326022.4110963805,326021.63589366263
2024-05-13 20:30:00,326028.23502968356,326021.62136909517
2024-05-14 00:30:00,326021.4974862317,326021.56648564764
2024-05-14 04:30:00,326033.9649491564,326021.58170151117
2024-05-14 08:30:00,326001.7941036614,326021.7224773738
2024-05-14 12:30:00,326003.6232566293,326021.75540471746
2024-05-14 16:30:00,326033.2872734139,326021.78788737854
2024-05-14 20:30:00,326056.931069731,326021.77874939784
2024-05-15 00:30:00,326039.458125568,326021.8837997513
2024-05-15 04:30:00,326029.3328137202,326021.9266707062
2024-05-15 08:30:00,326030.71262160485,326022.12124200154
2024-05-15 12:30:00,326031.08254668186,326022.2543319255
2024-05-15 16:30:00,326040.66410492203,326022.3608045731
2024-05-15 20:30:00,326025.6603570454,326022.29912913893
2024-05-16 00:30:00,326015.6384378625,326022.29077997484
2024-05-16 04:30:00,326036.44018569775,326022.35090688267
2024-05-16 08:30:00,326031.08128625434,326022.4891554347
2024-05-16 12:30:00,326007.4457113628,326022.4098500672
2024-05-16 16:30:00,326018.9654311533,326022.3093040827
2024-05-16 20:30:00,326057.0829495172,326022.3425894994
2024-05-17 00:30:00,326031.3886140516,326022.36304875533
2024-05-17 04:30:00,325990.47888782487,326022.22990538354
2024-05-17 08:30:00,326048.8560605595,326022.381655384
2024-05-17 12:30:00,326041.2019053178,326022.45729625976
2024-05-17 16:30:00,326028.48758941283,326022.4347526012
2024-05-17 20:30:00,326037.3986825955,326022.5116691668
2024-05-18 00:30:00,326018.74336650973,326022.5807526589
2024-05-18 04:30:00,326037.4992610389,326022.7716076758
2024-05-18 08:30:00,326040.4337176331,326022.9697455828
2024-05-18 12:30:00,326022.16038302635,326023.0337199347
2024-05-18 16:30:00,326025.64219809003,326023.1014058365
2024-05-18 20:30:00,326041.34625224734,326023.19752542145
2024-05-19 00:30:00,326044.1928978473,326023.19940249884
2024-05-19 04:30:00,326008.80612077547,326023.1753857781
2024-05-19 08:30:00,326038.985778958,326023.363167015
2024-05-19 12:30:00,326050.3956765549,326023.4417863242
2024-05-19 16:30:00,326047.1052344058,326023.5913460905
2024-05-19 20:30:00,326045.82307595666,326023.7979371285
2024-05-20 00:30:00,326001.8104778063,326023.6659893466
2024-05-20 04:30:00,326038.2979760118,326023.7773700557
2024-05-20 08:30:00,326041.86084709276,326024.0433793102
2024-05-20 12:30:00,326028.7976330983,326023.9855243008
2024-05-20 16:30:00,326030.8833494148,326024.10679393803
2024-05-20 20:30:00,326023.17872036237,326024.1271088777
2024-05-21 00:30:00,326030.37463111174,326024.0531743789
2024-05-21 04:30:00,325973.8932228409,326023.7761678242
2024-05-21 08:30:00,326009.10582613526,326023.7984612448
2024-05-21 12:30:00,326017.0549437881,326023.6199417982
2024-05-21 16:30:00,326043.4274452343,326023.7658871909
2024-05-21 20:30:00,326038.95945826994,326023.95593029866
2024-05-22 00:30:00,326003.8137768579,326023.7636806749
2024-05-22 04:30:00,326028.13803989347,326023.82589874463
2024-05-22 08:30:00,326049.3841635789,326024.13287602406
2024-05-22 12:30:00,326058.32831166167,326024.25303181494
2024-05-22 16:30:00,326031.97639886284,326024.33639138803
2024-05-22 20:30:00,326024.7761108981,326024.4090301385
2024-05-23 00:30:00,326056.06093733985,326024.4955967159
2024-05-23 04:30:00,326006.349669873,326024.3331541954
2024-05-23 08:30:00,325997.852571485,326024.24131718633
2024-05-23 12:30:00,326031.0958377875,326024.2793525516
2024-05-23 16:30:00,326054.3741736666,326024.4328346048
2024-05-23 20:30:00,326007.7041130385,326024.4073113274
2024-05-24 00:30:00,326014.929710832,326024.2752600381
2024-05-24 04:30:00,326024.8742862703,326024.32453476224
2024-05-24 08:30:00,326007.70664444496,326024.44908981933
2024-05-24 12:30:00,326048.65061505313,326024.533057398
2024-05-24 16:30:00,326026.6884022588,326024.49848907616
2024-05-24 20:30:00,325977.03768035036,326024.2746686899
2024-05-25 00:30:00,326009.23915315786,326024.17600600293
2024-05-25 04:30:00,326016.94231017714,326024.1006176317
2024-05-25 08:30:00,325976.8334940137,326023.9666396004
2024-05-25 12:30:00,326024.0527226304,326024.0762061875
2024-05-25 16:30:00,326029.25389147014,326024.04476970556
2024-05-25 20:30:00,326025.91466462065,326024.12136362237
2024-05-26 00:30:00,326033.7499603761,326024.1311810124
2024-05-26 04:30:00,326020.9081761175,326024.1066620625
2024-05-26 08:30:00,326005.80198913853,326024.1824497556
2024-05-26 12:30:00,326025.7669611721,326024.1605026056
2024-05-26 16:30:00,326045.1840673219,326024.1450008811
2024-05-26 20:30:00,326025.5957115328,326024.3580155779
2024-05-27 00:30:00,326012.2607373142,326024.31253895455
2024-05-27 04:30:00,326023.1380121332,326024.17144690076
2024-05-27 08:30:00,326005.7298729449,326024.0618296794
2024-05-27 12:30:00,326021.6032171443,326024.1528100387
2024-05-27 16:30:00,326032.97746283317,326024.1850251034
2024-05-27 20:30:00,326021.88365056884,326024.19945263007
2024-05-28 00:30:00,326025.2495578148,326024.34946408693
2024-05-28 04:30:00,326014.2890688167,326024.3163783445
2024-05-28 08:30:00,326005.44773251,326024.3016968275
2024-05-28 12:30:00,326022.1260441481,326024.2481409971
2024-05-28 16:30:00,326036.369747314,326024.2075004942
2024-05-28 20:30:00,326026.61869573366,326024.2391853223
2024-05-29 00:30:00,326014.28060238494,326024.2090305599
2024-05-29 04:30:00,326031.7755995819,326024.3605404607
2024-05-29 08:30:00,326020.55543196906,326024.3410299711
2024-05-29 12:30:00,326029.1843566271,326024.4145359385
2024-05-29 16:30:00,326044.7087702776,326024.46271338355
2024-05-29 20:30:00,326028.883556148,326024.48171596584
2024-05-30 00:30:00,326002.00823015906,326024.4833249419
2024-05-30 04:30:00,326012.88507173094,326024.40539120446
2024-05-30 08:30:00,326024.85716703616,326024.51894436317
2024-05-30 12:30:00,326012.9727909714,326024.3322677223
2024-05-30 16:30:00,326040.61268769077,326024.3596603831
2024-05-30 20:30:00,326045.0704231646,326024.53709922417
2024-05-31 00:30:00,326035.4067361559,326024.76298969495
2024-05-31 04:30:00,326024.5746870759,326025.0419333736
2024-05-31 08:30:00,326032.7235217455,326025.2402883202
2024-05-31 12:30:00,326036.8622818365,326025.248334071
2024-05-31 16:30:00,326018.8752311642,326025.13037224195
2024-05-31 20:30:00,326034.1234075049,326025.07531361806
2024-06-01 00:30:00,326023.8869843627,326025.0528905746
2024-06-01 04:30:00,326016.7944094159,326025.11748014385
2024-06-01 08:30:00,326052.2124623161,326025.2835444544
2024-06-01 12:30:00,326035.28367363603,326025.38649901905
2024-06-01 16:30:00,326026.03393927735,326025.53408398374
2024-06-01 20:30:00,326047.62344736565,326025.6166198485
2024-06-02 00:30:00,326030.0768616771,326025.5878474499
2024-06-02 04:30:00,325999.9199325588,326025.6309627615
2024-06-02 08:30:00,326030.3921925659,326025.7897339943
2024-06-02 12:30:00,326026.38274070725,326025.6292156957
2024-06-02 16:30:00,326017.88075386634,326025.61934581766
2024-06-02 20:30:00,326019.06479086715,326025.4000841973
2024-06-03 00:30:00,326018.5489402711,326025.26835893164
2024-06-03 04:30:00,326019.106442417,326025.26709748665
2024-06-03 08:30:00,326013.9177853043,326025.2332668056
2024-06-03 12:30:00,326030.97429582296,326025.16092679213
2024-06-03 16:30:00,325999.62703303096,326025.03840253514
2024-06-03 20:30:00,325995.4039073464,326024.77946502925
2024-06-04 00:30:00,326040.68477998505,326024.8956060485
2024-06-04 04:30:00,326012.9434621599,326024.84783966077
2024-06-04 08:30:00,326012.6955699045,326024.6769815012
2024-06-04 12:30:00,326040.0938312025,326024.7546424084
2024-06-04 16:30:00,326017.96635990747,326024.7812245311
2024-06-04 20:30:00,326010.4415278673,326024.64168494137
2024-06-05 00:30:00,326021.1849931511,326024.51931869535
2024-06-05 04:30:00,326019.094577208,326024.5976577561
2024-06-05 08:30:00,326017.57657423936,326024.576442572
2024-06-05 12:30:00,326051.73794454196,326024.7796869259
2024-06-05 16:30:00,326017.7666777881,326024.6855762005
2024-06-05 20:30:00,326010.2528870014,326024.6289789657
2024-06-06 00:30:00,326025.2547342126,326024.6148045892
2024-06-06 04:30:00,326007.56911511056,326024.5071003739
2024-06-06 08:30:00,326022.51304681983,326024.49408692535
2024-06-06 12:30:00,326040.99244358536,326024.514107564
2024-06-06 16:30:00,326030.72770018363,326024.48891059513
2024-06-06 20:30:00,325996.5842631704,326024.4325843301
2024-06-07 00:30:00,325998.2417668511,326024.18103674165
2024-06-07 04:30:00,326012.3885732623,326024.0741510292
2024-06-07 08:30:00,326032.1655891613,326024.2229419288
2024-06-07 12:30:00,326047.3645472714,326024.4134385886
2024-06-07 16:30:00,326032.14381227706,326024.3818054018
2024-06-07 20:30:00,326010.296584873,326024.36191791715
2024-06-08 00:30:00,326010.3406716093,326024.2001610549
2024-06-08 04:30:00,326004.5488736507,326024.07041817653
2024-06-08 08:30:00,326005.161305101,326023.9749116738
2024-06-08 12:30:00,326040.0782270001,326024.058621075
2024-06-08 16:30:00,326057.2748015265,326024.2855758876
2024-06-08 20:30:00,326029.7496354804,326024.38917041116
2024-06-09 00:30:00,326003.98968722596,326024.2616862985
2024-06-09 04:30:00,326019.9757511127,326024.23305042385
2024-06-09 08:30:00,326034.32219053636,326024.4469418139
2024-06-09 12:30:00,326026.2775951697,326024.536827338
2024-06-09 16:30:00,326059.97702164477,326024.60293819965
2024-06-09 20:30:00,326045.1592739655,326024.6653510474
2024-06-10 00:30:00,326013.61674721044,326024.54483938275
2024-06-10 04:30:00,326026.47130737326,326024.5264983064
2024-06-10 08:30:00,326015.6690990927,326024.55533304444
2024-06-10 12:30:00,326029.0854903136,326024.63825564354
2024-06-10 16:30:00,326048.0043962944,326024.79177107976
2024-06-10 20:30:00,326014.9721214558,326024.88390788133
2024-06-11 00:30:00,325996.7717112903,326024.7173932114
2024-06-11 04:30:00,326031.9977685303,326024.7690303247
2024-06-11 08:30:00,326006.3059021842,326024.81199436093
2024-06-11 12:30:00,326006.48302327516,326024.76474200905
2024-06-11 16:30:00,326038.36324660375,326024.73733519664
2024-06-11 20:30:00,326030.66797723906,326024.6509494839
2024-06-12 00:30:00,326017.848051969,326024.8367326065
2024-06-12 04:30:00,326024.2510829426,326024.87970932684
2024-06-12 08:30:00,326009.6869486577,326024.84804375214
2024-06-12 12:30:00,326037.5632416572,326024.93269260845
2024-06-12 16:30:00,326049.57494735584,326025.0695940237
2024-06-12 20:30:00,326056.80503231153,326025.2283162605
2024-06-13 00:30:00,326032.09851364675,326025.2872108573
2024-06-13 04:30:00,326031.49767049856,326025.2735037536
2024-06-13 08:30:00,326034.7057606059,326025.45634629217
2024-06-13 12:30:00,326035.83409948094,326025.6352954192
2024-06-13 16:30:00,326035.37557562697,326025.6468970981
2024-06-13 20:30:00,326030.1604051892,326025.4981711839
2024-06-14 00:30:00,326027.54789078084,326025.432003213
2024-06-14 04:30:00,326025.3449161324,326025.4098482263
2024-06-14 08:30:00,326044.38792334194,326025.4858221249
2024-06-14 12:30:00,326034.35288206005,326025.5039906547
2024-06-14 16:30:00,326021.64364456106,326025.39832143055
2024-06-14 20:30:00,326026.73006316595,326025.40426424233
2024-06-15 00:30:00,326037.5375285008,326025.52592585696
2024-06-15 04:30:00,326026.2743762078,326025.46944913757
2024-06-15 08:30:00,326015.54214163113,326025.38312055636
2024-06-15 12:30:00,326033.21296801284,326025.5262719822
2024-06-15 16:30:00,326022.9448749608,326025.5483800033
2024-06-15 20:30:00,326036.0119397778,326025.43131883815
2024-06-16 00:30:00,326015.5575851435,326025.3433686775
2024-06-16 04:30:00,326023.456133348,326025.52657559706
2024-06-16 08:30:00,326031.31314883044,326025.4291149764
2024-06-16 12:30:00,326034.84789554274,326025.393814922
2024-06-16 16:30:00,326034.99868042825,326025.42998764996
2024-06-16 20:30:00,326021.61516983015,326025.3423014679
2024-06-17 00:30:00,326027.08464612794,326025.3886419102
2024-06-17 04:30:00,326027.3508984915,326025.33226211835
2024-06-17 08:30:00,326033.760400176,326025.29518813244
2024-06-17 12:30:00,326032.1889462599,326025.35090237256
2024-06-17 16:30:00,326024.39535219135,326025.34397545096
2024-06-17 20:30:00,326037.6207537377,326025.32327823696
2024-06-18 00:30:00,326022.9372829599,326025.2051914877
2024-06-18 04:30:00,326005.05393861455,326025.18434603116
2024-06-18 08:30:00,326024.9317483306,326025.10626808327
2024-06-18 12:30:00,326040.5853478997,326025.0517662574
2024-06-18 16:30:00,326040.36807565496,326025.01433759765
2024-06-18 20:30:00,326022.0427022645,326024.8822244105
2024-06-19 00:30:00,326028.8217132753,326025.0322868297
2024-06-19 04:30:00,326012.3436024505,326024.88809586555
2024-06-19 08:30:00,326032.2657197468,326024.83478960255
2024-06-19 12:30:00,326038.97724135034,326024.89134298166
2024-06-19 16:30:00,326022.35779337113,326024.84397878137
2024-06-19 20:30:00,326001.2470092655,326024.7221359421
2024-06-20 00:30:00,326045.9396422714,326024.8086082262
2024-06-20 04:30:00,326017.871911796,326025.052934276
2024-06-20 08:30:00,325996.57521375926,326024.9833197628
2024-06-20 12:30:00,326032.6329922338,326025.06986447633
2024-06-20 16:30:00,326009.8334851377,326024.8832313647
2024-06-20 20:30:00,325996.1245176233,326024.6452594722
2024-06-21 00:30:00,326025.1954057801,326024.76404629956
2024-06-21 04:30:00,326014.4806978628,326024.6881721771
2024-06-21 08:30:00,326006.08036436705,326024.4475955149
2024-06-21 12:30:00,326034.38384959125,326024.3145707256
2024-06-21 16:30:00,326029.415676242,326024.3003444889
2024-06-21 20:30:00,325983.7286966374,326024.0723032985
2024-06-22 00:30:00,326024.30586947984,326023.8958862548
2024-06-22 04:30:00,326012.74782404205,326023.9314315558
2024-06-22 08:30:00,326007.8815186506,326023.9871479289
2024-06-22 12:30:00,326029.68533112825,326023.9793117808
2024-06-22 16:30:00,326037.982675342,326023.8882479012
2024-06-22 20:30:00,326003.23884797766,326023.8634408731
2024-06-23 00:30:00,326043.3457173395,326024.021307576
2024-06-23 04:30:00,326027.0448657594,326024.03336635086
2024-06-23 08:30:00,325997.34948775225,326023.9758265915
2024-06-23 12:30:00,326034.265667274,326023.89591021487
2024-06-23 16:30:00,326035.6056313146,326023.94545037637
2024-06-23 20:30:00,326013.4822713009,326024.147920326
2024-06-24 00:30:00,326033.5128011378,326024.2827739259
2024-06-24 04:30:00,326043.8339255927,326024.43217178935
2024-06-24 08:30:00,326005.5581565607,326024.59175324795
2024-06-24 12:30:00,326023.29435513116,326024.5875400952
2024-06-24 16:30:00,326039.33421268855,326024.6435418797
2024-06-24 20:30:00,326009.7389940996,326024.55367704347
2024-06-25 00:30:00,326020.8661005484,326024.48210004444
2024-06-25 04:30:00,326046.4078695399,326024.6237650079
2024-06-25 08:30:00,326010.64299177955,326024.65065946704
2024-06-25 12:30:00,326028.99130136555,326024.6685724681
2024-06-25 16:30:00,326043.0570190869,326024.6567555334
2024-06-25 20:30:00,326024.45813899365,326024.650435686
2024-06-26 00:30:00,326000.54754260904,326024.5853623821
2024-06-26 04:30:00,326025.3387198527,326024.5975885361
2024-06-26 08:30:00,326049.3508933195,326024.83992753824
2024-06-26 12:30:00,326015.5402419005,326024.80624434236
2024-06-26 16:30:00,326064.588818605,326024.9818629855
2024-06-26 20:30:00,326037.0866431226,326025.06632405537
2024-06-27 04:30:00,326050.4420227619,326025.2672722128
2024-06-27 08:30:00,326014.0925165788,326025.31556709576
2024-06-27 12:30:00,326026.59101861424,326025.34051108727
2024-06-27 16:30:00,326022.2775977231,326025.26178399456
2024-06-27 20:30:00,326043.02007249685,326025.3534117978
2024-06-28 00:30:00,326034.7305160574,326025.46765712555
2024-06-28 04:30:01,326041.2259613701,326025.52045244275
2024-06-28 16:30:00,326040.65116108314,326025.5048790365
2024-06-29 00:30:01,326007.0473929607,326025.5143136143
2024-06-29 04:30:00,326034.72966282954,326025.6384306092
2024-06-29 08:30:00,326022.3003327023,326025.62390314136
2024-06-29 12:30:00,326017.7229345128,326025.65089259326
2024-06-29 16:30:01,326035.9973519478,326025.6246690947
2024-06-30 00:30:00,326010.25047790067,326025.3698004529
2024-06-30 04:30:00,326014.095165498,326025.3099174724
2024-06-30 12:30:00,326041.94750274776,326025.2965359588
2024-06-30 16:30:00,326016.70521599415,326025.2840646074
2024-06-30 20:30:01,326026.0208256943,326025.2374980452
2024-07-01 00:30:00,326017.9380723555,326025.2033088958
2024-07-01 04:30:00,326035.3113568658,326025.30972813396
2024-07-01 08:30:00,326046.40840825596,326025.2763715014
2024-07-01 12:30:00,326031.58100569545,326025.2550918006
2024-07-01 16:30:00,326024.65141958685,326025.2471462852
2024-07-01 20:30:00,326045.10281405813,326025.2326598868
2024-07-02 00:30:00,326007.1138294746,326025.1006884374
2024-07-02 04:30:00,326013.65552944655,326025.17962864944
2024-07-02 08:30:00,326050.56880170637,326025.2955861732
2024-07-02 12:30:00,326045.59802209784,326025.4060188249
2024-07-02 16:30:00,325995.39339013904,326025.2767811023
2024-07-02 20:30:00,326009.7311887147,326025.2231397106
2024-07-03 00:30:00,326014.8362814013,326025.2018025907
2024-07-03 04:30:00,326011.9548096563,326025.16070125304
2024-07-03 08:30:00,326046.91604393953,326025.3503464175
2024-07-03 12:30:00,326047.19973824295,326025.44359608664
2024-07-03 16:30:00,326023.76803345454,326025.58233746834
2024-07-03 20:30:00,326038.90078445926,326025.8323195207
2024-07-04 00:30:00,326019.534558277,326025.71076652245
2024-07-04 04:30:00,325973.8651880109,326025.48617874
2024-07-04 08:30:00,326012.8873481544,326025.4872809138
2024-07-04 12:30:00,326044.2025003104,326025.5108939546
2024-07-04 16:30:00,326044.50071307865,326025.6633902373
2024-07-04 20:30:00,326021.3620632816,326025.72615193506
2024-07-05 00:30:00,326023.7835390427,326025.74108610686
2024-07-05 04:30:00,326007.82057080994,326025.67629296664
2024-07-05 08:30:00,326012.9685824892,326025.64981025533
2024-07-05 12:30:00,326038.8523103475,326025.5757548865
2024-07-05 16:30:00,326052.13286190096,326025.77326169173
2024-07-05 20:30:00,326026.38785450807,326025.86599139
2024-07-06 00:30:00,326015.0206369679,326025.80717473914
2024-07-06 04:30:00,325987.27275253134,326025.69052897725
2024-07-06 08:30:00,325990.0021603978,326025.5036848024
2024-07-06 12:30:00,326046.60699475184,326025.53595233784
2024-07-06 16:30:00,326055.03443688835,326025.6756462269
2024-07-06 20:30:00,325999.14187215734,326025.69034512923
2024-07-07 00:30:00,326021.1581314894,326025.82204837416
2024-07-07 04:30:00,326017.1546267154,326025.849439486
2024-07-07 08:30:00,325992.69393654924,326025.6225909078
2024-07-07 12:30:00,326023.33328909986,326025.4844802287
2024-07-07 16:30:00,326038.99624802923,326025.52386204334
2024-07-07 20:30:00,326009.9735718752,326025.5220056468
2024-07-08 00:30:00,326026.4273176645,326025.61445763556
2024-07-08 04:30:00,325998.992278866,326025.5825231828
2024-07-08 08:30:00,325993.4078993241,326025.51497487375
2024-07-08 12:30:00,326002.49983586755,326025.29900710867
2024-07-08 16:30:00,326038.06157558726,326025.18858626985
2024-07-08 20:30:00,326040.0695215321,326025.2478959598
2024-07-09 00:30:00,326031.3675900905,326025.40524022916
2024-07-09 04:30:00,326027.72294249164,326025.44976431754
2024-07-09 08:30:00,326009.98288978287,326025.30988327874
2024-07-09 12:30:00,326004.101774309,326025.1824360324
2024-07-09 16:30:00,326026.27415282425,326024.98874138395
2024-07-09 20:30:00,326025.7202557084,326024.87702288834
2024-07-10 00:30:00,326014.32379994675,326024.8810864098
2024-07-10 04:30:00,326018.74005307676,326024.83665391384
2024-07-10 08:30:00,326012.4585874654,326024.8182026975
2024-07-10 12:30:00,326026.0047460241,326024.80049727065
2024-07-10 16:30:00,326057.67544839776,326024.85607802984
2024-07-10 20:30:00,326040.5625105232,326025.0031492314
2024-07-11 00:30:00,326020.52908950415,326025.1396858877
2024-07-11 04:30:00,326019.73250056105,326025.069195842
2024-07-11 08:30:00,326023.1628082744,326025.16607461264
2024-07-11 12:30:00,326017.21513916214,326025.22775343957
2024-07-11 16:30:00,326030.6917000874,326025.18366409175
2024-07-11 20:30:00,326025.4138208453,326025.1534677906
2024-07-12 00:30:00,326030.07871477224,326025.2237589561
2024-07-12 04:30:00,326034.70495039836,326025.28383865417
2024-07-12 08:30:00,326017.25596694916,326025.32733875926
2024-07-12 12:30:00,326022.2050047918,326025.2390730302
2024-07-12 16:30:00,326039.8272686035,326025.1830518879
2024-07-12 20:30:00,326043.8519470957,326025.1086088695
2024-07-13 00:30:00,326020.88525015773,326025.0441648264
2024-07-13 04:30:00,326046.3985660321,326025.12980215705
2024-07-13 08:30:00,326049.9717827381,326025.21753791644
2024-07-13 12:30:00,326048.70276999,326025.291495793
2024-07-13 16:30:00,326030.33638227504,326025.2625349116
2024-07-13 20:30:00,326036.39580891764,326025.2983705653
2024-07-14 00:30:00,326040.27028989524,326025.37148780155
2024-07-14 04:30:00,326014.8322809972,326025.3110703582
2024-07-14 08:30:00,326016.2110405371,326025.1491342501
2024-07-14 12:30:00,326032.6071446525,326025.1391012765
2024-07-14 16:30:00,326037.7966720689,326025.231934768
2024-07-14 20:30:00,326003.99204039434,326025.10125647613
2024-07-15 00:30:00,326052.86809777224,326025.1893631961
2024-07-15 04:30:00,326034.45723366813,326025.23639111256
2024-07-15 08:30:00,326023.50159349525,326025.28213508875
2024-07-15 12:30:00,326032.86391467904,326025.2801290351
2024-07-15 16:30:00,326025.57471576077,326025.2952430627
2024-07-15 20:30:00,326031.83558242535,326025.27124100894
2024-07-16 00:30:00,326044.9629420751,326025.4402373132
2024-07-16 04:30:00,326018.8364967756,326025.4136876777
2024-07-16 08:30:00,326021.76131908,326025.35879210447
2024-07-16 12:30:00,326026.1947206657,326025.3090612143
2024-07-16 16:30:00,326037.36896729376,326025.32268355263
2024-07-16 20:30:00,326025.3772141299,326025.3443044969
2024-07-17 00:30:00,326036.9022363245,326025.400727429
2024-07-17 04:30:00,326001.7012108366,326025.25331543095
2024-07-17 08:30:00,326024.2452909615,326025.19863089535
2024-07-17 12:30:00,326034.7388917323,326025.2132857544
2024-07-17 16:30:00,326031.3770247251,326025.25341030915
2024-07-17 20:30:00,326026.44315997465,326025.18917126453
2024-07-18 00:30:00,326033.6886400284,326025.2509606729
2024-07-18 04:30:00,326012.8302988464,326025.29565239843
2024-07-18 08:30:00,326020.7964466364,326025.2718862968
2024-07-18 12:30:00,326014.5840661438,326025.1224536429
2024-07-18 16:30:00,326038.0167941948,326025.1089405311
2024-07-18 20:30:00,326011.95861217804,326025.05098599044
2024-07-19 00:30:00,326025.938093589,326025.0344134635
2024-07-19 04:30:00,326000.54344047257,326024.96659644064
2024-07-19 08:30:00,326023.35591350496,326024.9153906576
2024-07-19 12:30:00,326040.9710602927,326024.9268493872
2024-07-19 16:30:00,326017.7686762235,326024.9004751507
2024-07-19 20:30:00,325988.4381322525,326024.82686091494
2024-07-20 00:30:00,326025.0800744325,326024.7069783412
2024-07-20 04:30:00,326003.1940011649,326024.622622533
2024-07-20 08:30:00,326015.2697835836,326024.73006258946
2024-07-20 12:30:00,326052.14709585434,326024.84221261024
2024-07-20 16:30:00,326053.3927326497,326025.0925531132
2024-07-20 20:30:00,326036.43576402566,326025.32422694314
2024-07-21 00:30:00,326026.1806682922,326025.32988937135
2024-07-21 04:30:00,326018.7066525945,326025.3541764675
2024-07-21 08:30:00,326016.6879038988,326025.4151393384
2024-07-21 12:30:00,326051.3451271615,326025.5126179451
2024-07-21 16:30:00,326048.3744350635,326025.6215763291
2024-07-21 20:30:00,326003.0526361916,326025.7326334529
2024-07-22 00:30:00,326025.91663177713,326025.7418907076
2024-07-22 04:30:00,326010.9729146016,326025.7316900786
2024-07-22 08:30:00,326014.67817827733,326025.7707513408
2024-07-22 12:30:00,326045.7148976315,326025.8628752862
2024-07-22 16:30:00,326061.8326033683,326025.9999438381
2024-07-22 20:30:00,326008.06105601107,326026.02765767736
2024-07-23 00:30:00,326029.572247812,326025.9484998065
2024-07-23 04:30:00,326009.88060219726,326025.84985461365
2024-07-23 08:30:00,326008.2103364836,326025.9122732845
2024-07-23 12:30:00,326042.8473201174,326025.96159312845
2024-07-23 16:30:00,326045.8163455123,326026.02027539397
2024-07-23 20:30:00,326002.72510873736,326025.9584526206
2024-07-24 00:30:00,326024.3008733204,326025.90551050665
2024-07-24 04:30:00,326022.25351794134,326025.7814851754
2024-07-24 08:30:00,326008.8508895252,326025.8004089281
2024-07-24 12:30:00,326037.53572291945,326025.88225586934
2024-07-24 16:30:00,326051.10587957373,326025.9499091273
2024-07-24 20:30:00,326035.8325679384,326026.0998721954
2024-07-25 00:30:00,326025.1135465283,326026.1242828044
2024-07-25 04:30:00,326041.92147792294,326026.09849894454
2024-07-25 08:30:00,326013.0204258529,326026.1121623587
2024-07-25 12:30:00,326035.9292601544,326026.15203568514
2024-07-25 16:30:00,326059.183061276,326026.2447140885
2024-07-25 20:30:00,326032.82765012904,326026.29281472723
2024-07-26 00:30:00,326021.97122526285,326026.4159393402
2024-07-26 04:30:00,326021.7929957564,326026.3955616155
2024-07-26 08:30:00,326050.35699735483,326026.4013438226
2024-07-26 12:30:00,326031.8575211993,326026.4951212898
2024-07-26 16:30:00,326053.08818339626,326026.4290256852
2024-07-26 20:30:00,326012.63294405275,326026.2884871848
2024-07-27 00:30:00,325990.25953078753,326026.0826074339
2024-07-27 04:30:00,326034.6125159723,326025.9921531094
2024-07-27 08:30:00,326044.32225548034,326026.1648944746
2024-07-27 12:30:00,326027.50429657556,326026.17011320574
2024-07-27 16:30:00,326029.39875913545,326026.21080555674
2024-07-27 20:30:00,326027.28782628453,326026.1209070069
2024-07-28 00:30:00,326040.1361778307,326026.15179650276
2024-07-28 04:30:00,326024.1602098418,326026.14048066945
2024-07-28 08:30:00,326020.6465904384,326026.02355242555
2024-07-28 12:30:00,326003.9719762213,326025.8989672493
2024-07-28 16:30:00,326025.24221345986,326025.8119110481
2024-07-28 20:30:00,326016.4068322731,326025.7590735268
2024-07-29 00:30:00,325991.64480841433,326025.56849104015
2024-07-29 04:30:00,326030.7515445554,326025.6501931739
2024-07-29 08:30:00,326053.7894222418,326025.8270981712
2024-07-29 12:30:00,326021.0375629826,326025.84571967955
2024-07-29 16:30:00,326032.54783168406,326025.8831616461
2024-07-29 20:30:00,326035.6076773845,326025.8809846932
2024-07-30 00:30:00,326024.16798386304,326025.9587361231
2024-07-30 04:30:00,326014.94876366935,326025.96350482805
2024-07-30 08:30:00,326041.48709255585,326026.04974698205
2024-07-30 12:30:00,326025.58915543923,326025.95886727475
2024-07-30 16:30:00,326006.50178975856,326025.90218157344
2024-07-30 20:30:00,326014.235049113,326025.8377222781
2024-07-31 00:30:00,326032.64712870447,326025.9184220166
2024-07-31 04:30:00,326031.4575474639,326025.8970119644
2024-07-31 08:30:00,326037.3684532016,326025.8467899919
2024-07-31 12:30:00,326047.3345818547,326025.9343098594
2024-07-31 16:30:00,326030.1934541764,326025.9650989405
2024-07-31 20:30:00,326000.79753641976,326025.7189585092
2024-08-01 00:30:00,326019.9381069457,326025.79020449513
2024-08-01 04:30:00,326042.9181350434,326025.95277452614
2024-08-01 08:30:00,326034.5776992579,326025.8639350682
2024-08-01 12:30:00,326061.5960538145,326025.95281302213
2024-08-01 16:30:00,326035.14602978656,326026.1736610201
2024-08-01 20:30:00,326026.0648585828,326026.2644036306
2024-08-02 00:30:00,326011.2870134722,326026.24468547537
2024-08-02 04:30:00,326016.5741949728,326026.2703487271
2024-08-02 08:30:00,326017.1720797077,326026.10510448145
2024-08-02 12:30:00,326038.2064779374,326026.0551419242
2024-08-02 16:30:00,326033.9327773926,326026.1116127238
2024-08-02 20:30:00,326018.753264389,326025.9996820568
2024-08-03 00:30:00,326034.46155066625,326026.0826097923
2024-08-03 04:30:00,326007.5679575742,326026.2698474009
2024-08-03 08:30:00,326021.11824847205,326026.3155746249
2024-08-03 12:30:00,326048.4824889131,326026.3393523394
2024-08-03 16:30:00,326036.90055956005,326026.2971292642
2024-08-03 20:30:00,326013.929657509,326026.2558381211
2024-08-04 00:30:00,326013.0845969469,326026.1963995539
2024-08-04 04:30:00,326013.91157826316,326026.23023848416
2024-08-04 08:30:00,326039.7162756605,326026.3788367796
2024-08-04 12:30:00,326047.89834642067,326026.4290925355
2024-08-04 16:30:00,326039.68544695247,326026.3599402303
2024-08-04 20:30:00,326016.88171448535,326026.3071283413
2024-08-05 00:30:00,326022.95164029027,326026.35118947085
2024-08-05 04:30:00,326009.6565306913,326026.47554379393
2024-08-05 08:30:00,326022.45985319215,326026.65586430946
2024-08-05 12:30:00,326055.53201775195,326026.7054477706
2024-08-05 16:30:00,326052.624778911,326026.6920607819
2024-08-05 20:30:00,326028.2922978476,326026.85400759114
2024-08-06 00:30:00,326031.2948437521,326026.91032265936
2024-08-06 04:30:00,326021.8335033309,326026.93631641835
2024-08-06 08:30:00,326048.5114511723,326027.24641372176
2024-08-06 12:30:00,326047.097383457,326027.37843646825
2024-08-06 16:30:00,326045.75889780134,326027.4160067447
2024-08-06 20:30:00,326039.7103080682,326027.5812108347
2024-08-07 00:30:00,326039.91962202406,326027.6561680811
2024-08-07 04:30:00,326019.86297748936,326027.7721164068
2024-08-07 08:30:00,326017.33577425254,326027.9050490453
2024-08-07 12:30:00,326044.3322948937,326028.1374515954
2024-08-07 16:30:00,326045.351937209,326028.1779536045
2024-08-07 20:30:00,326022.4529399413,326028.08008370677
2024-08-08 00:30:00,326028.0433210936,326028.06161554565
2024-08-08 04:30:00,326033.67266084487,326028.0946695365
2024-08-08 08:30:00,326038.15787274233,326028.25119721954
2024-08-08 12:30:00,326011.1477449902,326028.2903415012
2024-08-08 16:30:00,326038.3288204445,326028.3573118769
2024-08-08 20:30:00,326042.04358093167,326028.44799701695
2024-08-09 00:30:00,326038.79078239214,326028.5839246972
2024-08-09 04:30:00,326024.4697667464,326028.6157564398
2024-08-09 08:30:00,326023.51404852833,326028.67717566795
2024-08-09 12:30:00,326031.7428548106,326028.7090540501
2024-08-09 16:30:00,326045.20191659883,326028.6397566512
2024-08-09 20:30:00,326030.3624145753,326028.5830894515
2024-08-10 00:30:00,326028.58760029596,326028.6278589559
2024-08-10 04:30:00,326057.4018340988,326028.8371330311
2024-08-10 08:30:00,326036.9508276659,326028.9137331389
2024-08-10 12:30:00,326032.00442906865,326028.99589586054
2024-08-10 16:30:00,326050.4123865954,326029.10545523
2024-08-10 20:30:00,326046.2445308298,326029.22118139657
2024-08-11 00:30:00,326032.6158524251,326029.23527660576
2024-08-11 04:30:00,326055.4400975306,326029.3504718676
2024-08-11 08:30:00,326050.17361432995,326029.53334768646
2024-08-11 12:30:00,326046.2472438824,326029.6669156814
2024-08-11 16:30:00,326067.1646259341,326029.8187898887
2024-08-11 20:30:00,326059.20488205977,326029.9040839719
2024-08-12 00:30:00,326043.6283645353,326030.0304346073
2024-08-12 04:30:00,326038.7654747821,326029.9880285449
2024-08-12 08:30:00,326059.18859136367,326030.03923303715
2024-08-12 12:30:00,326053.36313939467,326030.0651239783
2024-08-12 16:30:00,326047.32893034065,326030.15952702315
2024-08-12 20:30:00,326033.3961219017,326030.14286209526
2024-08-13 04:30:00,326054.85409663536,326030.30986984854
2024-08-13 08:30:00,326059.8777849108,326030.5538181411
2024-08-13 12:30:00,326042.3696481708,326030.608357267
2024-08-13 16:30:00,326019.4457718071,326030.50583827106
2024-08-13 20:30:00,326025.0877810454,326030.62369157077
2024-08-14 00:30:00,326025.74013336253,326030.472138697
2024-08-14 04:30:00,325998.3248425155,326030.2702817632
2024-08-14 08:30:00,326038.4471119658,326030.3537762798
2024-08-14 12:30:00,326053.5926068215,326030.46957902913
2024-08-14 16:30:00,326032.1412701879,326030.5062636908
2024-08-14 20:30:00,326005.63088256813,326030.35986871953
2024-08-15 00:30:00,326021.3405863029,326030.2279002515
2024-08-15 04:30:00,326007.0442781493,326030.16202193516
2024-08-15 08:30:00,326020.6380045004,326030.1557464347
2024-08-15 12:30:00,326044.72876786016,326030.2592885978
2024-08-15 16:30:00,326034.3686622454,326030.2425271171
2024-08-15 20:30:00,326038.89243675896,326030.3180311541
2024-08-16 00:30:00,326029.75972614484,326030.2781288627
2024-08-16 08:30:00,326025.14071606175,326030.44370382396
2024-08-16 12:30:00,326033.72387784923,326030.4380014989
2024-08-16 16:30:00,326019.11074460024,326030.36908981274
2024-08-16 20:30:00,326022.9177520609,326030.3492841503
2024-08-17 00:30:00,326028.8102757944,326030.32187760965
2024-08-17 04:30:00,326026.9039176174,326030.4009428836
2024-08-17 08:30:00,326008.95598828606,326030.33442345465
2024-08-17 12:30:00,326037.6992133424,326030.4642838323
2024-08-17 16:30:00,326011.7644158823,326030.3167985608
2024-08-17 20:30:00,326016.1738559068,326030.34047970537
2024-08-18 00:30:00,326045.4715774954,326030.450218379
2024-08-18 04:30:00,326020.91961626586,326030.5646912767
2024-08-18 08:30:00,326012.89577896957,326030.5059264759
2024-08-18 12:30:00,326042.4182179227,326030.51405657496
2024-08-18 16:30:00,326021.28201672976,326030.53379444306
2024-08-18 20:30:00,325996.8544568647,326030.58107716555
2024-08-19 00:30:00,326044.58132441,326030.69063474966
2024-08-19 04:30:00,326030.2253833387,326030.84249644727
2024-08-19 08:30:00,326021.085784321,326030.8751706087
2024-08-19 12:30:00,326049.7013530424,326030.8614304806
2024-08-19 16:30:00,326039.39058139286,326030.78276670945
2024-08-19 20:30:00,326024.458318563,326030.71547769
2024-08-20 00:30:00,326039.8395040861,326030.79221272253
2024-08-20 04:30:00,326015.0204648354,326030.77150380256
2024-08-20 08:30:00,326022.4110507559,326030.803656313
2024-08-20 12:30:00,326058.0803543261,326030.84149466787
2024-08-20 16:30:00,326042.37870773237,326030.80781080644
2024-08-20 20:30:00,326026.9003926113,326030.94178696617
2024-08-21 00:30:00,326032.9125617922,326030.98108994367
2024-08-21 04:30:00,326027.50557252404,326031.0739700444
2024-08-21 08:30:00,326042.1597221747,326031.22836074047
2024-08-21 12:30:00,326047.9443507384,326031.2408857579
2024-08-21 16:30:00,326036.31053899456,326031.0975033738
2024-08-21 20:30:00,326030.21012268536,326031.22193633264
2024-08-22 00:30:00,326032.049301047,326031.23585236206
2024-08-22 04:30:00,326036.06390489836,326031.3829495683
2024-08-22 08:30:00,326040.13587363163,326031.56230651855
2024-08-22 12:30:00,326039.9574560039,326031.5460713268
2024-08-22 16:30:00,326049.2416533199,326031.5653146291
2024-08-22 20:30:00,326035.94571719493,326031.7519472609
2024-08-23 00:30:00,326044.30070035876,326031.8643058398
2024-08-23 04:30:00,326043.4476863045,326031.9833742014
2024-08-23 08:30:00,326036.55824377533,326032.1390334949
2024-08-23 12:30:00,326035.00734206376,326032.1248291081
2024-08-23 16:30:00,326053.0358324263,326032.1356715399
2024-08-23 20:30:00,326041.03332171123,326032.1648892577
2024-08-24 00:30:00,326043.640967941,326032.26897589484
2024-08-24 04:30:00,326046.1810441784,326032.29290604236
2024-08-24 08:30:00,326034.6757988794,326032.4145654414
2024-08-24 12:30:00,326049.5882344051,326032.49130125175
2024-08-24 16:30:00,326060.3154966657,326032.49766324833
2024-08-24 20:30:00,326046.34468451375,326032.5736016438
2024-08-25 00:30:00,326063.66965702095,326032.8078624964
2024-08-25 04:30:00,326056.8121652897,326033.00459940376
2024-08-25 08:30:00,326037.5051644493,326032.9323980953
2024-08-25 12:30:00,326033.3525743035,326032.94079727016
2024-08-25 16:30:00,326031.6159253428,326032.82016660686
2024-08-25 20:30:00,326020.27929402253,326032.8631236292
2024-08-26 00:30:00,326043.964229509,326033.16483541974
2024-08-26 04:30:00,326031.4843028334,326033.1472611886
2024-08-26 08:30:00,326026.3599684579,326033.0463494638
2024-08-26 12:30:00,326030.1080480592,326033.0609772811
2024-08-26 16:30:00,326032.82354022044,326033.08021762426
2024-08-26 20:30:00,326023.4010593737,326033.0583818551
2024-08-27 00:30:00,326044.4331058591,326033.08252190024
2024-08-27 04:30:00,326047.47764976235,326033.2135187537
2024-08-27 08:30:00,326043.02620172367,326033.33924690704
2024-08-27 12:30:00,326036.04986685165,326033.5194597757
2024-08-27 16:30:00,326007.8852875473,326033.4219489559
2024-08-27 20:30:00,326022.14194133587,326033.4541686698
2024-08-28 00:30:00,326045.26923328254,326033.7554294837
2024-08-28 04:30:00,326024.9038610057,326033.72257732885
2024-08-28 08:30:00,326025.22829379956,326033.5621215512
2024-08-28 12:30:00,326037.6517239776,326033.65545953426
2024-08-28 16:30:00,326040.61340121296,326033.70077172265
2024-08-28 20:30:00,326047.91669380094,326033.76992350025
2024-08-29 00:30:00,326039.8115624022,326033.857808773
2024-08-29 04:30:00,326025.57970439387,326033.917533159
2024-08-29 08:30:00,326029.9638909849,326033.8527960716
2024-08-29 12:30:00,326053.06638759025,326034.0071625443
2024-08-29 16:30:00,326034.3395522884,326034.1635544686
2024-08-29 20:30:00,326022.09928868513,326034.20773558976
2024-08-30 00:30:00,326055.1588696809,326034.33420604473
2024-08-30 04:30:00,326035.7509166267,326034.35832609626
2024-08-30 08:30:00,326013.4307895421,326034.2238448397
2024-08-30 12:30:00,326041.3984536278,326034.1904958047
2024-08-30 16:30:00,326039.60141595476,326034.2433495226
2024-08-30 20:30:00,326030.80914669525,326034.4119540747
2024-08-31 00:30:00,326036.0399213392,326034.5024137061
2024-08-31 04:30:00,326028.2270021632,326034.41987925174
2024-08-31 08:30:00,326010.967660071,326034.2872385822
2024-08-31 12:30:00,326034.7881798501,326034.1366325486
2024-08-31 16:30:00,326050.0624872575,326034.22043287155
2024-08-31 20:30:00,326028.4055505131,326034.2335828262
2024-09-01 00:30:00,326031.49680115614,326034.3471209592
2024-09-01 04:30:00,326023.7597822957,326034.38748942735
2024-09-01 08:30:00,326023.9671897453,326034.42566420283
2024-09-01 12:30:00,326049.10019306024,326034.4868648496
2024-09-01 16:30:00,326021.41876583453,326034.41656141385
2024-09-01 20:30:00,326026.4576470572,326034.4598444625
2024-09-02 00:30:00,326042.91917637247,326034.5073592137
2024-09-02 04:30:00,326031.2942965215,326034.6406532527
2024-09-02 08:30:00,326015.69888088707,326034.6102073674
2024-09-02 12:30:00,326031.83586047037,326034.5166869829
2024-09-02 16:30:00,326036.89093398914,326034.5166329067
2024-09-02 20:30:00,326035.7758403975,326034.63936427125
2024-09-03 00:30:00,326034.8196131991,326034.76147110405
2024-09-03 04:30:00,326015.24735340057,326034.7689754588
2024-09-03 08:30:00,326031.20390877477,326034.7211531729
2024-09-03 12:30:00,326040.9808769448,326034.68229098484
2024-09-03 16:30:00,326031.15935842646,326034.6343916111
2024-09-03 20:30:00,326017.3506378681,326034.6370260121
2024-09-04 00:30:00,326041.1608901948,326034.73932516895
2024-09-04 04:30:00,326039.61735125975,326034.9076443856
2024-09-04 08:30:00,326022.4032595031,326034.9073264435
2024-09-04 12:30:00,326038.0222001521,326034.8089566817
2024-09-04 16:30:00,326053.4876445388,326034.8138042414
2024-09-04 20:30:00,326044.36292717006,326034.90408867586
2024-09-05 04:30:00,326038.91034783947,326035.0209592376
2024-09-05 08:30:00,326032.8837277201,326034.93266701465
2024-09-05 12:30:00,326051.55363672477,326034.95784358686
2024-09-05 16:30:00,326045.0078481544,326034.9536003685
2024-09-05 20:30:00,326012.652740552,326034.8007327554
2024-09-06 00:30:00,326049.14434599224,326034.85284983995
2024-09-06 04:30:00,326053.7310139874,326035.04419467895
2024-09-06 08:30:00,326043.8801824768,326035.19416308694
2024-09-06 12:30:00,326034.70761297643,326035.139786353
2024-09-06 16:30:00,326052.2926936566,326035.1789996663
2024-09-06 20:30:00,326034.2337385549,326035.2455578505
2024-09-07 00:30:00,326033.74151242495,326035.2777510219
2024-09-07 04:30:00,326039.87015764776,326035.3127651281
2024-09-07 08:30:00,326039.3387221669,326035.3194365938
2024-09-07 12:30:00,326040.69945049536,326035.4863953819
2024-09-07 16:30:00,326042.97768534266,326035.51266015536
2024-09-07 20:30:00,326036.3269612054,326035.4803628688
2024-09-08 00:30:00,326046.1243816309,326035.5217956329
2024-09-08 04:30:00,326057.6989471134,326035.70953111514
2024-09-08 08:30:00,326042.8960454522,326035.8190339226
2024-09-08 12:30:00,326030.445125714,326035.81170211977
2024-09-08 16:30:00,326010.5486975982,326035.6159212215
2024-09-08 20:30:00,326032.3778783228,326035.62730802235
2024-09-09 00:30:00,326039.39790128847,326035.68838316924
2024-09-09 04:30:00,326018.5941848862,326035.4691309138
2024-09-09 08:30:00,326015.57173812593,326035.34834509715
2024-09-09 12:30:00,326025.1524227778,326035.3096331972
2024-09-09 16:30:00,326050.33978163736,326035.3092229997
2024-09-09 20:30:00,326025.1701534648,326035.1901587208
2024-09-10 00:30:00,326043.4035343678,326035.2511060764
2024-09-10 04:30:00,326040.5634759548,326035.1670573669
2024-09-10 08:30:00,326044.18668572546,326035.1332329115
2024-09-10 12:30:00,326036.78666713706,326035.07978332543
2024-09-10 16:30:00,326032.1304503872,326034.8818501303
2024-09-10 20:30:00,326044.5068666615,326034.7988104952
2024-09-11 00:30:00,326033.77505684074,326034.74314209016
2024-09-11 04:30:00,326014.20092193095,326034.6043593057
2024-09-11 08:30:00,326023.1593146965,326034.4008040703
2024-09-11 12:30:00,326021.3383215891,326034.21987289627
2024-09-11 16:30:00,326031.04987834604,326034.1279008511
2024-09-11 20:30:00,326027.53692360036,326034.09479803586
2024-09-12 00:30:00,325988.51168762724,326033.8387131459
2024-09-12 04:30:00,326027.0528933676,326033.68252661073
2024-09-12 08:30:00,326034.2248312445,326033.53840889345
2024-09-12 12:30:00,326045.6917397084,326033.55707232904
2024-09-12 16:30:00,326040.85728931846,326033.67736175325
2024-09-12 20:30:00,326040.84848667524,326033.7659050434
2024-09-13 00:30:00,326014.96046532074,326033.7053451105
2024-09-13 04:30:00,326016.10350339266,326033.8052252278
2024-09-13 08:30:00,326019.68598898756,326033.69982566056
2024-09-13 12:30:00,326039.77323711145,326033.6221887521
2024-09-13 16:30:00,326068.3499703374,326033.82560841576
2024-09-13 20:30:00,326060.0121288694,326034.13112103543
2024-09-14 00:30:00,326031.27454606077,326034.18692979816
2024-09-14 04:30:00,326023.471184466,326034.27921578864
2024-09-14 08:30:00,326028.1630428544,326034.32149128505
2024-09-14 12:30:00,326035.98170296726,326034.27235047106
2024-09-14 16:30:00,326015.8532549511,326034.16833132895
2024-09-14 20:30:00,326030.8012883945,326034.12287543924
2024-09-15 00:30:00,326049.8994312133,326034.2360198497
2024-09-15 04:30:00,326035.935659253,326034.2455150419
2024-09-15 08:30:00,326022.3810062123,326034.23009766854
2024-09-15 12:30:00,326029.76288687385,326034.2079692272
2024-09-15 16:30:00,326021.71543639805,326034.22252057807
2024-09-15 20:30:00,326037.3930338333,326034.30338807404
2024-09-16 00:30:00,326036.37363583397,326034.3456414821
2024-09-16 04:30:00,326018.28199370444,326034.2974743094
2024-09-16 08:30:00,326018.5875990758,326034.3512821909
2024-09-16 12:30:00,326052.94278166955,326034.4364417905
2024-09-16 16:30:00,326015.45981432917,326034.4570864746
2024-09-16 20:30:00,326026.7983064362,326034.5164409468
2024-09-17 00:30:00,326054.9917967099,326034.56962652894
2024-09-17 04:30:00,326045.4922704294,326034.7069039265
2024-09-17 08:30:00,326017.689572123,326034.7336848939
2024-09-17 12:30:00,326057.3689476252,326034.81720852345
2024-09-17 16:30:00,326020.7535597999,326034.81425625016
2024-09-17 20:30:00,326018.4941701541,326034.93514850317
2024-09-18 00:30:00,326060.35878066113,326035.02329071687
2024-09-18 04:30:00,326050.38366759993,326035.13590683
2024-09-18 08:30:00,326027.4800983055,326035.1716292546
2024-09-18 12:30:00,326045.36825956014,326035.14742202836
2024-09-18 16:30:00,326031.4243206399,326035.10291777836
2024-09-18 20:30:00,326030.5709899841,326035.1370667807
2024-09-19 00:30:00,326047.6633594918,326035.18077547016
2024-09-19 04:30:00,326054.1851052323,326035.39957234386
2024-09-19 08:30:00,326027.08835405885,326035.42570252996
2024-09-19 12:30:00,326052.31848610693,326035.393513322
2024-09-19 16:30:00,326050.9529672412,326035.4414142131
2024-09-19 20:30:00,326021.6614053618,326035.4121461279
2024-09-20 00:30:00,326025.73396167724,326035.3720422167
2024-09-20 04:30:00,326046.42008648487,326035.4777098924
2024-09-20 08:30:00,326018.8441621008,326035.34745536686
2024-09-20 12:30:00,326046.0217595615,326035.33671463403
2024-09-20 16:30:00,326054.08116073575,326035.4359918504
2024-09-20 20:30:00,326015.683988396,326035.35484026227
2024-09-21 00:30:00,326005.4364658989,326035.20616520557
2024-09-21 04:30:00,326033.9638359804,326035.194432977
2024-09-21 08:30:00,326016.5836930528,326035.06285654916
2024-09-21 12:30:00,326028.71836087824,326035.0000683082
2024-09-21 16:30:00,326063.97558247467,326035.0823807616
2024-09-21 20:30:00,326033.9078275117,326035.070995903
2024-09-22 00:30:00,326023.13473935303,326034.9527503108
2024-09-22 04:30:00,326033.6274450997,326034.8978886281
2024-09-22 08:30:00,326019.3210826833,326034.8015916388
2024-09-22 12:30:00,326036.1265045268,326034.80784394307
2024-09-22 16:30:00,326051.1092437076,326034.7970808776
2024-09-22 20:30:00,326041.3474501572,326034.79883578507
2024-09-23 00:30:00,326024.661952022,326034.69280776323
2024-09-23 04:30:00,326041.4684837217,326034.6664806098
2024-09-23 08:30:00,326034.9295492889,326034.6678982099
2024-09-23 12:30:00,326009.54768434924,326034.4442079861
2024-09-23 16:30:00,326029.3560970162,326034.27125044615
2024-09-23 20:30:00,326036.36684172763,326034.2155083077
2024-09-24 00:30:00,326017.9393090702,326033.96003150346
2024-09-24 04:30:00,326027.2200107748,326033.7947122045
2024-09-24 08:30:00,326031.67487704067,326033.7621407665
2024-09-24 12:30:00,326029.6232368081,326033.74130647874
2024-09-24 16:30:00,326059.0652583552,326033.8946547079
2024-09-24 20:30:00,326049.4262645685,326034.05748694565
2024-09-25 00:30:00,326038.63236372446,326034.0276999859
2024-09-25 04:30:00,326022.94834596774,326033.98001307604
2024-09-25 08:30:00,326038.6133671775,326034.0484678175
2024-09-25 12:30:00,326030.4938709915,326034.05062325293
2024-09-25 16:30:00,326019.59657991095,326033.9767296199
2024-09-25 20:30:00,326051.9877726739,326034.1364319288
2024-09-26 00:30:00,326025.7248550235,326034.031916561
2024-09-26 04:30:00,326032.2105379569,326033.94662543363
2024-09-26 08:30:00,326035.60734098824,326033.9051792842
2024-09-26 12:30:00,326023.3347857793,326033.83414531173
2024-09-26 16:30:00,326051.1644333855,326034.07592824945
2024-09-26 20:30:00,326045.1797580714,326034.20463113626
2024-09-27 00:30:00,326031.74457046564,326034.1290743607
2024-09-27 04:30:00,326024.84787957626,326034.12876161525
2024-09-27 08:30:00,326027.25775227766,326034.14009937213
2024-09-27 12:30:00,326015.6829578677,326034.0173688352
2024-09-27 16:30:00,325989.5158489766,326033.73190764955
2024-09-27 20:30:00,326025.43661922304,326033.6063206407
2024-09-28 00:30:00,326034.15004033217,326033.5746920258
2024-09-28 04:30:00,326020.6507973303,326033.5471562321
2024-09-28 08:30:00,326027.1734852871,326033.5315673735
2024-09-28 12:30:00,326049.980156495,326033.514325859
2024-09-28 16:30:00,326038.2391152834,326033.5361111271
2024-09-28 20:30:00,326052.3931876699,326033.7053507863
2024-09-29 00:30:00,326050.774414317,326033.6808566222
2024-09-29 04:30:00,326034.85666714254,326033.6758608151
2024-09-29 08:30:00,326041.81676264736,326033.83444167033
2024-09-29 12:30:00,326021.0322992549,326033.7206642717
2024-09-29 16:30:00,325998.5325250173,326033.4912291267
2024-09-29 20:30:00,326010.0955337085,326033.37551061844
2024-09-30 00:30:00,326035.916292384,326033.37481995387
2024-09-30 04:30:00,326045.7337708035,326033.47262313066
2024-09-30 08:30:00,326020.3068625734,326033.5247974463
2024-09-30 12:30:00,326060.53374953294,326033.6686274446
2024-09-30 16:30:00,326043.5903887233,326033.63247046946
2024-09-30 20:30:00,326012.96308938466,326033.546199737
2024-10-01 00:30:00,326054.5966881385,326033.6752493849
2024-10-01 04:30:00,326054.2881293511,326033.8457988098
2024-10-01 08:30:00,326038.5055008885,326033.9270184251
2024-10-01 12:30:00,326051.14355005324,326033.93843382725
2024-10-01 16:30:00,326044.1090123101,326034.06519498077
2024-10-01 20:30:00,326042.7443431544,326034.15618210984
2024-10-02 00:30:00,326071.1171931376,326034.3137129297
2024-10-02 04:30:00,326048.0341895271,326034.4072318851
2024-10-02 08:30:00,326041.6214290145,326034.5520505897
2024-10-02 12:30:00,326035.28192467464,326034.571302345
2024-10-02 16:30:00,326058.3608300522,326034.6912458985
2024-10-02 20:30:00,326015.82772690506,326034.5798039236
2024-10-03 00:30:00,326028.91366094496,326034.546809777
2024-10-03 04:30:00,326052.9131246935,326034.7572330803
2024-10-03 08:30:00,326035.69686483854,326034.7823333935
2024-10-03 12:30:00,326031.57128827454,326034.729765859
2024-10-03 16:30:00,326040.2677075692,326034.78065049107
2024-10-03 20:30:00,326034.9458610147,326034.8789478271
2024-10-04 00:30:00,326045.7070431338,326034.9043453295
2024-10-04 04:30:00,326062.6518335399,326035.03302958806
2024-10-04 08:30:00,326043.9486958982,326035.1533951545
2024-10-04 12:30:00,326051.05019315646,326035.2261772384
2024-10-04 16:30:00,326037.78091701097,326035.1384301572
2024-10-04 20:30:00,326015.0183563961,326034.97449400765
2024-10-05 00:30:00,326041.8755082552,326035.0128329757
2024-10-05 04:30:00,326053.23966866283,326035.09244031354
2024-10-05 08:30:00,326035.1593944151,326035.1050829063
2024-10-05 12:30:00,326039.4515106106,326035.03784887237
2024-10-05 16:30:00,326014.1014087061,326034.86614643096
2024-10-05 20:30:00,325996.3633450759,326034.77564978943
2024-10-06 00:30:00,326006.56798945303,326034.53911447537
2024-10-06 04:30:00,326022.5496935622,326034.3658849174
2024-10-06 08:30:00,326071.5598701538,326034.51966096007
2024-10-06 12:30:00,326043.968225891,326034.5711088096
2024-10-06 16:30:00,326031.3495648132,326034.4547580938
2024-10-06 20:30:00,326023.30028584733,326034.3940166899
2024-10-07 00:30:00,326028.3660652418,326034.3641530944
2024-10-07 04:30:00,326032.2744810146,326034.32195489097
2024-10-07 08:30:00,326020.59873566584,326034.2178438548
2024-10-07 12:30:00,326053.45317648636,326034.2886978881
2024-10-07 16:30:00,326031.02846727637,326034.22231334326
2024-10-07 20:30:00,326002.6411932208,326034.03517018777
2024-10-08 00:30:00,326009.9459104969,326033.8341786814
2024-10-08 04:30:00,326016.59193992143,326033.60580641933
2024-10-08 08:30:00,326018.9416664312,326033.47272653587
2024-10-08 12:30:00,326034.7054703009,326033.49639511696
2024-10-08 16:30:00,326022.17823795613,326033.56100367446
2024-10-08 20:30:00,326032.9684167775,326033.5642844437
2024-10-09 00:30:00,326022.63346653664,326033.471148695
2024-10-09 04:30:00,326027.8025195732,326033.52230611
2024-10-09 08:30:00,326027.8308628992,326033.5904123587
2024-10-09 12:30:00,326060.22267439985,326033.78524709
2024-10-09 16:30:00,326038.13380720734,326033.71743612085
2024-10-09 20:30:00,326011.5165442106,326033.6415827361
2024-10-10 00:30:00,325997.5088337828,326033.38661217724
2024-10-10 04:30:00,325990.2809636816,326033.10726488696
2024-10-10 08:30:00,326040.6044313639,326033.0873634737
2024-10-10 12:30:00,326057.4395295713,326033.20210159844
2024-10-10 16:30:00,326057.3001759849,326033.3419334073
2024-10-10 20:30:00,326037.6327546887,326033.30374389637
2024-10-11 00:30:00,326010.47823314904,326033.174317098
2024-10-11 04:30:00,326012.1664411268,326033.1630144269
2024-10-11 08:30:00,326031.6648452013,326033.2102673741
2024-10-11 12:30:00,326019.9971078969,326033.20281618705
2024-10-11 16:30:00,326026.71147913527,326033.1787139692
2024-10-11 20:30:00,326045.5592126637,326033.27883779723
2024-10-12 00:30:00,326036.92462915054,326033.5477985836
2024-10-12 04:30:00,326019.7901767656,326033.5074501579
2024-10-12 08:30:00,326004.09206647635,326033.3400459092
2024-10-12 12:30:00,326010.64733837027,326033.1453547907
2024-10-12 16:30:00,326063.8148449569,326033.2728967665
2024-10-12 20:30:00,326032.2302035693,326033.2250174158
2024-10-13 00:30:00,326008.0155321639,326033.1864344539
2024-10-13 04:30:00,326005.87159536174,326033.12959052034
2024-10-13 08:30:00,326055.68263397156,326033.3295718814
2024-10-13 12:30:00,326048.8799577247,326033.38016477367
2024-10-13 16:30:00,325997.7779522868,326032.9880980068
2024-10-13 20:30:00,326007.72378433996,326032.6976072038
2024-10-14 00:30:00,326053.35629881074,326032.8202836079
2024-10-14 04:30:00,326018.61128391797,326032.7932841605
2024-10-14 08:30:00,326034.59977378865,326032.8290437768
2024-10-14 12:30:00,326025.2638610715,326032.7695002107
2024-10-14 16:30:00,326055.60339343885,326032.9903343134
2024-10-14 20:30:00,326061.21895055857,326033.1593213254
2024-10-15 00:30:00,326023.9310527542,326033.01505255623
2024-10-15 04:30:00,326036.91255428747,326033.0204797509
2024-10-15 08:30:00,326050.1931114138,326033.17499144643
2024-10-15 12:30:00,326039.17329855263,326033.2272715113
2024-10-15 16:30:00,326007.9946506124,326033.1510449236
2024-10-15 20:30:00,326019.8418525017,326033.0535383607
2024-10-16 00:30:00,326059.60229981627,326033.1825864939
2024-10-16 04:30:00,326061.552609571,326033.4229788043
2024-10-16 08:30:00,326006.57379566826,326033.35623545205
2024-10-16 12:30:00,326008.55090632325,326033.1096139223
2024-10-16 16:30:00,326035.41186466033,326033.22045864636
2024-10-16 20:30:00,326018.13336914696,326033.17232010583
2024-10-17 00:30:00,326016.23862345377,326032.95702469884
2024-10-17 04:30:00,326009.4306824257,326032.75668254326
2024-10-17 08:30:00,326027.0424476667,326032.808642963
2024-10-17 12:30:00,326064.93569320673,326032.85068043845
2024-10-17 16:30:00,326017.5794693992,326032.83304660284
2024-10-17 20:30:00,325994.30128207133,326032.6986416691
2024-10-18 00:30:00,326059.6778545084,326032.69485874596
2024-10-18 04:30:00,326048.971070677,326032.6870109854
2024-10-18 08:30:00,326012.3390729356,326032.60289417766
2024-10-18 12:30:00,326020.0958198291,326032.46249173477
2024-10-18 16:30:00,326042.0160643536,326032.52133475547
2024-10-18 20:30:00,325997.87870010675,326032.33971092274
2024-10-19 00:30:00,326006.1562123588,326032.1091156609
2024-10-19 04:30:00,326024.7975091081,326031.945851238
2024-10-19 08:30:00,326036.9131271478,326032.0004333107
2024-10-19 12:30:00,326082.86568565696,326032.17013997486
2024-10-19 16:30:00,326031.7049606709,326032.0632066051
2024-10-19 20:30:00,325987.634326305,326031.8741672769
2024-10-20 00:30:00,326025.82732313324,326031.8746859517
2024-10-20 04:30:00,326050.6912058112,326031.89841439243
2024-10-20 08:30:00,326037.39504747244,326032.0014748667
2024-10-20 12:30:00,325983.4860467488,326031.65405424
2024-10-20 16:30:00,326000.8142593116,326031.3581270098
2024-10-20 20:30:00,326024.64117306896,326031.4078891469
2024-10-21 00:30:00,326016.92921359173,326031.47173774516
2024-10-21 04:30:00,326052.83207495976,326031.576561295
2024-10-21 08:30:00,326046.88017036114,326031.7448750579
2024-10-21 12:30:00,326075.50403072976,326032.00479544594
2024-10-21 16:30:00,326035.70969774044,326031.847762753
2024-10-21 20:30:00,326008.8295803331,326031.7084391575
2024-10-22 00:30:00,326005.9623722815,326031.6130371182
2024-10-22 04:30:00,326026.9539710141,326031.57596226217
2024-10-22 08:30:00,326058.45544579206,326031.7933753906
2024-10-22 12:30:00,326003.91641679255,326031.61443045875
2024-10-22 16:30:00,326035.0617649345,326031.5252777989
2024-10-22 20:30:00,326015.06146122474,326031.3792445271
2024-10-23 00:30:00,326017.2160790062,326031.3378785659
2024-10-23 04:30:00,326030.63876568765,326031.2777134656
2024-10-23 08:30:00,326053.3090958261,326031.37982205756
2024-10-23 12:30:00,326046.6343772117,326031.5858592401
2024-10-23 16:30:00,326016.52842831047,326031.514594414
2024-10-23 20:30:00,326017.1658643312,326031.4079223173
2024-10-24 00:30:00,326012.54271337396,326031.37794123014
2024-10-24 04:30:00,326051.639957674,326031.51360760187
2024-10-24 08:30:00,326069.88305066765,326031.72587523307
2024-10-24 12:30:00,326040.895463244,326031.7884987133
2024-10-24 16:30:00,326006.97988437215,326031.4991355245
2024-10-24 20:30:00,326042.81405719084,326031.4624010391
2024-10-25 00:30:00,326045.98695936846,326031.50325990375
2024-10-25 04:30:00,326042.97557248414,326031.61452227324
2024-10-25 08:30:00,326039.6577780232,326031.6203245557
2024-10-25 12:30:00,326028.6683245484,326031.61018263106
2024-10-25 16:30:00,326024.2151951136,326031.6358416044
2024-10-25 20:30:00,326059.4858034206,326031.67749733076
2024-10-26 00:30:00,326034.56683575927,326031.7266194459
2024-10-26 04:30:00,326027.74080266495,326031.70178758324
2024-10-26 08:30:00,326041.14584958577,326031.7325570754
2024-10-26 12:30:00,326029.7528105303,326031.7682127685
2024-10-26 16:30:00,326020.2806114104,326031.5966359797
2024-10-26 20:30:00,326028.1480756124,326031.5020155216
2024-10-27 00:30:00,326053.66254537646,326031.623782049
2024-10-27 04:30:00,326038.19908663124,326031.69795542146
2024-10-27 08:30:00,326034.3692275486,326031.7374636174
2024-10-27 12:30:00,326024.9079820851,326031.78871375194
2024-10-27 16:30:00,326032.4342319773,326032.027149213
2024-10-27 20:30:00,326038.4034856069,326032.0991873596
2024-10-28 00:30:00,326028.21900304256,326032.06623715244
2024-10-28 04:30:00,326006.87496841745,326031.9897047696
2024-10-28 08:30:00,326029.14098049275,326032.00063529855
2024-10-28 12:30:00,326066.7884778639,326032.0940148617
2024-10-28 16:30:00,326015.01856182085,326031.9650117869
2024-10-28 20:30:00,326037.2984587836,326031.88115218194
2024-10-29 00:30:00,326051.54364883393,326031.88542570703
2024-10-29 04:30:00,326034.50106316723,326031.8834501294
2024-10-29 08:30:00,326026.9411684518,326031.80080793943
2024-10-29 12:30:00,326043.7167248133,326031.9268325258
2024-10-29 16:30:00,326038.64195424697,326032.1496626883
2024-10-29 20:30:00,326034.8763424761,326032.2873338481
2024-10-30 00:30:00,326061.25389608735,326032.4280983131
2024-10-30 08:30:00,326012.4142672628,326032.309672236
2024-10-30 12:30:00,326059.8985051117,326032.3061233845
2024-10-30 16:30:00,326038.35119254753,326032.2768541322
2024-10-31 00:30:00,326056.87882443925,326032.39817941893
2024-10-31 04:30:00,326043.92125182843,326032.3399385339
2024-10-31 08:30:00,326037.4421301629,326032.33396454115
2024-10-31 12:30:00,326037.635782922,326032.2580782089
2024-10-31 16:30:00,326016.9899823203,326032.1057241078
2024-10-31 20:30:00,325988.11633383407,326031.7988251791
2024-11-01 00:30:00,326028.8420819287,326031.5613245543
2024-11-01 04:30:00,326062.1601274404,326031.64068375604
2024-11-01 08:30:00,326014.41904761374,326031.48786138865
2024-11-01 12:30:00,326039.6077508377,326031.5121637829
2024-11-01 16:30:00,326022.78765778086,326031.3123145004
2024-11-01 20:30:00,326017.3864238271,326031.3210712247
2024-11-02 00:30:00,326041.41194728506,326031.3912863165
2024-11-02 04:30:00,326046.3159339001,326031.35422344686
2024-11-02 08:30:00,326058.95776827703,326031.4849026797
2024-11-02 12:30:00,326060.20084761933,326031.64574290067
2024-11-02 16:30:00,326026.52157119906,326031.5685174155
2024-11-02 20:30:00,325988.73093372205,326031.3088829925
2024-11-03 00:30:00,326023.80637818784,326031.1858455489
2024-11-03 04:30:00,326049.82482646144,326031.11378371145
2024-11-03 08:30:00,325994.68169163604,326030.8370027886
2024-11-03 12:30:00,326006.5763087172,326030.5871495052
2024-11-03 16:30:00,326049.23956732394,326030.6515239452
2024-11-03 20:30:00,326007.8132320018,326030.61104571825
2024-11-04 00:30:00,326025.9839102011,326030.5217670775
2024-11-04 04:30:00,326041.4815712973,326030.4557103507
2024-11-04 08:30:00,326033.1268328258,326030.4442914654
2024-11-04 12:30:00,326033.30264077435,326030.4097472529
2024-11-04 16:30:00,326039.47188507643,326030.55227801896
2024-11-04 20:30:00,326007.3261815029,326030.6138669877
2024-11-05 00:30:00,326051.571633728,326030.8666964499
2024-11-05 04:30:00,326055.6929334916,326031.05289442703
2024-11-05 08:30:00,326055.74021025124,326030.9640199332
2024-11-05 12:30:00,326036.9837980358,326030.9247815744
2024-11-05 16:30:00,326008.1116542184,326030.7942315149
2024-11-05 20:30:00,326008.56149680814,326030.7114293293
2024-11-06 00:30:00,326037.32393106684,326030.7617544182
2024-11-06 04:30:00,326046.605270753,326030.8422644729
2024-11-06 08:30:00,326042.8441256285,326030.9672385739
2024-11-06 12:30:00,326028.151067205,326030.8250918925
2024-11-06 16:30:00,326047.0537192192,326030.91512139776
2024-11-06 20:30:00,326032.9997467112,326031.0856750691
2024-11-07 00:30:00,326046.78698550037,326031.2926474006
2024-11-07 04:30:00,326063.6673596582,326031.5571160508
2024-11-07 08:30:00,326045.7446381004,326031.7076945433
2024-11-07 12:30:00,326034.3024291151,326031.705430267
2024-11-07 16:30:00,325985.30646624154,326031.498285482
2024-11-07 20:30:00,326012.53760311677,326031.38350563
2024-11-08 00:30:00,326020.87503081805,326031.3736267777
2024-11-08 04:30:00,326028.12310501945,326031.37542781944
2024-11-08 08:30:00,326033.0399799087,326031.40469252184
2024-11-08 12:30:00,326021.212284829,326031.1855330298
2024-11-08 16:30:00,326048.1967654056,326031.24206650286
2024-11-08 20:30:00,326049.2987826711,326031.4543262695
2024-11-09 00:30:00,326047.29693355504,326031.7340346952
2024-11-09 04:30:00,326042.27394400357,326032.02613009023
2024-11-09 08:30:00,326037.50486055325,326032.0087167711
2024-11-09 12:30:00,326078.17617038096,326032.12521475315
2024-11-09 20:30:00,325991.0882789119,326031.7200201938
2024-11-10 00:30:00,326015.4264514167,326031.7479762292
2024-11-10 04:30:00,326030.22962471907,326031.8500281139
2024-11-10 08:30:00,326034.7380011332,326031.8673905768
2024-11-10 12:30:00,325975.4677567677,326031.61581232183
2024-11-10 16:30:00,326045.8468735161,326031.72392189456
2024-11-10 20:30:00,326045.85109415656,326031.7255709426
2024-11-11 00:30:00,326016.06236046035,326031.6077050177
2024-11-11 04:30:00,326000.9293077018,326031.50114643556
2024-11-11 08:30:00,326039.45611232414,326031.7009433047
2024-11-11 12:30:00,326052.2502399828,326031.9359879466
2024-11-11 16:30:00,326026.84504367947,326031.7271190128
2024-11-12 00:30:00,326005.18946244067,326031.7082033635
2024-11-12 04:30:00,326026.7268925245,326031.82669937017
2024-11-12 08:30:00,326049.5560682327,326031.7918893375
2024-11-12 12:30:00,326020.4549902291,326031.63038384035
2024-11-12 16:30:00,326018.61856357084,326031.7487964044
2024-11-12 20:30:00,326022.5596373862,326031.8330910241
2024-11-13 00:30:00,326024.48854867596,326031.6690697165
2024-11-13 04:30:00,326011.6429969091,326031.62947717664
2024-11-13 08:30:00,326018.7610711703,326031.5394845481
2024-11-13 12:30:00,326063.8268008329,326031.7585921604
2024-11-13 16:30:00,326051.6386038864,326031.73606494704
2024-11-13 20:30:00,326031.6893542584,326031.56828314986
2024-11-14 00:30:00,326056.7853018051,326031.75495501945
2024-11-14 04:30:00,326036.11208095384,326031.7504068755
2024-11-14 08:30:00,326030.5103981116,326031.6385732773
2024-11-14 12:30:00,325969.30507455894,326031.2415947318
2024-11-14 16:30:00,325976.90839233494,326031.0649682644
2024-11-14 20:30:00,326027.4885485628,326031.1084154011
2024-11-15 00:30:00,326038.6543458076,326030.98939293507
2024-11-15 04:30:00,325999.3020355503,326030.6356964917
2024-11-15 08:30:00,325997.1410368964,326030.5821012715
2024-11-15 12:30:00,326041.3115421308,326030.7682412477
2024-11-15 16:30:00,326051.75724365684,326030.8611127193
2024-11-15 20:30:00,326056.16027491714,326031.07717468386
2024-11-16 00:30:00,326062.628669776,326031.3407544925
2024-11-16 04:30:00,326031.05732180923,326031.4636331254
2024-11-16 08:30:00,326037.2157603968,326031.5214360386
2024-11-16 12:30:00,326016.8000183008,326031.24793788575
2024-11-16 16:30:00,326008.4113379799,326031.19584622997
2024-11-16 20:30:00,326019.8045859141,326031.34075136535
2024-11-17 00:30:00,326032.6421750721,326031.1871395504
2024-11-17 04:30:00,326020.92847560765,326031.0278066239
2024-11-17 08:30:00,325974.9105078685,326030.8151443224
2024-11-17 12:30:00,326030.00660272466,326030.8714555889
2024-11-17 16:30:00,326081.5157613707,326031.0958856855
2024-11-17 20:30:00,326019.20199558686,326031.2170407735
2024-11-18 00:30:00,326036.90209097834,326031.3917332656
2024-11-18 04:30:00,326072.3526057117,326031.66193267814
2024-11-18 08:30:00,326061.9582425517,326031.8042344702
2024-11-18 12:30:00,326040.8036287346,326031.5652455104
2024-11-18 16:30:00,325999.48733138014,326031.3821907985
2024-11-18 20:30:00,326017.4919392982,326031.55183632695
2024-11-19 00:30:00,326041.2904817714,326031.6396951828
2024-11-19 04:30:00,326031.4750698166,326031.53051259194
2024-11-19 08:30:00,326022.48695613246,326031.4458075275
2024-11-19 12:30:00,326012.852813855,326031.61266415875
2024-11-19 16:30:00,326034.0058480883,326031.80125273135
2024-11-19 20:30:00,325997.2762547353,326031.64577024087
2024-11-20 00:30:00,326004.6585969893,326031.5760508283
2024-11-20 04:30:00,325998.12739797554,326031.2652288
2024-11-20 08:30:00,325980.3647552279,326030.887300305
2024-11-20 12:30:00,325986.8784183387,326030.38374568906
2024-11-20 16:30:00,326008.1264088371,326030.22702245665
2024-11-20 20:30:00,326018.02514151996,326030.27926996344
2024-11-21 00:30:00,326011.7369124211,326030.3120798506
2024-11-21 04:30:00,326007.4880188523,326030.20147784974
2024-11-21 08:30:00,326016.88929907396,326029.9653065615
2024-11-21 12:30:00,326028.81863234914,326030.1067964226
2024-11-21 16:30:00,326042.0091141667,326030.1462699978
2024-11-21 20:30:00,326059.71779427794,326030.3999991629
2024-11-22 00:30:00,326082.46828579705,326030.7707503378
2024-11-22 04:30:00,325995.6128751329,326030.5717395961
2024-11-22 08:30:00,326021.8086828157,326030.3927599767
2024-11-22 12:30:00,326051.40970063646,326030.41989249614
2024-11-22 16:30:00,326073.38689568895,326030.74295196985
2024-11-22 20:30:00,326033.0964403937,326030.83346660656
2024-11-23 00:30:00,326065.4317179459,326031.1339723143
2024-11-23 04:30:00,326042.7706423992,326031.08357847756
2024-11-23 08:30:00,326038.03354452195,326030.9026153745
2024-11-23 12:30:00,326047.3142466521,326030.9390857347
2024-11-23 16:30:00,326063.8613199156,326031.2622757094
2024-11-23 20:30:00,326048.38460233423,326031.29392653407
2024-11-24 00:30:00,326040.20823207306,326031.2610928563
2024-11-24 04:30:00,326052.9908379141,326031.31799777347
2024-11-24 08:30:00,326038.3812348423,326031.3107446872
2024-11-24 12:30:00,326058.68187366653,326031.48127621633
2024-11-24 16:30:00,326034.6350117228,326031.5404797198
2024-11-24 20:30:00,326031.5387466007,326031.3816896242
2024-11-25 00:30:00,326023.27425344003,326031.3175272248
2024-11-25 04:30:00,326034.0020771349,326031.35310264776
2024-11-25 08:30:00,326035.179851058,326031.31920492894
2024-11-25 12:30:00,326062.65303198213,326031.50613800535
2024-11-25 16:30:00,326046.9815532822,326031.65784790233
2024-11-25 20:30:00,326018.6878290481,326031.6040965014
2024-11-26 00:30:00,326034.2375239231,326031.4937270613
2024-11-26 04:30:00,326044.01833931595,326031.526790997
2024-11-26 08:30:00,326053.9502287347,326031.63804668555
2024-11-26 12:30:00,326049.81763954414,326031.77957883023
2024-11-26 16:30:00,326033.79194282385,326031.78729309636
2024-11-26 20:30:00,326040.62446272845,326031.7999122846
2024-11-27 00:30:00,326052.669254122,326031.93883416575
2024-11-27 04:30:00,326032.74991090427,326032.08585088444
2024-11-27 08:30:00,326026.18814611936,326032.06907341635
2024-11-27 12:30:00,326069.011787822,326032.0817058593
2024-11-27 16:30:00,326041.26951319247,326032.23085899214
2024-11-27 20:30:00,326026.2943909341,326032.16833587934
2024-11-28 00:30:00,326015.5028556278,326031.9635586452
2024-11-28 04:30:00,326010.0858319058,326031.82483574026
2024-11-28 08:30:00,326013.94297786907,326031.7509823848
2024-11-28 12:30:00,326061.17733436346,326031.85019039345
2024-11-28 16:30:00,326027.49191396916,326031.786837892
2024-11-28 20:30:00,326023.3654560728,326031.7214351283
2024-11-29 00:30:00,326032.225746724,326031.5565024615
2024-11-29 04:30:00,326000.23647318524,326031.3795531436
2024-11-29 08:30:00,326046.49408867315,326031.57209450746
2024-11-29 12:30:00,326083.9346654643,326031.7078920235
2024-11-29 16:30:00,326043.19993803516,326031.7352860658
2024-11-29 20:30:00,326029.0588950077,326031.72025016096
2024-11-30 00:30:00,326037.42907734483,326031.61098191893
2024-11-30 04:30:00,326026.597393656,326031.513656873
2024-11-30 08:30:00,326018.1196348157,326031.40510352835
2024-11-30 12:30:00,326055.3917686796,326031.50485625735
2024-11-30 16:30:00,326037.9292502296,326031.62249259395
2024-11-30 20:30:00,326030.03141678986,326031.857970588
2024-12-01 00:30:00,326043.8766074112,326031.94243421435
2024-12-01 04:30:00,326045.21410819044,326031.847231859
2024-12-01 08:30:00,326032.10700977367,326031.94660243293
2024-12-01 12:30:00,326039.9272396041,326031.94839731365
2024-12-01 16:30:00,326025.2350099556,326031.9621464832
2024-12-01 20:30:00,326023.64140174,326031.9972868085
2024-12-02 00:30:00,326041.7484727911,326031.99917740125
2024-12-02 04:30:00,326000.5977609042,326031.7423337327
2024-12-02 08:30:00,326002.94162643666,326031.4276363066
2024-12-02 12:30:00,326064.3856587821,326031.45114648173
2024-12-02 16:30:00,326078.9790511101,326031.74585142505
2024-12-02 20:30:00,326027.2631506539,326031.9623245539
2024-12-03 00:30:00,326029.97976119025,326031.9970064809
2024-12-03 04:30:00,326024.7243799616,326031.85599273647
2024-12-03 08:30:00,326012.9383557502,326031.9585582652
2024-12-03 12:30:00,326029.3816999688,326032.08667844086
2024-12-03 16:30:00,326031.7013174392,326031.988148947
2024-12-03 20:30:00,326018.1922809556,326032.04645821085
2024-12-04 00:30:00,326036.2209339931,326032.1039695805
2024-12-04 04:30:00,326010.3723330048,326031.9291985789
2024-12-04 08:30:00,326014.0765474636,326031.8221745038
2024-12-04 12:30:00,326071.6341478003,326032.03752004885
2024-12-04 16:30:00,326078.0308039643,326032.25414318865
2024-12-04 20:30:00,326020.42694653507,326032.3277429922
2024-12-05 00:30:00,326041.13017774903,326032.26908312715
2024-12-05 04:30:00,326045.7715560657,326032.2133450518
2024-12-05 08:30:00,326018.48054948635,326032.0040211149
2024-12-05 12:30:00,326031.30778859946,326031.9721334214
2024-12-05 16:30:00,326036.04833483504,326032.12908106536
2024-12-05 20:30:00,326034.7105157271,326032.27598566597
2024-12-06 00:30:00,326047.9566886201,326032.33572025894
2024-12-06 04:30:00,326039.16013543267,326032.29389365605
2024-12-06 08:30:00,326013.42822467675,326032.12863578554
2024-12-06 12:30:00,326021.4960989491,326032.0912483234
2024-12-06 16:30:00,326055.7488653996,326032.14009745925
2024-12-06 20:30:00,326022.8757647368,326032.08322115603
2024-12-07 00:30:00,326032.2657269299,326032.00164105167
2024-12-07 04:30:00,326031.67503071716,326031.8219088667
2024-12-07 08:30:00,326034.8460460404,326031.7606808213
2024-12-07 12:30:00,326037.96044229844,326031.7812314572
2024-12-07 16:30:00,326042.33140715153,326032.10159629385
2024-12-07 20:30:00,326037.05690744304,326032.2393451945
2024-12-08 00:30:00,326031.0560970061,326032.2965421956
2024-12-08 04:30:00,326060.0531262858,326032.4759243375
2024-12-08 08:30:00,326040.0677756289,326032.51540633594
2024-12-08 12:30:00,326040.1980740493,326032.62206807313
2024-12-08 16:30:00,326071.3345725792,326032.7520557539
2024-12-08 20:30:00,326032.72934988566,326032.65896905283
2024-12-09 00:30:00,326021.0911924133,326032.51174578804
2024-12-09 04:30:00,326036.4391614127,326032.4789661105
2024-12-09 08:30:00,326042.2844447613,326032.50581770716
2024-12-09 12:30:00,326055.77680431557,326032.379978572
2024-12-09 16:30:00,326052.3982242028,326032.4918123465
2024-12-09 20:30:00,326036.47131124005,326032.7453488399
2024-12-10 00:30:00,326042.0870766672,326032.8942908805
2024-12-10 04:30:00,326055.7865136431,326033.0370667962
2024-12-10 08:30:00,326064.17173653585,326033.2015010722
2024-12-10 12:30:00,326045.83392507286,326033.59460815776
2024-12-10 16:30:00,326036.7452475244,326033.54376108514
2024-12-10 20:30:00,326037.70565114217,326033.49825581687
2024-12-11 00:30:00,326038.45115848386,326033.6233329008
2024-12-11 04:30:00,326025.55535835744,326033.76090860285
2024-12-11 08:30:00,326057.654812385,326033.8625773183
2024-12-11 12:30:00,326036.2531530437,326033.77320811746
2024-12-11 16:30:00,326024.8898885131,326033.7622854629
2024-12-11 20:30:00,326028.3218918756,326033.7320610541
2024-12-12 00:30:00,326023.5550935943,326033.8340923383
2024-12-12 04:30:00,326042.72173803835,326033.9229525911
2024-12-12 08:30:00,326045.88901131315,326033.9025800527
2024-12-12 12:30:00,326042.518989204,326034.0251578248
2024-12-12 16:30:00,326031.14829139947,326034.0947674238
2024-12-12 20:30:00,326028.44640149036,326034.1274716688
2024-12-13 00:30:00,326033.88917646155,326034.1796973788
2024-12-13 04:30:00,326036.6408254519,326034.31857420393
2024-12-13 08:30:00,326028.06974721275,326034.37028907094
2024-12-13 12:30:00,326038.29064345744,326034.22842152993
2024-12-13 16:30:00,326013.22202652827,326034.01499610016
2024-12-13 20:30:00,326016.6928343447,326033.93168210064
2024-12-14 00:30:00,325998.74720583577,326033.6092482342
2024-12-14 04:30:00,326008.7345685922,326033.4571509432
2024-12-14 08:30:00,326023.72551105596,326033.41945712623
2024-12-14 12:30:00,326078.10411771777,326034.02389625495
2024-12-14 16:30:00,326027.4056603421,326034.3044366327
2024-12-14 20:30:00,325990.1191482662,326034.09682885336
2024-12-15 00:30:00,325987.1300804675,326033.8105829348
2024-12-15 04:30:00,325988.1265204313,326033.7484967397
2024-12-15 08:30:00,326038.62791534147,326033.9789793977
2024-12-15 12:30:00,326070.2432779094,326034.1397112631
2024-12-15 16:30:00,326037.9150169176,326034.0628100034
2024-12-15 20:30:00,326040.55065398494,326033.97608988715
2024-12-16 00:30:00,326022.3720164985,326033.7524418134
2024-12-16 04:30:00,326021.17623095267,326033.69754686416
2024-12-16 08:30:00,326031.79978990415,326033.66745813924
2024-12-16 12:30:00,326045.25261334045,326033.8255281117
2024-12-16 16:30:00,326043.44581114076,326034.02016407374
2024-12-16 20:30:00,326026.22914853954,326034.05585608823
2024-12-17 00:30:00,326003.4715949293,326033.8937973097
2024-12-17 04:30:00,326024.54531859607,326033.9138908819
2024-12-17 08:30:00,326028.7369092244,326034.21292644495
2024-12-17 12:30:00,326034.0522289963,326034.23540214647
2024-12-17 16:30:00,326086.58062768093,326034.2635402926
2024-12-17 20:30:00,326042.54684367916,326034.39323389315
2024-12-18 00:30:00,325983.09129647864,326034.0942850348
2024-12-18 04:30:00,326007.832297579,326033.7358388785
2024-12-18 08:30:00,326017.2801567386,326033.48762729065
2024-12-18 12:30:00,326016.07684124814,326033.3502562491
2024-12-18 16:30:00,326072.67988359224,326033.7568815391
2024-12-18 20:30:00,326033.6768134128,326033.84679750644
2024-12-19 00:30:00,326026.8714168453,326033.76669159014
2024-12-19 04:30:00,326045.66529884335,326033.8455261959
2024-12-19 08:30:00,326021.7897346762,326033.84165274334
2024-12-19 12:30:00,326017.6999443613,326033.8685812462
2024-12-19 16:30:00,326053.50582634204,326033.9769144587
2024-12-19 20:30:00,326018.9912105407,326034.09755310207
2024-12-20 00:30:00,325993.181908114,326034.03379371937
2024-12-20 04:30:00,326018.09260799765,326034.14471155294
2024-12-20 08:30:00,326028.3858762809,326034.4114955587
2024-12-20 12:30:00,326006.9807425874,326034.52317513793
2024-12-20 16:30:00,326073.18176685134,326034.88459379354
2024-12-20 20:30:00,326043.8722750766,326035.02818897995
2024-12-21 00:30:00,326021.2967250811,326035.08129905025
2024-12-21 04:30:00,326033.2561431705,326035.22445529647
2024-12-21 08:30:00,326032.88862179406,326035.3133404227
2024-12-21 12:30:00,326027.8851736205,326035.3081545409
2024-12-21 16:30:00,326079.3491056047,326035.51559893775
2024-12-21 20:30:00,326036.4777276566,326035.3864874565
2024-12-22 00:30:00,326029.910794271,326035.0945013925
2024-12-22 04:30:00,326042.7417635156,326035.35632855014
2024-12-22 08:30:00,326044.8845954412,326035.4845280648
2024-12-22 12:30:00,326042.8000001962,326035.4366963956
2024-12-22 16:30:00,326039.63057677285,326035.2491612906
2024-12-22 20:30:00,326043.9957719932,326035.30971313274
2024-12-23 00:30:00,326042.06583231577,326035.1799026571
2024-12-23 04:30:00,326037.40241701633,326035.1500791827
2024-12-23 08:30:00,326016.95571975014,326035.0329801562
2024-12-23 12:30:00,326005.962072579,326034.8032458557
2024-12-23 16:30:00,326028.4148781144,326034.60632117913
2024-12-23 20:30:00,326033.9385887857,326034.5260655483
2024-12-24 00:30:00,326014.7260490099,326034.3844978646
2024-12-24 04:30:00,325996.91839226737,326034.0729842777
2024-12-24 08:30:00,326024.20570183016,326033.9942313165
2024-12-24 12:30:00,326024.4055638997,326033.80380737333
2024-12-24 16:30:00,325996.1053485097,326033.58975368884
2024-12-24 20:30:00,326012.63647942856,326033.4847410934
2024-12-25 00:30:00,326026.62839805696,326033.5033752302
2024-12-25 04:30:00,325996.34918787703,326033.2941925121
2024-12-25 08:30:00,325999.905031204,326033.0982212907
2024-12-25 12:30:00,326072.0371813448,326033.1503554538
2024-12-25 16:30:00,326054.0222285786,326033.18947031663
2024-12-25 20:30:00,326077.13959879667,326033.5142023708
2024-12-26 00:30:00,326040.367154436,326033.54825587355
2024-12-26 04:30:00,326039.78120319505,326033.5247162285
2024-12-26 08:30:00,326036.98387689685,326033.43045871827
2024-12-26 12:30:00,326056.82054525387,326033.46936375
2024-12-26 16:30:00,326053.3572525303,326033.578059915
2024-12-26 20:30:00,326061.3889438563,326033.69341814343
2024-12-27 00:30:00,326066.1813879197,326033.7684855535
2024-12-27 04:30:00,326017.48805695376,326033.68369747594
2024-12-27 08:30:00,326012.3515852904,326033.60682769364
2024-12-27 12:30:00,326042.6395480152,326033.46031525027
2024-12-27 16:30:00,326035.11521378206,326033.4261246979
2024-12-27 20:30:00,326003.5143615669,326033.29956897924
2024-12-28 00:30:00,326013.7791776654,326033.2899929905
2024-12-28 04:30:00,326017.30366181576,326033.3300920456
2024-12-28 08:30:00,326040.81079532736,326033.4793576981
2024-12-28 12:30:00,326078.2943551584,326033.5744522582
2024-12-28 16:30:00,326044.29632764705,326033.6678101119
2024-12-28 20:30:00,326041.68305799365,326033.76957456704
2024-12-29 00:30:00,326023.7897112784,326033.72270770336
2024-12-29 04:30:00,325996.96513700846,326033.7045336135
2024-12-29 08:30:00,326016.824282079,326033.53970135463
2024-12-29 12:30:00,326023.14088534645,326033.20195813186
2024-12-29 16:30:00,326034.43879235076,326033.15328510024
2024-12-29 20:30:00,326035.6416319903,326033.18985586124
2024-12-30 00:30:00,326043.7387423427,326033.22490955563
2024-12-30 04:30:00,326034.2868298676,326033.2676286457
2024-12-30 08:30:00,326024.6861605802,326033.30410934443
2024-12-30 12:30:00,326041.5156425845,326033.22701975505
2024-12-30 16:30:00,326049.64824075124,326033.2921252579
2024-12-30 20:30:00,326003.58403177565,326033.1451953412
2024-12-31 00:30:00,326038.6341578952,326033.11607062165
2024-12-31 04:30:00,326036.72415866505,326033.0689042354
2024-12-31 08:30:00,326023.0678917762,326033.0186869131
2024-12-31 12:30:00,326024.3579165041,326032.9321906738
2024-12-31 16:30:00,326052.70400523266,326033.08479620307
2024-12-31 20:30:00,326034.7864187869,326033.1467129644
2025-01-01 00:30:00,326022.1290250865,326033.0377160327
2025-01-01 04:30:00,326044.75224989455,326033.2830187494
2025-01-01 08:30:00,326010.26514980034,326033.32370499027
2025-01-01 12:30:00,326025.51964056847,326033.10778266686
2025-01-01 16:30:00,326038.47555889457,326032.88276326563
2025-01-01 20:30:00,326006.2954827382,326032.7662762217
2025-01-02 00:30:00,326000.51558055996,326032.6025863293
2025-01-02 04:30:00,326030.0551253551,326032.63220158144
2025-01-02 08:30:00,326011.3459517656,326032.6233548927
2025-01-02 12:30:00,326043.29514678445,326032.7006518194
2025-01-02 16:30:00,326076.74984767457,326032.9509214319
2025-01-02 20:30:00,326015.1516474799,326032.9340290237
2025-01-03 00:30:00,326027.2743971651,326032.88432604127
2025-01-03 04:30:00,326046.1314324147,326033.0829877046
2025-01-03 08:30:00,326031.0913230833,326033.17751423584
2025-01-03 12:30:00,326025.13642269943,326032.91919354093
2025-01-03 16:30:00,326053.61858459876,326032.7835701
2025-01-03 20:30:00,326059.4869596481,326033.0005701728
2025-01-04 00:30:00,326044.5375903939,326033.01950024307
2025-01-04 04:30:00,326051.86706209433,326033.0533641654
2025-01-04 08:30:00,326040.7222374067,326033.1769290983
2025-01-04 12:30:00,326037.3828283464,326033.2106793191
2025-01-04 16:30:00,326067.3879960024,326033.3847885478
2025-01-04 20:30:00,326026.61287155433,326033.33980163577
2025-01-05 00:30:00,326015.40303608566,326033.1589480106
2025-01-05 04:30:00,326036.1000865629,326033.14194773906
2025-01-05 08:30:00,326062.1177840468,326033.4124452911
2025-01-05 12:30:00,326043.2801068813,326033.5334675574
2025-01-05 16:30:00,326051.84741288854,326033.5117928212
2025-01-05 20:30:00,326065.22356866405,326033.7470583987
2025-01-06 00:30:00,326023.01459415787,326033.6956632166
2025-01-06 04:30:00,326029.32135636563,326033.6825872479
2025-01-06 08:30:00,326044.7482291728,326033.7375993765
2025-01-06 12:30:00,326036.68434108025,326033.73050992517
2025-01-06 16:30:00,326051.4203238441,326033.78100390686
2025-01-06 20:30:00,326038.1442135334,326033.7870444963
2025-01-07 00:30:00,326028.12136461755,326033.7707404274
2025-01-07 04:30:00,326030.77709954133,326033.60809583444
2025-01-07 08:30:00,326041.8697744043,326033.6181069387
2025-01-07 12:30:00,326040.3351174132,326033.61886829074
2025-01-07 16:30:00,326045.9686614999,326033.4779465625
2025-01-07 20:30:00,326038.29771791876,326033.50888194045
2025-01-08 00:30:00,326020.2849498457,326033.5044028151
2025-01-08 04:30:00,326049.9347503687,326033.5793783093
2025-01-08 08:30:00,326066.7015233806,326033.7150287461
2025-01-08 12:30:00,326040.8037133634,326033.6318449075
2025-01-08 16:30:00,326034.7795721219,326033.533963507
2025-01-08 20:30:00,326056.87435138255,326033.6473137301
2025-01-09 00:30:00,326043.8397126499,326033.6570505966
2025-01-09 04:30:00,326016.788468451,326033.44039478997
2025-01-09 08:30:00,326031.14226916357,326033.256897749
2025-01-09 12:30:00,326034.52342604985,326033.1940616433
2025-01-09 16:30:00,326031.48613571125,326033.16484435543
2025-01-09 20:30:00,326015.3114993665,326033.04043240123
2025-01-10 00:30:00,326046.54846387665,326033.0854174311
2025-01-10 04:30:00,326045.7163616755,326033.19742300507
2025-01-10 08:30:00,326029.4860165066,326033.04092969466
2025-01-10 12:30:00,326008.7659089084,326032.88822278276
2025-01-10 16:30:00,326015.06341708684,326032.8336312749
2025-01-10 20:30:00,326023.65707522247,326032.80771562684
2025-01-11 00:30:00,326016.2276696808,326032.76700771623
2025-01-11 04:30:00,326010.9202568861,326032.59033282095
2025-01-11 08:30:00,326027.50334192207,326032.48819021316
2025-01-11 12:30:00,326070.85211731144,326032.64559648035
2025-01-11 16:30:00,326057.49185932206,326032.7919496356
2025-01-11 20:30:00,326008.4075902309,326032.6806229063
2025-01-12 00:30:00,326021.1750475941,326032.6099888571
2025-01-12 04:30:00,326026.68258121476,326032.554665278
2025-01-12 08:30:00,326019.9382965594,326032.5094905521
2025-01-12 12:30:00,326000.6470402495,326032.3003594232
2025-01-12 16:30:00,325999.16917056066,326032.22228800115
2025-01-12 20:30:00,326016.46345709794,326032.2210136831
2025-01-13 00:30:00,326042.5934848495,326032.4646041221
2025-01-13 04:30:00,326022.26156893926,326032.539754124
2025-01-13 08:30:00,326008.6965396357,326032.4562598383
2025-01-13 12:30:00,326066.96521132265,326032.394377025
2025-01-13 16:30:00,326079.508835236,326032.68383910775
2025-01-13 20:30:00,326040.5870015705,326032.96421607054
2025-01-14 00:30:00,326036.2063577662,326033.23686205555
2025-01-14 04:30:00,326046.3071227536,326033.560087624
2025-01-14 08:30:00,326030.94867844926,326033.5174251968
2025-01-14 12:30:00,326030.26972337626,326033.29534989386
2025-01-14 16:30:00,325975.55486337293,326032.94890459644
2025-01-14 20:30:00,325988.0393785595,326032.65717528854
2025-01-15 00:30:00,326001.9208774566,326032.54355784936
2025-01-15 04:30:00,326023.0228361199,326032.553816767
2025-01-15 08:30:00,326010.4019701584,326032.4349399906
2025-01-15 12:30:00,326044.0423029459,326032.4282160439
2025-01-15 16:30:00,326090.86623535585,326032.69166284514
2025-01-15 20:30:00,326051.0519564159,326032.8295673334
2025-01-16 00:30:00,325997.97083611035,326032.7990075621
2025-01-16 04:30:00,326031.25508667907,326032.8362840515
2025-01-16 08:30:00,326043.5226246017,326032.9184269147
2025-01-16 12:30:00,326042.7544706789,326032.9667727018
2025-01-16 16:30:00,325993.0720479655,326032.4472805923
2025-01-16 20:30:00,325986.9977309737,326032.1386744106
2025-01-17 00:30:00,326020.11896124814,326032.34438365937
2025-01-17 04:30:00,326020.3596279619,326032.41397993924
2025-01-17 08:30:00,326018.1133763555,326032.41860893706
2025-01-17 12:30:00,326039.12506900367,326032.54665464687
2025-01-17 16:30:00,326065.533494118,326032.50695248315
2025-01-17 20:30:00,326049.9207085588,326032.59719634504
2025-01-18 00:30:00,326018.24004321813,326032.5492442694
2025-01-18 04:30:00,326066.5587359797,326032.6653189201
2025-01-18 08:30:00,326032.5980802454,326032.72536528436
2025-01-18 12:30:00,326040.3893166485,326032.8514173526
2025-01-18 16:30:00,326026.3598760555,326032.7006065177
2025-01-18 20:30:00,326018.1338555686,326032.69584343454
2025-01-19 00:30:00,326012.05901932187,326032.80071627453
2025-01-19 04:30:00,326015.7543241259,326032.78772580856
2025-01-19 08:30:00,326011.72866423347,326032.69518574164
2025-01-19 12:30:00,326049.8199752169,326032.93318147847
2025-01-19 16:30:00,326054.4773174725,326032.82926787087
2025-01-19 20:30:00,326014.678567048,326032.667080604
2025-01-20 00:30:00,325980.5151888657,326032.44051651395
2025-01-20 04:30:00,326047.9109721324,326032.5219322304
2025-01-20 08:30:00,326065.2011986806,326032.7014465464
2025-01-20 12:30:00,326035.55922090134,326032.74408014247
2025-01-20 16:30:00,326027.8674127459,326032.45807073766
2025-01-20 20:30:00,326032.7591342547,326032.4374118854
2025-01-21 00:30:00,325999.5499714703,326032.26874064765
2025-01-21 04:30:00,326023.8756346363,326032.1639288206
2025-01-21 08:30:00,326029.33037096186,326032.0775164623
2025-01-21 12:30:00,326039.7414106089,326032.06052429794
2025-01-21 16:30:00,326043.77519281016,326032.0835499426
2025-01-21 20:30:00,326006.88432423223,326031.87737523287
2025-01-22 00:30:00,326001.1978346222,326031.6503308012
2025-01-22 04:30:00,326047.48910101346,326031.7063679346
2025-01-22 08:30:00,326081.28516555234,326032.0637537445
2025-01-22 12:30:00,326017.10825201246,326032.1256769636
2025-01-22 16:30:00,326006.8442249957,326032.0058400018
2025-01-22 20:30:00,326048.4577515784,326032.08650201734
2025-01-23 00:30:00,326058.91279171547,326032.3319839213
2025-01-23 04:30:00,326045.42102803657,326032.60144300887
2025-01-23 08:30:00,326036.76929675596,326032.67124075844
2025-01-23 12:30:00,326036.1946393572,326032.7367356221
2025-01-23 16:30:00,326048.89360460767,326033.0300037115
2025-01-23 20:30:00,326025.1632291879,326033.09959676577
2025-01-24 00:30:00,326002.5937224039,326032.9660707899
2025-01-24 04:30:00,326018.00399603735,326033.0863752797
2025-01-24 08:30:00,326093.9754092198,326033.6089884909
2025-01-24 12:30:00,326038.71804604813,326033.42388218374
2025-01-24 16:30:00,326012.41838934674,326033.19274974347
2025-01-24 20:30:00,326026.63135713857,326032.9121484009
2025-01-25 00:30:00,326030.74479026825,326032.85869082226
2025-01-25 04:30:00,326011.2731279116,326032.70031262626
2025-01-25 08:30:00,326014.7567734719,326032.5768287183
2025-01-25 12:30:00,326047.0723212748,326032.5226719184
2025-01-25 16:30:00,326056.796956568,326032.5417813853
2025-01-25 20:30:00,326010.2213889781,326032.2575171915
2025-01-26 00:30:00,325998.6167219567,326031.88215793617
2025-01-26 04:30:00,326037.6571332145,326031.9942083599
2025-01-26 08:30:00,326036.879347136,326032.13047370344
2025-01-26 12:30:00,326059.50923537475,326032.2241941887
2025-01-26 16:30:00,326019.4957691105,326032.13741949614
2025-01-26 20:30:00,326027.3327476048,326032.2697438631
2025-01-27 00:30:00,326006.15342202224,326032.22737855394
2025-01-27 04:30:00,326012.53795120504,326032.20090238383
2025-01-27 08:30:00,325974.29059093323,326031.83134569274
2025-01-27 12:30:00,326020.0072152855,326031.507528249
2025-01-27 16:30:00,326069.3680066446,326031.6468153546
2025-01-27 20:30:00,326025.57827514,326031.55734433874
2025-01-28 00:30:00,326026.6311379327,326031.5731300424
2025-01-28 04:30:00,326036.5944038971,326031.7932926362
2025-01-28 08:30:00,326038.8998116118,326031.91593446693
2025-01-28 12:30:00,326062.53001435497,326032.1347629614
2025-01-28 16:30:00,326037.56861937116,326032.1521508893
2025-01-28 20:30:00,326012.9277772273,326032.0259628073
2025-01-29 00:30:00,326012.3016513962,326031.85131230205
2025-01-29 04:30:00,326001.2108973226,326031.66755712125
2025-01-29 08:30:00,325999.10467759863,326031.52543777134
2025-01-29 12:30:00,326043.03808110533,326031.5338957631
2025-01-29 16:30:00,326072.7499707278,326031.6622387074
2025-01-29 20:30:00,326044.32822793804,326031.88859535276
2025-01-30 00:30:00,325999.559782979,326031.6715154921
2025-01-30 04:30:00,326040.9486006435,326031.6949846142
2025-01-30 08:30:00,326028.59658485814,326031.72569957585
2025-01-30 12:30:00,326058.81195305166,326031.9171108899
2025-01-30 16:30:00,326021.84616217366,326031.7456784285
2025-01-30 20:30:00,326008.61682090606,326031.6002917737
2025-01-31 00:30:00,326025.5747694806,326031.619434798
2025-01-31 04:30:00,326035.6602070199,326031.5689234487
2025-01-31 08:30:00,326016.7407853526,326031.6048992018
2025-01-31 12:30:00,326010.7658641916,326031.5229337775
2025-01-31 16:30:00,326073.3486822797,326031.7166733519
2025-01-31 20:30:00,326023.5770442889,326031.8126820271
2025-02-01 00:30:00,326002.8994643493,326031.825925826
2025-02-01 04:30:00,326012.204009933,326031.7267529625
2025-02-01 08:30:00,326000.7688202651,326031.66799112083
2025-02-01 12:30:00,326044.0623126588,326031.67225315346
2025-02-01 16:30:00,326018.2977896936,326031.34751949797
2025-02-01 20:30:00,326014.19196632376,326031.342187936
2025-02-02 00:30:00,325999.6273090953,326031.18859300227
2025-02-02 04:30:00,326054.20394552196,326031.2334402973
2025-02-02 08:30:00,326039.1429149944,326031.2781713635
2025-02-02 12:30:00,326037.89955675404,326031.3490776638
2025-02-02 16:30:00,326076.0762776739,326031.47384262533
2025-02-02 20:30:00,326071.16945877916,326031.5387453983
2025-02-03 00:30:00,326024.94870398345,326031.4299182516
2025-02-03 04:30:00,326061.7171716603,326031.48464108247
2025-02-03 08:30:00,326023.6151908259,326031.3896019349
2025-02-03 12:30:00,326061.2685691737,326031.52230049495
2025-02-03 16:30:00,326043.3097383451,326031.38853239693
2025-02-03 20:30:00,326038.0960007851,326031.45232755924
2025-02-04 00:30:00,326027.3465203279,326031.5186802495
2025-02-04 04:30:00,326034.16394244676,326031.50792389334
2025-02-04 08:30:00,326008.49742175726,326031.2100329917
2025-02-04 12:30:00,326031.1767499706,326031.14279211994
2025-02-04 16:30:00,326062.97404992743,326031.2046067702
2025-02-04 20:30:00,326031.6632485342,326031.01816054725
2025-02-05 00:30:00,326016.25220836175,326030.98059173726
2025-02-05 04:30:00,326046.6991183308,326031.07713485934
2025-02-05 08:30:00,326021.73548009933,326030.9492862533
2025-02-05 12:30:00,326019.3336890603,326030.85289374215
2025-02-05 16:30:00,326035.49379647395,326030.7644130345
2025-02-05 20:30:00,326010.9082649261,326030.6131022088
2025-02-06 00:30:00,326003.43836645223,326030.47597444133
2025-02-06 04:30:00,326009.20619311684,326030.35613607225
2025-02-06 08:30:00,325990.34781747835,326030.06990297826
2025-02-06 16:30:00,326039.87649702857,326029.9785209732
2025-02-06 20:30:00,326072.43560644495,326030.16923543427
2025-02-07 00:30:00,326029.37054381554,326030.21999294247
2025-02-07 04:30:00,326019.5559779461,326030.05027913005
2025-02-07 08:30:00,326015.1957478234,326029.7625373671
2025-02-07 12:30:00,326057.0863519567,326029.8535018285
2025-02-07 16:30:00,326029.32891477464,326029.8230512289
2025-02-08 04:30:00,326046.85055199114,326029.7608711269
2025-02-08 08:30:00,326047.8397768553,326029.8552073286
2025-02-08 20:30:00,326015.28160373296,326029.81904137006
2025-02-09 00:30:00,326027.08305387216,326029.70781045576
2025-02-09 04:30:00,326024.67765394604,326029.5875892688
2025-02-09 08:30:00,326027.5355457852,326029.5764437217
2025-02-09 12:30:00,326020.3907815009,326029.6428715652
2025-02-10 00:30:00,326043.4516075019,326029.91910964984
2025-02-10 04:30:00,326030.9702676213,326030.03500566556
2025-02-10 08:30:00,326023.99235861335,326030.0147109644
2025-02-10 12:30:00,326045.5089450364,326029.8682186391
2025-02-10 16:30:00,326021.7339288452,326029.66152539937
2025-02-11 00:30:00,326036.8650333829,326029.87631563743
2025-02-11 04:30:00,326031.5367611297,326029.90453761374
2025-02-11 08:30:00,326050.1294921623,326030.0800678207
2025-02-11 12:30:00,326053.1040395663,326030.3850503749
2025-02-11 16:30:00,326025.20406777505,326030.53641605645
2025-02-11 20:30:00,326013.75060721365,326030.5206436733
2025-02-12 00:30:00,326028.2551606664,326030.4372813234
2025-02-12 04:30:00,326026.74927543756,326030.4633726403
2025-02-12 08:30:00,326019.66105140926,326030.5271198018
2025-02-12 12:30:00,326032.7692288697,326030.32830595033
2025-02-12 16:30:00,326038.6408137013,326030.09070117393
2025-02-13 00:30:00,326029.0643310773,326029.9875530623
2025-02-13 04:30:00,326037.3841646382,326029.9353720207
2025-02-13 08:30:00,326044.75952424266,326030.01613720076
2025-02-13 12:30:00,326041.58401722787,326030.0823026619
2025-02-13 16:30:00,326032.2692453241,326030.4139657142
2025-02-13 20:30:00,326001.4259430195,326030.49224971695
2025-02-14 00:30:00,326018.18008186657,326030.5873327837
2025-02-14 04:30:00,326032.2679462534,326030.64139775524
2025-02-14 08:30:00,326031.33642005385,326030.7638214389
2025-02-14 12:30:00,326036.383642877,326030.71903395304
2025-02-14 16:30:00,326058.70073170954,326030.53093159257
2025-02-14 20:30:00,325996.84892282233,326030.21395478793
2025-02-15 00:30:00,326020.17658217024,326030.343812952
2025-02-15 04:30:00,326026.55120101053,326030.31630484865
2025-02-15 08:30:00,326020.447073457,326030.1813601051
2025-02-15 12:30:00,326021.59659292165,326030.0576298259
2025-02-15 16:30:00,326029.340250508,326030.26972457755
2025-02-15 20:30:00,326021.321062973,326030.47044581734
2025-02-16 00:30:00,326023.134413973,326030.48808004375
2025-02-16 04:30:00,326033.6448630344,326030.56577147695
2025-02-16 08:30:00,326040.5749812954,326030.6971258918
2025-02-16 12:30:00,326035.75023404753,326030.67739001487
2025-02-16 16:30:00,326052.3253631301,326030.6001494827
2025-02-16 20:30:00,326034.3870755611,326030.5093095237
2025-02-17 00:30:00,326040.2459816919,326030.6379992223
2025-02-17 04:30:00,326048.9970790813,326030.5352994744
2025-02-17 08:30:00,326038.43648660555,326030.56944220164
2025-02-17 12:30:00,326014.0656977266,326030.41550290975
2025-02-17 16:30:00,326048.99223257985,326030.5478558719
2025-02-17 20:30:00,326020.7243040622,326030.5630046935
2025-02-18 00:30:00,326006.16692861315,326030.5285480227
2025-02-18 04:30:00,326013.114865992,326030.513112595
2025-02-18 08:30:00,326011.8579960959,326030.51386892167
2025-02-18 12:30:00,326035.11585263227,326030.42787990073
2025-02-18 16:30:00,326043.2599499004,326030.3622812599
2025-02-18 20:30:00,326042.76336828206,326030.5265198637
2025-02-19 00:30:00,326011.7546593713,326030.70920682565
2025-02-19 04:30:00,326030.574136588,326030.60782182246
2025-02-19 08:30:00,326058.46302611456,326030.56841730454
2025-02-19 12:30:00,325992.5859841906,326030.3171118267
2025-02-19 16:30:00,326022.0371849044,326030.283016927
2025-02-19 20:30:00,325999.18985397724,326030.0867053465
2025-02-20 00:30:00,326001.09072778036,326030.0957156173
2025-02-20 04:30:00,326004.0135340322,326029.97956298216
2025-02-20 08:30:00,326047.03547638404,326030.0831016104
2025-02-20 12:30:00,326010.54544673814,326029.9123649796
2025-02-20 16:30:00,326010.09153422154,326029.71538451995
2025-02-20 20:30:00,326049.0518595802,326029.96197829396
2025-02-21 00:30:00,326040.18125987385,326030.189951541
2025-02-21 04:30:00,326025.48713715974,326030.06128508574
2025-02-21 08:30:00,326056.2093289366,326029.91464276635
2025-02-21 12:30:00,326042.1972473488,326030.0613620374
2025-02-21 16:30:00,326039.3799419058,326030.25162938767
2025-02-21 20:30:00,326021.10822316154,326030.091690625
2025-02-22 00:30:00,325993.86140390445,326029.7112731524
2025-02-22 04:30:00,326025.719284289,326029.59605827666
2025-02-22 08:30:00,326047.5039770505,326029.6588341849
2025-02-22 12:30:00,326048.4623283369,326029.7305750561
2025-02-22 16:30:00,326014.01051654853,326029.5265803891
2025-02-22 20:30:00,326000.0283766887,326029.37959294755
2025-02-23 00:30:00,326024.3694210376,326029.50693621446
2025-02-23 04:30:00,326032.4212481223,326029.59124763013
2025-02-23 08:30:00,326046.7954006302,326029.3153411471
2025-02-23 12:30:00,326024.68842389446,326029.23329657316
2025-02-23 16:30:00,326022.06356514466,326029.28970111
2025-02-23 20:30:00,326043.4411412243,326029.3880039409
2025-02-24 00:30:00,326041.20326425944,326029.44916460745
2025-02-24 04:30:00,326014.0070147187,326029.4651522497
2025-02-24 08:30:00,326060.97901832283,326029.7354577751
2025-02-24 12:30:00,326055.00041162857,326029.78182087664
2025-02-24 16:30:00,325992.029842278,326029.40306582226
2025-02-24 20:30:00,326000.5990131835,326029.34679461876
2025-02-25 00:30:00,326046.2090798303,326029.6251125011
2025-02-25 04:30:00,326038.63828523294,326029.63085023215
2025-02-25 08:30:00,326051.7338319876,326029.7177185647
2025-02-25 12:30:00,326027.3029013472,326029.52937743
2025-02-25 16:30:00,325997.0327374514,326029.39801467175
2025-02-25 20:30:00,325987.60614934185,326029.1656953836
2025-02-26 00:30:00,326014.6188431775,326029.2152007705
2025-02-26 04:30:00,326019.71024462703,326029.25714400696
2025-02-26 08:30:00,326036.6520471021,326029.6218308851
2025-02-26 12:30:00,326089.8049301587,326030.03000465635
2025-02-26 16:30:00,326034.5462445631,326029.8263686207
2025-02-26 20:30:00,325994.882267833,326029.6468598061
2025-02-27 00:30:00,326049.17714914284,326029.77870782476
2025-02-27 04:30:00,326047.990992899,326029.84535454406
2025-02-27 08:30:00,326053.63722946594,326029.9315382743
2025-02-27 12:30:00,326053.31025030214,326029.87762152543
2025-02-27 16:30:00,326022.5308337111,326029.7896812584
2025-02-27 20:30:00,326011.98251774616,326029.7841534252
2025-02-28 00:30:00,326047.0084856044,326029.9871173679
2025-02-28 04:30:00,326052.92422790435,326030.2895345058
2025-02-28 08:30:00,326030.8343444444,326030.47508811316
2025-02-28 12:30:00,326077.1996499997,326030.6748633698
2025-02-28 16:30:00,326066.81172069086,326030.6401367614
2025-02-28 20:30:00,325997.34281350445,326030.3653682559
2025-03-01 00:30:00,326022.9248694225,326030.5020061884
2025-03-01 04:30:00,326043.73638894915,326030.51830904395
2025-03-01 08:30:00,326023.80973707215,326030.4903157821
2025-03-01 12:30:00,325998.22713356634,326030.1360185921
2025-03-01 16:30:00,326025.1484906034,326030.1553304542
2025-03-01 20:30:00,326025.0021690217,326030.25115120347
2025-03-02 00:30:00,326007.5794605928,326030.14591547893
2025-03-02 04:30:00,326020.6898714292,326030.0583696568
2025-03-02 08:30:00,325987.64679135656,326029.8882293411
2025-03-02 12:30:00,326022.41262815084,326029.95633907174
2025-03-02 16:30:00,326081.6914472761,326030.0051271712
2025-03-02 20:30:00,326003.4808125196,326029.88760534796
2025-03-03 00:30:00,325994.19326236245,326029.836691886
2025-03-03 04:30:00,326054.17642319214,326030.0821445952
2025-03-03 08:30:00,325991.0077273396,326030.0250621804
2025-03-03 12:30:00,326007.7143055794,326029.81250073545
2025-03-03 16:30:00,326048.70758758293,326029.9903358109
2025-03-03 20:30:00,326022.1134649264,326030.0366603641
2025-03-04 00:30:00,326022.96999813296,326030.1731673176
2025-03-04 04:30:00,326032.8588921413,326030.048342444
2025-03-04 08:30:00,325998.9181566825,326029.8131099392
2025-03-04 12:30:00,326017.49681352044,326029.6937956513
2025-03-04 16:30:00,326039.7495824267,326029.481358837
2025-03-04 20:30:00,326040.3515934545,326029.3011374024
2025-03-05 00:30:00,326005.7413076861,326029.1888134474
2025-03-05 04:30:00,326069.2745183822,326029.2330084575
2025-03-05 08:30:00,326050.3687529658,326029.38946203724
2025-03-05 12:30:00,325985.1033265637,326028.94405126176
2025-03-05 16:30:00,326028.9885678592,326028.86030172673
2025-03-05 20:30:00,326049.30366198084,326028.9258436051
2025-03-06 00:30:00,326039.6332170846,326028.99769563286
2025-03-06 04:30:00,326046.3459499273,326029.0689354427
2025-03-06 08:30:00,326029.5729273692,326029.19218401355
2025-03-06 12:30:00,325992.2983569034,326028.9648249898
2025-03-06 16:30:00,326042.62946111755,326028.8458507862
2025-03-06 20:30:00,326072.72293251887,326029.08596589725
2025-03-07 00:30:00,326056.4894400143,326029.3212713454
2025-03-07 04:30:00,326071.7539679826,326029.467790934
2025-03-07 08:30:00,326054.21242179006,326029.65771456977
2025-03-07 12:30:00,325998.02464020485,326029.53310024884
2025-03-07 16:30:00,326034.8975683248,326029.5296135346
2025-03-07 20:30:00,326053.37321497384,326029.77794657584
2025-03-08 00:30:00,326029.56169227726,326029.93071456306
2025-03-08 04:30:00,326033.4988485811,326030.07277687575
2025-03-08 08:30:00,326050.0750554247,326030.422058969
2025-03-08 12:30:00,326033.8820457006,326030.4421751709
2025-03-08 16:30:00,326039.24941100477,326030.438529322
2025-03-08 20:30:00,326077.07192091364,326030.46548463864
2025-03-09 00:30:00,326074.98768168566,326030.7307005565
2025-03-09 04:30:00,326055.0648406722,326030.9371474328
2025-03-09 08:30:00,326060.7564097413,326031.20203500206
2025-03-09 12:30:00,326023.5726751201,326031.00718804373
2025-03-09 16:30:00,326001.29783994623,326030.84421667847
2025-03-09 20:30:00,326021.86594998784,326030.7923191831
2025-03-10 00:30:00,326049.47743704036,326030.8997049179
2025-03-10 04:30:00,326019.6797912805,326030.7435511207
2025-03-10 08:30:00,326034.1710436155,326030.66499518254
2025-03-10 12:30:00,326052.9981939278,326030.7926134611
2025-03-10 16:30:00,326029.2028335976,326030.78358062095
2025-03-10 20:30:00,326067.2427636921,326031.07881448435
2025-03-11 00:30:00,326058.56655970425,326031.2576980403
2025-03-11 04:30:00,326008.3177121467,326031.1647438255
2025-03-11 08:30:00,326056.98586330336,326031.332075175
2025-03-11 12:30:00,326057.92002800514,326031.5453095302
2025-03-11 16:30:00,325982.0337296876,326031.26558309037
2025-03-11 20:30:00,326016.1901400937,326031.18088959035
2025-03-12 00:30:00,326066.31066645234,326031.30931126984
2025-03-12 04:30:00,326058.7979326565,326031.46564646676
2025-03-12 08:30:00,326041.0552665374,326031.56150550005
2025-03-12 12:30:00,326077.88732284296,326031.743406499
2025-03-12 16:30:00,326033.0640014153,326031.807058592
2025-03-12 20:30:00,326023.36953202693,326031.75992157205
2025-03-13 00:30:00,326040.988591257,326031.78295820823
2025-03-13 04:30:00,326033.8025139738,326031.79561604536
2025-03-13 08:30:00,326053.70791924413,326031.8156072581
2025-03-13 12:30:00,326083.87979571655,326031.98753885675
2025-03-13 16:30:00,326017.7565975328,326031.9459328777
2025-03-13 20:30:00,325991.50064054097,326031.821631388
2025-03-14 00:30:00,326056.1989329672,326031.9777418477
2025-03-14 04:30:00,326027.7339344427,326031.98324273597
2025-03-14 08:30:00,325990.54970451223,326031.8206095131
2025-03-14 12:30:00,326070.0350663511,326032.0287985493
2025-03-14 16:30:00,326051.45913146914,326032.1004092631
2025-03-14 20:30:00,326012.5636840375,326031.9918719007
2025-03-15 00:30:00,326047.56187239406,326032.0946360192
2025-03-15 04:30:00,326023.08912326646,326032.01521912264
2025-03-15 08:30:00,326020.72433485114,326031.8816902927
2025-03-15 12:30:00,326029.1957718335,326031.81286670716
2025-03-15 16:30:00,326005.18048684887,326031.66237360454
2025-03-15 20:30:00,326001.1108693706,326031.6606231954
2025-03-16 00:30:00,326056.6412259006,326031.87429621787
2025-03-16 04:30:00,326047.951405904,326031.9614265492
2025-03-16 08:30:00,325990.08472254657,326031.7322504519
2025-03-16 12:30:00,326049.2861278845,326031.80393092416
2025-03-16 16:30:00,326063.93780342,326031.833025767
2025-03-16 20:30:00,326018.4237758564,326031.9528860617
2025-03-17 00:30:00,326032.33366802265,326032.0204254275
2025-03-17 04:30:00,326052.2025614023,326032.16293298523
2025-03-17 08:30:00,326026.8127722824,326032.19829797867
2025-03-17 12:30:00,326048.89041904465,326032.34993034607
2025-03-17 16:30:00,326041.85199785547,326032.4194400535
2025-03-17 20:30:00,326050.40289035835,326032.5810057613
2025-03-18 00:30:00,326066.23374792776,326032.8204465054
2025-03-18 04:30:00,326056.6405143906,326032.9482001241
2025-03-18 08:30:00,326012.0261077867,326032.7895952713
2025-03-18 12:30:00,326018.61194085743,326032.69438253134
2025-03-18 16:30:00,326071.9704374673,326032.8035218332
2025-03-18 20:30:00,326045.0724678135,326032.86288512347
2025-03-19 00:30:00,326037.45990887686,326032.84740694123
2025-03-19 04:30:00,326066.63973944786,326032.94542172103
2025-03-19 08:30:00,326022.4370177483,326032.8565357829
2025-03-19 12:30:00,326045.5338571359,326033.0313588907
2025-03-19 16:30:00,326043.8220358184,326033.0026355753
2025-03-19 20:30:00,326062.7281504385,326033.2359902775
2025-03-20 00:30:00,326038.28007220535,326033.4143966308
2025-03-20 04:30:00,326044.05441006174,326033.5862829867
2025-03-20 08:30:00,326029.31875926285,326033.68328722654
2025-03-20 12:30:00,326015.6046205728,326033.57489149284
2025-03-20 16:30:00,326058.5433409379,326033.6597992208
2025-03-20 20:30:00,326030.8072248684,326033.59337620187
2025-03-21 00:30:00,326024.09639965283,326033.66194142564
2025-03-21 04:30:00,326053.52304769045,326033.7894353763
2025-03-21 08:30:00,326035.394991472,326033.6612796282
2025-03-21 12:30:00,326026.84227209276,326033.8515923388
2025-03-21 16:30:00,326046.73655800684,326033.9888110783
2025-03-21 20:30:00,326077.62819321855,326034.42457962956
2025-03-22 00:30:00,326048.6284184733,326034.6886779112
2025-03-22 04:30:00,326043.48448492493,326034.9079609717
2025-03-22 08:30:00,326038.5744409173,326034.8609552191
2025-03-22 12:30:00,326021.7370290497,326034.9231306764
2025-03-22 16:30:00,326040.3780215205,326035.0913889392
2025-03-22 20:30:00,326059.68478142173,326035.15046072716
2025-03-23 00:30:00,326041.84528808866,326035.1597053284
2025-03-23 04:30:00,326062.51984794706,326035.3654426106
2025-03-23 08:30:00,326032.60652588157,326035.2343159269
2025-03-23 12:30:00,325989.86883320654,326034.94360251504
2025-03-23 16:30:00,326039.87202602846,326034.94633631565
2025-03-23 20:30:00,326066.74832022603,326035.1998924105
2025-03-24 00:30:00,326062.0892815947,326035.57893617544
2025-03-24 04:30:00,326059.6493242164,326035.76743639726
2025-03-24 08:30:00,326066.40303281386,326035.8724311515
2025-03-24 12:30:00,326000.77847208176,326035.60752083897
2025-03-24 16:30:00,326030.270497739,326035.6978540678
2025-03-24 20:30:00,326053.01241654303,326035.9922098448
2025-03-25 00:30:00,326037.1846473211,326036.06340554636
2025-03-25 04:30:00,326022.3906986655,326036.00768027164
2025-03-25 08:30:00,326049.2069322207,326036.02107766934
2025-03-25 12:30:00,326030.8381391031,326036.0552427538
2025-03-25 16:30:00,326026.9301328331,326036.082279241
2025-03-25 20:30:00,326050.24078191695,326036.1200550226
2025-03-26 00:30:00,326051.9707676475,326036.1798744859
2025-03-26 04:30:00,326036.2934677717,326036.30368811387
2025-03-26 08:30:00,326064.5573369432,326036.3235676618
2025-03-26 12:30:00,326046.67750663904,326036.27732930076
2025-03-26 16:30:00,325991.65818132967,326036.2752645177
2025-03-26 20:30:00,326031.8677097481,326036.44897949864
2025-03-27 00:30:00,326042.6032284174,326036.4289469908
2025-03-27 04:30:00,326035.67518618086,326036.4124853294
2025-03-27 08:30:00,326036.28834812355,326036.32667708566
2025-03-27 12:30:00,326051.5435439103,326036.4613473222
2025-03-27 16:30:00,326044.4474717387,326036.72476251266
2025-03-27 20:30:00,326031.2374860243,326036.9671588276
2025-03-28 00:30:00,326045.012187372,326037.1360107397
2025-03-28 04:30:00,326034.6780187404,326037.21916504035
2025-03-28 08:30:00,326043.4615809731,326037.2569957841
2025-03-28 12:30:00,326073.2044882982,326037.164771107
2025-03-28 16:30:00,326020.9711853501,326037.0893541115
2025-03-28 20:30:00,326034.6520239885,326037.31029720115
2025-03-29 00:30:00,326034.19183608604,326037.22704546206
2025-03-29 04:30:00,326018.3537496045,326037.06239411037
2025-03-29 08:30:00,326003.98373573413,326036.7865413674
2025-03-29 12:30:00,326023.9407010993,326036.62337720516
2025-03-29 16:30:00,326033.36896427657,326036.6835890417
2025-03-29 20:30:00,326022.319567252,326036.74101709446
2025-03-30 00:30:00,326039.36583207705,326036.69855790824
2025-03-30 04:30:00,326029.1673149969,326036.56657505874
2025-03-30 08:30:00,326023.30017017905,326036.524718535
2025-03-30 12:30:00,326053.03333542217,326036.3904612318
2025-03-30 16:30:00,326038.6468891995,326036.23398994573
2025-03-30 20:30:00,326034.01159487217,326036.43770539784
2025-03-31 00:30:00,326038.22098109114,326036.52268379595
2025-03-31 04:30:00,326023.70762007736,326036.41141285776
2025-03-31 08:30:00,326014.67163367645,326036.36064561666
2025-03-31 12:30:00,326040.6125250334,326036.59612001374
2025-03-31 16:30:00,326053.52500307566,326036.7537673052
2025-03-31 20:30:00,326047.65328833787,326036.87960685696
2025-04-01 00:30:00,326036.7382716819,326037.041600252
2025-04-01 04:30:00,326013.0083010024,326036.9989248607
2025-04-01 08:30:00,325997.19459747215,326037.05196822796
2025-04-01 12:30:00,326037.9338688548,326037.138197343
2025-04-01 16:30:00,326017.0508379477,326036.7790828467
2025-04-01 20:30:00,326028.7852355474,326036.91966297466
2025-04-02 00:30:00,326034.9041251399,326037.14583443454
2025-04-02 04:30:00,326056.5918662829,326037.1592535628
2025-04-02 08:30:00,326010.0610635281,326037.2651054305
2025-04-02 12:30:00,326023.62943893555,326037.3535228381
2025-04-02 16:30:00,326044.890499721,326037.3323167944
2025-04-02 20:30:00,326024.0830209577,326037.34325877234
2025-04-03 00:30:00,326010.9617539572,326037.27654630464
2025-04-03 04:30:00,326053.9078314753,326037.3934848566
2025-04-03 08:30:00,325988.22845175845,326037.334097607
2025-04-03 12:30:00,326026.9605350248,326037.3866738376
2025-04-03 16:30:00,326049.1607897187,326037.4389583225
2025-04-03 20:30:00,326053.38832456863,326037.5113846065
2025-04-04 00:30:00,326046.6241212022,326037.7385113482
2025-04-04 04:30:00,326042.27375616634,326037.5885071136
2025-04-04 08:30:00,326029.5352352247,326037.4727653485
2025-04-04 12:30:00,326029.4210178176,326037.7189747443
2025-04-04 16:30:00,326035.27547390264,326037.75390200014
2025-04-04 20:30:00,326040.7446229172,326037.7063517831
2025-04-05 00:30:00,326035.1430595151,326037.68140646326
2025-04-05 04:30:00,326050.98938266234,326037.7072033118
2025-04-05 08:30:00,326029.3189013932,326037.70579205645
2025-04-05 12:30:00,326018.8722534148,326037.85342481476
2025-04-05 16:30:00,326042.3638437056,326037.8519491625
2025-04-05 20:30:00,326043.19129912823,326037.6878845325
2025-04-06 00:30:00,326045.80317525676,326037.62851639505
2025-04-06 04:30:00,326050.475300457,326037.5103015754
2025-04-06 08:30:00,326065.79108412284,326037.57462747727
2025-04-06 12:30:00,326037.1555508172,326037.7920214251
2025-04-06 16:30:00,326049.25965813466,326037.8718108129
2025-04-06 20:30:00,326053.1006747617,326037.8702967007
2025-04-07 00:30:00,326050.3766122184,326037.9859351448
2025-04-07 04:30:00,326046.4867432761,326038.05809011526
2025-04-07 08:30:00,326056.5702375637,326038.09417446057
2025-04-07 12:30:00,326018.1631158791,326038.00684707257
2025-04-07 16:30:00,326047.7244530752,326038.0539306397
2025-04-07 20:30:00,326066.86913101474,326037.9972484736
2025-04-08 00:30:00,326053.47077648155,326037.8777101113
2025-04-08 04:30:00,326034.3058470654,326037.7623823691
2025-04-08 08:30:00,326066.55577717646,326037.794601077
2025-04-08 12:30:00,326049.74994759756,326037.9400303686
2025-04-08 16:30:00,326028.3597509736,326038.09037431877
2025-04-08 20:30:00,326054.11429390067,326038.2695317849
2025-04-09 00:30:00,326057.3603897876,326038.3133259668
2025-04-09 04:30:00,326060.43888335605,326038.5397653673
2025-04-09 08:30:00,326047.2341462433,326038.61233815964
2025-04-09 12:30:00,326035.97950082994,326038.5177898647
2025-04-09 16:30:00,326050.0246563446,326038.6334666578
2025-04-09 20:30:00,326061.51651711855,326038.6016541767
2025-04-10 00:30:00,326036.64801866555,326038.4798845043
2025-04-10 04:30:00,326053.99711439,326038.7336589612
2025-04-10 08:30:00,326056.3140429788,326038.7299266261
2025-04-10 12:30:00,326080.07434121234,326038.8530061439
2025-04-10 16:30:00,326010.33456736157,326039.0102330199
2025-04-10 20:30:00,326012.4457930919,326038.9894310921
2025-04-11 00:30:00,326021.0539995166,326038.73800516466
2025-04-11 04:30:00,326033.3200074313,326038.59646113566
2025-04-11 08:30:00,326043.81763588876,326038.611807632
2025-04-11 12:30:00,326052.22372669773,326038.46923209785
2025-04-11 16:30:00,326043.44311964826,326038.5268938658
2025-04-11 20:30:00,326062.2290792083,326038.7427802391
2025-04-12 00:30:00,326066.5895789925,326038.88500794873
2025-04-12 04:30:00,326018.99954576796,326038.80276923644
2025-04-12 08:30:00,326040.9992933257,326038.73216575914
2025-04-12 12:30:00,326069.25043185736,326038.6508915155
2025-04-12 16:30:00,326061.9909206509,326038.896637755
2025-04-12 20:30:00,326036.96276730555,326039.14920512587
2025-04-13 00:30:00,326069.0988717539,326039.22087145253
2025-04-13 04:30:00,326057.1736300594,326039.38442531705
2025-04-13 08:30:00,326030.53868514753,326039.60658632056
2025-04-13 12:30:00,326044.9666816489,326039.4673175167
2025-04-13 16:30:00,326045.60256235226,326039.43478102155
2025-04-13 20:30:00,326033.4496388581,326039.550814104
2025-04-14 00:30:00,326037.2389805935,326039.493464705
2025-04-14 04:30:00,326025.1462290355,326039.50489307044
2025-04-14 08:30:00,326039.50298430247,326039.60921890073
2025-04-14 12:30:00,326044.4843285353,326039.6941553268
2025-04-14 16:30:00,326048.03374328715,326039.9322289738
2025-04-14 20:30:00,326048.0011768886,326040.1927306821
2025-04-15 00:30:00,326053.5250289949,326040.1754184771
2025-04-15 04:30:00,326052.7172292461,326040.20189527347
2025-04-15 08:30:00,326032.09373646934,326040.43527868413
2025-04-15 12:30:00,326038.8914144606,326040.37753027625
2025-04-15 16:30:00,326050.2816222067,326040.3016626028
2025-04-15 20:30:00,326025.539655778,326040.341195269
2025-04-16 00:30:00,326039.2752379094,326040.37975954625
2025-04-16 04:30:00,326035.9663563447,326040.289558407
2025-04-16 08:30:00,326010.15166027716,326040.19699667365
2025-04-16 12:30:00,326032.12756220094,326040.10386969114
2025-04-16 16:30:00,326026.12419272104,326040.01649299596
2025-04-16 20:30:00,326054.9183072797,326040.04157864547
2025-04-17 00:30:00,326049.85785374814,326039.95060145564
2025-04-17 04:30:00,326039.44736709696,326039.8550839707
2025-04-17 08:30:00,326014.86815957015,326039.8708731472
2025-04-17 12:30:00,326040.8839561754,326039.9946065656
2025-04-17 16:30:00,326050.0205870775,326039.8726629524
2025-04-17 20:30:00,326047.874633565,326039.8882305399
2025-04-18 00:30:00,326032.3704274493,326039.85995564307
2025-04-18 04:30:00,326040.02775931574,326039.712111309
2025-04-18 08:30:00,325991.10372862517,326039.53803748055
2025-04-18 12:30:00,326021.68751005636,326039.40555777453
2025-04-18 16:30:00,326049.6061617114,326039.4376918073
2025-04-18 20:30:00,326054.11277183273,326039.38982859283
2025-04-19 00:30:00,326047.30604058225,326039.43997286155
2025-04-19 04:30:00,326059.7115196407,326039.5269568037
2025-04-19 08:30:00,326009.82750649116,326039.41867206607
2025-04-19 12:30:00,326026.39325697534,326039.47860893497
2025-04-19 16:30:00,326045.8110812575,326039.407874159
2025-04-19 20:30:00,326057.9938355452,326039.558910885
2025-04-20 00:30:00,326041.181078839,326039.6538257693
2025-04-20 04:30:00,326048.7632598024,326039.62738250324
2025-04-20 08:30:00,326003.1796743497,326039.44840851927
2025-04-20 12:30:00,326022.65469806106,326039.425144219
2025-04-20 16:30:00,326036.2059934568,326039.3666410827
2025-04-20 20:30:00,326051.250030296,326039.2200957332
2025-04-21 00:30:00,326045.2765554278,326039.2014742718
2025-04-21 04:30:00,326055.58896119817,326039.2687213622
2025-04-21 08:30:00,326029.5047174978,326039.2183340098
2025-04-21 12:30:00,326008.5153398968,326039.14488018124
2025-04-21 16:30:00,326024.0112111585,326039.053953457
2025-04-21 20:30:00,326042.9064201765,326038.960740339
2025-04-22 00:30:00,326039.4654550251,326038.94751904416
2025-04-22 04:30:00,326036.0716089683,326038.8005843832
2025-04-22 08:30:00,326026.85865759506,326038.76865178155
2025-04-22 12:30:00,326024.4110578899,326038.9605530298
2025-04-22 16:30:00,326027.5799634389,326038.8922637932
2025-04-22 20:30:00,326039.27970804455,326038.73966039217
2025-04-23 00:30:00,326034.17362407624,326038.584573406
2025-04-23 04:30:00,326047.6536677533,326038.5179308701
2025-04-23 08:30:00,326057.02604879846,326038.4658365144
2025-04-23 12:30:00,326025.98087430745,326038.6058498601
2025-04-23 16:30:00,326027.8798761177,326038.5925686289
2025-04-23 20:30:00,326051.1898148469,326038.5824430639
2025-04-24 00:30:00,326039.42177005234,326038.59487152356
2025-04-24 04:30:00,326044.1263974064,326038.7156254054
2025-04-24 08:30:00,326066.82710840984,326038.81351527316
2025-04-24 12:30:00,326072.25379142346,326039.04360223043
2025-04-24 16:30:00,326054.3479263901,326039.19592330576
2025-04-24 20:30:00,326057.8314390153,326039.238093623
2025-04-25 00:30:00,326051.55815042206,326039.2358013051
2025-04-25 04:30:00,326040.02610967215,326039.25653820456
2025-04-25 08:30:00,326040.69327623077,326039.1239600895
2025-04-25 12:30:00,326050.2355726675,326039.143727123
2025-04-25 16:30:00,326028.5876042288,326039.3488905835
2025-04-25 20:30:00,326043.560389329,326039.41384991456
2025-04-26 00:30:00,326045.06874369556,326039.4275472216
2025-04-26 04:30:00,325991.469081653,326039.18195775204
2025-04-26 08:30:00,326032.3785865271,326039.1602368543
2025-04-26 12:30:00,326067.7035764332,326039.2500148127
2025-04-26 16:30:00,326057.25990862394,326039.3211950176
2025-04-26 20:30:00,326037.3637499472,326039.3552298172
2025-04-27 00:30:00,326061.2688745765,326039.4455447461
2025-04-27 04:30:00,326039.5431895105,326039.47257347265
2025-04-27 08:30:00,326012.4785186426,326039.30044534855
2025-04-27 12:30:00,326029.9757646856,326039.06028577295
2025-04-27 16:30:00,326016.1036833832,326039.0332440954
2025-04-27 20:30:00,326064.03762073605,326039.19649741065
2025-04-28 00:30:00,326028.1849846724,326039.1631260139
2025-04-28 04:30:00,325992.9683399449,326039.0220959602
2025-04-28 08:30:00,326043.82902522024,326039.2434586796
2025-04-28 12:30:00,326070.23405263736,326039.50064396596
2025-04-28 16:30:00,326056.7743478387,326039.6306738746
2025-04-28 20:30:00,326048.09300778754,326039.7738596553
2025-04-29 00:30:00,326066.1087591642,326039.9224314725
2025-04-29 04:30:00,326044.0985513301,326040.00538278546
2025-04-29 08:30:00,325984.0767977723,326039.78747516096
2025-04-29 12:30:00,326031.03884594113,326039.6652835527
2025-04-29 16:30:00,326028.4525669706,326039.6086484293
2025-04-29 20:30:00,326030.52984429256,326039.58930537046
2025-04-30 00:30:00,326028.7053088746,326039.53644052485
2025-04-30 04:30:00,326020.1253004654,326039.5165387492
2025-04-30 08:30:00,326018.8692031945,326039.5398585798
2025-04-30 12:30:00,326032.20615168073,326039.49315650563
2025-04-30 16:30:00,326054.51894717914,326039.49867841735
2025-04-30 20:30:00,326043.3153231366,326039.47457861074
2025-05-01 00:30:00,326062.51815398893,326039.61780017905
2025-05-01 04:30:00,326070.514934435,326039.93728147587
2025-05-01 08:30:00,325989.94390045165,326039.8969998258
2025-05-01 12:30:00,326008.7926472083,326039.73510415
2025-05-01 16:30:00,326063.1898236151,326039.9914318481
2025-05-01 20:30:00,326037.382482171,326040.03919432935
2025-05-02 00:30:00,326016.5485933073,326039.93721915246
2025-05-02 04:30:00,326041.88832743716,326039.8555328256
2025-05-02 08:30:00,326035.7124926442,326039.9980407651
2025-05-02 12:30:00,326025.49056693574,326040.00838036515
2025-05-02 16:30:00,326053.210996581,326040.0546053477
2025-05-02 20:30:00,326053.1442147979,326040.2160564246
2025-05-03 00:30:00,326035.93982001214,326040.3548234582
2025-05-03 04:30:00,326059.15161488863,326040.3839555883
2025-05-03 08:30:00,325997.8731344695,326040.4375371589
2025-05-03 12:30:00,326015.18235386396,326040.37210281915
2025-05-03 16:30:00,326043.4341486211,326040.34028814634
2025-05-03 20:30:00,326064.99422091985,326040.40476534836
2025-05-04 00:30:00,326050.5286049656,326040.42645692476
2025-05-04 04:30:00,326048.219446784,326040.4594885394
2025-05-04 08:30:00,326023.1962532983,326040.424271973
2025-05-04 12:30:00,326034.5603142892,326040.45282362006
2025-05-04 16:30:00,326024.79699090624,326040.39460982574
2025-05-04 20:30:00,326042.0176290299,326040.4016820819
2025-05-05 00:30:00,326054.5076605444,326040.50926319876
2025-05-05 04:30:00,326057.6406512181,326040.54621469066
2025-05-05 08:30:00,326064.1245166312,326040.7395792198
2025-05-05 12:30:00,326027.03871603694,326040.78494845657
2025-05-05 16:30:00,326040.10653541295,326040.7724078549
2025-05-05 20:30:00,326061.3014989485,326040.8730200762
2025-05-06 00:30:00,326037.13324883993,326040.82485381834
2025-05-06 04:30:00,326038.9573656117,326040.76086529146
2025-05-06 08:30:00,326063.85057307075,326040.7500846744
2025-05-06 12:30:00,326033.594862298,326040.7303030716
2025-05-06 16:30:00,326029.218996781,326040.61896606407
2025-05-06 20:30:00,326058.3148093112,326040.6479334782
2025-05-07 00:30:00,326034.44842033624,326040.55944352323
2025-05-07 04:30:00,326046.4823355723,326040.559419036
2025-05-07 08:30:00,326046.97722633084,326040.5061245292
2025-05-07 12:30:00,326039.9834459457,326040.62734858517
2025-05-07 16:30:00,326059.991987903,326040.6955015564
2025-05-07 20:30:00,326041.54520882515,326040.5548130998
2025-05-08 00:30:00,326051.60966749256,326040.54447360535
2025-05-08 04:30:00,326035.74212453916,326040.5524529247
2025-05-08 08:30:00,326024.5414076779,326040.31903976086
2025-05-08 12:30:00,326041.5008337982,326040.27321135084
2025-05-08 16:30:00,326024.1232898408,326040.2496754556
2025-05-08 20:30:00,326038.9339267097,326040.1653400823
2025-05-09 00:30:00,326037.14361361443,326040.05302465917
2025-05-09 04:30:00,326021.82160566095,326039.83848422754
2025-05-09 08:30:00,326028.6472905947,326039.73522391834
2025-05-09 12:30:00,326036.6689188351,326039.7390540184
2025-05-09 16:30:00,326020.563071722,326039.57537854824
2025-05-09 20:30:00,326038.2439075192,326039.4460862728
2025-05-10 00:30:00,326039.719475619,326039.4631499225
2025-05-10 04:30:00,326036.79404228507,326039.36757729965
2025-05-10 08:30:00,326040.7948473957,326039.2813595464
2025-05-10 12:30:00,326025.85503861116,326038.9801411986
2025-05-10 16:30:00,326059.5853571355,326039.25375669735
2025-05-10 20:30:00,326043.111656693,326039.42412260623
2025-05-11 00:30:00,326050.64589367266,326039.5885220182
2025-05-11 04:30:00,326051.9948947026,326039.692271392
2025-05-11 08:30:00,326037.8851470846,326039.6593131208
2025-05-11 12:30:00,326045.190193251,326039.62023793504
2025-05-11 16:30:00,326049.5456304708,326039.654140773
2025-05-11 20:30:00,326051.0304639429,326039.5919262437
2025-05-12 00:30:00,326026.51684728614,326039.3692999565
2025-05-12 04:30:00,326022.6148661354,326039.3893850696
2025-05-12 08:30:00,326020.6713350306,326039.27645196795
2025-05-12 12:30:00,326016.9678166141,326038.98599299433
2025-05-12 16:30:00,326053.55829741614,326038.93914508756
2025-05-12 20:30:00,326068.2453877821,326039.1129374235
2025-05-13 00:30:00,326054.57198846166,326039.0322325163
2025-05-13 04:30:00,326016.2115129479,326038.804665199
2025-05-13 08:30:00,326017.077085787,326038.7298785359
2025-05-13 12:30:00,326034.9713321889,326038.6743488167
2025-05-13 16:30:00,326043.2743694815,326038.66141441185
2025-05-13 20:30:00,326056.1467560949,326038.78750950756
2025-05-14 00:30:00,326042.3093626659,326038.8156782969
2025-05-14 04:30:00,326055.03003141464,326038.98169942125
2025-05-14 08:30:00,326060.07339167467,326039.0959794622
2025-05-14 12:30:00,326039.96331727365,326039.07086273294
2025-05-14 16:30:00,326042.8844869008,326039.04225575295
2025-05-14 20:30:00,326047.30499295157,326039.0383880645
2025-05-15 00:30:00,326048.5786440836,326039.0109081483
2025-05-15 04:30:00,326007.6219079524,326038.76037858555
2025-05-15 08:30:00,326011.5792418206,326038.6464091709
2025-05-15 12:30:00,326041.14721534203,326038.65894139797
2025-05-15 16:30:00,326057.3894801395,326038.6984294976
2025-05-15 20:30:00,326065.3487561579,326038.9195911664
2025-05-16 00:30:00,326044.43935325043,326038.948280696
2025-05-16 04:30:00,326034.2649725296,326038.9388285637
2025-05-16 08:30:00,326026.6732522531,326039.0306151858
2025-05-16 12:30:00,326040.0791681324,326039.0747907743
2025-05-16 16:30:00,326037.5998735085,326039.13854455645
2025-05-16 20:30:00,326021.68938572926,326038.9539394368
2025-05-17 00:30:00,326036.2397310354,326038.8782831995
2025-05-17 04:30:00,326053.72684648575,326038.9576136406
2025-05-17 08:30:00,326034.253102293,326039.0653077668
2025-05-17 12:30:00,326037.0248435181,326039.043868252
2025-05-17 16:30:00,326051.90949047817,326039.0543621598
2025-05-17 20:30:00,326026.191360404,326038.93389953114
2025-05-18 00:30:00,326037.6833195611,326038.9634155984
2025-05-18 04:30:00,326050.0089035831,326039.0188663999
2025-05-18 08:30:00,326046.36242174805,326039.32585913944
2025-05-18 12:30:00,326043.5581212694,326039.4473625351
2025-05-18 16:30:00,326055.74577931286,326039.4814715218
2025-05-18 20:30:00,326059.2524693294,326039.51002539677
2025-05-19 00:30:00,326045.7002739492,326039.50110447104
2025-05-19 04:30:00,326050.568231548,326039.45030842605
2025-05-19 08:30:00,326019.12921521446,326039.5019845856
2025-05-19 12:30:00,326024.1106655714,326039.4893035223
2025-05-19 16:30:00,326056.5541384666,326039.5489871734
2025-05-19 20:30:00,326027.16500736185,326039.37771590566
2025-05-20 00:30:00,326030.79661165323,326039.3200244214
2025-05-20 04:30:00,326060.7274878242,326039.3864923548
2025-05-20 08:30:00,326047.53120530566,326039.632889749
2025-05-20 12:30:00,326033.50477972446,326039.69316798047
2025-05-20 16:30:00,326043.46309830545,326039.73348522966
2025-05-20 20:30:00,326035.74314288894,326039.6473358552
2025-05-21 00:30:00,326041.0168050029,326039.62367057503
2025-05-21 04:30:00,326050.3147967574,326039.59436966147
2025-05-21 08:30:00,326052.95307986165,326039.7246383412
2025-05-21 12:30:00,326035.6724603805,326039.8755112329
2025-05-21 16:30:00,326053.05690704397,326040.03687620995
2025-05-21 20:30:00,326043.86575963843,326040.04220587364
2025-05-22 00:30:00,326044.55523981084,326040.0704824558
2025-05-22 04:30:00,326058.9011440983,326040.1973132065
2025-05-22 08:30:00,326035.7735173787,326040.24684020533
2025-05-22 12:30:00,326018.7839301076,326040.21557838435
2025-05-22 16:30:00,326044.5155373146,326040.3096649059
2025-05-22 20:30:00,326040.633048099,326040.31718346174
2025-05-23 04:30:00,326060.475746731,326040.4231367486
2025-05-23 08:30:00,326060.1157389834,326040.44039758766
2025-05-23 12:30:00,326047.725123678,326040.56187384116
2025-05-23 16:30:00,326043.91394644004,326040.651449653
2025-05-23 20:30:00,326045.5063045015,326040.61969819857
2025-05-24 00:30:00,326034.5629790073,326040.5925541145
2025-05-24 04:30:00,326043.6223806373,326040.58973837836
2025-05-24 08:30:00,326005.68226848607,326040.24814709387
2025-05-24 12:30:00,326022.0195215772,326039.9675087149
2025-05-24 16:30:00,326040.1642360779,326039.8882702215
2025-05-24 20:30:00,326029.14934717154,326039.72803507146
2025-05-25 00:30:00,326030.07637437416,326039.60802514944
2025-05-25 04:30:00,326035.37715804006,326039.5820533526
2025-05-25 08:30:00,326058.3661879641,326039.68078470306
2025-05-25 12:30:00,326055.2594003614,326039.70885077957
2025-05-25 16:30:00,326044.96375451103,326039.80033765273
2025-05-25 20:30:00,326058.507624855,326039.8838417618
2025-05-26 00:30:00,326051.8974092339,326039.9219907312
2025-05-26 04:30:00,326040.4544689468,326040.1956521127
2025-05-26 08:30:00,326031.5413218688,326040.19097465655
2025-05-26 12:30:00,326019.95458637865,326039.9242205222
2025-05-26 16:30:00,326024.94838096213,326039.74370919453
2025-05-26 20:30:00,326017.1931947226,326039.63102452847
2025-05-27 00:30:00,326015.87331166404,326039.37741803174
2025-05-27 04:30:00,325992.4769614404,326039.11447821005
2025-05-27 08:30:00,326002.5492293787,326039.0590073204
2025-05-27 12:30:00,326044.1564305126,326039.1382289172
2025-05-27 16:30:00,326037.9476735236,326039.26026238163
2025-05-27 20:30:00,326058.6024719234,326039.2298984218
2025-05-28 00:30:00,326051.88319658284,326039.36229066714
2025-05-28 04:30:00,326034.9842327076,326039.597016325
2025-05-28 08:30:00,326007.5886110989,326039.3945559109
2025-05-28 12:30:00,326016.5232539706,326039.0944955831
2025-05-28 16:30:00,326010.7151164447,326038.83718144125
2025-05-28 20:30:00,326041.03690341115,326038.7977618638
2025-05-29 00:30:00,326060.70400457404,326038.7675677041
2025-05-29 04:30:00,326030.35924622515,326038.6908118096
2025-05-29 08:30:00,326022.7494253303,326038.90686000825
2025-05-29 12:30:00,326053.4227617855,326039.0319098175
2025-05-29 16:30:00,326047.3092169681,326039.1372542308
2025-05-29 20:30:00,326044.75258352066,326039.2167108746
2025-05-30 00:30:00,326058.3169649645,326039.3821391208
2025-05-30 04:30:00,326063.79267592187,326039.626090939
2025-05-30 08:30:00,326047.4536586421,326039.78578063427
2025-05-30 12:30:00,326023.62852926826,326039.73786095605
2025-05-30 16:30:00,326037.35459758784,326039.6419707348
2025-05-30 20:30:00,326046.9905698234,326039.66250283923
2025-05-31 00:30:00,326044.4274400757,326039.5614373983
2025-05-31 04:30:00,326023.1946343023,326039.2970781798
2025-05-31 08:30:00,326006.69981640123,326039.3906866487
2025-05-31 12:30:00,326003.473701962,326039.36097187083
2025-05-31 16:30:00,326050.0472553345,326039.28754970164
2025-05-31 20:30:00,326029.70530846866,326039.2446604631
2025-06-01 00:30:00,326041.81813352596,326039.38583107886
2025-06-01 04:30:00,326071.28733941703,326039.5500713693
2025-06-01 08:30:00,326052.1682106526,326039.6420027548
2025-06-01 12:30:00,326050.4762316275,326039.7815874737
2025-06-01 16:30:00,326049.1917937224,326039.7591338265
2025-06-01 20:30:00,326046.16972955567,326039.72017022176
2025-06-02 00:30:00,326062.1481945606,326039.866585722
2025-06-02 04:30:00,326051.0094692383,326039.8210988748
2025-06-02 08:30:00,326052.1189466397,326040.12414810486
2025-06-02 12:30:00,326048.01802371605,326040.3075876012
2025-06-02 16:30:00,326063.69464165915,326040.42077471316
2025-06-02 20:30:00,326055.89104641817,326040.36991898966
2025-06-03 00:30:00,326055.3213658578,326040.3966941902
2025-06-03 04:30:00,326084.0091545093,326040.5966366915
2025-06-03 12:30:00,326071.0256227586,326040.8992529378
2025-06-03 16:30:00,326055.0705774656,326041.06932926684
2025-06-03 20:30:00,326043.45273619005,326041.0773916666
2025-06-04 00:30:00,326063.6038659336,326041.1284939441
2025-06-04 04:30:00,326043.6418108487,326041.0498487735
2025-06-04 08:30:00,326019.16750091925,326040.79728126945
2025-06-04 12:30:00,326030.49303545064,326040.81668755837
2025-06-04 16:30:00,326047.9823778132,326040.86093386397
2025-06-04 20:30:00,326053.7083858623,326040.81827592524
2025-06-05 00:30:00,326054.8614692933,326040.91787266935
2025-06-05 04:30:00,326041.4621131229,326040.9319442846
2025-06-05 08:30:00,326028.8275895266,326040.7351859501
2025-06-05 12:30:00,326057.83901859884,326040.87138907536
2025-06-05 16:30:00,326039.4920865929,326040.929103063
2025-06-05 20:30:00,326027.932274256,326040.7584146639
2025-06-06 00:30:00,326048.75147251354,326040.8387688896
2025-06-06 04:30:00,326057.9713573676,326040.9033139559
2025-06-06 08:30:00,326009.1720112642,326040.6909251072
2025-06-06 12:30:00,326034.0527304093,326040.6576064806
2025-06-06 16:30:00,326031.99457674124,326040.5003176538
2025-06-06 20:30:00,326038.5062409225,326040.4832448005
2025-06-07 00:30:00,326035.7801212699,326040.39431476546
2025-06-07 04:30:00,326031.6757015192,326040.3714696923
2025-06-07 08:30:00,326031.75762207113,326040.4120102227
2025-06-07 12:30:00,326026.1098808138,326040.3255441946
2025-06-07 16:30:00,326027.852465214,326040.3464946181
2025-06-07 20:30:00,326058.69269095047,326040.45749891154
2025-06-08 00:30:00,326049.3788663614,326040.52623628656
2025-06-08 04:30:00,326046.3084076212,326040.6638025897
2025-06-08 08:30:00,326018.18367554777,326040.6050182355
2025-06-08 12:30:00,326031.4426911341,326040.57565740566
2025-06-08 16:30:00,326039.0871319036,326040.67972515954
2025-06-08 20:30:00,326061.55009442416,326040.81065879384
2025-06-09 00:30:00,326044.0073543416,326040.8347480002
2025-06-09 04:30:00,325993.86563776043,326040.59357718827
2025-06-09 08:30:00,326007.1396276807,326040.4045029201
2025-06-09 12:30:00,326034.6282571042,326040.45379066444
2025-06-09 16:30:00,326021.84198976087,326040.2417492747
2025-06-09 20:30:00,326031.34568047104,326040.1756482848
2025-06-10 00:30:00,326057.7729854617,326040.2156881263
2025-06-10 04:30:00,326039.43167889246,326040.1451082621
2025-06-10 08:30:00,326037.42898814206,326040.14254557143
2025-06-10 12:30:00,326026.6213017151,326040.038225956
2025-06-10 16:30:00,326047.1535207701,326040.0247871376
2025-06-10 20:30:00,326051.0617085319,326040.02496266895
2025-06-11 00:30:00,326038.15660720784,326040.09035457857
2025-06-11 04:30:00,326027.8964490854,326040.1200263929
2025-06-11 08:30:00,326032.04301176796,326040.1839122173
2025-06-11 12:30:00,326043.2471784337,326040.3315490815
2025-06-11 16:30:00,326069.41631350917,326040.42063905945
2025-06-11 20:30:00,326045.7512810786,326040.29426767357
2025-06-12 00:30:00,326041.70466994634,326040.22197936726
2025-06-12 04:30:00,326044.07396131085,326040.3785099761
2025-06-12 08:30:00,326035.4501941585,326040.481729686
2025-06-12 12:30:00,326033.2267557915,326040.47192869504
2025-06-12 16:30:00,326055.12867723993,326040.5385259296
2025-06-12 20:30:00,326049.26015818084,326040.4998371773
2025-06-13 00:30:00,326051.28478253237,326040.55026088445
2025-06-13 04:30:00,326040.1022133811,326040.46639673813
2025-06-13 08:30:00,326001.64675798453,326040.13815722306
2025-06-13 12:30:00,326002.0402211621,326039.9251061213
2025-06-13 16:30:00,326024.4707355889,326039.8216580802
2025-06-13 20:30:00,326042.18285588257,326039.79288202926
2025-06-14 00:30:00,326047.3829761695,326039.78616479377
2025-06-14 04:30:00,326061.39814742183,326040.0882784987
2025-06-14 08:30:00,326015.12065327313,326040.1081740686
2025-06-14 12:30:00,326048.79374172835,326040.15113208204
2025-06-14 16:30:00,326039.8951683553,326040.0528494315
2025-06-14 20:30:00,326033.6347727477,326039.8746809854
2025-06-15 00:30:00,326060.1122933542,326039.96273121075
2025-06-15 04:30:00,326066.1976691517,326040.14212838275
2025-06-15 08:30:00,326048.3307332371,326040.2637996242
2025-06-15 12:30:00,326048.21245287097,326040.3094922352
2025-06-15 16:30:00,326056.50651543296,326040.4157093246
2025-06-15 20:30:00,326040.9725071601,326040.52404146746
2025-06-16 00:30:00,326047.3126453163,326040.5862488511
2025-06-16 04:30:00,326046.9790839381,326040.5483400727
2025-06-16 08:30:00,326043.5577565334,326040.6006134112
2025-06-16 12:30:00,326049.5758257349,326040.67112454725
2025-06-16 16:30:00,326061.0220934098,326040.7223189456
2025-06-16 20:30:00,326048.7889735397,326040.8492718285
2025-06-17 00:30:00,326050.88633463596,326040.92344607046
2025-06-17 04:30:00,326059.6983601516,326040.97788121976
2025-06-17 08:30:00,326064.5643934114,326041.08013948746
2025-06-17 12:30:00,326041.39502309647,326041.06798725063
2025-06-17 16:30:00,326048.29004241165,326041.0261010882
2025-06-17 20:30:00,326039.66779084306,326040.91607480455
2025-06-18 00:30:00,326062.9865039929,326041.01318845653
2025-06-18 04:30:00,326036.4702671729,326040.9339864094
2025-06-18 08:30:00,326020.9473595308,326040.9442007034
2025-06-18 12:30:00,326047.2920671015,326041.0744332962
2025-06-18 16:30:00,326041.01518544345,326040.98713580734
2025-06-18 20:30:00,326045.81863243977,326041.09193145385
2025-06-19 00:30:00,326062.84235438687,326041.2719637164
2025-06-19 04:30:00,326039.88095313346,326041.154848353
2025-06-19 08:30:00,326058.3729547277,326041.2157570576
2025-06-19 12:30:00,326053.1492190218,326041.3261190761
2025-06-19 16:30:00,326048.5593229887,326041.3547495518
2025-06-19 20:30:00,326039.28457973886,326041.3746452645
2025-06-20 00:30:00,326053.2324646716,326041.443272566
2025-06-20 04:30:00,326065.9673212813,326041.53120809706
2025-06-20 08:30:00,326016.03260351124,326041.3237896906
2025-06-20 12:30:00,326046.6392409112,326041.3854008171
2025-06-20 16:30:00,326048.9795867988,326041.3624945237
2025-06-20 20:30:00,326063.01360577415,326041.470066693
2025-06-21 00:30:00,326070.0837794749,326041.6134854551
2025-06-21 04:30:00,326029.3133122709,326041.4472616808
2025-06-21 08:30:00,326053.9438018175,326041.5493419305
2025-06-21 12:30:00,326057.72743253614,326041.7681256519
2025-06-21 16:30:00,326030.3694921453,326041.68865348806
2025-06-21 20:30:00,326035.86935979023,326041.6618911942
2025-06-22 00:30:00,326045.08165974723,326041.6809960464
2025-06-22 04:30:00,326022.4364707798,326041.46848612494
2025-06-22 08:30:00,326039.36630713026,326041.35256751126
2025-06-22 12:30:00,326045.2720477251,326041.3388631763
2025-06-22 16:30:00,326041.6138382476,326041.3260134098
2025-06-22 20:30:00,326040.08593509503,326041.29573201656
2025-06-23 00:30:00,326011.8685779411,326041.16894765303
2025-06-23 04:30:00,326015.0072694227,326041.0090866965
2025-06-23 08:30:00,326024.2345907099,326041.1127309548
2025-06-23 12:30:00,326052.4140254317,326041.28253265226
2025-06-23 16:30:00,326040.7895229795,326041.28602587525
2025-06-23 20:30:00,326048.94210857793,326041.3965999613
2025-06-24 00:30:00,326056.58979035745,326041.5447196036
2025-06-24 04:30:00,326021.8722683079,326041.4692732922
2025-06-24 08:30:00,326019.3652116516,326041.251390743
2025-06-24 12:30:00,326062.3216418717,326041.2908446062
2025-06-24 16:30:00,326041.96913495805,326041.27411488805
2025-06-24 20:30:00,326048.98676111875,326041.22092570516
2025-06-25 00:30:00,326030.6716452506,326041.1023460181
2025-06-25 04:30:00,326026.0055663091,326041.0216258916
2025-06-25 08:30:00,326021.01903798146,326040.9628421828
2025-06-25 12:30:00,326049.1866028806,326041.1261495375
2025-06-25 16:30:00,326056.243723291,326041.3009838522
2025-06-25 20:30:00,326050.04971736565,326041.48453984456
2025-06-26 00:30:00,326040.1012358142,326041.6198913762
2025-06-26 04:30:00,326004.1527571542,326041.68511928525
2025-06-26 08:30:00,326036.4609601581,326041.87457029516
2025-06-26 12:30:00,326050.4956182155,326041.90998475155
2025-06-26 16:30:00,326045.6581122708,326041.9530598284
2025-06-26 20:30:00,326046.02973847825,326041.8828210941
2025-06-27 00:30:00,326050.21511592466,326041.87350220775
2025-06-27 04:30:00,326046.46834109473,326041.9376592378
2025-06-27 08:30:00,326046.31153983925,326042.15398844867
2025-06-27 12:30:00,326042.47679854935,326042.29898031784
2025-06-27 16:30:00,326040.2634362964,326042.46405473043
2025-06-27 20:30:00,326041.31715567666,326042.4656203855
2025-06-28 00:30:00,326057.6261824156,326042.44842584827
2025-06-28 04:30:00,326047.9330100806,326042.54660329997
2025-06-28 08:30:00,326021.633989496,326042.5403718149
2025-06-28 12:30:00,326023.6433703172,326042.3740064994
2025-06-28 16:30:00,326072.6485902617,326042.51556724415
2025-06-28 20:30:00,326050.14879707276,326042.54571368854
2025-06-29 00:30:00,326052.0360135227,326042.5106245743
2025-06-29 04:30:00,326075.8486996595,326042.57797666226
2025-06-29 08:30:00,326070.8406073552,326042.708630007
2025-06-29 12:30:00,326068.71563472657,326042.9605132777
2025-06-29 16:30:00,326059.32899184874,326043.0832752568
2025-06-29 20:30:00,326045.10288927256,326043.0727295554
2025-06-30 00:30:00,326089.08527503535,326043.322214667
2025-06-30 04:30:00,326058.4947648665,326043.5194221002
2025-06-30 08:30:00,326051.0267554992,326043.7670586315
2025-06-30 12:30:00,326037.8237766744,326043.9589584902
2025-06-30 16:30:00,326038.90505403135,326043.8967115556
2025-06-30 20:30:00,326046.7225867237,326043.99178014917
2025-07-01 00:30:00,326060.7825235362,326044.09772646206
2025-07-01 04:30:00,326069.8869914364,326044.089903289
2025-07-01 08:30:00,326049.7756167668,326044.07653684274
2025-07-01 12:30:00,326053.75208731816,326044.09483771253
2025-07-01 16:30:00,326048.09866843454,326044.08873086737
2025-07-01 20:30:00,326045.42122571846,326044.0845492817
2025-07-02 00:30:00,326052.89228664606,326044.0328402989
2025-07-02 04:30:00,326074.87791690306,326044.166183582
2025-07-02 08:30:00,326038.9873884943,326044.09282292187
2025-07-02 12:30:00,326018.31869308144,326043.9269048737
2025-07-02 16:30:00,326024.76318538527,326043.7094107045
2025-07-02 20:30:00,326032.3885796988,326043.57811200776
2025-07-03 00:30:00,326052.1789081431,326043.5605563781
2025-07-03 04:30:00,326040.64316928474,326043.3182883042
2025-07-03 08:30:00,326033.9442861985,326043.2662105147
2025-07-03 12:30:00,326044.8929103588,326043.12102877925
2025-07-03 16:30:00,326041.3211440001,326043.0446430377
2025-07-03 20:30:00,326046.97069815855,326043.0641872709
2025-07-04 00:30:00,326039.069098424,326042.9278830069
2025-07-04 04:30:00,326060.8139173372,326043.02328359854
2025-07-04 08:30:00,326050.4392736807,326043.19701566943
2025-07-04 12:30:00,326049.06522313954,326043.3001944899
2025-07-04 16:30:00,326052.48866511596,326043.32522941934
2025-07-04 20:30:00,326049.52927892166,326043.30201215856
2025-07-05 00:30:00,326038.3224227377,326043.21012856666
2025-07-05 04:30:00,326042.53327143163,326043.2160794461
2025-07-05 08:30:00,326048.8654249432,326043.327400754
2025-07-05 12:30:00,326048.5881491057,326043.2760070346
2025-07-05 16:30:00,326049.4372472008,326043.3312579268
2025-07-05 20:30:00,326056.33695371205,326043.4890617016
2025-07-06 00:30:00,326040.3200800299,326043.4422206322
2025-07-06 04:30:00,326027.12140560034,326043.27083201136
2025-07-06 08:30:00,326055.1006852648,326043.5259913113
2025-07-06 12:30:00,326058.7418388094,326043.6631530246
2025-07-06 16:30:00,326057.35586540116,326043.8040490727
2025-07-06 20:30:00,326055.5732689625,326043.8988658952
2025-07-07 00:30:00,326039.98877956526,326043.9222473302
2025-07-07 04:30:00,326017.6897371158,326043.84454752796
2025-07-07 08:30:00,326036.7356113374,326043.8722030238
2025-07-07 12:30:00,326042.179064941,326043.961476269
2025-07-07 16:30:00,326034.30478664604,326043.99732249917
2025-07-07 20:30:00,326042.1726967143,326043.9055447534
2025-07-08 00:30:00,326040.55021677795,326043.8564967002
2025-07-08 04:30:00,326032.55977399135,326043.78011540225
2025-07-08 08:30:00,326046.5911167305,326043.93793451996
2025-07-08 12:30:00,326054.65655639966,326044.0669004381
2025-07-08 16:30:00,326056.7186138785,326044.1648531157
2025-07-08 20:30:00,326050.8069067082,326044.10516873957
2025-07-09 00:30:00,326042.6517887755,326044.0976378197
2025-07-09 04:30:00,326013.10207496886,326044.2045069153
2025-07-09 08:30:00,326036.50622372515,326044.36765467114
2025-07-09 12:30:00,326052.41446059674,326044.46646691277
2025-07-09 16:30:00,326042.7231425078,326044.5824733169
2025-07-09 20:30:00,326046.91355988453,326044.66896153585
2025-07-10 00:30:00,326041.44303599675,326044.57823959435
2025-07-10 04:30:00,326012.3818249424,326044.427962628
2025-07-10 08:30:00,326030.8866175861,326044.3916161249
2025-07-10 12:30:00,326048.5058701671,326044.5131970608
2025-07-10 16:30:00,326037.429048544,326044.4591722151
2025-07-10 20:30:00,326045.82783686975,326044.4300951502
2025-07-11 00:30:00,326048.93508494936,326044.48997558217
2025-07-11 04:30:00,326006.0762930274,326044.36875249294
2025-07-11 08:30:00,326006.25462772703,326044.2254836927
2025-07-11 12:30:00,326024.25784629636,326044.11998740304
2025-07-11 16:30:00,326036.12622704107,326043.93504247826
2025-07-11 20:30:00,326048.2581727171,326043.94896965404
2025-07-12 00:30:00,326058.8631449133,326044.0442945149
2025-07-12 04:30:00,326031.58087269234,326043.97488846706
2025-07-12 08:30:00,326030.87899069773,326043.94949289225
2025-07-12 12:30:00,326040.8621017674,326043.9919114811
2025-07-12 16:30:00,326047.68681313127,326043.95056779153
2025-07-12 20:30:00,326047.4481325949,326043.94050098275
2025-07-13 00:30:00,326073.9019730298,326044.066152041
2025-07-13 04:30:00,326059.2753325884,326044.17266936996
2025-07-13 08:30:00,326035.96629380906,326044.36333345785
2025-07-13 12:30:00,326035.44520471006,326044.54891669983
2025-07-13 16:30:00,326044.3748694293,326044.65949522116
2025-07-13 20:30:00,326067.7503067833,326044.801536615
2025-07-14 00:30:00,326064.1337669827,326044.89459656406
2025-07-14 04:30:00,326056.745477304,326044.8687483967
2025-07-14 08:30:00,326034.56948582846,326044.9767974664
2025-07-14 12:30:00,326045.219576215,326044.9569409914
2025-07-14 16:30:00,326065.3295392059,326045.0982430516
2025-07-14 20:30:00,326048.3680889463,326045.18009480834
2025-07-15 00:30:00,326070.7436844845,326045.23915809236
2025-07-15 04:30:00,326080.9682645179,326045.3212169555
2025-07-15 08:30:00,326053.22665194096,326045.34841650387
2025-07-15 12:30:00,326044.86969896563,326045.32984564884
2025-07-15 16:30:00,326053.51715917554,326045.31323811406
2025-07-15 20:30:00,326040.11969946057,326045.3085002935
2025-07-16 00:30:00,326060.554729545,326045.3820674281
2025-07-16 04:30:00,326066.6533027681,326045.4913686438
2025-07-16 08:30:00,326048.4578910706,326045.51859161345
2025-07-16 12:30:00,326048.3284475233,326045.5116617345
2025-07-16 16:30:00,326066.617191567,326045.54274561326
2025-07-16 20:30:00,326051.17541942693,326045.5560036459
2025-07-17 00:30:00,326067.18593797565,326045.6465569978
2025-07-17 04:30:00,326076.23627938743,326045.73843432683
2025-07-17 08:30:00,326081.09700057004,326045.8302821445
2025-07-17 12:30:00,326069.7590325189,326045.9878599745
2025-07-17 16:30:00,326071.6756126803,326046.1177798094
2025-07-17 20:30:00,326065.29132937314,326046.2601328012
2025-07-18 00:30:00,326047.43772236136,326046.173750681
2025-07-18 04:30:00,326057.31008807465,326046.28952746384
2025-07-18 08:30:00,326060.2015133532,326046.5076060961
2025-07-18 12:30:00,326060.99985384266,326046.58376046695
2025-07-18 16:30:00,326079.72662013,326046.79882399295
2025-07-18 20:30:00,326058.720068036,326046.87049863517
2025-07-19 00:30:00,326020.7569046263,326046.6366905809
2025-07-19 04:30:00,326029.5378465042,326046.5792288774
2025-07-19 08:30:00,326061.3301887222,326046.5956579552
2025-07-19 12:30:00,326066.2063900784,326046.6681977944
2025-07-19 16:30:00,326046.8376746166,326046.65863308124
2025-07-19 20:30:00,326051.96051705204,326046.7290549552
2025-07-20 00:30:00,326041.524985596,326046.6640134048
2025-07-20 04:30:00,326032.6261075341,326046.4787844395
2025-07-20 08:30:00,326037.8641064242,326046.60007056675
2025-07-20 12:30:00,326059.6867201804,326046.67255656276
2025-07-20 16:30:00,326043.0398298916,326046.63955791324
2025-07-20 20:30:00,326051.83360365016,326046.5774467903
2025-07-21 00:30:00,326052.9543128983,326046.48228308716
2025-07-21 04:30:00,326027.9734994535,326046.47483968263
2025-07-21 08:30:00,326051.46115150943,326046.46104718087
2025-07-21 12:30:00,326060.1017588327,326046.47423788253
2025-07-21 16:30:00,326057.68717851886,326046.6260028069
2025-07-21 20:30:00,326046.10947092663,326046.68289231317
2025-07-22 00:30:00,326036.21619421453,326046.63363972685
2025-07-22 04:30:00,326065.6472093064,326046.8736993853
2025-07-22 08:30:00,326045.1826936252,326046.9060126436
2025-07-22 12:30:00,326042.70685579063,326046.8917615773
2025-07-22 16:30:00,326054.43011111434,326046.9629630933
2025-07-22 20:30:00,326061.00428695563,326047.07917615917
2025-07-23 00:30:00,326060.7216556437,326047.3505821464
2025-07-23 04:30:00,326016.48784184817,326047.35880754876
2025-07-23 08:30:00,326055.21426182083,326047.5309168327
2025-07-23 12:30:00,326069.9007792939,326047.6280654653
2025-07-23 16:30:00,326041.92690190277,326047.63438423706
2025-07-23 20:30:00,326053.747902039,326047.66108308965
2025-07-24 00:30:00,326051.25795965246,326047.63146180793
2025-07-24 04:30:00,326044.7451006884,326047.75853309897
2025-07-24 08:30:00,326038.65524426394,326047.8656999468
2025-07-24 12:30:00,326076.1867984872,326047.9427285947
2025-07-24 16:30:00,326059.6890717939,326048.0411726882
2025-07-24 20:30:00,326040.1492348392,326047.99207532
2025-07-25 00:30:00,326052.24469044764,326048.11192557105
2025-07-25 04:30:00,326013.9770964609,326048.0451007386
2025-07-25 08:30:00,326032.6492840763,326048.10971321684
2025-07-25 12:30:00,326052.3792778413,326048.1274503
2025-07-25 16:30:00,326051.72286549164,326048.10233442334
2025-07-25 20:30:00,326057.59509331605,326048.1442531786
2025-07-26 00:30:00,326050.2739544146,326048.20076828194
2025-07-26 04:30:00,326014.84240215673,326048.26015519863
2025-07-26 08:30:00,326024.7007728528,326048.19482082466
2025-07-26 12:30:00,326042.5433785266,326048.1506417153
2025-07-26 16:30:00,326053.0365395979,326048.19163297827
2025-07-26 20:30:00,326050.4805702323,326048.2163598213
2025-07-27 00:30:00,326056.3940275383,326048.2506871081
2025-07-27 04:30:00,326056.2081330942,326048.3047970636
2025-07-27 08:30:00,326035.3979905927,326048.24416623445
2025-07-27 12:30:00,326058.25409259065,326048.33181786805
2025-07-27 16:30:00,326064.4587186956,326048.4662361036
2025-07-27 20:30:00,326056.34700607683,326048.5497352725
2025-07-28 00:30:00,326066.80678963254,326048.600738646
2025-07-28 04:30:00,326058.79285485647,326048.6610711169
2025-07-28 08:30:00,326063.9298412798,326048.8960480712
2025-07-28 12:30:00,326056.18022200535,326049.0768083584
2025-07-28 16:30:00,326054.068360748,326048.973584861
2025-07-28 20:30:00,326060.830922027,326049.0329299997
2025-07-29 00:30:00,326062.85261788865,326049.0930222462
2025-07-29 04:30:00,326059.14787592256,326049.00023989216
2025-07-29 08:30:00,326028.1705802991,326048.7631841863
2025-07-29 12:30:00,326052.4055877977,326048.67257281445
2025-07-29 16:30:00,326049.4426162137,326048.6176485053
2025-07-29 20:30:00,326046.4723602594,326048.6252566775
2025-07-30 00:30:00,326067.18372723064,326048.50358141185
2025-07-30 04:30:00,326060.34949623735,326048.5138854751
2025-07-30 08:30:00,326062.8517230373,326048.57957973925
2025-07-30 12:30:00,326058.906034436,326048.69670339336
2025-07-30 16:30:00,326055.7180968048,326048.7901091866
2025-07-30 20:30:00,326044.2857699148,326048.7765713154
2025-07-31 00:30:00,326050.201426075,326048.71778744063
2025-07-31 04:30:00,326058.0060013102,326048.65178193996
2025-07-31 08:30:00,326031.8591683609,326048.55224611546
2025-07-31 12:30:00,326039.2098555203,326048.4714559389
2025-07-31 16:30:00,326045.3560305384,326048.4562190616
2025-07-31 20:30:00,326044.43574669264,326048.45074417815
2025-08-01 00:30:00,326030.2679116796,326048.3250532061
2025-08-01 04:30:00,326037.2267839821,326048.1158802454
2025-08-01 08:30:00,326059.6673357403,326048.2307688413
2025-08-01 12:30:00,326044.85588158236,326048.37819766626
2025-08-01 16:30:00,326053.1084682004,326048.5356714596
2025-08-01 20:30:00,326059.42097607435,326048.68585143954
2025-08-02 00:30:00,326054.5049111596,326048.69877367857
2025-08-02 04:30:00,326051.03980786714,326048.7565327817
2025-08-02 08:30:00,326048.832710518,326048.83924625017
2025-08-02 12:30:00,326052.06088283256,326048.87906831945
2025-08-02 16:30:00,326049.4184900777,326048.9240535755
2025-08-02 20:30:00,326055.2964815108,326048.9703079274
2025-08-03 00:30:00,326047.4545602027,326049.01689382625
2025-08-03 04:30:00,326061.77569848637,326049.02223705477
2025-08-03 08:30:00,326067.4994832299,326049.11701599683
2025-08-03 12:30:00,326060.1931627797,326049.17883788364
2025-08-03 16:30:00,326048.0224170611,326049.1540253944
2025-08-03 20:30:00,326048.5977105971,326049.1488500149
2025-08-04 00:30:00,326044.0408326819,326049.18061895896
2025-08-04 04:30:00,326045.39759692404,326049.19653187844
2025-08-04 08:30:00,326037.49251941906,326049.1333490699
2025-08-04 12:30:00,326048.5709365214,326049.13325344445
2025-08-04 16:30:00,326053.97053718363,326049.15843838884
2025-08-04 20:30:00,326044.9612376256,326049.0952399662
2025-08-05 00:30:00,326027.31409800233,326049.02298451046
2025-08-05 04:30:00,326039.7171546305,326049.0929608939
2025-08-05 08:30:00,326038.88184951956,326049.00285625085
2025-08-05 12:30:00,326050.50852784654,326048.95711563446
2025-08-05 16:30:00,326035.7592518987,326048.8371344483
2025-08-05 20:30:00,326038.92308057356,326048.7446334017
2025-08-06 00:30:00,326019.0801872034,326048.6284745552
2025-08-06 04:30:00,326006.5673063645,326048.5666832733
2025-08-06 08:30:00,326038.1015532629,326048.5742718395
2025-08-06 12:30:00,326043.72490949143,326048.5828598648
2025-08-06 16:30:00,326040.5811407962,326048.617728499
2025-08-06 20:30:00,326047.6648231113,326048.6482403123
2025-08-07 00:30:00,326040.46897094644,326048.6477889465
2025-08-07 04:30:00,326045.0899105978,326048.71740081656
2025-08-07 08:30:00,326037.6930923851,326048.667967348
2025-08-07 12:30:00,326060.01635941805,326048.69774403144
2025-08-07 16:30:00,326056.90148494835,326048.69875998184
2025-08-07 20:30:00,326055.1957203577,326048.7231422799
2025-08-08 00:30:00,326063.7245433106,326048.84021313844
2025-08-08 04:30:00,326043.700350291,326049.01020355686
2025-08-08 08:30:00,326040.5854758212,326049.0328660685
2025-08-08 12:30:00,326055.1957203577,326049.0483175116
2025-08-08 16:30:00,326053.2674647337,326049.10689707956
2025-08-08 20:30:01,326066.24610835745,326049.21430012665
2025-08-09 04:30:00,326070.62176535063,326049.5830778056
2025-08-09 08:30:00,326057.34646701545,326049.73089819355
2025-08-09 12:30:00,326066.76525410236,326049.83290592494
2025-08-09 16:30:00,326066.0977810017,326049.9930664415
2025-08-09 20:30:00,326055.8631934584,326050.0491298861
2025-08-10 00:30:00,326068.6193460487,326050.1590978252
2025-08-10 04:30:00,326072.401693619,326050.5296307894
2025-08-10 08:30:00,326064.54034376686,326050.8552493148
2025-08-10 12:30:00,326061.6479603307,326051.06413263344
2025-08-10 16:30:00,326067.7293819144,326051.2406865712
2025-08-10 20:30:00,326055.56653874693,326051.28151543177
2025-08-11 00:30:00,326060.38717780734,326051.290029582
2025-08-11 04:30:00,326066.9135814581,326051.4874190165
2025-08-11 08:30:00,326057.79144908255,326051.637767946
2025-08-11 12:30:00,326055.9373571362,326051.7219872497
2025-08-11 16:30:00,326068.02603662584,326051.8356141966
2025-08-11 20:30:00,326053.86077415646,326051.8714390098
2025-08-12 00:30:00,326049.18846245186,326051.7333747049
2025-08-12 04:30:00,326069.5093101829,326051.79054776405
2025-08-12 08:30:00,326050.6717360089,326051.8727010725
2025-08-12 12:30:00,326052.15500956593,326051.96605193755
2025-08-12 16:30:00,326054.89906564634,326052.0248463299
2025-08-12 20:30:00,326056.90148494835,326051.9642383867
2025-08-13 00:30:00,326049.11429877405,326051.88033074304
2025-08-13 04:30:00,326064.31785273337,326051.9226345164
2025-08-13 08:30:00,326058.08810379397,326052.0540234436
2025-08-13 12:30:00,326049.7076081968,326052.0790962479
2025-08-13 16:30:00,326063.57621595485,326052.06930114597
2025-08-13 20:30:00,326052.97081002226,326052.0950146715
2025-08-14 00:30:00,326047.33437050565,326051.9642363812
2025-08-14 04:30:00,326056.53066655906,326051.82771348744
2025-08-14 08:30:00,326054.8249019685,326051.8366422586
2025-08-14 12:30:00,326055.56653874693,326051.89640114
2025-08-14 16:30:00,326054.1574288678,326051.8999780658
2025-08-14 20:30:00,326054.52824725705,326051.9804727462
2025-08-15 00:30:00,326040.21465743205,326051.86684105836
2025-08-15 04:30:00,326040.6596394991,326051.7216250624
2025-08-15 08:30:00,326055.7890297806,326051.76258114463
2025-08-15 12:30:00,326058.90390425024,326051.82166190847
2025-08-15 16:30:00,326050.0042629082,326051.7288522511
2025-08-15 20:30:00,326039.10220226424,326051.66140411055
2025-08-16 00:30:00,326038.58305651933,326051.5016114767
2025-08-16 04:30:00,326044.9611328144,326051.3268899875
2025-08-16 08:30:00,326048.7434803848,326051.14614406467
2025-08-16 12:30:00,326041.0304578883,326050.9856492343
2025-08-16 16:30:00,326055.9373571362,326050.89772601903
2025-08-16 20:30:00,326051.6358638209,326050.821438502
2025-08-17 00:30:00,326034.3557268818,326050.74835472833
2025-08-17 04:30:00,326037.0997829623,326050.63544799585
2025-08-17 08:30:00,326038.28640180785,326050.5130172051
2025-08-17 12:30:00,326045.62860591506,326050.42714431166
2025-08-17 16:30:00,326050.1525902639,326050.26192626776
2025-08-17 20:30:00,326050.52340865316,326050.2161348745
2025-08-18 00:30:00,326040.1404937541,326050.3244230819
2025-08-18 04:30:00,326040.9562942105,326050.3882132926
2025-08-18 08:30:00,326040.73380317696,326050.27314968617
2025-08-18 12:30:00,326043.40369557956,326050.1457603315
2025-08-18 16:30:00,326049.7817718747,326050.16220780223
2025-08-18 20:30:00,326057.34646701545,326050.19229690806
2025-08-19 00:30:00,326044.29365971376,326050.2077643613
2025-08-19 04:30:00,326041.8462583447,326050.25927358365
2025-08-19 08:30:00,326048.29849831766,326050.31756627583
2025-08-19 12:30:00,326057.42063069326,326050.304906558
2025-08-19 16:30:00,326053.19330105576,326050.3616298606
2025-08-19 20:30:00,326060.6838325187,326050.41107248
2025-08-20 00:30:00,326065.43030790106,326050.4807707761
2025-08-20 04:30:00,326049.11429877405,326050.59887580026
2025-08-20 08:30:00,326045.2577875258,326050.56422013557
2025-08-20 12:30:00,326059.71970470663,326050.562085755
2025-08-20 16:30:00,326059.71970470663,326050.5734406499
2025-08-20 20:30:00,326060.0905230959,326050.6515470864
2025-08-21 00:30:00,326064.7628348004,326050.81102552556
2025-08-21 04:30:00,326045.2577875258,326050.6971181413
2025-08-21 08:30:00,326049.9300992304,326050.7236399604
2025-08-21 12:30:00,326063.7987069884,326050.84147153125
2025-08-21 16:30:00,326069.7318012164,326050.92695583357
2025-08-21 20:30:00,326060.1646867737,326050.9222653297
2025-08-22 00:30:00,326088.1985570012,326051.075767572
2025-08-22 04:30:00,326057.86561276036,326051.3069283033
2025-08-22 08:30:00,326053.9349378343,326051.2997812419
2025-08-22 12:30:00,326058.8297405724,326051.2379318636
2025-08-22 16:30:00,326071.14091109554,326051.4011386188
2025-08-22 20:30:00,326062.9087428542,326051.4523165004
2025-08-23 00:30:00,326072.62418465264,326051.571680886
2025-08-23 04:30:00,326077.14816900145,326051.752703614
2025-08-23 08:30:01,326058.68141321675,326051.8645816528
2025-08-23 12:30:00,326068.5451823708,326051.8218910599
2025-08-23 16:30:00,326073.7366398203,326051.90036909364
2025-08-23 20:30:00,326060.9804872301,326052.0167448053
2025-08-24 00:30:00,326074.18162188743,326052.13929749496
2025-08-24 04:30:00,326067.6552182366,326052.4391752702
