,CE_MA30,WC_MA30,WE_MA30,Pc_daily,CE_season_fit,CE_deseason_PcKept,WC_season_fit,WC_deseason_PcKept,WE_season_fit,WE_deseason_PcKept
2022-10-15 00:00:00+00:00,164208.79003253876,176562.09650645073,326019.3884799605,1.2974075192766275,1.5385587163686651,164207.2514738224,1.3626853786129822,176560.73382107212,2.927501981047463,326016.46097797947
2022-10-16 00:00:00+00:00,164208.6353239131,176561.88521961178,326018.8212358194,1.27838949274701,1.5227674691274913,164207.11255644396,1.3523928198230963,176560.53282679195,2.8794563511690594,326015.94177946827
2022-10-17 00:00:00+00:00,164208.71356231978,176561.60674729027,326018.4751423237,1.2696423334567346,1.5065256104932292,164207.2070367093,1.3417000662399163,176560.26504722403,2.830558643830346,326015.64458367985
2022-10-18 00:00:00+00:00,164208.67857336527,176561.49899769464,326018.46360076295,1.2647853135971066,1.4898379466931562,164207.18873541857,1.3306102820212575,176560.16838741262,2.7808233286496136,326015.6827774343
2022-10-19 00:00:00+00:00,164208.56487000023,176561.32493782858,326018.21504244866,1.2466391683292386,1.4727094158754688,164207.09216058435,1.3191267488126877,176560.00581107978,2.730265123106788,326015.48477732553
2022-10-20 00:00:00+00:00,164208.55558291316,176561.15017770947,326018.26524224645,1.2201133906867956,1.4551450866480073,164207.1004378265,1.3072528647764354,176559.84292484468,2.678898988188294,326015.58634325827
2022-10-21 00:00:00+00:00,164208.68584569512,176561.06194441897,326018.3531709815,1.211682841621041,1.4371501565783737,164207.24869553852,1.2949921435858196,176559.7669522754,2.626740123959854,326015.72643085755
2022-10-22 00:00:00+00:00,164208.80112639378,176561.004921544,326018.2801788533,1.2198398435020863,1.4187299506558861,164207.38239644314,1.2823482133854969,176559.7225733306,2.5738039650685502,326015.70637488825
2022-10-23 00:00:00+00:00,164208.8208770832,176560.76177187552,326017.931711183,1.2082244010201368,1.3998899197158294,164207.4209871635,1.2693248157178343,176559.4924470598,2.5201061761754584,326015.41160500684
2022-10-24 00:00:00+00:00,164208.99423018465,176560.9172220724,326018.1355328849,1.1782217016998402,1.3806356388264656,164207.6135945458,1.2559258044157284,176559.661296268,2.4656626473202268,326015.6698702376
2022-10-25 00:00:00+00:00,164208.91033877435,176561.00688906183,326017.85806051927,1.1600661777223042,1.3609728056392816,164207.5493659687,1.2421551444621926,176559.76473391737,2.4104894892189552,326015.44757103006
2022-10-26 00:00:00+00:00,164208.83713117134,176560.90213508796,326017.37762193964,1.146559849300805,1.340907238702962,164207.49622393263,1.2280169108170558,176559.67411817715,2.3546030284967774,326015.02301891113
2022-10-27 00:00:00+00:00,164208.87554378988,176561.01070124566,326017.52270250657,1.1277800757122047,1.3204448757415868,164207.55509891413,1.213515287211116,176559.79718595845,2.2980198028565466,326015.22468270373
2022-10-28 00:00:00+00:00,164208.82602240305,176561.03087658668,326017.3281682793,1.1043388212256104,1.2995917718975647,164207.52643063114,1.1986545649081068,176559.83222202177,2.2407565561850675,326015.08741172316
2022-10-29 00:00:00+00:00,164208.66236848713,176561.02391931915,326017.3882735245,1.0916312569588627,1.278354097939817,164207.3840143892,1.1834391414348435,176559.84048017772,2.182830233598307,326015.20544329094
2022-10-30 00:00:00+00:00,164208.61746407766,176561.07417431063,326017.3860494308,1.0766510653812575,1.256738138437749,164207.36072593922,1.167873519279925,176559.90630079136,2.1242579764270633,326015.2617914544
2022-10-31 00:00:00+00:00,164208.52543229272,176560.86097270317,326017.3891524563,1.0596545516739044,1.234750289901545,164207.29068200281,1.1519623045613732,176559.7090103986,2.0650571171445704,326015.32409533917
2022-11-01 00:00:00+00:00,164208.50922851698,176560.82849397042,326017.0854744801,1.0369000751549418,1.212397058889337,164207.29683145808,1.1357102056636101,176559.69278376477,2.0052451742375395,326015.0802293059
2022-11-02 00:00:00+00:00,164208.4425385812,176561.09399934288,326017.18209580384,1.035941528625396,1.1896850600818107,164207.25285352112,1.1191220318441713,176559.97487731103,1.944839847022159,326015.2372559568
2022-11-03 00:00:00+00:00,164208.48683416116,176561.16763914132,326017.3060821872,1.0486844095278987,1.166621014324814,164207.32021314683,1.1022026918105676,176560.0654364495,1.883859010406581,326015.4222231768
2022-11-04 00:00:00+00:00,164208.5551460211,176561.18880528276,326017.3278287164,1.0513443224869359,1.1432117466405511,164207.41193427445,1.0849571922677208,176560.10384809048,1.8223207096014458,326015.50550800684
2022-11-05 00:00:00+00:00,164208.4467449315,176561.26431064995,326017.2744546322,1.0375871030437338,1.1194641842079491,164207.3272807473,1.0673906364363992,176560.19692001352,1.7602431547800186,326015.5142114774
2022-11-06 00:00:00+00:00,164208.21862447352,176561.10976110704,326016.922492783,1.0248840267274015,1.0953853543127932,164207.12323911922,1.049508222543092,176560.0602528845,1.6976447156895031,326015.22484806733
2022-11-07 00:00:00+00:00,164208.07054027953,176561.25685240462,326016.95633814356,1.0259441609953985,1.0709823822682403,164206.99955789727,1.0313152422817708,176560.22553716233,1.6345439162151383,326015.32179422735
2022-11-08 00:00:00+00:00,164207.85013515793,176561.25807868323,326016.64368500724,1.0487665258297056,1.0462624893063244,164206.80387266862,1.0128170792479918,176560.24526160397,1.570959428898682,326015.0727255783
2022-11-09 00:00:00+00:00,164207.7687548999,176561.18709768064,326016.25707927893,1.0669060746095056,1.0212329904410782,164206.74752190948,0.9940192073458033,176560.1930784733,1.506910069412908,326014.7501692095
2022-11-10 00:00:00+00:00,164207.7077024976,176561.29365867347,326016.05202792387,1.066393248995458,0.9959012923039012,164206.7118012053,0.9749271891679299,176560.3187314843,1.442414790993743,326014.6096131329
2022-11-11 00:00:00+00:00,164207.70786730232,176561.5005078457,326016.0899242331,1.054768839888311,0.9702748909518206,164206.73759241137,0.9555466743497113,176560.54496117134,1.3774926788317001,326014.7124315543
2022-11-12 00:00:00+00:00,164207.59807164193,176561.67802153152,326015.99721797346,1.0514590873505465,0.9443613696492854,164206.65371027228,0.9358833978972851,176560.74213813362,1.3121629444242648,326014.68505502905
2022-11-13 00:00:00+00:00,164207.7997838485,176561.844471841,326016.2990525298,1.0527515545403123,0.9181683966241578,164206.88161545186,0.9159431784905053,176560.9285286625,1.2464449198909038,326015.0526076099
2022-11-14 00:00:00+00:00,164207.76465996465,176562.03345286526,326016.4579565406,1.0539964690115085,0.8917037227985598,164206.87295624186,0.8957319167611011,176561.1377209485,1.1803580522523751,326015.2775984883
2022-11-15 00:00:00+00:00,164207.77347018634,176562.15615047124,326016.7615945157,1.0607401391859337,0.8649751794952525,164206.90849500685,0.8752555935465867,176561.2808948777,1.113921897676051,326015.64767261804
2022-11-16 00:00:00+00:00,164207.6948492676,176562.42980314526,326017.0272642082,1.0928876404638384,0.83799067612022,164206.8568585915,0.8545202681204334,176561.57528287714,1.0471561156889242,326015.9801080925
2022-11-17 00:00:00+00:00,164207.77861836093,176562.543441928,326017.1572926513,1.1240972941568543,0.8107581978221496,164206.9678601631,0.8335320763990339,176561.7099098516,0.980080463360042,326016.17721218796
2022-11-18 00:00:00+00:00,164207.9196257653,176562.70476751553,326017.4446446713,1.149651517305453,0.7832858031294991,164207.13633996216,0.8122972291259867,176561.8924702864,0.912714789454075,326016.53192988184
2022-11-19 00:00:00+00:00,164207.98368998224,176562.9251162537,326017.6847254811,1.1610607671576265,0.7555816215658456,164207.22810836066,0.7908220100342352,176562.13429424367,0.8450790285577385,326016.8396464525
2022-11-20 00:00:00+00:00,164207.9507763875,176563.12790311457,326017.9637306368,1.1658563540431715,0.7276538512442314,164207.22312253626,0.7691127739866118,176562.35879034057,0.777193195180838,326017.1865374416
2022-11-21 00:00:00+00:00,164207.92770039794,176563.23897516503,326018.1018541596,1.1625441538953964,0.699510756441209,164207.2281896415,0.747175945095331,176562.49179921995,0.7090773778336465,326017.39277678175
2022-11-22 00:00:00+00:00,164207.9458098694,176563.48645108685,326018.36256038107,1.1529507318837204,0.67116066515131,164207.27464920425,0.7250180148209917,176562.76143307204,0.6407517330823971,326017.72180864797
2022-11-23 00:00:00+00:00,164207.6727172127,176563.3962490694,326018.0211598711,1.1366822519591249,0.6426119666226556,164207.03010524609,0.7026455400516483,176562.69360352933,0.5722364795846233,326017.44892339146
2022-11-24 00:00:00+00:00,164207.76124440794,176563.40011187093,326018.3393368435,1.1078444263742615,0.6138731088744457,164207.14737129907,0.6800651411625243,176562.72004672975,0.5035518921061419,326017.8357849514
2022-11-25 00:00:00+00:00,164207.78068480175,176563.48960023318,326018.58368194505,1.0620920978741804,0.5849525961970506,164207.19573220555,0.6572835000569339,176562.8323167331,0.43471829552141483,326018.1489636495
2022-11-26 00:00:00+00:00,164207.674204003,176563.32113880187,326018.33884917747,1.04603656217508,0.5558589866354589,164207.11834501638,0.6343073581890022,176562.6868314437,0.3657560587990978,326017.9730931187
2022-11-27 00:00:00+00:00,164207.5095343511,176563.18383918836,326018.2568063121,1.0394945017254333,0.5266008894568105,164206.98293346164,0.6111435145687583,176562.5726956738,0.29668558897453345,326017.9601207232
2022-11-28 00:00:00+00:00,164207.58794354534,176563.07906599154,326018.0619607281,1.028786689561457,0.49718696260277817,164207.09075658274,0.5877988237501997,176562.4912671678,0.22752732511097906,326017.834433403
2022-11-29 00:00:00+00:00,164207.5793477664,176562.85280522148,326018.1629780285,1.0322238672661348,0.4676259101275422,164207.1117218563,0.5642801938029195,176562.2885250277,0.15830173225136113,326018.0046762962
2022-11-30 00:00:00+00:00,164207.51901609593,176562.66450622215,326018.01964336017,1.0326564675830852,0.4379264796221227,164207.08108961632,0.5405945842678979,176562.12391163787,0.08902929536234083,326017.9306140648
2022-12-01 00:00:00+00:00,164207.43688731155,176562.49547384251,326018.0151453016,1.0304415773813302,0.408097459625823,164207.02878985193,0.5167490040980608,176561.9787248384,0.01973051327247921,326017.9954147883
2022-12-02 00:00:00+00:00,164207.4153546201,176562.42420784204,326018.19516001194,1.0163630007227766,0.3781476770255634,164207.0372069431,0.4927505095842191,176561.93145733245,-0.04957410739369372,326018.24473411933
2022-12-03 00:00:00+00:00,164207.3985364909,176562.41442479746,326018.1204973952,0.9805550454836217,0.348085994443861,164207.05045049643,0.4686062022669981,176561.94581859518,-0.11886405828391733,326018.2393614535
2022-12-04 00:00:00+00:00,164207.41540139128,176562.26698153224,326018.05270903494,0.955249084141542,0.31792130761623705,164207.09748008367,0.4443232268353772,176561.8226583054,-0.18811883538695717,326018.2408278703
2022-12-05 00:00:00+00:00,164207.59932066145,176562.1476322971,326018.09633037884,0.9414059942261398,0.28766254275882797,164207.3116581187,0.4199087690124628,176561.72772352808,-0.25731794510006334,326018.353648324
2022-12-06 00:00:00+00:00,164207.78557504556,176562.4732066408,326018.4196605835,0.9352795355568256,0.25731865392697084,164207.52825639164,0.39537005342911474,176562.07783658738,-0.3264409102933681,326018.7461014938
2022-12-07 00:00:00+00:00,164207.75518502714,176562.4707672301,326018.02438280365,0.9486960852576279,0.22689862036555797,164207.52828640677,0.3707143414860648,176562.1000528886,-0.39546727636938717,326018.41985008004
2022-12-08 00:00:00+00:00,164207.87587839013,176562.4620209495,326017.90723517974,0.9546157194387584,0.196411443851931,164207.67946694628,0.3459489292051487,176562.1160720203,-0.4643766173158721,326018.3716117971
2022-12-09 00:00:00+00:00,164207.92977429306,176562.3532974247,326017.8751410349,0.957811147219824,0.16586614603211225,164207.76390814703,0.321081145070298,176562.03221627962,-0.5331485417501913,326018.40828957665
2022-12-10 00:00:00+00:00,164207.81854293615,176562.20585316993,326017.865867323,0.9696156073544747,0.13527176575115274,164207.6832711704,0.2961183478589218,176561.90973482208,-0.6017626989534717,326018.467630022
2022-12-11 00:00:00+00:00,164207.66353182303,176562.03806970184,326017.8160236612,0.9713776504377165,0.104637356378394,164207.55889446664,0.2710679244643282,176561.76700177736,-0.6701987848927011,326018.4862224461
2022-12-12 00:00:00+00:00,164207.64131236813,176561.81561114846,326017.6821963348,0.9750518646327085,0.07397198312842967,164207.567340385,0.24593728770982193,176561.56967386074,-0.7384365482290194,326018.42063288303
2022-12-13 00:00:00+00:00,164207.38693822638,176561.3736821277,326017.1287512847,0.9810084465076822,0.043284720378563124,164207.343653506,0.22073387415513213,176561.15294825356,-0.8064557963104142,326017.93520708097
2022-12-14 00:00:00+00:00,164207.33959881248,176561.19367369637,326017.3075476608,0.9847732599952602,0.01258464898355205,164207.3270141635,0.195465141895813,176560.99820855446,-0.8742364011470551,326018.18178406195
2022-12-15 00:00:00+00:00,164207.18971590276,176561.1959949848,326017.1563343312,0.9841794991522571,-0.01811914641156065,164207.20783504916,0.17013856835627528,176561.02585641644,-0.9417583053674854,326018.09809263656
2022-12-16 00:00:00+00:00,164207.27266188184,176560.97726544962,326017.23234531854,0.9840658907360194,-0.04881758005974102,164207.3214794619,0.14476164807709468,176560.83250380153,-1.0090015281539226,326018.2413468467
2022-12-17 00:00:00+00:00,164207.17307214203,176561.00539035077,326017.3267087974,0.9851766392494028,-0.07950156780058248,164207.25257370982,0.11934189049725685,176560.88604846026,-1.0759461711549063,326018.40265496855
2022-12-18 00:00:00+00:00,164207.11871748776,176560.95639941696,326017.1419538803,0.9946300083978107,-0.11016202974845468,164207.2288795175,0.09388681773199459,176560.86251259924,-1.142572424373536,326018.2845263047
2022-12-19 00:00:00+00:00,164207.0991294031,176560.9721405376,326016.9968964294,1.0019172723411127,-0.1407898929793877,164207.2399192961,0.06840396234687163,176560.90373657524,-1.2088605720295709,326018.2057570014
2022-12-20 00:00:00+00:00,164207.0548305287,176560.8174353504,326016.71997235535,0.9940401346805933,-0.1713760942158964,164207.22620662293,0.042900865128776444,176560.77453448524,-1.2747909983936454,326017.9947633537
2022-12-21 00:00:00+00:00,164207.02031658593,176560.7030649429,326016.4195159357,0.9839436050794271,-0.20191158250895014,164207.22222816842,0.01738507285448132,176560.68567987005,-1.3403441935918798,326017.75986012927
2022-12-22 00:00:00+00:00,164206.88274057177,176560.71298966365,326016.42620683066,0.9704863503344919,-0.23238732191629485,164207.1151278937,-0.008135863942570598,176560.72112552758,-1.4055007593791664,326017.83170759
2022-12-23 00:00:00+00:00,164207.00179052574,176560.78193173732,326016.51380112744,0.9706128235675351,-0.26279429417633204,164207.26458481993,-0.033654393206588584,176560.81558613054,-1.4702414148794205,326017.98404254235
2022-12-24 00:00:00+00:00,164207.08841920726,176560.59844176384,326016.5998447229,0.973830033156446,-0.2931235013767688,164207.38154270864,-0.05916296359420953,176560.65760472743,-1.5345470022911014,326018.1343917252
2022-12-25 00:00:00+00:00,164207.08025039994,176560.487112653,326016.52471497544,0.9905318482439421,-0.3233659686172442,164207.40361636857,-0.08465402670906214,176560.57176667973,-1.5983984925563168,326018.123113468
2022-12-26 00:00:00+00:00,164207.15845772828,176560.6500527406,326016.5122178367,1.0081464387400654,-0.35351274666514776,164207.51197047494,-0.11012003933545939,176560.76017277993,-1.661776990991826,326018.17399482767
2022-12-27 00:00:00+00:00,164207.2968172356,176560.66275916467,326016.68755322776,1.0180921383769903,-0.3835549146038401,164207.6803721502,-0.13555346567055626,176560.79831263033,-1.72466374288028,326018.41221697064
2022-12-28 00:00:00+00:00,164207.35196116942,176560.72125251577,326016.6657747887,1.0258453524083961,-0.413483582472496,164207.7654447519,-0.1609467795543158,176560.88219929533,-1.7870401390200445,326018.45281492773
2022-12-29 00:00:00+00:00,164207.2570218823,176560.6873579947,326016.594148314,1.0171072788064823,-0.44328989389678664,164207.7003117762,-0.18629246669662008,176560.8736504614,-1.8488877212319608,326018.4430360352
2022-12-30 00:00:00+00:00,164207.34605474898,176561.06302301696,326017.1394455494,0.9980467821042112,-0.4729650287096249,164207.8190197777,-0.21158302690087155,176561.27460604385,-1.9101881878214222,326019.04963373725
2022-12-31 00:00:00+00:00,164207.5115474108,176561.22225990647,326017.0987860179,0.990013982623168,-0.5025002055611925,164208.01404761637,-0.23681097628341952,176561.45907088276,-1.9709233989941342,326019.0697094169
2023-01-01 00:00:00+00:00,164207.45650973424,176560.97767405486,326016.8809227348,0.9793467517417108,-0.5318866845174837,164207.98839641875,-0.26196884948816296,176561.23964290434,-2.0310753822239755,326018.911998117
2023-01-02 00:00:00+00:00,164207.52968024416,176561.03416522418,326017.11667698645,0.9605281585557653,-0.5611157696465918,164208.0907960138,-0.2870492018956691,176561.32121442608,-2.0906263375713556,326019.207303324
2023-01-03 00:00:00+00:00,164207.39240779262,176561.11267031127,326017.01448620827,0.9440468323055029,-0.590178811591977,164207.98258660422,-0.31204461182615684,176561.42471492308,-2.149558642950505,326019.1640448512
2023-01-04 00:00:00+00:00,164207.32196602234,176561.09166950552,326016.9564186381,0.9515721273173767,-0.6190672101319483,164207.94103323246,-0.3369476827356904,176561.42861718827,-2.2078548593441325,326019.1642734975
2023-01-05 00:00:00+00:00,164207.3797016112,176560.7960723767,326016.4740537878,0.9611806364600852,-0.6477724167246077,164208.02747402794,-0.3617510454049353,176561.15782342208,-2.2654977359639115,326018.7395515238
2023-01-06 00:00:00+00:00,164207.6592814814,176560.79025819927,326016.81477972324,0.9521650583152829,-0.6762859370375024,164208.33556741846,-0.3864473601198303,176561.1767055594,-2.322470215355264,326019.1372499386
2023-01-07 00:00:00+00:00,164207.74536438595,176560.56929711293,326017.01359857543,0.9178756208533135,-0.7045993334612327,164208.4499637194,-0.4110293188435253,176560.98032643177,-2.37875543844494,326019.39235401386
2023-01-08 00:00:00+00:00,164207.70584406744,176560.32759409412,326017.00755676656,0.8769626768489616,-0.7327042276062792,164208.43854829506,-0.43548964737894913,176560.7630837415,-2.434336749529886,326019.4418935161
2023-01-09 00:00:00+00:00,164207.80214308255,176560.21249706985,326017.21466249804,0.8374345414025205,-0.7605923027822994,164208.56273538532,-0.45982110752135874,176560.67231817739,-2.4891977012059336,326019.70386019925
2023-01-10 00:00:00+00:00,164207.78340313412,176560.18767352993,326016.7966183165,0.8174043438824204,-0.7882553064591731,164208.57165844057,-0.4840164992002426,176560.67169002912,-2.543322059234855,326019.3399403757
2023-01-11 00:00:00+00:00,164207.7448596187,176560.358603975,326017.1405855848,0.80197296205165,-0.8156850527090563,164208.5605446714,-0.508068662609936,176560.8666726376,-2.59669380734833,326019.73727939214
2023-01-12 00:00:00+00:00,164207.91726928574,176560.4955367222,326017.24380525266,0.7927508642922021,-0.8428734246287329,164208.76014271038,-0.5319704803283248,176561.02750720255,-2.6492971519874264,326019.89310240466
2023-01-13 00:00:00+00:00,164207.91833530413,176560.72846881452,326017.563142636,0.7993121056518552,-0.8698123767415324,164208.78814768087,-0.5557148794230024,176561.28418369393,-2.701116526976156,326020.26425916294
2023-01-14 00:00:00+00:00,164208.0682623102,176560.60639139178,326017.59540926677,0.8158600995251012,-0.8964939373781183,164208.9647562476,-0.5792948335442657,176561.18568622533,-2.752136598127766,326020.3475458649
2023-01-15 00:00:00+00:00,164208.02939026782,176560.70487856315,326017.54736882244,0.7984600748953502,-0.9229102110354335,164208.95230047885,-0.6027033650043255,176561.30758192815,-2.802342267782371,326020.3497110902
2023-01-16 00:00:00+00:00,164208.0629495649,176560.6600733058,326017.305271128,0.7599451564898724,-0.9490533807131062,164209.01200294562,-0.6259335468421162,176561.28600685264,-2.8517186792745877,326020.1569898073
2023-01-17 00:00:00+00:00,164208.00226900043,176560.6677155836,326017.30568376847,0.7516790465563948,-0.9749157102266248,164208.97718471065,-0.6489785048730937,176561.31669408848,-2.900251221329865,326020.2059349898
2023-01-18 00:00:00+00:00,164207.88715646658,176560.359376431,326016.83262062113,0.7654943004811988,-1.000489546496602,164208.88764601309,-0.6718314197234192,176561.03120785073,-2.9479255323881954,326019.78054615355
2023-01-19 00:00:00+00:00,164207.8081112088,176560.40206866842,326016.9101140674,0.7772824533067251,-1.0257673218134418,164208.83387853063,-0.6944855288479203,176561.09655419728,-2.994727504853931,326019.9048415722
2023-01-20 00:00:00+00:00,164207.7571256333,176560.41764976422,326017.0834707927,0.7808188326422775,-1.0507415560767475,164208.80786718937,-0.7169341285312372,176561.13458389274,-3.0406432892704465,326020.12411408196
2023-01-21 00:00:00+00:00,164207.8498400225,176560.39104338933,326017.03320830414,0.7870088491896846,-1.0754048590088043,164208.9252448815,-0.7391705758715612,176561.1302139652,-3.085659298418422,326020.11886760255
2023-01-22 00:00:00+00:00,164207.8355538366,176560.3793717399,326017.1681906854,0.8169270838191854,-1.0997499323414797,164208.93530376893,-0.7611882907463735,176561.14056003065,-3.1297622113365104,326020.29795289674
2023-01-23 00:00:00+00:00,164207.6513357369,176560.54954118512,326017.02306345466,0.8713841049660308,-1.1237695719759007,164208.7751053089,-0.7829807577596122,176561.33252194288,-3.172938977263233,326020.1960024319
2023-01-24 00:00:00+00:00,164207.61450244396,176560.84911831413,326017.11009518726,0.9174441042177932,-1.1474566701142594,164208.76195911408,-0.8045415281696804,176561.6536598423,-3.215176819498903,326020.32527200674
2023-01-25 00:00:00+00:00,164207.62165624116,176560.94100458676,326017.4750036133,0.940934731964262,-1.1708042173631292,164208.79246045853,-0.8258642217977349,176561.76686880854,-3.2564632391864627,326020.7314668525
2023-01-26 00:00:00+00:00,164207.77308357455,176561.12674840164,326017.6058436075,0.9581588246346655,-1.1938053048076525,164208.96688887937,-0.8469425289156818,176561.97369093055,-3.2967860190100913,326020.9026296265
2023-01-27 00:00:00+00:00,164207.77037870808,176561.4666103279,326018.05604370247,0.9662336850566741,-1.216453126056003,164208.98683183413,-0.8677702121133276,176562.33438054,-3.336133226810509,326021.3921769293
2023-01-28 00:00:00+00:00,164207.84301961446,176561.74233706604,326017.84965403524,0.9609063533786563,-1.2387409792535042,164209.08176059372,-0.8883411081441285,176562.63067817417,-3.37449321911589,326021.22414725437
2023-01-29 00:00:00+00:00,164207.93284964512,176561.88421108437,326017.889770434,0.9509143233993503,-1.2606622690658185,164209.1935119142,-0.9086491297489956,176562.7928602141,-3.4118546445873585,326021.3016250786
2023-01-30 00:00:00+00:00,164207.9688261705,176561.7488506938,326017.81676157296,0.9419163759363679,-1.2822105086306106,164209.2510366791,-0.9286882674576112,176562.67753896126,-3.4482064473780323,326021.2649680203
2023-01-31 00:00:00+00:00,164208.15084964022,176561.95866997086,326017.92424643406,0.9500115657425946,-1.3033793214771154,164209.4542289617,-0.9484525913667287,176562.90712256223,-3.4835378704046187,326021.40778430447
2023-02-01 00:00:00+00:00,164208.11820843787,176561.97953574473,326017.61659220344,0.9457944603491342,-1.3241624434130381,164209.44237088127,-0.9679362528949256,176562.9474719976,-3.5178384585306173,326021.134430662
2023-02-02 00:00:00+00:00,164208.19527806525,176561.82902864597,326017.5295844634,0.9310846916611505,-1.3445537243782297,164209.53983178962,-0.9871334865132941,176562.81616213248,-3.551098061660158,326021.08068252506
2023-02-03 00:00:00+00:00,164208.0889337485,176561.98313061782,326017.5116994447,0.9123044095613295,-1.3645471302645888,164209.4534808788,-1.0060386114515527,176562.9891692293,-3.58330683774158,326021.09500628244
2023-02-04 00:00:00+00:00,164207.97182164036,176561.90078337013,326017.56179104705,0.8939486595475804,-1.3841367447016504,164209.35595838504,-1.0246460333790781,176562.92542940352,-3.61445525567985,326021.1762463027
2023-02-05 00:00:00+00:00,164207.6331177314,176561.67178400574,326017.41682941414,0.8778339453007599,-1.4033167708073355,164209.0364345022,-1.0429502460603572,176562.7147342518,-3.6445340981569716,326021.0613635123
2023-02-06 00:00:00+00:00,164207.38408291576,176561.7458097473,326017.07910175587,0.8560982936311726,-1.4220815329033427,164208.80616444867,-1.0609458329843706,176562.8067555803,-3.6735344643595322,326020.75263622025
2023-02-07 00:00:00+00:00,164207.32159297675,176561.93373202806,326017.0590526111,0.8277954839592591,-1.4404254781946721,164208.76201845493,-1.078627468967427,176563.01235949702,-3.701447772612603,326020.76050038374
2023-02-08 00:00:00+00:00,164207.09360903458,176562.05439735638,326016.8271187765,0.8187690755279012,-1.4583431784127863,164208.551952213,-1.0959899217289686,176563.15038727812,-3.7282657629191895,326020.5553845394
2023-02-09 00:00:00+00:00,164207.16631989193,176561.87599502606,326016.7870558905,0.808201653770387,-1.4758293314219224,164208.64214922333,-1.1130280534398884,176562.98902307948,-3.7539804994045003,326020.5410363899
2023-02-10 00:00:00+00:00,164207.22433888316,176561.71262672663,326016.5678609443,0.7899910181225399,-1.49287876278808,164208.71721764596,-1.1297368222428958,176562.84236354887,-3.778584372664298,326020.346445317
2023-02-11 00:00:00+00:00,164207.21077192418,176561.6607533037,326016.70971573144,0.7841516679312311,-1.509486427310219,164208.72025835147,-1.1461112837444842,176562.80686458744,-3.802070102016648,326020.51178583346
2023-02-12 00:00:00+00:00,164207.3256212234,176561.51033427202,326015.9729717795,0.7924061892863392,-1.5256474105132156,164208.8512686339,-1.1621465924780545,176562.6724808645,-3.8244307376563844,326019.7974025172
2023-02-13 00:00:00+00:00,164207.34664863077,176561.68676174653,326016.33202732087,0.8062415874943932,-1.5413569301021344,164208.88800556088,-1.17783800333777,176562.86459974988,-3.845659662711675,326020.1776869836
2023-02-14 00:00:00+00:00,164207.36472042935,176561.54111694632,326016.01655195764,0.8115876413121441,-1.5566103373773879,164208.92133076672,-1.193180872982707,176562.7342978193,-3.865750595202055,326019.88230255287
2023-02-15 00:00:00+00:00,164207.32800257477,176561.42364712732,326016.0075794572,0.8016347668405311,-1.571403118610359,164208.89940569337,-1.2081706612108936,176562.63181778853,-3.8846975898973675,326019.8922770471
2023-02-16 00:00:00+00:00,164207.26657673082,176561.30717119316,326015.52893717017,0.7902844141187112,-1.5857308963790882,164208.8523076272,-1.2228029323028309,176562.52997412547,-3.902495040077055,326019.43143221026
2023-02-17 00:00:00+00:00,164207.36883057488,176561.5620958694,326015.8029334608,0.7638559290007834,-1.599589430863622,164208.96842000575,-1.2370733563340925,176562.79916922573,-3.9191376791892756,326019.72207114
2023-02-18 00:00:00+00:00,164207.51273373296,176561.56070993262,326015.68773533765,0.7740239514138617,-1.612974621100644,164209.12570835405,-1.2509777104566187,176562.81168764306,-3.9346205824093623,326019.62235592003
2023-02-19 00:00:00+00:00,164207.350924382,176561.69452154794,326015.7007346243,0.7971053789527408,-1.6258825061970161,164208.97680688818,-1.2645118801483246,176562.95903342808,-3.948939168097157,326019.64967379236
2023-02-20 00:00:00+00:00,164207.23464907648,176561.70105290975,326015.4701627899,0.7862116496038046,-1.63830926650187,164208.87295834298,-1.2776718604306545,176562.9787247702,-3.9620891991527873,326019.4322519891
2023-02-21 00:00:00+00:00,164207.20670464102,176561.7429407755,326015.4838171835,0.7665376424568725,-1.6502512247369043,164208.85695586575,-1.2904537570537191,176563.03339453254,-3.974066784270504,326019.4578839678
2023-02-22 00:00:00+00:00,164207.2383699294,176561.74779616806,326015.4272537554,0.7646570265587798,-1.6617048470845504,164208.9000747765,-1.3028537876486677,176563.0506499557,-3.9848683790901696,326019.41212213447
2023-02-23 00:00:00+00:00,164207.22698089093,176561.51576032848,326015.0802286021,0.7553151598085606,-1.6726667442336831,164208.89964763517,-1.3148682828469487,176562.83062861132,-3.994490787246093,326019.0747193894
2023-02-24 00:00:00+00:00,164207.13613242964,176561.22455212427,326014.6523996765,0.743825564846702,-1.6831336723825776,164208.81926610201,-1.3264936873661388,176562.55104581165,-4.002931161312894,326018.6553308378
2023-02-25 00:00:00+00:00,164206.94940520325,176560.99007607813,326014.56206484424,0.7260822890424,-1.6931025341987969,164208.64250773744,-1.3377265610620062,176562.3278026392,-4.0101870036480936,326018.5722518479
2023-02-26 00:00:00+00:00,164206.85777421837,176560.85167579763,326014.1444192844,0.7048736098380081,-1.702570379735746,164208.5603445981,-1.3485635799465043,176562.2002393776,-4.016256167131208,326018.16067545157
2023-02-27 00:00:00+00:00,164206.91236583533,176560.7167342458,326014.0695353907,0.6789801421367277,-1.7115344073056082,164208.62390024264,-1.3590015371713946,176562.07573578297,-4.02113685579912,326018.09067224653
2023-02-28 00:00:00+00:00,164206.75852082385,176560.52605043803,326013.7471854631,0.6582002455291635,-1.7199919643084076,164208.47851278816,-1.3690373439772034,176561.895087782,-4.0248276253775295,326017.77201308846
2023-03-01 00:00:00+00:00,164206.59346117664,176560.62491927075,326013.61201355705,0.6565819578348359,-1.7279405480169587,164208.32140172465,-1.3786680306072367,176562.00358730135,-4.02732738370834,326017.63934094075
2023-03-02 00:00:00+00:00,164206.48019211268,176560.5239415093,326013.7765496931,0.6503493997925034,-1.735377806317461,164208.215569919,-1.3878907471863775,176561.9118322565,-4.028635391072844,326017.8051850842
2023-03-03 00:00:00+00:00,164206.33517138148,176560.3652588044,326013.46324912034,0.6483060983379497,-1.74230153840553,164208.0774729199,-1.3967027645644108,176561.76196156896,-4.028751260410619,326017.49200038076
2023-03-04 00:00:00+00:00,164206.17502364545,176560.39252674673,326013.43747731706,0.6654209624199817,-1.7487096954374484,164207.9237333409,-1.405101475123623,176561.79762822186,-4.027674957434063,326017.46515227447
2023-03-05 00:00:00+00:00,164206.11055426704,176560.08785210078,326013.24713763717,0.6617787076753908,-1.754600381136453,164207.86515464817,-1.4130843935504367,176561.50093649433,-4.025406800638544,326017.2725444378
2023-03-06 00:00:00+00:00,164206.02098088947,176560.12179928098,326013.08078546275,0.6606227253047715,-1.7599718523538739,164207.78095274183,-1.4206491575708573,176561.54244843856,-4.021947461208147,326017.10273292393
2023-03-07 00:00:00+00:00,164206.18736788622,176560.18794755457,326012.98153741885,0.6927749532693875,-1.764822519584959,164207.9521904058,-1.4277935286495056,176561.61574108322,-4.017297962817067,326016.99883538164
2023-03-08 00:00:00+00:00,164206.30286038865,176560.31998030192,326013.3674293231,0.7385566660201827,-1.7691509474392348,164208.0720113361,-1.4345153926520375,176561.75449569456,-4.01145968132668,326017.3788890044
2023-03-09 00:00:00+00:00,164206.4111922633,176560.29207250255,326013.46547927277,0.7652379849969293,-1.7729558550652613,164208.18414811837,-1.4408127604707501,176561.73288526302,-4.0044343443784065,326017.4699136171
2023-03-10 00:00:00+00:00,164206.71467424053,176560.38000347905,326013.95109521877,0.7795118648734084,-1.7762361165296574,164208.49091035707,-1.446683768613191,176561.82668724767,-3.9962240308824795,326017.9473192497
2023-03-11 00:00:00+00:00,164206.76824006045,176560.53552068668,326014.3461293325,0.799550457195437,-1.7789907611502809,164208.5472308216,-1.4521266797535954,176561.98764736645,-3.986831170402752,326018.3329605029
2023-03-12 00:00:00+00:00,164206.77968630614,176560.6275588833,326014.57150143874,0.8265108552038024,-1.7812189737834707,164208.5609052799,-1.4571398832469893,176562.08469876656,-3.9762585424377552,326018.5477599812
2023-03-13 00:00:00+00:00,164206.68561810761,176560.66127133707,326014.3992578458,0.8353074846939611,-1.7829200950652606,164208.46853820267,-1.4617218956058038,176562.12299323268,-3.9645092755982043,326018.36376712145
2023-03-14 00:00:00+00:00,164206.57519723583,176560.5661349005,326014.41692361893,0.8350318020038685,-1.7840936216064949,164208.35929085742,-1.465871360938865,176562.03200626143,-3.951586846681182,326018.3685104656
2023-03-15 00:00:00+00:00,164206.40478505773,176560.34575423895,326013.684620184,0.8476898948141146,-1.784739206141789,164208.18952426387,-1.4695870513526212,176561.8153412903,-3.937495079641308,326017.62211526366
2023-03-16 00:00:00+00:00,164206.19070100543,176560.2439348754,326013.6322242745,0.8725179618571323,-1.7848566576322933,164207.97555766307,-1.4728678673145004,176561.71680274274,-3.922238144459163,326017.55446241895
2023-03-17 00:00:00+00:00,164206.1176587439,176560.17000996543,326013.3144265964,0.905837618276261,-1.7844459413222216,164207.90210468523,-1.4757128379782758,176561.6457228034,-3.9058205559073294,326017.2202471523
2023-03-18 00:00:00+00:00,164206.07313141943,176560.19092033018,326013.4938624536,0.9287817897611603,-1.7835071787491383,164207.85663859817,-1.4781211214713572,176561.66904145165,-3.8882471722143928,326017.38210962585
2023-03-19 00:00:00+00:00,164206.00116483876,176559.9912011533,326013.3631944219,0.9357575501517204,-1.7820406477079918,164207.78320548646,-1.4800920051439126,176561.47129315842,-3.869523193627316,326017.23271761555
2023-03-20 00:00:00+00:00,164205.90116203338,176559.9031462212,326013.44353942754,0.9387103386992143,-1.7800467821689114,164207.68120881554,-1.4816249057797555,176561.38477112696,-3.8496541608726025,326017.2931935884
2023-03-21 00:00:00+00:00,164206.08759250498,176559.72209992417,326013.5108790741,0.9315766786703534,-1.777526172148788,164207.86511867712,-1.4827193697689256,176561.20481929393,-3.8286459535167072,326017.3395250276
2023-03-22 00:00:00+00:00,164206.14821440034,176559.7196166931,326013.7775407577,0.8984522970761949,-1.7744795635366801,164207.92269396386,-1.4833750732419204,176561.20299176633,-3.806504788226177,326017.58404554595
2023-03-23 00:00:00+00:00,164206.1976250241,176559.70704527965,326013.89615141007,0.8576574169298207,-1.7709078578730904,164207.96853288196,-1.4835918221655326,176561.19063710183,-3.783237216928036,326017.679388627
2023-03-24 00:00:00+00:00,164206.2668360073,176559.773782047,326014.0125797831,0.8358930511052071,-1.7668121120831883,164208.0336481194,-1.483369552400269,176561.25715159942,-3.7588501248709734,326017.771429908
2023-03-25 00:00:00+00:00,164206.3029514072,176559.77138627187,326014.4167957147,0.8204825899135054,-1.7621935381640474,164208.06514494537,-1.4827083297193289,176561.25409460158,-3.733350728587877,326018.1501464433
2023-03-26 00:00:00+00:00,164206.19418827098,176559.79475488566,326014.6384695836,0.7972456620212446,-1.7570535028259957,164207.95124177382,-1.4816083497891417,176561.27636323546,-3.7067465737603547,326018.3452161573
2023-03-27 00:00:00+00:00,164206.18445974027,176559.77268947873,326014.43072392495,0.7743639949145896,-1.7513935270881855,164207.93585326735,-1.4800699381114653,176561.25275941685,-3.6790455329858385,326018.10976945795
2023-03-28 00:00:00+00:00,164206.2175759127,176559.5588554651,326014.4480437212,0.7690607522460292,-1.7452152858284973,164207.96279119854,-1.4780935499270664,176561.03694901502,-3.650255803447961,326018.09829952463
2023-03-29 00:00:00+00:00,164205.9837939511,176559.3574750024,326014.42546800815,0.7597290430203429,-1.7385206072879185,164207.7223145584,-1.4756797700810056,176560.8331547725,-3.620385904490874,326018.04585391266
2023-03-30 00:00:00+00:00,164206.02214195856,176559.34209530446,326014.3535757717,0.727296338585802,-1.731311472529536,164207.7534534311,-1.4728293128495733,176560.8149246173,-3.5894446750982394,326017.94302044675
2023-03-31 00:00:00+00:00,164206.06115724525,176559.1595665996,326014.479985704,0.6881515228618204,-1.723590014852309,164207.7847472601,-1.4695430217289234,176560.62910962134,-3.5574412712776327,326018.03742697526
2023-04-01 00:00:00+00:00,164205.97611756678,176559.1496661939,326014.51392199396,0.672099333226773,-1.7153585191597904,164207.69147608595,-1.4658218691854703,176560.61548806308,-3.524385163351128,326018.0383071573
2023-04-02 00:00:00+00:00,164206.07002127884,176559.11343440617,326014.776211144,0.6767137453483277,-1.7066194212839871,164207.77664070012,-1.461666956368119,176560.57510136254,-3.490286133152882,326018.26649727713
2023-04-03 00:00:00+00:00,164206.2644759834,176559.2345590598,326015.12399620615,0.688384694949491,-1.69737530726456,164207.96185129066,-1.4570795127824185,176560.6916385726,-3.4551542711345324,326018.5791504773
2023-04-04 00:00:00+00:00,164206.4297319767,176559.53122005062,326015.54001092404,0.6940536767378944,-1.6876289125835706,164208.1173608893,-1.45206089592673,176560.98328094653,-3.4189999733792673,326018.95901089744
2023-04-05 00:00:00+00:00,164206.54683287296,176559.7119800496,326015.8027045915,0.7048437873424215,-1.677383121356009,164208.22421599433,-1.4466125908905239,176561.15859264048,-3.381833938525458,326019.18453853
2023-04-06 00:00:00+00:00,164206.54991612176,176559.7806198966,326015.7596911506,0.7340114704111329,-1.666640965476339,164208.21655708723,-1.4407362099149141,176561.22135610651,-3.3436671646007645,326019.10335831525
2023-04-07 00:00:00+00:00,164206.64472715108,176559.64756691983,326015.1453484088,0.7614303628982574,-1.6554056237213095,164208.3001327748,-1.4344334919155741,176561.08200041176,-3.304510945767632,326018.4498593545
2023-04-08 00:00:00+00:00,164206.55741412647,176559.6965945624,326014.76933691185,0.7591381935705309,-1.6436804208093057,164208.2010945473,-1.4277063019681606,176561.12430086438,-3.264376868981179,326018.0337137808
2023-04-09 00:00:00+00:00,164206.5000445332,176559.60473385127,326014.1314447737,0.7461993493531432,-1.6314688264165091,164208.1315133596,-1.4205566307564088,176561.02529048204,-3.223276810560421,326017.35472158424
2023-04-10 00:00:00+00:00,164206.5256109632,176559.4971986324,326013.6282077003,0.7325921964669154,-1.6187744541501667,164208.14438541734,-1.412986593983058,176560.91018522638,-3.18122293267388,326016.809430633
2023-04-11 00:00:00+00:00,164206.61618760388,176559.47333044026,326013.5199849241,0.7215990821147594,-1.6056010604792645,164208.22178866435,-1.4049984317437791,176560.878328872,-3.1382276797406066,326016.6582126039
2023-04-12 00:00:00+00:00,164206.6094962557,176559.62131100884,326013.65525887517,0.7266538372053523,-1.5919525436229292,164208.20144879931,-1.396594507864296,176561.0179055167,-3.094303774747668,326016.74956264993
2023-04-13 00:00:00+00:00,164206.82559230237,176559.6666009525,326013.69430832745,0.7574485772899303,-1.5778329423968829,164208.40342524476,-1.3877773092008914,176561.0543782617,-3.049464215485223,326016.7437725429
2023-04-14 00:00:00+00:00,164206.94686015375,176559.77825545723,326014.0299624254,0.7959863776623024,-1.56324643501829,164208.51010658877,-1.378549444904504,176561.15680490213,-3.0037222707002535,326017.0336846961
2023-04-15 00:00:00+00:00,164207.12125978898,176559.87283120683,326013.98714124586,0.8084463857254983,-1.5481973378693579,164208.66945712685,-1.368913645648641,176561.24174485248,-2.9570914761701377,326016.94423272205
2023-04-16 00:00:00+00:00,164207.13882259608,176560.0690943205,326014.37106425746,0.8172179126716704,-1.5326901042200503,164208.6715127003,-1.358872762821328,176561.42796708332,-2.9095856306971974,326017.28064988815
2023-04-17 00:00:00+00:00,164207.28916882686,176560.02103802125,326014.5205688517,0.830151495803572,-1.516729322910292,164208.80589814976,-1.348429767681336,176561.36946778893,-2.8612187920254026,326017.3817876437
2023-04-18 00:00:00+00:00,164207.27062538321,176560.1282590875,326014.6565344104,0.8416169583006194,-1.5003197169920555,164208.7709451002,-1.3375877504789375,176561.465846838,-2.8120052726804623,326017.46853968303
2023-04-19 00:00:00+00:00,164207.24227352685,176560.12788887304,326014.4682593576,0.8474706392474521,-1.4834661423317381,164208.72573966917,-1.3263499195414552,176561.4542387926,-2.7619596357345224,326017.2302189933
2023-04-20 00:00:00+00:00,164207.29212032226,176560.2920626124,326014.5674304578,0.8464747089801676,-1.4661735861732292,164208.75829390844,-1.3147196003238617,176561.6067822127,-2.7110966904967095,326017.2785271483
2023-04-21 00:00:00+00:00,164207.18348492205,176560.38960575053,326014.39630727185,0.845516972824953,-1.4484471656621072,164208.6319320877,-1.3027002344247283,176561.69230598497,-2.659431488130828,326017.05573876
2023-04-22 00:00:00+00:00,164207.2291527969,176560.22119426684,326014.09424260317,0.8550803097426373,-1.430292126331392,164208.65944492325,-1.2902953785677975,176561.5114896454,-2.6069793172014712,326016.7012219204
2023-04-23 00:00:00+00:00,164207.12985007875,176560.04030025148,326013.7896373036,0.8657328073710838,-1.4117138405493068,164208.5415639193,-1.2775087035494914,176561.31780895503,-2.5537556991498884,326016.34339300275
2023-04-24 00:00:00+00:00,164207.12008846673,176560.0788420574,326013.73116811295,0.8688499709047998,-1.3927178059295124,164208.51280627266,-1.264343993152667,176561.34318605057,-2.499776383700951,326016.23094449664
2023-04-25 00:00:00+00:00,164207.40149518935,176560.22061321614,326013.62721582514,0.8763512380091925,-1.373309643704268,164208.77480483305,-1.2508051430269294,176561.47141835917,-2.4450573442025396,326016.07227316935
2023-04-26 00:00:00+00:00,164207.35991608855,176560.36118316688,326013.55478529894,0.8842932261592674,-1.3534950970610244,164208.7134111856,-1.236896159535851,176561.59807932642,-2.38961477289879,326015.94440007186
2023-04-27 00:00:00+00:00,164207.3846198773,176560.50060781988,326013.5584838798,0.8766167497872933,-1.3332800294429181,164208.71789990674,-1.22262115857142,176561.72322897846,-2.333465076138536,326015.8919489559
2023-04-28 00:00:00+00:00,164207.50794644604,176560.7980685112,326014.1648189589,0.8630231619884702,-1.3126704228136863,164208.82061686885,-1.2079843643360846,176562.00605287554,-2.2766248695204068,326016.4414438284
2023-04-29 00:00:00+00:00,164207.55076868355,176560.62255787532,326013.98027234484,0.8585107700619119,-1.291672375887508,164208.84244105945,-1.1929901080927428,176561.81554798342,-2.219110972976016,326016.19938331784
2023-04-30 00:00:00+00:00,164207.6720928394,176560.75894996242,326014.2536450073,0.8743339004204245,-1.2702921023242943,164208.94238494174,-1.177642826883051,176561.9365927893,-2.1609404057926596,326016.4145854131
2023-05-01 00:00:00+00:00,164207.7957473633,176561.0250415522,326014.25085171044,0.878352164490631,-1.2485359288909674,164209.0442832922,-1.1619470622144328,176562.1869886144,-2.1021303815770387,326016.352982092
2023-05-02 00:00:00+00:00,164207.74919554967,176561.42657042507,326014.4050268158,0.8756838240390911,-1.226410293589271,164208.97560584327,-1.145907458716175,176562.57247788378,-2.0426983031614854,326016.44772511895
2023-05-03 00:00:00+00:00,164207.70938912485,176561.51671778655,326014.7036290411,0.8726360440953916,-1.2039217437506564,164208.9133108686,-1.1295287627650048,176562.64624654932,-1.9826617574541694,326016.68629079853
2023-05-04 00:00:00+00:00,164207.73996469862,176561.2504498868,326014.74235152145,0.8748582445341526,-1.181076934098828,164208.9210416327,-1.1128158210805623,176562.36326570789,-1.9220385102348643,326016.66439003166
2023-05-05 00:00:00+00:00,164207.60637982842,176561.11518270665,326014.8215312123,0.885080252691902,-1.1578826247804994,164208.7642624532,-1.0957735792911771,176562.21095628594,-1.8608465008977542,326016.6823777132
2023-05-06 00:00:00+00:00,164207.6018499702,176561.01200649168,326014.85589146084,0.8823748143446816,-1.1343456793649573,164208.73619564957,-1.0784070804703774,176562.09041357215,-1.799103837142885,326016.654995298
2023-05-07 00:00:00+00:00,164207.49750511875,176561.11051745008,326015.13016246713,0.8709860150071714,-1.1104730628130248,164208.60797818156,-1.0607214636445654,176562.17123891372,-1.7368287896178098,326016.8669912568
2023-05-08 00:00:00+00:00,164207.60225714542,176561.2776742572,326015.47789569205,0.8731892880053541,-1.0862718394160122,164208.68852898484,-1.0427219622722936,176562.32039621947,-1.6740397865109988,326017.15193547856
2023-05-09 00:00:00+00:00,164207.58655859198,176561.3382539926,326015.7881225496,0.8909958979714551,-1.0617491707052826,164208.6483077627,-1.024413902695602,176562.3626678953,-1.6107554080986473,326017.3988779577
2023-05-10 00:00:00+00:00,164207.70221348995,176561.58156178534,326016.3263781882,0.914699956396665,-1.03691231333304,164208.7391258033,-1.0058027025638683,176562.5873644879,-1.5469943812464775,326017.87337256945
2023-05-11 00:00:00+00:00,164207.6204263784,176561.6675706178,326016.3033182891,0.9413712384315053,-1.0117686169249667,164208.6321949953,-0.9868938692306358,176562.65446448704,-1.4827755738681494,326017.78609386296
2023-05-12 00:00:00+00:00,164207.67209422178,176561.5903726532,326016.4017006391,0.9681503068699991,-0.9863255219053544,164208.65841974368,-0.9676929981239031,176562.55806565133,-1.4181179893419502,326017.8198186284
2023-05-13 00:00:00+00:00,164207.5484527831,176561.75285067328,326016.78042533464,0.9820791930780614,-0.9605905572953584,164208.5090433404,-0.948205771090342,176562.70105644438,-1.3530407608873807,326018.13346609555
2023-05-14 00:00:00+00:00,164207.69007863745,176561.70617153353,326016.79149170156,0.9953358992609841,-0.934571338485042,164208.62464997594,-0.928437954713951,176562.63460948825,-1.2875631459033299,326018.0790548475
2023-05-15 00:00:00+00:00,164207.8081044867,176561.98403730447,326017.62008499505,1.0179234533876904,-0.9082755649798616,164208.7163800517,-0.9083953986096304,176562.89243270308,-1.2217045202695094,326018.84178951534
2023-05-16 00:00:00+00:00,164207.8273463751,176562.0108355295,326017.7333763467,1.0379499750130587,-0.8817110181222543,164208.70905739322,-0.8880840336921838,176562.8989195632,-1.1554843726128032,326018.88886071934
2023-05-17 00:00:00+00:00,164207.78430067218,176562.13512223132,326017.9023824778,1.0455039391296548,-0.8548855587890191,164208.63918623098,-0.8675098704212704,176563.00263210174,-1.0889222985402869,326018.99130477634
2023-05-18 00:00:00+00:00,164207.9507822346,176562.1403358852,326018.03914438817,1.0490722046379233,-0.8278071250651521,164208.77858935966,-0.8466789970228072,176562.9870148822,-1.0220379948405574,326019.061182383
2023-05-19 00:00:00+00:00,164207.84906969496,176562.28990477434,326018.0174330724,1.0498498969485202,-0.8004837298948415,164208.64955342485,-0.8255975776873696,176563.11550235204,-0.9548512536551428,326018.97228432604
2023-05-20 00:00:00+00:00,164207.8094049116,176562.24494827434,326017.90650985227,1.0500915899268268,-0.7729234587103112,164208.5823283703,-0.8042718507461069,176563.04922012507,-0.8873819566216938,326018.7938918089
2023-05-21 00:00:00+00:00,164207.88002137287,176562.0193442273,326017.83682683826,1.0714254800504932,-0.7451344670392055,164208.6251558399,-0.7827081268247184,176562.80205235412,-0.8196500689906772,326018.65647690726
2023-05-22 00:00:00+00:00,164207.76938435397,176562.09583161425,326017.9391285309,1.088578115604226,-0.7171249780912414,164208.48650933205,-0.7609127869760393,176562.85674440122,-0.7516756337173429,326018.6908041646
2023-05-23 00:00:00+00:00,164207.86228195706,176562.22349902985,326018.0569090557,1.079239883387345,-0.6889032803248296,164208.5511852374,-0.7388922807917848,176562.96239131063,-0.6834787655306958,326018.7403878212
2023-05-24 00:00:00+00:00,164207.79103713954,176562.25464010934,326018.0123200542,1.051987260975693,-0.6604777249943806,164208.45151486454,-0.7166531244940095,176562.97129323383,-0.6150796449812101,326018.6273996992
2023-05-25 00:00:00+00:00,164207.55523486473,176562.14951349015,326017.86717439437,1.0333525111239699,-0.631856723679042,164208.18709158842,-0.6942018990068572,176562.84371538914,-0.546498512469096,326018.4136729068
2023-05-26 00:00:00+00:00,164207.52540550998,176562.12834451458,326018.3473223861,1.0308929309100374,-0.6030487457935695,164208.12845425578,-0.6715452480091543,176562.7998897626,-0.4777556622548276,326018.82507804834
2023-05-27 00:00:00+00:00,164207.52590948326,176561.94892969288,326018.8271129835,1.02646649842427,-0.5740623160820942,164208.09997179935,-0.6486898759684405,176562.59761956884,-0.4088714364537456,326019.23598441994
2023-05-28 00:00:00+00:00,164207.6466269965,176561.92837952016,326019.04984104756,1.0254216071013313,-0.5449060120955168,164208.1915330086,-0.6256425461570121,176562.55402206632,-0.3398662190165105,326019.3897072666
2023-05-29 00:00:00+00:00,164207.63828652294,176562.3109956936,326019.703631525,1.0195391483084677,-0.5155884616532647,164208.1538749846,-0.602410078650554,176562.91340577227,-0.2707604296971444,326019.97439195466
2023-05-30 00:00:00+00:00,164207.484426981,176562.42696914467,326019.8212421438,1.0162155815633014,-0.4861183402901895,164207.9705453213,-0.578999348309978,176563.00596849297,-0.20157451801051685,326020.0228166618
2023-05-31 00:00:00+00:00,164207.4449406809,176562.26590937824,326019.8724016984,1.0195929560310713,-0.45650436868933,164207.9014450496,-0.555417282747033,176562.82132666098,-0.13232895718098714,326020.0047306556
2023-06-01 00:00:00+00:00,164207.44817752484,176561.94691640008,326020.0258222054,1.01310329573577,-0.42675531010132595,164207.87493283494,-0.5316708602743179,176562.47858726035,-0.06304423808405857,326020.0888664435
2023-06-02 00:00:00+00:00,164207.45317923868,176561.74063793276,326019.6628498968,0.993975142631219,-0.3968799677512307,164207.85005920642,-0.5077671078402864,176562.2484050406,0.006259136817202471,326019.65659076
2023-06-03 00:00:00+00:00,164207.37395412344,176561.71873592652,326019.2907538028,0.9752816546709558,-0.3668871822334936,164207.74084130567,-0.48371309894985803,176562.20244902547,0.0755606595391789,326019.2151931433
2023-06-04 00:00:00+00:00,164207.5222387257,176561.78981049792,326019.1102419558,0.9564724514978783,-0.33678582889588515,164207.8590245546,-0.45951595157125424,176562.2493264495,0.14483982264634543,326018.9654021331
2023-06-05 00:00:00+00:00,164207.33025632243,176561.8114541411,326019.1293198587,0.9325041424417577,-0.3065848152131446,164207.63684113763,-0.4351828260296804,176562.24663696715,0.21407612531974074,326018.9152437334
2023-06-06 00:00:00+00:00,164207.41629422008,176561.6676697806,326019.0789784196,0.9101126512435561,-0.27629307815110593,164207.69258729822,-0.41072092288846507,176562.0783907035,0.2832490794235021,326018.79572934017
2023-06-07 00:00:00+00:00,164207.28826093863,176561.51587632162,326018.7866778054,0.9042821127410813,-0.24591958152211602,164207.53418052016,-0.3861374808183044,176561.90201380244,0.35233821556761824,326018.43433958985
2023-06-08 00:00:00+00:00,164207.3060074881,176561.45688607485,326018.7246826517,0.9225509660315462,-0.21547331333248654,164207.52148080143,-0.3614397744552135,176561.8183258493,0.42132308916517514,326018.30335956253
2023-06-09 00:00:00+00:00,164207.17689073336,176561.499931202,326018.7590591118,0.9423126460418038,-0.18496328312280963,164207.3618540165,-0.33663511224785453,176561.83656631425,0.49018328648221154,326018.26887582534
2023-06-10 00:00:00+00:00,164207.25181250004,176561.40970364574,326018.9819198406,0.947909764980371,-0.15439851930188375,164207.40621101935,-0.3117308342948434,176561.72143448004,0.5588984306784863,326018.42302140995
2023-06-11 00:00:00+00:00,164207.1904195571,176561.61433595323,326019.33488904656,0.9490473485084294,-0.12378806647506457,164207.31420762357,-0.2867343101726987,176561.9010702634,0.6274481878373097,326018.7074408587
2023-06-12 00:00:00+00:00,164207.20057518888,176561.58420968385,326019.4950826563,0.9446703972765439,-0.09314098276781546,164207.29371617164,-0.2616529367550612,176561.8458626206,0.6958122729826843,326018.7992703834
2023-06-13 00:00:00+00:00,164207.22806642004,176561.67681471983,326019.91868941404,0.9327359904582408,-0.062466337145271056,164207.29053275718,-0.23649413602384678,176561.91330885584,0.7639704560819398,326019.15471895796
2023-06-14 00:00:00+00:00,164207.01580411513,176561.59611450176,326019.3098595195,0.9144171570975838,-0.03177320672857997,164207.04757732185,-0.21126535287295944,176561.80737985464,0.8319025680321355,326018.4779569514
2023-06-15 00:00:00+00:00,164206.86056911387,176561.51977379568,326019.2215508387,0.8956645895968904,-0.0010706741088347682,164206.86163978797,-0.18597405290522306,176561.70574784858,0.8995885066284282,326018.32196233206
2023-06-16 00:00:00+00:00,164206.84411302183,176561.39363631644,326019.08161846176,0.8898937368051824,0.029632175340604694,164206.8144808465,-0.16062772022319727,176561.55426403668,0.9670082425126219,326018.11461021926
2023-06-17 00:00:00+00:00,164206.6740171413,176561.42915028118,326019.00187802635,0.8948796626697609,0.060326256152623436,164206.61369088516,-0.13523385521450726,176561.5643841364,1.0341418251001864,326017.96773620124
2023-06-18 00:00:00+00:00,164206.7723715455,176561.3495360116,326018.62575670116,0.8933978876183413,0.0910024854548922,164206.68136906004,-0.10979997233235439,176561.45933598393,1.1009693884839646,326017.52478731266
2023-06-19 00:00:00+00:00,164206.6863531507,176561.54415047247,326018.56635239633,0.89052808674478,0.12165178565762547,164206.56470136505,-0.08433359787187655,176561.62848407036,1.1674711573127967,326017.398881239
2023-06-20 00:00:00+00:00,164206.72810098986,176561.75023382896,326018.9247259477,0.8876582858712188,0.15226508713979225,164206.5758359027,-0.05884226774299284,176561.80907609672,1.2336274526433721,326017.6910984951
2023-06-21 00:00:00+00:00,164206.73233868997,176561.88687954537,326019.09769691003,0.8910260456335285,0.18283333093296616,164206.54950535903,-0.03333352524040145,176561.9202130706,1.2994186977635558,326017.79827821226
2023-06-22 00:00:00+00:00,164206.38587076866,176561.78472750867,326019.0754066834,0.9066230273477535,0.2133474714020115,164206.17252329725,-0.007814918811406724,176561.7925424275,1.3648254239854347,326017.7105812594
2023-06-23 00:00:00+00:00,164206.60264972018,176561.79987578423,326019.36486288643,0.9200946773135001,0.24379847892183826,164206.35885124127,0.017706000177794445,176561.78216978404,1.4298282764064272,326017.93503461004
2023-06-24 00:00:00+00:00,164206.84952831126,176561.80712867362,326019.7788341621,0.941082325492971,0.2741773425494103,164206.57535096872,0.04322167967667945,176561.76390699393,1.4944080196367024,326018.28442614246
2023-06-25 00:00:00+00:00,164207.10965865318,176561.95345295567,326019.9072195988,0.9658763559191357,0.3044750726902341,164206.8051835805,0.06872456918517955,176561.88472838647,1.5585455434912574,326018.34867405536
2023-06-26 00:00:00+00:00,164207.17709552872,176562.18629723424,326019.8702594067,0.9902375900401239,0.33468270375851594,164206.84241282498,0.0942071219879857,176562.09209011224,1.6222218686449068,326018.248037538
2023-06-27 00:00:00+00:00,164207.16293820945,176562.2580809131,326019.53482018295,1.0015375592168614,0.3647912968302273,164206.79814691262,0.11966179738774746,176562.1384191157,1.685418152248581,326017.8494020307
2023-06-28 00:00:00+00:00,164207.34934699177,176562.02796709118,326019.30760962603,1.0016940674683308,0.39479194228828046,164206.95455504948,0.1450810629364903,176561.88288602824,1.7481156935052367,326017.5594939325
2023-06-29 00:00:00+00:00,164207.54609299637,176561.86825332613,326019.1145017535,0.9917838846243588,0.42467576245901906,164207.12141723392,0.17045739666458037,176561.69779592947,1.8102959392037075,326017.30420581426
2023-06-30 00:00:00+00:00,164207.53412489593,176561.99533234953,326018.87964340125,0.9752005396497528,0.45443391423926816,164207.07969098169,0.19578328930660027,176561.79954906023,1.8719404892089035,326017.00770291203
2023-07-01 00:00:00+00:00,164207.53991955827,176562.10709524207,326018.61421723507,0.9638634314211837,0.484057591713157,164207.05586196657,0.22105124652346547,176561.88604399556,1.9330311019067195,326016.6811861332
2023-07-02 00:00:00+00:00,164207.64567276344,176562.28723934406,326018.97282269096,0.9642580506357868,0.5135380287579199,164207.13213473468,0.24625379112011164,176562.04098555294,1.993549699602001,326016.97927299136
2023-07-03 00:00:00+00:00,164207.79634834654,176562.36505679393,326019.2163127567,0.9805267550824889,0.5428665016379395,164207.2534818449,0.2713834652581216,176562.09367332867,2.053478373868036,326017.16283438285
2023-07-04 00:00:00+00:00,164207.6899073556,176562.26473529934,326019.31529603305,1.0131616654692455,0.5720343315862437,164207.11787302402,0.2964328326626229,176561.96830246667,2.1127993908459577,326017.2024966422
2023-07-05 00:00:00+00:00,164207.82076769476,176562.35653360962,326019.20875496004,1.0457881199684682,0.6010328873726842,164207.21973480738,0.32139448082279365,176562.0351391288,2.1714951964924536,326017.0372597636
2023-07-06 00:00:00+00:00,164207.6180929898,176562.4570063717,326019.42199957755,1.0756248365666277,0.6298535878580617,164206.98823940195,0.34626102318534885,176562.1107453485,2.229548421774309,326017.1924511558
2023-07-07 00:00:00+00:00,164207.78081579073,176562.46964689717,326019.98534097715,1.1026182164881295,0.6584879045334208,164207.1223278862,0.37102510134033817,176562.09862179583,2.286941887808174,326017.69839908933
2023-07-08 00:00:00+00:00,164207.847260843,176562.61682886485,326020.41336913494,1.1207738719419165,0.6869273640437782,164207.16033347897,0.39567938719862217,176562.22114947764,2.343658610944082,326018.069710524
2023-07-09 00:00:00+00:00,164207.87275699325,176562.48776731206,326020.55381672684,1.1239851650864996,0.7151635506955164,164207.15759344256,0.4202165851603649,176562.0675507269,2.3996818077911706,326018.15413491905
2023-07-10 00:00:00+00:00,164207.84131563656,176562.52815122931,326020.42156710103,1.1228322525694239,0.7431881089467274,164207.0981275276,0.44462943427392265,176562.08352179505,2.454994900184163,326017.9665722008
2023-07-11 00:00:00+00:00,164207.9494811125,176562.49431454868,326020.274753444,1.1255150474559439,0.7709927458797554,164207.17848836663,0.46891071038448046,176562.02540383828,2.5095815200891245,326017.7651719239
2023-07-12 00:00:00+00:00,164207.92759526565,176562.36059521232,326019.82225424674,1.1402544285228942,0.7985692336551973,164207.129026032,0.49305322827178744,176561.86754198404,2.5634255144470073,326017.2588287323
2023-07-13 00:00:00+00:00,164207.74543541955,176562.31239344497,326019.45580011304,1.161639883747436,0.8259094119466555,164206.9195260076,0.5170498437763839,176561.7953436012,2.616510949953611,326016.83928916306
2023-07-14 00:00:00+00:00,164207.8560276122,176562.19984507732,326019.4796088497,1.1973813849857227,0.8530051903555154,164207.00302242185,0.5408934559136762,176561.65895162142,2.6688221177745133,326016.8107867319
2023-07-15 00:00:00+00:00,164208.04783417916,176562.1297903907,326019.07448716793,1.2327344835587912,0.8798485508050151,164207.16798562836,0.5645770089752246,176561.56521338172,2.720343538193547,326016.3541436297
2023-07-16 00:00:00+00:00,164208.0639502636,176562.20381082455,326019.1284596178,1.266395436969712,0.9064315499129282,164207.15751871368,0.5880934946166452,176561.61571732993,2.771059965193506,326016.3573996526
2023-07-17 00:00:00+00:00,164207.98067264698,176562.0957541997,326018.73926578165,1.2988586775745716,0.9327463213421424,164207.04792632564,0.6114359539314957,176561.48431824576,2.8209563909677016,326015.91830939066
2023-07-18 00:00:00+00:00,164208.08203541755,176562.07857745234,326019.2398084822,1.3232033865127353,0.958785078128426,164207.1232503394,0.6345974795105193,176561.44397997283,2.8700180503609842,326016.3697904318
2023-07-19 00:00:00+00:00,164208.00988409904,176561.80656312106,326019.07296495506,1.329253772897573,0.9845401149847226,164207.02534398405,0.6575712174856638,176561.14899190358,2.9182304252390145,326016.15473452985
2023-07-20 00:00:00+00:00,164208.0274954219,176561.651064155,326018.94763172034,1.3151999877557803,1.0100038105812665,164207.01749161133,0.6803503695582496,176560.97071378544,2.9655792487844006,326015.98205247155
2023-07-21 00:00:00+00:00,164207.9848618677,176561.47137341564,326018.7026237304,1.3142134835861725,1.035168629800862,164206.9496932379,0.7029281950106995,176560.76844522063,3.0120505097184926,326015.69057322067
2023-07-22 00:00:00+00:00,164208.2264300434,176561.53789718918,326019.00337997015,1.3158882306398971,1.0600271259686378,164207.16640291744,0.7252980127012183,176560.81259917648,3.0576304564475256,326015.9457495137
2023-07-23 00:00:00+00:00,164208.367087151,176561.57145157488,326019.3578461956,1.3073297440050737,1.0845719430556415,164207.28251520795,0.7474532030408548,176560.82399837184,3.10230560113195,326016.25554059446
2023-07-24 00:00:00+00:00,164208.3766571929,176561.59481918102,326019.3742107003,1.2973127121512544,1.1087958178556117,164207.26786137503,0.769387209952347,176560.82543197105,3.1460627236777037,326016.2281479766
2023-07-25 00:00:00+00:00,164208.2729174478,176561.67732102377,326019.398292727,1.2872956802974351,1.132691582134269,164207.14022586565,0.7910935428101644,176560.88622748095,3.1888888756482396,326016.20940385136
2023-07-26 00:00:00+00:00,164208.35351044452,176561.7047572296,326019.8963862952,1.2777443025228516,1.1562521647505166,164207.19725827978,0.812565778361192,176560.89219145125,3.23077138409618,326016.6656149111
2023-07-27 00:00:00+00:00,164208.3707918524,176561.76267204565,326020.3012827058,1.2525974406080422,1.179470593748907,164207.19132125864,0.8337975626254772,176560.928874483,3.2716978553134552,326017.0295848505
2023-07-28 00:00:00+00:00,164208.22833489906,176561.7827784275,326020.16697808454,1.215009197231969,1.2023399984227499,164207.02599490064,0.8547826127764686,176560.9279958147,3.311656178498786,326016.85532190604
2023-07-29 00:00:00+00:00,164208.14225769907,176561.88930835098,326020.0354449338,1.1721032729916867,1.224853611347268,164206.91740408773,0.8755147190002087,176561.01379363198,3.3506345293414728,326016.6848104045
2023-07-30 00:00:00+00:00,164208.1886838108,176561.81782189608,326020.0755099309,1.1447847695192952,1.2470047703821896,164206.9416790404,0.8959877463329202,176560.92183414975,3.3886213735204027,326016.6868885574
2023-07-31 00:00:00+00:00,164208.24577277285,176561.62312526806,326019.92276995437,1.1375340607310136,1.2687869206431777,164206.9769858522,0.9161956364764352,176560.7069296316,3.425605470117233,326016.49716448423
2023-08-01 00:00:00+00:00,164208.19901956737,176561.53352659635,326019.3614236778,1.1345382812134328,1.2901936164415284,164206.90882595093,0.9361324095909462,176560.59739418677,3.4615758749427625,326015.8998478029
2023-08-02 00:00:00+00:00,164208.02505560007,176561.62588360845,326019.0835297528,1.1371439200787183,1.3112185231915543,164206.71383707688,0.9557921660645362,176560.6700914424,3.496521943775494,326015.587007809
2023-08-03 00:00:00+00:00,164208.23684570883,176561.79507862663,326019.4212139609,1.144646399385844,1.3318554192850909,164206.90499028953,0.9751690882589714,176560.81990953838,3.530433335511436,326015.8907806254
2023-08-04 00:00:00+00:00,164208.2840593822,176561.79507920108,326019.50504654815,1.1446176022755026,1.352098197932568,164206.93196118425,0.9942574422312286,176560.80082175884,3.563300015224189,326015.9417465329
2023-08-05 00:00:00+00:00,164208.42850467828,176561.89315001713,326019.63242046494,1.1221616878156055,1.3719408689701074,164207.0565638093,1.0130515794302646,176560.8800984377,3.5951122571344505,326016.03730820783
2023-08-06 00:00:00+00:00,164208.47402252842,176562.01257168513,326019.56876286515,1.0956449372139712,1.3913775606321135,164207.0826449678,1.0315459383685155,176560.98102574676,3.6258606474880333,326015.9429022177
2023-08-07 00:00:00+00:00,164208.4031784526,176561.9885576954,326019.32174174016,1.0864315131802869,1.410402521288816,164206.9927759313,1.049735046267625,176560.93882264916,3.655536087341537,326015.6662056528
2023-08-08 00:00:00+00:00,164208.31717611832,176561.9940442439,326019.02198944776,1.0881637974292364,1.429010121148274,164206.88816599717,1.0676135206779298,176560.92643072322,3.6841297952548735,326015.3378596525
2023-08-09 00:00:00+00:00,164208.1611492004,176562.00939583304,326018.69911332487,1.0795845765302754,1.4471948539223227,164206.7139543465,1.085176071071217,176560.92421976198,3.711633309889846,326014.98748001497
2023-08-10 00:00:00+00:00,164208.19300928104,176561.86440061044,326018.53929306153,1.0704190909479319,1.4649513384559696,164206.7280579426,1.1024175004062702,176560.76198311005,3.738038492513985,326014.801254569
2023-08-11 00:00:00+00:00,164208.27752307136,176561.91364770042,326018.5835729176,1.072848714248721,1.4822743203197655,164206.79524875103,1.1193327066667602,176560.79431499375,3.7633375294089317,326014.82023538824
2023-08-12 00:00:00+00:00,164208.2056217175,176561.87448080958,326018.32197543944,1.0860483413440913,1.4991586733646793,164206.70646304413,1.1359166843710167,176560.7385641252,3.787522934182648,326014.53445250524
2023-08-13 00:00:00+00:00,164208.19953444108,176561.965153779,326018.4580420715,1.1031053174304664,1.5155994012390006,164206.68393503985,1.1521645260532258,176560.81298925294,3.810587549984756,326014.6474545215
2023-08-14 00:00:00+00:00,164208.26643211686,176562.00873436747,326018.8441555362,1.107940606120792,1.531591638866845,164206.734840478,1.16807142371563,176560.84066294375,3.832524551624363,326015.0116309846
2023-08-15 00:00:00+00:00,164208.32310184638,176562.17852641744,326019.3608037181,1.0958891310965555,1.5471306538878091,164206.7759711925,1.1836326702512956,176560.99489374718,3.8533274475897548,326015.5074762705
2023-08-16 00:00:00+00:00,164208.494387538,176562.1917482443,326019.8583281867,1.0880146569209803,1.5622118480573493,164206.93217568993,1.198843660837015,176560.9929045835,3.8729900819693275,326015.9853381047
2023-08-17 00:00:00+00:00,164208.40481335216,176562.3553804621,326019.9800583882,1.0846816375030055,1.5768307586074775,164206.82798259356,1.2136998942959532,176561.14168056782,3.8915066362732267,326016.0885517519
2023-08-18 00:00:00+00:00,164208.53062525953,176562.5805274396,326020.39221154613,1.073186314148188,1.5909830595673655,164206.93964219996,1.2281969744296148,176561.35233046516,3.9088716311551313,326016.483339915
2023-08-19 00:00:00+00:00,164208.7344128682,176562.73726467276,326020.81858616613,1.0606030341902322,1.604664563043472,164207.12974830513,1.242330611318754,176561.49493406145,3.9250799280336786,326016.8935062381
2023-08-20 00:00:00+00:00,164208.92082585456,176562.82334264892,326021.07191007084,1.059883816020374,1.6178712204588037,164207.3029546341,1.2560966225928265,176561.56724602633,3.9401267306130583,326017.13178334024
2023-08-21 00:00:00+00:00,164209.0043431635,176562.87938035585,326021.0154693133,1.065391308424599,1.630599123750956,164207.37374403977,1.2694909346676218,176561.60988942118,3.954007586302305,326017.061461727
2023-08-22 00:00:00+00:00,164208.79698033127,176562.94216489277,326020.6953234468,1.0607704964725901,1.642844506528574,164207.15413582473,1.2825095839507044,176561.65965530882,3.966718387532901,326016.72860505927
2023-08-23 00:00:00+00:00,164208.79977805904,176562.97047525024,326020.4695580949,1.047014227459537,1.654603745185883,164207.14517431386,1.2951487180143006,176561.67532653222,3.978255372974263,326016.49130272196
2023-08-24 00:00:00+00:00,164208.98917945757,176562.92331150355,326020.1925871788,1.0428621689740492,1.665873359974977,164207.3233060976,1.3074045967352967,176561.6159069068,3.9886151286467877,326016.20397205016
2023-08-25 00:00:00+00:00,164208.99353529853,176562.77693451196,326019.4739296108,1.0455952242397568,1.6766500160355298,164207.3168852825,1.3192735934020021,176561.45766091856,3.997794588932099,326015.4761350219
2023-08-26 00:00:00+00:00,164209.0262713678,176562.71236004747,326018.88681492745,1.0415298535908732,1.6869305243816324,164207.3393408434,1.3307521957873487,176561.38160785168,4.005791037480216,326014.88102389
2023-08-27 00:00:00+00:00,164208.97002452548,176562.65225809938,326018.5716935175,1.0318030525471233,1.6967118428454677,164207.27331268264,1.3418370071882173,176561.3104210922,4.01260210801336,326014.5590914095
2023-08-28 00:00:00+00:00,164209.03495661882,176562.54486575178,326018.67331531824,1.0296355729311446,1.7059910769775368,164207.32896554185,1.3525247474305777,176561.19234100435,4.018225785026184,326014.6550895332
2023-08-29 00:00:00+00:00,164209.0634128618,176562.5021567162,326018.7705918842,1.065233154524492,1.7147654809031714,164207.34864738092,1.3628122538401426,176561.13934446234,4.022660404382181,326014.7479314798
2023-08-30 00:00:00+00:00,164208.96039283622,176562.62161462443,326018.7898702329,1.1023818953380555,1.7230324581350827,164207.2373603781,1.3726964821782555,176561.24891814226,4.0259046538061405,326014.7639655791
2023-08-31 00:00:00+00:00,164208.87691618036,176562.57405968165,326018.79137049674,1.139530636151619,1.7307895623417044,164207.14612661803,1.3821745075427285,176561.1918851741,4.02795757327246,326014.76341292344
2023-09-01 00:00:00+00:00,164209.11868160692,176562.570603982,326019.1855155834,1.1766793769651827,1.7380344980711038,164207.38064710886,1.3912435252333704,176561.17936045676,4.0288185552892415,326015.1566970281
2023-09-02 00:00:00+00:00,164209.0390961044,176562.5580542269,326019.07849371305,1.2138281177787462,1.7447651214302375,164207.29433098296,1.3999008515819402,176561.15815337532,4.028487345078057,326015.05000636796
2023-09-03 00:00:00+00:00,164208.96076708852,176562.62721920884,326019.22800726246,1.2509768585923098,1.7509794407193677,164207.2097876478,1.4081439247462868,176561.21907528408,4.026964040649333,326015.2010432218
2023-09-04 00:00:00+00:00,164208.92482700292,176562.58695713215,326019.18774381845,1.2881255994058733,1.7566756170214395,164207.1681513859,1.4159703054684447,176561.17098682668,4.024249092773361,326015.16349472565
2023-09-05 00:00:00+00:00,164208.80303332995,176562.63772198983,326018.50887669186,1.3092749895812086,1.7618519647462412,164207.0411813652,1.4233776777964424,176561.21434431203,4.020343304846893,326014.488533387
2023-09-06 00:00:00+00:00,164208.87902331763,176562.68789440172,326018.4035876224,1.299748634862226,1.7665069521292018,164207.1125163655,1.4303638497696354,176561.25753055196,4.015247832655419,326014.38833978976
2023-09-07 00:00:00+00:00,164209.01590374362,176562.7653191882,326018.5917270939,1.2835020009236662,1.7706392016846642,164207.24526454194,1.4369267540673403,176561.32839243414,4.008964184031135,326014.5827629099
2023-09-08 00:00:00+00:00,164209.2176084792,176562.81745078514,326019.01342808834,1.2633414976911201,1.7742474906135022,164207.44336098857,1.443064448620588,176561.3743863365,4.001494218406765,326015.0119338699
2023-09-09 00:00:00+00:00,164209.1936026298,176562.99030538276,326018.88178559294,1.2404683828344787,1.7773307511649699,164207.41627187864,1.448775117186814,176561.54153026556,3.9928401462653165,326014.8889454467
2023-09-10 00:00:00+00:00,164209.1428909195,176563.0625302209,326018.922862188,1.2308759962882807,1.779888070952666,164207.36300284855,1.4540570698873143,176561.60847315102,3.983004528485967,326014.9398576595
2023-09-11 00:00:00+00:00,164209.32235603532,176563.18657913216,326019.3621578556,1.2295629269413741,1.7819186932245221,164207.5404373421,1.4589087437073065,176561.72767038844,3.9719902755862586,326015.39016758
2023-09-12 00:00:00+00:00,164209.37429894245,176563.24100396613,326019.29513031465,1.225100227206288,1.7834220170867379,164207.59087692536,1.4633287029584507,176561.77767526318,3.9598006468608244,326015.3353296678
2023-09-13 00:00:00+00:00,164209.47980860967,176563.40260344016,326019.3166822719,1.2327417737818298,1.784397597681596,164207.69541101198,1.4673156397036946,176561.93528780047,3.946439249416919,326015.37024302245
2023-09-14 00:00:00+00:00,164209.37920076126,176563.28625122824,326018.8703199439,1.2516006675535511,1.7848451463191037,164207.59435561494,1.4708683741443116,176561.8153828541,3.9319100371070075,326014.93840990675
2023-09-15 00:00:00+00:00,164209.2774478932,176563.430429711,326018.76289241714,1.2712136317001448,1.7847645305624185,164207.49268336262,1.4739858549690228,176561.95644385603,3.916217309358767,326014.8466751078
2023-09-16 00:00:00+00:00,164209.35876055356,176563.3663822714,326018.51669607306,1.2791325676444103,1.7841557742670395,164207.57460477928,1.4766671596650962,176561.88971511173,3.89936570990281,326014.61733036314
2023-09-17 00:00:00+00:00,164209.37071462668,176563.33673076436,326018.58336992114,1.2801968472955803,1.7830190575737486,164207.58769556912,1.4789114947913349,176561.8578192696,3.88136022539853,326014.70200969576
2023-09-18 00:00:00+00:00,164209.09248169055,176563.36639572095,326018.2877761665,1.2687657535643666,1.7813547168553034,164207.31112697368,1.4807181962128666,176561.88567752473,3.862206183958473,326014.42556998256
2023-09-19 00:00:00+00:00,164209.0254271385,176563.5805895473,326018.0176759138,1.2508195743009007,1.7791632446168995,164207.24626389387,1.482086729297674,176562.098502818,3.8419092535716617,326014.17576666025
2023-09-20 00:00:00+00:00,164208.92421084797,176563.64481695803,326018.28372493084,1.221294039101546,1.776445289350429,164207.14776555862,1.4830166890747996,176562.16180026895,3.820475440426341,326014.4632494904
2023-09-21 00:00:00+00:00,164208.9104809568,176563.64039043404,326018.4907243171,1.1997414205288806,1.7732016553425833,164207.13727930147,1.483507800354184,176562.1568826337,3.7979110871326585,326014.69281323
2023-09-22 00:00:00+00:00,164208.76965273387,176563.74795472657,326018.6399679853,1.2034430376167315,1.7694333024368505,164207.00021943144,1.4835599178080978,176562.26439480876,3.7742228708457812,326014.86574511445
2023-09-23 00:00:00+00:00,164208.6801479485,176563.74684502475,326018.6446818491,1.2146619313786384,1.765141345749482,164206.91500660277,1.4831730260141482,176562.26367199875,3.7494178012900123,326014.89526404784
2023-09-24 00:00:00+00:00,164208.5718618895,176563.84277324745,326018.5548189928,1.2344583668433795,1.7603270553395127,164206.81153483415,1.4823472394598416,176562.360426008,3.7235032186845096,326014.8313157741
2023-09-25 00:00:00+00:00,164208.5621923887,176563.8321039135,326018.584570465,1.2523315328789977,1.7549918558329296,164206.80720053287,1.4810828025087053,176562.35102111098,3.696486791571192,326014.88808367343
2023-09-26 00:00:00+00:00,164208.62213848304,176564.13106521883,326019.1035454451,1.2707830139458263,1.7491373260011018,164206.87300115704,1.4793800893279756,176562.6516851295,3.6683765145454963,326015.4351689305
2023-09-27 00:00:00+00:00,164208.58024938963,176564.32530241951,326018.8799022774,1.2823418703798477,1.742765198293596,164206.83748419135,1.4772396037778766,176562.84806281573,3.6391807058906416,326015.2407215715
2023-09-28 00:00:00+00:00,164208.5136212181,176564.2518637864,326018.8444721299,1.2738601505931102,1.7358773583255198,164206.77774385977,1.47466197926252,176562.77720180713,3.608908005116126,326015.23556412477
2023-09-29 00:00:00+00:00,164208.42766111495,176564.1248874663,326018.9392797013,1.2281717413516666,1.7284758443195338,164206.69918527064,1.4716479785424696,176562.65323948776,3.577567370401152,326015.36171233095
2023-09-30 00:00:00+00:00,164208.48049198036,176563.9569546638,326018.83565694396,1.17781627049534,1.7205628465027112,164206.75992913384,1.4681984935090293,176562.4887561703,3.5451680759437503,326015.290488868
2023-10-01 00:00:00+00:00,164208.34488979235,176563.860297206,326018.78169037733,1.1285182006405294,1.7121407064584138,164206.6327490859,1.464314544920317,176562.39598266108,3.5117197092164067,326015.26997066813
2023-10-02 00:00:00+00:00,164208.30434535007,176563.8161196443,326018.80777270446,1.0838954481002172,1.7032119164333808,164206.60113343364,1.4599972820992075,176562.3561223622,3.4772321681289706,326015.3305405363
2023-10-03 00:00:00+00:00,164208.34166006732,176563.80938033955,326018.98112142,1.0553418996184216,1.69377911860023,164206.64788094873,1.4552479825932272,176562.35413235697,3.4417156580996973,326015.53940576187
2023-10-04 00:00:00+00:00,164208.4530135706,176563.82582278515,326018.28221195564,1.0288910406146534,1.6838451042755993,164206.76916846633,1.4500680517965086,176562.37575473334,3.405180689035311,326014.8770312666
2023-10-05 00:00:00+00:00,164208.56674967436,176563.8057304673,326018.9176085589,1.0223326613560129,1.6734128130941512,164206.89333686125,1.4444590225339118,176562.36127144477,3.3676380722209522,326015.54997048667
2023-10-06 00:00:00+00:00,164208.36355299657,176563.46797163607,326018.9967732399,1.0157742820973727,1.6624853321386852,164206.70106766443,1.4384225546074365,176562.02954908146,3.329098917120935,326015.6676743228
2023-10-07 00:00:00+00:00,164208.29435672492,176563.39047182017,326019.1145725752,1.0092159028387322,1.651065895026622,164206.6432908299,1.4319604343050587,176561.95851138586,3.2895746280912896,326015.8249979471
2023-10-08 00:00:00+00:00,164208.07945855593,176563.361758396,326019.0099067886,1.0049835753225125,1.6391578809531242,164206.440300675,1.425074573872142,176561.93668382213,3.2490769010050258,326015.7608298876
2023-10-09 00:00:00+00:00,164208.09241731343,176563.15332978463,326019.03409425565,0.9983592768382247,1.626764813691139,164206.46565249973,1.417767010945572,176561.73556277368,3.207617719791136,326015.8264765359
2023-10-10 00:00:00+00:00,164208.14317910973,176563.03983694743,326019.20143891225,0.9879661484695438,1.6138903605486525,164206.52928874918,1.410039907950785,176561.62979703947,3.1652093528883514,326016.03622955934
2023-10-11 00:00:00+00:00,164208.1491326791,176562.90889594218,326019.5585126321,0.983074923696222,1.6005383312834809,164206.5485943478,1.4018955514618745,176561.50700039073,3.1218643496147247,326016.43664828246
2023-10-12 00:00:00+00:00,164208.44542970936,176563.27184374165,326019.34932129114,1.007527381047718,1.5867126769758975,164206.8587170324,1.3933363515249566,176561.87850739012,3.0775955364540826,326016.27172575466
2023-10-13 00:00:00+00:00,164208.15903871274,176562.97936023743,326019.3574482051,1.0373240288493737,1.5724174888594438,164206.5866212239,1.3843648409449953,176561.59499539647,3.0324160132604496,326016.3250321919
2023-10-14 00:00:00+00:00,164208.04943401122,176562.95239718785,326019.3380208923,1.0547217756229657,1.5576569971102718,164206.4917770141,1.3749836745363098,176561.57741351333,2.9863391493816107,326016.35168174293
2023-10-15 00:00:00+00:00,164208.00973907224,176562.8342697968,326019.2160289446,1.0610152608345136,1.542435569595364,164206.46730350264,1.365195628336969,176561.46907416845,2.9393785797028946,326016.27665036486
2023-10-16 00:00:00+00:00,164207.9374433974,176562.6923475612,326019.30089798546,1.058986083770833,1.5267577105800105,164206.4106856868,1.3550035987873177,176561.33734396243,2.8915482006123887,326016.40934978484
2023-10-17 00:00:00+00:00,164207.8354193654,176562.4336997197,326019.1117519539,1.0510248608343318,1.5106280593949266,164206.32479130602,1.3444106018728734,176561.0892891178,2.8428621658887843,326016.268889788
2023-10-18 00:00:00+00:00,164207.8329077991,176562.30615751012,326018.9171973899,1.0485918279831214,1.4940513890634,164206.33885641003,1.3334197722318486,176560.97273773787,2.793334882513041,326016.12386250735
2023-10-19 00:00:00+00:00,164207.78908207215,176562.1460500082,326019.4199595166,1.0466761630056378,1.477032604888873,164206.31204946726,1.322034362227558,176560.82401564595,2.742981006405123,326016.6769785102
2023-10-20 00:00:00+00:00,164207.8320782236,176562.20441820947,326019.05585650913,1.0380430588850988,1.4595767430033901,164206.3725014806,1.3102577409859975,176560.89416046848,2.6918154380870893,326016.36404107104
2023-10-21 00:00:00+00:00,164207.95910270122,176562.27465271653,326018.9948706241,1.0512858184462555,1.4416889688773205,164206.51741373233,1.2980933933988588,176560.97655932314,2.639853318273779,326016.3550173058
2023-10-22 00:00:00+00:00,164208.05714902448,176562.3264229617,326018.74035245,1.0611024092277148,1.4233745757908163,164206.63377444868,1.2855449190922998,176561.0408780426,2.5871100233924387,326016.15324242663
2023-10-23 00:00:00+00:00,164207.99924522117,176562.16160519735,326019.05143913906,1.070218986832818,1.4046389832674393,164206.5946062379,1.2726160313617516,176560.88898916598,2.5336011610325757,326016.517837978
2023-10-24 00:00:00+00:00,164208.18474898482,176562.106288679,326018.81913817354,1.0723115915061499,1.3854877354704458,164206.79926124934,1.2593105560731004,176560.84697812292,2.4793425653274404,326016.3397956082
2023-10-25 00:00:00+00:00,164208.149123362,176561.9754813372,326018.750792968,1.057396218393175,1.3659264995621732,164206.78319686244,1.2456324305305493,176560.72984890666,2.4243502922684415,326016.3264426758
2023-10-26 00:00:00+00:00,164208.21507683574,176561.64688775138,326018.4408111523,1.026379682452595,1.3459610640270347,164206.86911577173,1.2315857023115047,176560.41530204908,2.368640614953912,326016.0721705373
2023-10-27 00:00:00+00:00,164208.32380879932,176561.57199595385,326018.8480434898,0.9859205249140359,1.3255973369586191,164206.99821146237,1.2171745280688373,176560.35482142578,2.3122300187736538,326016.535813471
2023-10-28 00:00:00+00:00,164208.34510141597,176561.5841023304,326018.67844923586,0.9605252682423876,1.3048413443113887,164207.04026007166,1.2024031723008601,176560.3816991581,2.25513519653064,326016.4233140393
2023-10-29 00:00:00+00:00,164208.58087219924,176561.794201665,326019.04052374593,0.9366585465242375,1.2836992281174966,164207.29717297113,1.1872760060893914,176560.6069256589,2.197373043501333,326016.8431507024
2023-10-30 00:00:00+00:00,164208.597983423,176561.75107106072,326019.1965533535,0.9127918248060874,1.2621772446692698,164207.33580617834,1.1717975058062868,176560.5792735549,2.1389606524361215,326017.05759270105
2023-10-31 00:00:00+00:00,164208.6387275948,176561.88430274714,326019.23566057126,0.8889251030879374,1.2402817626678675,164207.39844583214,1.1559722517888058,176560.72833049536,2.079915308501289,326017.15574526275
2023-11-01 00:00:00+00:00,164208.59403191862,176561.9737324859,326019.136419243,0.8650583813697873,1.2180192613386756,164207.37601265727,1.1398049269842143,176560.8339275589,2.020254484164048,326017.11616475886
2023-11-02 00:00:00+00:00,164208.62811082805,176561.83612470847,326018.69022236887,0.849484904839907,1.1953963285140081,164207.43271449953,1.1233003155640304,176560.71282439292,1.9599958340221741,326016.7302265348
2023-11-03 00:00:00+00:00,164208.57793033778,176561.85255488945,326019.5771876223,0.848507411246222,1.1724196586836555,164207.4055106791,1.1064633015083065,176560.74609158793,1.8991571895797117,326017.6780304327
2023-11-04 00:00:00+00:00,164208.35100361888,176561.53887377106,326019.23714661144,0.863798991536593,1.1490960510138812,164207.20190756785,1.0892988671603847,176560.4495749039,1.8377565539703553,326017.3993900575
2023-11-05 00:00:00+00:00,164208.59296659092,176561.85182159962,326019.68074387964,0.8652157711803738,1.125432407335433,164207.46753418358,1.0718120917525356,176560.78000950787,1.7758120966300157,326017.90493178304
2023-11-06 00:00:00+00:00,164208.48745563242,176561.74046241553,326018.87001042644,0.8661142301692356,1.1014357301011881,164207.38601990233,1.0540081499029388,176560.68645426564,1.7133421479202142,326017.1566682785
2023-11-07 00:00:00+00:00,164208.742733769,176561.72668373506,326018.9564352846,0.8830557346173009,1.07711312031401,164207.66562064868,1.0358923100844253,176560.69079142498,1.6503651937038213,326017.30607009085
2023-11-08 00:00:00+00:00,164208.67455387622,176561.8657868433,326018.89839569025,0.8994038860540362,1.0524717754254465,164207.6220821008,1.0174699330654529,176560.84831691024,1.5868998698747858,326017.31149582035
2023-11-09 00:00:00+00:00,164208.711749757,176561.89504002404,326019.0895993969,0.9199530834694087,1.0275189872058919,164207.68423076978,0.9987464703237693,176560.89629355373,1.522964956843491,326017.5666344401
2023-11-10 00:00:00+00:00,164208.69307560538,176562.0573854792,326019.1361748318,0.9363281751154015,1.0022621395868332,164207.6908134658,0.9797274624332322,176561.07765801676,1.4585793739793191,326017.6775954578
2023-11-11 00:00:00+00:00,164208.29090887215,176561.45404904793,326019.3845007887,0.9400553125612229,0.9767087064758226,164207.31420016568,0.9604185374242606,176560.4936305105,1.3937621740120976,326017.9907386147
2023-11-12 00:00:00+00:00,164208.46335665789,176561.69677900083,326019.4534354048,0.9273218907565024,0.9508662495448333,164207.51249040835,0.9408254091184169,176560.75595359172,1.3285325373941086,326018.1249028674
2023-11-13 00:00:00+00:00,164208.58193546176,176561.7895468566,326019.36462249723,0.9124131842918359,0.9247424159926383,164207.65719304577,0.9209538754375908,176560.86859298116,1.262909766624275,326018.1017127306
2023-11-14 00:00:00+00:00,164208.7307441876,176561.92766699987,326019.67320467904,0.9069299616188194,0.8983449362818752,164207.83239925132,0.9008098166882988,176561.02685718317,1.1969132805362297,326018.4762913985
2023-11-15 00:00:00+00:00,164208.84238040957,176561.997719462,326019.35659117583,0.9040849241897982,0.8716816218514856,164207.9706987877,0.880399193821612,176561.11732026818,1.1305626085519904,326018.2260285673
2023-11-16 00:00:00+00:00,164208.98919139203,176562.29255625568,326019.753922886,0.9037638707019747,0.8447603628051827,164208.1444310292,0.8597280466692137,176561.432828209,1.0638773849028809,326018.6900455011
2023-11-17 00:00:00+00:00,164209.05805288514,176562.43628868362,326019.67656568735,0.9313072309429723,0.8175891255766377,164208.24046375958,0.8388024921561107,176561.59748619146,0.9968773428194342,326018.67968834453
2023-11-18 00:00:00+00:00,164209.04326555246,176562.4123087707,326019.29911261296,0.9568511376237439,0.7901759505720898,164208.2530896019,0.8176287224905441,176561.5946800482,0.929582308692033,326018.3695303043
2023-11-19 00:00:00+00:00,164208.99033587196,176562.21726425414,326019.4722472226,0.9716479330199944,0.7625289497910591,164208.22780692216,0.7962130033316114,176561.4210512508,0.8620121962039482,326018.6102350264
2023-11-20 00:00:00+00:00,164208.89561990008,176561.9975143365,326018.7476768406,0.9864447284162451,0.7346563044258755,164208.16096359567,0.7745616719351586,176561.22295266454,0.7941870004385676,326017.95348984015
2023-11-21 00:00:00+00:00,164208.96914502265,176562.00469528575,326019.01596138434,1.0009546627112889,0.7065662624407273,164208.26257876022,0.7526811352784799,176561.25201415046,0.7261267919625132,326018.2898345924
2023-11-22 00:00:00+00:00,164208.95575830914,176562.11490123472,326018.73220462125,0.9941749429356909,0.6782671361309652,164208.277491173,0.7305778681643971,176561.38432336654,0.6578517108864608,326018.0743529104
2023-11-23 00:00:00+00:00,164208.729628995,176561.99479642193,326018.8155877254,0.9815930906161157,0.6497672996633542,164208.07986169533,0.7082584113052581,176561.28653801064,0.5893819609053437,326018.22620576445
2023-11-24 00:00:00+00:00,164208.64023856155,176562.10677138396,326019.0834304401,0.9446683622703252,0.6210751865980207,164208.01916337496,0.6857293693874307,176561.42104201458,0.5207378033197478,326018.5626926368
2023-11-25 00:00:00+00:00,164208.7363449447,176562.03307907312,326019.35846389044,0.8850658044345133,0.5921992873928342,164208.14414565728,0.6629974091168768,176561.370081664,0.45193955104028394,326018.9065243394
2023-11-26 00:00:00+00:00,164208.6862517944,176561.98737727333,326019.19391324406,0.8718797559939405,0.5631481468909391,164208.1231036475,0.6400692572463638,176561.3473080161,0.38300756257666224,326018.81090568146
2023-11-27 00:00:00+00:00,164208.90028646626,176562.28986553813,326019.8141545908,0.8673119219101458,0.5339303617921948,164208.36635610447,0.6169516985849061,176561.67291383955,0.3139622360132712,326019.5001923548
2023-11-28 00:00:00+00:00,164208.9360735728,176562.33531361035,326019.34941535525,0.8623288301823696,0.5045545781092827,164208.4315189947,0.5936515739900388,176561.74166203637,0.24482400297307771,326019.1045913523
2023-11-29 00:00:00+00:00,164209.00570046357,176562.6011753217,326019.64152921137,0.8573457384545935,0.47502948860920713,164208.53067097496,0.5701757783434935,176562.03099954335,0.17561332257156836,326019.4659158888
2023-11-30 00:00:00+00:00,164208.897890876,176562.39519345545,326018.9652673394,0.8523626467268173,0.44536383024096104,164208.45252704574,0.5465312585108894,176561.84866219695,0.1063506753625596,326018.85891666403
2023-12-01 00:00:00+00:00,164209.0245020001,176562.4290795193,326019.1952551285,0.847379554999041,0.4155663815501316,164208.60893561854,0.5227250112860491,176561.906354508,0.0370565572776933,326019.15819857124
2023-12-02 00:00:00+00:00,164209.0338991578,176562.53572022417,326019.6094118732,0.8423964632712649,0.3856459600811811,164208.64825319772,0.4987640813205325,176562.03695614284,-0.032248526438653835,326019.6416603997
2023-12-03 00:00:00+00:00,164208.8825611727,176562.20732646398,326018.9829719381,0.8374133715434887,0.3556114197681972,164208.52694975294,0.474655559039012,176561.73267090495,-0.10154406729719545,326019.0845160054
2023-12-04 00:00:00+00:00,164208.95262542256,176562.40467644378,326019.02999601857,0.8324302798157127,0.3254716483148652,164208.62715377426,0.45040657854109717,176561.95426986524,-0.17080955963254052,326019.2008055782
2023-12-05 00:00:00+00:00,164208.80550275728,176562.25316796833,326018.45539101807,0.8274471880879365,0.2952355645644612,164208.51026719273,0.42602431549024683,176561.82714365283,-0.2400245066711284,326018.69541552477
2023-12-06 00:00:00+00:00,164208.85876885772,176562.36937160013,326018.9834196376,0.8224640963601604,0.26491211586062047,164208.59385674188,0.40151598499037194,176561.96785561513,-0.30916842659656685,326019.2925880642
2023-12-07 00:00:00+00:00,164208.77075301955,176562.33212736773,326019.26519138867,0.8174810046323842,0.23451027539966918,164208.53624274416,0.3768888394507662,176561.9552385283,-0.378220858610536,326019.6434122473
2023-12-08 00:00:00+00:00,164208.7700553067,176562.32042679144,326019.7404767172,0.8124979129046079,0.20403903957531955,164208.5660162671,0.3521501664400086,176561.968276625,-0.4471613689874543,326020.18763808615
2023-12-09 00:00:00+00:00,164208.75173935978,176562.12608172512,326019.5085693933,0.8075148211768318,0.17350742531648888,164208.57823193446,0.32730728652945146,176561.7987744386,-0.5159695571211504,326020.0245389504
2023-12-10 00:00:00+00:00,164208.73253316715,176562.2546575324,326018.6986411757,0.8025317294490556,0.1429244674190392,164208.58960869972,0.30236755112694097,176561.95228998127,-0.5846250615617463,326019.28326623724
2023-12-11 00:00:00+00:00,164208.76016202412,176562.2003800562,326018.9129708096,0.7975486377212796,0.11229921587224678,164208.64786280826,0.2773383403014258,176561.9230417159,-0.6531075660409136,326019.5660783757
2023-12-12 00:00:00+00:00,164208.95349282413,176562.30674507882,326018.7885393375,0.7925655459935034,0.0816407331807586,164208.87185209096,0.2522270605990721,176562.0545180182,-0.7213968054837956,326019.509936143
2023-12-13 00:00:00+00:00,164208.95386730012,176562.36419147486,326019.05415622,0.7875824542657273,0.050958091682847595,164208.90290920844,0.2270411428515426,176562.137150332,-0.7894725720057794,326019.843628792
2023-12-14 00:00:00+00:00,164208.88890883804,176562.10511777498,326018.3995754001,0.782599362537951,0.020260370865770705,164208.86864846718,0.20178803997710226,176561.903329735,-0.8573147208923146,326019.256890121
2023-12-15 00:00:00+00:00,164208.78266747817,176562.08760578738,326018.58165463066,0.7885476381807166,-0.010443345321003217,164208.7931108235,0.17647522477517574,176561.9111305626,-0.9249031765600697,326019.5065578072
2023-12-16 00:00:00+00:00,164208.58101088845,176561.80059759956,326018.17640283104,0.8165297027632429,-0.04114397115387791,164208.6221548596,0.15111018771502593,176561.64948741184,-0.9922179384976164,326019.1686207695
2023-12-17 00:00:00+00:00,164208.73538188735,176561.8142807277,326017.98545926437,0.8306266568727855,-0.07183242182374683,164208.80721430917,0.125700434719201,176561.68858029298,-1.0592390871839137,326019.0446983515
2023-12-18 00:00:00+00:00,164208.77991747172,176561.67369606261,326017.8429223953,0.8328440152466404,-0.10249961612432557,164208.88241708785,0.10025348494241715,176561.57344257768,-1.1259467899827944,326018.9688691853
2023-12-19 00:00:00+00:00,164208.9872395417,176561.72903228278,326017.80552536447,0.8382004112190771,-0.13313647913943127,164209.12037602082,0.07477686854651644,176561.65425541424,-1.1923213070117742,326018.9978466715
2023-12-20 00:00:00+00:00,164209.01012815302,176561.66694479252,326018.06430069817,0.8421614228645922,-0.16373394492840143,164209.17386209796,0.049278124472167506,176561.61766666805,-1.2583429969834075,326019.32264369517
2023-12-21 00:00:00+00:00,164208.85027042517,176561.6992291932,326018.17989081517,0.8359567478814824,-0.1942829592088413,164209.0445533844,0.023764798207978388,176561.675464395,-1.3239923230174415,326019.5038831382
2023-12-22 00:00:00+00:00,164208.93544983503,176561.67708957611,326018.12306584645,0.8222553690717783,-0.22477448203593742,164209.16022431708,-0.0017555604423380444,176561.67884513654,-1.389249858422103,326019.5123157049
2023-12-23 00:00:00+00:00,164208.88962565205,176561.59184632203,326017.9672242235,0.7871573649817947,-0.255199490477527,164209.14482514252,-0.027275399594076544,176561.61912172163,-1.4540962924427794,326019.4213205159
2023-12-24 00:00:00+00:00,164209.06714320264,176561.51209373362,326017.89953073877,0.7641676988832842,-0.2855489812841193,164209.35269218392,-0.05278716751625623,176561.56488090113,-1.5185124359763627,326019.4180431747
2023-12-25 00:00:00+00:00,164208.887529818,176561.97106449038,326017.6375332362,0.7579909123113403,-0.3158139735531069,164209.20334379154,-0.07828331486630269,176562.04934780524,-1.5824792272496209,326019.22001246345
2023-12-26 00:00:00+00:00,164208.91129744018,176562.0563195798,326017.76053919527,0.7517925179928561,-0.34598551138636324,164209.25728295156,-0.1037562969240241,176562.16007587672,-1.6459777374598972,326019.4065169327
2023-12-27 00:00:00+00:00,164208.74795353043,176561.63657395932,326017.05133640143,0.749653219197171,-0.37605466654042863,164209.12400819696,-0.12919857582420724,176561.76577253515,-1.7089891763764231,326018.7603255778
2023-12-28 00:00:00+00:00,164208.9479555104,176561.9180363081,326017.4069186114,0.7501161521537748,-0.40601254106852736,164209.35396805147,-0.15460262278719905,176562.0726389309,-1.7714948979006677,326019.1784135093
2023-12-29 00:00:00+00:00,164208.79331487403,176561.5869185602,326016.9192567054,0.7469970151784461,-0.4358502699536082,164209.22916514397,-0.17996092034678968,176561.76687948056,-1.8334764055840078,326018.752733111
2023-12-30 00:00:00+00:00,164208.97286552665,176561.74908663,326017.2649066646,0.7323662387968094,-0.46555902373165486,164209.43842455038,-0.2052659645747581,176561.9543525946,-1.8949153581011398,326019.1598220227
2023-12-31 00:00:00+00:00,164208.7967936722,176561.63675701834,326017.09438606084,0.7153597707074368,-0.4951300111044549,164209.2919236833,-0.23051026730139718,176561.86726728565,-1.955793574677553,326019.0501796355
2024-01-01 00:00:00+00:00,164208.88495470383,176561.52559985692,326016.86650803866,0.7046579943183436,-0.5245544815410919,164209.40950918538,-0.25568635833138675,176561.78128621526,-2.0160930404695234,326018.8826010791
2024-01-02 00:00:00+00:00,164209.02542022837,176561.67712097513,326017.35361017875,0.7067436515729545,-0.5538237278673721,164209.57924395625,-0.2807867876543495,176561.9579077628,-2.075795911895004,326019.42940609064
2024-01-03 00:00:00+00:00,164209.06810473403,176561.81280648836,326017.85917332396,0.7104387060486866,-0.5829290888424093,164209.65103382288,-0.30580412764942033,176562.11861061602,-2.134884521913809,326019.99405784585
2024-01-04 00:00:00+00:00,164209.1224674187,176561.9528568514,326018.1771609753,0.6992673711556563,-0.6118619517216295,164209.7343293704,-0.33073097528320305,176562.28358782668,-2.1933413852555885,326020.3705023606
2024-01-05 00:00:00+00:00,164209.26134011213,176561.99410939647,326018.2536732292,0.6887429571843313,-0.6406137548054243,164209.90195386694,-0.35555995430045084,176562.34966935078,-2.251149203594003,326020.50482243276
2024-01-06 00:00:00+00:00,164209.32393185463,176562.08847376553,326018.0712719698,0.6677910947046257,-0.6691759899726879,164209.9931078446,-0.38028371740681166,176562.46875748294,-2.3082908706655667,326020.3795628405
2024-01-07 00:00:00+00:00,164209.4102509367,176561.98927593802,326017.7360407467,0.6560272034106068,-0.6975402051985109,164210.1077911419,-0.4048949484430139,176562.39417088646,-2.3647494773316686,326020.100790224
2024-01-08 00:00:00+00:00,164209.42933060197,176561.90927277552,326017.7370524498,0.6339184014668717,-0.7256980070552743,164210.15502860904,-0.4293863645498398,176562.33865914008,-2.4205083165822705,326020.1575607664
2024-01-09 00:00:00+00:00,164209.49274209287,176561.8984983921,326017.82227409625,0.599814445795649,-0.7536410631963918,164210.24638315607,-0.453750718323233,176562.35224911044,-2.475550888479761,326020.2978249847
2024-01-10 00:00:00+00:00,164209.44655582932,176562.17298991562,326017.8020717364,0.5757016704856142,-0.7813611048219907,164210.22791693415,-0.4779807999589273,176562.6509707156,-2.529860905041567,326020.33193264145
2024-01-11 00:00:00+00:00,164209.4316638098,176562.02450570808,326018.1831562962,0.5691637166840641,-0.8088499291257799,164210.24051373894,-0.502069439385941,176562.52657514747,-2.5834222950600196,326020.76657859125
2024-01-12 00:00:00+00:00,164209.42312062636,176562.04968048644,326017.83281697996,0.5731434871158854,-0.8360994017223984,164210.2592200281,-0.526009508388321,176562.57568999482,-2.6362192088580993,326020.46903618885
2024-01-13 00:00:00+00:00,164209.58468820617,176562.2174453599,326018.57659225626,0.5726085996763383,-0.8631014590545011,164210.44778966522,-0.5497939227144896,176562.7672392826,-2.6882360229795887,326021.26482827927
2024-01-14 00:00:00+00:00,164209.63636107845,176562.20987142462,326018.29653420736,0.5527694256725226,-0.889848110778901,164210.52620918924,-0.5734156441735921,176562.7832870688,-2.7394573448123167,326021.03599155217
2024-01-15 00:00:00+00:00,164209.7409056701,176562.29125918495,326018.7072400129,0.5170035757640411,-0.9163314421310433,164210.65723711223,-0.5968676827182142,176562.88812686768,-2.7898680171430867,326021.49710803
2024-01-16 00:00:00+00:00,164209.7073393432,176562.0871948447,326019.09956011956,0.49172065220985434,-0.9425436162671039,164210.64988295946,-0.6201430985128424,176562.70733794323,-2.8394531226429245,326021.9390132422
2024-01-17 00:00:00+00:00,164209.7143783229,176562.0827001664,326019.10988331644,0.4690345295281683,-0.9684768765830409,164210.6828551995,-0.6432350039874766,176562.72593517037,-2.8881979882813615,326021.9980813047
2024-01-18 00:00:00+00:00,164209.59833694837,176561.96093779622,326019.0101010756,0.451543824769639,-0.9941235490099037,164210.59246049737,-0.6661365658757757,176562.6270743621,-2.9360881896684305,326021.94618926523
2024-01-19 00:00:00+00:00,164209.62249518008,176562.10150068047,326019.3058562407,0.4447505641886285,-1.0194760442847044,164210.64197122437,-0.6888410072371254,176562.7903416877,-2.98310955532306,326022.288965796
2024-01-20 00:00:00+00:00,164209.76725193605,176561.94519874206,326018.6961682929,0.4356535019972701,-1.0445268601962077,164210.81177879625,-0.7113416094620464,176562.6565403515,-3.0292481708666497,326021.72541646374
2024-01-21 00:00:00+00:00,164209.78831658314,176561.934294485,326019.01264255977,0.4458739450807722,-1.069268583804959,164210.85758516696,-0.7336317142603426,176562.66792619924,-3.0744903831405654,326022.0871329429
2024-01-22 00:00:00+00:00,164209.93085739092,176562.4229516077,326019.2490263473,0.4731668551621624,-1.093693893636885,164211.02455128456,-0.75570472563139,176563.17865633333,-3.118822804246316,326022.36784915155
2024-01-23 00:00:00+00:00,164209.7180430557,176562.2193010059,326019.2227948539,0.4933245693749389,-1.1177955618498412,164210.83583861755,-0.7775541118160031,176562.99685511773,-3.1622323155072563,326022.3850271694
2024-01-24 00:00:00+00:00,164209.85838012057,176561.58802249256,326018.83382188075,0.490952184555681,-1.1415664563724435,164210.99994657695,-0.799173407229286,176562.3871958998,-3.2047060713506097,326022.0385279521
2024-01-25 00:00:00+00:00,164209.88661067383,176561.30813099624,326018.86218362744,0.4741567218273606,-1.1649995430145672,164211.05161021685,-0.820556214373906,176562.1286872106,-3.2462315031086884,326022.1084151305
2024-01-26 00:00:00+00:00,164209.77359259824,176561.12483609474,326018.8442550657,0.4489782001016162,-1.1880878875488747,164210.96168048578,-0.8416962057332149,176561.96653230046,-3.286796322738158,326022.13105138845
2024-01-27 00:00:00+00:00,164209.45771599782,176560.76106547646,326019.01240770967,0.4107527347547754,-1.210824657762758,164210.66854065558,-0.8625871256436554,176561.6236526021,-3.326388526456257,326022.33879623614
2024-01-28 00:00:00+00:00,164209.54792312213,176560.88258436942,326019.12111276377,0.36912055400595517,-1.233203125480114,164210.7811262476,-0.8832227921459255,176561.76580716157,-3.3649963982929325,326022.48610916204
2024-01-29 00:00:00+00:00,164209.44459021155,176560.81961549787,326019.28433345555,0.35053269259788067,-1.2552166685523118,164210.69980688012,-0.9035970988143134,176561.72321259667,-3.402608513557771,326022.6869419691
2024-01-30 00:00:00+00:00,164209.5117592016,176560.6140739372,326019.09248943604,0.3539236894366695,-1.2768587728177887,164210.7886179744,-0.9237040165636805,176561.53777795378,-3.439213742220736,326022.53170317825
2024-01-31 00:00:00+00:00,164209.57884368298,176560.5895120633,326019.39352548204,0.3450933685153359,-1.2981230340297087,164210.876966717,-0.94353759543358,176561.53304965873,-3.4748012522057543,326022.8683267342
2024-02-01 00:00:00+00:00,164209.58127776615,176560.9688966957,326019.2426855962,0.33754956331389013,-1.3190031597510656,164210.9002809259,-0.9630919663489284,176561.93198866205,-3.5093605125960643,326022.7520461088
2024-02-02 00:00:00+00:00,164209.7341304216,176561.04866140435,326018.7735454523,0.3276302346109029,-1.339492971216732,164211.07362339282,-0.9823613428567743,176562.0310227472,-3.542881296750515,326022.31642674905
2024-02-03 00:00:00+00:00,164209.90258409473,176561.03200908453,326018.48755395564,0.30574702663640585,-1.3595864051618478,164211.2621704999,-1.0013400228385967,176562.03334910737,-3.575353685329782,326022.06290764094
2024-02-04 00:00:00+00:00,164209.76434289815,176560.69883287107,326018.7362635504,0.290439183326877,-1.3792775156160322,164211.14362041376,-1.0200223901976473,176561.71885526128,-3.6067680692316473,326022.3430316196
2024-02-05 00:00:00+00:00,164209.69421837217,176560.77296256527,326017.9623563387,0.28264587742978614,-1.3985604756629042,164211.09277884784,-1.0384029165208561,176561.8113654818,-3.6371151524345082,326021.5994714911
2024-02-06 00:00:00+00:00,164209.96717590632,176560.71892334044,326017.7139802314,0.2640564152591954,-1.4174295791643554,164211.38460548548,-1.0564761627147718,176561.77539950315,-3.666385954748211,326021.38036618615
2024-02-07 00:00:00+00:00,164209.8311259214,176560.84149968985,326017.49228488817,0.2478823826768348,-1.4358792424490807,164211.26700516386,-1.0742367806150717,176561.91573647046,-3.694571814471423,326021.18685670267
2024-02-08 00:00:00+00:00,164209.54223864095,176560.49739005335,326017.77441035,0.24877244235661541,-1.4539040059648898,164210.9961426469,-1.091679514569179,176561.5890695679,-3.7216643909547873,326021.49607474095
2024-02-09 00:00:00+00:00,164209.774420263,176560.47605155743,326017.2519601493,0.2629335202436778,-1.4714985358942694,164211.2459187989,-1.1087992029914933,176561.5848507604,-3.7476556670690497,326020.9996158164
2024-02-10 00:00:00+00:00,164209.5854626356,176560.3466166229,326016.6674058687,0.2801679048849716,-1.4886576257327413,164211.07412026133,-1.1255907798907763,176561.47220740278,-3.7725379515774407,326020.4399438203
2024-02-11 00:00:00+00:00,164209.59400009643,176560.0359427354,326016.8869100065,0.30737176578259096,-1.5053761978295603,164211.09937629427,-1.1420492763692756,176561.17799201177,-3.796303881411661,326020.6832138879
2024-02-12 00:00:00+00:00,164209.4533601466,176559.98477566332,326016.8542002969,0.34295852758138307,-1.5216493048902697,164210.9750094515,-1.1581698220930927,176561.14294548542,-3.8189464238507185,326020.67314672074
2024-02-13 00:00:00+00:00,164209.5466011861,176560.0278006314,326017.5779445296,0.37101892431716504,-1.5374721314406767,164211.08407331753,-1.1739476467333902,176561.2017482781,-3.840458878602015,326021.4184034082
2024-02-14 00:00:00+00:00,164209.52001132516,176560.1421983653,326017.19601892465,0.3769403575439962,-1.5528399952518428,164211.0728513204,-1.1893780813780177,176561.33157644668,-3.8608348797840923,326021.05685380445
2024-02-15 00:00:00+00:00,164209.59727591582,176560.17756164874,326017.35469482007,0.3822291368605874,-1.5677483487256216,164211.16502426454,-1.204456559913114,176561.38201820865,-3.880068397810382,326021.23476321786
2024-02-16 00:00:00+00:00,164209.6823706146,176560.1431981158,326017.29071057023,0.37642601055813424,-1.5821927802403661,164211.26456339486,-1.2191786203742876,176561.3623767362,-3.898153741173461,326021.1888643114
2024-02-17 00:00:00+00:00,164209.5093247551,176560.0847435399,326017.15099868237,0.3847297835916172,-1.596169015456403,164211.10549377056,-1.2335399062669945,176561.31828344616,-3.915085558129263,326021.0660842405
2024-02-18 00:00:00+00:00,164209.62222617137,176560.1071976043,326016.4829072477,0.4106773016694866,-1.6096729185808778,164211.23189908994,-1.2475361678556898,176561.35473377214,-3.930858838280747,326020.4137660859
2024-02-19 00:00:00+00:00,164209.61906055914,176559.64165054055,326016.7811587518,0.43143488045673917,-1.622700493591596,164211.24176105272,-1.261163263421388,176560.90281380396,-3.945468914060544,326020.72662766586
2024-02-20 00:00:00+00:00,164209.40369496951,176559.40266913624,326016.36100517045,0.4351162110374389,-1.6352478854195198,164211.03894285494,-1.2744171604872743,176560.67708629672,-3.95891146211218,326020.31991663255
2024-02-21 00:00:00+00:00,164209.92570452185,176559.12943838543,326016.21191364084,0.43187929471453873,-1.6473113810895408,164211.57301590295,-1.2872939370119731,176560.41673232242,-3.9711825045694176,326020.1830961454
2024-02-22 00:00:00+00:00,164210.04262338072,176559.22271352352,326016.0346248984,0.41850170739659615,-1.6588874108192042,164211.70151079155,-1.2997897825501408,176560.52250330607,-3.982278410233368,326020.0169033086
2024-02-23 00:00:00+00:00,164209.9901306924,176559.41854808733,326016.50398023723,0.3991022019572483,-1.6699725490750745,164211.66010324148,-1.3119009993800452,176560.7304490867,-3.9921958956470327,326020.4961761329
2024-02-24 00:00:00+00:00,164209.744595007,176559.54518604433,326016.57128088153,0.38732254953235196,-1.6805635155863996,164211.4251585226,-1.3236240035977769,176560.86881004792,-4.00093202606692,326020.5722129076
2024-02-25 00:00:00+00:00,164210.02556516838,176559.9370238309,326017.1007878467,0.3905674472037693,-1.6906571763157947,164211.7162223447,-1.33495532617778,176561.27197915706,-4.008484216331487,326021.10927206307
2024-02-26 00:00:00+00:00,164210.21822553675,176559.81360019636,326016.3213523145,0.40380906734268746,-1.7002505443866602,164211.91847608113,-1.3458916139994024,176561.15949181037,-4.014850231626132,326020.33620254614
2024-02-27 00:00:00+00:00,164210.2497785794,176559.93198333235,326016.83934369043,0.41692881834963674,-1.7093407809670405,164211.95911936037,-1.3564296308391275,176561.2884129632,-4.020028188144509,326020.85937187856
2024-02-28 00:00:00+00:00,164210.07571424288,176559.8239638684,326016.8971766869,0.42251372124883346,-1.717925196109683,164211.79363943898,-1.3665662583282328,176561.19053012674,-4.02401655364598,326020.92119324056
2024-02-29 00:00:00+00:00,164209.97032604984,176560.0824143114,326017.1105358548,0.42956680742190656,-1.7260012495480392,164211.69632729937,-1.376298496875563,176561.45871280826,-4.026814147909026,326021.1373500027
2024-03-01 00:00:00+00:00,164210.07943386782,176560.17113574917,326017.08956182393,0.4345803718582222,-1.733566551447964,164211.81300041926,-1.385623466555153,176561.55675921572,-4.028420143080496,326021.117981967
2024-03-02 00:00:00+00:00,164210.06614531635,176559.83928750062,326017.149780004,0.42270221569530503,-1.7406188631149107,164211.80676417946,-1.3945384079584513,176561.2338259086,-4.028834063920581,326021.1786140679
2024-03-03 00:00:00+00:00,164209.91678385626,176559.75836493197,326017.343968194,0.39403692801382323,-1.7471560976563978,164211.66393995393,-1.4030406830108701,176561.16140561498,-4.028055787943443,326021.37202398194
2024-03-04 00:00:00+00:00,164209.85740640626,176559.50351645247,326017.63240361173,0.3649594591734058,-1.7531763205995494,164211.61058272686,-1.4111277757524312,176560.91464422824,-4.026085545453467,326021.65848915715
2024-03-05 00:00:00+00:00,164209.9216675371,176559.91327565876,326017.14020716626,0.3500665413084789,-1.7586777504635407,164211.68034528758,-1.4187972930822843,176561.33207295186,-4.022923919477105,326021.16313108575
2024-03-06 00:00:00+00:00,164209.87940296024,176559.77040414148,326017.63068278634,0.34451328084469424,-1.7636587592867659,164211.64306171954,-1.4260469654668615,176561.19645110695,-4.018571845590346,326021.64925463195
2024-03-07 00:00:00+00:00,164209.6532680433,176559.82972896984,326018.0141959533,0.34968958294939506,-1.7681178731085767,164211.42138591642,-1.4328746476114669,176561.26260361745,-4.013030611641874,326022.02722656494
2024-03-08 00:00:00+00:00,164209.7550652944,176559.9416752763,326018.11571158963,0.3705516406383443,-1.7720537724054535,164211.5271190668,-1.4392783190951075,176561.3809535954,-4.0063018573719615,326022.122013447
2024-03-09 00:00:00+00:00,164210.0181269022,176560.04449910604,326018.4014864586,0.4102822100509608,-1.7754652924814722,164211.79359219468,-1.445256084968367,176561.489755191,-3.998387573927254,326022.39987403253
2024-03-10 00:00:00+00:00,164209.8339325274,176560.18874348805,326018.73668906995,0.43597018336307275,-1.7783514238129556,164211.61228395122,-1.4508061763141495,176561.63954966437,-3.9892901032715518,326022.7259791732
2024-03-11 00:00:00+00:00,164209.8807536367,176560.3111672943,326018.3940338659,0.4566832744309674,-1.7807113123472091,164211.66146494905,-1.4559269507711337,176561.76709424506,-3.9790121374927847,326022.3730460034
2024-03-12 00:00:00+00:00,164210.03160156132,176560.25712502364,326018.6521239021,0.4806412778995461,-1.7825442597552497,164211.8141458211,-1.460616893019773,176561.71774191665,-3.9675567180063833,326022.6196806201
2024-03-13 00:00:00+00:00,164210.1470109985,176560.1920355648,326018.35780431156,0.5101900415068789,-1.7838497236384487,164211.93086072215,-1.4648746152307008,176561.65691018003,-3.954927234655276,326022.31273154623
2024-03-14 00:00:00+00:00,164209.67994240375,176559.94871010658,326018.08800599247,0.5258314397118132,-1.7846273176890408,164211.46456972143,-1.4686988574754158,176561.41740896404,-3.9411274247067727,326022.0291334172
2024-03-15 00:00:00+00:00,164209.91676402147,176559.94144392022,326017.6441221576,0.5310010735086811,-1.7848768118044362,164211.7016408333,-1.4720884880991116,176561.41353240833,-3.9261613717466544,326021.57028352935
2024-03-16 00:00:00+00:00,164209.91748132464,176559.8711134794,326017.23358377843,0.5344259289922775,-1.784598132155312,164211.7020794568,-1.4750425040555522,176561.34615598345,-3.910033504470775,326021.1436172829
2024-03-17 00:00:00+00:00,164209.63312780295,176559.70793635564,326017.29663594265,0.5558923043208779,-1.78379136120746,164211.41691916416,-1.4775600312038908,176561.18549638684,-3.8927485953745333,326021.18938453804
2024-03-18 00:00:00+00:00,164209.57771842164,176559.5839007049,326017.05712081643,0.5951867625441688,-1.7824567376973832,164211.36017515935,-1.4796403245673413,176561.06354102946,-3.874311759340615,326020.9314325758
2024-03-19 00:00:00+00:00,164209.38918299793,176559.36626931225,326017.291392139,0.6295701080546982,-1.7805946565616504,164211.1697776545,-1.4812827685536285,176560.8475520808,-3.8547284521254275,326021.1461205911
2024-03-20 00:00:00+00:00,164209.29553866308,176559.65714122346,326017.1106299166,0.6475139209903015,-1.7782056688200278,164211.0737443319,-1.4824868771371524,176561.1396281006,-3.834004468744639,326020.94463438535
2024-03-21 00:00:00+00:00,164209.53074118233,176559.8360192179,326017.4355851749,0.6577124271787701,-1.7752904814124228,164211.30603166376,-1.4832522940028112,176561.31927151192,-3.812145941758346,326021.24773111666
2024-03-22 00:00:00+00:00,164209.0704866029,176560.04768557523,326017.5627107008,0.657120843464933,-1.7718499569896908,164210.8423365599,-1.4835787926514399,176561.5312643679,-3.7891593394563587,326021.35187004023
2024-03-23 00:00:00+00:00,164209.28306053716,176560.44996220974,326017.84575098904,0.6576112839905667,-1.767885113658361,164211.05094565082,-1.4834662764668356,176561.9334284862,-3.765051463944115,326021.610802453
2024-03-24 00:00:00+00:00,164209.28653701377,176560.55502763262,326018.01022842055,0.6635623777807874,-1.763397124679363,164211.04993413846,-1.482914778744347,176562.03794241138,-3.7398294491298336,326021.7500578697
2024-03-25 00:00:00+00:00,164209.4503599107,176560.36092380277,326018.0008103502,0.6753822195784475,-1.7583873181208407,164211.2087472288,-1.4819244626810235,176561.84284826546,-3.7135007586134874,326021.7143111088
2024-03-26 00:00:00+00:00,164209.48423138016,176560.30746697413,326017.5998752201,0.6748729090107494,-1.7528571764651546,164211.23708855663,-1.4804956213273206,176561.78796259547,-3.686073183478182,326021.2859484036
2024-03-27 00:00:00+00:00,164209.26695404496,176560.35037811502,326018.2539129687,0.6498284278474481,-1.7468083361701923,164211.01376238113,-1.4786286775003827,176561.8290067925,-3.6575548399846736,326021.91146780865
2024-03-28 00:00:00+00:00,164209.17210277764,176560.59366655903,326017.9344108802,0.5920679170840231,-1.7402425871851142,164210.91234536484,-1.4763241836589247,176562.0699907427,-3.627954167169615,326021.5623650474
2024-03-29 00:00:00+00:00,164209.66971721625,176560.78827502468,326017.6427499576,0.5620993734646618,-1.7331618724206757,164211.40287908868,-1.4735828217397495,176562.26185784643,-3.5972799243483173,326021.240029882
2024-03-30 00:00:00+00:00,164209.87520373942,176560.4080866512,326017.63818746875,0.555391292308741,-1.7255682871742957,164211.60077202658,-1.4704054029559541,176561.87849205415,-3.5655411885227393,326021.2037286573
2024-03-31 00:00:00+00:00,164209.34475765674,176560.3722741521,326017.35075094836,0.5360618676286322,-1.7174640785100168,164211.06222173525,-1.4667928675568758,176561.83906701964,-3.532747351695436,326020.88349830004
2024-04-01 00:00:00+00:00,164209.42970568826,176560.37193661195,326017.05458267237,0.5129403381715747,-1.7088516445935653,164211.13855733286,-1.4627462845498589,176561.8346828965,-3.4989081180903234,326020.5534907905
2024-04-02 00:00:00+00:00,164209.45011817067,176559.9807254332,326016.88971954904,0.4991124596356083,-1.6997335339827007,164211.14985170466,-1.4582668513839194,176561.4389922846,-3.4640335012810524,326020.3537530503
2024-04-03 00:00:00+00:00,164209.3284862199,176560.08642604545,326016.49306580157,0.47850835070746073,-1.6901124448730473,164211.01859866476,-1.4533558935953976,176561.53978193906,-3.428133821227812,326019.9211996228
2024-04-04 00:00:00+00:00,164209.18837644937,176560.00119980532,326017.1022309215,0.4680389981112967,-1.6799912242996606,164210.86836767365,-1.4480148644157127,176561.44921466973,-3.391219701223497,326020.4934506227
2024-04-05 00:00:00+00:00,164209.03933919393,176559.71730252655,326017.16164795315,0.48703732916913695,-1.6693728672945447,164210.70871206123,-1.4422453443413283,176561.1595478709,-3.353302064750115,326020.5149500179
2024-04-06 00:00:00+00:00,164209.03956734092,176559.62030005472,326017.01356946485,0.5447639536560928,-1.6582605160003698,164210.69782785693,-1.4360490406660573,176561.0563490954,-3.314392132246331,326020.32796159707
2024-04-07 00:00:00+00:00,164209.1187059125,176559.54065443762,326016.8581924721,0.596263575238451,-1.6466574587406626,164210.76536337123,-1.429427786975845,176560.97008222458,-3.2745014177871696,326020.13269388984
2024-04-08 00:00:00+00:00,164208.98535002687,176559.55547909392,326016.7756471211,0.6050923221718626,-1.6345671290467443,164210.6199171559,-1.4223835426061855,176560.97786263653,-3.233641725676827,326020.00928884675
2024-04-09 00:00:00+00:00,164208.986781102,176559.27403067032,326016.50012834277,0.6050776159597465,-1.621993104641685,164210.60877420663,-1.4149183920623185,176560.68894906237,-3.191825146955564,326019.69195348973
2024-04-10 00:00:00+00:00,164209.23985309122,176559.28244789017,326016.88059414655,0.611749199967259,-1.6089391063816012,164210.8487921976,-1.4070345444023913,176560.68948243457,-3.1490640558217837,326020.0296582024
2024-04-11 00:00:00+00:00,164209.15379688478,176559.21648770708,326016.5134344539,0.6319746465524076,-1.5954089971545993,164210.74920588193,-1.3987343325837673,176560.61522203966,-3.1053711059703217,326019.6188055599
2024-04-12 00:00:00+00:00,164208.95092873808,176559.25946084483,326016.376901149,0.6681618558932314,-1.5814067807376766,164210.53233551883,-1.3900202127726604,176560.6494810576,-3.060759226847986,326019.43766037584
2024-04-13 00:00:00+00:00,164209.32607605364,176559.48268081647,326016.3824690677,0.6803763862438549,-1.5669366006119436,164210.89301265424,-1.3808947636173179,176560.8635755801,-3.015241619827541,326019.39771068754
2024-04-14 00:00:00+00:00,164209.36570200566,176559.36809554667,326016.7032649847,0.669394351380106,-1.5520027387365052,164210.91770474438,-1.3713606854849616,176560.73945623214,-2.96883175430122,326019.672096739
2024-04-15 00:00:00+00:00,164209.21884615166,176559.36396414295,326016.7971598803,0.6848915613912444,-1.5366096142813512,164210.75545576593,-1.3614207996626986,176560.7253849426,-2.9215433636948904,326019.718703244
2024-04-16 00:00:00+00:00,164209.3505384979,176559.63278563585,326017.09779888805,0.7138582603311079,-1.5207617823196593,164210.87130028024,-1.35107804752266,176560.9838636834,-2.8733904414041276,326019.97118932946
2024-04-17 00:00:00+00:00,164209.6589953565,176559.87794169525,326017.5609489516,0.7143737882961432,-1.5044639324798754,164211.16345928897,-1.3403354896516049,176561.2182771849,-2.8243872366533505,326020.38533618825
2024-04-18 00:00:00+00:00,164209.7670209287,176559.99022410237,326017.59058502247,0.7114204685625131,-1.4877208875579737,164211.25474181626,-1.329196304945237,176561.31942040732,-2.7745482502792256,326020.3651332727
2024-04-19 00:00:00+00:00,164209.9339854435,176560.00921961508,326017.85943394,0.7003719624435689,-1.4705376020903143,164211.40452304558,-1.3176637896675225,176561.32688340475,-2.7238882304396492,326020.5833221704
2024-04-20 00:00:00+00:00,164209.84565894987,176560.1953408636,326017.55775593047,0.6832830273961008,-1.452919160887523,164211.29857811076,-1.3057413564752747,176561.5010822201,-2.6724221682495437,326020.2301780987
2024-04-21 00:00:00+00:00,164209.81737532283,176560.02489211253,326017.7466087534,0.6488805062939113,-1.434870777529802,164211.25224610037,-1.2934325334082863,176561.31832464595,-2.6201652933447095,326020.36677404674
2024-04-22 00:00:00+00:00,164209.63842201367,176559.71971414975,326017.5336598732,0.6058077173432442,-1.4163977928241605,164211.05481980648,-1.2807409628453352,176561.0004551126,-2.567133069375174,326020.10079294257
2024-04-23 00:00:00+00:00,164209.72358206165,176559.74799663032,326017.52096789854,0.5745047475516003,-1.3975056732239732,164211.12108773488,-1.2676704004263377,176561.01566703076,-2.5133411894292106,326020.03430908796
2024-04-24 00:00:00+00:00,164209.82976332068,176560.09943836465,326017.37709201087,0.5341656033485075,-1.3782000092113729,164211.20796332989,-1.254224713940997,176561.3536630786,-2.4588055713895187,326019.83589758223
2024-04-25 00:00:00+00:00,164209.72817068867,176559.91237986047,326017.38672921614,0.49159414233539184,-1.358486513642943,164211.0866572023,-1.2404078821842672,176561.15278774264,-2.40354235322288,326019.7902715694
2024-04-26 00:00:00+00:00,164209.78593995923,176560.1418606061,326017.1847545607,0.4370166673334097,-1.3383710200591796,164211.1243109793,-1.2262239937789554,176561.36808459988,-2.3475678882046447,326019.5323224489
2024-04-27 00:00:00+00:00,164210.03720099322,176559.79465499616,326017.29362033313,0.3911650969521361,-1.3178594809582593,164211.3550604742,-1.2116772459658356,176561.00633224213,-2.290898740079549,326019.5845190732
2024-04-28 00:00:00+00:00,164209.74460950916,176559.85867887596,326017.4571507379,0.36534747400643625,-1.2969579660346056,164211.0415674752,-1.196771943361624,176561.05545081932,-2.233551678160252,326019.690702416
2024-04-29 00:00:00+00:00,164209.69030015188,176560.12470991947,326017.3569160868,0.3555038674521711,-1.2756726603827548,164210.96597281226,-1.1815124966851622,176561.30622241617,-2.1755436723649964,326019.53245975915
2024-04-30 00:00:00+00:00,164209.7931376045,176560.10983529917,326017.4101251075,0.35607170559948526,-1.2540098626670952,164211.04714746715,-1.1659034214522215,176561.2757387206,-2.11689188819595,326019.5270169957
2024-05-01 00:00:00+00:00,164210.0126267715,176560.45157185855,326017.5059821989,0.3594615149061913,-1.2319759832579957,164211.24460275474,-1.1499493366392926,176561.60152119517,-2.057613681659677,326019.5635958806
2024-05-02 00:00:00+00:00,164209.91869512154,176560.5477511433,326017.42498112976,0.3540731726740584,-1.2095775423348627,164211.12827266386,-1.133654963316746,176561.68140610663,-1.9977265941311804,326019.4227077239
2024-05-03 00:00:00+00:00,164209.95163654763,176560.58182872838,326017.76338123245,0.35656666773017304,-1.1868211679567189,164211.1384577156,-1.117025123251798,176561.69885385162,-1.937248347163143,326019.7006295796
2024-05-04 00:00:00+00:00,164209.97172808243,176560.44602297046,326017.70628621423,0.3631707585309414,-1.1637135941008627,164211.13544167654,-1.1000647374816752,176561.54608770795,-1.876196837241858,326019.58248305146
2024-05-05 00:00:00+00:00,164210.20370401008,176560.5657969889,326017.94016770495,0.37370194093243,-1.1402616586701604,164211.34396566876,-1.082778824857392,176561.64857581377,-1.8145901304913283,326019.7547578354
2024-05-06 00:00:00+00:00,164210.18242352817,176560.6541937128,326018.07035908976,0.3808547358452415,-1.1164723014696092,164211.29889582965,-1.0651725005585952,176561.71936621336,-1.752446457327232,326019.8228055471
2024-05-07 00:00:00+00:00,164210.13347974632,176560.6959985596,326018.4478057746,0.39289349883341246,-1.092352562152744,164211.22583230847,-1.0472509745799077,176561.74324953416,-1.6897842070622664,326020.13758998166
2024-05-08 00:00:00+00:00,164210.17087912382,176560.65333667217,326018.29865218315,0.41183820560369594,-1.0679095781384742,164211.23878870197,-1.0290195501891934,176561.68235622236,-1.6266219224644174,326019.9252741056
2024-05-09 00:00:00+00:00,164210.48018121519,176560.68395710888,326018.612581228,0.4475044461772389,-1.0431505824990182,164211.52333179768,-1.0104836223582443,176561.69444073123,-1.562978294269875,326020.1755595223
2024-05-10 00:00:00+00:00,164210.32376750224,176560.71401280502,326018.8417011132,0.4764368681295916,-1.0180829018195239,164211.34185040405,-0.9916486761663226,176561.7056614812,-1.4988721556521614,326020.3405732689
2024-05-11 00:00:00+00:00,164210.36039373232,176561.01521934487,326018.8684065784,0.5111963077003262,-0.9927139540300026,164211.35310768636,-0.9725202851770303,176561.98773963004,-1.4343224766490565,326020.30272905505
2024-05-12 00:00:00+00:00,164210.40835471902,176561.2648325708,326019.208791383,0.5468014931999884,-0.9670512462102494,164211.37540596523,-0.9531041097890054,176562.2179366806,-1.3693483585490744,326020.57813974156
2024-05-13 00:00:00+00:00,164210.55335486055,176561.2251848537,326018.9219143692,0.574839152395119,-0.9411023723683869,164211.4944572329,-0.9334058955609252,176562.15859074928,-1.303969028239108,326020.22588339745
2024-05-14 00:00:00+00:00,164210.41876753554,176561.1597681221,326019.07816867915,0.5863196340703022,-0.9148750111936592,164211.33364254673,-0.9134314715112919,176562.0731995936,-1.2382038325148412,326020.3163725117
2024-05-15 00:00:00+00:00,164210.41111331954,176561.21258103932,326019.59523346764,0.5879200569797831,-0.888376923784193,164211.2994902433,-0.8931867483935368,176562.10576778773,-1.1720722323557424,326020.7673057
2024-05-16 00:00:00+00:00,164210.37370242286,176561.2934086797,326019.6381246203,0.5888335971961473,-0.8616159513503716,164211.2353183742,-0.8726777169469414,176562.16608639664,-1.1055937971662673,326020.7437184175
2024-05-17 00:00:00+00:00,164210.37825409454,176561.4438963062,326019.8060400719,0.5856504712634584,-0.834600012894475,164211.21285410743,-0.8519104461238649,176562.29580675234,-1.0387881989849101,326020.84482827084
2024-05-18 00:00:00+00:00,164210.48486360646,176561.3704026864,326020.4878094073,0.587401737317729,-0.8073371028673428,164211.29220070931,-0.830891081293861,176562.20129376772,-0.9716752066629857,326021.45948461397
2024-05-19 00:00:00+00:00,164210.1967787872,176561.63645169305,326021.08465556026,0.594525567204073,-0.7798352888026673,164210.976614076,-0.8096258424251508,176562.44607753548,-0.9042746800146586,326021.9889302403
2024-05-20 00:00:00+00:00,164210.2174815949,176561.4029033145,326021.4118834378,0.5806063755238332,-0.7521027089296887,164210.96958430385,-0.788121022244037,176562.19102433676,-0.836606563940127,326022.2484900017
2024-05-21 00:00:00+00:00,164210.32528804854,176561.36562100804,326021.2414310438,0.5577618910495706,-0.7241475697649715,164211.0494356183,-0.7663829843727955,176562.13200399242,-0.7686908825236272,326022.0101219263
2024-05-22 00:00:00+00:00,164210.3555084032,176561.36979015105,326021.69156247994,0.5427311337477173,-0.6959781436839468,164211.0514865469,-0.7444181614465616,176562.1142083125,-0.7005477331079417,326022.39211021306
2024-05-23 00:00:00+00:00,164210.29151943,176561.42338691524,326021.68974223104,0.5257407112949295,-0.6676027664729914,164210.95912219648,-0.7222330532098169,176562.14561996845,-0.6321972803472931,326022.3219395114
2024-05-24 00:00:00+00:00,164210.08623050066,176561.3017178964,326021.5576981926,0.5007153744563766,-0.6390298348627441,164210.72526033552,-0.699834224593017,176562.001552121,-0.5636597502403211,326022.1213579428
2024-05-25 00:00:00+00:00,164210.32669809222,176561.42250774094,326021.4050318204,0.49139896098949976,-0.6102678040433593,164210.93696589625,-0.6772283037699103,176562.0997360447,-0.49495542414483906,326021.8999872446
2024-05-26 00:00:00+00:00,164210.32043353142,176561.05853233807,326021.64016413403,0.47770122099912743,-0.5813251851624904,164210.9017587166,-0.6544219801961595,176561.71295431827,-0.42610463277627875,326022.0662687668
2024-05-27 00:00:00+00:00,164210.16302061212,176561.15400660687,326021.4824507662,0.4565500117220533,-0.5522105428067118,164210.71523115493,-0.6314220026298343,176561.7854286095,-0.3571277501915222,326021.8395785164
2024-05-28 00:00:00+00:00,164210.19036877336,176561.0709961943,326021.52211341285,0.4408367403342102,-0.5229324924671034,164210.71330126582,-0.6082351771343275,176561.67923137144,-0.288045187759852,326021.8101586006
2024-05-29 00:00:00+00:00,164210.21992724444,176561.16920302736,326021.76335920213,0.4325370277986491,-0.4934996979897962,164210.71342694244,-0.5848683650643411,176561.7540713924,-0.21887738812291357,326021.98223659024
2024-05-30 00:00:00+00:00,164210.6633900742,176560.94220027456,326021.81856466795,0.4277930705781858,-0.4639208690122101,164211.1273109432,-0.5613284810355077,176561.5035287556,-0.14964481914543937,326021.9682094871
2024-05-31 00:00:00+00:00,164210.51939218107,176560.7422907091,326022.3539181846,0.4214036190242041,-0.4342047583857145,164210.95359693945,-0.537622490878229,176561.27991319998,-0.08036796785842593,326022.4342861524
2024-06-01 00:00:00+00:00,164210.67896319844,176560.8435638038,326022.8922297893,0.43082205259118683,-0.4043601595855263,164211.08332335803,-0.5137574095763826,176561.35732121338,-0.011067334396719808,326022.9032971237
2024-06-02 00:00:00+00:00,164210.7407939398,176560.64796607502,326022.67676524015,0.4380731934988944,-0.3743959041085906,164211.1151898439,-0.48974029919148326,176561.1377063742,0.058236574067283664,326022.6185286661
2024-06-03 00:00:00+00:00,164210.7648890314,176560.6353132538,326022.0594314866,0.42825978778546414,-0.34432085886017827,164211.10920989024,-0.46557826677288927,176561.10089152056,0.12752324939208393,326021.9319082372
2024-06-04 00:00:00+00:00,164210.86656499235,176560.76379502626,326021.92228410084,0.432007809961154,-0.31414392353003606,164211.18070891587,-0.4412784622547208,176561.20507348853,0.1967721885357443,326021.7255119123
2024-06-05 00:00:00+00:00,164211.13037777983,176560.8830208068,326021.9097546245,0.45633154303535167,-0.2838740279588349,164211.4142518078,-0.4168480763400859,176561.29986888313,0.2659628996230501,326021.64379172487
2024-06-06 00:00:00+00:00,164210.9348405296,176560.99667715386,326021.71453526727,0.4689294062991394,-0.2535201294956666,164211.18836065909,-0.3922943383732213,176561.38897149224,0.3350749080094255,326021.3794603593
2024-06-07 00:00:00+00:00,164211.4163581841,176561.2399305069,326021.64439805667,0.4641026971233562,-0.22309121034743085,164211.63944939445,-0.36762451420022035,176561.60755502112,0.40408776233969124,326021.2403102943
2024-06-08 00:00:00+00:00,164211.354306327,176561.20189701818,326021.6715625441,0.4462732924002921,-0.19259627492086406,164211.54690260193,-0.34284590401896053,176561.5447429222,0.4729810405999264,326021.19858150353
2024-06-09 00:00:00+00:00,164211.45156584744,176561.10915141244,326021.94618314435,0.42402228291697003,-0.1620443471579719,164211.6136101946,-0.3179658402188413,176561.42711725266,0.5417343561607153,326021.4044487882
2024-06-10 00:00:00+00:00,164211.377312252,176560.99882400077,326022.16361463425,0.4130650012499852,-0.13144446786570996,164211.50875671988,-0.2929916852110205,176561.29181568598,0.610327363809855,326021.5532872704
2024-06-11 00:00:00+00:00,164211.55637489297,176560.90218564932,326021.9318415898,0.40394241877402237,-0.10080569204067125,164211.65718058503,-0.267930829249765,176561.17011647858,0.6787397657728138,326021.253101824
2024-06-12 00:00:00+00:00,164211.48927354088,176560.97077410202,326022.57156279177,0.38193357381442183,-0.07013708618955006,164211.55941062706,-0.24279068824554212,176561.21356479026,0.7469513177192073,326021.82461147406
2024-06-13 00:00:00+00:00,164211.49043795184,176561.00276717675,326022.84169185517,0.35924772544634226,-0.03944772564622534,164211.52988567748,-0.21757870157053832,176561.2203458783,0.8149418347534032,326022.0267500204
2024-06-14 00:00:00+00:00,164211.53195641545,176561.00785943845,326022.7479541903,0.34903619267576386,-0.008746691886232116,164211.54070310734,-0.19230232985723772,176561.2001617683,0.8826911973875355,326021.8652629929
2024-06-15 00:00:00+00:00,164211.65258278293,176560.86180425185,326022.7752242283,0.35224108705430507,0.021956930160614285,164211.63062585276,-0.16696905279068275,176561.02877330463,0.9501793574952322,326021.8250448708
2024-06-16 00:00:00+00:00,164211.7384160265,176560.74948912827,326022.6862940072,0.33644138835673704,0.05265405479856988,164211.6857619717,-0.1415863668951357,176560.89107549516,1.0173863442441229,326021.6689076629
2024-06-17 00:00:00+00:00,164211.76051671078,176560.85062817784,326022.6674049496,0.3101781503122159,0.08333559825458836,164211.67718111252,-0.11616178331571891,176560.96678996115,1.08429227000558,326021.5831126796
2024-06-18 00:00:00+00:00,164212.05527102036,176560.78277280572,326022.2264337627,0.2985869336471296,0.11399248136634565,164211.941278539,-0.09070282559575293,176560.87347563132,1.1508773362397635,326021.0755564265
2024-06-19 00:00:00+00:00,164212.16369888824,176560.83819880497,326022.0663133629,0.2765412290421712,0.14461563226890073,164212.01908325596,-0.06521702745042768,176560.9034158324,1.2171218393543113,326020.84919152356
2024-06-20 00:00:00+00:00,164212.1747610392,176560.71669752448,326021.9894844625,0.24950974781889576,0.17519598907922562,164211.99956505012,-0.03971193053743893,176560.756409455,1.2830061765349867,326020.70647828595
2024-06-21 00:00:00+00:00,164212.27548003837,176560.72051267998,326021.4167833499,0.21328718192823237,0.20572450257775277,164212.0697555358,-0.01419508222529775,176560.7347077622,1.3485108515464475,326020.0682724983
2024-06-22 00:00:00+00:00,164212.34985428266,176560.5359802915,326021.20791313774,0.17538482922160858,0.23619213888617507,164212.11366214376,0.011325966640048146,176560.52465432484,1.4136164805014757,326019.79429665726
2024-06-23 00:00:00+00:00,164212.56867685344,176560.47310602144,326021.4924371175,0.1601205746565028,0.26658988214073476,164212.3020869713,0.03684366396964789,176560.43626235746,1.4783037975970212,326020.0141333199
2024-06-24 00:00:00+00:00,164212.29105438766,176560.59164811953,326021.8984854217,0.15077840281264795,0.2969087371601534,164211.9941456505,0.062350458666324216,176560.52929766086,1.5425536608152437,326020.3559317609
2024-06-25 00:00:00+00:00,164212.3780041201,176560.801670119,326021.9953895036,0.14738947904273417,0.32713973210744085,164212.050864388,0.08783880285915596,176560.71383131613,1.606347057587922,326020.38904244604
2024-06-26 00:00:00+00:00,164212.66969759428,176560.9126616433,326022.4111969207,0.14916066440976766,0.35727392114482576,164212.31242367314,0.11330115413703135,176560.79936048915,1.6696651104226214,326020.74153181026
2024-06-27 00:00:00+00:00,164212.98673443182,176560.92919429086,326022.7312340065,0.15204933565663928,0.38730238708096226,164212.59943204475,0.1387299777805599,176560.7904643131,1.7324890824888244,326020.998744924
2024-06-28 00:00:00+00:00,164213.1095506112,176560.93987166867,326023.08590484713,0.15614595611099716,0.4172162440096622,164212.6923343672,0.1641177489917099,176560.77575391968,1.794800383162443,326021.291104464
2024-06-29 00:00:00+00:00,164212.79542925287,176561.26192236648,326023.1023161075,0.15393010563426887,0.44700663993939577,164212.34842261294,0.18945695512053257,176561.07246541136,1.8565805735271228,326021.24573553394
2024-06-30 00:00:00+00:00,164212.9209232705,176561.198568021,326022.8147739496,0.11851966048288881,0.4766647594127289,164212.44425851107,0.21474009788826826,176560.9838279231,1.917811371830593,326020.89696257777
2024-07-01 00:00:00+00:00,164213.18986302946,176561.18648767812,326022.81046987535,0.08398935804264811,0.5061818261149504,164212.68368120334,0.23995969560620029,176560.9465279825,1.978474658894514,326020.83199521643
2024-07-02 00:00:00+00:00,164212.97385894434,176561.32108387726,326022.8014232961,0.07228204914614855,0.5355491054711418,164212.43830983888,0.26510828538962217,176561.05597559188,2.0385524834762716,326020.7628708126
2024-07-03 00:00:00+00:00,164213.26923151393,176561.5123676606,326023.39038689807,0.06725829828600471,0.5647579072308707,164212.7044736067,0.29017842536621763,176561.2221892352,2.098027067581019,326021.29235983046
2024-07-04 00:00:00+00:00,164213.30170351567,176561.4275158793,326023.2878420782,0.0665183496885219,0.593799588039766,164212.70790392763,0.31516269687822274,176561.11235318243,2.1568808117224534,326021.13096126646
2024-07-05 00:00:00+00:00,164213.28031195892,176561.2776917613,326023.4232105866,0.06664669047960255,0.6226655539972437,164212.65764640493,0.3400537066777414,176560.9376380546,2.2150963001308237,326021.2081142865
2024-07-06 00:00:00+00:00,164213.5091774592,176561.25277412866,326023.25351554,0.08908552907754101,0.6513472631995709,164212.857830196,0.3648440891145185,176560.88793003955,2.2726563059065183,326020.98085923406
2024-07-07 00:00:00+00:00,164213.24697937953,176560.95275305954,326023.0908963094,0.13523281121797479,0.6798362282675448,164212.56714315127,0.38952650831554725,176560.56322655122,2.3295437961177656,326020.7613525133
2024-07-08 00:00:00+00:00,164213.19891165325,176560.87491381812,326022.82594851777,0.17005864487903935,0.708124018858061,164212.4907876344,0.4140936603558864,176560.46082015775,2.3857419368409856,326020.4402065809
2024-07-09 00:00:00+00:00,164213.10228748585,176560.77971636804,326022.467338479,0.19808753645308264,0.7362022641587801,164212.3660852217,0.4385382754200024,176560.3411780926,2.4412340981422034,326020.02610438084
2024-07-10 00:00:00+00:00,164213.2965060799,176561.2001768226,326022.58904871263,0.20766863642559955,0.7640626553651764,164212.53244342454,0.46285311995301687,176560.73732370266,2.4960038589980957,326020.09304485365
2024-07-11 00:00:00+00:00,164213.22770424926,176561.01412153107,326022.734237392,0.20859180368855348,0.7916969481392668,164212.43600730112,0.4870309988012489,176560.52709053227,2.550035012155275,326020.1842023799
2024-07-12 00:00:00+00:00,164213.28201718445,176560.7718149021,326022.6909266653,0.20356171551581304,0.8190969650492209,164212.4629202194,0.5110647573413579,176560.26075014478,2.6033115689262334,326020.0876150964
2024-07-13 00:00:00+00:00,164213.40828765478,176560.76108579064,326022.8743597333,0.19582742237192477,0.846254597989214,164212.56203305678,0.5349472835975285,176560.22613850705,2.6558177639206915,326020.21854196937
2024-07-14 00:00:00+00:00,164213.55844595688,176560.80895416686,326022.68391129974,0.18564986948816412,0.8731618105787375,164212.6852841463,0.5586715103460106,176560.25028265652,2.7075380597108114,326019.97637324
2024-07-15 00:00:00+00:00,164213.8171857378,176560.89504227898,326022.84823595633,0.1746278153711197,0.8998106405406852,164212.91737509725,0.5822304172064184,176560.31281186178,2.7584571514289586,326020.0897788049
2024-07-16 00:00:00+00:00,164213.85401439652,176560.7010607184,326022.9189608001,0.16284200883364972,0.9261932020575359,164212.92782119446,0.6056170327191887,176560.09544368568,2.80855997129669,326020.1104008288
2024-07-17 00:00:00+00:00,164213.95046999474,176560.5879706485,326022.76914087066,0.15529209285462756,0.9523016881048847,164212.99816830663,0.6288244364085382,176559.95914621212,2.857831693083535,326019.9113091776
2024-07-18 00:00:00+00:00,164213.9843133388,176560.35423264577,326022.6356080026,0.13348183405226635,0.9781283727616596,164213.00618496604,0.6518457608303397,176559.70238688495,2.9062577364943007,326019.7293502661
2024-07-19 00:00:00+00:00,164214.10299756794,176560.4283125045,326022.4190646579,0.12830854671786554,1.003665613496362,164213.09933195444,0.6746741936043217,176559.75363831088,2.9538237714836466,326019.4652408864
2024-07-20 00:00:00+00:00,164214.19543678686,176560.61013188344,326022.9000006435,0.1267512314637618,1.0289058534286062,164213.16653093343,0.6973029794299543,176559.91282890402,3.00051572249656,326019.899484921
2024-07-21 00:00:00+00:00,164214.3209517122,176560.59570504358,326023.29502731096,0.1076916596299876,1.0538416235653152,164213.26711008864,0.7197254220854454,176559.8759796215,3.046319772633527,326020.24870753835
2024-07-22 00:00:00+00:00,164214.27521037773,176560.6891523684,326023.58038264164,0.07851532644023483,1.0784655450109297,164213.19674483273,0.7419348864092727,176559.947217482,3.091222367739199,326020.4891602739
2024-07-23 00:00:00+00:00,164214.29125894685,176560.67487417164,326023.5137175066,0.06127463355642245,1.102770331150936,164213.1884886157,0.7639248002636293,176559.91094937138,3.135210220413276,326020.3785072862
2024-07-24 00:00:00+00:00,164214.4659993209,176560.5297314064,326023.6505204219,0.05428875201475112,1.1267487898080837,164213.3392505311,0.7856886564792175,176559.74404274992,3.178270313942446,326020.47225010797
2024-07-25 00:00:00+00:00,164214.70307591336,176560.5937178308,326023.8371275321,0.06087690173111083,1.150393825370682,164213.552682088,0.8072200147808384,176559.78649781604,3.2203899061522687,326020.61673762597
2024-07-26 00:00:00+00:00,164214.4376530311,176560.47733108047,326023.83303248655,0.06301201437781846,1.1736984408922988,164213.26395459022,0.8285125036931668,176559.64881857677,3.261556533177773,326020.5714759534
2024-07-27 00:00:00+00:00,164214.3501753909,176560.45664731052,326023.6423874352,0.06018725566385299,1.196655740162261,164213.15351965072,0.8495598224261656,176559.60708748808,3.3017580131517072,326020.34062942205
2024-07-28 00:00:00+00:00,164214.43890484195,176560.3991998633,326023.0721474719,0.05118124327691468,1.2192589297463696,164213.2196459122,0.8703557427396053,176559.52884412056,3.3409824498093714,326019.73116502207
2024-07-29 00:00:00+00:00,164214.82344461206,176560.35016565394,326023.20577112766,0.038003807635808066,1.2415013209971788,164213.58194329106,0.890894110786093,176559.45927154316,3.379218236008902,326019.82655289164
2024-07-30 00:00:00+00:00,164214.67846242568,176560.49106450513,326023.1843225929,0.047775872882084465,1.2633763320332667,164213.41508609365,0.911168848932089,176559.5798956562,3.416454057166,326019.76786853577
2024-07-31 00:00:00+00:00,164214.6308099218,176560.6899672505,326023.0664588131,0.06917492195680093,1.2848774896869355,164213.3459324321,0.9311739575563889,176559.75879329295,3.452678894602122,326019.61377991847
2024-08-01 00:00:00+00:00,164215.12317879862,176560.79201625628,326023.6120407782,0.07840367213429995,1.305998431419717,164213.8171803672,0.9509035168255016,176559.84111273946,3.487882028805073,326020.1241587494
2024-08-02 00:00:00+00:00,164215.03568885344,176560.58769422446,326023.3475388699,0.08944148555716912,1.326732907205145,164213.70895594623,0.9703516884454169,176559.61734253602,3.5220530426010708,326019.8254858273
2024-08-03 00:00:00+00:00,164214.88978617272,176560.81430360224,326023.603832483,0.08617968199299257,1.347074781378251,164213.54271139135,0.9895127173892639,176559.82479088486,3.555181824237379,326020.04865065875
2024-08-04 00:00:00+00:00,164214.8381492501,176561.02926366724,326023.65518612304,0.07318628721698882,1.3670180344512,164213.47113121566,1.0083809336003084,176560.02088273363,3.587258570374522,326020.0679275527
2024-08-05 00:00:00+00:00,164215.090940002,176561.13341232875,326024.202136063,0.053242815664816555,1.3865567648945474,164213.7043832371,1.0269507536698095,176560.10646157508,3.6182737889872483,326020.583862274
2024-08-06 00:00:00+00:00,164215.33056843493,176561.39247017866,326024.92952099297,0.03805070912828033,1.4056851908836112,164213.92488324404,1.0452166824892526,176560.34725349618,3.648218302173388,326021.2813026908
2024-08-07 00:00:00+00:00,164215.33216972978,176561.7293423951,326025.42871607,0.023334136055079047,1.4243976520093908,164213.90777207777,1.063173314876426,176560.6661690802,3.6770832488697236,326021.75163282116
2024-08-08 00:00:00+00:00,164215.4917806786,176561.86442640316,326025.79705343593,-0.004587244222269233,1.442688610953586,164214.04909206764,1.0808153371749136,176560.783611066,3.7048600874741373,326022.09219334845
2024-08-09 00:00:00+00:00,164215.58969332397,176561.63631771252,326025.93244626996,-0.04997365395289908,1.460552655127174,164214.12914066884,1.098137528826486,176560.53818018368,3.7315405983732033,326022.2009056716
2024-08-10 00:00:00+00:00,164215.7208547578,176561.9595817957,326026.57094514574,-0.09168599299967654,1.4779844982720753,164214.2428702595,1.115134763915943,176560.8444470318,3.757116886374493,326022.81382825936
2024-08-11 00:00:00+00:00,164215.8599528759,176562.40091040643,326027.2541894501,-0.1286867931515492,1.494978982025454,164214.36497389388,1.1318020126879644,176561.26910839375,3.7815813830429055,326023.4726080671
2024-08-12 00:00:00+00:00,164215.930788308,176562.72185331912,326027.49325073534,-0.15694076636070042,1.5115310774461541,164214.41925723056,1.1481343430354893,176561.57371897608,3.8049268489402843,326023.6883238864
2024-08-13 00:00:00+00:00,164215.83318663662,176562.7288599797,326028.0284051442,-0.1888857885225358,1.5276358865028394,164214.3055507501,1.1641269219592032,176561.56473305772,3.827146375767673,326024.20125876844
2024-08-14 00:00:00+00:00,164215.65504766212,176562.69447637058,326027.7663268784,-0.22435647467743058,1.5432886435234108,164214.1117590186,1.179775016997708,176561.5147013536,3.848233388409607,326023.91809349
2024-08-15 00:00:00+00:00,164215.741222371,176562.84110126173,326027.72507728235,-0.263300781579043,1.5584847166052382,164214.1827376544,1.19507399762793,176561.6460272641,3.868181646879791,326023.8568956355
2024-08-16 00:00:00+00:00,164215.8563732658,176563.06530072197,326027.7328623288,-0.2963872706156204,1.5732196089858124,164214.2831536568,1.2100193366353607,176561.85528138533,3.886985248167603,326023.84587708063
2024-08-17 00:00:00+00:00,164215.82658025547,176563.28189688586,326027.72430399066,-0.3184828069576421,1.5874889603734181,164214.23909129508,1.2246066114537417,176562.05729027442,3.9046386279849035,326023.81966536265
2024-08-18 00:00:00+00:00,164215.74273492256,176563.2591714482,326027.9625294087,-0.3396717138460493,1.6012885482374095,164214.14144637433,1.238831505473769,176562.02033994274,3.921136562412589,326024.04139284627
2024-08-19 00:00:00+00:00,164215.77571567037,176563.13307534606,326028.09564938495,-0.3413971197581607,1.6146142890577204,164214.16110138132,1.252689809320443,176561.88038553673,3.9364741694464347,326024.1591752155
2024-08-20 00:00:00+00:00,164215.80929097504,176563.1917106417,326028.31930128124,-0.3299121320857618,1.6274622395332532,164214.1818287355,1.266177422098698,176561.9255332196,3.950646910441762,326024.3686543708
2024-08-21 00:00:00+00:00,164216.00365090705,176563.29048678133,326028.59651649854,-0.31955122349609155,1.6398285977487599,164214.3638223093,1.2792903526069195,176562.01119642874,3.963650591456493,326024.6328659071
2024-08-22 00:00:00+00:00,164216.13423959765,176563.58565180286,326029.12059969665,-0.30976183030149207,1.6517097042998858,164214.48252989334,1.2920247205180004,176562.29362708234,3.9754813644922047,326025.1451183322
2024-08-23 00:00:00+00:00,164216.17928778674,176563.8735158496,326029.52892225265,-0.2996217075872967,1.663102043376056,164214.51618574336,1.3043767575276015,176562.56913909208,3.9861357286328194,326025.542786524
2024-08-24 00:00:00+00:00,164216.25950852621,176564.10109732684,326029.9333169331,-0.28527765126000304,1.674002243800853,164214.58550628243,1.316342808469247,176562.78475451836,3.9956105310805743,326025.93770640204
2024-08-25 00:00:00+00:00,164216.48416741478,176564.20593311018,326030.2197637006,-0.2719272042810796,1.6844070800296018,164214.79976033475,1.327919332395946,176562.87801377778,4.00390296808899,326026.21586073254
2024-08-26 00:00:00+00:00,164216.40482088053,176564.41225669064,326030.41305982077,-0.2584645914997357,1.6943134731038665,164214.71050740744,1.3391029036280213,176563.07315378703,4.011010585792544,326026.40204923495
2024-08-27 00:00:00+00:00,164216.38062530773,176564.72433914742,326030.8044724984,-0.2475944020816314,1.7037184915625576,164214.67690681617,1.3498902127668204,176563.37444893466,4.016931280932807,326026.78754121746
2024-08-28 00:00:00+00:00,164216.51735314375,176564.95257172087,326031.1167056406,-0.24509922594673603,1.7126193523093993,164214.80473379145,1.360278067674015,176563.5922936532,4.021663301480832,326027.0950423391
2024-08-29 00:00:00+00:00,164216.64658594163,176564.8961008098,326031.5497669925,-0.2438238486426295,1.7210134214364974,164214.9255725202,1.3702633944162155,176563.5258374154,4.025205247155608,326027.52456174535
2024-08-30 00:00:00+00:00,164216.74275878162,176564.9121218789,326031.751740991,-0.22703990563331897,1.7288982150037495,164215.01386056663,1.379843238174591,176563.53227864072,4.027556069838425,326027.7241849212
2024-08-31 00:00:00+00:00,164216.69176781087,176564.87254442854,326031.57542450377,-0.22022270263551033,1.7362713997738835,164214.9554964111,1.3890147641192465,176563.48352966443,4.02871507388303,326027.5467094299
2024-09-01 00:00:00+00:00,164216.85305935043,176564.97218935497,326031.7992066309,-0.21863011057939727,1.7431307939029042,164215.1099285565,1.397775258248101,176563.5744140967,4.0286819163214815,326027.7705247146
2024-09-02 00:00:00+00:00,164217.0255970615,176564.64062586834,326031.9766985167,-0.21813929656703598,1.7494743675857312,164215.2761226939,1.4061221281899987,176563.23450374015,4.027456606965633,326027.9492419097
2024-09-03 00:00:00+00:00,164217.09698531654,176564.30580584373,326031.974417108,-0.22606779414309128,1.755300243656853,164215.3416850729,1.4140529039718346,176562.89175293976,4.025039508404237,326027.9493775996
2024-09-04 00:00:00+00:00,164217.02141277737,176564.21362751222,326032.2385107709,-0.24062016547941303,1.760606698145812,164215.26080607923,1.4215652387494624,176562.79206227348,4.021431335895646,326028.217079435
2024-09-05 00:00:00+00:00,164216.8243628762,176564.08161705255,326032.143942892,-0.26130795391297096,1.7653921607873513,164215.0589707154,1.428656909502158,176562.65296014305,4.016633157156155,326028.1273097349
2024-09-06 00:00:00+00:00,164217.0252767936,176564.03176512237,326032.5812577011,-0.28263184178679995,1.769655215486085,164215.2556215781,1.4353258176904524,176562.59643930467,4.010646392044047,326028.570611309
2024-09-07 00:00:00+00:00,164217.07948669093,176564.2766866922,326032.8119258114,-0.30199462403197685,1.773394600735542,164215.3060920902,1.441569989877121,176562.83511670234,4.003472812139438,326028.8084529993
2024-09-08 00:00:00+00:00,164217.16797515977,176564.04177245346,326032.9563027497,-0.32967501783120196,1.7766092099914652,164215.3913659498,1.4473875783111536,176562.59438487515,3.9951145402200323,326028.9611882095
2024-09-09 00:00:00+00:00,164217.2286629299,176564.0017587367,326032.52643041953,-0.36273943861760927,1.7792980919992583,164215.4493648379,1.4527768614745367,176562.54898187524,3.985574049632964,326028.5408563699
2024-09-10 00:00:00+00:00,164217.200591558,176563.947045597,326032.14140497235,-0.3908621523836094,1.7814604510754755,164215.41913110693,1.4577362445916777,176562.4893093524,3.9748541635628873,326028.1665508088
2024-09-11 00:00:00+00:00,164217.11447411164,176563.8603724693,326031.4492659626,-0.39959976556686644,1.7830956473432764,164215.3313784643,1.4622642601013227,176562.3981082092,3.9629580541965597,326027.4863079084
2024-09-12 00:00:00+00:00,164217.46663374302,176563.81367431258,326031.0892945467,-0.4064417009797883,1.784203196921778,164215.6824305461,1.4663595680908341,176562.3473147445,3.9498892417841307,326027.1394053049
2024-09-13 00:00:00+00:00,164217.66704521276,176563.98024791238,326031.45048095257,-0.41487097856042965,1.7847827720692417,164215.8822624407,1.4700209566926907,176562.5102269557,3.9356515935974494,326027.51482935896
2024-09-14 00:00:00+00:00,164217.5386874741,176564.00328355623,326031.4424304658,-0.4268061003710197,1.7848342012800562,164215.75385327282,1.4732473424430985,176562.53003621378,3.9202493227856787,326027.522181143
2024-09-15 00:00:00+00:00,164217.47701672552,176563.87982477964,326031.66634175275,-0.4281495575484466,1.7843574693354909,164215.6926592562,1.476037770602607,176562.40378700904,3.9036869871285487,326027.7626547656
2024-09-16 00:00:00+00:00,164217.79568511443,176563.7868767256,326031.87823409954,-0.42841536186703405,1.7833527173081978,164216.0123323971,1.4783914154386304,176562.30848531015,3.8859694876876416,326027.9922646119
2024-09-17 00:00:00+00:00,164218.04552276677,176563.80430527712,326032.2946118178,-0.425952617318823,1.7818202425204672,164216.26370252424,1.4803075804697943,176562.32399769666,3.867102067356092,326028.4275097505
2024-09-18 00:00:00+00:00,164218.14631264034,176563.97506331175,326032.4954739977,-0.4244770850400527,1.7797604984562436,164216.36655214187,1.4817856986720384,176562.49327761307,3.847090309307122,326028.6483836884
2024-09-19 00:00:00+00:00,164218.21747067058,176563.98878924438,326032.769377207,-0.42726176796016563,1.7771740946269337,164216.44029657595,1.4828253326464058,176562.50596391174,3.8259401353418943,326028.94343707163
2024-09-20 00:00:00+00:00,164218.34791174124,176564.00143871055,326032.71228133986,-0.43088474578780733,1.774061796391042,164216.57384994483,1.4834261747484776,176562.5180125358,3.8036578041371634,326028.9086235357
2024-09-21 00:00:00+00:00,164218.4561594785,176563.7961098259,326032.4301566298,-0.44008961691542936,1.7704245247276884,164216.68573495376,1.4835880471794094,176562.31252177872,3.7802499093932194,326028.64990672044
2024-09-22 00:00:00+00:00,164218.57575505256,176563.86034646307,326032.15954936395,-0.44464152519746375,1.766263355964076,164216.8094916966,1.4833109020385444,176562.37703556105,3.7557233778827106,326028.4038259861
2024-09-23 00:00:00+00:00,164218.53995717847,176563.6064935172,326031.57938329596,-0.4275615090188391,1.761579521456989,164216.778377657,1.4825948213375881,176562.12389869586,3.730085467400909,326027.84929782856
2024-09-24 00:00:00+00:00,164218.66925647933,176563.6178335707,326031.4220869041,-0.39234123405033944,1.7563744072284138,164216.9128820721,1.4814400169763413,176562.13639355372,3.7033437646179994,326027.71874313947
2024-09-25 00:00:00+00:00,164218.82147175382,176563.52312946448,326031.50038537476,-0.367071691334786,1.7506495535553923,164217.07082220027,1.479846830679993,176562.0432826338,3.6755061828340647,326027.82487919193
2024-09-26 00:00:00+00:00,164218.8893639231,176563.18217600678,326031.56824406615,-0.36337567837472307,1.7444066545142314,164217.14495726858,1.4778157338980005,176561.70436027288,3.646580959637424,326027.92166310654
2024-09-27 00:00:00+00:00,164218.51761380615,176562.95159564918,326030.97315479664,-0.3490402179316637,1.7376475574791952,164216.77996624867,1.4753473276645785,176561.47624832153,3.6165766544669804,326027.35657814215
2024-09-28 00:00:00+00:00,164218.78524797398,176562.6483572315,326031.0715693493,-0.33747642490016005,1.7303742625758392,164217.0548737114,1.4724423424208446,176561.17591488906,3.5855021460793535,326027.4860672032
2024-09-29 00:00:00+00:00,164218.48268535966,176562.73968852728,326030.7435403981,-0.33258094677391153,1.7225889220891428,164216.76009643756,1.469101637798669,176561.27058688947,3.553366629921522,326027.19017376815
2024-09-30 00:00:00+00:00,164218.6407311295,176563.00338643603,326030.9130781919,-0.33100110704617686,1.7142938398266088,164216.9264372897,1.4653262023662958,176561.53806023367,3.520179615409722,326027.3928985765
2024-10-01 00:00:00+00:00,164218.73511450048,176563.12739543445,326031.5194992277,-0.32556104415865167,1.7054914704365347,164217.02962303004,1.4611171533358112,176561.6662782811,3.485950923115481,326028.0335483046
2024-10-02 00:00:00+00:00,164218.8541761603,176563.3484099792,326031.94089098,-0.3191202007525741,1.6961844186816393,164217.1579917416,1.45647573623254,176561.89193424297,3.450690681859533,326028.49020029814
2024-10-03 00:00:00+00:00,164218.7287276292,176563.83587261138,326032.2381938143,-0.31382462385348237,1.686375438668272,164217.04235219053,1.4514033245264757,176562.38446928686,3.4144093257145443,326028.8237844886
2024-10-04 00:00:00+00:00,164218.8028875308,176563.79394838298,326032.3331365142,-0.3126181350920281,1.6760674330314316,164217.12682009776,1.4459014192258501,176562.34804696374,3.377117590917516,326028.95601892326
2024-10-05 00:00:00+00:00,164219.2035505439,176563.87292169864,326032.1273708379,-0.31797275481161097,1.6652634520758256,164217.53828709183,1.4399716484329592,176562.43295005022,3.338826512692739,326028.7885443252
2024-10-06 00:00:00+00:00,164219.09137040554,176563.75716485476,326031.74571438774,-0.33269517085424616,1.6539666928732362,164217.43740371265,1.4336157668623797,176562.3235490879,3.299547421986298,326028.44616696576
2024-10-07 00:00:00+00:00,164219.08422823585,176563.4709959218,326031.3870043688,-0.35348613212984975,1.6421804983164612,164217.44204773754,1.4268356553217267,176562.04416026647,3.2592919421130815,326028.1277124267
2024-10-08 00:00:00+00:00,164218.91346466276,176563.55253615856,326030.9162964548,-0.3903501771134567,1.6299083561300913,164217.28355630665,1.4196333201550861,176562.1329028384,3.21807198531723,326027.6982244695
2024-10-09 00:00:00+00:00,164218.91392765814,176563.1719719957,326030.9935699558,-0.4370714197396713,1.617153897838437,164217.2967737603,1.4120108926493065,176561.75996110306,3.1758997492471184,326027.81767020654
2024-10-10 00:00:00+00:00,164219.00469704485,176563.05524210964,326030.65575731714,-0.46832536650072143,1.6039208976909092,164217.40077614714,1.4039706284033222,176561.65127148124,3.1327877133458957,326027.5229696038
2024-10-11 00:00:00+00:00,164219.1692737487,176562.9187694654,326030.63060028176,-0.47842203412589396,1.5902132715451491,164217.57906047715,1.395514906660678,176561.52325455874,3.0887486351585864,326027.5418516466
2024-10-12 00:00:00+00:00,164218.84477720127,176562.92565206366,326030.5765677466,-0.4884019140839276,1.576035075708266,164217.26874212557,1.386646229605476,176561.53900583406,3.0437955465569413,326027.5327722
2024-10-13 00:00:00+00:00,164218.88358272935,176562.53242956847,326030.0491228401,-0.5003467239048405,1.5613905057365156,164217.32219222363,1.3773672216219421,176561.15506234684,2.9979417498831133,326027.05118109024
2024-10-14 00:00:00+00:00,164219.17837567747,176562.64020961942,326030.5106995982,-0.5219030145547853,1.5462838951937603,164217.63209178226,1.3676806285178222,176561.2725289909,2.9512008140132506,326027.5594987842
2024-10-15 00:00:00+00:00,164218.98963180155,176562.72083367227,326030.40478536015,-0.5437525887546144,1.5307197143691,164217.4589120872,1.3575893167118578,176561.36324435557,2.9035865703422608,326027.5011987898
2024-10-16 00:00:00+00:00,164218.73102106556,176562.87379410124,326030.523639642,-0.5596798010489389,1.5147025689540472,164217.2163184966,1.3470962723855673,176561.52669782884,2.855113108690895,326027.6685265333
2024-10-17 00:00:00+00:00,164218.70054675208,176562.63632577608,326030.0499587076,-0.5852530588751202,1.49823719867962,164217.2023095534,1.336204600599583,176561.30012117547,2.8057947731363155,326027.24416393443
2024-10-18 00:00:00+00:00,164218.64996590573,176562.5555299608,326029.69091645576,-0.6037899470205351,1.4813284759137828,164217.16863742983,1.324917524374815,176561.23061243643,2.7556461577674622,326026.935270298
2024-10-19 00:00:00+00:00,164218.62441912614,176562.74432090085,326029.2251242191,-0.6159050854818512,1.4639814042196408,164217.1604377219,1.3132383837387125,176561.4310825171,2.704682102366447,326026.5204421167
2024-10-20 00:00:00+00:00,164218.61626434358,176562.6239214161,326028.7591209097,-0.6279556870201001,1.4462011168747946,164217.17006322672,1.3011706347368877,176561.32275078134,2.6529176880171907,326026.10620322166
2024-10-21 00:00:00+00:00,164218.50091624132,176562.7350405326,326029.0595808196,-0.641197669173683,1.427992875352325,164217.07292336598,1.288717848410421,176561.44632268418,2.600368232642704,326026.459212587
2024-10-22 00:00:00+00:00,164218.51101737292,176562.60687394286,326028.73037992424,-0.6494052306895052,1.4093620677638439,164217.10165530516,1.275883709739134,176561.3309902331,2.547049286472281,326026.18333063775
2024-10-23 00:00:00+00:00,164218.58633298986,176562.8398303436,326028.7590340527,-0.644870154312836,1.3903142072650563,164217.1960187826,1.2626720165511403,176561.57715832707,2.492976627439909,326026.2660574253
2024-10-24 00:00:00+00:00,164218.60536235935,176562.9720778553,326028.81344580476,-0.6471541836614657,1.3708549304243325,164217.23450742892,1.2490866783990087,176561.72299117688,2.438166256515335,326026.3752795482
2024-10-25 00:00:00+00:00,164218.65818992144,176562.9588823447,326029.0286063054,-0.6561170541987545,1.350989995554763,164217.30719992588,1.2351317154028678,176561.72375062932,2.3826343929691403,326026.6459719124
2024-10-26 00:00:00+00:00,164218.5778562035,176563.11993968542,326028.85333494114,-0.6723733304127867,1.3307252810101677,164217.2471309225,1.220811257060779,176561.89912842837,2.3263974695731586,326026.5269374716
2024-10-27 00:00:00+00:00,164218.93375143365,176563.15923473958,326029.45068040304,-0.6904502683925481,1.3100667834456128,164217.6236846502,1.2061295410267632,176561.95310519854,2.2694721277378,326027.1812082753
2024-10-28 00:00:00+00:00,164218.6840232561,176563.2972815084,326029.2325785775,-0.6885455552323947,1.289020616042888,164217.39500264006,1.191090911856799,176562.10619059653,2.2118752125875485,326027.02070336486
2024-10-29 00:00:00+00:00,164218.85183838164,176563.11423370475,326029.63872636174,-0.6728936138821761,1.2675930067015266,164217.58424537495,1.1756998197232047,176561.93853388503,2.1536237679762356,326027.4851025938
2024-10-30 00:00:00+00:00,164218.70527878197,176563.08089430546,326029.8546494971,-0.6634126303846036,1.245790296195874,164217.45948848577,1.159960819097765,176561.92093348637,2.0947350314435105,326027.75991446566
2024-10-31 00:00:00+00:00,164218.65640579181,176562.8186919534,326029.2747803765,-0.6607716252786607,1.2236189362987389,164217.43278685553,1.143878567403979,176561.674813386,2.035226429113935,326027.2395539474
2024-11-01 00:00:00+00:00,164218.76631329584,176563.17113893584,326028.8020388593,-0.6554007140111935,1.2010854878722141,164217.56522780797,1.1274578236388595,176562.0436811122,1.975115570540333,326026.82692328875
2024-11-02 00:00:00+00:00,164218.95478262013,176563.0541852806,326028.7901321638,-0.66020084803525,1.1781966189262234,164217.77658600122,1.1107034469646755,176561.94348183364,1.914420243492861,326026.8757119203
2024-11-03 00:00:00+00:00,164218.98253896646,176563.11189268605,326028.1000006506,-0.6683944596631287,1.1549591026453316,164217.8275798638,1.0936203952710342,176562.0182722908,1.8531584086952795,326026.2468422419
2024-11-04 00:00:00+00:00,164218.80552847002,176562.96611723356,326028.1029142026,-0.6750697629016335,1.1313798153844592,164217.67414865465,1.07621372370777,176561.88990350984,1.7913481945101066,326026.3115660081
2024-11-05 00:00:00+00:00,164219.02368635262,176563.19352946783,326028.19932771847,-0.6845042760017653,1.1074657346340664,164217.91622061798,1.0584885831890487,176562.13504088463,1.7290078915741638,326026.4703198269
2024-11-06 00:00:00+00:00,164219.11980070864,176563.55311711968,326028.56936194754,-0.7030734809289546,1.0832239369553847,164218.03657677167,1.040450218869118,176562.51266690082,1.6661559473860412,326026.90320600016
2024-11-07 00:00:00+00:00,164219.1010512848,176563.54201158386,326028.86356922064,-0.7224511426108317,1.058661595886358,164218.0423896889,1.0221039685901876,176562.51990761526,1.6028109608472099,326027.2607582598
2024-11-08 00:00:00+00:00,164219.3342440943,176563.9371240583,326028.93336880783,-0.7167055163905994,1.0337859798188842,164218.30045811448,1.003455261302882,176562.93366879702,1.5389916767583218,326027.3943771311
2024-11-09 00:00:00+00:00,164219.24687300005,176563.60287085825,326029.23780710314,-0.6992117342288111,1.0086044498479645,164218.2382685502,0.9845096154597137,176562.61836124278,1.4747169802722857,326027.76309012284
2024-11-10 00:00:00+00:00,164219.15657494616,176563.52349657053,326029.2430206031,-0.6874453341548966,0.983124457593447,164218.17345048857,0.9652726373820926,176562.55822393316,1.410005891305865,326027.8330147118
2024-11-11 00:00:00+00:00,164219.28880161524,176563.25788462145,326029.21597269655,-0.6801874113822729,0.9573535429949791,164218.33144807225,0.9457500196013285,176562.31213460185,1.3448775589114008,326027.8710951376
2024-11-12 00:00:00+00:00,164219.43838310192,176563.33488366185,326029.3219709863,-0.6959212740269626,0.9312993320808011,164218.50708376983,0.9259475391741101,176562.40893612267,1.2793512556102553,326028.0426197307
2024-11-13 00:00:00+00:00,164219.306236582,176563.30218001612,326029.0628714691,-0.755439367930497,0.9049695347110923,164218.40126704727,0.9058710559729841,176562.39630896016,1.2134463716897852,326027.84942509746
2024-11-14 00:00:00+00:00,164219.5203593908,176563.1836135999,326028.61310989,-0.7920944201496241,0.8783719422965055,164218.6419874485,0.885526510952334,176562.29808708894,1.1471824094654643,326027.46592748055
2024-11-15 00:00:00+00:00,164219.98988555837,176563.30644579322,326028.58245803637,-0.8098080966613755,0.8515144254925474,164219.13837113287,0.8649199243903416,176562.44152586884,1.080578977509792,326027.50187905884
2024-11-16 00:00:00+00:00,164219.76490023546,176563.41933933843,326028.839973787,-0.8359512743821446,0.8244049318705335,164218.9404953036,0.8440573941074966,176562.57528194433,1.0136557848498242,326027.8263180022
2024-11-17 00:00:00+00:00,164220.0628944284,176563.69952655156,326028.71889020037,-0.8602003024246491,0.7970514835657823,164219.26584294485,0.8229450936621596,176562.8765814579,0.9464326351349723,326027.77245756524
2024-11-18 00:00:00+00:00,164219.85622106222,176563.4128444622,326029.04619935516,-0.8741978678784411,0.7694621749037183,164219.0867588873,0.8015892705236943,176562.61125519167,0.8789294207767475,326028.1672699344
2024-11-19 00:00:00+00:00,164219.99641141694,176562.9607335831,326029.13788374874,-0.8764685730548081,0.7416451700046417,164219.25476624694,0.779996244223748,176562.18073733887,0.8111661170622935,326028.32671763166
2024-11-20 00:00:00+00:00,164220.07407510997,176562.72589281265,326027.8017647468,-0.861714534021606,0.7136087003678399,164219.3604664096,0.7581724044862049,176561.96772040817,0.7431627762433992,326027.05860197055
2024-11-21 00:00:00+00:00,164220.40317341496,176563.76374949949,326027.91954962147,-0.8360719140046058,0.6853610624357365,164219.71781235252,0.7361242093363509,176563.02762529015,0.6749395216026683,326027.2446100999
2024-11-22 00:00:00+00:00,164220.83393970953,176563.70391558524,326028.3432651619,-0.8141174242797812,0.6569106151388618,164220.1770290944,0.7138581831898572,176562.99005740206,0.6065165414987692,326027.7367486204
2024-11-23 00:00:00+00:00,164220.65287679594,176563.28049658585,326028.7936233002,-0.809585939320641,0.6282657774222924,164220.0246110185,0.6913809149220836,176562.58911567094,0.5379140833923279,326028.2557092168
2024-11-24 00:00:00+00:00,164220.38293368643,176562.8999262936,326028.87938192097,-0.8057672570221257,0.5994350257543559,164219.78349866066,0.6686990559183328,176562.2312272377,0.46915244785439825,326028.41022947314
2024-11-25 00:00:00+00:00,164220.4842309555,176562.46127311964,326029.09651587514,-0.7982478875425537,0.5704268916183198,164219.9138040639,0.6458193181056049,176561.81545380154,0.40025198255921834,326028.6962638926
2024-11-26 00:00:00+00:00,164220.48632951966,176562.3353691671,326029.2879142991,-0.7933334037828293,0.5412499589877674,164219.94507956065,0.622748471966416,176561.71262069512,0.3312330762629643,326028.95668122283
2024-11-27 00:00:00+00:00,164220.4775200042,176562.42720369567,326029.6481887218,-0.7863112814350947,0.5119128617864733,164219.96560714243,0.5994933445353102,176561.82771035112,0.2621161527704092,326029.386072569
2024-11-28 00:00:00+00:00,164220.49146176968,176562.48767367264,326029.2112540459,-0.7463054473713177,0.48242428133349347,164220.00903748834,0.5760608173786383,176561.91161285527,0.19292166489121287,326029.018332381
2024-11-29 00:00:00+00:00,164220.7930531038,176562.42673435024,326029.0849906204,-0.7337117095251718,0.45279294377420654,164220.34026016,0.5524578245581768,176561.8742765257,0.12367008838756388,326028.961320532
2024-11-30 00:00:00+00:00,164221.0248949146,176562.4756787269,326029.22111317114,-0.7498083990055117,0.423027617498116,164220.60186729708,0.5286913505792343,176561.94698737634,0.05438191591509378,326029.16673125525
2024-12-01 00:00:00+00:00,164221.01653885466,176562.14042565515,326029.3592924596,-0.7586279886287836,0.3931371105441508,164220.62340174412,0.5047684283238318,176561.6356572268,-0.014922349041209593,326029.37421480863
2024-12-02 00:00:00+00:00,164221.23228163578,176562.10720193447,326029.32482182246,-0.7661228141681325,0.36313026799420767,164220.86915136778,0.4806961369695453,176561.6265057975,-0.08422219823435428,326029.4090440207
2024-12-03 00:00:00+00:00,164221.12062761158,176561.94115031848,326029.40833650087,-0.7770562005410587,0.3330159693557576,164220.78761164224,0.45648159989466985,176561.4846687186,-0.15349712472404353,326029.5618336256
2024-12-04 00:00:00+00:00,164221.21477933737,176562.1887309756,326029.6864764637,-0.7898208175626374,0.30280312593426684,164220.91197621144,0.43213198257030533,176561.75659899303,-0.22272662894498851,326029.9092030926
2024-12-05 00:00:00+00:00,164221.1542625317,176562.098083879,326029.63520074374,-0.8168580852664794,0.27250067819617807,164220.8817618535,0.4076544904399632,176561.69042938857,-0.29189022477310167,326029.92709096853
2024-12-06 00:00:00+00:00,164221.14678887397,176561.81119950634,326029.4444810329,-0.853166476917977,0.24211759312329373,164220.90467128085,0.3830563667873674,176561.42814313955,-0.36096744558764904,326029.8054484785
2024-12-07 00:00:00+00:00,164221.37101260264,176562.00257602363,326029.59896947717,-0.8855492984724455,0.2116628615593097,164221.1593497411,0.35834489059305713,176561.64423113305,-0.42993785032763276,326030.0289073275
2024-12-08 00:00:00+00:00,164221.29923719692,176562.1317888745,326030.01415105787,-0.8997318529321395,0.1811454955492624,164221.11809170136,0.33352737438040564,176561.79826150014,-0.49878102954066894,326030.5129320874
2024-12-09 00:00:00+00:00,164221.5513110168,176562.6175782849,326030.06371589296,-0.9271651473763995,0.150574525672728,164221.40073649114,0.308611162051733,176562.30896712284,-0.567476611422457,326030.63119250437
2024-12-10 00:00:00+00:00,164221.61519893832,176562.75480414095,326030.81276018557,-0.9581091572317746,0.11995899837153923,164221.49523993995,0.28360362671513556,176562.47120051424,-0.6360042678450966,326031.4487644534
2024-12-11 00:00:00+00:00,164221.8055075848,176562.73166389306,326031.0822736415,-0.9862672586116483,0.08930797327277762,164221.71619961152,0.25851216850264963,176562.47315172455,-0.7043437203725558,326031.7866173619
2024-12-12 00:00:00+00:00,164221.6235581742,176562.9376799735,326031.47805743903,-1.0122028351019254,0.05863052050789408,164221.5649276537,0.23334421238044023,176562.7043357611,-0.7724747462613639,326032.2505321853
2024-12-13 00:00:00+00:00,164221.64493883014,176562.85057927493,326031.28244647296,-1.0268727422111017,0.02793571802872119,164221.6170031121,0.20810720595164267,176562.64247206898,-0.840377184444822,326032.1228236574
2024-12-14 00:00:00+00:00,164221.35179201717,176562.96362196875,326031.44778605393,-1.0393952622077147,-0.0027673510788587263,164221.35455936825,0.1828086172524812,176562.7808133515,-0.9080309414990335,326032.35581699543
2024-12-15 00:00:00+00:00,164221.82000709363,176563.09603946688,326031.32705067156,-1.0472028230057429,-0.03346960128273535,164221.8534766949,0.15745593254236412,176562.93858353433,-0.9754159975888503,326032.3024666692
2024-12-16 00:00:00+00:00,164221.80081920847,176563.05341217114,326031.40680572315,-1.0601071304242093,-0.06416194729311508,164221.86498115576,0.1320566540885879,176562.92135551706,-1.0425124123920388,326032.44931813556
2024-12-17 00:00:00+00:00,164221.711025943,176562.9014055495,326031.7443162627,-1.0633518821490118,-0.09483530675102447,164221.80586124974,0.10661829794627986,176562.79478725154,-1.1093003309999887,326032.8536165937
2024-12-18 00:00:00+00:00,164222.12110781454,176562.8850967964,326031.1979047127,-1.0601469188110666,-0.1254806029159159,164222.24658841745,0.08114839173428323,176562.80394840467,-1.1757599897930766,326032.37366470246
2024-12-19 00:00:00+00:00,164221.94781341415,176563.39777682963,326031.4486589115,-1.0621565934003836,-0.15608876735161248,164222.1039021815,0.055654472407623,176563.34212235722,-1.2418717222890183,326032.6905306338
2024-12-20 00:00:00+00:00,164222.24065788795,176563.52412100372,326032.3792554668,-1.0629166708179885,-0.18665074260982628,164222.42730863055,0.030144084027180384,176563.49397691968,-1.3076159649625472,326033.68687143177
2024-12-21 00:00:00+00:00,164221.94374843355,176562.16345206506,326032.7379208495,-1.0540876589626957,-0.2171574849103769,164222.16090591846,0.004624775527305003,176562.15882728953,-1.3729732630345184,326034.11089411256
2024-12-22 00:00:00+00:00,164221.49467508722,176562.02226434287,326032.66117265925,-1.025927370804311,-0.24759996681741447,164221.74227505404,-0.020895901518054205,176562.0431602444,-1.437924276228942,326034.0990969355
2024-12-23 00:00:00+00:00,164221.38583200605,176562.04023411268,326031.87753049127,-1.0040865694239376,-0.27796917991077374,164221.66380118596,-0.04641039512997436,176562.0866445078,-1.5024497844960596,326033.37998027576
2024-12-24 00:00:00+00:00,164221.30670709765,176561.9854600247,326030.83622621436,-0.9898607951690792,-0.3082561374517001,164221.6149632351,-0.07191115515930135,176562.05737117986,-1.5665306936998453,326032.40275690804
2024-12-25 00:00:00+00:00,164221.7891345141,176562.95778193735,326030.8659341374,-0.9888141527235348,-0.33845187704219004,164222.12758639114,-0.09739063552087751,176563.05517257287,-1.6301480412683096,326032.49608217867
2024-12-26 00:00:00+00:00,164221.9003934824,176563.02990906208,326031.0450544735,-0.9981187168768884,-0.3685474632770992,164222.26894094568,-0.12284129642654096,176563.1527503585,-1.693283001804809,326032.7383374753
2024-12-27 00:00:00+00:00,164221.54309241005,176562.72071774036,326030.65102465084,-1.0137923678033378,-0.3985339903882632,164221.94162640042,-0.1482556066162628,176562.86897334698,-1.7559168926587645,326032.4069415435
2024-12-28 00:00:00+00:00,164221.49201454167,176562.69646145863,326031.1208821006,-1.0408971492124692,-0.42840258487987604,164221.92041712656,-0.17362604558678352,176562.8700875042,-1.8180311794541961,326032.93891328
2024-12-29 00:00:00+00:00,164221.55040611094,176562.73040176008,326030.54093087284,-1.0556001258407075,-0.45814440815429097,164222.0085505191,-0.1989451058170434,176562.9293468659,-1.879607481574324,326032.42053835443
2024-12-30 00:00:00+00:00,164221.59165108108,176562.58751002318,326030.4961452508,-1.0605376120083747,-0.48775065912749516,164222.0794017402,-0.2242052949897701,176562.81171531818,-1.940627577600671,326032.4367728284
2024-12-31 00:00:00+00:00,164221.3518246637,176562.79030523833,326030.49732614926,-1.057499619863241,-0.5172125768335102,164221.86903724054,-0.24939913820859327,176563.03970437654,-2.0010734107051107,326032.49839955993
2025-01-01 00:00:00+00:00,164221.14077569527,176562.90913636173,326030.1167520789,-1.0536362621242006,-0.5465214430168928,164221.6872971383,-0.27451918020997673,176563.18365554194,-2.0609270939931537,326032.1776791729
2025-01-02 00:00:00+00:00,164221.57431408376,176563.303406112,326030.28432128637,-1.054723025850156,-0.5756685847125993,164222.14998266846,-0.29955798756934454,176563.60296409958,-2.1201709157969493,326032.40449220216
2025-01-03 00:00:00+00:00,164221.5159116614,176563.07862401512,326030.35067117127,-1.0425899901811135,-0.6046453768124724,164222.12055703823,-0.32450815090076596,176563.40313216601,-2.17878734491649,326032.52945851616
2025-01-04 00:00:00+00:00,164221.41394176273,176562.958408183,326030.6898981204,-1.0298671829644566,-0.6334432446175409,164222.04738500735,-0.3493622870495042,176563.30777047007,-2.236759035807358,326032.9266571562
2025-01-05 00:00:00+00:00,164221.44711640745,176562.97432744096,326031.09697388,-1.0157211763698797,-0.6620536663754022,164222.10917007382,-0.3741130412768034,176563.34844048222,-2.294068833713533,326033.3910427137
2025-01-06 00:00:00+00:00,164221.45147107606,176562.75865712934,326031.13693956996,-1.0208472531776351,-0.6904681758019636,164222.14193925186,-0.3987530894362885,176563.15741021876,-2.350699779743793,326033.4876393497
2025-01-07 00:00:00+00:00,164221.490483302,176562.70898510766,326030.85869120265,-1.0474414412522794,-0.7186783645867437,164222.2091616666,-0.42327514014129186,176563.1322602478,-2.4066351158901105,326033.26532631856
2025-01-08 00:00:00+00:00,164221.41544124528,176562.4467080454,326030.9970329207,-1.0720704907344043,-0.7466758848810167,164222.16211713015,-0.44767193692248264,176562.89437998232,-2.461858289986594,326033.4588912107
2025-01-09 00:00:00+00:00,164221.5359135094,176562.35250251697,326030.3901256509,-1.0838193466145942,-0.7744524517680935,164222.31036596117,-0.4719362603751892,176562.82443877734,-2.51635296060758,326032.9064786115
2025-01-10 00:00:00+00:00,164221.29428674866,176562.48427947162,326030.15714322566,-1.0880672008970578,-0.8019998457149531,164222.09628659437,-0.4960609302957289,176562.98034040193,-2.570103001903301,326032.72724622756
2025-01-11 00:00:00+00:00,164221.3386370455,176562.68027106402,326030.0300606147,-1.0872288688854799,-0.829309915004526,164222.16794696052,-0.5200388078061388,176563.2003098718,-2.6230925083717724,326032.65315312304
2025-01-12 00:00:00+00:00,164221.3083969459,176562.4293372121,326029.57046551234,-1.0849043568153622,-0.8563745781479354,164222.16477152405,-0.5438627974666986,176562.97320000955,-2.6753057995655163,326032.2457713119
2025-01-13 00:00:00+00:00,164221.90173397833,176562.77250352243,326030.31372544664,-1.0901492776714197,-0.8831858262759316,164222.7849198046,-0.5675258493755798,176563.34002937182,-2.726727424731642,326033.04045287136
2025-01-14 00:00:00+00:00,164220.98607468986,176561.9992223376,326030.00668035384,-1.090876484147581,-0.9097357255088363,164221.8958104154,-0.5910209612550151,176562.59024329885,-2.7773421673839587,326032.7840225212
2025-01-15 00:00:00+00:00,164221.53155166315,176562.36463565525,326030.17907263763,-1.0862130257916458,-0.9360164193043253,164222.46756808244,-0.6143411805234048,176562.97897683576,-2.827135049805813,326033.00620768743
2025-01-16 00:00:00+00:00,164221.3678541679,176561.8785467562,326029.48809817724,-1.0877981716954916,-0.9620201307822833,164222.32987429868,-0.6374796063526759,176562.51602636254,-2.876091337482195,326032.3641895147
2025-01-17 00:00:00+00:00,164221.42602757236,176561.98798310378,326029.9467313414,-1.0973868213826183,-0.9877391650261274,164222.4137667374,-0.6604293917103665,176562.6484124955,-2.924196543459956,326032.8709278849
2025-01-18 00:00:00+00:00,164221.35949942298,176561.6833404681,326030.04541363526,-1.1098384861516024,-1.0131659113598475,164222.37266533435,-0.6831837453857652,176562.3665242135,-2.9714364326347136,326033.0168500679
2025-01-19 00:00:00+00:00,164221.30113783342,176561.84764006257,326030.01674465596,-1.1192592396397838,-1.0382928456001215,164222.339430679,-0.7057359339995324,176562.55337599656,-3.017797025963234,326033.03454168193
2025-01-20 00:00:00+00:00,164221.28868799086,176562.08813189407,326029.7869144055,-1.1402419395641725,-1.063112532282857,164222.35180052315,-0.7280792839962298,176562.81621117805,-3.063264604600087,326032.85017901007
2025-01-21 00:00:00+00:00,164221.33591435122,176562.28723510174,326029.2269797152,-1.1688163386746357,-1.0876176268634565,164222.42353197807,-0.7502071836191258,176563.03744228536,-3.107825713957255,326032.33480542916
2025-01-22 00:00:00+00:00,164222.14406739516,176562.65863934098,326029.43621194747,-1.1982453320085067,-1.1118008778901796,164223.25586827306,-0.7721130848667135,176563.43075242586,-3.151467167685551,326032.5876791152
2025-01-23 00:00:00+00:00,164222.52462889842,176562.99257221204,326030.44934936456,-1.2336071623030875,-1.135655129149979,164223.66028402757,-0.793790505430384,176563.78636271748,-3.1941760515766973,326033.64352541615
2025-01-24 00:00:00+00:00,164221.87772337318,176562.18273777468,326030.2617197829,-1.2601898134501728,-1.159173321786131,164223.03689669498,-0.8152330306126389,176562.9979708053,-3.235939727384835,326033.4976595103
2025-01-25 00:00:00+00:00,164221.88007277247,176562.3043948895,326029.60695989465,-1.272136156734632,-1.1823484963870587,164223.06242126887,-0.8364343152252949,176563.14082920473,-3.2767458365663718,326032.8837057312
2025-01-26 00:00:00+00:00,164222.2739515325,176562.5173182204,326029.61921857647,-1.3024124660181162,-1.2051737950457477,164223.47912532755,-0.8573880854671417,176563.37470630585,-3.316582303937097,326032.9358008804
2025-01-27 00:00:00+00:00,164222.58132919055,176562.42643328538,326028.90696800675,-1.3354392742003256,-1.2276424633891028,164223.80897165393,-0.878088140780453,176563.30452142615,-3.3554373412454126,326032.262405348
2025-01-28 00:00:00+00:00,164222.11995309204,176562.11646207905,326029.37574252184,-1.3657441222770406,-1.2497478525766708,164223.36970094463,-0.8985283556858257,176563.01499043475,-3.393299450660655,326032.76904197247
2025-01-29 00:00:00+00:00,164222.18450859477,176562.60146224473,326029.2385078378,-1.3938881505670604,-1.2714834212681516,164223.45599201604,-0.9187026815948195,176563.52016492633,-3.4301574281755074,326032.668665266
2025-01-30 00:00:00+00:00,164222.47886710835,176562.3754988211,326028.9505116724,-1.4172764187078428,-1.2928427375590803,164223.7717098459,-0.9386051485998267,176563.3141039697,-3.46600036692144,326032.4165120393
2025-01-31 00:00:00+00:00,164222.45855508206,176561.9876904017,326029.1628938505,-1.4368043860112671,-1.3138194808841237,164223.77237456295,-0.9582298672406564,176562.94592026895,-3.500817660396213,326032.6637115109
2025-02-01 00:00:00+00:00,164222.27242628048,176561.56605698637,326028.6924554185,-1.4587744067256505,-1.3344074438874505,164223.60683372436,-0.9775710302473334,176562.5436280166,-3.534599005602535,326032.2270544241
2025-02-02 00:00:00+00:00,164222.53951336772,176561.70537529764,326028.88911566784,-1.477527161395604,-1.3546005342595815,164223.89411390197,-0.9966229142585568,176562.70199821188,-3.5673344060968724,326032.4564500739
2025-02-03 00:00:00+00:00,164222.68362536316,176561.69347029523,326028.8025417486,-1.4867379884559948,-1.374392776540196,164224.0580181397,-1.015379881515328,176562.70885017674,-3.5990141749475506,326032.40155592357
2025-02-04 00:00:00+00:00,164222.51243460097,176561.70104092566,326028.3683749305,-1.5043031711772226,-1.3937783138863789,164223.90621291485,-1.0338363815292675,176562.7348773072,-3.6296289376012916,326031.9980038681
2025-02-05 00:00:00+00:00,164222.41617772813,176561.816135576,326027.9633434448,-1.518529302121351,-1.412751409805748,164223.82892913793,-1.0519869527250862,176562.86812252871,-3.6591696346572853,326031.62251307943
2025-02-06 00:00:00+00:00,164222.50614588527,176561.67852493434,326027.4798534753,-1.5218792689044374,-1.4313064498539692,164223.9374523351,-1.0698262240567495,176562.7483511584,-3.6876275245480024,326031.16748099984
2025-02-07 00:00:00+00:00,164222.3033676423,176561.76558246228,326026.9866581302,-1.5039333799998833,-1.4494379432961717,164223.7528055856,-1.0873489165968653,176562.85293137887,-3.714994186125984,326030.7016523163
2025-02-08 00:00:00+00:00,164221.87414646902,176561.99714343017,326027.24672944867,-1.4837561233962333,-1.4671405247317408,164223.34128699376,-1.1045498450987998,176563.10169327527,-3.741261521155783,326030.98799096985
2025-02-09 00:00:00+00:00,164222.09744825927,176562.06895767574,326027.1372081411,-1.480077891235548,-1.4844089556820188,164223.58185721494,-1.12142391953107,176563.19038159528,-3.7664217567103613,326030.9036298978
2025-02-10 00:00:00+00:00,164221.91245348452,176561.9429482936,326027.17808702367,-1.4657998650118316,-1.5012381261404686,164223.41369161065,-1.1379661465835764,176563.0809144402,-3.790467447471232,326030.96855447115
2025-02-11 00:00:00+00:00,164222.08765658748,176562.2774537318,326027.8807332598,-1.4479952992799856,-1.5176230560847923,164223.60527964355,-1.1541716311451924,176563.43162536295,-3.813391477931635,326031.6941247377
2025-02-12 00:00:00+00:00,164221.96773546012,176561.73755038175,326027.4065002196,-1.436043528443103,-1.533558896950614,164223.50129435706,-1.1700355777523166,176562.9075859595,-3.83518706450215,326031.2416872841
2025-02-13 00:00:00+00:00,164222.01974942363,176562.10970011933,326027.84616482555,-1.4387322107183234,-1.5490409330662391,164223.5687903567,-1.1855532920079228,176563.29525341134,-3.855847757518054,326031.7020125831
2025-02-14 00:00:00+00:00,164221.91756705457,176561.58184529954,326027.5818213557,-1.4502124434623813,-1.5640645830480961,164223.4816316376,-1.2007201819707043,176562.78256548152,-3.875367443147881,326031.4571887988
2025-02-15 00:00:00+00:00,164222.08392538532,176561.85956357126,326027.8253877727,-1.4608449723197434,-1.5786254011564496,164223.66255078648,-1.2155317595139103,176563.07509533077,-3.8937403452026134,326031.7191281179
2025-02-16 00:00:00+00:00,164221.94383853485,176561.9002792756,326027.86213518976,-1.4694970512467382,-1.5927190786109624,164223.53655761346,-1.2299836416534522,176563.13026291726,-3.9109610268449444,326031.7730962166
2025-02-17 00:00:00+00:00,164222.23740415738,176562.4128394262,326027.9128378726,-1.488405143854834,-1.6063414448657265,164223.84374560224,-1.2440715518448933,176563.65691097802,-3.9270243921981174,326031.83986226475
2025-02-18 00:00:00+00:00,164222.13942131813,176562.16908880006,326027.8780183232,-1.5347772641416668,-1.619488468843406,164223.75890978696,-1.2577913212489569,176563.42688012132,-3.941925687853892,326031.81994401105
2025-02-19 00:00:00+00:00,164221.97943404978,176562.07048910955,326027.4603295344,-1.5547606389848927,-1.6321562601280921,164223.6115903099,-1.271138889965148,176563.34162799953,-3.9556605042791464,326031.4159900387
2025-02-20 00:00:00+00:00,164222.32719634363,176561.84504343985,326027.34190743195,-1.5706197460770757,-1.644341070116536,164223.97153741374,-1.2841103082331389,176563.1291537481,-3.9682247771207253,326031.3101322091
2025-02-21 00:00:00+00:00,164221.73797866484,176561.56533540014,326027.4651422725,-1.5906783920366554,-1.6560392931274284,164223.39401795797,-1.296701737601575,176562.86203713773,-3.9796147884081563,326031.4447570609
2025-02-22 00:00:00+00:00,164221.6383104099,176561.80915622236,326026.78859171906,-1.6164097739374483,-1.667247467468375,164223.30555787738,-1.3089094520639313,176563.1180656744,-3.989827167653853,326030.7784188867
2025-02-23 00:00:00+00:00,164221.98296626785,176561.88101577695,326026.7968115814,-1.6437773071647825,-1.6779622764602644,164223.66092854433,-1.3207298391610927,176563.2017456161,-3.9988588928504933,326030.79567047424
2025-02-24 00:00:00+00:00,164221.93960827545,176561.4089409778,326026.7578307056,-1.650831811177947,-1.6881805494187323,164223.62778882487,-1.3321594010503461,176562.74110037886,-4.006707291365286,326030.76453799696
2025-02-25 00:00:00+00:00,164221.73942240363,176561.5507684574,326026.58595999365,-1.6590785462931308,-1.6978992625924145,164223.43732166622,-1.3431947555404462,176562.89396321296,-4.013370040730843,326030.5993300344
2025-02-26 00:00:00+00:00,164222.09827929322,176561.73541943933,326027.0430153437,-1.66660806262189,-1.7071155400577225,164223.80539483327,-1.3538326370924552,176563.08925207643,-4.018845169332431,326031.06186051306
2025-02-27 00:00:00+00:00,164221.98938725164,176561.8134715256,326027.1735613078,-1.6615640300406085,-1.715826654569879,164223.7052139062,-1.3640698977860757,176563.17754142339,-4.023131056991414,326031.19669236476
2025-02-28 00:00:00+00:00,164222.11321649406,176561.9676575493,326027.72572845605,-1.6448338002437595,-1.7240300283699528,164223.83724652242,-1.3739035082511681,176563.34156105755,-4.026226435444677,326031.7519548915
2025-03-01 00:00:00+00:00,164222.2200648814,176562.0522584636,326027.61714024836,-1.6224445563123784,-1.7317232339476554,164223.95178811534,-1.383330558564186,176563.43558902218,-4.028130388719937,326031.64527063706
2025-03-02 00:00:00+00:00,164222.61398620327,176561.99187059744,326027.2717169682,-1.61934807972951,-1.7389039947596847,164224.35289019803,-1.392348259109276,176563.38421885655,-4.02884235340679,326031.3005593216
2025-03-03 00:00:00+00:00,164222.6040531593,176561.97770108032,326027.4132777101,-1.625063009164478,-1.7455701859033907,164224.34962334522,-1.400953941403767,176563.37865502172,-4.028362118823429,326031.4416398289
2025-03-04 00:00:00+00:00,164222.27464011646,176562.03268305518,326026.7146620583,-1.6284724212967678,-1.751719834745563,164224.0263599512,-1.4091450588878143,176563.44182811407,-4.026689827078993,326030.7413518854
2025-03-05 00:00:00+00:00,164222.547759805,176562.14726565027,326026.3584036281,-1.6202191704348177,-1.7573511215061721,164224.3051109265,-1.4169191876779728,176563.56418483795,-4.0238259730315145,326030.38222960115
2025-03-06 00:00:00+00:00,164222.87536552083,176561.80783601853,326026.5106770326,-1.6226915538669953,-1.7624623797968673,164224.63782790062,-1.4242740272844603,176563.23211004582,-4.019771404141482,326030.53044843674
2025-03-07 00:00:00+00:00,164222.80314131122,176561.62183693072,326027.16792649496,-1.6271601452993611,-1.7670520971140866,164224.57019340832,-1.4312074012919078,176563.05304433202,-4.01452732022106,326031.1824538152
2025-03-08 00:00:00+00:00,164222.76230349124,176561.83742184666,326027.8622203541,-1.634712971422535,-1.7711189152866358,164224.53342240653,-1.4377172580034003,176563.27513910466,-4.008095273079051,326031.8703156272
2025-03-09 00:00:00+00:00,164222.88915503706,176561.97235751137,326028.17834561586,-1.6324903804036996,-1.7746616308775887,164224.66381666795,-1.4438016710476038,176563.4161591824,-4.000477166061685,326032.17882278195
2025-03-10 00:00:00+00:00,164223.27839536546,176562.22355645336,326028.3607689187,-1.6266870695963007,-1.777679195540404,164225.056074561,-1.4494588399488084,176563.67301529332,-3.991675253489393,326032.3524441722
2025-03-11 00:00:00+00:00,164223.3830602049,176562.4366664381,326028.53030157986,-1.6249487905033675,-1.7801707163291516,164225.16323092123,-1.4546870906597222,176563.89135352874,-3.981692139989714,326032.51199371985
2025-03-12 00:00:00+00:00,164223.9172612877,176562.53626203522,326029.0951505589,-1.6241774223032432,-1.7821354559627438,164225.69939674364,-1.4594848760568446,176563.99574691127,-3.9705307797265457,326033.06568133866
2025-03-13 00:00:00+00:00,164223.79957723475,176562.37507894597,326029.15654433734,-1.6219378269318743,-1.7835728330431146,164225.5831500678,-1.463850776398288,176563.83892972238,-3.958194475525959,326033.11473881284
2025-03-14 00:00:00+00:00,164223.7519789817,176562.60741568776,326029.3413098584,-1.6242901894026243,-1.7844824222272602,164225.5364614039,-1.467783499743901,176564.0751991875,-3.944686877898837,326033.2859967363
2025-03-15 00:00:00+00:00,164223.62491565885,176562.6446058302,326029.0100694139,-1.6388856150979336,-1.7848639543531073,164225.4097796132,-1.4712818823375737,176564.11588771254,-3.930011983960637,326032.9400813979
2025-03-16 00:00:00+00:00,164223.70746832175,176563.12172257248,326029.3021596645,-1.6625081852037813,-1.7847173165191617,164225.49218563826,-1.4743448889516138,176564.59606746145,-3.9141741362485702,326033.21633380075
2025-03-17 00:00:00+00:00,164223.87050140597,176563.32434656433,326029.9303053943,-1.673900447419328,-1.784042552117917,164225.65454395808,-1.4769716131930843,176564.80131817752,-3.8971780214365794,326033.8274834157
2025-03-18 00:00:00+00:00,164223.84959587423,176563.30653284458,326030.21210349904,-1.6735510854538613,-1.7828398608230165,164225.63243573505,-1.4791612777720227,176564.78569412234,-3.879028668948482,326034.091132168
2025-03-19 00:00:00+00:00,164223.81611649977,176563.21641094904,326030.5853516069,-1.6746317343534731,-1.781109598530163,164225.5972260983,-1.4809132347314518,176564.69732418377,-3.859731449469672,326034.44508305634
2025-03-20 00:00:00+00:00,164223.77332827201,176563.49648018237,326030.9427400952,-1.6847153488985593,-1.7788522772518063,164225.55218054928,-1.4822269656391212,176564.978707148,-3.8392920733578553,326034.7820321685
2025-03-21 00:00:00+00:00,164224.2263245523,176563.78932789978,326031.7738474353,-1.7098760526963208,-1.77606856496563,164226.00239311726,-1.4831020817409193,176565.27242998153,-3.8177165889532634,326035.5915640243
2025-03-22 00:00:00+00:00,164224.099897768,176563.90988869226,326032.4996396389,-1.7228615448893834,-1.7727592854168848,164225.8726570534,-1.4835383240759117,176565.39342701633,-3.7950113807888464,326036.2946510197
2025-03-23 00:00:00+00:00,164224.219294422,176564.3119993623,326032.54905809084,-1.7181771006559454,-1.7689254178746299,164225.98821983987,-1.4835355635529737,176565.79553492586,-3.7711831677009897,326036.32024125854
2025-03-24 00:00:00+00:00,164224.3666138026,176564.1447647672,326033.34149083745,-1.7299637437563433,-1.764568096841953,164226.13118189943,-1.4830938009889885,176565.6278585682,-3.7462390008413102,326037.08772983827
2025-03-25 00:00:00+00:00,164224.441561801,176564.17535394704,326033.4693001038,-1.7500741520367835,-1.7596886117202497,164226.20125041273,-1.4822131671086056,176565.65756711413,-3.7201862615900914,326037.18948636536
2025-03-26 00:00:00+00:00,164224.55143024278,176564.5997531874,326033.79832034436,-1.765114899656813,-1.7542884064276705,164226.3057186492,-1.4808939225055584,176566.0806471099,-3.6930326593720237,326037.4913530037
2025-03-27 00:00:00+00:00,164224.77225999144,176564.3281255836,326034.31658367434,-1.7659325102076764,-1.7483690789718436,164226.5206290704,-1.4791364575655497,176565.80726204117,-3.6647862293748688,326037.9813699037
2025-03-28 00:00:00+00:00,164224.30900595975,176564.13906913425,326034.6599299063,-1.764131629323856,-1.7419323809769953,164226.05093834072,-1.4769412923507304,176565.6160104266,-3.6354553301717014,326038.2953852365
2025-03-29 00:00:00+00:00,164224.8641391402,176564.01859006734,326034.0905353611,-1.7730986299408567,-1.7349802171656177,164226.59911935736,-1.4743090764458031,176565.49289914378,-3.60504864124748,326037.69558400236
2025-03-30 00:00:00+00:00,164224.71845540422,176563.6250000041,326033.78726407717,-1.7815820770871749,-1.7275146447948342,164226.445970049,-1.4712405887658042,176565.09624059286,-3.573575160430662,326037.3608392376
2025-03-31 00:00:00+00:00,164224.5007495476,176563.64472615917,326034.22919488256,-1.7845900987352554,-1.7195378730476174,164226.22028742064,-1.467736737325604,176565.1124628965,-3.5410442012305765,326037.7702390838
2025-04-01 00:00:00+00:00,164224.21064013787,176563.91333034,326034.2693400998,-1.7883233184532703,-1.7110522623790612,164225.92169240024,-1.4637985589712155,176565.37712889898,-3.5074653900814203,326037.7768054899
2025-04-02 00:00:00+00:00,164224.26467756185,176563.9199270539,326034.6930779431,-1.8006467446609047,-1.7020603238178837,164225.96673788567,-1.4594272190729736,176565.37935427297,-3.47284866349365,326038.1659266066
2025-04-03 00:00:00+00:00,164224.23427574924,176563.67954068392,326034.8611635462,-1.807989166400451,-1.6925647182233714,164225.92684046747,-1.4546240111806819,176565.1341646951,-3.43720426511359,326038.2983678113
2025-04-04 00:00:00+00:00,164224.06131612964,176563.6226271152,326035.05601864343,-1.7923673589866667,-1.6825682554979877,164225.74388438513,-1.449390356640831,176565.07201747183,-3.4005427426921804,326038.4565613861
2025-04-05 00:00:00+00:00,164224.07093591307,176563.98749704027,326035.03765208204,-1.7629891870753152,-1.672073893755883,164225.7430098068,-1.4437278041760024,176565.43122484445,-3.3628749449637394,326038.400527027
2025-04-06 00:00:00+00:00,164224.43581937102,176564.2663485429,326035.22050968127,-1.7395933217776474,-1.6610847384475327,164226.09690410946,-1.4376380294265707,176565.70398657233,-3.3242120184356247,326038.5447216997
2025-04-07 00:00:00+00:00,164224.40612727782,176564.06843874062,326035.3477372391,-1.7209762212214628,-1.6496040414407933,164226.05573131927,-1.4311228344548603,176565.49956157507,-3.2845654040898307,326038.6323026432
2025-04-08 00:00:00+00:00,164224.60521511358,176563.94893621237,326035.6202416582,-1.6933696856585811,-1.6376352000586145,164226.24285031363,-1.4241841472118824,176565.37312035958,-3.24394683399739,326038.8641884922
2025-04-09 00:00:00+00:00,164224.8713830748,176563.645759769,326035.95261567814,-1.6546029042198522,-1.6251817560737205,164226.49656483086,-1.4168240209668244,176565.06258378996,-3.2023683278466795,326039.15498400596
2025-04-10 00:00:00+00:00,164224.52987456156,176563.53637499426,326036.3406086703,-1.627067151399994,-1.612247394660545,164226.14212195622,-1.4090446336994562,176564.94541962797,-3.159842189386611,326039.5004508597
2025-04-11 00:00:00+00:00,164224.29767030088,176563.64947577272,326036.09440315404,-1.6266118772297584,-1.5988359433047235,164225.89650624417,-1.4008482874556283,176565.05032406017,-3.1163810027857313,326039.2107841568
2025-04-12 00:00:00+00:00,164224.60760806256,176563.78192110162,326036.50127539673,-1.6293790484539084,-1.5849513706704796,164226.19255943323,-1.3922374076660593,176565.1741585093,-3.0719976289083735,326039.5732730256
2025-04-13 00:00:00+00:00,164224.62208330157,176563.71930397724,326036.9032015279,-1.6214747353360508,-1.5705977854262403,164226.192681087,-1.383214542428617,176565.10251851968,-3.0267052015089364,326039.9299067294
2025-04-14 00:00:00+00:00,164224.76178141695,176563.44786210603,326037.54528414016,-1.6168113625347662,-1.555779435028805,164226.31756085198,-1.3737823617542884,176564.82164446777,-2.9805171233453693,326040.5258012635
2025-04-15 00:00:00+00:00,164224.3754569932,176563.15338621737,326037.6941217937,-1.6297446699260643,-1.5405007044664583,164225.91595769767,-1.3639436567770817,176564.51732987416,-2.933447062213089,326040.62756885594
2025-04-16 00:00:00+00:00,164224.16877637032,176562.801117715,326037.3947311507,-1.6494574778301587,-1.5247661149613891,164225.69354248527,-1.3537013389280932,176564.15481905392,-2.885508946900481,326040.2802400976
2025-04-17 00:00:00+00:00,164224.2366018883,176562.60407464727,326037.24164922076,-1.6654832890080797,-1.5085803226317744,164225.74518221093,-1.3430584390739555,176563.94713308636,-2.8367169630671087,326040.07836618385
2025-04-18 00:00:00+00:00,164224.2557178188,176562.43236764023,326036.74327487027,-1.6731334385710095,-1.4919481171139677,164225.74766593592,-1.332018106619962,176563.76438574685,-2.787085549045973,326039.5303604193
2025-04-19 00:00:00+00:00,164224.3949325145,176562.37058251613,326036.9124410428,-1.6801807724456619,-1.4748744201451718,164225.86980693464,-1.3205836085781097,176563.6911661247,-2.7366293915709847,326039.64907043433
2025-04-20 00:00:00+00:00,164224.1718460988,176562.13225163645,326036.5736147391,-1.6850440295041456,-1.457364284107007,164225.6292103829,-1.3087583286003324,176563.44100996506,-2.6853634214308975,326039.25897816056
2025-04-21 00:00:00+00:00,164224.01322706367,176561.81540456388,326036.31430434395,-1.6932192688679304,-1.4394228905304365,164225.4526499542,-1.296545765977224,176563.11195032985,-2.6333028090510604,326038.947607153
2025-04-22 00:00:00+00:00,164223.9464621413,176561.52233412315,326036.09329691925,-1.7088049074354785,-1.4210555485624727,164225.36751768985,-1.2839495346025491,176562.80628365776,-2.5804629600042626,326038.67375987925
2025-04-23 00:00:00+00:00,164224.11036591083,176561.62769907247,326035.93606745935,-1.7231045174636772,-1.4022676933951037,164225.51263360423,-1.2709733619038233,176562.89867243438,-2.526859510451942,326038.4629269698
2025-04-24 00:00:00+00:00,164224.2221466958,176561.6357235575,326036.59163457155,-1.7433201224272732,-1.3830648846569398,164225.60521158046,-1.2576210877393137,176562.89334464524,-2.472508322517214,326039.06414289406
2025-04-25 00:00:00+00:00,164224.03767858396,176561.48373971743,326036.767481296,-1.7678880454298753,-1.3634528047680332,164225.40113138873,-1.2438966632617658,176562.7276363807,-2.4174254795910244,326039.18490677554
2025-04-26 00:00:00+00:00,164224.31926824627,176561.58409972474,326036.70895456837,-1.7875460191705013,-1.3434372572583495,164225.66270550352,-1.2298041497491858,176562.81390387448,-2.3616272815727877,326039.07058184996
2025-04-27 00:00:00+00:00,164224.50018111375,176561.68029926764,326036.5502377747,-1.8117703352087728,-1.323024165050414,164225.8232052788,-1.2153477174030476,176562.89564698504,-2.305130240046998,326038.8553680147
2025-04-28 00:00:00+00:00,164224.4672668421,176561.7470649676,326037.12776151806,-1.8377270151698515,-1.3022195687066298,164225.7694864108,-1.2005316441142662,176562.94759661172,-2.247951073397205,326039.37571259146
2025-04-29 00:00:00+00:00,164224.29833554488,176561.84227198744,326036.9433291061,-1.8430766238485983,-1.2810296246417672,164225.5793651695,-1.185360314197295,176563.02763230164,-2.190106701858739,326039.13343580795
2025-04-30 00:00:00+00:00,164224.4841938449,176561.80091559284,326036.82881602587,-1.8267377525147215,-1.259460603301186,164225.7436544482,-1.1698382170927375,176562.97075380993,-2.131614242511758,326038.9604302684
2025-05-01 00:00:00+00:00,164225.0560897946,176561.84461229137,326037.3937643522,-1.8038409484170188,-1.2375188873053176,164226.2936086819,-1.1539699460388564,176562.9985822374,-2.0724910042160483,326039.4662553564
2025-05-02 00:00:00+00:00,164225.08896272723,176561.83144055115,326037.5709119105,-1.7832984620599746,-1.2152109695609288,164226.3041736968,-1.1377601967123498,176562.96920074787,-2.0127544824890107,326039.583666393
2025-05-03 00:00:00+00:00,164224.9973939057,176561.9935670914,326037.7597257339,-1.7700868060492212,-1.192543451339787,164226.18993735706,-1.121213765838838,176563.11478085726,-1.9524223543285115,326039.7121480882
2025-05-04 00:00:00+00:00,164224.76983624636,176562.3197154465,326037.7568348687,-1.7726545923136048,-1.1695230403252102,164225.93935928668,-1.104335549773416,176563.42405099628,-1.8915124729818986,326039.6483473417
2025-05-05 00:00:00+00:00,164224.98154487988,176562.4439041211,326038.228345206,-1.7818987715466694,-1.146156548627184,164226.12770142852,-1.0871305430517655,176563.53103466413,-1.8300428626630212,326040.0583880687
2025-05-06 00:00:00+00:00,164225.01517343987,176562.0523945665,326038.0032208994,-1.7882709553596214,-1.122450890766539,164226.13762433064,-1.069603836912181,176563.12199840343,-1.768031713218536,326039.7712526126
2025-05-07 00:00:00+00:00,164225.00629451458,176561.66840538647,326037.91022344015,-1.7932046978424598,-1.0984130816288127,164226.1047075962,-1.0517606177889798,176562.72016600426,-1.7054973747452018,326039.6157208149
2025-05-08 00:00:00+00:00,164224.8739315068,176561.4672874781,326037.5209208762,-1.8025795371910742,-1.074050234388465,164225.9479817412,-1.0336061657777733,176562.50089364388,-1.6424583521598655,326039.1633792283
2025-05-09 00:00:00+00:00,164224.6745863364,176561.16611040483,326036.8019266227,-1.813890893640746,-1.0493695584039602,164225.7239558948,-1.0151458530729927,176562.1812562579,-1.5789332997235246,326038.38085992244
2025-05-10 00:00:00+00:00,164225.00330176356,176561.1047000327,326036.78003600275,-1.8230228604925287,-1.0243783570843858,164226.02768012063,-0.996385142378158,176562.1010851751,-1.5149410155211884,326038.29497701826
2025-05-11 00:00:00+00:00,164225.0551291668,176560.7299335856,326036.9477475529,-1.8254374757437593,-0.9990840257282871,164226.05421319255,-0.9773295852893978,176561.7072631709,-1.4505004358993023,326038.3982479888
2025-05-12 00:00:00+00:00,164224.90270222502,176560.73461087365,326036.468678508,-1.8197205751430374,-0.9734940493352644,164225.87619627436,-0.9579848206526336,176561.6925956943,-1.3856306298621388,326037.85430913785
2025-05-13 00:00:00+00:00,164225.14444800635,176560.757503375,326036.1432665602,-1.8202870663990323,-0.947616000391025,164226.09206400675,-0.9383565728949406,176561.6958599479,-1.3203507934289327,326037.46361735364
2025-05-14 00:00:00+00:00,164225.46154515215,176560.98928977814,326036.394297155,-1.8489778443705898,-0.9214575366265942,164226.3830026888,-0.9184506503306222,176561.90774042846,-1.2546802439535492,326037.648977399
2025-05-15 00:00:00+00:00,164225.6969057621,176561.18633292432,326036.27550877037,-1.8865474939017683,-0.895026398752255,164226.59193216087,-0.8982729434424251,176562.08460586777,-1.1886384144081292,326037.4641471848
2025-05-16 00:00:00+00:00,164225.75762079898,176561.44241362417,326036.310003836,-1.9106040204187593,-0.8683304081669292,164226.62595120716,-0.8778294231384374,176562.32024304732,-1.1222448476325186,326037.43224868365
2025-05-17 00:00:00+00:00,164226.06256346483,176561.66986149232,326036.2902597742,-1.9176943221782494,-0.8413774646437342,164226.90394092948,-0.8571261389852256,176562.5269876313,-1.055519190551311,326037.34577896475
2025-05-18 00:00:00+00:00,164226.17284779283,176561.69235066682,326036.86681680375,-1.9197577491540871,-0.8141755439922893,164226.9870233368,-0.8361692174176542,176562.52851988425,-0.9884811883599482,326037.8552979921
2025-05-19 00:00:00+00:00,164226.00947852538,176561.5052909444,326036.7347754667,-1.914260817202982,-0.7867326956985574,164226.79621122108,-0.8149648599259844,176562.3202558043,-0.9211506786818302,326037.65592614544
2025-05-20 00:00:00+00:00,164226.13974400092,176561.43711156,326037.0047081026,-1.9078505544348443,-0.7590570405428512,164226.89880104145,-0.7935193412207342,176562.2306309012,-0.8535475856979868,326037.85825568833
2025-05-21 00:00:00+00:00,164226.2010921245,176561.58972392385,326037.399863152,-1.8942829049168115,-0.7311567681967943,164226.9322488927,-0.7718390073759183,176562.36156293124,-0.7856919142512753,326038.1855550663
2025-05-22 00:00:00+00:00,164226.3338697605,176561.4728241982,326037.67490932,-1.8833644151970172,-0.7030401347998531,164227.0369098953,-0.7499302739511288,176562.22275447214,-0.7176037439265839,326038.39251306397
2025-05-23 00:00:00+00:00,164226.26566600477,176561.06935244717,326038.0383937957,-1.8766861237102905,-0.6747154605161901,164226.94038146528,-0.7277996240930547,176561.79715207126,-0.6493032231089158,326038.68769701885
2025-05-24 00:00:00+00:00,164226.1400079014,176560.9994343566,326037.1517921532,-1.882637169692316,-0.6461911270726324,164226.7861990285,-0.7054536066170412,176561.70488796322,-0.5808105630212457,326037.7326027162
2025-05-25 00:00:00+00:00,164226.4327685721,176560.96187747558,326037.306659155,-1.8963213908430891,-0.6174755752783645,164227.05024414737,-0.6828988340691772,176561.64477630964,-0.5121460317436484,326037.8188051867
2025-05-26 00:00:00+00:00,164226.0618373542,176561.21864118552,326037.05531450955,-1.9000650184564922,-0.5885773025271389,164226.65041465673,-0.6601419807695217,176561.8787831663,-0.44332994821560634,326037.4986444578
2025-05-27 00:00:00+00:00,164226.1290410463,176561.12138745326,326036.65659622755,-1.9020558157523435,-0.5595048602827974,164226.6885459066,-0.6371897808370934,176561.75857723408,-0.3743826762233946,326037.03097890376
2025-05-28 00:00:00+00:00,164226.21874679218,176561.22974105587,326036.2269790867,-1.905772485330696,-0.5302668515487367,164226.7490136437,-0.6140490261971224,176561.84379008206,-0.3053246183740641,326036.53230370505
2025-05-29 00:00:00+00:00,164226.46064355882,176561.1702094092,326036.6435162054,-1.8995995831637629,-0.5008719283221232,164226.96151548714,-0.590726564571196,176561.76093597378,-0.23617621005794165,326036.8796924155
2025-05-30 00:00:00+00:00,164226.310976935,176561.12930072343,326037.0867183288,-1.8842490832864012,-0.4713287890336648,164226.78230572405,-0.5672292974509363,176561.69653002088,-0.16695791340155353,326037.2536762422
2025-05-31 00:00:00+00:00,164225.6763834176,176561.07919932596,326036.671158862,-1.8749131552925367,-0.44164617597358646,164226.11802959358,-0.543564178055724,176561.622763504,-0.09769021121250976,326036.7688490732
2025-06-01 00:00:00+00:00,164225.9493158134,176561.47634222315,326037.1440390626,-1.8825418973156047,-0.4118328727046273,164226.3611486861,-0.5197382092751133,176561.99608043244,-0.028393600918269035,326037.1724326635
2025-06-02 00:00:00+00:00,164226.35678479893,176561.43233715725,326037.7903997632,-1.891755202672357,-0.3818977014628815,164226.7386825004,-0.4957584415965945,176561.92809559885,0.040911411499291894,326037.7494883517
2025-06-03 00:00:00+00:00,164226.64939082798,176561.09801475436,326038.6091244848,-1.8973906035271284,-0.3518495205471357,164227.00124034853,-0.4716319710192257,176561.56964672537,0.11020431757197491,326038.4989201673
2025-06-04 00:00:00+00:00,164226.27964687394,176560.880317969,326038.3528598057,-1.8978094908407002,-0.3216972216975392,164226.60134409563,-0.4473659369537987,176561.32768390593,0.1794646124140853,326038.1733951933
2025-06-05 00:00:00+00:00,164226.32339868072,176561.1250037087,326038.29364916764,-1.9151794419400783,-0.291449727464432,164226.61484840818,-0.4229675201102011,176561.5479712288,0.248671800790075,326038.04497736687
2025-06-06 00:00:00+00:00,164226.4779196661,176561.3340950243,326038.02168972243,-1.932508214300469,-0.2611159885679989,164226.73903565467,-0.39844394037251496,176561.7325389647,0.3178054031794517,326037.7038843192
2025-06-07 00:00:00+00:00,164226.70746900173,176561.5124249908,326037.9963531418,-1.9449575558364813,-0.23070498124958994,164226.93817398298,-0.3738024546625208,176561.88622744547,0.38684496183704487,326037.60950817994
2025-06-08 00:00:00+00:00,164226.7829734435,176561.70146578044,326038.34551372693,-1.9453815819412437,-0.20022570461554312,164226.98319914812,-0.349050354792289,176562.05051613523,0.4557700468466932,326037.8897436801
2025-06-09 00:00:00+00:00,164226.88421435372,176561.70100336144,326037.71784628346,-1.9354046959958093,-0.16968717797418498,164227.0539015317,-0.324194965306399,176562.02519832674,0.5245602621668304,326037.1932860213
2025-06-10 00:00:00+00:00,164227.1029506329,176561.78525971103,326037.56906720286,-1.9374124407616666,-0.13909843816685397,164227.24204907106,-0.29924364131447434,176562.08450335235,0.5931952516660435,326036.9758719512
2025-06-11 00:00:00+00:00,164227.17103002884,176561.74251380397,326037.8354894506,-1.9523737918640716,-0.10846853689379066,164227.27949856574,-0.27420376631471755,176562.01671757028,0.6616547051466943,326037.1738347455
2025-06-12 00:00:00+00:00,164227.00032184264,176561.82400404208,326038.0389488579,-1.965185612660207,-0.07780653803557569,164227.07812838067,-0.24908275000899882,176562.07308679208,0.7299183643550782,326037.30903049355
2025-06-13 00:00:00+00:00,164226.92670507223,176562.05000463934,326037.34013371705,-1.9739295165269748,-0.04712151497096295,164226.9738265872,-0.22388802611019126,176562.27389266546,0.7979660289762058,326036.5421676881
2025-06-14 00:00:00+00:00,164227.17039361547,176562.03370800542,326037.4211964362,-1.9888304475377179,-0.01642254789195796,164227.18681616336,-0.19862705014244564,176562.23233505557,0.8657775626113207,326036.5554188736
2025-06-15 00:00:00+00:00,164227.3994265034,176562.169208242,326038.0634504968,-1.9986328584548876,0.014281278883175097,164227.3851452245,-0.17330729723496618,176562.34251553923,0.933332898736623,326037.1301175981
2025-06-16 00:00:00+00:00,164227.20263043174,176562.3847855459,326038.38503480895,-2.0027130957414556,0.044980879598129464,164227.15764955213,-0.14793625990998338,176562.53272180582,1.0006120466413209,326037.3844227623
2025-06-17 00:00:00+00:00,164227.13367417676,176562.71922321286,326038.4511548395,-1.9992602024422013,0.07566716974713794,164227.058007007,-0.12252144586562763,176562.8417446587,1.0675950973431179,326037.3835597421
2025-06-18 00:00:00+00:00,164227.4538289873,176562.91917656534,326038.62516922253,-1.9927923497083004,0.10633106876324427,164227.34749791853,-0.09707037575426491,176563.0162469411,1.1342622294796434,326037.49090699304
2025-06-19 00:00:00+00:00,164227.60043274917,176562.9613416914,326038.90470336494,-2.0028536688074987,0.13696350270540747,164227.46346924646,-0.0715905809569991,176563.03293227236,1.2005937151739552,326037.70410964976
2025-06-20 00:00:00+00:00,164227.6329223053,176563.053128949,326038.9990118368,-2.0071899955643553,0.16755540694358928,164227.46536689834,-0.04608960135504647,176563.09921855034,1.2665699258722518,326037.7324419109
2025-06-21 00:00:00+00:00,164227.67121297255,176563.09036600482,326039.1888843857,-2.008724028405292,0.19809772884114296,164227.47311524372,-0.020574983098547772,176563.1109409879,1.3321713381523181,326037.85671304754
2025-06-22 00:00:00+00:00,164227.4974749404,176563.31927797844,326038.76986908296,-2.008989577981083,0.22858143043365275,164227.26889351,0.0049457236264748294,176563.3143322548,1.3973785395008633,326037.37249054346
2025-06-23 00:00:00+00:00,164227.45061470583,176563.60825861793,326038.87033038464,-2.0040825499706143,0.25899749110337567,164227.19161721473,0.03046496683230726,176563.5777936511,1.4621722340579113,326037.40815815056
2025-06-24 00:00:00+00:00,164227.4844925593,176563.9178509289,326038.69585904194,-2.001188863936477,0.28933691024860586,164227.19515564907,0.05597519496431452,176563.86187573394,1.5265332483267986,326037.1693257936
2025-06-25 00:00:00+00:00,164227.78953991635,176563.79427199546,326038.95804603776,-2.0010618920117245,0.31959070994711647,164227.4699492064,0.08146885913558288,176563.71280313632,1.590442536847961,326037.3676035009
2025-06-26 00:00:00+00:00,164227.7594417417,176563.981458268,326039.3540873135,-1.9958427219747439,0.3497499376128338,164227.4096918041,0.10693841536072513,176563.87451985266,1.6538811878347108,326037.7002061257
2025-06-27 00:00:00+00:00,164227.58054483787,176564.1046513211,326039.93354698585,-1.9865189233969431,0.37980566864506965,164227.20073916923,0.13237632678828304,176563.9722749943,1.716830428769577,326038.2167165571
2025-06-28 00:00:00+00:00,164227.49806641173,176564.29433795725,326040.0132934447,-1.9715916983896022,0.40974900906947415,164227.08831740267,0.15777506593101948,176564.13656289133,1.7792716319594382,326038.23402181274
2025-06-29 00:00:00+00:00,164227.79798763522,176564.5890304517,326040.53731576324,-1.9574975711272293,0.4395710981698671,164227.35841653706,0.18312711689339006,176564.4059033348,1.8411863200476741,326038.6961294432
2025-06-30 00:00:00+00:00,164228.0432450126,176564.6378688864,326041.4512549006,-1.9525850139070826,0.4692631111102866,164227.57398190149,0.20842497759563466,176564.4294439088,1.9025561714819554,326039.54869872914
2025-07-01 00:00:00+00:00,164227.93064084384,176564.61278774941,326041.54323370144,-1.942889119967731,0.49881626154641734,164227.4318245823,0.2336611619937785,176564.37912658742,1.963363025935923,326039.5798706755
2025-07-02 00:00:00+00:00,164227.72692855174,176564.78071163007,326041.03950327134,-1.9416945336882543,0.5282218042255745,164227.19870674753,0.2588282022948418,176564.52188342778,2.023588889683042,326039.01591438166
2025-07-03 00:00:00+00:00,164227.8492744564,176564.78893015446,326040.42436715815,-1.9510978587359205,0.5574710375745833,164227.29180341883,0.28391865116669535,176564.5050115033,2.083215940921276,326038.34115121723
2025-07-04 00:00:00+00:00,164228.1809881922,176564.88646045505,326040.662195267,-1.9478209863397449,0.5865553062747336,164227.59443288593,0.3089250839418622,176564.5775353711,2.1422265350468837,326038.5199687319
2025-07-05 00:00:00+00:00,164228.03883797207,176564.96956154943,326040.8494104927,-1.9488364510213312,0.6154660038229895,164227.42337196824,0.33384010081456383,176564.6357214486,2.2006032098756587,326038.6488072828
2025-07-06 00:00:00+00:00,164227.88968648578,176565.0468964398,326041.25908845087,-1.957795593469503,0.6441945750788125,164227.2454919107,0.35865632903045863,176564.68824011076,2.2583286908103193,326039.00075976003
2025-07-07 00:00:00+00:00,164227.78576804607,176565.08018310863,326041.26555778197,-1.9686530046404487,0.6727325187957814,164227.1130355273,0.3833664250683728,176564.69681668357,2.3153858959523657,326038.950171886
2025-07-08 00:00:00+00:00,164227.94935779247,176565.02415176062,326041.4650844203,-1.9842001696203317,0.7010713901372132,164227.24828640235,0.40796307681333677,176564.6161886838,2.3717579411568224,326039.09332647914
2025-07-09 00:00:00+00:00,164227.85070153847,176565.13998963058,326042.02845287806,-2.0030951168567603,0.7292028031751494,164227.1214987353,0.4324390057203767,176564.70755062485,2.427428145028575,326039.60102473304
2025-07-10 00:00:00+00:00,164227.64681447425,176565.04413207056,326041.7893767055,-2.02718215048147,0.7571184333718752,164226.8896960409,0.45678696896834436,176564.58734510158,2.482380033858639,326039.3069966716
2025-07-11 00:00:00+00:00,164227.6183416607,176565.041415615,326041.30788041424,-2.047223695793946,0.7848100200433078,164226.83353164067,0.48099976160320385,176564.5604158534,2.536597346499041,326038.77128306776
2025-07-12 00:00:00+00:00,164227.88117174493,176565.0884475464,326041.2990284344,-2.053271769756066,0.8122693688034304,164227.06890237614,0.5050702186700627,176564.58337732774,2.5900640391746865,326038.7089643952
2025-07-13 00:00:00+00:00,164228.11697313405,176565.12149196072,326042.1599064915,-2.0582423265116936,0.839488353989161,164227.27748478006,0.5289912173334137,176564.59250074337,2.6427642902310065,326039.5171422013
2025-07-14 00:00:00+00:00,164228.15461786088,176565.32468441792,326042.53834342695,-2.066720427691204,0.866458921064883,164227.28815893983,0.5527556789849105,176564.77192873895,2.694682504815869,326039.84366092214
2025-07-15 00:00:00+00:00,164228.12212983836,176565.39290380606,326042.6665560202,-2.0840179228750153,0.8931730890058779,164227.22895674934,0.5763565713380117,176564.81654723472,2.745803319494282,326039.9207527007
2025-07-16 00:00:00+00:00,164228.3718603118,176565.4059001659,326042.91385437,-2.1036801078522935,0.9196229526600576,164227.45223735913,0.5997869105089637,176564.80611325538,2.7961116067947205,326040.1177427632
2025-07-17 00:00:00+00:00,164228.62757913783,176565.43227938018,326043.6175949132,-2.115276483865576,0.9458006850872399,164227.68177845274,0.6230397630834574,176564.8092396171,2.8455924796856085,326040.7720024335
2025-07-18 00:00:00+00:00,164228.63196304755,176565.62482319324,326044.2275926349,-2.129343585765431,0.9716985398752351,164227.66026450766,0.6461082481683088,176564.9787149451,2.894231295980576,326041.33336133894
2025-07-19 00:00:00+00:00,164228.6099408675,176565.73816273196,326044.0861238883,-2.1518158610639753,0.9973088534321495,164227.61263201406,0.6689855394276403,176565.06917719252,2.942013662671349,326041.14411022566
2025-07-20 00:00:00+00:00,164228.76958276058,176565.77186452542,326043.93431619596,-2.16852007597087,1.022624047254182,164227.74695871334,0.6916648671029173,176565.08019965832,2.988925440186899,326040.9453907558
2025-07-21 00:00:00+00:00,164229.0584044807,176566.15075761403,326044.03946009715,-2.1700904141504602,1.0476366301681932,164228.01076785053,0.714139520016201,176565.436618094,3.0349527465775115,326041.00450735056
2025-07-22 00:00:00+00:00,164229.44370203026,176566.33454973673,326044.43535692355,-2.1695803461734613,1.07233920054848,164228.3713628297,0.7364028475561073,176565.59814688918,3.080081961622708,326041.3552749619
2025-07-23 00:00:00+00:00,164229.75979787827,176566.46206275618,326045.0171906017,-2.174931171978642,1.0967244485070506,164228.66307342978,0.7584482616458436,176565.70361449453,3.1242997308617153,326041.8928908708
2025-07-24 00:00:00+00:00,164229.86388900407,176566.51777707346,326045.3481018776,-2.1709039822532454,1.1207851580567085,164228.743103846,0.7802692386926998,176565.73750783477,3.167592969545212,326042.18050890806
2025-07-25 00:00:00+00:00,164229.99579512374,176566.59950284546,326045.50033467525,-2.142129527379135,1.1445142092463931,164228.8512809145,0.8018593215184975,176565.79764352395,3.209948866507341,326042.29038580874
2025-07-26 00:00:00+00:00,164230.06940991327,176566.68645084265,326045.5724260173,-2.1053798030498,1.1679045802681036,164228.901505333,0.8232121212703863,176565.8632387214,3.2513548879567677,326042.32107112935
2025-07-27 00:00:00+00:00,164230.40939701654,176566.82476816096,326045.90587988443,-2.085517007370678,1.1909493495347347,164229.218447667,0.8443213193113818,176565.98044684166,3.291798781185578,326042.61408110324
2025-07-28 00:00:00+00:00,164230.59367422984,176566.83969235525,326046.3890564591,-2.0841692972274664,1.2136416977283013,164229.38003253212,0.8651806690901647,176565.97451168616,3.3312685781950773,326043.05778788094
2025-07-29 00:00:00+00:00,164230.75171217474,176566.69377952575,326045.98136712745,-2.0765252433517767,1.2359749098178976,164229.5157372649,0.8857839979895499,176565.80799552778,3.369752599237339,326042.6116145282
2025-07-30 00:00:00+00:00,164230.84817206344,176566.83983515855,326046.13255927304,-2.059525982021114,1.2579423770467542,164229.5902296864,0.9061252091530354,176565.9337099494,3.4072394562713795,326042.7253198168
2025-07-31 00:00:00+00:00,164230.61654669896,176566.79879156844,326045.8068349661,-2.0443895923617674,1.2795375988878916,164229.33700910007,0.9261982832889758,176565.87259328514,3.4437180563330907,326042.3631169098
2025-08-01 00:00:00+00:00,164230.891792816,176566.73996105714,326046.04203224275,-2.044978549068522,1.300754184967742,164229.591038631,0.9459972804517973,176565.7939637767,3.4791776048178438,326042.5628546379
2025-08-02 00:00:00+00:00,164231.13407183907,176566.86906461266,326046.3265427064,-2.05639941237132,1.321585856957138,164229.8124859821,0.9655163417997008,176565.90354827087,3.5136076086747465,326042.8129350977
2025-08-03 00:00:00+00:00,164230.9596753484,176566.7851540183,326046.5049511643,-2.0616483820491944,1.3420264504291841,164229.61764889795,0.9847496913283973,176565.80040432696,3.5469978795117245,326042.9579532848
2025-08-04 00:00:00+00:00,164230.891061888,176566.92294331928,326046.4513617391,-2.0653743429814617,1.362069916683423,164229.5289919713,1.0036916375803346,176565.9192516817,3.579338536610453,326042.8720232025
2025-08-05 00:00:00+00:00,164231.0099118678,176566.98475505205,326046.1006837774,-2.069891021736718,1.3817103245357174,164229.62820154327,1.0223365753288662,176565.96241847673,3.6106200098501793,326042.4900637676
2025-08-06 00:00:00+00:00,164231.29529370993,176567.09415574235,326046.0044444985,-2.073766402166863,1.4009418620733962,164229.89435184785,1.0406789872369402,176566.0534767551,3.6408330425396938,326042.36361145595
2025-08-07 00:00:00+00:00,164231.23472709136,176567.43634961967,326046.07945578085,-2.080411764317129,1.4197588383751043,164229.814968253,1.0587134454897797,176566.37763617418,3.669968694156556,326042.4094870867
2025-08-08 00:00:00+00:00,164231.08307596232,176567.87260869148,326046.5709585142,-2.089778179369811,1.4381556851948136,164229.64492027712,1.0764346134010374,176566.79617407807,3.6980183429926985,326042.87294017116
2025-08-09 00:00:00+00:00,164231.4337180012,176568.5089256897,326047.4799123054,-2.097880670535839,1.4561269586095702,164229.9775910426,1.0938372469920181,176567.4150884427,3.72497368870575,326043.7549386167
2025-08-10 00:00:00+00:00,164231.79820850465,176569.08102545323,326048.70588857884,-2.118661073441823,1.4736673406304477,164230.324541164,1.1109161965434688,176567.97010925668,3.7508267547752547,326044.95506182406
2025-08-11 00:00:00+00:00,164231.78561210574,176569.51241065288,326049.2929783976,-2.1377077612581465,1.490771640776205,164230.29484046495,1.1276664081194392,176568.38474424477,3.775569890863022,326045.51740850677
2025-08-12 00:00:00+00:00,164231.6828282126,176569.86397264944,326049.3854038061,-2.1464368251921164,1.507434797609244,164230.17539341497,1.1440829250628355,176568.7198897244,3.799195775076999,326045.58620803105
2025-08-13 00:00:00+00:00,164231.67341529246,176570.1106859217,326049.5156395217,-2.1592246623104074,1.5236518802333796,164230.14976341222,1.1601608894621849,176568.95052503224,3.8216974161379538,326045.6939421056
2025-08-14 00:00:00+00:00,164231.68068029915,176570.2545267136,326049.40194749605,-2.183837428385535,1.5394180897529526,164230.1412622094,1.1758955435891485,176569.07863117,3.8430681554482735,326045.5588793406
2025-08-15 00:00:00+00:00,164231.55812325256,176570.2412400757,326049.0848273049,-2.2092638365599364,1.5547287606929094,164230.00339449185,1.1912822313064209,176569.0499578444,3.8633016690623707,326045.2215256358
2025-08-16 00:00:00+00:00,164231.39397001403,176570.1600832663,326048.2497815096,-2.2209487386696005,1.5695793623793994,164229.82439065166,1.2063163994455646,176568.95376686685,3.88239196955805,326044.3673895401
2025-08-17 00:00:00+00:00,164231.3232359188,176570.03342193065,326047.6480211551,-2.2183645682534916,1.5839655002804576,164229.7392704185,1.2209935991543475,176568.8124283315,3.9003334078082554,326043.7476877473
2025-08-18 00:00:00+00:00,164231.26072744705,176570.1643168588,326047.6242777751,-2.217226547617732,1.5978829173064255,164229.66284452975,1.2353094872132397,176568.9290073716,3.9171206746527565,326043.7071571005
2025-08-19 00:00:00+00:00,164231.31240458216,176570.34432789808,326047.84202842356,-2.2218556114060752,1.6113274950697014,164229.70107708708,1.24925982732065,176569.09506807078,3.93274880246922,326043.9092796211
2025-08-20 00:00:00+00:00,164231.39262221268,176570.42582597662,326048.0813448554,-2.234295155226391,1.6242952551034189,164229.76832695756,1.2628404913464981,176569.16298548528,3.947213166643188,326044.1341316888
2025-08-21 00:00:00+00:00,164231.4402068486,176570.7381092115,326048.35084157257,-2.2443268553991707,1.6367823600387514,164229.80342448858,1.2760474605538041,176569.46206175094,3.9605094869365907,326044.3903320856
2025-08-22 00:00:00+00:00,164231.62163640984,176571.0421823306,326048.87804279325,-2.239195972048037,1.648785114740455,164229.97285129508,1.2888768267879054,176569.7533055038,3.9726338287543412,326044.9054089645
2025-08-23 00:00:00+00:00,164231.96630535639,176571.28492204324,326049.43934920843,-2.2390241556910646,1.660299967400305,164230.306005389,1.3013247936329262,176569.9835972496,3.98358260430863,326045.4557666041
2025-08-24 00:00:00+00:00,164232.38120772026,176571.8379263172,326050.35557727,-2.2516621687042666,1.671323510588141,164230.70988420967,1.3133876775352056,176570.52453863967,3.993352573680621,326046.3622246963
