Record Time,Distance (cm),Moving Average (cm)
2022-09-30 16:30:00,326020.4371070467,326020.1070156461
2022-09-30 20:30:00,326008.9907555948,326019.77100232505
2022-10-01 00:30:00,326003.9291405627,326019.4311054396
2022-10-01 04:30:00,326010.58950247505,326019.29849431803
2022-10-01 08:30:00,326020.85555997107,326019.25477903115
2022-10-01 12:30:00,326012.76657834917,326019.2187334718
2022-10-01 16:30:00,326021.712615562,326019.1238126781
2022-10-01 20:30:00,326017.4795533098,326019.0489169273
2022-10-02 00:30:00,326041.407608373,326019.1744260801
2022-10-02 04:30:00,326027.5387516699,326019.2188930896
2022-10-02 08:30:00,326022.3766579069,326019.20141911786
2022-10-02 12:30:00,326019.48246351606,326019.16388785513
2022-10-02 16:30:00,326023.19295626646,326019.1283369331
2022-10-02 20:30:00,326004.4540187745,326019.10015149583
2022-10-03 00:30:00,326005.147233387,326019.0883249328
2022-10-03 04:30:00,326011.5769472676,326019.05992914044
2022-10-03 08:30:00,326004.4701483613,326019.04902426456
2022-10-03 12:30:00,326009.2368480301,326019.04762847145
2022-10-03 16:30:00,326026.57725287596,326019.0798065714
2022-10-03 20:30:00,326010.9999829012,326018.95282709046
2022-10-04 00:30:00,326015.6311059448,326018.9832304906
2022-10-04 04:30:00,326018.9581436709,326019.1673536569
2022-10-04 08:30:00,326009.483251828,326019.10306958505
2022-10-04 12:30:00,326007.1466722965,326019.05309454916
2022-10-04 16:30:00,326024.6025033319,326019.0888419652
2022-10-04 20:30:00,326019.21915849525,326019.09897125425
2022-10-05 00:30:00,326024.3462071033,326019.1202602262
2022-10-05 04:30:00,326013.1977468439,326019.062319044
2022-10-05 08:30:00,325999.32330398326,326018.8877960166
2022-10-05 12:30:00,326015.51909220737,326018.84856783797
2022-10-05 16:30:00,326028.83031724684,326018.90806567966
2022-10-05 20:30:00,326031.2906776451,326019.0475337669
2022-10-06 00:30:00,326043.1047219037,326019.3552312967
2022-10-06 04:30:00,326027.6431658915,326019.4792374402
2022-10-06 08:30:00,325978.7928669869,326019.27000946045
2022-10-06 12:30:00,326028.05257194967,326019.3478400993
2022-10-06 16:30:00,326021.54234842816,326019.3714227743
2022-10-06 20:30:00,326023.10810619895,326019.38091286883
2022-10-07 00:30:00,326029.1571913138,326019.48997920693
2022-10-07 04:30:00,326036.93733722245,326019.66491939314
2022-10-07 08:30:00,326026.6187417301,326019.79813841847
2022-10-07 12:30:00,326021.9309760866,326019.9177204256
2022-10-07 16:30:00,326020.0063503844,326019.901259064
2022-10-07 20:30:00,326017.52363241074,326019.8489962987
2022-10-08 00:30:00,326033.3536007605,326019.92258476414
2022-10-08 04:30:00,326022.4671229075,326019.9863720201
2022-10-08 08:30:00,326012.09216213925,326019.968654719
2022-10-08 12:30:00,326021.1656025473,326019.9603826879
2022-10-08 16:30:00,326029.1488083168,326020.11006641213
2022-10-08 20:30:00,326025.67854100466,326020.1766574719
2022-10-09 00:30:00,326020.43612822494,326020.07301348215
2022-10-09 04:30:00,326028.58442744834,326020.0794743881
2022-10-09 08:30:00,326027.44721052196,326020.12080566876
2022-10-09 12:30:00,326033.4624063624,326020.18097082153
2022-10-09 16:30:00,326028.41956763866,326020.27389210823
2022-10-09 20:30:00,326025.89435709245,326020.3087150462
2022-10-10 00:30:00,326033.3520231081,326020.3165826134
2022-10-10 04:30:00,326030.2523237197,326020.3968778729
2022-10-10 08:30:00,326025.40007384756,326020.58547194226
2022-10-10 12:30:00,326027.0496134067,326020.7222992971
2022-10-10 16:30:00,326023.4830755723,326020.7132555062
2022-10-10 20:30:00,326038.8660385375,326020.78839271265
2022-10-11 00:30:00,326031.43179440673,326020.81824594474
2022-10-11 04:30:00,326027.2297737608,326020.80923108046
2022-10-11 08:30:00,326017.80984616105,326020.82731371914
2022-10-11 12:30:00,326017.77315076423,326020.8724779789
2022-10-11 16:30:00,326018.93724494905,326020.89412074635
2022-10-11 20:30:00,326007.03070656233,326020.77422665054
2022-10-12 00:30:00,326020.5130130467,326020.7766426513
2022-10-12 04:30:00,326027.82990183454,326020.6702069482
2022-10-12 08:30:00,326018.5769014708,326020.6334144493
2022-10-12 12:30:00,326023.09320426994,326020.5764465179
2022-10-12 16:30:00,326020.595118742,326020.4929275072
2022-10-12 20:30:00,326019.4731178184,326020.3883143461
2022-10-13 00:30:00,326019.22955103824,326020.4427631091
2022-10-13 04:30:00,326015.6047126157,326020.4406641588
2022-10-13 08:30:00,326017.18904495024,326020.3883065935
2022-10-13 12:30:00,326016.22289937787,326020.3287003971
2022-10-13 16:30:00,326018.6373198279,326020.2819069848
2022-10-13 20:30:00,326010.1243318804,326020.2386310509
2022-10-14 00:30:00,326000.20992983226,326020.09674202546
2022-10-14 04:30:00,326031.19840658107,326020.1574337093
2022-10-14 08:30:00,326022.45883436425,326020.2169157629
2022-10-14 12:30:00,326011.41690232605,326020.1391529274
2022-10-14 16:30:00,326015.91505948233,326020.07754281966
2022-10-14 20:30:00,326007.2025047352,326019.9497401835
2022-10-15 00:30:00,326004.53502241033,326019.88079944125
2022-10-15 04:30:00,326017.6103282372,326019.80148491904
2022-10-15 08:30:00,326027.259426741,326019.76471410156
2022-10-15 12:30:00,326022.4296164135,326019.75665070734
2022-10-15 16:30:00,326013.93099069776,326019.6643420787
2022-10-15 20:30:00,325989.2287391625,326019.431579085
2022-10-16 00:30:00,326000.45783376397,326019.3901326837
2022-10-16 04:30:00,326004.05153167597,326019.27918671403
2022-10-16 08:30:00,326013.12102347176,326019.2891571709
2022-10-16 12:30:00,326015.01871734083,326019.31832175696
2022-10-16 16:30:00,326021.51559180696,326019.2330580657
2022-10-16 20:30:00,326004.3072793172,326019.0752181269
2022-10-17 00:30:00,325992.4199209106,326018.93263736437
2022-10-17 04:30:00,325986.48728420667,326018.6872570126
2022-10-17 08:30:00,326036.094419819,326018.8634476893
2022-10-17 12:30:00,326024.9209291156,326018.8974397628
2022-10-17 16:30:00,326022.5756804676,326018.81343878864
2022-10-17 20:30:00,326013.05108285847,326018.676192308
2022-10-18 00:30:00,326013.2410902554,326018.57068769523
2022-10-18 04:30:00,326017.2513911061,326018.57808659854
2022-10-18 08:30:00,326020.28129448555,326018.6793938228
2022-10-18 12:30:00,326024.6146003864,326018.73666085093
2022-10-18 16:30:00,326015.8995861006,326018.67948764586
2022-10-18 20:30:00,326018.24715367873,326018.52384406084
2022-10-19 00:30:00,326007.18871947273,326018.4515231453
2022-10-19 04:30:00,326004.4816163714,326018.4187354678
2022-10-19 08:30:00,326006.7553634182,326018.3634907294
2022-10-19 12:30:00,326025.00727429235,326018.37678036385
2022-10-19 16:30:00,326024.55543474964,326018.40940795926
2022-10-19 20:30:00,326012.9661985623,326018.3640043873
2022-10-20 00:30:00,326023.18651571684,326018.3296394448
2022-10-20 04:30:00,326009.76212673547,326018.4286906456
2022-10-20 08:30:00,326016.05035547056,326018.5493512987
2022-10-20 12:30:00,326023.07020677166,326018.57015755435
2022-10-20 16:30:00,326019.39451522013,326018.57294848916
2022-10-20 20:30:00,326024.1517092936,326018.5364728734
2022-10-21 00:30:00,326028.8049407926,326018.5490094171
2022-10-21 04:30:00,326022.91430829506,326018.62274602434
2022-10-21 08:30:00,326028.4026295762,326018.6892155374
2022-10-21 12:30:00,326009.5596525559,326018.61982253724
2022-10-21 16:30:00,326022.0542025772,326018.6551940546
2022-10-21 20:30:00,326009.46231271466,326018.58269579354
2022-10-22 00:30:00,326013.7021893962,326018.51693427475
2022-10-22 04:30:00,326018.8118769719,326018.5916943825
2022-10-22 08:30:00,326011.48383518896,326018.60386008286
2022-10-22 12:30:00,326012.37218671356,326018.5384562663
2022-10-22 16:30:00,326025.10724927275,326018.53576359747
2022-10-22 20:30:00,326018.5687746545,326018.52720714314
2022-10-23 00:30:00,326019.85455564683,326018.51121258683
2022-10-23 04:30:00,326019.75087208766,326018.5752144703
2022-10-23 08:30:00,325997.127774332,326018.5454467963
2022-10-23 12:30:00,326012.6029454145,326018.46388132864
2022-10-23 16:30:00,326018.7648674979,326018.49907511484
2022-10-23 20:30:00,325991.4007136107,326018.3378036097
2022-10-24 00:30:00,326019.03177539207,326018.2990021111
2022-10-24 04:30:00,326027.25271420303,326018.2920767128
2022-10-24 08:30:00,326021.5033252832,326018.3894261865
2022-10-24 12:30:00,326021.15670547873,326018.4620462794
2022-10-24 16:30:00,326026.57121483405,326018.4586129926
2022-10-24 20:30:00,326022.6477871966,326018.4581761996
2022-10-25 00:30:00,326029.8125235404,326018.4908991303
2022-10-25 04:30:00,326037.57598378486,326018.59155192785
2022-10-25 08:30:00,326014.31160931126,326018.602310618
2022-10-25 12:30:00,325993.25138640136,326018.4405202444
2022-10-25 16:30:00,326007.0060753277,326018.35114022123
2022-10-25 20:30:00,325983.56992990896,326018.0868794924
2022-10-26 00:30:00,326007.0109738876,326017.9996198752
2022-10-26 04:30:00,326002.1006995603,326017.9288429273
2022-10-26 08:30:00,326007.87814830994,326017.915006793
2022-10-26 12:30:00,326014.4097890366,326017.952722601
2022-10-26 16:30:00,326004.46596362797,326017.8783441145
2022-10-26 20:30:00,325993.4517387821,326017.69661517645
2022-10-27 00:30:00,325997.5482775722,326017.5619368847
2022-10-27 04:30:00,326018.3529765524,326017.5512449663
2022-10-27 08:30:00,326028.4040616446,326017.5769721508
2022-10-27 12:30:00,326035.47308074456,326017.62406645087
2022-10-27 16:30:00,326033.1237951061,326017.6978937202
2022-10-27 20:30:00,326015.73707526986,326017.661527596
2022-10-28 00:30:00,326007.409199822,326017.5671891374
2022-10-28 04:30:00,326001.1621272269,326017.45412369294
2022-10-28 08:30:00,326017.9087199547,326017.41027908056
2022-10-28 12:30:00,326016.2339441481,326017.36446978984
2022-10-28 16:30:00,326017.03658796096,326017.36473336245
2022-10-28 20:30:00,326011.5366803829,326017.35580056027
2022-10-29 00:30:00,326010.3169990618,326017.3422066441
2022-10-29 04:30:00,326020.5979324493,326017.34582935163
2022-10-29 08:30:00,326025.4166185355,326017.3344436803
2022-10-29 12:30:00,326022.70929425687,326017.2853710114
2022-10-29 16:30:00,326019.08917923854,326017.33891353226
2022-10-29 20:30:00,326016.65793027665,326017.40925005206
2022-10-30 00:30:00,326007.38746771443,326017.4086581787
2022-10-30 04:30:00,326003.2149538551,326017.3110141298
2022-10-30 08:30:00,326013.10958674265,326017.28992229287
2022-10-30 12:30:00,326016.3569381803,326017.2839025313
2022-10-30 16:30:00,326017.5827444085,326017.2680449611
2022-10-30 20:30:00,326030.231560154,326017.3860494308
2022-10-31 00:30:00,326022.59791782155,326017.4897648601
2022-10-31 04:30:00,326003.8676816838,326017.4524214112
2022-10-31 08:30:00,326007.89323862025,326017.3804085148
2022-10-31 12:30:00,326022.0826411324,326017.4321644191
2022-10-31 16:30:00,326026.3722174039,326017.45805109607
2022-10-31 20:30:00,326005.0777981636,326017.38915245637
2022-11-01 00:30:00,326003.0446544036,326017.1760249343
2022-11-01 04:30:00,326026.8085894527,326017.1719684776
2022-11-01 08:30:00,326021.7875750801,326017.1686957952
2022-11-01 12:30:00,326018.39565503376,326017.1626579703
2022-11-01 16:30:00,326013.38795572834,326017.10818574514
2022-11-01 20:30:00,326000.3659910842,326017.08547448006
2022-11-02 00:30:00,325998.89524282754,326017.05074119923
2022-11-02 04:30:00,325989.31060431845,326016.9270392939
2022-11-02 08:30:00,326008.758416558,326016.9508630061
2022-11-02 12:30:00,326023.19793028943,326017.02842457424
2022-11-02 16:30:00,326032.2474321707,326017.0599255704
2022-11-02 20:30:00,326032.9906249227,326017.1820958038
2022-11-03 00:30:00,326023.5136860689,326017.22588791564
2022-11-03 04:30:00,326015.6962669939,326017.20776637853
2022-11-03 08:30:00,326012.90881318954,326017.2267972749
2022-11-03 12:30:00,326019.70677097404,326017.2965756009
2022-11-03 16:30:00,326024.2235100854,326017.29447008285
2022-11-03 20:30:00,326021.3093372738,326017.3060821872
2022-11-04 00:30:00,326025.12489942653,326017.3104082557
2022-11-04 04:30:00,326016.9857695213,326017.3314528261
2022-11-04 08:30:00,326023.3024937958,326017.46467054734
2022-11-04 12:30:00,326019.581413391,326017.48723899835
2022-11-04 16:30:00,326022.4363170053,326017.4517167747
2022-11-04 20:30:00,326008.9908271424,326017.32782871637
2022-11-05 00:30:00,326025.83489193645,326017.23188521666
2022-11-05 04:30:00,326018.2796984017,326017.1798659528
2022-11-05 08:30:00,326008.01113797247,326017.34218968044
2022-11-05 12:30:00,326011.9135765047,326017.25252859463
2022-11-05 16:30:00,326035.47752427123,326017.32994623826
2022-11-05 20:30:00,326013.1196171217,326017.27445463225
2022-11-06 00:30:00,326015.14741569484,326017.1966225455
2022-11-06 04:30:00,326012.7504144803,326017.06225075247
2022-11-06 08:30:00,326024.35554723145,326017.04967744974
2022-11-06 12:30:00,326027.1538375373,326017.07869334664
2022-11-06 16:30:00,325995.7506533327,326016.9439394741
2022-11-06 20:30:00,326013.66322801396,326016.92249278305
2022-11-07 00:30:00,326015.12549917825,326016.82122555206
2022-11-07 04:30:00,326036.11267372436,326016.89703416766
2022-11-07 08:30:00,326022.6899927309,326016.95591100433
2022-11-07 12:30:00,326015.45660523354,326016.9241943525
2022-11-07 16:30:00,326037.9096357446,326016.97286561603
2022-11-07 20:30:00,326022.7035959574,326016.9563381436
2022-11-08 00:30:00,326038.72214468557,326017.0579271239
2022-11-08 04:30:00,326025.8797740079,326017.0429012715
2022-11-08 08:30:00,326023.10416820954,326017.0187732586
2022-11-08 12:30:00,326018.53806726716,326016.93586026365
2022-11-08 16:30:00,326001.5783591037,326016.78674243845
2022-11-08 20:30:00,326000.1440194762,326016.6436850072
2022-11-09 00:30:00,326019.03713192925,326016.564157834
2022-11-09 04:30:00,326009.596942927,326016.4494057185
2022-11-09 08:30:00,326028.49131537805,326016.46657928254
2022-11-09 12:30:00,326022.4486470834,326016.4410183585
2022-11-09 16:30:00,326020.1510360269,326016.4225070277
2022-11-09 20:30:00,326009.0890437592,326016.257079279
2022-11-10 00:30:00,326005.168422127,326016.1111716552
2022-11-10 04:30:00,326017.76691021345,326016.058600191
2022-11-10 08:30:00,326026.81181494193,326016.1086111287
2022-11-10 12:30:00,326016.94333585113,326016.10400104587
2022-11-10 16:30:00,326002.1017817602,326016.0104706948
2022-11-10 20:30:00,326014.51100779563,326016.05202792387
2022-11-11 00:30:00,326011.982873517,326016.00463825976
2022-11-11 04:30:00,326020.89979896205,326015.9661376883
2022-11-11 08:30:00,326025.155770858,326016.00268696266
2022-11-11 12:30:00,326028.6439318842,326016.0335243383
2022-11-11 16:30:00,326028.5135757965,326016.0775157664
2022-11-11 20:30:00,326021.70664183144,326016.0899242332
2022-11-12 00:30:00,326001.62706073845,326015.99213262036
2022-11-12 04:30:00,326026.5325396356,326016.05284277047
2022-11-12 08:30:00,326011.15182637627,326016.0193026673
2022-11-12 12:30:00,326014.2484004677,326016.0083332289
2022-11-12 16:30:00,326020.3872754427,326016.0180552045
2022-11-12 20:30:00,326006.3736302781,326015.9972179734
2022-11-13 00:30:00,326003.7704338217,326016.01699855115
2022-11-13 04:30:00,326023.3692995116,326015.9735035119
2022-11-13 08:30:00,326023.6237054155,326015.9799750177
2022-11-13 12:30:00,326032.97380453727,326016.09973558545
2022-11-13 16:30:00,326028.69464894535,326016.1707333048
2022-11-13 20:30:00,326030.299965247,326016.29905252985
2022-11-14 00:30:00,326022.91713389265,326016.40117537143
2022-11-14 04:30:00,326032.9902292965,326016.48661926616
2022-11-14 08:30:00,326011.96807549184,326016.4016673148
2022-11-14 12:30:00,326014.4740300646,326016.35746961285
2022-11-14 16:30:00,326008.1791235943,326016.3255147956
2022-11-14 20:30:00,326013.0682532566,326016.4579565405
2022-11-15 00:30:00,326015.1761528045,326016.5397249797
2022-11-15 04:30:00,326026.8398793686,326016.6663269113
2022-11-15 08:30:00,326021.4361955151,326016.7125223116
2022-11-15 12:30:00,326025.55660556216,326016.771066135
2022-11-15 16:30:00,326018.2516924808,326016.752933361
2022-11-15 20:30:00,326005.8662871742,326016.7615945157
2022-11-16 00:30:00,326012.26867589506,326016.8718653768
2022-11-16 04:30:00,326010.4330932405,326017.00489764917
2022-11-16 08:30:00,326018.21490212326,326016.90556699526
2022-11-16 12:30:00,326026.96986277594,326016.9169499601
2022-11-16 16:30:00,326022.6434410218,326016.9173264076
2022-11-16 20:30:00,326032.8398869622,326017.02726420824
2022-11-17 00:30:00,326020.3756214003,326017.0669004923
2022-11-17 04:30:00,326003.142622007,326016.98851844174
2022-11-17 08:30:00,326025.46456705965,326017.01731440047
2022-11-17 12:30:00,326021.37098412623,326016.99929431017
2022-11-17 16:30:00,326033.87902887864,326017.0991801034
2022-11-17 20:30:00,326028.70741229574,326017.15729265125
2022-11-18 00:30:00,326021.31766882614,326017.2357868143
2022-11-18 04:30:00,326003.63971643377,326017.2311095924
2022-11-18 08:30:00,326020.58008821507,326017.3079136191
2022-11-18 12:30:00,326031.5953549003,326017.34451406694
2022-11-18 16:30:00,326034.38830829517,326017.3991411422
2022-11-18 20:30:00,326021.15683381114,326017.4446446714
2022-11-19 00:30:00,326042.1509389327,326017.5500025781
2022-11-19 04:30:00,326028.4750874321,326017.65396347083
2022-11-19 08:30:00,326015.36785582046,326017.65017180616
2022-11-19 12:30:00,326021.2114870312,326017.63984558545
2022-11-19 16:30:00,326027.72648073663,326017.68613428273
2022-11-19 20:30:00,326023.8981250045,326017.6847254811
2022-11-20 00:30:00,326024.676315138,326017.66178867186
2022-11-20 04:30:00,326032.9635280995,326017.7176176708
2022-11-20 08:30:00,326029.72147530277,326017.7249445914
2022-11-20 12:30:00,326021.1216397183,326017.7891778535
2022-11-20 16:30:00,326031.90537215397,326017.84390657337
2022-11-20 20:30:00,326031.030644133,326017.9637306368
2022-11-21 00:30:00,326024.52076389996,326018.0238338285
2022-11-21 04:30:00,326024.80272981897,326018.05711634434
2022-11-21 08:30:00,326025.54281182354,326018.13522177003
2022-11-21 12:30:00,326014.94932151627,326018.1495391857
2022-11-21 16:30:00,326021.5987407022,326018.1300474714
2022-11-21 20:30:00,326013.4939785517,326018.1018541597
2022-11-22 00:30:00,326015.149967055,326018.0757175564
2022-11-22 04:30:00,326026.4425970105,326018.11289380596
2022-11-22 08:30:00,326022.1495271537,326018.25190354383
2022-11-22 12:30:00,326035.87845204916,326018.38121191406
2022-11-22 16:30:00,326009.8298651478,326018.33157301217
2022-11-22 20:30:00,325996.97844001587,326018.362560381
2022-11-23 00:30:00,326028.1120823221,326018.4130065306
2022-11-23 04:30:00,326022.54593158804,326018.3868577383
2022-11-23 08:30:00,326010.41285332316,326018.3252440052
2022-11-23 12:30:00,326015.3089759548,326018.292756619
2022-11-23 16:30:00,326010.9781703731,326018.2061285942
2022-11-23 20:30:00,325989.35341703356,326018.0211598711
2022-11-24 00:30:00,326005.31900648586,326017.88508477627
2022-11-24 04:30:00,326024.7671270362,326017.8139244611
2022-11-24 08:30:00,326032.3007903123,326017.9138643555
2022-11-24 12:30:00,326029.34427458746,326018.114380401
2022-11-24 16:30:00,326031.46879583766,326018.2502844038
2022-11-24 20:30:00,325999.599369061,326018.3393368435
2022-11-25 00:30:00,326007.3358417718,326018.3411416651
2022-11-25 04:30:00,326025.5343768701,326018.47132876125
2022-11-25 08:30:00,326023.06326711865,326018.55569053243
2022-11-25 12:30:00,326020.8673367762,326018.5915657977
2022-11-25 16:30:00,326006.3463742981,326018.60201252357
2022-11-25 20:30:00,325990.15223465115,326018.5836819451
2022-11-26 00:30:00,325998.3264297455,326018.5880050127
2022-11-26 04:30:00,326011.06831768394,326018.5475346857
2022-11-26 08:30:00,326021.00504363823,326018.5064290301
2022-11-26 12:30:00,326021.89323876874,326018.4309854636
2022-11-26 16:30:00,326014.84941748565,326018.32946114347
2022-11-26 20:30:00,326017.42692138226,326018.33884917735
2022-11-27 00:30:00,326012.0026351683,326018.3643682627
2022-11-27 04:30:00,326017.5845617558,326018.4556040101
2022-11-27 08:30:00,326022.1094599946,326018.4789414547
2022-11-27 12:30:00,326019.98183570383,326018.4997630745
2022-11-27 16:30:00,325995.1660018521,326018.3782598183
2022-11-27 20:30:00,325989.67504927,326018.2568063121
2022-11-28 00:30:00,325986.9889656409,326018.1272061264
2022-11-28 04:30:00,326001.33505975676,326018.020190167
2022-11-28 08:30:00,326006.83865686774,326017.9169792689
2022-11-28 12:30:00,326033.25677084265,326017.97557636106
2022-11-28 16:30:00,326023.5009787054,326018.00008635805
2022-11-28 20:30:00,326027.7953168871,326018.06196072814
2022-11-29 00:30:00,326021.9753918,326018.1430047508
2022-11-29 04:30:00,326020.8726578327,326018.2411031063
2022-11-29 08:30:00,326002.5120452153,326018.1822278756
2022-11-29 12:30:00,326020.72118082,326018.206473668
2022-11-29 16:30:00,326025.9375193874,326018.2528890845
2022-11-29 20:30:00,326014.04757004936,326018.1629780284
2022-11-30 00:30:00,326010.44541893434,326018.0954641457
2022-11-30 04:30:00,325998.12139552785,326018.06354033377
2022-11-30 08:30:00,326023.91150808596,326018.15253071964
2022-11-30 12:30:00,326008.31742316013,326018.0760572865
2022-11-30 16:30:00,326017.961494662,326018.029331049
2022-11-30 20:30:00,326003.33401417686,326018.01964336017
2022-12-01 00:30:00,326013.1291370603,326018.0756682639
2022-12-01 04:30:00,326017.471863427,326018.0237975636
2022-12-01 08:30:00,326007.0011654751,326017.94165084366
2022-12-01 12:30:00,326012.770453543,326017.9103997243
2022-12-01 16:30:00,326014.21385077236,326017.91498803004
2022-12-01 20:30:00,326018.394299954,326018.0151453016
2022-12-02 00:30:00,326014.95719736104,326018.1043783823
2022-12-02 04:30:00,326010.2427744393,326018.22066821635
2022-12-02 08:30:00,326019.57037558913,326018.28073465533
2022-12-02 12:30:00,326017.34256962675,326018.24820487393
2022-12-02 16:30:00,326028.42215898144,326018.2269533562
2022-12-02 20:30:00,326027.26782296156,326018.195160012
2022-12-03 00:30:00,326021.8548669774,326018.1859443504
2022-12-03 04:30:00,326018.8803415293,326018.20363365335
2022-12-03 08:30:00,326009.3641120991,326018.1839408695
2022-12-03 12:30:00,326013.4000539657,326018.1489035528
2022-12-03 16:30:00,326019.92285082577,326018.12501100136
2022-12-03 20:30:00,326020.49688817194,326018.1204973952
2022-12-04 00:30:00,326025.3210311012,326018.1215870157
2022-12-04 04:30:00,326014.0163840328,326018.1050904296
2022-12-04 08:30:00,326013.83367998776,326018.05248590844
2022-12-04 12:30:00,326019.0950697938,326018.04978399957
2022-12-04 16:30:00,326011.363766703,326017.9882698313
2022-12-04 20:30:00,326020.5898838117,326018.052709035
2022-12-05 00:30:00,326007.7713300797,326017.95235591347
2022-12-05 04:30:00,326018.4878225521,326017.95351215877
2022-12-05 08:30:00,326014.87428208353,326017.99164073716
2022-12-05 12:30:00,326032.1910142704,326018.1042931692
2022-12-05 16:30:00,326026.23121770367,326018.0529247994
2022-12-05 20:30:00,326020.93262141914,326018.09633037884
2022-12-06 00:30:00,326030.6224726022,326018.1823029172
2022-12-06 04:30:00,326024.7249755962,326018.24882825674
2022-12-06 08:30:00,326027.64777408616,326018.2671184059
2022-12-06 12:30:00,326020.87574143894,326018.2322400943
2022-12-06 16:30:00,326017.883945443,326018.3552028282
2022-12-06 20:30:00,326025.2656239639,326018.4196605835
2022-12-07 00:30:00,326023.55685661326,326018.46650145814
2022-12-07 04:30:00,326014.9385178976,326018.3488672591
2022-12-07 08:30:00,326016.3456922391,326018.3136211452
2022-12-07 12:30:00,326019.5666332648,326018.3364546343
2022-12-07 16:30:00,326000.61084525485,326018.1292391316
2022-12-07 20:30:00,326003.8294569349,326018.02438280365
2022-12-08 00:30:00,326015.8378946179,326017.8972480811
2022-12-08 04:30:00,326012.01444194914,326017.82021845854
2022-12-08 08:30:00,326011.6228172717,326017.7564331755
2022-12-08 12:30:00,326025.73439586506,326017.7964127789
2022-12-08 16:30:00,326009.111342861,326017.83826268866
2022-12-08 20:30:00,326012.5590678725,326017.9072351797
2022-12-09 00:30:00,326014.7556110459,326017.8834489526
2022-12-09 04:30:00,326014.940453539,326017.91313512274
2022-12-09 08:30:00,326028.4583594805,326017.9129520343
2022-12-09 12:30:00,326024.4592555177,326017.9241220812
2022-12-09 16:30:00,326015.6718269663,326017.8992375864
2022-12-09 20:30:00,326004.75166447565,326017.87514103483
2022-12-10 00:30:00,326006.1807132608,326017.88076487446
2022-12-10 04:30:00,326024.9410350933,326017.92062112375
2022-12-10 08:30:00,326008.08583659667,326017.81658791075
2022-12-10 12:30:00,326011.9669510786,326017.78894132876
2022-12-10 16:30:00,326016.7350257189,326017.8702371285
2022-12-10 20:30:00,326013.72444281256,326017.865867323
2022-12-11 00:30:00,326031.34284667583,326017.97342272947
2022-12-11 04:30:00,326035.4514366889,326018.0542651613
2022-12-11 08:30:00,326029.75847494986,326018.0798357395
2022-12-11 12:30:00,326025.8021670095,326018.06404815696
2022-12-11 16:30:00,326001.40833347046,326017.91346347734
2022-12-11 20:30:00,326004.1674749294,326017.8160236612
2022-12-12 00:30:00,326002.8427811699,326017.82277766365
2022-12-12 04:30:00,326017.4278803514,326017.77219622314
2022-12-12 08:30:00,326012.8892561191,326017.7818486106
2022-12-12 12:30:00,326018.12114830443,326017.80336387636
2022-12-12 16:30:00,326014.3745852552,326017.769960042
2022-12-12 20:30:00,325990.5761629839,326017.6821963348
2022-12-13 00:30:00,326004.38255857205,326017.6855970279
2022-12-13 04:30:00,326013.06135393545,326017.6283306635
2022-12-13 08:30:00,326015.4059538817,326017.5826764883
2022-12-13 12:30:00,326003.3118104481,326017.41788763227
2022-12-13 16:30:00,326012.3854089224,326017.3272807433
2022-12-13 20:30:00,325994.56466269476,326017.1287512846
2022-12-14 00:30:00,326022.61217913695,326017.12705709157
2022-12-14 04:30:00,326026.2566005092,326017.0896480428
2022-12-14 08:30:00,326018.35872871225,326017.12515167176
2022-12-14 12:30:00,326026.9139955583,326017.1942625912
2022-12-14 16:30:00,326026.0025165885,326017.29328144115
2022-12-14 20:30:00,326015.63617279805,326017.30754766084
2022-12-15 00:30:00,326009.6082534015,326017.27661488636
2022-12-15 04:30:00,326019.3993282344,326017.23527849116
2022-12-15 08:30:00,326014.18286797835,326017.19498222705
2022-12-15 12:30:00,326017.5878801948,326017.1507115306
2022-12-15 16:30:00,326019.7266905312,326017.15890596417
2022-12-15 20:30:00,326005.4033932333,326017.1563343312
2022-12-16 00:30:00,325994.84891887143,326017.0595579032
2022-12-16 04:30:00,326020.2053933578,326017.1138484595
2022-12-16 08:30:00,326033.8719953663,326017.2008323109
2022-12-16 12:30:00,326035.0403276986,326017.2456682271
2022-12-16 16:30:00,326025.4557038344,326017.2612919094
2022-12-16 20:30:00,326027.62950060563,326017.2323453185
2022-12-17 00:30:00,326029.12558057066,326017.28095620277
2022-12-17 04:30:00,326030.3972668338,326017.43237089633
2022-12-17 08:30:00,326030.8133973745,326017.4620866203
2022-12-17 12:30:00,326026.51329816406,326017.4906550315
2022-12-17 16:30:00,326005.3931373087,326017.3324000784
2022-12-17 20:30:00,326027.68298172165,326017.3267087975
2022-12-18 00:30:00,325998.24559274444,326017.198530597
2022-12-18 04:30:00,326007.23718066094,326017.21851650934
2022-12-18 08:30:00,326020.82500718156,326017.2198771703
2022-12-18 12:30:00,326029.4529122755,326017.2079747112
2022-12-18 16:30:00,326033.2740322801,326017.20178428886
2022-12-18 20:30:00,326010.38736026536,326017.1419538803
2022-12-19 00:30:00,326013.316210933,326016.98176094703
2022-12-19 04:30:00,326027.0455374455,326016.9738190027
2022-12-19 08:30:00,326026.77607039147,326017.0371979725
2022-12-19 12:30:00,326028.11674674397,326017.07556052646
2022-12-19 16:30:00,326016.90326675976,326017.0154315599
2022-12-19 20:30:00,326020.56180151686,326016.9968964294
2022-12-20 00:30:00,326028.96072229824,326017.0206986914
2022-12-20 04:30:00,326021.23543495213,326016.9555426184
2022-12-20 08:30:00,326023.9269588165,326016.92335086013
2022-12-20 12:30:00,326020.0762705348,326016.91754325357
2022-12-20 16:30:00,326023.08640539914,326016.86854899384
2022-12-20 20:30:00,326004.2868492182,326016.7199723554
2022-12-21 00:30:00,326005.85823145753,326016.6162916196
2022-12-21 04:30:00,326007.80660741957,326016.5218687174
2022-12-21 08:30:00,326016.38376445405,326016.4709851209
2022-12-21 12:30:00,326020.6874191302,326016.50286344095
2022-12-21 16:30:00,326000.99569861294,326016.38840209594
2022-12-21 20:30:00,326019.09446969297,326016.4195159357
2022-12-22 00:30:00,326024.8068566928,326016.47316532256
2022-12-22 04:30:00,326020.2606119954,326016.43882096134
2022-12-22 08:30:00,326007.2950470696,326016.356296072
2022-12-22 12:30:00,326032.7439993692,326016.33888244606
2022-12-22 16:30:00,326012.3155451211,326016.35269177915
2022-12-22 20:30:00,326010.2111492789,326016.42620683066
2022-12-23 00:30:00,326002.80170449073,326016.2855936205
2022-12-23 04:30:00,326028.1014462779,326016.31645759096
2022-12-23 08:30:00,326015.76571870304,326016.34619573195
2022-12-23 12:30:00,326021.5786019193,326016.38102698734
2022-12-23 16:30:00,326022.00440527115,326016.4422838479
2022-12-23 20:30:00,326002.2265273511,326016.51380112744
2022-12-24 00:30:00,326011.99036842276,326016.55086424935
2022-12-24 04:30:00,326027.8730214179,326016.56811921805
2022-12-24 08:30:00,326028.3627107959,326016.54624099855
2022-12-24 12:30:00,326034.7804489052,326016.576441967
2022-12-24 16:30:00,326036.3028925385,326016.6032980598
2022-12-24 20:30:00,325998.97776842595,326016.59984472283
2022-12-25 00:30:00,325990.57592737844,326016.50673408736
2022-12-25 04:30:00,326009.1311739055,326016.415605182
2022-12-25 08:30:00,326016.6213681421,326016.3798168544
2022-12-25 12:30:00,326026.86320102966,326016.41312721133
2022-12-25 16:30:00,326012.2486096068,326016.44591740746
2022-12-25 20:30:00,326004.3357968785,326016.5247149754
2022-12-26 00:30:00,326016.95450525335,326016.6282042838
2022-12-26 04:30:00,326026.9698782394,326016.7165462868
2022-12-26 08:30:00,326030.07332593814,326016.76692563295
2022-12-26 12:30:00,325998.8744140377,326016.6390432734
2022-12-26 16:30:00,326010.4020918319,326016.6143359087
2022-12-26 20:30:00,325999.0456684348,326016.5122178367
2022-12-27 00:30:00,326013.1610999611,326016.5186537522
2022-12-27 04:30:00,325999.7713595782,326016.4196915179
2022-12-27 08:30:00,326029.81380225945,326016.46249341936
2022-12-27 12:30:00,326032.3770867544,326016.5313559252
2022-12-27 16:30:00,326011.9044565445,326016.62434734014
2022-12-27 20:30:00,326001.05210903473,326016.6875532277
2022-12-28 00:30:00,326009.2967823853,326016.81148554303
2022-12-28 04:30:00,326011.2186170803,326016.8663941948
2022-12-28 08:30:00,326013.8229931427,326016.905196063
2022-12-28 12:30:00,326007.22627488,326016.7605821965
2022-12-28 16:30:00,326011.6491753083,326016.69473884435
2022-12-28 20:30:00,326024.20451723866,326016.67478995735
2022-12-29 00:30:00,325995.9841946267,326016.5303944175
2022-12-29 04:30:00,326007.18784414034,326016.4543676748
2022-12-29 08:30:00,326025.8782200431,326016.58417975716
2022-12-29 12:30:00,326024.68870163546,326016.6062215395
2022-12-29 16:30:00,326027.6097674243,326016.6155118064
2022-12-29 20:30:00,326013.74243736017,326016.61381662474
2022-12-30 00:30:00,326028.8238400719,326016.7159189644
2022-12-30 04:30:00,326025.4899022916,326016.8679662242
2022-12-30 08:30:00,326029.917043064,326016.90133030736
2022-12-30 12:30:00,326042.950422046,326017.0937358568
2022-12-30 16:30:00,326022.64036554116,326017.11972958385
2022-12-30 20:30:00,326010.4231838949,326017.1591138601
2022-12-31 00:30:00,325998.3702816316,326017.07712021883
2022-12-31 04:30:00,326007.80272474355,326017.02340278175
2022-12-31 08:30:00,326031.5455336985,326017.15976038296
2022-12-31 12:30:00,326007.1358128798,326017.1284568237
2022-12-31 16:30:00,326024.27936448564,326017.1843763444
2022-12-31 20:30:00,326006.5283371305,326017.1184543286
2023-01-01 00:30:00,326002.9331449993,326017.0516540377
2023-01-01 04:30:00,326016.36971793126,326017.08569261275
2023-01-01 08:30:00,326009.10344194504,326017.0275429814
2023-01-01 12:30:00,326027.61225987796,326017.08459681604
2023-01-01 16:30:00,326016.65518805484,326017.01922475535
2023-01-01 20:30:00,326005.9137551938,326016.90059104556
2023-01-02 00:30:00,326018.9482902579,326016.8844433971
2023-01-02 04:30:00,326028.6547609699,326016.93874572736
2023-01-02 08:30:00,326034.153318258,326017.0764635393
2023-01-02 12:30:00,326030.7652972848,326017.1729371133
2023-01-02 16:30:00,326011.2579196479,326017.12479860673
2023-01-02 20:30:00,326022.57529244066,326017.1363452972
2023-01-03 00:30:00,326025.99413354706,326017.1400847552
2023-01-03 04:30:00,326012.493935776,326017.13162670936
2023-01-03 08:30:00,326019.69266220677,326017.16417661053
2023-01-03 12:30:00,326027.65795458574,326017.2117481927
2023-01-03 16:30:00,326009.45695412235,326017.2011547895
2023-01-03 20:30:00,325990.5298351249,326017.03415451903
2023-01-04 00:30:00,326021.4838385692,326017.11033512175
2023-01-04 04:30:00,326007.9879472315,326017.05200248107
2023-01-04 08:30:00,326017.7676953684,326017.06807699933
2023-01-04 12:30:00,326020.34914090525,326017.00228881394
2023-01-04 16:30:00,326028.6523618003,326017.01573961444
2023-01-04 20:30:00,326013.7951416044,326016.9760869489
2023-01-05 00:30:00,326009.0923639525,326016.85647523415
2023-01-05 04:30:00,326004.122717898,326016.7420182469
2023-01-05 08:30:00,326013.8087583755,326016.66513482627
2023-01-05 12:30:00,326018.0389393528,326016.6493748147
2023-01-05 16:30:00,325993.0445549115,326016.5113782006
2023-01-05 20:30:00,326022.08752559085,326016.49372209853
2023-01-06 00:30:00,326018.5558121563,326016.4659385183
2023-01-06 04:30:00,326017.27576953254,326016.4789232496
2023-01-06 08:30:00,326020.5155021364,326016.50208886014
2023-01-06 16:30:00,325993.8706354524,326016.44731369696
2023-01-06 20:30:00,326008.64967795496,326016.474242306
2023-01-07 00:30:00,326020.7097266908,326016.50145924493
2023-01-07 04:30:00,326021.92801045015,326016.5568423092
2023-01-07 08:30:00,326022.2293931106,326016.61609692284
2023-01-07 12:30:00,326010.37533091486,326016.53029209067
2023-01-07 16:30:00,326014.61317163054,326016.56102856423
2023-01-07 20:30:00,326031.15583983745,326016.6649211451
2023-01-08 00:30:00,326023.9300518741,326016.7161750045
2023-01-08 04:30:00,326009.16151731816,326016.6838904445
2023-01-08 08:30:00,326031.8894377343,326016.70305847947
2023-01-08 12:30:00,326033.2549781945,326016.752196595
2023-01-08 16:30:00,326014.2606734896,326016.7443130561
2023-01-08 20:30:00,325987.9394298906,326016.6503899578
2023-01-09 00:30:00,326014.36188954196,326016.6960948532
2023-01-09 04:30:00,326016.74734604,326016.65032005403
2023-01-09 08:30:00,326014.0554453834,326016.68366982375
2023-01-09 12:30:00,326015.62725253555,326016.7041184353
2023-01-09 16:30:00,326047.75131051074,326016.87739376933
2023-01-09 20:30:00,325997.2653868742,326016.78544373624
2023-01-10 00:30:00,326001.82989010616,326016.6205668838
2023-01-10 04:30:00,326024.1866393744,326016.5576350552
2023-01-10 08:30:00,326018.93207663245,326016.4971523831
2023-01-10 12:30:00,326003.6554024749,326016.37342744146
2023-01-10 16:30:00,326006.4451150933,326016.40156588634
2023-01-10 20:30:00,326015.7137825597,326016.4660703982
2023-01-11 00:30:00,325985.76099405787,326016.3706414199
2023-01-11 04:30:00,325997.8594333841,326016.26132048725
2023-01-11 08:30:00,326016.26776036504,326016.28019481257
2023-01-11 12:30:00,326023.6637253596,326016.3111589302
2023-01-11 16:30:00,326029.0231916576,326016.3929947202
2023-01-11 20:30:00,326024.20227531635,326016.58085009636
2023-01-12 00:30:00,326027.2215126442,326016.7084420185
2023-01-12 04:30:00,326023.7262850516,326016.7680226393
2023-01-12 08:30:00,326011.9522464082,326016.74872818415
2023-01-12 12:30:00,326017.02116431773,326016.82531675324
2023-01-12 16:30:00,326016.1982395868,326016.8466174832
2023-01-12 20:30:00,325996.1386216417,326016.85541054996
2023-01-13 00:30:00,326008.36357084976,326016.7758093863
2023-01-13 04:30:00,326033.28243413055,326016.8150598534
2023-01-13 08:30:00,326031.9754238738,326016.8911307762
2023-01-13 12:30:00,326015.749646106,326016.82876010885
2023-01-13 16:30:00,326053.57357067824,326016.98278834403
2023-01-13 20:30:00,326041.87432228134,326017.1293701847
2023-01-14 00:30:00,326015.7573635171,326017.16372275515
2023-01-14 04:30:00,326007.8322657838,326017.09910229454
2023-01-14 08:30:00,326019.5751663104,326017.1292268662
2023-01-14 12:30:00,326039.91903079656,326017.2539818975
2023-01-14 16:30:00,326022.55516044813,326017.2697834054
2023-01-14 20:30:00,325995.56745319336,326017.2148340198
2023-01-15 00:30:00,326023.98060889175,326017.37758089136
2023-01-15 04:30:00,326037.9707658749,326017.47682878247
2023-01-15 08:30:00,326000.79866367165,326017.2920615663
2023-01-15 12:30:00,326006.281840403,326017.13139962615
2023-01-15 16:30:00,326025.33460155025,326017.13072307705
2023-01-15 20:30:00,326025.53992761206,326017.11904948496
2023-01-16 00:30:00,326010.0506007057,326017.01248535153
2023-01-16 04:30:00,326025.9233446021,326016.9874913726
2023-01-16 08:30:00,326039.6849978092,326017.0370533862
2023-01-16 12:30:00,326025.3872302422,326017.03076250403
2023-01-16 16:30:00,326025.4651032023,326017.1428963917
2023-01-16 20:30:00,325990.18074361613,326016.93338668154
2023-01-17 00:30:00,326018.7592353232,326017.04798803676
2023-01-17 04:30:00,326018.6140630258,326017.1115460388
2023-01-17 08:30:00,326027.1705354908,326017.1469959176
2023-01-17 12:30:00,325996.4014543365,326016.9623509012
2023-01-17 16:30:00,326010.64134236897,326016.83591129276
2023-01-17 20:30:00,326021.5685502441,326016.89837604127
2023-01-18 00:30:00,326018.30845220195,326016.9262656573
2023-01-18 04:30:00,326023.74327721546,326016.90781727614
2023-01-18 08:30:00,326022.17655176483,326016.8821216413
2023-01-18 12:30:00,326000.99017030926,326016.73057652154
2023-01-18 16:30:00,325981.0819323722,326016.5304573351
2023-01-18 20:30:00,326002.4516960576,326016.42928356153
2023-01-19 00:30:00,326028.90499249886,326016.4289722219
2023-01-19 04:30:00,326036.7600269993,326016.5157017864
2023-01-19 08:30:00,326031.10966178135,326016.55582861864
2023-01-19 12:30:00,326022.7732726461,326016.5708956695
2023-01-19 16:30:00,326011.51117757725,326016.50622959225
2023-01-19 20:30:00,326007.15654923767,326016.522261436
2023-01-20 00:30:00,326009.64569612016,326016.5434204564
2023-01-20 04:30:00,326027.75914702355,326016.6548871581
2023-01-20 08:30:00,326019.7320215075,326016.67359250475
2023-01-20 12:30:00,326012.5957882601,326016.62838786305
2023-01-20 16:30:00,326011.5156274005,326016.68715841504
2023-01-20 20:30:00,326004.3324781144,326016.60468918824
2023-01-21 00:30:00,325993.1302275851,326016.4277247799
2023-01-21 04:30:00,326026.6361578279,326016.46334235434
2023-01-21 08:30:00,326035.3750208777,326016.62021371635
2023-01-21 12:30:00,326026.3970760548,326016.5847560442
2023-01-21 16:30:00,326022.32302637305,326016.6406637607
2023-01-21 20:30:00,326010.2883772128,326016.6410952017
2023-01-22 00:30:00,325987.89679412666,326016.55782754597
2023-01-22 04:30:00,326024.14629883686,326016.5357317503
2023-01-22 08:30:00,326015.96182214736,326016.5368273002
2023-01-22 12:30:00,326027.24486590346,326016.56848240626
2023-01-22 16:30:00,326017.4458674934,326016.54301571473
2023-01-22 20:30:00,326017.21571280976,326016.626754181
2023-01-23 00:30:00,326031.20467226143,326016.73409666057
2023-01-23 04:30:00,326029.97330425127,326016.7458300842
2023-01-23 08:30:00,326024.3172347316,326016.72322965926
2023-01-23 12:30:00,326015.65608054004,326016.6163896126
2023-01-23 16:30:00,326009.0025474553,326016.4638737183
2023-01-23 20:30:00,326023.428218594,326016.600468412
2023-01-24 00:30:00,326002.5237787237,326016.6672161848
2023-01-24 04:30:00,326012.2334399434,326016.68454728
2023-01-24 08:30:00,325999.9178394371,326016.59123147716
2023-01-24 12:30:00,326027.53830303566,326016.59500299674
2023-01-24 16:30:00,325990.93287541065,326016.4759206828
2023-01-24 20:30:00,326025.2111905947,326016.59254299407
2023-01-25 00:30:00,326019.6080556462,326016.607367298
2023-01-25 04:30:00,326018.6474933813,326016.5608735278
2023-01-25 08:30:00,326025.2453286174,326016.5339014757
2023-01-25 12:30:00,326016.9123472689,326016.63467205246
2023-01-25 16:30:00,326027.67151141795,326016.7311492568
2023-01-25 20:30:00,326036.38063349464,326016.9397244806
2023-01-26 00:30:00,326020.7820605963,326016.98229967966
2023-01-26 04:30:00,326025.4186873961,326017.1255808407
2023-01-26 08:30:00,326009.650283541,326017.01293548476
2023-01-26 12:30:00,326036.38461758074,326017.03532392514
2023-01-26 16:30:00,326003.96731735626,326016.9909823654
2023-01-26 20:30:00,325999.6775737455,326016.98330339725
2023-01-27 00:30:00,326027.25514496054,326017.0836294452
2023-01-27 04:30:00,326026.1807382869,326017.16721671453
2023-01-27 08:30:00,326024.8127503686,326017.22861200623
2023-01-27 12:30:00,326026.3023440601,326017.33518222516
2023-01-27 16:30:00,326041.71520653705,326017.50314888003
2023-01-27 20:30:00,326021.4405612438,326017.4877077851
2023-01-28 00:30:00,326010.6689839765,326017.5697457145
2023-01-28 04:30:00,326008.1344796728,326017.57503418106
2023-01-28 08:30:00,326024.6610786662,326017.5682345086
2023-01-28 12:30:00,326014.51378861995,326017.5113914191
2023-01-28 16:30:00,326001.2697762324,326017.36424063036
2023-01-28 20:30:00,325997.4835847272,326017.2734090514
2023-01-29 00:30:00,326024.56621383637,326017.24962342996
2023-01-29 04:30:00,326014.8513976806,326017.1901904433
2023-01-29 08:30:00,326023.75401851966,326017.1557601386
2023-01-29 12:30:00,326034.65816678246,326017.10943469015
2023-01-29 16:30:00,326033.6017467372,326017.17067145667
2023-01-29 20:30:00,326033.0289895456,326017.2969608737
2023-01-30 00:30:00,326016.9758853925,326017.4009027942
2023-01-30 04:30:00,326018.78019022493,326017.462229417
2023-01-30 08:30:00,326014.85378172656,326017.36897940596
2023-01-30 12:30:00,326022.43681859114,326017.4544598848
2023-01-30 16:30:00,326008.2786036486,326017.3650701594
2023-01-30 20:30:00,325988.98728266766,326017.2670754418
2023-01-31 00:30:00,326022.5337732211,326017.3765761581
2023-01-31 04:30:00,326014.5848153709,326017.3666046353
2023-01-31 08:30:00,326007.47627456475,326017.3575143148
2023-01-31 12:30:00,326031.12140981,326017.37711850443
2023-01-31 16:30:00,326030.46607783815,326017.45427431323
2023-01-31 20:30:00,325998.77500571957,326017.41439303133
2023-02-01 00:30:00,326018.2502826005,326017.41049354716
2023-02-01 04:30:00,326014.3239506296,326017.3304331542
2023-02-01 08:30:00,326020.63887052704,326017.2549334462
2023-02-01 12:30:00,326030.34390892513,326017.25257932127
2023-02-01 16:30:00,326007.5616562309,326017.23192980496
2023-02-01 20:30:00,325989.1955686976,326017.0454509013
2023-02-02 00:30:00,326020.5331538752,326017.0149426351
2023-02-02 04:30:00,326036.62837044423,326017.14977187896
2023-02-02 08:30:00,326017.83992231614,326017.13942137687
2023-02-02 12:30:00,326002.25142417854,326016.99748545274
2023-02-02 16:30:00,326015.9104126103,326017.0335382935
2023-02-02 20:30:00,325997.82374224474,326017.074286378
2023-02-03 00:30:00,325992.9584752975,326016.91492680664
2023-02-03 04:30:00,326016.03020460013,326016.9598556187
2023-02-03 08:30:00,326033.2486818759,326017.0463415768
2023-02-03 12:30:00,326027.4129612202,326017.0858042602
2023-02-03 16:30:00,326010.0144294189,326016.9816817329
2023-02-03 20:30:00,325988.5242609545,326016.8405036287
2023-02-04 00:30:00,326026.68051564234,326016.9387614594
2023-02-04 04:30:00,326025.8691034094,326017.06024964666
2023-02-04 08:30:00,326032.3974560197,326017.1640971195
2023-02-04 12:30:00,326011.1539199831,326017.1256333241
2023-02-04 16:30:00,326006.1128321855,326017.19864045974
2023-02-04 20:30:00,326010.25793033245,326017.13255333545
2023-02-05 00:30:00,325982.1753295796,326016.9293104159
2023-02-05 04:30:00,326030.90400613606,326017.005445816
2023-02-05 08:30:00,326030.4192041839,326017.0607737604
2023-02-05 12:30:00,326026.35554814624,326017.1124113958
2023-02-05 16:30:00,326010.3501819786,326017.2039644321
2023-02-05 20:30:00,326004.8553899311,326017.18288505415
2023-02-06 00:30:00,326005.70825408323,326017.0995435397
2023-02-06 04:30:00,326024.5609176073,326017.1141708017
2023-02-06 08:30:00,326027.70505609235,326017.1445911516
2023-02-06 12:30:00,326009.035403286,326017.1371471092
2023-02-06 16:30:00,325988.395376707,326016.991492693
2023-02-06 20:30:00,326002.96042697894,326016.8348515104
2023-02-07 00:30:00,326025.991519789,326016.8463041099
2023-02-07 04:30:00,326029.7879566362,326016.96089543955
2023-02-07 08:30:00,326000.37481550605,326016.7858142049
2023-02-07 12:30:00,326008.5549036859,326016.6485915687
2023-02-07 16:30:00,326024.62858645874,326016.7061910852
2023-02-07 20:30:00,326014.21089775197,326016.85214368446
2023-02-08 00:30:00,326013.80332163646,326016.8490405294
2023-02-08 04:30:00,326023.22656210273,326016.88503617427
2023-02-08 08:30:00,326021.9406268931,326016.9288427382
2023-02-08 12:30:00,326007.85397041147,326016.8856578375
2023-02-08 16:30:00,326005.4734511279,326016.6507808409
2023-02-08 20:30:00,326018.5501428957,326016.7690294854
2023-02-09 00:30:00,326004.05373492895,326016.7813841789
2023-02-09 04:30:00,326010.7299838409,326016.70662498154
2023-02-09 08:30:00,325987.72101767594,326016.53323020955
2023-02-09 12:30:00,326018.33345128555,326016.6147749252
2023-02-09 16:30:00,326014.62529639335,326016.66022037686
2023-02-09 20:30:00,326005.80672960175,326016.6051811937
2023-02-10 00:30:00,325998.76337757154,326016.67741665774
2023-02-10 04:30:00,326007.4564258488,326016.73073328246
2023-02-10 08:30:00,326020.60204396653,326016.75481263583
2023-02-10 12:30:00,326013.1162582102,326016.69621559617
2023-02-10 16:30:00,326019.48522777396,326016.6432269079
2023-02-10 20:30:00,326002.61662294896,326016.52330661693
2023-02-11 00:30:00,326018.14942855586,326016.4729061498
2023-02-11 04:30:00,326045.13909377204,326016.59186619817
2023-02-11 08:30:00,326021.331273399,326016.6439719037
2023-02-11 12:30:00,325989.3357055964,326016.4901637997
2023-02-11 16:30:00,326019.376609266,326016.50782140903
2023-02-11 20:30:00,326009.08063682186,326016.5797214934
2023-02-12 00:30:00,325996.6739476144,326016.51477914205
2023-02-12 04:30:00,326000.46196442033,326016.3324431993
2023-02-12 08:30:00,326023.9149174665,326016.2876626081
2023-02-12 12:30:00,326001.0952607008,326016.20624935586
2023-02-12 16:30:00,326013.90545592486,326015.9858709405
2023-02-12 20:30:00,326015.72829810105,326015.8406152507
2023-02-13 00:30:00,326023.84273657436,326015.8855339898
2023-02-13 04:30:00,326034.9952147883,326016.0364392621
2023-02-13 08:30:00,326036.4256289194,326016.1300529433
2023-02-13 12:30:00,326001.0095996002,326015.91388943663
2023-02-13 16:30:00,326031.3681661407,326015.96285057935
2023-02-13 20:30:00,326033.0085897815,326016.1708568937
2023-02-14 00:30:00,326020.1311708032,326016.14947112655
2023-02-14 04:30:00,326016.75464257767,326016.0316037749
2023-02-14 08:30:00,326017.51385374955,326016.124465942
2023-02-14 12:30:00,326025.9501451664,326016.2337343018
2023-02-14 16:30:00,326008.8962659309,326016.14241021505
2023-02-14 20:30:00,325981.0650684082,326015.89532766386
2023-02-15 00:30:00,326018.5527843411,326015.9425620175
2023-02-15 04:30:00,326022.242492498,326015.92211283906
2023-02-15 08:30:00,326021.4258627293,326015.82067319984
2023-02-15 12:30:00,326002.4001565382,326015.6929672347
2023-02-15 16:30:00,326015.22675839055,326015.63608754135
2023-02-15 20:30:00,326026.1555287944,326015.835947459
2023-02-16 00:30:00,326016.6860343195,326015.82442967565
2023-02-16 04:30:00,326018.02535022155,326015.82115904894
2023-02-16 08:30:00,326007.5950486644,326015.71240634436
2023-02-16 12:30:00,326006.2812220248,326015.7672939426
2023-02-16 16:30:00,325989.277735348,326015.648607237
2023-02-16 20:30:00,325987.0185788132,326015.4566629512
2023-02-17 00:30:00,326013.2860632379,326015.4287607903
2023-02-17 04:30:00,326027.7678629672,326015.4511196
2023-02-17 08:30:00,326018.8097196596,326015.43241497723
2023-02-17 12:30:00,326036.3260267121,326015.6287252906
2023-02-17 16:30:00,326031.54701697425,326015.90908687166
2023-02-17 20:30:00,326004.4321546388,326015.9200894194
2023-02-18 00:30:00,326012.0149609302,326015.8262559107
2023-02-18 04:30:00,326011.3275996717,326015.6849646478
2023-02-18 08:30:00,326013.3373711402,326015.5862296997
2023-02-18 12:30:00,326027.58461049246,326015.6129593544
2023-02-18 16:30:00,326030.4538337967,326015.7181963334
2023-02-18 20:30:00,326017.2385175697,326015.77420726855
2023-02-19 00:30:00,326017.64565374434,326015.81865147763
2023-02-19 04:30:00,326019.2129318782,326015.77117250464
2023-02-19 08:30:00,326022.7807606426,326015.78810994426
2023-02-19 12:30:00,326013.2755114033,326015.79188618396
2023-02-19 16:30:00,326016.7051800807,326015.8207170321
2023-02-19 20:30:00,326005.4612773322,326015.8269881389
2023-02-20 00:30:00,326022.25921684736,326015.98881585704
2023-02-20 04:30:00,326009.98437398864,326015.89630594687
2023-02-20 08:30:00,326009.8854131616,326015.7546970151
2023-02-20 12:30:00,326019.61230336747,326015.71700383344
2023-02-20 16:30:00,326009.0322889172,326015.64316640317
2023-02-20 20:30:00,326005.9477175701,326015.6190516274
2023-02-21 00:30:00,325992.8504740431,326015.64657207136
2023-02-21 04:30:00,326019.44810839667,326015.6204710133
2023-02-21 08:30:00,326026.2163660846,326015.67744070187
2023-02-21 12:30:00,326031.3329896332,326015.7001525004
2023-02-21 16:30:00,326032.2239272753,326015.78225283255
2023-02-21 20:30:00,326001.8456911033,326015.69686382305
2023-02-22 00:30:00,326013.1969978398,326015.5968211874
2023-02-22 04:30:00,326024.6554431723,326015.5672775148
2023-02-22 08:30:00,326023.4390008447,326015.5623984376
2023-02-22 12:30:00,326010.22128323675,326015.5322051192
2023-02-22 16:30:00,326015.743725514,326015.5696561084
2023-02-22 20:30:00,326004.31223794573,326015.4634562159
2023-02-23 00:30:00,326018.34549110243,326015.55135461804
2023-02-23 04:30:00,326001.39603934565,326015.49114683695
2023-02-23 08:30:00,326017.44767286524,326015.58853480045
2023-02-23 12:30:00,326005.44198529876,326015.46577747964
2023-02-23 16:30:00,326005.8694421502,326015.548758406
2023-02-23 20:30:00,325970.2366873422,326015.24334449903
2023-02-24 00:30:00,326010.43606594147,326015.1923890006
2023-02-24 04:30:00,326022.4259925504,326015.2133806627
2023-02-24 08:30:00,326003.0328427005,326015.0899779632
2023-02-24 12:30:00,325981.326324878,326014.8922778388
2023-02-24 16:30:00,326043.5850657378,326014.9806864739
2023-02-24 20:30:00,326025.41547915473,326014.9197689498
2023-02-25 00:30:00,325984.0145096086,326014.7155047777
2023-02-25 04:30:00,326003.40372683946,326014.5931994412
2023-02-25 08:30:00,326041.49942056276,326014.77013909136
2023-02-25 12:30:00,326020.05199568695,326014.67940230307
2023-02-25 16:30:00,326003.40974795417,326014.67630469525
2023-02-25 20:30:00,326020.05596131715,326014.7895179596
2023-02-26 00:30:00,326023.1727818236,326014.7668381643
2023-02-26 04:30:00,326030.9662382641,326014.79342427535
2023-02-26 08:30:00,326019.6426682743,326014.76470159704
2023-02-26 12:30:00,325985.0362451488,326014.5354454919
2023-02-26 16:30:00,326006.0389637362,326014.33724414307
2023-02-26 20:30:00,326018.739517445,326014.32223834423
2023-02-27 00:30:00,325999.9709377932,326014.2628047542
2023-02-27 04:30:00,326015.3616821799,326014.3029558793
2023-02-27 08:30:00,326025.8532799351,326014.30957921967
2023-02-27 12:30:00,325977.91787212016,326014.1062685725
2023-02-27 16:30:00,326016.9288914238,326014.19326365687
2023-02-27 20:30:00,326008.9852209672,326014.25716163596
2023-02-28 00:30:00,326015.87875693874,326014.20889798657
2023-02-28 04:30:00,326011.3578379193,326014.18948932126
2023-02-28 08:30:00,326001.0754453377,326014.063497248
2023-02-28 12:30:00,326025.50899641786,326014.01266852376
2023-02-28 16:30:00,326029.3376466065,326013.98897907854
2023-02-28 20:30:00,326016.0041634978,326013.89439671166
2023-03-01 00:30:00,326013.63909987104,326013.8758590143
2023-03-01 04:30:00,326018.1215320865,326013.87219980237
2023-03-01 08:30:00,326001.2336848228,326013.7965325974
2023-03-01 12:30:00,325990.75312367384,326013.62051207
2023-03-01 16:30:00,326014.2591318007,326013.65373722644
2023-03-01 20:30:00,326021.9156387027,326013.8366725377
2023-03-02 00:30:00,325994.1994849574,326013.6792598252
2023-03-02 04:30:00,326018.91249653354,326013.7033024983
2023-03-02 08:30:00,326041.9583022986,326013.89486931905
2023-03-02 12:30:00,326038.3367515691,326013.93495455105
2023-03-02 16:30:00,326008.269542698,326013.81164046697
2023-03-02 20:30:00,326008.962223929,326013.8682361236
2023-03-03 00:30:00,326015.1033255946,326013.85075302917
2023-03-03 04:30:00,326008.05035324045,326013.8158997104
2023-03-03 08:30:00,326012.026254711,326013.7680518447
2023-03-03 12:30:00,326005.26688292186,326013.62873503356
2023-03-03 16:30:00,326002.1406072237,326013.5986180947
2023-03-03 20:30:00,325999.7261034929,326013.6571210658
2023-03-04 00:30:00,326016.1255014228,326013.63263410766
2023-03-04 04:30:00,326015.90020791243,326013.51747764915
2023-03-04 08:30:00,326007.4177871723,326013.45957689837
2023-03-04 12:30:00,326017.87178800156,326013.54635669733
2023-03-04 16:30:00,326001.97939812095,326013.4689621724
2023-03-04 20:30:00,325997.19308695226,326013.46545853186
2023-03-05 00:30:00,326016.19199757214,326013.5945336557
2023-03-05 04:30:00,326021.01649054396,326013.6222352442
2023-03-05 08:30:00,326017.9541208654,326013.5372654609
2023-03-05 12:30:00,326019.9044793934,326013.49555167294
2023-03-05 16:30:00,326008.0515380073,326013.4846467206
2023-03-05 20:30:00,325990.15619379876,326013.4937130142
2023-03-06 00:30:00,326003.9043503251,326013.36717876245
2023-03-06 04:30:00,326013.03828519507,326013.29589643906
2023-03-06 08:30:00,326019.89298587444,326013.2264271605
2023-03-06 12:30:00,325998.1229452499,326013.15403285634
2023-03-06 16:30:00,326001.6985745793,326013.129509203
2023-03-06 20:30:00,326000.3870625382,326013.0746710486
2023-03-07 00:30:00,326000.71732762683,326013.1776821489
2023-03-07 04:30:00,326022.2039184434,326013.12934832834
2023-03-07 08:30:00,326019.55277375603,326013.0689792704
2023-03-07 12:30:00,326014.9776205812,326013.00576856174
2023-03-07 16:30:00,326024.3054134685,326013.08329762553
2023-03-07 20:30:00,326015.418701529,326013.14198268997
2023-03-08 00:30:00,326004.87414691044,326013.13734876126
2023-03-08 04:30:00,326019.90484657837,326013.1114816999
2023-03-08 08:30:00,326025.0976590019,326013.0969961606
2023-03-08 12:30:00,326039.07442398515,326013.2638796089
2023-03-08 16:30:00,326027.31223226845,326013.48008436203
2023-03-08 20:30:00,326016.55244405195,326013.555595568
2023-03-09 00:30:00,326003.32598332607,326013.42967592104
2023-03-09 04:30:00,326015.09392013884,326013.34804238484
2023-03-09 08:30:00,326008.98708570324,326013.3958883304
2023-03-09 12:30:00,326028.95156415267,326013.5092031108
2023-03-09 16:30:00,326027.2222600079,326013.5236124083
2023-03-09 20:30:00,326023.8672366432,326013.57725873543
2023-03-10 00:30:00,326018.52981555066,326013.60351703496
2023-03-10 04:30:00,326032.5584942194,326013.6553611023
2023-03-10 08:30:00,326018.6337342574,326013.6369894765
2023-03-10 12:30:00,326024.27600680373,326013.72822301206
2023-03-10 16:30:00,326033.3450557499,326013.88306525996
2023-03-10 20:30:00,326025.1683496057,326013.919833075
2023-03-11 00:30:00,326029.49266300985,326014.06116045325
2023-03-11 04:30:00,326032.0275334632,326014.1794801734
2023-03-11 08:30:00,326017.45007012703,326014.3446415758
2023-03-11 12:30:00,326005.59260243806,326014.27385908226
2023-03-11 16:30:00,326015.55826358794,326014.2790422333
2023-03-11 20:30:00,326022.7872804776,326014.3733786272
2023-03-12 00:30:00,326022.1872664688,326014.50351134315
2023-03-12 04:30:00,326018.27044616186,326014.56358923385
2023-03-12 08:30:00,326005.7844694081,326014.4812693752
2023-03-12 12:30:00,326020.1710405677,326014.52046261047
2023-03-12 16:30:00,326029.895272664,326014.5782961933
2023-03-12 20:30:00,326021.5248787041,326014.68334205856
2023-03-13 00:30:00,326024.95006610255,326014.7211233782
2023-03-13 04:30:00,325998.247365454,326014.46061377646
2023-03-13 08:30:00,326012.9242251,326014.41390795255
2023-03-13 12:30:00,326015.57131659205,326014.559661347
2023-03-13 16:30:00,326005.8999295897,326014.4847909044
2023-03-13 20:30:00,326008.3385754359,326014.4806683411
2023-03-14 00:30:00,326018.2858122017,326014.6007342555
2023-03-14 04:30:00,326014.4616591159,326014.67851033714
2023-03-14 08:30:00,326013.61465911404,326014.6212866796
2023-03-14 12:30:00,325999.1824251956,326014.6106598157
2023-03-14 16:30:00,326005.5768660148,326014.5643898717
2023-03-14 20:30:00,326018.1085829649,326014.57761367655
2023-03-15 00:30:00,326000.132748296,326014.4458915194
2023-03-15 04:30:00,326005.7976088771,326014.28368259774
2023-03-15 08:30:00,326004.930275151,326014.1087084101
2023-03-15 12:30:00,325991.54664242285,326014.0561364258
2023-03-15 16:30:00,325977.7735660528,326013.7583886476
2023-03-15 20:30:00,326028.61946554505,326013.734004624
2023-03-16 00:30:00,326028.8392347927,326013.7823827572
2023-03-16 04:30:00,326014.2965097277,326013.76872646366
2023-03-16 08:30:00,325994.77765174664,326013.64241423033
2023-03-16 12:30:00,326019.7608344649,326013.60802917083
2023-03-16 16:30:00,326006.9092216908,326013.5969900362
2023-03-16 20:30:00,326020.59739031683,326013.8166140468
2023-03-17 00:30:00,326009.2523151092,326013.7649447733
2023-03-17 04:30:00,325989.74164486193,326013.5843845086
2023-03-17 08:30:00,326013.5155389725,326013.5404382655
2023-03-17 12:30:00,326015.7854190268,326013.6148008349
2023-03-17 16:30:00,325985.7480326546,326013.4510301363
2023-03-17 20:30:00,326017.8071795209,326013.4046504182
2023-03-18 00:30:00,326029.6093177683,326013.47644643736
2023-03-18 04:30:00,326010.95112153667,326013.43714516686
2023-03-18 08:30:00,326020.70718672517,326013.50999037834
2023-03-18 12:30:00,326030.52935804287,326013.64470224513
2023-03-18 16:30:00,325997.90271721524,326013.69261881104
2023-03-18 20:30:00,325978.992721039,326013.6480307122
2023-03-19 00:30:00,325998.1000689807,326013.56366407755
2023-03-19 04:30:00,326006.3465148821,326013.4446565882
2023-03-19 08:30:00,326018.5377831133,326013.44314582954
2023-03-19 12:30:00,326002.6170404155,326013.2558736835
2023-03-19 16:30:00,326021.73599141696,326013.201367986
2023-03-19 20:30:00,326009.23414267227,326013.2280456972
2023-03-20 00:30:00,326011.8390054529,326013.2270681668
2023-03-20 04:30:00,326020.26277854823,326013.27670804947
2023-03-20 08:30:00,326025.02103595145,326013.34161729837
2023-03-20 12:30:00,326036.90555660863,326013.39340033237
2023-03-20 16:30:00,326010.0656983275,326013.2801329131
2023-03-20 20:30:00,326010.0072393838,326013.23995914543
2023-03-21 00:30:00,326027.73419071484,326013.2960065731
2023-03-21 04:30:00,326025.13186866185,326013.3288895552
2023-03-21 08:30:00,326016.5201955674,326013.294108638
2023-03-21 12:30:00,326037.6858101956,326013.42972140916
2023-03-21 16:30:00,326019.57854158006,326013.4456845286
2023-03-21 20:30:00,325995.6559582513,326013.3912105337
2023-03-22 00:30:00,326017.1727945887,326013.36295263225
2023-03-22 04:30:00,326014.208304357,326013.38641891204
2023-03-22 08:30:00,326020.5948600508,326013.4459158392
2023-03-22 12:30:00,326018.77529655705,326013.44126580143
2023-03-22 16:30:00,326019.4804935399,326013.49931138265
2023-03-22 20:30:00,326011.87333838374,326013.5322314983
2023-03-23 00:30:00,326024.0753567752,326013.705703069
2023-03-23 04:30:00,326031.2520502389,326013.7712805237
2023-03-23 08:30:00,326026.3495291313,326013.7720203184
2023-03-23 12:30:00,326024.7882676434,326013.73566075176
2023-03-23 16:30:00,326031.37628350465,326013.7309516197
2023-03-23 20:30:00,326006.9011533092,326013.7590375209
2023-03-24 00:30:00,326016.13461901434,326013.7753576385
2023-03-24 04:30:00,326020.26040607784,326013.7509407657
2023-03-24 08:30:00,326018.3413633425,326013.7226205574
2023-03-24 12:30:00,326004.8942219225,326013.6930257723
2023-03-24 16:30:00,326029.9692017225,326013.7720561957
2023-03-24 20:30:00,326030.5751023041,326013.91796099767
2023-03-25 00:30:00,326025.57875351165,326013.9581457888
2023-03-25 04:30:00,326020.44163377024,326014.06395464676
2023-03-25 08:30:00,326010.398124357,326014.02479048836
2023-03-25 12:30:00,326005.55020073545,326014.0253916853
2023-03-25 16:30:00,326021.09302302916,326014.10996713454
2023-03-25 20:30:00,326015.10963610624,326014.35926129436
2023-03-26 00:30:00,326020.6277825989,326014.41588194255
2023-03-26 04:30:00,326016.92453124444,326014.38531826856
2023-03-26 08:30:00,326013.08523011656,326014.44116486533
2023-03-26 12:30:00,326010.9236837058,326014.6055946365
2023-03-26 16:30:00,326018.81862603215,326014.4680033049
2023-03-26 20:30:00,326020.35336928646,326014.4398804723
2023-03-27 00:30:00,326024.5579456306,326014.6651217835
2023-03-27 04:30:00,326022.2092270638,326014.7695967848
2023-03-27 08:30:00,326005.3737193206,326014.5688984445
2023-03-27 12:30:00,326011.6425220468,326014.5221791465
2023-03-27 16:30:00,326002.008822833,326014.5143962292
2023-03-27 20:30:00,326003.27955963445,326014.42119399755
2023-03-28 00:30:00,326003.9669916224,326014.3144951632
2023-03-28 04:30:00,326016.9812143243,326014.2368005857
2023-03-28 08:30:00,326011.0873928608,326014.18927127786
2023-03-28 12:30:00,326011.18711050693,326014.3345538632
2023-03-28 16:30:00,326008.17299316375,326014.3464095823
2023-03-28 20:30:00,326017.88987465197,326014.3416893445
2023-03-29 00:30:00,326027.3721473217,326014.49391828635
2023-03-29 04:30:00,326022.308820587,326014.53251349967
2023-03-29 08:30:00,326024.8968406274,326014.527199948
2023-03-29 12:30:00,326021.48963480274,326014.76926529617
2023-03-29 16:30:00,326016.5388962964,326014.7670986566
2023-03-29 20:30:00,326015.76407074597,326014.80475893314
2023-03-30 00:30:00,326013.97018033953,326014.7941557299
2023-03-30 04:30:00,325986.45773333794,326014.6558218154
2023-03-30 08:30:00,326001.517639349,326014.65827844886
2023-03-30 12:30:00,326010.7978395881,326014.5765497999
2023-03-30 16:30:00,326011.3312049783,326014.476514013
2023-03-30 20:30:00,326017.8446259779,326014.4867388046
2023-03-31 00:30:00,326009.8046645667,326014.46543638624
2023-03-31 04:30:00,326000.91614378936,326014.36985089566
2023-03-31 08:30:00,326014.2100989679,326014.4419420854
2023-03-31 12:30:00,326007.97045750165,326014.53759394
2023-03-31 16:30:00,326010.96746375435,326014.51930689526
2023-03-31 20:30:00,326009.3747264139,326014.44963516033
2023-04-01 00:30:00,326023.44856011955,326014.6121300224
2023-04-01 04:30:00,326023.9317857174,326014.64001496223
2023-04-01 08:30:00,326024.65909905813,326014.54390827764
2023-04-01 12:30:00,326029.1923511564,326014.49310605304
2023-04-01 16:30:00,326025.2169871822,326014.5872585224
2023-04-01 20:30:00,326012.2453699192,326014.6054982224
2023-04-02 00:30:00,326013.28015554306,326014.5953694999
2023-04-02 04:30:00,326005.6287910208,326014.5819163764
2023-04-02 08:30:00,326022.842484726,326014.6420065432
2023-04-02 12:30:00,326028.20565201645,326014.7694441493
2023-04-02 16:30:00,326007.38641290413,326014.7985875141
2023-04-02 20:30:00,326009.98478648457,326014.8555801975
2023-04-03 00:30:00,326025.95739420847,326014.910201824
2023-04-03 04:30:00,326019.7772203055,326014.93174078176
2023-04-03 08:30:00,326011.4716923252,326014.95426247705
2023-04-03 12:30:00,326022.75341692055,326014.98138263775
2023-04-03 16:30:00,326019.9098956936,326015.08099651313
2023-04-03 20:30:00,326013.0464321044,326015.16907065286
2023-04-04 00:30:00,326029.58075342275,326015.2434526298
2023-04-04 04:30:00,326021.404431397,326015.2456078568
2023-04-04 08:30:00,326019.5902591905,326015.2546975141
2023-04-04 12:30:00,326022.1592936257,326015.26722425985
2023-04-04 16:30:00,326030.6876588786,326015.39298048697
2023-04-04 20:30:00,326015.05327745434,326015.53129761835
2023-04-05 00:30:00,326025.432311921,326015.650897405
2023-04-05 04:30:00,326022.23658202466,326015.70199905406
2023-04-05 08:30:00,326015.9915566243,326015.68032444705
2023-04-05 12:30:00,326012.1567449664,326015.7582900011
2023-04-05 16:30:00,326013.3266460224,326015.822890398
2023-04-05 20:30:00,326012.01653565856,326015.88749858196
2023-04-06 00:30:00,326017.9140433791,326015.98303589167
2023-04-06 04:30:00,326010.89572943654,326015.9202126195
2023-04-06 08:30:00,326026.8986252387,326015.9610229055
2023-04-06 12:30:00,325999.2476456893,326015.8736341561
2023-04-06 16:30:00,326016.2391453357,326015.82882155536
2023-04-06 20:30:00,326020.59624508035,326015.85758568614
2023-04-07 00:30:00,325993.29770892457,326015.79327214183
2023-04-07 04:30:00,326014.50629348774,326015.7632801802
2023-04-07 08:30:00,326019.59801546315,326015.73272660497
2023-04-07 12:30:00,325981.76684362045,326015.41435115854
2023-04-07 16:30:00,325984.94984805456,326015.17900457955
2023-04-07 20:30:00,326021.94291766104,326015.20895165514
2023-04-08 00:30:00,326025.1714240029,326015.33031521447
2023-04-08 04:30:00,326003.6270046954,326015.26661012863
2023-04-08 08:30:00,326012.60365957586,326015.2867022058
2023-04-08 12:30:00,325998.312717412,326015.11648639047
2023-04-08 16:30:00,326011.5952617394,326015.0296697334
2023-04-08 20:30:00,326024.24332996795,326015.03175914084
2023-04-09 00:30:00,326004.3342582208,326014.95289493346
2023-04-09 04:30:00,326011.260555431,326014.83457305125
2023-04-09 08:30:00,326004.8385126369,326014.7579329312
2023-04-09 12:30:00,326007.83305200643,326014.66658318235
2023-04-09 16:30:00,326002.9730600308,326014.49784987274
2023-04-09 20:30:00,326008.1544300615,326014.4033280975
2023-04-10 00:30:00,326008.2531008596,326014.28533052996
2023-04-10 04:30:00,326016.436875526,326014.19871576363
2023-04-10 08:30:00,326005.8314892855,326014.13416809234
2023-04-10 12:30:00,325986.97580647474,326014.03074144816
2023-04-10 16:30:00,326013.4690534878,326014.0191347254
2023-04-10 20:30:00,326019.952225719,326014.0033844211
2023-04-11 00:30:00,325994.854846676,326013.85153764446
2023-04-11 04:30:00,326019.48604678817,326013.85829098127
2023-04-11 08:30:00,326008.03200315806,326013.8707772799
2023-04-11 12:30:00,326005.8800955354,326013.79138314084
2023-04-11 16:30:00,326012.8167167261,326013.69650227454
2023-04-11 20:30:00,326031.3307281933,326013.75097921607
2023-04-12 00:30:00,326020.72924379347,326013.7275302033
2023-04-12 04:30:00,326012.3462103935,326013.8058571196
2023-04-12 08:30:00,325997.60938532883,326013.7207746765
2023-04-12 12:30:00,325998.6909633195,326013.626994936
2023-04-12 16:30:00,326010.7947557947,326013.6541884149
2023-04-12 20:30:00,326036.8643921658,326013.81266517454
2023-04-13 00:30:00,326029.1859884947,326013.8732217095
2023-04-13 04:30:00,326015.4414087544,326013.87866476306
2023-04-13 08:30:00,326041.62432602537,326014.0342740237
2023-04-13 12:30:00,326012.6658231649,326014.10918179015
2023-04-13 16:30:00,325986.90082525834,326014.00542600825
2023-04-13 20:30:00,326008.23748324794,326013.9505865653
2023-04-14 00:30:00,326009.92447081604,326014.0049850239
2023-04-14 04:30:00,326011.01423648803,326014.0339662883
2023-04-14 08:30:00,326014.863690895,326014.0891519313
2023-04-14 12:30:00,326013.02552611823,326014.20847906295
2023-04-14 16:30:00,326014.527732561,326014.4126688769
2023-04-14 20:30:00,326027.8710021788,326014.408510747
2023-04-15 00:30:00,326022.52537610027,326014.3734337543
2023-04-15 04:30:00,326003.3936161364,326014.31286212325
2023-04-15 08:30:00,326011.7033065624,326014.40689353883
2023-04-15 12:30:00,326003.1156039031,326014.3144200358
2023-04-15 16:30:00,325990.62573727826,326014.2239562335
2023-04-15 20:30:00,326020.8236030929,326014.22521297116
2023-04-16 00:30:00,326025.53677615925,326014.3156821992
2023-04-16 04:30:00,326026.043557768,326014.5173594931
2023-04-16 08:30:00,326015.19233685016,326014.5266750369
2023-04-16 12:30:00,326018.52890006226,326014.5419165982
2023-04-16 16:30:00,326017.3975308167,326014.7177471436
2023-04-16 20:30:00,326022.1681922775,326014.74197499215
2023-04-17 00:30:00,326001.04418937326,326014.5832798345
2023-04-17 04:30:00,326001.08880065056,326014.52848916285
2023-04-17 08:30:00,326017.7443549169,326014.5120289862
2023-04-17 12:30:00,326033.5134872573,326014.52860748174
2023-04-17 16:30:00,326002.97289490356,326014.55677513557
2023-04-17 20:30:00,326006.86401117325,326014.71161563636
2023-04-18 00:30:00,326012.6581883647,326014.7924940773
2023-04-18 04:30:00,326019.2480774812,326014.8641694251
2023-04-18 12:30:00,326007.95767354296,326014.8734823829
2023-04-18 16:30:00,326020.3147834188,326014.8655426734
2023-04-18 20:30:00,326021.02278920345,326014.93140103394
2023-04-19 00:30:00,326004.97703903954,326014.89306602604
2023-04-19 04:30:00,326007.39288634947,326014.82116718695
2023-04-19 08:30:00,326016.1588649218,326014.7716578515
2023-04-19 12:30:00,326021.54067241115,326014.6858205097
2023-04-19 16:30:00,326020.7604362693,326014.7455676491
2023-04-19 20:30:00,326018.45476573386,326014.79276053363
2023-04-20 00:30:00,326013.579733539,326014.7136853539
2023-04-20 04:30:00,326016.7387948538,326014.66679667344
2023-04-20 08:30:00,326016.93499384396,326014.66911398224
2023-04-20 12:30:00,326020.1733690354,326014.5712791154
2023-04-20 16:30:00,326021.88312762236,326014.5841538977
2023-04-20 20:30:00,326018.6340302008,326014.7125230148
2023-04-21 00:30:00,326021.8591270119,326014.7387036429
2023-04-21 04:30:00,326029.00818608457,326014.82138454635
2023-04-21 08:30:00,326028.8447045311,326014.86747306306
2023-04-21 12:30:00,326012.32565793104,326014.8314415623
2023-04-21 16:30:00,326009.96044198866,326014.7782569168
2023-04-21 20:30:00,326026.84077757224,326014.86187389545
2023-04-22 00:30:00,326015.11568691937,326014.8118198739
2023-04-22 04:30:00,326030.4890419403,326014.80755725777
2023-04-22 08:30:00,326013.1481176589,326014.7338063556
2023-04-22 12:30:00,326002.54352045973,326014.609534025
2023-04-22 16:30:00,326009.11490640655,326014.4851687899
2023-04-22 20:30:00,326010.74299020757,326014.5066315658
2023-04-23 00:30:00,325995.80482825486,326014.3930573157
2023-04-23 04:30:00,326017.08296457335,326014.37530624587
2023-04-23 08:30:00,326003.2050155268,326014.29074564355
2023-04-23 12:30:00,326006.2838098878,326014.2985087049
2023-04-23 16:30:00,326022.1703846291,326014.25493989425
2023-04-23 20:30:00,326017.1372033061,326014.17986783286
2023-04-24 00:30:00,326016.1421797735,326014.1271495438
2023-04-24 04:30:00,326018.99928932515,326014.11909175356
2023-04-24 08:30:00,326027.11245963426,326014.2124679283
2023-04-24 12:30:00,326000.0076727696,326014.1815040849
2023-04-24 16:30:00,326008.492423928,326014.1111096766
2023-04-24 20:30:00,326015.55349540757,326014.11358933744
2023-04-25 00:30:00,326009.09063354146,326014.0491359908
2023-04-25 04:30:00,326010.55176477827,326014.01353394345
2023-04-25 08:30:00,325984.433369277,326013.85346768185
2023-04-25 12:30:00,325981.1714696912,326013.6872541957
2023-04-25 16:30:00,326006.34234846936,326013.61755432095
2023-04-25 20:30:00,326023.31157120224,326013.6340805887
2023-04-26 00:30:00,326016.5482872113,326013.5893338937
2023-04-26 04:30:00,326026.859592905,326013.615313591
2023-04-26 08:30:00,326010.940318111,326013.6464119083
2023-04-26 12:30:00,326012.28684402263,326013.65001147246
2023-04-26 16:30:00,326026.7763429452,326013.7883775066
2023-04-26 20:30:00,326021.5007618803,326013.8901719325
2023-04-27 00:30:00,326007.3985566253,326013.9093426867
2023-04-27 04:30:00,326008.40684997727,326013.8614412099
2023-04-27 08:30:00,326003.9752317587,326013.82170846633
2023-04-27 12:30:00,325979.8679752249,326013.64674123016
2023-04-27 16:30:00,326008.73116277094,326013.6498594961
2023-04-27 20:30:00,326036.2808545632,326013.7526024007
2023-04-28 00:30:00,326027.1961740215,326013.7516193096
2023-04-28 04:30:00,326022.0841773065,326013.7503643192
2023-04-28 08:30:00,326022.0127526608,326013.7342520959
2023-04-28 12:30:00,326023.38435377984,326013.74483711814
2023-04-28 20:30:00,326031.3440786768,326013.81666829094
2023-04-29 00:30:00,326018.6435046507,326013.8429229218
2023-04-29 04:30:00,326021.79697038216,326014.04145796143
2023-04-29 08:30:00,326019.3733901196,326014.14177116804
2023-04-29 12:30:00,325977.0031034123,326013.9519130996
2023-04-29 16:30:00,325976.8351875724,326013.75811524905
2023-04-29 20:30:00,326012.58709232236,326013.72857854306
2023-04-30 00:30:00,326023.51707560563,326013.80561456014
2023-04-30 04:30:00,326004.2737805147,326013.82447768777
2023-04-30 08:30:00,326014.31378857215,326013.8250602136
2023-04-30 12:30:00,326018.9894068617,326013.8869644235
2023-04-30 16:30:00,326003.96026316955,326013.84759812814
2023-04-30 20:30:00,326029.03257546586,326013.9580354824
2023-05-01 00:30:00,326030.74876427295,326013.9990478653
2023-05-01 04:30:00,326028.9437934113,326014.0272052118
2023-05-01 08:30:00,326013.2788575685,326013.9632712709
2023-05-01 12:30:00,326018.9624671138,326013.90580001223
2023-05-01 16:30:00,326024.7975845155,326013.9034438175
2023-05-01 20:30:00,326018.2546065976,326013.93720357405
2023-05-02 00:30:00,326031.24660227925,326014.0381386681
2023-05-02 04:30:00,326013.01604064123,326014.0796400705
2023-05-02 08:30:00,326026.88800812996,326014.10236773005
2023-05-02 12:30:00,326025.04281014105,326014.08459895547
2023-05-02 16:30:00,326017.7929346716,326014.143062561
2023-05-02 20:30:00,326012.2079497416,326014.1555522421
2023-05-03 00:30:00,326033.20009534765,326014.19624157436
2023-05-03 04:30:00,326013.6989112709,326014.1620937708
2023-05-03 08:30:00,326029.608690903,326014.26398702123
2023-05-03 12:30:00,326027.60644115927,326014.2912512023
2023-05-03 16:30:00,326026.730969487,326014.32957184163
2023-05-03 20:30:00,326028.33918281633,326014.41548617155
2023-05-04 00:30:00,326033.23372750694,326014.4360084978
2023-05-04 04:30:00,326036.64143923006,326014.5216096654
2023-05-04 08:30:00,326007.4898444899,326014.4536298075
2023-05-04 12:30:00,326022.31852685875,326014.45452437625
2023-05-04 16:30:00,326042.2066225217,326014.51923765516
2023-05-04 20:30:00,326025.9383313835,326014.58038964355
2023-05-05 00:30:00,326025.2481312538,326014.5793549207
2023-05-05 04:30:00,326001.3559450037,326014.46204797114
2023-05-05 08:30:00,325996.9048822497,326014.3548194634
2023-05-05 12:30:00,326020.58908994944,326014.402192188
2023-05-05 16:30:00,326039.89612959005,326014.55145894963
2023-05-05 20:30:00,326016.7225751317,326014.57789737365
2023-05-06 00:30:00,326018.2411103648,326014.5797348286
2023-05-06 04:30:00,326021.49836698815,326014.63930020813
2023-05-06 08:30:00,326008.9553027525,326014.53849502566
2023-05-06 12:30:00,326003.8094548193,326014.5641231668
2023-05-06 16:30:00,326033.36690630164,326014.660346543
2023-05-06 20:30:00,326018.09112357156,326014.64627282665
2023-05-07 00:30:00,326012.5808858647,326014.75460528134
2023-05-07 04:30:00,326008.47858679,326014.7207417606
2023-05-07 08:30:00,326001.1512358465,326014.61710816727
2023-05-07 12:30:00,326024.3974309801,326014.85660584905
2023-05-07 16:30:00,326026.2562036712,326015.08866402664
2023-05-07 20:30:00,326021.5494566962,326015.08645357186
2023-05-08 00:30:00,326014.7064697593,326015.02766169404
2023-05-08 04:30:00,326007.5591152849,326015.049752203
2023-05-08 08:30:00,325999.96358298813,326014.9787405367
2023-05-08 12:30:00,326011.8425411084,326015.05475078226
2023-05-08 16:30:00,326018.3314441955,326015.09259450395
2023-05-08 20:30:00,326028.3360617357,326015.115587379
2023-05-09 00:30:00,326024.8048827865,326015.2305908878
2023-05-09 04:30:00,326020.6242192629,326015.28319574083
2023-05-09 08:30:00,326014.1678406431,326015.33560769586
2023-05-09 12:30:00,326028.5634920337,326015.4520708421
2023-05-09 16:30:00,326029.93268531334,326015.6035294111
2023-05-09 20:30:00,326026.12856615847,326015.70450770383
2023-05-10 00:30:00,326007.0226159628,326015.69759486726
2023-05-10 04:30:00,326009.08062224585,326015.6562676017
2023-05-10 08:30:00,325994.0361159117,326015.5900014591
2023-05-10 12:30:00,326000.6862724106,326015.66702654865
2023-05-10 16:30:00,326029.2692802601,326015.75579186756
2023-05-10 20:30:00,326023.1270021184,326015.77362769004
2023-05-11 00:30:00,326015.52442864794,326015.88974893716
2023-05-11 04:30:00,326023.48893813934,326015.91223709076
2023-05-11 08:30:00,326028.53217397106,326016.0274065897
2023-05-11 12:30:00,326011.93318443536,326016.06141270715
2023-05-11 16:30:00,326019.415796843,326016.0984861909
2023-05-11 20:30:00,326014.1936798984,326016.00221063866
2023-05-12 00:30:00,326011.7436042789,326015.95172951784
2023-05-12 04:30:00,326010.4374980212,326015.94100641465
2023-05-12 08:30:00,326012.9162157994,326016.02699984424
2023-05-12 12:30:00,326011.1519554922,326016.0970054182
2023-05-12 16:30:00,326013.7839136259,326016.1137984398
2023-05-12 20:30:00,326025.8110878166,326016.05170122435
2023-05-13 00:30:00,326019.8685261036,326015.99935592996
2023-05-13 04:30:00,326025.1929550345,326016.05413989787
2023-05-13 08:30:00,326025.5849874178,326015.96403125394
2023-05-13 12:30:00,326010.8625078562,326015.9539002691
2023-05-13 16:30:00,326021.2911451709,326016.14710431354
2023-05-13 20:30:00,326030.41459236684,326016.2716948142
2023-05-14 00:30:00,326010.88160417863,326016.27707196795
2023-05-14 04:30:00,326011.7551532051,326016.28123442136
2023-05-14 08:30:00,326022.3356044874,326016.32321146404
2023-05-14 12:30:00,326013.10951547377,326016.32368331443
2023-05-14 16:30:00,325990.4345562803,326016.18832839146
2023-05-14 20:30:00,326025.40767175925,326016.1744894565
2023-05-15 00:30:00,326025.52986596245,326016.19136861304
2023-05-15 04:30:00,326022.9717581288,326016.3013581748
2023-05-15 08:30:00,326029.9886450611,326016.4040847956
2023-05-15 12:30:00,326036.6866482205,326016.59268616815
2023-05-15 16:30:00,326030.3527584409,326016.81587168033
2023-05-15 20:30:00,326035.029980264,326016.895682788
2023-05-16 00:30:00,326033.93561049044,326016.9428672505
2023-05-16 04:30:00,326020.4844235157,326016.91163615923
2023-05-16 08:30:00,326031.03799828055,326017.00065672904
2023-05-16 12:30:00,326039.39382667595,326017.1178754179
2023-05-16 16:30:00,326022.81872928434,326017.148331589
2023-05-16 20:30:00,326013.1483973167,326017.09765858366
2023-05-17 00:30:00,326024.1909031039,326017.22769630124
2023-05-17 04:30:00,326018.4830616305,326017.3254168686
2023-05-17 08:30:00,326001.4443253545,326017.2338436687
2023-05-17 12:30:00,326018.5749324997,326017.14991920383
2023-05-17 16:30:00,326022.38947180234,326017.25900109654
2023-05-17 20:30:00,326021.36635793524,326017.34047495475
2023-05-18 00:30:00,326027.35631240514,326017.4230486853
2023-05-18 04:30:00,326012.1782861096,326017.3833307563
2023-05-18 08:30:00,326008.1234585664,326017.3315996267
2023-05-18 12:30:00,326017.4762687822,326017.3847761364
2023-05-18 16:30:00,326018.04026797524,326017.3720693462
2023-05-18 20:30:00,326016.39024156856,326017.3461891918
2023-05-19 00:30:00,326027.0705517368,326017.4696166371
2023-05-19 04:30:00,326024.26170233096,326017.5638558325
2023-05-19 08:30:00,326012.55703487707,326017.54373387696
2023-05-19 12:30:00,326008.8556868915,326017.472868036
2023-05-19 16:30:00,326031.82428112,326017.53467722517
2023-05-19 20:30:00,326021.5671062053,326017.5520646021
2023-05-20 00:30:00,326021.65373980755,326017.5971707824
2023-05-20 04:30:00,326032.5627972385,326017.6855730303
2023-05-20 08:30:00,326012.88254831877,326017.66293366987
2023-05-20 12:30:00,326017.3782262161,326017.64731834683
2023-05-20 16:30:00,326021.46925235685,326017.64500619454
2023-05-20 20:30:00,326011.9996721037,326017.6079427414
2023-05-21 00:30:00,326017.62936230836,326017.58431277104
2023-05-21 04:30:00,326010.38052638184,326017.48024763307
2023-05-21 08:30:00,326007.95234324026,326017.3635305309
2023-05-21 12:30:00,326013.26001658675,326017.3687504116
2023-05-21 16:30:00,326018.75855349086,326017.41790187254
2023-05-21 20:30:00,326013.32681574,326017.3424048791
2023-05-22 00:30:00,326007.7383597454,326017.3011907608
2023-05-22 04:30:00,326001.42257245764,326017.13880824967
2023-05-22 08:30:00,326009.38648343744,326017.1177935334
2023-05-22 12:30:00,326026.0082482194,326017.248881398
2023-05-22 16:30:00,326030.3386188892,326017.36744962406
2023-05-22 20:30:00,326022.04820000625,326017.4306072207
2023-05-23 00:30:00,326006.98840828205,326017.49308532145
2023-05-23 04:30:00,326015.9093780007,326017.4865289719
2023-05-23 08:30:00,326004.31618530035,326017.49273662426
2023-05-23 12:30:00,326016.7244367241,326017.5510641485
2023-05-23 16:30:00,326023.18980601715,326017.55675924005
2023-05-23 20:30:00,326008.76493610436,326017.5099867975
2023-05-24 00:30:00,326016.45391034026,326017.5117283091
2023-05-24 04:30:00,326016.5298636455,326017.4979326349
2023-05-24 08:30:00,326000.41654732195,326017.34879346
2023-05-24 12:30:00,326013.9430398479,326017.4266446727
2023-05-24 16:30:00,326022.4667408776,326017.50471348246
2023-05-24 20:30:00,326022.1883153759,326017.5417795158
2023-05-25 00:30:00,326014.3443458142,326017.5711298637
2023-05-25 04:30:00,326017.22357717715,326017.60840255866
2023-05-25 08:30:00,326000.6224212272,326017.69884418976
2023-05-25 12:30:00,325994.83464748634,326017.7751747919
2023-05-25 16:30:00,326023.2470155163,326017.86961427267
2023-05-25 20:30:00,326009.22755852377,326017.7909326375
2023-05-26 00:30:00,326012.7482006326,326017.7697031036
2023-05-26 04:30:00,326019.39621446433,326017.728008252
2023-05-26 08:30:00,326024.5234979523,326017.80389193824
2023-05-26 12:30:00,326014.1498371156,326017.81429972086
2023-05-26 16:30:00,326025.45777653944,326017.80693342804
2023-05-26 20:30:00,326018.5819878547,326017.790627428
2023-05-27 00:30:00,326017.41944803327,326017.8466100615
2023-05-27 04:30:00,326020.2145920547,326017.9125751011
2023-05-27 08:30:00,326028.4527659488,326018.04932110215
2023-05-27 12:30:00,326028.96859905723,326018.32362626324
2023-05-27 16:30:00,326027.11123738147,326018.4263082443
2023-05-27 20:30:00,326031.1270808141,326018.3975162121
2023-05-28 00:30:00,326026.48023430863,326018.3935165489
2023-05-28 04:30:00,326025.6875801601,326018.41364729113
2023-05-28 08:30:00,326032.410724183,326018.4717365175
2023-05-28 12:30:00,326025.6725821189,326018.4845199161
2023-05-28 16:30:00,326034.31913027546,326018.5724899736
2023-05-28 20:30:00,326031.7780622788,326018.57490099367
2023-05-29 00:30:00,326033.5642001103,326018.6577937462
2023-05-29 04:30:00,326025.6270669821,326018.6790720606
2023-05-29 08:30:00,326025.60708305775,326018.71370368806
2023-05-29 12:30:00,326024.9156766476,326018.97988465044
2023-05-29 16:30:00,326033.3351363124,326019.29377325455
2023-05-29 20:30:00,326033.8716130274,326019.4120205919
2023-05-30 00:30:00,326023.1544878931,326019.4100062156
2023-05-30 04:30:00,326011.75206204323,326019.4515522242
2023-05-30 08:30:00,326027.8226981105,326019.52660172165
2023-05-30 12:30:00,326028.31364527484,326019.5784030461
2023-05-30 16:30:00,326001.4077652093,326019.5642225019
2023-05-30 20:30:00,326020.17117062706,326019.51499247504
2023-05-31 00:30:00,326032.45985623286,326019.5244985415
2023-05-31 04:30:00,326022.57121113176,326019.4890953066
2023-05-31 08:30:00,326020.77257948334,326019.53072709497
2023-05-31 12:30:00,326018.919925541,326019.5304907529
2023-05-31 16:30:00,326026.9418023263,326019.54240307404
2023-05-31 20:30:00,326015.7576323809,326019.5285309951
2023-06-01 00:30:00,326025.3846033334,326019.4959643343
2023-06-01 04:30:00,326013.5995899748,326019.49920627504
2023-06-01 08:30:00,326021.9582866186,326019.4718189333
2023-06-01 12:30:00,326023.83351957443,326019.46510065236
2023-06-01 16:30:00,326030.1253344752,326019.53361398453
2023-06-01 20:30:00,326020.1036909744,326019.57747921365
2023-06-02 00:30:00,326028.92669064115,326019.5537380764
2023-06-02 04:30:00,326032.0188075131,326019.65551527776
2023-06-02 08:30:00,326004.8154405999,326019.5177749983
2023-06-02 12:30:00,326021.49921101326,326019.48384594196
2023-06-02 16:30:00,326028.8546410088,326019.49564411707
2023-06-02 20:30:00,326014.3472956902,326019.4179114108
2023-06-03 00:30:00,326020.16782671923,326019.3453230731
2023-06-03 04:30:00,326013.99526152806,326019.21951097477
2023-06-03 08:30:00,326010.6814690706,326019.2372422224
2023-06-03 12:30:00,326032.8476810746,326019.2957375237
2023-06-03 16:30:00,326034.63075456786,326019.2536493683
2023-06-03 20:30:00,326011.39124626265,326019.17283222877
2023-06-04 00:30:00,326020.074123221,326019.14408773964
2023-06-04 04:30:00,326012.9712911049,326019.20861744025
2023-06-04 08:30:00,326014.4677077406,326019.306188693
2023-06-04 12:30:00,326007.9999296054,326019.2362489133
2023-06-04 16:30:00,326021.08692595875,326019.13175333757
2023-06-04 20:30:00,325994.52431041066,326019.0084296447
2023-06-05 00:30:00,326025.15601431055,326019.0468457777
2023-06-05 04:30:00,326014.14302870183,326019.00598278723
2023-06-05 08:30:00,326001.9004642998,326018.96678924025
2023-06-05 12:30:00,326018.37799221324,326019.0477255591
2023-06-05 16:30:00,326023.7294484511,326018.99418412655
2023-06-05 20:30:00,326016.7441688413,326018.98670104484
2023-06-06 00:30:00,326033.3757196669,326019.10222789925
2023-06-06 04:30:00,326038.89422292955,326019.2712036556
2023-06-06 08:30:00,326004.822891417,326019.2916017421
2023-06-06 12:30:00,326017.3107645731,326019.25223137316
2023-06-06 16:30:00,326021.3443323806,326019.2249431993
2023-06-06 20:30:00,325991.71678364166,326019.0592061268
2023-06-07 00:30:00,326012.2336442651,326019.0454682074
2023-06-07 04:30:00,326006.5483798907,326019.03985301073
2023-06-07 08:30:00,325996.7089559385,326019.02177174937
2023-06-07 12:30:00,326010.9598246479,326019.016867769
2023-06-07 16:30:00,326020.5195761608,326019.0290240577
2023-06-07 20:30:00,326023.20853081584,326019.0005377748
2023-06-08 00:30:00,326015.40688540565,326018.94832667825
2023-06-08 04:30:00,326019.9535467914,326018.94460072
2023-06-08 08:30:00,325994.6968074251,326018.8364283133
2023-06-08 12:30:00,326017.19006282336,326018.7732425955
2023-06-08 16:30:00,326018.5721571937,326018.71012855036
2023-06-08 20:30:00,326028.65130059276,326018.72414374165
2023-06-09 00:30:00,326006.175265337,326018.71943623817
2023-06-09 04:30:00,326021.03081392153,326018.78582619195
2023-06-09 08:30:00,326024.55770964135,326018.95539060154
2023-06-09 12:30:00,326013.82844616915,326019.028402678
2023-06-09 16:30:00,326021.924278599,326018.9875971132
2023-06-09 20:30:00,326016.1763392085,326018.9489823192
2023-06-10 00:30:00,326011.25322252227,326018.92525339633
2023-06-10 04:30:00,326018.02576953365,326018.89490245964
2023-06-10 08:30:00,326017.3477272379,326018.8327666444
2023-06-10 12:30:00,326015.5443181989,326018.85282849864
2023-06-10 16:30:00,326005.788822994,326018.7771230884
2023-06-10 20:30:00,326025.96311524836,326018.84250884043
2023-06-11 00:30:00,326026.01743460714,326018.92180789774
2023-06-11 04:30:00,326019.168944289,326018.9703159326
2023-06-11 08:30:00,326033.8913110327,326019.08684423944
2023-06-11 12:30:00,326027.2109951378,326019.1760611264
2023-06-11 16:30:00,326032.91143652535,326019.28232514247
2023-06-11 20:30:00,326011.16486685997,326019.2009572482
2023-06-12 00:30:00,326033.97750544193,326019.2793404668
2023-06-12 04:30:00,326027.6026025775,326019.2927273976
2023-06-12 08:30:00,326004.63341353886,326019.17632976494
2023-06-12 12:30:00,326015.9669622721,326019.2046878451
2023-06-12 16:30:00,326036.1075508251,326019.2870012098
2023-06-12 20:30:00,326029.2805789936,326019.2807011355
2023-06-13 00:30:00,326030.06595898326,326019.3872808844
2023-06-13 04:30:00,326024.6968282951,326019.45917907933
2023-06-13 08:30:00,326002.15721349674,326019.3470769072
2023-06-13 12:30:00,326015.6938009258,326019.36143404857
2023-06-13 16:30:00,326025.64572894044,326019.5570516744
2023-06-13 20:30:00,326023.91854778724,326019.5487787635
2023-06-14 00:30:00,326030.9402806845,326019.57883662306
2023-06-14 04:30:00,326036.43322199414,326019.6536225334
2023-06-14 08:30:00,326021.59745390265,326019.60700480477
2023-06-14 12:30:00,326035.01256255596,326019.59770432883
2023-06-14 16:30:00,326021.26131276716,326019.5471962973
2023-06-14 20:30:00,326012.21694699896,326019.4204572236
2023-06-15 00:30:00,326015.5228787733,326019.3181642697
2023-06-15 04:30:00,326012.10449464864,326019.27160910924
2023-06-15 08:30:00,326001.4947251865,326019.10747981427
2023-06-15 12:30:00,326024.64840331365,326019.0255607956
2023-06-15 16:30:00,326022.8810397759,326019.025906965
2023-06-15 20:30:00,326021.11214842723,326019.07015002676
2023-06-16 00:30:00,326026.9572318492,326019.0855185198
2023-06-16 04:30:00,326019.5467295259,326019.09142778587
2023-06-16 08:30:00,325991.44965423446,326019.03590183525
2023-06-16 12:30:00,326024.6347988781,326019.0695677596
2023-06-16 16:30:00,326016.0520856854,326019.03436005884
2023-06-16 20:30:00,326011.1529551696,326018.9776189324
2023-06-17 00:30:00,326018.603680754,326018.92899320106
2023-06-17 04:30:00,326006.5698021681,326018.8978349569
2023-06-17 08:30:00,325979.72026289685,326018.7400394254
2023-06-17 12:30:00,326017.65610847616,326018.7410385348
2023-06-17 16:30:00,326030.5864673897,326018.8107396427
2023-06-17 20:30:00,326016.7351678572,326018.8126558998
2023-06-18 00:30:00,326023.4122286942,326018.7923318829
2023-06-18 04:30:00,326022.73036320996,326018.78382444335
2023-06-18 08:30:00,326024.72941312636,326018.85144876695
2023-06-18 12:30:00,326029.7163333704,326018.9673412474
2023-06-18 16:30:00,326026.09443907195,326018.9355087916
2023-06-18 20:30:00,325996.7005675292,326018.79736135446
2023-06-19 00:30:00,326012.50071276055,326018.7465112042
2023-06-19 04:30:00,326004.42332979804,326018.5901808296
2023-06-19 08:30:00,326016.66995652753,326018.6112219863
2023-06-19 12:30:00,326014.524080558,326018.59536562156
2023-06-19 16:30:00,326024.8506925636,326018.61415140046
2023-06-19 20:30:00,326014.88713503757,326018.6301928612
2023-06-20 00:30:00,326024.1592846487,326018.6664702075
2023-06-20 04:30:00,326004.6859931813,326018.6348339119
2023-06-20 08:30:00,326025.12820920954,326018.7302553896
2023-06-20 12:30:00,326022.09489625203,326018.7793380544
2023-06-20 16:30:00,326019.38920646434,326018.78284168197
2023-06-20 20:30:00,326005.35713016486,326018.738565651
2023-06-21 00:30:00,326015.6696620679,326018.7826284417
2023-06-21 04:30:00,326023.4190396045,326018.904831037
2023-06-21 08:30:00,326005.76353933313,326018.88470356975
2023-06-21 12:30:00,326011.6934154501,326018.80517672095
2023-06-21 16:30:00,326026.6604896343,326018.7847426696
2023-06-21 20:30:00,326014.2653736324,326018.7415047453
2023-06-22 00:30:00,326023.39105790836,326018.8326305765
2023-06-22 04:30:00,326020.3291879293,326018.85718507617
2023-06-22 08:30:00,326026.99541393586,326018.9831807908
2023-06-22 12:30:00,326023.6058342948,326019.0214107773
2023-06-22 16:30:00,326033.9969282167,326019.08145034505
2023-06-22 20:30:00,326020.8782096715,326019.14874630934
2023-06-23 00:30:00,325998.3446104821,326019.0481390879
2023-06-23 04:30:00,326014.25276819925,326019.03548855765
2023-06-23 08:30:00,326000.89045408275,326019.038121373
2023-06-23 12:30:00,326011.68388401583,326019.0255705073
2023-06-23 16:30:00,326023.7929610475,326019.0329383971
2023-06-23 20:30:00,326024.03632169747,326019.0432050989
2023-06-24 00:30:00,326016.67013679387,326019.0561261599
2023-06-24 04:30:00,326014.2752683743,326019.03974666656
2023-06-24 08:30:00,326019.4398626759,326019.1442880078
2023-06-24 12:30:00,326023.58696364134,326019.3040230976
2023-06-24 16:30:00,326030.8379718526,326019.3461950773
2023-06-24 20:30:00,326016.17014894384,326019.3847650241
2023-06-25 00:30:00,326017.20501062047,326019.4095250796
2023-06-25 04:30:00,326019.18456662283,326019.40834925824
2023-06-25 08:30:00,326021.85116329306,326019.39350295457
2023-06-25 12:30:00,326015.8947369655,326019.40319684264
2023-06-25 16:30:00,326015.54249652114,326019.34811195364
2023-06-25 20:30:00,326028.46103204216,326019.4029955324
2023-06-26 00:30:00,326027.0516056999,326019.45650751947
2023-06-26 04:30:00,326034.8740531392,326019.5379489699
2023-06-26 08:30:00,326023.4404939163,326019.51010301424
2023-06-26 12:30:00,326021.3184255882,326019.46760205046
2023-06-26 16:30:00,326034.77880950074,326019.51019967336
2023-06-26 20:30:00,326034.6331030153,326019.5296775745
2023-06-27 00:30:00,326023.5857246715,326019.51359696535
2023-06-27 04:30:00,326025.1687896522,326019.5107147959
2023-06-27 08:30:00,326017.5371067539,326019.428083588
2023-06-27 12:30:00,326023.1804816151,326019.41423858516
2023-06-27 16:30:00,326013.92638496205,326019.3009455557
2023-06-27 20:30:00,326025.5161833439,326019.2661573393
2023-06-28 00:30:00,326015.8863499332,326019.1679470606
2023-06-28 04:30:00,326015.94213073223,326019.1141418592
2023-06-28 08:30:00,326009.38653018477,326019.02402767655
2023-06-28 12:30:00,326007.94867109816,326018.92976653465
2023-06-28 16:30:00,326027.03505864635,326018.8947661031
2023-06-28 20:30:00,326035.7890009466,326018.9054182582
2023-06-29 00:30:00,326021.3351481035,326018.89531081496
2023-06-29 04:30:00,326015.6833223054,326018.91715114977
2023-06-29 08:30:00,326030.06544013217,326018.92961082765
2023-06-29 12:30:00,326022.17768801627,326018.89552217623
2023-06-29 16:30:00,326025.89695084014,326019.0315732075
2023-06-29 20:30:00,326020.03393993987,326019.03081081476
2023-06-30 00:30:00,326013.8577433897,326018.92746574344
2023-06-30 04:30:00,325999.58272809716,326018.7997519488
2023-06-30 08:30:00,326012.51225682674,326018.7538612674
2023-06-30 12:30:00,326012.11310014833,326018.7160455708
2023-06-30 16:30:00,326022.2296934268,326018.68986718793
2023-06-30 20:30:00,326029.2388443335,326018.7647628099
2023-07-01 00:30:00,326031.4407692203,326018.798408176
2023-07-01 04:30:00,326020.40843140223,326018.8362350728
2023-07-01 08:30:00,326006.48858573474,326018.75029229006
2023-07-01 12:30:00,326018.1248935648,326018.71857770125
2023-07-01 16:30:00,326018.6488045967,326018.6548192019
2023-07-01 20:30:00,326021.1230381605,326018.6604822417
2023-07-02 00:30:00,326020.51837135764,326018.61376935686
2023-07-02 04:30:00,326032.99014941487,326018.6191657008
2023-07-02 08:30:00,326001.6168187966,326018.60139557964
2023-07-02 12:30:00,326013.4223039753,326018.5565238738
2023-07-02 16:30:00,326019.2501451383,326018.50316556345
2023-07-02 20:30:00,326028.14046095556,326018.57979425933
2023-07-03 00:30:00,326042.3752782382,326018.7031689901
2023-07-03 04:30:00,326035.43138095835,326018.82225854247
2023-07-03 08:30:00,326012.30601273547,326018.8312837851
2023-07-03 12:30:00,326030.19646292896,326018.8165547953
2023-07-03 16:30:00,326019.55356795155,326018.73279264744
2023-07-03 20:30:00,326016.80740796914,326018.7628824347
2023-07-04 00:30:00,326024.4144960484,326018.7869956171
2023-07-04 04:30:00,326013.4049231046,326018.78940468375
2023-07-04 08:30:00,326011.50278748653,326018.77293290454
2023-07-04 12:30:00,326010.7419698957,326018.78816646175
2023-07-04 16:30:00,326022.893741506,326018.79820432584
2023-07-04 20:30:00,326018.56501726236,326018.93176380836
2023-07-05 00:30:00,326036.5174989101,326018.99488316727
2023-07-05 04:30:00,326024.95566319587,326019.0549533589
2023-07-05 08:30:00,326016.05860203714,326019.13360967964
2023-07-05 12:30:00,326029.64994497545,326019.1962316395
2023-07-05 16:30:00,326010.95492209826,326019.1252620486
2023-07-05 20:30:00,326020.8278194563,326019.14794899645
2023-07-06 00:30:00,326015.9750248574,326019.0512784698
2023-07-06 04:30:00,325995.91385342967,326018.81249863916
2023-07-06 08:30:00,326009.40429870004,326018.8379509019
2023-07-06 12:30:00,326014.15392241994,326018.82041288994
2023-07-06 16:30:00,326023.272985847,326018.8311276314
2023-07-06 20:30:00,326003.2008765409,326018.89492814755
2023-07-07 00:30:00,326021.24215181085,326018.94497541164
2023-07-07 04:30:00,326021.50342307007,326019.0280589849
2023-07-07 08:30:00,326021.3990175426,326019.1652259938
2023-07-07 12:30:00,326006.84567170613,326019.14236958855
2023-07-07 16:30:00,326019.2791174905,326019.1354781515
2023-07-07 20:30:00,326014.8385143674,326019.0889780601
2023-07-08 00:30:00,326025.8216843175,326019.1468380541
2023-07-08 04:30:00,326024.077081436,326019.16974657995
2023-07-08 08:30:00,326019.92924307904,326019.30992677796
2023-07-08 12:30:00,326008.40051658894,326019.2610959655
2023-07-08 16:30:00,326032.77409385727,326019.3399956137
2023-07-08 20:30:00,326013.8058891417,326019.2575211056
2023-07-09 00:30:00,326020.16277094214,326019.3352294701
2023-07-09 04:30:00,326022.67391826183,326019.34435782756
2023-07-09 08:30:00,326025.4122398363,326019.34910521744
2023-07-09 12:30:00,326027.80873612326,326019.426773495
2023-07-09 16:30:00,326026.67825438885,326019.4531844717
2023-07-09 20:30:00,326025.2273381641,326019.50346779916
2023-07-10 00:30:00,326016.2821597859,326019.5314063395
2023-07-10 04:30:00,326021.2861340361,326019.54951947567
2023-07-10 08:30:00,326033.36661945196,326019.6385133213
2023-07-10 12:30:00,326017.2768974656,326019.64813876164
2023-07-10 16:30:00,326021.8247490057,326019.73722723953
2023-07-10 20:30:00,326019.9105713029,326019.70360199537
2023-07-11 00:30:00,326019.33857569995,326019.66649722366
2023-07-11 04:30:00,325996.96079459635,326019.54311861424
2023-07-11 08:30:00,326024.15330330894,326019.48901857133
2023-07-11 12:30:00,326027.1903643664,326019.4889039559
2023-07-11 16:30:00,326018.1805821297,326019.407065876
2023-07-11 20:30:00,326024.7283647735,326019.48241864215
2023-07-12 00:30:00,326025.5045273833,326019.4353465418
2023-07-12 04:30:00,326017.03947680583,326019.37666250975
2023-07-12 08:30:00,326018.9015519697,326019.45592994546
2023-07-12 12:30:00,326027.2845755179,326019.5188055746
2023-07-12 16:30:00,326019.2392201379,326019.4250926264
2023-07-12 20:30:00,326017.8902390406,326019.3618129599
2023-07-13 00:30:00,326012.6218515061,326019.26490125176
2023-07-13 04:30:00,326001.4160533849,326019.1355636134
2023-07-13 08:30:00,326007.5394307632,326019.16546482046
2023-07-13 12:30:00,326030.0632741824,326019.24529522733
2023-07-13 16:30:00,326032.2256721931,326019.2818504677
2023-07-13 20:30:00,326012.5288764437,326019.2185745158
2023-07-14 00:30:00,326019.1545273037,326019.15309810813
2023-07-14 04:30:00,326008.3826347467,326018.9972615123
2023-07-14 08:30:00,326005.52839871804,326018.9079889835
2023-07-14 12:30:00,326022.81760822976,326018.84023923724
2023-07-14 16:30:00,326026.83996855124,326018.8712317693
2023-07-14 20:30:00,326024.2482050741,326018.938072092
2023-07-15 00:30:00,326027.5078303016,326019.00465515605
2023-07-15 04:30:00,326017.8624006099,326019.0366435225
2023-07-15 08:30:00,326011.18630103284,326019.09048561053
2023-07-15 12:30:00,326018.7715010306,326019.05783615337
2023-07-15 16:30:00,326031.08400147344,326019.1034081628
2023-07-15 20:30:00,326018.8459738385,326019.09081830404
2023-07-16 00:30:00,326007.21973218257,326018.98116552806
2023-07-16 04:30:00,325992.70362754876,326018.8320371838
2023-07-16 08:30:00,326002.2850316634,326018.892233725
2023-07-16 12:30:00,326012.7257916603,326018.8260725738
2023-07-16 16:30:00,326023.08457396546,326018.86514195317
2023-07-16 20:30:00,326027.3215734269,326018.95496761013
2023-07-17 00:30:00,326009.17240136315,326018.9025716135
2023-07-17 04:30:00,325999.2549727424,326018.8619336723
2023-07-17 08:30:00,325988.44378034363,326018.9103976581
2023-07-17 12:30:00,325996.95923838863,326018.7954150465
2023-07-17 16:30:00,326022.69328447717,326018.7515640303
2023-07-17 20:30:00,326023.9442515845,326018.7916144955
2023-07-18 00:30:00,326033.865039244,326018.84968566516
2023-07-18 04:30:00,325993.0763459126,326018.68494112464
2023-07-18 08:30:00,325992.8908582942,326018.5080602644
2023-07-18 12:30:00,326002.48063748394,326018.3567508429
2023-07-18 16:30:00,326020.46947504504,326018.3255010427
2023-07-18 20:30:00,326030.45544473024,326018.5130281383
2023-07-19 00:30:00,326028.897170924,326018.60411957256
2023-07-19 04:30:00,326020.0064446801,326018.690692433
2023-07-19 08:30:00,326000.6177889947,326018.6015137244
2023-07-19 12:30:00,326011.18412654806,326018.58295842435
2023-07-19 16:30:00,326019.8772026291,326018.5553279247
2023-07-19 20:30:00,326018.8266523202,326018.5772141319
2023-07-20 00:30:00,326030.6054707833,326018.6130262771
2023-07-20 04:30:00,326015.94461307063,326018.6755741654
2023-07-20 08:30:00,326000.25391486275,326018.5373836412
2023-07-20 12:30:00,326004.0870118712,326018.4373398391
2023-07-20 16:30:00,326012.39600607567,326018.3984887258
2023-07-20 20:30:00,326014.0630323451,326018.44685484905
2023-07-21 00:30:00,326029.61807663075,326018.5243460411
2023-07-21 04:30:00,326029.01282805623,326018.55542264355
2023-07-21 08:30:00,326016.9528780661,326018.61758563656
2023-07-21 12:30:00,326003.36775321775,326018.5713319575
2023-07-21 16:30:00,326026.3210987693,326018.56944645266
2023-07-21 20:30:00,326025.6906142794,326018.6329200118
2023-07-22 00:30:00,326014.8753749682,326018.5856106621
2023-07-22 04:30:00,326024.3951367741,326018.6081992669
2023-07-22 08:30:00,326006.1529777759,326018.4924079548
2023-07-22 12:30:00,325997.0116647553,326018.3446625685
2023-07-22 16:30:00,326019.6705809024,326018.2650717501
2023-07-22 20:30:00,326019.147662599,326018.2554575997
2023-07-23 00:30:00,326029.92494959576,326018.4309039281
2023-07-23 04:30:00,326039.8317628745,326018.57300945406
2023-07-23 08:30:00,326016.5614602153,326018.6600705993
2023-07-23 12:30:00,326024.9614888763,326018.7338350707
2023-07-23 16:30:00,326025.88205904537,326018.7454411707
2023-07-23 20:30:00,326017.7896309111,326018.71073733293
2023-07-24 00:30:00,326022.27053933265,326018.7418506804
2023-07-24 04:30:00,326030.9925007535,326018.8347241936
2023-07-24 08:30:00,326035.51753056986,326018.9240445709
2023-07-24 12:30:00,326017.4662302948,326018.8900404967
2023-07-24 16:30:00,326024.23802739434,326018.8533741386
2023-07-24 20:30:00,326016.9754386728,326018.8578479704
2023-07-25 00:30:00,326035.9356536266,326018.96190709824
2023-07-25 04:30:00,326027.3663736971,326019.00736158196
2023-07-25 08:30:00,326031.08445969573,326019.058657673
2023-07-25 12:30:00,326032.7591779966,326019.15234901215
2023-07-25 16:30:00,326014.88751097827,326019.1487102036
2023-07-25 20:30:00,326033.0453054178,326019.174178389
2023-07-26 00:30:00,326038.5573139204,326019.23809899023
2023-07-26 04:30:00,326036.52552693756,326019.24727384467
2023-07-26 08:30:00,326022.1160027972,326019.23991556064
2023-07-26 12:30:00,326035.02284030797,326019.31605119805
2023-07-26 16:30:00,326025.3926226592,326019.26390571555
2023-07-26 20:30:00,326037.31433178193,326019.27880143095
2023-07-27 00:30:00,326044.924285229,326019.3973489896
2023-07-27 04:30:00,326049.51859538985,326019.5326256881
2023-07-27 08:30:00,326030.59391786286,326019.60516352754
2023-07-27 12:30:00,326021.70516020904,326019.5969672976
2023-07-27 16:30:00,326017.75307042163,326019.61822666123
2023-07-27 20:30:00,326031.44567866845,326019.65116830193
2023-07-28 00:30:00,326043.5114736464,326019.8046412114
2023-07-28 04:30:00,326019.44478422,326019.8241003975
2023-07-28 08:30:00,326017.7418289109,326019.87051872374
2023-07-28 12:30:00,326027.04623381543,326019.9766162944
2023-07-28 16:30:00,326016.00157593214,326019.91531916824
2023-07-28 20:30:00,326022.17723739176,326019.83969825954
2023-07-29 00:30:00,326015.1633723221,326019.80541061633
2023-07-29 04:30:00,326014.36042649596,326019.7980611952
2023-07-29 08:30:00,326015.9406596948,326019.7195901927
2023-07-29 12:30:00,326017.84171487787,326019.69550145307
2023-07-29 16:30:00,326015.1158497185,326019.6356064468
2023-07-29 20:30:00,326018.4127205727,326019.6265996726
2023-07-30 00:30:00,326013.9608037031,326019.62717222987
2023-07-30 04:30:00,326018.79264767823,326019.7338940053
2023-07-30 08:30:00,326009.94620781654,326019.7196381775
2023-07-30 12:30:00,326026.3639176633,326019.7988093859
2023-07-30 16:30:00,326024.2751354695,326019.8101729528
2023-07-30 20:30:00,326021.3014412467,326019.766076269
2023-07-31 00:30:00,326026.12239535846,326019.73652974755
2023-07-31 04:30:00,326005.2363573997,326019.6522404475
2023-07-31 08:30:00,326005.26114921784,326019.64542135585
2023-07-31 12:30:00,326028.3702934649,326019.7023402441
2023-07-31 16:30:00,326017.4896875826,326019.6959007052
2023-07-31 20:30:00,326021.8082247367,326019.69970729726
2023-08-01 00:30:00,326021.0654313299,326019.70274651935
2023-08-01 04:30:00,325989.59449607675,326019.4616595563
2023-08-01 08:30:00,326007.3122291089,326019.4933007248
2023-08-01 12:30:00,326027.5664937488,326019.5718795568
2023-08-01 16:30:00,326027.29371390754,326019.61656605
2023-08-01 20:30:00,326027.62885676016,326019.6137238045
2023-08-02 00:30:00,326021.49256290833,326019.49770871934
2023-08-02 04:30:00,326006.14126028627,326019.33498582663
2023-08-02 08:30:00,326011.3262745318,326019.3295428366
2023-08-02 12:30:00,326023.8745127975,326019.2944208915
2023-08-02 16:30:00,326016.6238686287,326019.2781447841
2023-08-02 20:30:00,326016.6351161288,326019.2771876072
2023-08-03 00:30:00,326023.7838278844,326019.2736838952
2023-08-03 04:30:00,326011.2351086843,326019.2616293706
2023-08-03 08:30:00,326011.3202209848,326019.2606151124
2023-08-03 12:30:00,326006.94312642876,326019.2395104264
2023-08-03 16:30:00,326010.14906564465,326019.1687066716
2023-08-03 20:30:00,326025.671045693,326019.2081846073
2023-08-04 00:30:00,326032.2210673776,326019.1843155433
2023-08-04 04:30:00,326022.0006979159,326019.16789906943
2023-08-04 08:30:00,326016.5358920198,326019.1705506805
2023-08-04 12:30:00,326022.5034182419,326019.13084775413
2023-08-04 16:30:00,326022.5003529226,326019.19498903654
2023-08-04 20:30:00,326009.2081090662,326019.13043508993
2023-08-05 00:30:00,326009.016441799,326019.0917762951
2023-08-05 04:30:00,326014.37192867213,326019.1943211576
2023-08-05 08:30:00,326016.874763018,326019.23582373717
2023-08-05 12:30:00,326010.74593325367,326019.216890464
2023-08-05 16:30:00,326015.08536281553,326019.17140366934
2023-08-05 20:30:00,326028.43537763995,326019.3115953421
2023-08-06 00:30:00,326020.6708277556,326019.3084213196
2023-08-06 04:30:00,326009.7063655111,326019.242882111
2023-08-06 08:30:00,326029.2230603192,326019.28634901525
2023-08-06 12:30:00,326019.0918935573,326019.3543835811
2023-08-06 16:30:00,326004.4016512386,326019.2717309908
2023-08-06 20:30:00,326028.78751704755,326019.34922545013
2023-08-07 00:30:00,326031.7529634805,326019.38217700104
2023-08-07 04:30:00,326015.1363180777,326019.33250609355
2023-08-07 08:30:00,326024.0514957115,326019.35540749703
2023-08-07 12:30:00,326021.1477841924,326019.4262256504
2023-08-07 16:30:00,326022.7332586075,326019.37044323236
2023-08-07 20:30:00,326019.63032692426,326019.40280122
2023-08-08 00:30:00,326013.2227381543,326019.3642454824
2023-08-08 04:30:00,326016.1244008994,326019.32785927475
2023-08-08 08:30:00,326024.1478268732,326019.3208347583
2023-08-08 12:30:00,326016.6112492784,326019.25862649805
2023-08-08 16:30:00,326014.5742468921,326019.191382012
2023-08-08 20:30:00,326024.81658302824,326019.18910003896
2023-08-09 00:30:00,326015.38447202893,326019.18411288474
2023-08-09 04:30:00,326013.2016295083,326019.1391989707
2023-08-09 08:30:00,326015.19867608085,326019.03826595197
2023-08-09 12:30:00,326014.3418149909,326019.0219599382
2023-08-09 16:30:00,326014.43218430306,326018.9808901343
2023-08-09 20:30:00,326014.71581572125,326018.95203038113
2023-08-10 00:30:00,326000.76386942214,326018.8488375685
2023-08-10 04:30:00,326017.37709682755,326018.9622614697
2023-08-10 08:30:00,326008.43600226205,326018.8749431306
2023-08-10 12:30:00,326021.5358951305,326018.8435294126
2023-08-10 16:30:00,326012.8015080838,326018.81364566786
2023-08-10 20:30:00,326016.5210731446,326018.76804960327
2023-08-11 00:30:00,326019.4826044322,326018.7345944758
2023-08-11 04:30:00,326010.81179535505,326018.6999962455
2023-08-11 08:30:00,326001.3883798691,326018.602700845
2023-08-11 12:30:00,326024.4136875482,326018.5867514673
2023-08-11 16:30:00,326024.6865955673,326018.61701466417
2023-08-11 20:30:00,326021.19642880914,326018.6353823851
2023-08-12 00:30:00,326018.5969230982,326018.6685772273
2023-08-12 04:30:00,326008.0719086612,326018.70555420103
2023-08-12 08:30:00,326016.1690115524,326018.7534963165
2023-08-12 12:30:00,326029.87666488,326018.75245959824
2023-08-12 16:30:00,326021.091789788,326018.6906046959
2023-08-12 20:30:00,326018.57194175513,326018.724177281
2023-08-13 00:30:00,326004.3100351814,326018.6417078803
2023-08-13 04:30:00,325997.28603744315,326018.5800601175
2023-08-13 08:30:00,326001.7386398013,326018.5590059013
2023-08-13 12:30:00,326017.1207775552,326018.527356842
2023-08-13 16:30:00,326029.1874577148,326018.5403984485
2023-08-13 20:30:00,326027.45908162085,326018.55823665153
2023-08-14 00:30:00,326022.7879803041,326018.5320152627
2023-08-14 04:30:00,326015.705290587,326018.5200313181
2023-08-14 08:30:00,326013.0338095968,326018.53029525455
2023-08-14 12:30:00,326020.8165460724,326018.5416566159
2023-08-14 16:30:00,326021.7565531746,326018.48983745865
2023-08-14 20:30:00,326023.8358880277,326018.51755920413
2023-08-15 00:30:00,326015.17817265796,326018.56177276233
2023-08-15 04:30:00,326013.067537093,326018.6749055931
2023-08-15 08:30:00,326020.597579875,326018.7766419721
2023-08-15 12:30:00,326027.18727356725,326018.85698353825
2023-08-15 16:30:00,326031.0347247406,326018.90115104255
2023-08-15 20:30:00,326028.37699090043,326018.90701447305
2023-08-16 00:30:00,326031.96579230827,326019.0336444227
2023-08-16 04:30:00,326034.461179756,326019.2292344616
2023-08-16 08:30:00,326022.28045506054,326019.41721598787
2023-08-16 12:30:00,326032.2423219156,326019.6132331185
2023-08-16 16:30:00,326020.9461694351,326019.60352692386
2023-08-16 20:30:00,326025.95644767233,326019.614705791
2023-08-17 00:30:00,326026.19302898383,326019.5720835118
2023-08-17 04:30:00,326018.33770873694,326019.7124244163
2023-08-17 08:30:00,326010.43162892654,326019.80987314216
2023-08-17 12:30:00,326017.41515863035,326019.89284270396
2023-08-17 16:30:00,326028.5875517094,326019.93794313
2023-08-17 20:30:00,326032.23508524505,326019.94783002173
2023-08-18 00:30:00,326026.43481553346,326019.9341502695
2023-08-18 04:30:00,326031.49175506353,326019.99795754947
2023-08-18 08:30:00,326024.2424707312,326020.1292057813
2023-08-18 12:30:00,326023.44671565294,326020.19733127643
2023-08-18 16:30:00,326028.3863445564,326020.2446042871
2023-08-18 20:30:00,326011.85524216114,326020.2058742306
2023-08-19 00:30:00,326023.63194940006,326020.16713244515
2023-08-19 04:30:00,326023.87369752215,326020.21118291427
2023-08-19 08:30:00,326009.7914639261,326020.264169298
2023-08-19 12:30:00,326015.616901874,326020.3282242425
2023-08-19 16:30:00,326028.03953185986,326020.41513271903
2023-08-19 20:30:00,326014.6173261458,326020.41821212904
2023-08-20 00:30:00,326021.61792392016,326020.3737668362
2023-08-20 04:30:00,326035.714482258,326020.41099824844
2023-08-20 08:30:00,326029.5504128969,326020.48098455305
2023-08-20 12:30:00,326022.32163726236,326020.58628390887
2023-08-20 16:30:00,326023.0422800945,326020.56806824956
2023-08-20 20:30:00,326015.96882856503,326020.51405832893
2023-08-21 00:30:00,326017.671382513,326020.5295917042
2023-08-21 04:30:00,326020.672488144,326020.50891032285
2023-08-21 08:30:00,326023.25992124085,326020.60394889774
2023-08-21 12:30:00,326020.31983967085,326020.73343875835
2023-08-21 16:30:00,326020.43029746326,326020.7376594059
2023-08-21 20:30:00,326028.0666521857,326020.78720934805
2023-08-22 00:30:00,326012.11913778563,326020.6882881713
2023-08-22 04:30:00,326017.37884530047,326020.56354974036
2023-08-22 08:30:00,326019.40841578855,326020.57936616015
2023-08-22 12:30:00,326023.47655355075,326020.5711165195
2023-08-22 16:30:00,326028.22867932066,326020.58415329887
2023-08-22 20:30:00,326033.96443630394,326020.6740133288
2023-08-23 00:30:00,326033.19310268393,326020.73469423625
2023-08-23 04:30:00,326012.16062257666,326020.6300726909
2023-08-23 08:30:00,326021.6802566232,326020.55319894664
2023-08-23 12:30:00,326017.94678060367,326020.5558686706
2023-08-23 16:30:00,326007.320625986,326020.46188310726
2023-08-23 20:30:00,326026.0534248581,326020.5123163638
2023-08-24 00:30:00,326015.0966574179,326020.39654416265
2023-08-24 04:30:00,325991.7093152078,326020.1984493933
2023-08-24 08:30:00,326017.9447345214,326020.12545092014
2023-08-24 12:30:00,326024.50071796053,326020.0795705866
2023-08-24 16:30:00,326018.10313522525,326020.0974351657
2023-08-24 20:30:00,326003.6348635911,326019.9340438222
2023-08-25 00:30:00,326020.13252182363,326019.83168386616
2023-08-25 04:30:00,326007.8129513454,326019.6721695573
2023-08-25 08:30:00,326023.3778978845,326019.6791800856
2023-08-25 12:30:00,326023.0548656524,326019.6126913374
2023-08-25 16:30:00,326025.4960467828,326019.613265916
2023-08-25 20:30:00,326028.7854539131,326019.5658832611
2023-08-26 00:30:00,326001.6999064039,326019.3257478232
2023-08-26 04:30:00,326004.666979039,326019.0765721768
2023-08-26 12:30:00,326023.5328474789,326019.02244000696
2023-08-26 16:30:00,326035.99654068373,326019.12435883516
2023-08-26 20:30:00,326019.60276872315,326019.05819732713
2023-08-27 00:30:00,326012.0284596746,326018.8823145675
2023-08-27 04:30:00,326003.69165214576,326018.794308243
2023-08-27 08:30:00,326013.1227358574,326018.768503254
2023-08-27 12:30:00,326028.4442470329,326018.7763133836
2023-08-27 16:30:00,326026.18613536697,326018.8332103637
2023-08-27 20:30:00,326014.45779731387,326018.79008500016
2023-08-28 00:30:00,325991.7505954903,326018.6592873642
2023-08-28 04:30:00,326013.39144175564,326018.6538740416
2023-08-28 08:30:00,326004.58738143777,326018.5904479061
2023-08-28 12:30:00,326011.94535358343,326018.55750734033
2023-08-28 16:30:00,326032.53563217475,326018.6548245606
2023-08-28 20:30:00,326040.63873112015,326018.7789922174
2023-08-29 00:30:00,326022.5489451401,326018.8269706611
2023-08-29 04:30:00,325992.3960283187,326018.6795035139
2023-08-29 08:30:00,326011.5891998715,326018.68868224043
2023-08-29 12:30:00,326013.2326081899,326018.6153229697
2023-08-29 16:30:00,326022.13231744827,326018.6033519192
2023-08-29 20:30:00,326024.7135887259,326018.6224141957
2023-08-30 00:30:00,326028.90473237296,326018.6379579779
2023-08-30 04:30:00,326024.4269025777,326018.74516772747
2023-08-30 08:30:00,326006.4111129263,326018.7515921057
2023-08-30 12:30:00,326023.4953127382,326018.7243575765
2023-08-30 16:30:00,326017.26752029115,326018.7231164184
2023-08-30 20:30:00,326032.8099559173,326018.78457860387
2023-08-31 00:30:00,326022.1794819968,326018.79080235056
2023-08-31 04:30:00,326008.81457975425,326018.8981771197
2023-08-31 08:30:00,325999.1109245749,326018.8523597759
2023-08-31 12:30:00,326014.78308271064,326018.7809440718
2023-08-31 16:30:00,326014.0387964143,326018.7068942534
2023-08-31 20:30:00,326016.6444084805,326018.6455286206
2023-09-01 00:30:00,326028.23738767445,326018.68320920586
2023-09-01 04:30:00,326008.8356040712,326018.6982614058
2023-09-01 08:30:00,326006.0450021197,326018.6687570907
2023-09-01 12:30:00,326012.0424833002,326018.6026563671
2023-09-01 16:30:00,326021.4695416107,326018.629727166
2023-09-01 20:30:00,326014.2315643257,326018.6162995023
2023-09-02 00:30:00,326014.55123736284,326018.5647207843
2023-09-02 04:30:00,326023.7527737404,326018.634651874
2023-09-02 08:30:00,326020.9747054568,326018.6885875414
2023-09-02 12:30:00,326022.4692978295,326018.77532592905
2023-09-02 16:30:00,326017.0227706572,326018.8137265158
2023-09-02 20:30:00,326019.2496343068,326018.77785270923
2023-09-03 00:30:00,326017.6331068335,326018.69635572284
2023-09-03 04:30:00,326028.1641442916,326018.73078838416
2023-09-03 08:30:00,326016.34163124487,326018.72970312845
2023-09-03 08:30:00,326016.34163124487,326018.71643606253
2023-09-03 12:30:00,326013.39141616825,326018.6658138287
2023-09-03 12:30:00,326013.39141616825,326018.63667351013
2023-09-03 16:30:00,326053.03944716963,326018.8053977878
2023-09-03 16:30:00,326053.03944716963,326018.9934969602
2023-09-03 20:30:00,326095.46383699024,326019.4674295312
2023-09-05 00:30:01,326021.13887050416,326019.5966500581
2023-09-06 04:30:00,326005.2705722361,326019.5069483131
2023-09-06 08:30:00,326005.144522057,326019.39573082107
2023-09-06 12:30:00,326025.0036491635,326019.4184123797
2023-09-06 16:30:00,326026.3795509901,326019.4398611584
2023-09-06 20:30:00,326027.3944922696,326019.4855327193
2023-09-07 00:30:00,326010.59532192646,326019.47007732966
2023-09-07 04:30:00,326017.4405842174,326019.47781958454
2023-09-07 08:30:00,326029.85001424846,326019.5113618632
2023-09-07 12:30:00,326026.27692263643,326019.5682187653
2023-09-07 16:30:00,326026.0388944584,326019.63565786864
2023-09-07 20:30:00,326026.3716295948,326019.6448052014
2023-09-08 00:30:00,326023.12491954456,326019.6903372456
2023-09-08 04:30:00,326021.28484102036,326019.73788554856
2023-09-08 08:30:00,326017.25705143117,326019.74999363895
2023-09-08 12:30:00,326017.5698618602,326019.76898214984
2023-09-08 16:30:00,326020.16715052107,326019.80271724524
2023-09-08 20:30:00,326012.65120198193,326019.79057245865
2023-09-09 00:30:00,326001.4785341645,326019.79477636877
2023-09-09 04:30:00,326013.4042289993,326019.7714065581
2023-09-09 08:30:00,326027.66519944364,326019.8845194826
2023-09-09 12:30:00,326019.3001349416,326019.87136795215
2023-09-09 16:30:00,326007.5045310026,326019.8402092635
2023-09-09 20:30:00,326022.9882943731,326019.87825174123
2023-09-10 00:30:00,326015.935107388,326019.85738411156
2023-09-10 04:30:00,326003.8118941981,326019.8162082224
2023-09-10 08:30:00,326016.51021787635,326019.9051602107
2023-09-10 12:30:00,326024.5669189315,326019.9060615718
2023-09-10 16:30:00,326019.56517344876,326019.87593555934
2023-09-10 20:30:00,326031.704883638,326019.9377499996
2023-09-11 00:30:00,326022.2489371356,326019.959232435
2023-09-11 04:30:00,326019.6236141076,326020.0271836435
2023-09-11 08:30:00,326010.66956799274,326019.9948339755
2023-09-11 12:30:00,326028.0976121323,326019.9843689593
2023-09-11 16:30:00,326024.11387501715,326020.00214593124
2023-09-11 20:30:00,326016.8245894547,326019.9918673883
2023-09-12 00:30:00,326022.8717433404,326020.1010539069
2023-09-12 04:30:00,326004.98257687787,326020.1463276683
2023-09-12 08:30:00,326011.99615590274,326020.2066659983
2023-09-12 12:30:00,326025.0334023821,326020.25321085023
2023-09-12 16:30:00,326012.73877544474,326020.1564538957
2023-09-12 20:30:00,326028.10529001645,326020.16025512153
2023-09-13 00:30:00,326028.3422680257,326020.19292740227
2023-09-13 04:30:00,326025.70932853525,326020.2517746843
2023-09-13 08:30:00,326007.24035394244,326020.2176955334
2023-09-13 12:30:00,326022.36962599884,326020.22683129774
2023-09-13 16:30:00,326029.5177513681,326020.2724854047
2023-09-13 20:30:00,326023.7904788021,326020.2722182916
2023-09-14 00:30:00,326022.50481304293,326020.3153161763
2023-09-14 04:30:00,326012.48911467515,326020.31191369146
2023-09-14 08:30:00,326013.3502659523,326020.2692824331
2023-09-14 12:30:00,326013.26006356586,326020.18735766836
2023-09-14 16:30:00,326015.2740664528,326020.0946479137
2023-09-14 20:30:00,326015.857326301,326020.0210028278
2023-09-15 00:30:00,326017.35144127504,326019.935036057
2023-09-15 04:30:00,326027.4767247568,326019.8939510277
2023-09-15 08:30:00,326010.8265234577,326019.82657495944
2023-09-15 12:30:00,326018.92942476337,326019.74826379964
2023-09-15 16:30:00,326020.2069974925,326019.74391572946
2023-09-15 20:30:00,326018.4526984744,326019.6997760282
2023-09-16 00:30:00,326011.1921413391,326019.6115355127
2023-09-16 04:30:00,326024.25158455985,326019.64632301754
2023-09-16 08:30:00,326020.89852588373,326019.70789299964
2023-09-16 12:30:00,326009.4129840955,326019.66082138475
2023-09-16 16:30:00,326012.8372458495,326019.5681725267
2023-09-16 20:30:00,326016.0677442285,326019.4730705208
2023-09-17 00:30:02,326025.5959534733,326019.468136038
2023-09-17 08:30:00,326035.98624275194,326019.46648013865
2023-09-17 12:30:00,326027.5017828297,326019.4904746189
2023-09-17 16:30:00,326031.36757041933,326019.5081150087
2023-09-17 20:30:00,326019.8840458305,326019.5556227227
2023-09-18 00:30:00,326010.79085920984,326019.4796399405
2023-09-18 04:30:00,326017.4387728087,326019.44156346295
2023-09-18 08:30:00,326019.872523604,326019.50121470366
2023-09-18 12:30:00,326019.70849416737,326019.52542530885
2023-09-18 16:30:00,326011.6573080511,326019.42848907335
2023-09-18 20:30:00,326011.3133955478,326019.4089391881
2023-09-19 00:30:00,326019.9124424555,326019.3988475819
2023-09-19 04:30:00,326013.3309203925,326019.26640047017
2023-09-19 08:30:00,326027.4289330425,326019.25384733494
2023-09-19 12:30:00,326027.08868059487,326019.282054692
2023-09-19 16:30:00,326030.3514461373,326019.32530419517
2023-09-19 20:30:00,326033.9641456015,326019.4317853611
2023-09-20 00:30:00,326034.0026148623,326019.52841987205
2023-09-20 04:30:00,326028.7986611429,326019.57650373585
2023-09-20 08:30:00,326032.06286065996,326019.6285921348
2023-09-20 12:30:00,326015.4865927804,326019.5999930408
2023-09-20 16:30:00,326018.1677402836,326019.5866051285
2023-09-20 20:30:00,326034.84057866235,326019.62668753375
2023-09-21 00:30:00,326034.4861893866,326019.7590369514
2023-09-21 04:30:00,326033.40120789665,326019.8538438307
2023-09-21 08:30:00,326019.7518193519,326019.8558758045
2023-09-21 12:30:00,326022.3062355063,326019.8489508456
2023-09-21 16:30:00,326022.2906855,326019.8138147875
2023-09-21 20:30:00,326005.0415406927,326019.64267339336
2023-09-22 00:30:00,326019.8035683115,326019.5634453794
2023-09-22 04:30:00,326023.8800849302,326019.63279131043
2023-09-22 08:30:00,326028.44816887524,326019.6728381285
2023-09-22 12:30:00,326018.58340633346,326019.67660514463
2023-09-22 16:30:00,326021.5091726298,326019.76056104194
2023-09-22 20:30:00,326037.1984866343,326019.82650815306
2023-09-23 00:30:00,325999.81313025445,326019.73607308103
2023-09-23 04:30:00,326019.6943539776,326019.90166502644
2023-09-23 08:30:00,326019.8732136245,326019.91307614546
2023-09-23 12:30:00,326021.8443639865,326019.8973580745
2023-09-23 16:30:00,326017.4223574603,326019.8933298037
2023-09-23 20:30:00,326015.3147914743,326019.9624418031
2023-09-24 00:30:00,326016.87907636346,326019.9431906465
2023-09-24 04:30:00,326007.40772870317,326019.94079287944
2023-09-24 08:30:00,326029.6424465037,326019.9778612144
2023-09-24 12:30:00,326021.65514027653,326019.9695788157
2023-09-24 16:30:00,326010.79487676616,326019.882589644
2023-09-24 20:30:00,326022.8922852341,326019.8477188234
2023-09-25 00:30:00,326023.5995273271,326019.9773023792
2023-09-25 04:30:00,326010.8346573903,326020.01379751734
2023-09-25 08:30:00,326011.23075025436,326019.9621325335
2023-09-25 12:30:00,326014.4064971968,326019.90844812006
2023-09-25 16:30:00,326020.5584500079,326019.817635822
2023-09-25 20:30:00,326025.92577274074,326019.85482996324
2023-09-26 00:30:00,326021.40212458366,326019.9099691686
2023-09-26 04:30:00,326022.01097370096,326020.0177298836
2023-09-26 08:30:00,326020.86006759695,326020.06324359967
2023-09-26 12:30:00,326032.71123430366,326020.08834352484
2023-09-26 16:30:00,326019.80806926923,326020.050825489
2023-09-26 20:30:00,326020.2569464997,326020.0849381312
2023-09-27 00:30:00,325987.88673775876,326020.06220955634
2023-09-27 04:30:00,325981.97920278413,326019.87743168004
2023-09-27 08:30:00,326003.1852065628,326019.86918359256
2023-09-27 12:30:00,326017.67488451384,326019.90288671566
2023-09-27 16:30:00,326019.92615624424,326019.8287133279
2023-09-27 20:30:00,326031.2672805412,326019.77358714794
2023-09-28 00:30:00,326016.10931572545,326019.735706975
2023-09-28 04:30:00,326011.5366908879,326019.8482991077
2023-09-28 08:30:00,326026.9910507336,326019.93889823044
2023-09-28 12:30:00,326019.46396503074,326019.9755532706
2023-09-28 16:30:00,326017.44543184794,326019.9479833554
2023-09-28 20:30:00,326021.7672569491,326019.930651992
2023-09-29 00:30:00,326013.44826109766,326019.8397315727
2023-09-29 04:30:00,326026.95914015983,326019.8546270879
2023-09-29 08:30:00,325999.46937128756,326019.8137933136
2023-09-29 12:30:00,326012.26918984845,326019.7477572966
2023-09-29 16:30:00,326014.4108706657,326019.7309534752
2023-09-29 20:30:00,326025.10247624543,326019.6856153596
2023-09-30 00:30:00,326014.9101882522,326019.64285480813
2023-09-30 04:30:00,326003.6078102465,326019.61222675216
2023-09-30 08:30:00,326023.19561049674,326019.7539013752
2023-09-30 12:30:00,326022.8782736311,326019.8015201453
2023-09-30 16:30:00,326003.6700677397,326019.7405276237
2023-09-30 20:30:00,326013.5483930587,326019.7223157683
2023-10-01 00:30:00,326024.3801601236,326019.69962619443
2023-10-01 04:30:00,326020.09663334244,326019.7658675432
2023-10-01 08:30:00,326017.72410048265,326019.8345681217
2023-10-01 12:30:00,326028.90105849487,326019.9337362111
2023-10-01 16:30:00,326032.4113587105,326019.99809984106
2023-10-01 20:30:00,326019.1419236779,326020.02698430786
2023-10-02 00:30:00,326010.80071101844,326020.0049223882
2023-10-02 04:30:00,326012.06583116413,326019.93617566716
2023-10-02 08:30:00,326025.5554583491,326019.96312127245
2023-10-02 12:30:00,326014.42640094133,326019.91581011424
2023-10-02 16:30:00,326028.6317166544,326019.9840980319
2023-10-02 20:30:00,326018.76303437207,326019.9812356793
2023-10-03 00:30:00,326022.18139142246,326020.00799029454
2023-10-03 04:30:00,326026.1068947207,326019.99588882655
2023-10-03 08:30:00,326026.2101234196,326020.07590509724
2023-10-03 12:30:00,326016.2733303168,326020.13284797274
2023-10-03 16:30:00,326003.4992742453,326019.63915472646
2023-10-03 20:30:00,326003.29062419117,326019.0872193205
2023-10-04 00:30:00,325991.7258147395,326018.92435381707
2023-10-04 04:30:00,326007.6545090191,326018.85766834486
2023-10-04 08:30:00,325999.9884049523,326018.74667267787
2023-10-04 12:30:00,326007.6513321633,326018.6817876456
2023-10-04 16:30:00,326022.331952695,326018.70300953544
2023-10-04 20:30:00,326004.70676720986,326018.62210640055
2023-10-05 00:30:00,326022.3367633279,326018.6434550036
2023-10-05 04:30:00,326020.27975727204,326018.63851757126
2023-10-05 08:30:00,326028.11896795686,326018.69269157347
2023-10-05 12:30:00,326019.72832128784,326018.6985758332
2023-10-05 16:30:00,326026.1503871333,326018.74067646207
2023-10-05 20:30:00,326026.8507107572,326018.7862384524
2023-10-06 00:30:00,326013.8784224518,326018.75882048596
2023-10-06 04:30:00,326022.0110812718,326018.8523428828
2023-10-06 08:30:00,326028.649333864,326018.98365468055
2023-10-06 12:30:00,326020.2246341196,326018.95695627254
2023-10-06 16:30:00,326021.3093696789,326018.92863123724
2023-10-06 20:30:00,326023.39976682904,326018.9063143353
2023-10-07 00:30:00,326023.7347631968,326018.9797190352
2023-10-07 04:30:00,326030.35306391283,326019.0518557932
2023-10-07 08:30:00,326019.08477121376,326018.9917147708
2023-10-07 12:30:00,326016.3420711824,326018.9362128073
2023-10-07 16:30:00,326026.12694069825,326018.93670468574
2023-10-07 20:30:00,326025.15539712243,326018.9299100909
2023-10-08 00:30:00,326014.5750633473,326018.8821455311
2023-10-08 04:30:00,326013.9732544716,326018.84129867895
2023-10-08 08:30:00,326026.35293966765,326018.892113697
2023-10-08 12:30:00,326013.37916583836,326018.86870198743
2023-10-08 16:30:00,326000.1087816254,326018.75664406054
2023-10-08 20:30:00,326018.3680826167,326018.7885819412
2023-10-09 00:30:00,326029.8438162896,326018.94704720454
2023-10-09 04:30:00,326013.63169371744,326018.9483179571
2023-10-09 08:30:00,326014.6068012999,326018.87536601216
2023-10-09 12:30:00,326019.5849035111,326018.8769568981
2023-10-09 16:30:00,326017.718875475,326018.934020275
2023-10-09 20:30:00,326034.86326767335,326019.000360908
2023-10-10 00:30:00,326020.22286469175,326019.0243148594
2023-10-10 04:30:00,326009.22445420135,326019.0545526247
2023-10-10 08:30:00,326033.12395907467,326019.1473668214
2023-10-10 12:30:00,326027.6172435209,326019.1644077409
2023-10-10 16:30:00,326013.3586003879,326019.12973414833
2023-10-10 20:30:00,326034.67264309694,326019.1463138101
2023-10-11 00:30:00,326035.67682773795,326019.22132995876
2023-10-11 04:30:00,326023.7751062732,326019.2445226525
2023-10-11 08:30:00,326034.9745603375,326019.3803047326
2023-10-11 12:30:00,326000.7940523072,326019.2277708788
2023-10-11 16:30:00,326008.94093308295,326019.14300584
2023-10-11 20:30:00,326010.6129266105,326019.10830381303
2023-10-12 00:30:00,326006.16700069135,326019.0149812284
2023-10-12 04:30:00,326015.60679707595,326019.0743344138
2023-10-12 08:30:00,326028.8481057878,326019.16847938526
2023-10-12 12:30:00,326016.45556038327,326019.1205584802
2023-10-12 16:30:00,326011.7818409917,326019.1152124777
2023-10-12 20:30:00,326023.52788302035,326019.0896403716
2023-10-13 00:30:00,326022.5899381482,326019.05750445044
2023-10-13 04:30:00,326025.46422287467,326019.0561351451
2023-10-13 08:30:00,326013.6673910117,326019.0920403802
2023-10-13 12:30:00,326017.9651537048,326019.0674343896
2023-10-13 16:30:00,326030.0203256757,326019.07024206733
2023-10-13 20:30:00,326022.8839238142,326019.0651775144
2023-10-14 00:30:00,326030.43459777447,326019.1094779877
2023-10-14 04:30:00,326015.1989909149,326019.12461696105
2023-10-14 08:30:00,326011.1658516977,326019.11241352954
2023-10-14 12:30:00,326027.13173607364,326019.1899089067
2023-10-14 16:30:00,326012.21184769605,326019.1728015393
2023-10-14 20:30:00,326010.6652610389,326019.1437955881
2023-10-15 00:30:00,326034.5886500606,326019.2400928439
2023-10-15 04:30:00,326020.8360143664,326019.2029939032
2023-10-15 08:30:00,326011.10399191466,326019.20454400626
2023-10-15 12:30:00,326027.2762187003,326019.25117414
2023-10-15 16:30:00,326021.62761024985,326019.25911052414
2023-10-15 20:30:00,326000.7906188244,326019.16043968813
2023-10-16 00:30:00,326020.7493728667,326019.21383204305
2023-10-16 04:30:00,326023.0494820841,326019.2071163868
2023-10-16 08:30:00,326031.24330100114,326019.2649084265
2023-10-16 12:30:00,326019.6379738683,326019.3220312743
2023-10-16 16:30:00,326013.6673060542,326019.3266684823
2023-10-16 20:30:00,326006.6982353416,326019.27432485716
2023-10-17 00:30:00,326016.76718283596,326019.26039629034
2023-10-17 04:30:00,326025.2484518127,326019.2584657256
2023-10-17 08:30:00,326019.1123369824,326019.1647218046
2023-10-17 12:30:00,326008.5219849902,326019.0592784834
2023-10-17 16:30:00,326006.96729848743,326018.923721417
2023-10-17 20:30:00,326001.4044729204,326018.8210571231
2023-10-18 00:30:00,325998.888055972,326018.7549304384
2023-10-18 04:30:00,326018.9608362442,326018.7633863464
2023-10-18 08:30:00,326035.2747723473,326018.848954395
2023-10-18 12:30:00,326036.61958990496,326018.94290492684
2023-10-18 16:30:00,326038.2903428871,326019.0908662315
2023-10-18 20:30:00,326019.4475391522,326019.1360559182
2023-10-19 00:30:00,326033.67833710863,326019.21253311075
2023-10-19 04:30:00,326042.30740133545,326019.3735135604
2023-10-19 08:30:00,326031.40454789327,326019.39560030954
2023-10-19 12:30:00,326001.10342589824,326019.25123778346
2023-10-19 16:30:00,326020.6590030317,326019.19739087735
2023-10-19 20:30:00,326023.2315082113,326019.1377651141
2023-10-20 00:30:00,326008.5042371392,326018.99610746006
2023-10-20 04:30:00,326030.85522175446,326019.00753279676
2023-10-20 08:30:00,326022.82155935944,326018.956192234
2023-10-20 12:30:00,326027.6018275993,326019.02349909407
2023-10-20 16:30:00,326031.1071898985,326019.09538492525
2023-10-20 20:30:00,326023.90268343495,326019.03461884067
2023-10-21 00:30:00,326025.7646857251,326018.9861660425
2023-10-21 04:30:00,326023.7592631453,326018.9325996828
2023-10-21 08:30:00,326021.9838853057,326018.9450000493
2023-10-21 12:30:00,326012.87799901783,326018.89262095763
2023-10-21 16:30:00,326026.4194571706,326018.91555857804
2023-10-21 20:30:00,326003.2913541589,326018.9058353195
2023-10-22 00:30:00,326013.91636330873,326018.87312862504
2023-10-22 04:30:00,326023.9315289722,326018.87341442524
2023-10-22 08:30:00,326026.71815660776,326018.863803246
2023-10-22 12:30:00,326018.409614443,326018.86283773556
2023-10-22 16:30:00,326039.84926626045,326018.96472714463
2023-10-22 20:30:00,326034.9890145707,326018.9524522998
2023-10-23 00:30:00,326034.0641380524,326019.14273567643
2023-10-23 04:30:00,326019.2610351341,326019.14032834955
2023-10-23 08:30:00,326006.30692577636,326019.0649600837
2023-10-23 12:30:00,326015.3659009883,326019.0289686226
2023-10-23 16:30:00,326014.3957239794,326019.01215399214
2023-10-23 20:30:00,326022.3373708528,326019.051168322
2023-10-24 00:30:00,326007.94670473214,326019.0015440352
2023-10-24 04:30:00,326014.1052081021,326019.03875225404
2023-10-24 08:30:00,326012.9396616434,326018.94595900486
2023-10-24 12:30:00,326009.9916932223,326018.8811620768
2023-10-24 16:30:00,326017.3861372158,326018.91778019036
2023-10-24 20:30:00,326014.0127903997,326018.8684496635
2023-10-25 00:30:00,326020.65505115635,326018.8520914625
2023-10-25 04:30:00,326005.5774616841,326018.82288481976
2023-10-25 08:30:00,325999.588699828,326018.75820676185
2023-10-25 12:30:00,326026.1023100136,326018.8231834997
2023-10-25 16:30:00,326031.2104442582,326018.8823612456
2023-10-25 20:30:00,326014.88078710256,326018.8210002142
2023-10-26 00:30:00,326009.17149366275,326018.7530522647
2023-10-26 04:30:00,326011.88922333036,326018.6968203181
2023-10-26 08:30:00,326018.96512802574,326018.6862928761
2023-10-26 12:30:00,326029.8754942752,326018.6705387648
2023-10-26 16:30:00,326008.936494665,326018.6101411282
2023-10-26 20:30:00,326020.21377684834,326018.60990129673
2023-10-27 00:30:00,326029.13329120836,326018.83904881595
2023-10-27 04:30:00,326016.0497240609,326019.02832948964
2023-10-27 08:30:00,326025.2321665326,326019.15081260056
2023-10-27 12:30:00,326030.50629517535,326019.22209821537
2023-10-27 16:30:00,326014.33534766204,326019.19103816774
2023-10-27 20:30:00,326015.16862043156,326019.10160116706
2023-10-28 00:30:00,326006.40632468427,326019.0476956614
2023-10-28 04:30:00,326020.2006748343,326019.0958289054
2023-10-28 08:30:00,326019.5482677576,326019.05448011117
2023-10-28 12:30:00,326017.7336556499,326019.0448672813
2023-10-28 16:30:00,326006.10347188765,326018.98185639264
2023-10-28 20:30:00,326018.4041057587,326018.9631722193
2023-10-29 00:30:00,326038.4112996812,326019.101855767
2023-10-29 04:30:00,326014.160230943,326019.0307507158
2023-10-29 08:30:00,326021.824287718,326019.15494469594
2023-10-29 12:30:00,326034.79900345043,326019.28011032706
2023-10-29 16:30:00,326001.0137415134,326019.2056818318
2023-10-29 20:30:00,326015.61332511215,326019.1529643255
2023-10-30 00:30:00,326025.07357050513,326019.2094275602
2023-10-30 04:30:00,326013.1525666092,326019.26245398447
2023-10-30 08:30:00,326025.85969472764,326019.27725445246
2023-10-30 12:30:00,326031.7482790763,326019.3265322604
2023-10-30 16:30:00,326014.50818214344,326019.3867440072
2023-10-30 20:30:00,325999.93100238324,326019.3110918367
2023-10-31 00:30:00,326020.6028377869,326019.29010671267
2023-10-31 04:30:00,326024.756606712,326019.31599545357
2023-10-31 08:30:00,326018.6952890381,326019.3213909456
2023-10-31 12:30:00,326017.7849146101,326019.25963459065
2023-10-31 16:30:00,326020.0842223116,326019.1911504995
2023-10-31 20:30:00,326010.2890324628,326019.1419677706
2023-11-01 00:30:00,326009.675507565,326019.1357166403
2023-11-01 04:30:00,326022.1412182345,326019.1916910129
2023-11-01 08:30:00,326017.1912171768,326019.1452230064
2023-11-01 12:30:00,326024.5691905062,326019.20157183724
2023-11-01 16:30:00,326024.03846015484,326019.1760537457
2023-11-01 20:30:00,326004.53428459336,326019.0970051357
2023-11-02 00:30:00,326005.24755486933,326019.00292826595
2023-11-02 04:30:00,326017.5726229049,326018.95551564475
2023-11-02 08:30:00,326007.02397651266,326018.8489259397
2023-11-02 12:30:00,326013.6901977799,326018.8345752034
2023-11-02 16:30:00,326039.96422123624,326019.03715824225
2023-11-02 20:30:00,326020.04101922596,326019.13021599245
2023-11-03 00:30:00,326010.7219793183,326019.2357502401
2023-11-03 04:30:00,326033.7017554176,326019.38045716455
2023-11-03 08:30:00,326022.24958515685,326019.5041303879
2023-11-03 12:30:00,326012.8097347319,326019.53278818
2023-11-03 16:30:00,326026.87074371136,326019.5580036856
2023-11-03 20:30:00,326016.63503003237,326019.62427181244
2023-11-04 00:30:00,326010.9178489454,326019.5608333992
2023-11-04 04:30:00,326007.1004156431,326019.48761483456
2023-11-04 08:30:00,326011.4531081258,326019.3950267244
2023-11-04 12:30:00,326006.35640863073,326019.32073832076
2023-11-04 16:30:00,326019.19083429844,326019.2820741383
2023-11-04 20:30:00,326032.1021057137,326019.31124855473
2023-11-05 00:30:00,326019.65526004514,326019.34334209695
2023-11-05 04:30:00,326010.71294266894,326019.2805746602
2023-11-05 08:30:00,326025.15836593957,326019.26118039404
2023-11-05 12:30:00,326025.3885670077,326019.28986891004
2023-11-05 16:30:00,326022.53280509147,326019.2966657735
2023-11-05 20:30:00,326011.4856920883,326019.2304764694
2023-11-06 00:30:00,326022.6572213663,326019.2244901258
2023-11-06 04:30:00,325998.52111586777,326019.0476459701
2023-11-06 08:30:00,326011.45146710245,326019.00523872493
2023-11-06 12:30:00,326015.0331304639,326018.99796683213
2023-11-06 16:30:00,326020.514093878,326018.96678434976
2023-11-06 20:30:00,326018.73931605084,326018.93113945494
2023-11-07 00:30:00,326021.75164095574,326018.97100933053
2023-11-07 04:30:00,326009.1622462956,326018.9442815073
2023-11-07 08:30:00,326025.6084064384,326018.9401452116
2023-11-07 12:30:00,326012.9190722595,326018.9375891362
2023-11-07 16:30:00,326014.5109205374,326019.017601019
2023-11-07 20:30:00,326018.48516416596,326019.0182514721
2023-11-08 00:30:00,326003.0232164012,326018.8692481393
2023-11-08 04:30:00,326021.9946436326,326018.91570897226
2023-11-08 08:30:00,326024.26324165694,326018.96935586305
2023-11-08 12:30:00,326029.6814372385,326019.02544771717
2023-11-08 16:30:00,326025.6903144318,326019.0697334891
2023-11-08 20:30:00,326039.5240107739,326019.0956265064
2023-11-09 00:30:00,326039.652042536,326019.2035663832
2023-11-09 04:30:00,326022.9747468193,326019.2799568978
2023-11-09 08:30:00,326023.69097876875,326019.22755145165
2023-11-09 12:30:00,326036.84287298884,326019.27880494867
2023-11-09 16:30:00,326031.8163472387,326019.38134798675
2023-11-09 20:30:00,326019.8877523947,326019.2992097051
2023-11-10 00:30:00,326027.44918636465,326019.2535005864
2023-11-10 04:30:00,326030.2980463897,326019.28973914246
2023-11-10 08:30:00,326035.82344112924,326019.29445514694
2023-11-10 12:30:00,326033.18744388124,326019.47441843344
2023-11-10 16:30:00,326042.7293297089,326019.66213174805
2023-11-10 20:30:00,326029.71634684014,326019.7682618604
2023-11-11 00:30:00,326005.98084992403,326019.7672276895
2023-11-11 04:30:00,326004.68840536283,326019.7065699578
2023-11-11 08:30:00,326030.4540170577,326019.715491687
2023-11-11 12:30:00,326027.0271882582,326019.774222953
2023-11-11 16:30:00,326029.37717710144,326019.8719748203
2023-11-11 20:30:00,326018.70582377043,326019.8451856022
2023-11-12 00:30:00,326026.1754246616,326019.86510497174
2023-11-12 04:30:00,326005.32125504693,326019.75319959497
2023-11-12 08:30:00,326031.4944461677,326019.85223879025
2023-11-12 12:30:00,326009.3696317908,326019.8044858907
2023-11-12 16:30:00,326023.2254399094,326019.76673652534
2023-11-12 20:30:00,325994.6170123395,326019.60969812825
2023-11-13 00:30:00,326009.88136152783,326019.4955134824
2023-11-13 04:30:00,326018.12408234586,326019.51176399045
2023-11-13 08:30:00,326031.9321729941,326019.627132442
2023-11-13 12:30:00,326027.64063788025,326019.62995967426
2023-11-13 16:30:00,326015.0270602401,326019.64559974393
2023-11-13 20:30:00,326006.0668462666,326019.6200529952
2023-11-14 00:30:00,326018.28428534337,326019.5294731913
2023-11-14 04:30:00,326028.2060521218,326019.57041784545
2023-11-14 08:30:00,326028.7366397992,326019.6683770004
2023-11-14 12:30:00,326028.7507597759,326019.67656889523
2023-11-14 16:30:00,326028.6730837264,326019.7157104146
2023-11-14 20:30:00,325996.4160340268,326019.69140716566
2023-11-15 00:30:00,326007.7213733756,326019.61902939074
2023-11-15 04:30:00,326018.8855471,326019.59589641856
2023-11-15 08:30:00,326013.52743404155,326019.4974749355
2023-11-15 12:30:00,326027.6669803275,326019.542080527
2023-11-15 16:30:00,326020.6184290546,326019.5806978769
2023-11-15 20:30:00,326007.35085970856,326019.5843235678
2023-11-16 00:30:00,326024.8868533235,326019.62943284836
2023-11-16 04:30:00,326026.77929202357,326019.6379375162
2023-11-16 08:30:00,326033.5287382497,326019.7180286344
2023-11-16 12:30:00,326013.2329099355,326019.7442004396
2023-11-16 16:30:00,326021.0103786011,326019.8222175513
2023-11-16 20:30:00,326020.2820946837,326019.9270932278
2023-11-17 00:30:00,325998.9173828456,326019.9272561549
2023-11-17 04:30:00,326016.4695953217,326019.9134159275
2023-11-17 08:30:00,326018.35053777567,326019.8193924021
2023-11-17 12:30:00,326020.135161057,326019.7278122419
2023-11-17 16:30:00,326032.2330912418,326019.6941608439
2023-11-17 20:30:00,326013.64702032745,326019.6619357393
2023-11-18 00:30:00,326018.1192577618,326019.57549640955
2023-11-18 04:30:00,326025.27931909583,326019.4808959526
2023-11-18 08:30:00,326011.6798898886,326019.37131451926
2023-11-18 12:30:00,326016.02303607046,326019.4542012424
2023-11-18 16:30:00,326036.4692737121,326019.54203607957
2023-11-18 20:30:00,326023.7554017759,326019.5449465994
2023-11-19 00:30:00,325999.4626626847,326019.49471563014
2023-11-19 04:30:00,326026.8789710898,326019.4726253488
2023-11-19 08:30:00,326010.7060727504,326019.4053170898
2023-11-19 12:30:00,326011.4982059241,326019.3158525249
2023-11-19 16:30:00,326018.6620802514,326019.2467130269
2023-11-19 20:30:00,326007.3161722837,326019.1545657427
2023-11-20 00:30:00,326001.3584783351,326019.0189757017
2023-11-20 04:30:00,326004.7491408176,326018.913363911
2023-11-20 08:30:00,326017.5063884724,326018.88848892855
2023-11-20 12:30:00,326024.4820213275,326018.95295571914
2023-11-20 16:30:00,326006.74773348967,326018.8436683653
2023-11-20 20:30:00,326003.72875524306,326018.8460983714
2023-11-21 00:30:00,326023.04290459777,326018.8968013785
2023-11-21 04:30:00,326021.32793764106,326018.88233698235
2023-11-21 08:30:00,326018.0489850726,326018.83417491824
2023-11-21 12:30:00,326003.34247245867,326018.7504685739
2023-11-21 16:30:00,326014.7034500189,326018.61076959467
2023-11-21 20:30:00,326027.4983148773,326018.56915459636
2023-11-22 00:30:00,326032.867780968,326018.5625081681
2023-11-22 04:30:00,326017.42836038093,326018.55232664174
2023-11-22 08:30:00,326028.7596204055,326018.67706383415
2023-11-22 12:30:00,326027.2564998994,326018.74312271696
2023-11-22 16:30:00,326022.95505105995,326018.79067453404
2023-11-22 20:30:00,325999.0785131573,326018.66145865805
2023-11-23 00:30:00,326019.56709464383,326018.7260163797
2023-11-23 04:30:00,326020.40187770897,326018.7609978776
2023-11-23 08:30:00,326015.6426318731,326018.7760143789
2023-11-23 12:30:00,326014.09280482173,326018.79879833217
2023-11-23 16:30:00,326019.5034688035,326018.8105612854
2023-11-23 20:30:00,326024.6620072394,326018.8697236012
2023-11-24 00:30:00,326031.1603261952,326018.9280862403
2023-11-24 04:30:00,326026.06255962525,326019.04189233994
2023-11-24 08:30:00,326024.04891272675,326019.1777824116
2023-11-24 12:30:00,326016.7849362891,326019.1260192243
2023-11-24 16:30:00,326024.49398227193,326019.0887055466
2023-11-24 20:30:00,326020.9927631619,326019.12266096915
2023-11-25 00:30:00,326028.9893698959,326019.23276028153
2023-11-25 04:30:00,326019.6915389833,326019.27610647964
2023-11-25 08:30:00,326016.32296341617,326019.26142778737
2023-11-25 12:30:00,326022.2480789732,326019.2190532579
2023-11-25 16:30:00,326015.26778385317,326019.25422708667
2023-11-25 20:30:00,326017.47326747305,326019.23900203465
2023-11-26 00:30:00,325993.96504576795,326019.0436228932
2023-11-26 04:30:00,326020.61174642015,326019.06896746194
2023-11-26 08:30:00,326024.38146716234,326019.06424135435
2023-11-26 12:30:00,326027.5709028134,326019.047933619
2023-11-26 16:30:00,326036.21678069665,326019.1694971358
2023-11-26 20:30:00,326011.7792033867,326019.15066704113
2023-11-27 00:30:00,326028.4947587309,326019.2733805636
2023-11-27 04:30:00,326029.8353696452,326019.3269066459
2023-11-27 08:30:00,326034.8976683197,326019.4121810935
2023-11-27 12:30:00,326022.78608979424,326019.4402501721
2023-11-27 16:30:00,326020.7801855345,326019.5217874701
2023-11-27 20:30:00,325997.20951408666,326019.4040397386
2023-11-28 00:30:00,326008.1163323205,326019.23573436437
2023-11-28 04:30:00,326022.66573346214,326019.2829871561
2023-11-28 08:30:00,326004.18123208673,326019.1849701804
2023-11-28 12:30:00,326021.5648093604,326019.11144687986
2023-11-28 16:30:00,326014.27335218573,326019.1851113836
2023-11-28 20:30:00,326007.5816795018,326019.1404911302
2023-11-29 00:30:00,326022.87911504204,326019.12829971104
2023-11-29 04:30:00,326015.3826173672,326019.14068888186
2023-11-29 08:30:00,326026.80163415737,326019.14592187875
2023-11-29 12:30:00,326023.3252948073,326019.0991275217
2023-11-29 16:30:00,326005.7000379468,326019.05019338726
2023-11-29 20:30:00,326018.52986934857,326019.15352042596
2023-11-30 00:30:00,326011.96822450013,326019.10555035213
2023-11-30 04:30:00,326005.03540217376,326018.99598810467
2023-11-30 08:30:00,326011.0215735674,326018.9533563521
2023-11-30 12:30:00,326024.8649070307,326018.9926896433
2023-11-30 16:30:00,326025.6324243016,326019.0235129877
2023-11-30 20:30:00,326030.210369002,326019.13418707956
2023-12-01 00:30:00,326018.6089628188,326019.1838173865
2023-12-01 04:30:00,326020.5675719536,326019.1750749072
2023-12-01 08:30:00,326022.81415168615,326019.20631343225
2023-12-01 12:30:00,326002.8109247933,326019.0854341783
2023-12-01 16:30:00,326032.1447454663,326019.13046909665
2023-12-01 20:30:00,326024.3364843335,326019.2404813175
2023-12-02 00:30:00,326024.20899162826,326019.34582263284
2023-12-02 04:30:00,326028.40909674636,326019.4060252653
2023-12-02 08:30:00,326016.7974338378,326019.4603222504
2023-12-02 12:30:00,326016.7980545136,326019.47758812114
2023-12-02 16:30:00,326008.1572981669,326019.300882993
2023-12-02 20:30:00,326004.79800573166,326019.21619958465
2023-12-03 00:30:00,326018.7127541727,326019.26059277833
2023-12-03 04:30:00,325992.9134833607,326019.03399126686
2023-12-03 08:30:00,326006.45082288317,326018.94622036535
2023-12-03 12:30:00,326010.40348377044,326018.9328523044
2023-12-03 16:30:00,326001.9813059508,326018.7945776502
2023-12-03 20:30:00,326017.2113125441,326018.79777921975
2023-12-04 00:30:00,326026.8897416798,326018.88651195716
2023-12-04 04:30:00,326028.1400034148,326019.00339855585
2023-12-04 08:30:00,326008.4305871514,326018.9866067727
2023-12-04 12:30:00,326009.37484405,326019.00337585836
2023-12-04 16:30:00,326043.06218126015,326019.1359944526
2023-12-04 20:30:00,326026.7451221283,326019.1062334327
2023-12-05 00:30:00,326018.6953414894,326019.1009005518
2023-12-05 04:30:00,326021.242687231,326019.15939913277
2023-12-05 08:30:00,326026.62468551315,326019.1675453526
2023-12-05 12:30:00,326001.3232885639,326019.0338493612
2023-12-05 16:30:00,326028.9341603872,326019.0694124462
2023-12-05 20:30:00,326015.7723500066,326019.0932272124
2023-12-06 00:30:00,326020.6801846183,326019.0822436749
2023-12-06 04:30:00,326024.91104449134,326019.22885438945
2023-12-06 08:30:00,326008.8377691253,326019.2143338452
2023-12-06 12:30:00,326005.5892689606,326019.1618679479
2023-12-06 16:30:00,326030.13276290597,326019.2153049981
2023-12-06 20:30:00,326023.1280768695,326019.23968700256
2023-12-07 00:30:00,326028.69053106493,326019.27823639207
2023-12-07 04:30:00,326032.4709442726,326019.4077291587
2023-12-07 08:30:00,326022.6831242653,326019.391477591
2023-12-07 12:30:00,326016.838683114,326019.4132532069
2023-12-07 16:30:00,326051.8177498779,326019.6205133699
2023-12-07 20:30:00,326022.3927320751,326019.6422220805
2023-12-08 00:30:00,326022.68347571546,326019.7514457434
2023-12-08 04:30:00,326031.4578740676,326019.8040192458
2023-12-08 08:30:00,326022.18281949376,326019.79246134486
2023-12-08 12:30:00,326010.8453006682,326019.68781614164
2023-12-08 16:30:00,326024.91466890177,326019.68350699986
2023-12-08 20:30:00,326043.0054469239,326019.7028483118
2023-12-09 00:30:00,326016.2993013627,326019.57311086083
2023-12-09 04:30:00,326023.99963664595,326019.57880469324
2023-12-09 08:30:00,326019.78540201474,326019.55710704456
2023-12-09 12:30:00,326023.90007369634,326019.4852026041
2023-12-09 16:30:00,326013.4204718929,326019.38300329656
2023-12-09 20:30:00,325989.13022104715,326019.21212812245
2023-12-10 00:30:00,325994.75398804387,326019.03048813174
2023-12-10 04:30:00,326017.47262306546,326018.95923578
2023-12-10 08:30:00,326013.1566255091,326018.83330902655
2023-12-10 12:30:00,326027.44654798246,326018.8014151604
2023-12-10 16:30:00,326038.9907225212,326018.7806451205
2023-12-10 20:30:00,326036.0813622419,326018.8160063172
2023-12-11 00:30:00,326032.0573006064,326018.9608754876
2023-12-11 04:30:00,326029.51956353884,326019.09882636636
2023-12-11 08:30:00,326021.2870572227,326019.04789881175
2023-12-11 12:30:00,326026.58293627575,326019.0454307452
2023-12-11 16:30:00,326002.0174298386,326018.89343214926
2023-12-11 20:30:00,325999.96781393304,326018.7893320946
2023-12-12 00:30:00,326008.8124422618,326018.6928710813
2023-12-12 04:30:00,326019.68846351583,326018.7726889061
2023-12-12 08:30:00,326008.6251837147,326018.645637448
2023-12-12 12:30:00,326026.5571467751,326018.7411236424
2023-12-12 16:30:00,326021.5530055108,326018.7318323402
2023-12-12 20:30:00,326009.7916465946,326018.81613586383
2023-12-13 00:30:00,326013.28011227545,326018.8350178124
2023-12-13 04:30:00,326023.85065871774,326018.8668321256
2023-12-13 08:30:00,326026.0172230227,326018.8339712924
2023-12-13 12:30:00,326033.6336495331,326018.86726580164
2023-12-13 16:30:00,326007.2055589694,326018.82381301676
2023-12-13 20:30:00,325995.25637847633,326018.7637548624
2023-12-14 00:30:00,326011.4012795601,326018.7255159414
2023-12-14 04:30:00,326004.4608771929,326018.59359830286
2023-12-14 08:30:00,326001.07106227835,326018.43990064994
2023-12-14 12:30:00,326025.9005250274,326018.4240660125
2023-12-14 16:30:00,326008.52844084514,326018.31215132977
2023-12-14 20:30:00,325991.82619734836,326018.2866522372
2023-12-15 00:30:00,326001.3668686445,326018.25134943303
2023-12-15 04:30:00,326025.29616505874,326018.28696397727
2023-12-15 08:30:00,326002.0814541905,326018.2233752004
2023-12-15 12:30:00,326015.43253174884,326018.1554060416
2023-12-15 16:30:00,326028.5871256329,326018.1996765781
2023-12-15 20:30:00,326017.9791364727,326018.25872256013
2023-12-16 00:30:00,326007.8917387342,326018.16430525685
2023-12-16 04:30:00,326021.5230685876,326018.1351040156
2023-12-16 08:30:00,326009.1045287296,326017.9994139627
2023-12-16 12:30:00,326011.8907841256,326017.99195770815
2023-12-16 16:30:00,325991.1764343885,326017.8262135737
2023-12-16 20:30:00,326006.3026419239,326017.7485499472
2023-12-17 00:30:00,325988.25542583497,326017.6893168527
2023-12-17 04:30:00,326004.4802632404,326017.6227094523
2023-12-17 08:30:00,326040.62261403026,326017.74644320924
2023-12-17 12:30:00,326025.4373421543,326017.77589977084
2023-12-17 16:30:00,326019.9972558452,326017.70792290755
2023-12-17 20:30:00,326032.44601766823,326017.8123617817
2023-12-18 00:30:00,326023.0633556021,326017.83982899186
2023-12-18 04:30:00,325987.3546927149,326017.6291366231
2023-12-18 08:30:00,326002.27294903924,326017.5768758406
2023-12-18 12:30:00,326011.3300862715,326017.5508038973
2023-12-18 16:30:00,326035.1904081628,326017.54369908874
2023-12-18 20:30:00,326040.2553140606,326017.635365268
2023-12-19 00:30:00,325987.49541784043,326017.5688805745
2023-12-19 04:30:00,326031.583305778,326017.59501576715
2023-12-19 08:30:00,326023.98981655156,326017.66881434387
2023-12-19 12:30:00,326012.9903021721,326017.6771037675
2023-12-19 16:30:00,326008.1669782135,326017.618797645
2023-12-19 20:30:00,326039.8027997748,326017.7992789089
2023-12-20 00:30:00,326031.980638365,326017.9694020201
2023-12-20 04:30:00,326000.94151019107,326017.94824851665
2023-12-20 08:30:00,326008.03485610324,326017.8956288924
2023-12-20 12:30:00,326030.8354933618,326017.93092595926
2023-12-20 16:30:00,326008.94275366416,326017.94312051573
2023-12-20 20:30:00,326003.37133033504,326017.94113482186
2023-12-21 00:30:00,326011.1260472808,326017.874930059
2023-12-21 04:30:00,326024.5490869708,326017.892825333
2023-12-21 08:30:00,326025.41678060254,326017.9337575304
2023-12-21 12:30:00,326036.18898978503,326018.11623818224
2023-12-21 16:30:00,326025.3427087873,326018.17534517543
2023-12-21 20:30:00,326037.04657972546,326018.2283910912
2023-12-22 00:30:00,326029.13951853506,326018.20767852216
2023-12-22 04:30:00,326013.9702720398,326018.1884669203
2023-12-22 08:30:00,326017.63086111867,326018.1266404798
2023-12-22 12:30:00,326026.24085005315,326018.12099798064
2023-12-22 16:30:00,325997.047070685,326017.9770647563
2023-12-22 20:30:00,326000.6895572886,326017.9860150014
2023-12-23 00:30:00,326022.12045251846,326018.00020032306
2023-12-23 04:30:00,326018.6921206158,326017.9907016725
2023-12-23 08:30:00,325999.23394266656,326017.899542288
2023-12-23 12:30:00,325991.27247192495,326017.7727626608
2023-12-23 16:30:00,326010.58670447796,326017.7232250812
2023-12-23 20:30:00,326020.98799922364,326017.70281392557
2023-12-24 00:30:00,326020.15228016715,326017.64165811427
2023-12-24 04:30:00,326021.2214156881,326017.61476287013
2023-12-24 08:30:00,326021.8000836938,326017.6022693756
2023-12-24 12:30:00,326028.57981667883,326017.66779648885
2023-12-24 16:30:00,326026.54315086926,326017.6791807588
2023-12-24 20:30:00,326002.36442364345,326017.5756899837
2023-12-25 00:30:00,326013.31368253904,326017.4886028318
2023-12-25 04:30:00,326021.862381809,326017.50066306966
2023-12-25 08:30:00,326036.30947718816,326017.6116992573
2023-12-25 12:30:00,326006.9488816078,326017.5267037163
2023-12-25 16:30:00,326027.5927874354,326017.59517595853
2023-12-25 20:30:00,326009.82295346813,326017.55267421406
2023-12-26 00:30:00,325989.13973772444,326017.52586694714
2023-12-26 04:30:00,326023.19744118844,326017.54023191804
2023-12-26 08:30:00,326021.7575952193,326017.5256548517
2023-12-26 12:30:00,326027.2974924079,326017.52413590497
2023-12-26 16:30:00,326025.40623235947,326017.4640773031
2023-12-26 20:30:00,326018.0721175648,326017.4990379375
2023-12-27 00:30:00,326004.64737388,326017.366552466
2023-12-27 04:30:00,326011.12721448217,326017.2626182707
2023-12-27 08:30:00,326026.9725337397,326017.2185897453
2023-12-27 12:30:00,326017.1018988794,326017.1870109068
2023-12-27 16:30:00,325991.07127626723,326017.02196141094
2023-12-27 20:30:00,325998.1315574383,326017.027083874
2023-12-28 00:30:00,326018.9449100413,326017.0872426391
2023-12-28 04:30:00,326031.64994868863,326017.1371549459
2023-12-28 08:30:00,326002.9307238802,326017.1302076781
2023-12-28 12:30:00,326009.81201905396,326017.06491439865
2023-12-28 16:30:00,326014.9943519761,326017.068919953
2023-12-28 20:30:00,326028.5043271457,326017.18515688437
2023-12-29 00:30:00,325991.36256230477,326017.0100649247
2023-12-29 04:30:00,326001.19914154074,326016.9312678368
2023-12-29 08:30:00,326026.94722576864,326016.9320766791
2023-12-29 12:30:00,326024.71472395834,326016.93979573
2023-12-29 16:30:00,326014.1485212368,326016.98673174815
2023-12-29 20:30:00,326015.69967448025,326016.9710084434
2023-12-30 00:30:00,325992.6517139805,326016.86369449605
2023-12-30 04:30:00,325994.27843849396,326016.80393358675
2023-12-30 08:30:00,326029.78708576347,326016.90818643227
2023-12-30 12:30:00,326008.8454450732,326016.81918942137
2023-12-30 16:30:00,326016.12051502016,326016.76634548086
2023-12-30 20:30:00,326025.3798118652,326016.73950905236
2023-12-31 00:30:00,326018.3342703582,326016.7379829832
2023-12-31 04:30:00,326028.92016062065,326016.78438625357
2023-12-31 08:30:00,326021.4368800169,326016.77673474426
2023-12-31 12:30:00,326031.13720143045,326016.93410294777
2023-12-31 16:30:00,326030.4708609974,326016.9248035897
2023-12-31 20:30:00,326002.9343911976,326016.8059030722
2024-01-01 00:30:00,326022.2928228124,326016.7952576899
2024-01-01 04:30:00,326018.0239227042,326016.7375622786
2024-01-01 08:30:00,326014.5008914154,326016.7248037096
2024-01-01 12:30:00,326007.9515543653,326016.6756564865
2024-01-01 16:30:00,326022.9509701749,326016.7578435532
2024-01-01 20:30:00,326028.0398174731,326016.8869647295
2024-01-02 00:30:00,326025.64807942265,326016.92549431423
2024-01-02 04:30:00,326028.69804755354,326017.12429744867
2024-01-02 08:30:00,326015.7852359266,326017.1761552989
2024-01-02 12:30:00,326027.0250803553,326017.26849750214
2024-01-02 16:30:00,326019.69579204783,326017.36691131385
2024-01-02 20:30:00,326010.5936220776,326017.3301463668
2024-01-03 00:30:00,326024.3476985107,326017.3160239047
2024-01-03 04:30:00,326028.8129752974,326017.31976263743
2024-01-03 08:30:00,326035.48348570877,326017.4700565183
2024-01-03 12:30:00,326039.43880875147,326017.6370785444
2024-01-03 16:30:00,326013.1719080541,326017.4710214711
2024-01-03 20:30:00,326046.0023744291,326017.57800620596
2024-01-04 00:30:00,326028.9001888932,326017.63469980273
2024-01-04 04:30:00,326028.1641192757,326017.673152203
2024-01-04 08:30:00,326039.363557442,326017.7439237137
2024-01-04 12:30:00,326039.49177678215,326017.9559708705
2024-01-04 16:30:00,326024.17026741325,326017.9295047984
2024-01-04 20:30:00,326008.1015922563,326017.8868894776
2024-01-05 00:30:00,326029.26269576885,326017.9345700951
2024-01-05 04:30:00,326022.8874394523,326017.9233278448
2024-01-05 08:30:00,325996.6432127878,326017.8555803096
2024-01-05 12:30:00,326022.089632804,326017.9472489976
2024-01-05 16:30:00,326038.92242449656,326017.9960804509
2024-01-05 20:30:00,326033.7116893377,326018.05487829796
2024-01-06 00:30:00,326020.97804736835,326018.01203116635
2024-01-06 04:30:00,326018.77448649734,326017.9359397343
2024-01-06 08:30:00,326026.1223573685,326017.95504658483
2024-01-06 12:30:00,326035.58177398006,326018.05917486735
2024-01-06 16:30:00,326009.3769935541,326017.82339288783
2024-01-06 20:30:00,326002.0533967728,326017.7103965806
2024-01-07 00:30:00,326032.5641065737,326017.7652889742
2024-01-07 04:30:00,326011.4217272449,326017.6539770474
2024-01-07 08:30:00,326029.2483681113,326017.6932300953
2024-01-07 12:30:00,326015.67287590925,326017.7200499578
2024-01-07 16:30:00,326012.76632912166,326017.65255918127
2024-01-07 20:30:00,326007.6831756743,326017.45632434095
2024-01-08 00:30:00,326020.7723146127,326017.4811744145
2024-01-08 04:30:00,326018.3862096818,326017.44998870924
2024-01-08 08:30:00,326024.3597602911,326017.47540181066
2024-01-08 12:30:00,326024.7159693686,326017.47993456444
2024-01-08 16:30:00,326011.6810608123,326017.47027116956
2024-01-08 20:30:00,325990.9343575737,326017.4802941503
2024-01-09 00:30:00,326008.2677822377,326017.5553707847
2024-01-09 04:30:00,326023.63970112335,326017.5896323294
2024-01-09 08:30:00,326038.2856058639,326017.72923777584
2024-01-09 12:30:00,326017.59352498484,326017.67449875927
2024-01-09 16:30:00,326007.31367898296,326017.49851518404
2024-01-09 20:30:00,326005.84653423756,326017.3305439174
2024-01-10 00:30:00,326035.48911182245,326017.3496095352
2024-01-10 04:30:00,326021.8530290106,326017.3070176767
2024-01-10 08:30:00,326021.90678351786,326017.31046060054
2024-01-10 12:30:00,326021.91709663364,326017.28453926917
2024-01-10 16:30:00,326010.7315911307,326017.3329512764
2024-01-10 20:30:00,326003.469545469,326017.3524053405
2024-01-11 00:30:00,326036.9918749467,326017.5089577443
2024-01-11 04:30:00,326026.1247522317,326017.5447149038
2024-01-11 08:30:00,326025.8080856402,326017.6401754701
2024-01-11 12:30:00,326026.37777910277,326017.639178983
2024-01-11 16:30:00,326024.3439135156,326017.6546840275
2024-01-11 20:30:00,326017.1935191273,326017.69580554153
2024-01-12 00:30:00,326016.4032488692,326017.7131563004
2024-01-12 04:30:00,326037.0704627436,326017.7865996561
2024-01-12 08:30:00,326011.82861547975,326017.70777405857
2024-01-12 12:30:00,326013.9752486816,326017.5985607205
2024-01-12 16:30:00,326037.01676831534,326017.7641785503
2024-01-12 20:30:00,325995.1024790104,326017.76332355326
2024-01-13 00:30:00,326019.1327855997,326017.80627636454
2024-01-13 04:30:00,326011.38460299565,326017.8447415079
2024-01-13 08:30:00,326014.4227174047,326017.91891736974
2024-01-13 12:30:00,326021.8024860106,326017.89615048625
2024-01-13 16:30:00,326021.84283838683,326017.97011936153
2024-01-13 20:30:00,326002.2235542564,326018.02788245544
2024-01-14 00:30:00,325986.512366947,326017.9453574461
2024-01-14 04:30:00,326014.64010578016,326017.88615711674
2024-01-14 08:30:00,326013.6273973683,326017.95030124544
2024-01-14 12:30:00,326023.95640162355,326017.9976560781
2024-01-14 16:30:00,326009.0792170435,326017.8892788082
2024-01-14 20:30:00,326020.8360346084,326017.9051504645
2024-01-15 00:30:00,326035.3201818171,326018.05753070384
2024-01-15 04:30:00,326038.2279922256,326018.1503358351
2024-01-15 08:30:00,326020.2918493457,326018.2124876163
2024-01-15 12:30:00,326018.5699335703,326018.2495940022
2024-01-15 16:30:00,326028.97895214387,326018.45960798964
2024-01-15 20:30:00,326038.26641377,326018.6371844999
2024-01-16 00:30:00,325993.2461644751,326018.66491082567
2024-01-16 04:30:00,326016.48670031154,326018.7316132539
2024-01-16 08:30:00,326026.8536179367,326018.65511883114
2024-01-16 12:30:00,326010.99796105037,326018.5749000473
2024-01-16 16:30:00,326003.1769305684,326018.4814537957
2024-01-16 20:30:00,326032.39768204524,326018.4811852645
2024-01-17 00:30:00,326033.240191428,326018.5377232413
2024-01-17 04:30:00,326025.1812374484,326018.747870712
2024-01-17 08:30:00,326007.9843802465,326018.7796008854
2024-01-17 12:30:00,326019.4058651651,326018.8244663237
2024-01-17 16:30:00,326033.3853157114,326018.81443803234
2024-01-17 20:30:00,326028.8183327917,326018.75089924753
2024-01-18 00:30:00,326015.56686174124,326018.90685171355
2024-01-18 04:30:00,326017.26901885896,326018.82732789736
2024-01-18 08:30:00,326025.72784439055,326018.83698360756
2024-01-18 12:30:00,326017.5410418486,326018.86226549465
2024-01-18 16:30:00,325992.586783692,326018.7757088585
2024-01-18 20:30:00,326009.5354554939,326018.60755694576
2024-01-19 00:30:00,326032.6028657073,326018.61101376434
2024-01-19 04:30:00,326006.7955079327,326018.643535974
2024-01-19 08:30:00,326024.80346183194,326018.73669489473
2024-01-19 12:30:00,326053.84553451376,326018.86452845664
2024-01-19 16:30:00,326026.7679788585,326018.9635574856
2024-01-19 20:30:00,326013.1909638491,326019.018111005
2024-01-20 00:30:00,325994.61562995444,326018.9263864644
2024-01-20 04:30:00,326029.297837756,326018.9527684131
2024-01-20 08:30:00,326024.5802726684,326018.9481211469
2024-01-20 12:30:00,325997.05618493725,326018.7307166755
2024-01-20 16:30:00,325973.9068180368,326018.44496172684
2024-01-20 20:30:00,326009.7822111934,326018.2934930128
2024-01-21 00:30:00,326029.6068312462,326018.29608919454
2024-01-21 04:30:00,326036.5754420685,326018.42167347245
2024-01-21 08:30:00,326019.79877832107,326018.4337174569
2024-01-21 12:30:00,326038.2469157657,326018.500417822
2024-01-21 16:30:00,326039.0991156384,326018.73404029396
2024-01-21 20:30:00,326010.3138394369,326018.78750852816
2024-01-22 00:30:00,326023.3142828422,326018.7941409188
2024-01-22 04:30:00,326016.44555737294,326018.78166001185
2024-01-22 08:30:00,326018.35809153656,326018.8879052834
2024-01-22 12:30:00,326022.0047007374,326019.0586398879
2024-01-22 16:30:00,326019.186457635,326019.1064162943
2024-01-22 20:30:00,326015.01863223565,326019.0732531444
2024-01-23 00:30:00,326025.4269155768,326019.1025566745
2024-01-23 04:30:00,326009.5357419967,326019.0376362651
2024-01-23 08:30:00,326017.64439599327,326019.01454911113
2024-01-23 12:30:00,326003.86961285514,326018.87727020105
2024-01-23 16:30:00,326004.83714313066,326018.7566812692
2024-01-23 20:30:00,326016.128486116,326018.8331482829
2024-01-24 00:30:00,325995.5787181662,326018.73462070304
2024-01-24 04:30:00,326003.058755345,326018.63015611155
2024-01-24 08:30:00,326012.38162354176,326018.4972235913
2024-01-24 12:30:00,326004.58047706314,326018.48406578833
2024-01-24 16:30:00,325999.86394891836,326018.3300166855
2024-01-24 20:30:00,326005.3910608419,326018.30539505975
2024-01-25 00:30:00,326028.86302857473,326018.5260800089
2024-01-25 04:30:00,326029.9252721125,326018.5634568474
2024-01-25 08:30:00,326021.3104777691,326018.56097286154
2024-01-25 12:30:00,326014.44142954063,326018.4895502901
2024-01-25 16:30:00,326012.6741156438,326018.4188163083
2024-01-25 20:30:00,326013.72453659476,326018.3946630807
2024-01-26 00:30:00,326013.493918117,326018.4438105487
2024-01-26 04:30:00,325998.9539286447,326018.37618118286
2024-01-26 08:30:00,326008.99571707944,326018.27630997926
2024-01-26 12:30:00,326041.73503734334,326018.41316074843
2024-01-26 16:30:00,326018.84005875106,326018.5674317623
2024-01-26 20:30:00,326006.98280594504,326018.6166053651
2024-01-27 00:30:00,326024.34627817885,326018.6466129659
2024-01-27 04:30:00,326030.7469821216,326018.64159648493
2024-01-27 08:30:00,326037.8862284352,326018.83579373243
2024-01-27 12:30:00,326015.8755881705,326018.8694802276
2024-01-27 16:30:00,326012.0616740562,326018.8531875724
2024-01-27 20:30:00,326015.7780664801,326018.7824861243
2024-01-28 00:30:00,326007.4536888278,326018.87188127165
2024-01-28 04:30:00,326000.5430116208,326018.8682361054
2024-01-28 08:30:00,326027.93203050195,326018.87370724283
2024-01-28 12:30:00,326028.4394273908,326018.89440003963
2024-01-28 16:30:00,326017.811689263,326018.9147509732
2024-01-28 20:30:00,326016.40393278433,326018.9186635193
2024-01-29 00:30:00,326013.66135122883,326019.03538372624
2024-01-29 04:30:00,326026.19270855474,326019.2126852266
2024-01-29 08:30:00,326006.18940905,326019.0815870226
2024-01-29 12:30:00,326014.0790225444,326019.110662453
2024-01-29 16:30:00,326028.0228844406,326019.17678672756
2024-01-29 20:30:00,326030.4311448741,326019.2048496887
2024-01-30 00:30:00,326006.7148284376,326019.1402972336
2024-01-30 04:30:00,326027.04969019466,326019.1299057312
2024-01-30 08:30:00,326021.620994388,326019.1309285888
2024-01-30 12:30:00,326028.4284483759,326019.11587996077
2024-01-30 16:30:00,325995.3290414855,326018.9206476301
2024-01-30 20:30:00,326010.5961711798,326018.96321307454
2024-01-31 00:30:00,326026.11336823064,326018.9844383268
2024-01-31 04:30:00,326028.7895062801,326019.0442471244
2024-01-31 08:30:00,326022.7181253476,326019.08989842405
2024-01-31 12:30:00,326020.37354470533,326019.1589094815
2024-01-31 16:30:00,326018.64741036337,326019.1350008159
2024-01-31 20:30:00,326020.89900205185,326019.09532961913
2024-02-01 00:30:00,326020.19094562513,326019.0650122092
2024-02-01 04:30:00,326009.34602630447,326018.95750097994
2024-02-01 08:30:00,326028.3297353951,326019.0271926437
2024-02-01 12:30:00,326035.7753581543,326019.0758052981
2024-02-01 16:30:00,326000.18086651916,326018.96738904517
2024-02-01 20:30:00,326006.10738207033,326018.9424654896
2024-02-02 00:30:00,325989.8000948337,326018.750534358
2024-02-02 04:30:00,326022.131482711,326018.7134149548
2024-02-02 08:30:00,326032.900835185,326018.69906689634
2024-02-02 12:30:00,326018.4243754514,326018.58232004463
2024-02-02 16:30:00,326003.7067161765,326018.52973564534
2024-02-02 20:30:00,326041.7776640994,326018.5062650324
2024-02-03 00:30:00,326010.9236891029,326018.4063955891
2024-02-03 04:30:00,326004.60795631516,326018.27552801714
2024-02-03 08:30:00,326035.67294551915,326018.25502461754
2024-02-03 12:30:00,326035.9110563612,326018.2351317263
2024-02-03 16:30:00,326013.6470661257,326018.176669497
2024-02-03 20:30:00,326023.60215193254,326018.26278371736
2024-02-04 00:30:00,326010.83925400674,326018.16043126315
2024-02-04 04:30:00,326027.1005167085,326018.1838372479
2024-02-04 08:30:00,326037.1191069811,326018.4087033268
2024-02-04 12:30:00,326010.4093282098,326018.3438127457
2024-02-04 16:30:00,325995.6398710858,326018.1033541156
2024-02-04 20:30:00,326002.40958797256,326017.92945355247
2024-02-05 00:30:00,326004.2821326204,326017.8366984705
2024-02-05 04:30:00,326000.9716026096,326017.73779356
2024-02-05 08:30:00,326022.5739821745,326017.7180803646
2024-02-05 12:30:00,326025.06575257337,326017.65965802345
2024-02-05 16:30:00,325998.4573907998,326017.5989935636
2024-02-05 20:30:00,325999.43095267774,326017.5844244298
2024-02-06 00:30:00,325997.8302290685,326017.39145844366
2024-02-06 04:30:00,326015.5278483155,326017.41427022737
2024-02-06 08:30:00,326021.6385975139,326017.3719937241
2024-02-06 12:30:00,326001.8847836302,326017.2953932114
2024-02-06 16:30:00,325995.30876319716,326017.198406734
2024-02-06 20:30:00,326006.55096359504,326017.19211666693
2024-02-07 00:30:00,326022.50867464725,326017.2017631115
2024-02-07 04:30:00,326004.1683470432,326017.12277498574
2024-02-07 08:30:00,326010.9377980157,326017.0482085287
2024-02-07 12:30:00,326039.0123104121,326017.12763264566
2024-02-07 16:30:00,326029.4334932487,326017.2262572703
2024-02-07 20:30:00,326027.6842061685,326017.43042309576
2024-02-08 00:30:00,326030.1260431096,326017.5518578784
2024-02-08 04:30:00,326023.78891301726,326017.5526868334
2024-02-08 08:30:00,326011.0882420736,326017.40159036784
2024-02-08 12:30:00,325996.9387597373,326017.28684167203
2024-02-08 16:30:00,325993.7019880734,326017.21122116694
2024-02-08 20:30:00,326003.35822330567,326017.19739721733
2024-02-09 00:30:00,326030.93110164214,326017.1720749386
2024-02-09 04:30:00,326005.80428238236,326017.0829152351
2024-02-09 08:30:00,326002.4095651469,326016.97459735523
2024-02-09 12:30:00,326018.21315471287,326016.9540199002
2024-02-09 16:30:00,325996.0500848723,326016.8724559765
2024-02-09 20:30:00,326009.987868645,326016.908668883
2024-02-10 00:30:00,326019.6161008169,326016.8121368045
2024-02-10 04:30:00,326018.30102485814,326016.7686716525
2024-02-10 08:30:00,326027.0475453262,326016.7755575396
2024-02-10 12:30:00,326017.1865049358,326016.72449490527
2024-02-10 16:30:00,326003.2334742221,326016.60721468704
2024-02-10 20:30:00,325998.7643457241,326016.50483039033
2024-02-11 00:30:00,326005.438051079,326016.44391262485
2024-02-11 04:30:00,326007.0065997141,326016.27689116355
2024-02-11 08:30:00,326019.72429621476,326016.3207560566
2024-02-11 12:30:00,326021.5523848028,326016.36285125726
2024-02-11 16:30:00,326029.4134796737,326016.3206107648
2024-02-11 20:30:00,326014.7534432268,326016.42978278815
2024-02-12 00:30:00,326022.02057757915,326016.445826077
2024-02-12 04:30:00,326036.95624809334,326016.587890772
2024-02-12 08:30:00,326024.46846320387,326016.64370047086
2024-02-12 12:30:00,326028.7775466452,326016.6824508077
2024-02-12 16:30:00,326023.3960563656,326016.69107979647
2024-02-12 20:30:00,326001.0696897205,326016.68466943793
2024-02-13 00:30:00,326027.2173687774,326016.91080833704
2024-02-13 04:30:00,326048.894729868,326017.1011118041
2024-02-13 08:30:00,326021.4422009716,326017.1445273797
2024-02-13 12:30:00,326016.78000960825,326017.1046585352
2024-02-13 16:30:00,326046.8304101977,326017.314387386
2024-02-13 20:30:00,326014.37642656965,326017.27850067476
2024-02-14 00:30:00,326011.953201161,326017.1486841155
2024-02-14 04:30:00,326026.9245349236,326017.0858871305
2024-02-14 08:30:00,326024.1610446895,326017.10738266027
2024-02-14 12:30:00,326005.93301294313,326017.0371775456
2024-02-14 16:30:00,326027.8402334561,326017.03085133067
2024-02-14 20:30:00,326035.9999025279,326017.0182596015
2024-02-15 00:30:00,326025.5796685352,326017.19789017964
2024-02-15 04:30:00,326034.961572027,326017.3005283559
2024-02-15 08:30:00,326019.1560394017,326017.25776403066
2024-02-15 12:30:00,326023.2547748403,326017.3258574406
2024-02-15 16:30:00,326026.3188616527,326017.45442372444
2024-02-15 20:30:00,326010.7079849503,326017.3339254072
2024-02-16 00:30:00,325996.93150201533,326017.132210466
2024-02-16 04:30:00,326023.4404620331,326017.1225394915
2024-02-16 08:30:00,326008.03787575976,326017.12283668877
2024-02-16 12:30:00,326000.35895899124,326017.0170205434
2024-02-16 16:30:00,326014.8770947566,326016.9141970936
2024-02-16 20:30:00,326034.559167037,326016.9460906172
2024-02-17 00:30:00,326030.46153987723,326017.02883882914
2024-02-17 04:30:00,326021.9699226691,326017.0549549614
2024-02-17 08:30:00,326017.65270646545,326017.010093084
2024-02-17 12:30:00,326003.6435274628,326016.93288467074
2024-02-17 16:30:00,326014.6507986464,326017.0554625316
2024-02-17 20:30:00,326004.45591635973,326017.0272428697
2024-02-18 00:30:00,326003.77639648237,326016.8670958185
2024-02-18 04:30:00,326024.0072149246,326016.9627164129
2024-02-18 08:30:00,325991.04580277856,326016.7751738626
2024-02-18 12:30:00,325980.2700726126,326016.3664212965
2024-02-18 16:30:00,325981.4429475775,326016.1146155671
2024-02-18 20:30:00,326009.2991152092,326016.0929941858
2024-02-19 00:30:00,326017.3223108944,326016.2191424133
2024-02-19 04:30:00,326010.1753822013,326016.1129065491
2024-02-19 08:30:00,326017.9968177423,326016.07633179944
2024-02-19 12:30:00,326027.4006533037,326016.24491217925
2024-02-19 16:30:00,326000.9888271631,326016.39536778553
2024-02-19 20:30:00,326000.9476610479,326016.3462869514
2024-02-20 00:30:00,325983.6444260593,326016.09094025596
2024-02-20 04:30:00,326010.43856355624,326015.94573537534
2024-02-20 08:30:00,326030.1422393635,326016.00319904776
2024-02-20 12:30:00,326021.03558796796,326015.90758056
2024-02-20 16:30:00,326005.6947368315,326015.7220006778
2024-02-20 20:30:00,326029.25799516204,326015.8272459873
2024-02-21 00:30:00,326036.713162686,326015.90168420866
2024-02-21 04:30:00,326028.6328533347,326015.96939140843
2024-02-21 08:30:00,326026.5218460151,326016.01474559994
2024-02-21 16:30:00,325986.8867704296,326015.8008369836
2024-02-21 20:30:00,325971.47081345896,326015.5575530798
2024-02-22 00:30:00,325998.9491301455,326015.40963249083
2024-02-22 04:30:00,326015.26451372646,326015.44163680216
2024-02-22 08:30:00,326025.9445162626,326015.4880061891
2024-02-22 12:30:00,326040.60049946955,326015.69320667296
2024-02-22 16:30:00,326003.19969437015,326015.68405891454
2024-02-22 20:30:00,326015.86711904604,326015.68259876326
2024-02-23 00:30:00,326036.57838102797,326015.9116471592
2024-02-23 04:30:00,326008.29432690213,326015.9408961623
2024-02-23 08:30:00,325999.14255464857,326015.8669348835
2024-02-23 12:30:00,326027.72800489323,326015.99625068146
2024-02-23 16:30:00,326015.75301613286,326016.0850164201
2024-02-23 20:30:00,325995.8649204938,326016.031797759
2024-02-24 00:30:00,326029.6350262166,326016.0361105949
2024-02-24 04:30:00,326015.3420684224,326015.95464018325
2024-02-24 08:30:00,326034.77795590286,326016.0298774913
2024-02-24 12:30:00,326029.30658924003,326016.1129230762
2024-02-24 16:30:00,326022.02487238514,326016.16516194073
2024-02-24 20:30:00,326021.66746665275,326016.2095358516
2024-02-25 00:30:00,326040.2688830898,326016.3591166615
2024-02-25 04:30:00,326027.8396448003,326016.5204893775
2024-02-25 08:30:00,326017.51447465306,326016.56808020186
2024-02-25 12:30:00,326020.50997629436,326016.44950444193
2024-02-25 16:30:00,326031.50445450685,326016.52025525615
2024-02-25 20:30:00,325991.04689589667,326016.43122782564
2024-02-26 00:30:00,325991.2139648987,326016.2461311034
2024-02-26 04:30:00,326019.947264465,326016.1857974853
2024-02-26 08:30:00,326001.55349905184,326015.98282134347
2024-02-26 12:30:00,326008.28128776763,326015.9403950842
2024-02-26 16:30:00,326017.29528734717,326015.96963314735
2024-02-26 20:30:00,326010.94363627676,326015.9426251573
2024-02-27 00:30:00,326013.5165776765,326015.9764960447
2024-02-27 04:30:00,326012.00791317417,326016.0405457741
2024-02-27 08:30:00,326015.90218955674,326015.97333995876
2024-02-27 12:30:00,326017.1725709009,326015.9103966265
2024-02-27 16:30:00,326032.0771231264,326015.99009178765
2024-02-27 20:30:00,326023.385537871,326016.02909516805
2024-02-28 00:30:00,326012.9869209135,326016.02532740094
2024-02-28 04:30:00,326037.71064176306,326016.08967339655
2024-02-28 08:30:00,326024.4230473118,326016.1915372974
2024-02-28 12:30:00,326027.1480648149,326016.26454870676
2024-02-28 16:30:00,326032.5522960753,326016.2898526823
2024-02-28 20:30:00,326012.98295990244,326016.1923767887
2024-02-29 00:30:00,326019.43939577584,326016.263463757
2024-02-29 04:30:00,326022.5514758866,326016.23833406816
2024-02-29 08:30:00,326023.11991678143,326016.2467079363
2024-02-29 12:30:00,326012.2685512942,326016.15642918163
2024-02-29 16:30:00,326032.45359602716,326016.3638289277
2024-02-29 20:30:00,326026.19110446447,326016.45095145993
2024-03-01 00:30:00,326022.0931166667,326016.4284919541
2024-03-01 04:30:00,326024.4402295435,326016.4041943187
2024-03-01 08:30:00,326024.97152535437,326016.4167831455
2024-03-01 12:30:00,326027.6138141444,326016.4572315782
2024-03-01 16:30:00,326024.9198384069,326016.4922730755
2024-03-01 20:30:00,326003.28274963447,326016.3938582577
2024-03-02 00:30:00,325995.84593509935,326016.25785261224
2024-03-02 04:30:00,326027.4494278017,326016.35898893344
2024-03-02 08:30:00,326020.7360483457,326016.31656610075
2024-03-02 12:30:00,326001.8755088736,326016.1271814679
2024-03-02 16:30:00,326038.29002872185,326016.34008181543
2024-03-02 20:30:00,326040.61899553204,326016.53288412525
2024-03-03 00:30:00,326010.7036428409,326016.6496637231
2024-03-03 04:30:00,326025.11899509275,326016.6663537363
2024-03-03 08:30:00,326019.63467814133,326016.59224112716
2024-03-03 12:30:00,326024.52647492965,326016.62633106834
2024-03-03 16:30:00,326022.5522131312,326016.73161317426
2024-03-03 20:30:00,326031.3366038376,326016.67328322865
2024-03-04 00:30:00,326031.71915806463,326016.78945903294
2024-03-04 04:30:00,326023.65667067986,326016.8958764316
2024-03-04 08:30:00,326035.99134574714,326016.8976552039
2024-03-04 12:30:00,326026.9172432393,326016.84741043777
2024-03-04 16:30:00,326012.66753234906,326016.841938182
2024-03-04 20:30:00,325998.8627953793,326016.7037294862
2024-03-05 00:30:00,326021.6296798924,326016.76401119505
2024-03-05 04:30:00,326018.93460725294,326016.71839158924
2024-03-05 08:30:00,326025.605427092,326016.65406935517
2024-03-05 12:30:00,326012.505647021,326016.66578063346
2024-03-05 16:30:00,326018.4156450129,326016.7930195939
2024-03-05 20:30:00,326019.54084568855,326016.8887249443
2024-03-06 00:30:00,326027.3196287229,326017.01742603985
2024-03-06 04:30:00,326007.59133463365,326017.054407783
2024-03-06 08:30:00,326024.82402173383,326017.06697783637
2024-03-06 12:30:00,326007.37701210415,326016.9681580572
2024-03-06 16:30:00,326005.94211514515,326017.00997215975
2024-03-06 20:30:00,326026.8261661438,326017.163018045
2024-03-07 00:30:00,326026.20802463806,326017.3215532158
2024-03-07 04:30:00,326022.61379127315,326017.3611394893
2024-03-07 08:30:00,326019.7492943542,326017.35058472306
2024-03-07 12:30:00,326018.570466043,326017.44380082586
2024-03-07 16:30:00,326020.6146259571,326017.58517436084
2024-03-07 20:30:00,326013.07657543797,326017.6216302929
2024-03-08 00:30:00,326008.14101396466,326017.5413640322
2024-03-08 04:30:00,326014.9326564111,326017.60149983875
2024-03-08 08:30:00,326026.202668981,326017.6867784474
2024-03-08 12:30:00,326023.6285629123,326017.600835724
2024-03-08 16:30:00,326012.1709224798,326017.50439678115
2024-03-08 20:30:00,326015.7243767708,326017.4375820917
2024-03-09 00:30:00,326030.56257657526,326017.44002082624
2024-03-09 04:30:00,326022.14186579396,326017.43081944506
2024-03-09 08:30:00,326017.9450103377,326017.46912541304
2024-03-09 12:30:00,326031.8415071735,326017.6641128289
2024-03-09 16:30:00,326018.62706003804,326017.803359041
2024-03-09 20:30:00,326032.0845273066,326017.9638411862
2024-03-10 00:30:00,326042.11302654754,326018.0263100404
2024-03-10 04:30:00,326013.56915385555,326018.0696892106
2024-03-10 08:30:00,326020.5524293869,326018.17104599415
2024-03-10 12:30:00,326035.4948444208,326018.2675917467
2024-03-10 16:30:00,326021.1442270538,326018.4077824851
2024-03-10 20:30:00,326010.48989333725,326018.41058709234
2024-03-11 00:30:00,326027.7393838207,326018.45596856164
2024-03-11 04:30:00,326007.323241836,326018.3946401649
2024-03-11 08:30:00,325987.8209629319,326018.17549724644
2024-03-11 12:30:00,326019.0428312575,326018.18586778466
2024-03-11 16:30:00,326023.321886924,326018.29809355387
2024-03-11 20:30:00,325988.19792950223,326018.23906329565
2024-03-12 00:30:00,326023.6924852714,326018.34104337497
2024-03-12 04:30:00,326016.21995254006,326018.3925146198
2024-03-12 08:30:00,326000.60209564416,326018.2856866836
2024-03-12 12:30:00,326011.62886184576,326018.2302480078
2024-03-12 16:30:00,326036.7517374264,326018.2712438613
2024-03-12 20:30:00,326003.3033760336,326018.2072770054
2024-03-13 00:30:00,326002.30040960026,326018.09710846917
2024-03-13 04:30:00,326030.21656940755,326018.059456633
2024-03-13 08:30:00,326021.2112584504,326018.0412599584
2024-03-13 12:30:00,326012.30806126085,326017.94925166015
2024-03-13 16:30:00,326015.9640512243,326017.90773207834
2024-03-13 20:30:00,325997.74369860446,326017.8891511224
2024-03-14 00:30:00,326013.7686607813,326017.8140186755
2024-03-14 04:30:00,326042.3795233193,326017.7776208736
2024-03-14 08:30:00,326013.3193021653,326017.73224155064
2024-03-14 12:30:00,326018.215524954,326017.7402611894
2024-03-14 16:30:00,326033.34243669966,326017.6649093822
2024-03-14 20:30:00,326019.6109865597,326017.69415273407
2024-03-15 00:30:00,325997.2775071517,326017.6121656167
2024-03-15 04:30:00,326012.8726955797,326017.53366372094
2024-03-15 08:30:00,326006.1731949437,326017.43317294016
2024-03-15 12:30:00,325991.3519320655,326017.3517143878
2024-03-15 16:30:00,326030.08217237005,326017.3642391862
2024-03-15 20:30:00,326010.31967753643,326017.22077424213
2024-03-16 00:30:00,326006.3373320273,326017.1132751555
2024-03-16 04:30:00,326032.1080059878,326017.09733344585
2024-03-16 08:30:00,326013.4583621275,326017.0655028465
2024-03-16 12:30:00,325971.97739469097,326016.7790370356
2024-03-16 16:30:00,326012.3378142696,326016.7009306256
2024-03-16 20:30:00,326027.8855043267,326016.7968944211
2024-03-17 00:30:00,326019.6288111085,326016.9236950305
2024-03-17 04:30:00,326018.33040783147,326016.89514724165
2024-03-17 08:30:00,326028.96976251923,326017.0120851565
2024-03-17 12:30:00,326009.81408235576,326017.06490707473
2024-03-17 16:30:00,326022.5193789728,326017.1076014
2024-03-17 20:30:00,325987.40712837555,326016.84418218967
2024-03-18 00:30:00,326005.40092387324,326016.7041787482
2024-03-18 04:30:00,326015.6889496225,326016.66908951337
2024-03-18 08:30:00,326019.48769846134,326016.6793408653
2024-03-18 12:30:00,326004.9858083525,326016.6868396412
2024-03-18 16:30:00,326003.18519017653,326016.6227859626
2024-03-18 20:30:00,326017.65920120926,326016.6965473305
2024-03-19 00:30:00,326016.2532237317,326016.766250276
2024-03-19 04:30:00,326017.44806692266,326016.729606991
2024-03-19 08:30:00,326023.43157583,326016.9105330975
2024-03-19 12:30:00,326010.35533169354,326017.0786071706
2024-03-19 16:30:00,325985.3697015843,326017.1005443438
2024-03-19 20:30:00,325982.91134464263,326016.9531266312
2024-03-20 00:30:00,325987.7972826,326016.788182339
2024-03-20 04:30:00,326012.93151616055,326016.8035797354
2024-03-20 08:30:00,326033.6205931063,326016.8908633967
2024-03-20 12:30:00,326020.7991302996,326016.85398337984
2024-03-20 16:30:00,326000.05562971724,326016.84876998636
2024-03-20 20:30:00,326003.39623937896,326016.86244919494
2024-03-21 00:30:00,326023.6699521667,326017.086055486
2024-03-21 04:30:00,326022.377635134,326017.1527542098
2024-03-21 08:30:00,326021.02527557587,326017.1018214513
2024-03-21 12:30:00,326010.2020820445,326017.04129907186
2024-03-21 16:30:00,326032.97943284945,326017.1937275412
2024-03-21 20:30:00,326017.0066511841,326017.12528427877
2024-03-22 00:30:00,325990.33895741607,326016.86621050624
2024-03-22 04:30:00,326041.35425392375,326016.9372797833
2024-03-22 08:30:00,326015.43837164866,326016.87536093214
2024-03-22 12:30:00,326020.5801458045,326016.89594307035
2024-03-22 16:30:00,326020.24403641175,326017.0812612147
2024-03-22 20:30:00,326030.30902772374,326017.4081401828
2024-03-23 00:30:00,326043.8924127106,326017.6578250859
2024-03-23 04:30:00,326025.8329993467,326017.7165388949
2024-03-23 08:30:00,326024.9981726317,326017.71128143027
2024-03-23 12:30:00,326022.76672856824,326017.61220492533
2024-03-23 16:30:00,326020.0381713827,326017.7057520198
2024-03-23 20:30:00,326015.1701624432,326017.7018800387
2024-03-24 00:30:00,326017.82875105384,326017.59771542763
2024-03-24 04:30:00,326025.2421769492,326017.6918701502
2024-03-24 08:30:00,326019.42131638445,326017.8045299376
2024-03-24 12:30:00,326017.760337743,326017.74915400904
2024-03-24 16:30:00,326037.9061533559,326017.87222699355
2024-03-24 20:30:00,326027.12173465453,326018.0458759611
2024-03-25 00:30:00,326020.29249807395,326017.99397302704
2024-03-25 04:30:00,326007.95682514744,326017.95294389775
2024-03-25 08:30:00,326029.9331886899,326017.92602852435
2024-03-25 12:30:00,326018.32520341536,326017.8650208253
2024-03-25 16:30:00,326000.9015509972,326017.74766903976
2024-03-25 20:30:00,326010.5369916153,326017.6858330674
2024-03-26 00:30:00,326019.6901611084,326017.5715068342
2024-03-26 04:30:00,326027.3974177231,326017.56905001705
2024-03-26 08:30:00,325982.4871269004,326017.37445364066
2024-03-26 12:30:00,326011.4267341759,326017.32399118436
2024-03-26 16:30:00,326039.9708748638,326017.3710268531
2024-03-26 20:30:00,326022.533307821,326017.54595136375
2024-03-27 00:30:00,326028.02718022367,326017.7504692267
2024-03-27 04:30:00,326033.30197401106,326017.8246620575
2024-03-27 08:30:00,326034.33610306,326018.0067876353
2024-03-27 12:30:00,326024.739867105,326018.0982241872
2024-03-27 16:30:00,326031.35469394946,326018.1763320016
2024-03-27 20:30:00,326014.6666468268,326018.1970153936
2024-03-28 00:30:00,326023.33330692875,326018.25155277835
2024-03-28 04:30:00,326027.4407344496,326018.3372906743
2024-03-28 08:30:00,326002.4271594373,326018.26242939587
2024-03-28 12:30:00,326007.33531188295,326018.20777795685
2024-03-28 16:30:00,326036.0822748643,326018.23002879985
2024-03-28 20:30:00,326031.1874446352,326018.27337272634
2024-03-29 00:30:00,326009.4405032721,326018.2536704061
2024-03-29 04:30:00,326022.1998886111,326018.1674995552
2024-03-29 08:30:00,326017.7594853831,326018.1304797668
2024-03-29 12:30:00,325990.6848441035,326017.92790631833
2024-03-29 16:30:00,326001.7610096849,326017.7568436162
2024-03-29 20:30:00,326014.35471193073,326017.7644644608
2024-03-30 00:30:00,326006.3941629512,326017.6919909451
2024-03-30 04:30:00,326028.4132285717,326017.7245562378
2024-03-30 08:30:00,326001.05926354625,326017.6019970532
2024-03-30 12:30:00,326000.8786755116,326017.53871996544
2024-03-30 16:30:00,326024.98985286563,326017.49725472566
2024-03-30 20:30:00,326035.80970643554,326017.55069140333
2024-03-31 00:30:00,326019.7678593165,326017.5377733069
2024-03-31 04:30:00,326027.41584144835,326017.5543044841
2024-03-31 08:30:00,326018.46815766866,326017.51817466365
2024-03-31 12:30:00,326015.3604876579,326017.4501006276
2024-03-31 16:30:00,326038.1389687556,326017.5235402407
2024-03-31 20:30:00,326030.0847462822,326017.67244022206
2024-04-01 00:30:00,326015.38081523567,326017.78096733394
2024-04-01 04:30:00,325999.1198053052,326017.6235805423
2024-04-01 08:30:00,325984.0538848029,326017.41979074484
2024-04-01 12:30:00,325986.13744873763,326017.33235707745
2024-04-01 16:30:00,326029.2643221731,326017.2822142632
2024-04-01 20:30:00,326018.2246260821,326017.15780109965
2024-04-02 00:30:00,326001.4998192976,326017.1066687466
2024-04-02 04:30:00,326004.6942589295,326016.9931979902
2024-04-02 08:30:00,326009.298155199,326016.9357728627
2024-04-02 12:30:00,326024.98570533737,326016.9383241428
2024-04-02 16:30:00,326024.9518841001,326016.9516556482
2024-04-02 20:30:00,326011.59933298995,326016.84200414346
2024-04-03 00:30:00,326016.4951998161,326016.75742659764
2024-04-03 04:30:00,326018.11221046135,326016.7266240408
2024-04-03 08:30:00,326012.0264709371,326016.59348584746
2024-04-03 12:30:00,326004.44881994824,326016.4686612736
2024-04-03 16:30:00,326012.1904906411,326016.4660110419
2024-04-03 20:30:00,326047.0483290633,326016.7337084512
2024-04-04 00:30:00,326031.3302529349,326016.78760052373
2024-04-04 04:30:00,326029.1995396196,326016.84462792566
2024-04-04 08:30:00,326050.0841914918,326016.98062106123
2024-04-04 12:30:00,326022.30049699044,326017.03503689443
2024-04-04 16:30:00,326025.92874750815,326017.0767763528
2024-04-04 20:30:00,326022.9427261473,326017.09567568864
2024-04-05 00:30:00,326014.6947221555,326017.0255373188
2024-04-05 04:30:00,326011.72295275953,326017.0484907528
2024-04-05 08:30:00,326030.58047699917,326017.0804710599
2024-04-05 12:30:00,326023.6032100371,326017.1706166039
2024-04-05 16:30:00,325993.9427742378,326017.1039535989
2024-04-05 20:30:00,326027.74658370164,326017.1090670298
2024-04-06 00:30:00,326023.2452371012,326017.0926070991
2024-04-06 04:30:00,326020.19020033546,326017.0791427049
2024-04-06 08:30:00,326014.07343557273,326017.0476101561
2024-04-06 12:30:00,326028.98197856324,326017.1054518924
2024-04-06 16:30:00,326015.4997613241,326017.0770359778
2024-04-06 20:30:00,326001.7391640379,326017.01405035885
2024-04-07 00:30:00,326004.57167742454,326016.99422071135
2024-04-07 04:30:00,325996.0143631078,326016.8891190819
2024-04-07 08:30:00,326024.6475481797,326016.880479522
2024-04-07 12:30:00,325991.86034183105,326016.70398940484
2024-04-07 16:30:00,325996.4787297341,326016.6168105562
2024-04-07 20:30:00,326030.37000251556,326016.69817514374
2024-04-08 00:30:00,326031.4139588307,326016.7029050451
2024-04-08 04:30:00,326033.9496252422,326016.76850370876
2024-04-08 08:30:00,326016.85775893583,326016.76246342313
2024-04-08 12:30:00,326025.8480700345,326016.72916655015
2024-04-08 16:30:00,326033.5294883743,326016.8119578187
2024-04-08 20:30:00,326026.27802807535,326016.77969948965
2024-04-09 00:30:00,325995.16244134825,326016.5188629052
2024-04-09 04:30:00,325998.75981581485,326016.436588805
2024-04-09 08:30:00,326009.0064087312,326016.37244424573
2024-04-09 12:30:00,326036.3968117574,326016.37745517545
2024-04-09 16:30:00,326023.0774279667,326016.38819518045
2024-04-09 20:30:00,326018.28747765924,326016.4315150934
2024-04-10 00:30:00,326019.7214083545,326016.3869707852
2024-04-10 04:30:00,326011.2204516513,326016.40862195083
2024-04-10 08:30:00,325998.83596372063,326016.46981639974
2024-04-10 12:30:00,325995.36828085553,326016.3382911197
2024-04-10 16:30:00,326018.56832701515,326016.31188245356
2024-04-10 20:30:00,326015.2093681858,326016.46194600174
2024-04-11 00:30:00,326018.507399296,326016.4331399686
2024-04-11 04:30:00,326018.17065765697,326016.4439772192
2024-04-11 08:30:00,325994.7034295044,326016.41120685183
2024-04-11 12:30:00,326022.95473080914,326016.474128346
2024-04-11 16:30:00,326022.7637705569,326016.396417419
2024-04-11 20:30:00,326016.6616877633,326016.470630262
2024-04-12 00:30:00,326020.9235725738,326016.5740922785
2024-04-12 04:30:00,326010.5060962471,326016.46458964975
2024-04-12 08:30:00,325995.277047452,326016.32051069976
2024-04-12 12:30:00,325979.16325506015,326016.1363728876
2024-04-12 16:30:00,326020.3673024584,326016.1608353944
2024-04-12 20:30:00,326031.7910495951,326016.34998734435
2024-04-13 00:30:00,326029.0643417919,326016.43496335
2024-04-13 04:30:00,326037.6142786952,326016.40848976874
2024-04-13 08:30:00,326017.35063778976,326016.43088607775
2024-04-13 12:30:00,326015.55502759136,326016.41610553686
2024-04-13 16:30:00,326029.7282446051,326016.39602669183
2024-04-13 20:30:00,326014.55116860644,326016.36791659216
2024-04-14 00:30:00,326013.66390275053,326016.4589521233
2024-04-14 04:30:00,326017.50568992604,326016.48469098075
2024-04-14 08:30:00,325993.53858894546,326016.4144987252
2024-04-14 12:30:00,325993.9942772222,326016.42917842057
2024-04-14 16:30:00,326026.98966237064,326016.41199780937
2024-04-14 20:30:00,326022.96561482217,326016.48225301655
2024-04-15 00:30:00,326016.4636206878,326016.5385101758
2024-04-15 04:30:00,326031.9470532805,326016.537615994
2024-04-15 08:30:00,326014.56264989846,326016.5437509261
2024-04-15 12:30:00,326008.7180507634,326016.7478656821
2024-04-15 16:30:00,326018.40908704407,326016.78159497527
2024-04-15 20:30:00,326020.7228702267,326016.7418025636
2024-04-16 00:30:00,326007.1547635963,326016.67250229965
2024-04-16 04:30:00,326022.51006234495,326016.6957226025
2024-04-16 08:30:00,326024.5501127998,326016.67116899294
2024-04-16 12:30:00,326031.9253368695,326016.7940092958
2024-04-16 16:30:00,326022.44615705207,326016.7936025074
2024-04-16 20:30:00,326020.68324653275,326016.9784698304
2024-04-17 00:30:00,326013.8001198408,326017.02513203025
2024-04-17 04:30:00,326030.1846196437,326017.10566353035
2024-04-17 08:30:00,326040.6711514646,326017.2233493804
2024-04-17 12:30:00,326026.9628859659,326017.34544425603
2024-04-17 16:30:00,326021.9805597237,326017.44986297574
2024-04-17 20:30:00,325994.3518153794,326017.3203774989
2024-04-18 00:30:00,325994.1246916682,326017.19744120963
2024-04-18 04:30:00,326012.3547981541,326017.1691452721
2024-04-18 08:30:00,326016.4989485466,326017.130630676
2024-04-18 12:30:00,326015.7654682652,326017.1606869903
2024-04-18 16:30:00,326005.81888231175,326017.27429354994
2024-04-18 20:30:00,326009.70632044104,326017.42315452656
2024-04-19 00:30:00,326027.0346006193,326017.6411396267
2024-04-19 04:30:00,326027.31895986723,326017.72106986947
2024-04-19 08:30:00,326019.2874986462,326017.6414415669
2024-04-19 12:30:00,326033.13757752156,326017.709988496
2024-04-19 16:30:00,326009.37584695173,326017.7617674806
2024-04-19 20:30:00,325974.6969273098,326017.60232685803
2024-04-20 00:30:00,326012.74004929303,326017.54160517536
2024-04-20 04:30:00,326023.2760897537,326017.5465965899
2024-04-20 08:30:00,326024.66270141304,326017.56680451124
2024-04-20 12:30:00,326016.6406428059,326017.6025742932
2024-04-20 16:30:00,326017.77184676874,326017.5180877039
2024-04-20 20:30:00,326025.0928537201,326017.56301105133
2024-04-21 00:30:00,326037.0257100617,326017.8223818994
2024-04-21 04:30:00,326036.2499533455,326017.79402467393
2024-04-21 08:30:00,326033.6323271172,326017.89510220435
2024-04-21 12:30:00,326015.0291989314,326017.86426361057
2024-04-21 16:30:00,326017.25928224967,326017.847681643
2024-04-21 20:30:00,326009.97955581144,326017.7347401324
2024-04-22 00:30:00,326016.0998457636,326017.5803369826
2024-04-22 04:30:00,326013.3874053494,326017.51119479374
2024-04-22 08:30:00,325999.6614142738,326017.37043502514
2024-04-22 12:30:00,326013.7847997276,326017.32053542044
2024-04-22 16:30:00,326012.9949797369,326017.281406578
2024-04-22 20:30:00,326021.23862752673,326017.315120273
2024-04-23 00:30:00,326034.5700184142,326017.4081273138
2024-04-23 04:30:00,326033.2294741953,326017.45250118733
2024-04-23 08:30:00,326004.58572043246,326017.37008120987
2024-04-23 12:30:00,326031.7218691604,326017.44764527323
2024-04-23 16:30:00,326045.5639181458,326017.49018841103
2024-04-23 20:30:00,326014.47582967614,326017.4199333834
2024-04-24 00:30:00,326015.6340021866,326017.3940528506
2024-04-24 04:30:00,325997.374764888,326017.33526362694
2024-04-24 08:30:00,326008.651149869,326017.217030078
2024-04-24 12:30:00,326028.331266767,326017.2726193188
2024-04-24 16:30:00,326028.12869759416,326017.4238812443
2024-04-24 20:30:00,326028.36839271925,326017.5229445838
2024-04-25 00:30:00,326020.49779847066,326017.52743145806
2024-04-25 04:30:00,326019.0209934301,326017.4808957675
2024-04-25 08:30:00,325987.3220082477,326017.5077562194
2024-04-25 12:30:00,326012.63610863,326017.51447496645
2024-04-25 16:30:00,326020.6216441098,326017.40697924
2024-04-25 20:30:00,326023.9632121728,326017.4149231531
2024-04-26 00:30:00,326018.79709188046,326017.36364488455
2024-04-26 04:30:00,326016.8987356961,326017.2725157828
2024-04-26 08:30:00,326004.3685225006,326017.1060292241
2024-04-26 12:30:00,326028.6441889136,326017.1277199008
2024-04-26 16:30:00,326039.043506452,326017.1704355258
2024-04-26 20:30:00,326026.0325043662,326017.2335791788
2024-04-27 00:30:00,326019.955991242,326017.21481631394
2024-04-27 04:30:00,326026.4420319348,326017.2092679666
2024-04-27 08:30:00,326002.00675834063,326017.206932405
2024-04-27 12:30:00,326007.52133444423,326017.20796586364
2024-04-27 16:30:00,326016.16210088116,326017.0972982304
2024-04-27 20:30:00,325990.00519629114,326016.8685079618
2024-04-28 00:30:00,326002.01294863696,326016.8272437694
2024-04-28 04:30:00,326023.8345318756,326016.8363251209
2024-04-28 08:30:00,326029.3452783848,326016.9006906375
2024-04-28 12:30:00,326024.718534223,326017.08976669377
2024-04-28 16:30:00,326020.27316011104,326017.1926119739
2024-04-28 20:30:00,326017.4028309221,326017.2095459683
2024-04-29 00:30:00,326024.9512189458,326017.3126407239
2024-04-29 04:30:00,326029.3364700738,326017.31776984327
2024-04-29 08:30:00,326032.5338720547,326017.4926287794
2024-04-29 12:30:00,325994.7263850223,326017.45844938786
2024-04-29 16:30:00,326013.7389581963,326017.39594441745
2024-04-29 20:30:00,326012.5613320408,326017.2667867819
2024-04-30 00:30:00,326004.8057604054,326017.1836640102
2024-04-30 04:30:00,326042.8288411336,326017.26929178624
2024-04-30 08:30:00,326032.8010134625,326017.3489187629
2024-04-30 12:30:00,326027.8588383878,326017.4183540447
2024-04-30 16:30:00,325994.58453532076,326017.1763849701
2024-04-30 20:30:00,326020.14179381856,326017.1211463453
2024-05-01 00:30:00,326012.60514744936,326017.10572596866
2024-05-01 04:30:00,326017.6187919461,326017.2084981167
2024-05-01 08:30:00,326029.06789293006,326017.4585759396
2024-05-01 12:30:00,326008.00210704334,326017.58004626347
2024-05-01 16:30:00,325990.2427013432,326017.3632594811
2024-05-01 20:30:00,326015.03497442626,326017.3455391941
2024-05-02 00:30:00,326007.8333949134,326017.3807257253
2024-05-02 04:30:00,326012.62763804034,326017.42480005376
2024-05-02 08:30:00,326024.31436778005,326017.508223457
2024-05-02 12:30:00,326017.0133478989,326017.4639325823
2024-05-02 16:30:00,325996.60794639704,326017.3064662617
2024-05-02 20:30:00,326009.17744434247,326017.29301132483
2024-05-03 00:30:00,326023.36192322394,326017.3311597882
2024-05-03 04:30:00,326034.87991422124,326017.42431369796
2024-05-03 08:30:00,326019.08699237654,326017.463538817
2024-05-03 12:30:00,326020.152216515,326017.5507799091
2024-05-03 16:30:00,326037.96196052514,326017.69395474176
2024-05-03 20:30:00,326027.00572687446,326017.5826069519
2024-05-04 00:30:00,326031.51004974096,326017.583605823
2024-05-04 04:30:00,326031.80850713386,326017.59810008697
2024-05-04 08:30:00,326036.47720174224,326017.5225056995
2024-05-04 12:30:00,326038.0393358937,326017.6099436934
2024-05-04 16:30:00,326034.12485923537,326017.6554776474
2024-05-04 20:30:00,325990.7807549085,326017.4768000294
2024-05-05 00:30:00,326018.76651589945,326017.4994211058
2024-05-05 04:30:00,326033.71010430186,326017.6215719477
2024-05-05 08:30:00,326027.8340651556,326017.6063141041
2024-05-05 12:30:00,326018.5601899524,326017.57829732593
2024-05-05 16:30:00,326022.5854781344,326017.73742345866
2024-05-05 20:30:00,326035.4437586271,326017.78018554155
2024-05-06 00:30:00,326027.72674820095,326017.8050828254
2024-05-06 04:30:00,326017.7126303821,326017.7913185479
2024-05-06 08:30:00,325986.46901688335,326017.6379606663
2024-05-06 12:30:00,326023.195191245,326017.60581184784
2024-05-06 16:30:00,326034.38970127865,326017.7107559587
2024-05-06 20:30:00,326025.38593233016,326017.8421268937
2024-05-07 00:30:00,326023.8048151715,326017.948977659
2024-05-07 04:30:00,326038.4471693651,326018.1847154715
2024-05-07 08:30:00,326019.7821749785,326018.1576856203
2024-05-07 12:30:00,326027.2134554819,326018.3540918073
2024-05-07 16:30:00,326023.9058599989,326018.50646475324
2024-05-07 20:30:00,326028.62306498876,326018.49675954477
2024-05-08 00:30:00,326029.39259230014,326018.4855297307
2024-05-08 04:30:00,326008.84324632835,326018.34604984784
2024-05-08 08:30:00,325983.8624356032,326018.16274249594
2024-05-08 12:30:00,326031.12515182357,326018.1920596171
2024-05-08 16:30:00,326042.51909111347,326018.2420018544
2024-05-08 20:30:00,326035.474734859,326018.29309467
2024-05-09 00:30:00,326027.52534267295,326018.4728885662
2024-05-09 04:30:00,326022.4252635127,326018.60436327563
2024-05-09 08:30:00,326012.0341929992,326018.6211842993
2024-05-09 12:30:00,326006.61330212106,326018.4557203569
2024-05-09 16:30:00,326012.90256187686,326018.3991933231
2024-05-09 20:30:00,326013.94836193894,326018.3750871246
2024-05-10 00:30:00,326020.53468005906,326018.3796053008
2024-05-10 04:30:00,326009.87390696385,326018.37212449696
2024-05-10 08:30:00,326000.65509254386,326018.3822307682
2024-05-10 12:30:00,326028.5624660988,326018.56664290844
2024-05-10 16:30:00,326042.8057585114,326018.7012953056
2024-05-10 20:30:00,326033.1475654567,326018.8009519572
2024-05-11 00:30:00,326023.8604038565,326018.83069087134
2024-05-11 04:30:00,326041.5823639406,326018.9607559063
2024-05-11 08:30:00,326014.6855049062,326019.0717674363
2024-05-11 12:30:00,326000.19064306904,326018.9453002822
2024-05-11 16:30:00,326013.5241591141,326018.89396910754
2024-05-11 20:30:00,326010.0372441274,326018.85716664285
2024-05-12 00:30:00,326003.08482985216,326018.75806251663
2024-05-12 04:30:00,326019.8275358039,326018.8098482919
2024-05-12 08:30:00,326014.82411049376,326018.9184430866
2024-05-12 12:30:00,326007.1689898486,326019.0740305021
2024-05-12 16:30:00,326044.218630808,326019.20653788187
2024-05-12 20:30:00,326046.75103848777,326019.2896489313
2024-05-13 00:30:00,326023.3229941806,326019.25775255566
2024-05-13 04:30:00,326028.21189075714,326019.20551706705
2024-05-13 08:30:00,325992.8520288262,326019.0694136839
2024-05-13 12:30:00,326011.83796175796,326019.04876331816
2024-05-13 20:30:00,326010.5543064991,326018.96677257295
2024-05-14 00:30:00,326015.69705863483,326018.9781309857
2024-05-14 04:30:00,326022.753264834,326019.0074470467
2024-05-14 08:30:00,326011.15443884325,326019.10585961596
2024-05-14 12:30:00,326002.9712157221,326019.1560101104
2024-05-14 16:30:00,326036.52234421344,326019.20926531614
2024-05-14 20:30:00,326027.0186760204,326019.2319081162
2024-05-15 00:30:00,326032.08737359935,326019.319191652
2024-05-15 04:30:00,326032.07531370246,326019.3199081907
2024-05-15 08:30:00,326029.960720124,326019.40593092935
2024-05-15 12:30:00,326032.3981442269,326019.53822195425
2024-05-15 16:30:00,326038.029837195,326019.6478350836
2024-05-15 20:30:00,326023.7145120674,326019.66454816645
2024-05-16 00:30:00,326024.5390958098,326019.7616673409
2024-05-16 04:30:00,326031.56748979754,326019.8122674943
2024-05-16 08:30:00,326028.8112802927,326019.8360728992
2024-05-16 12:30:00,326011.15625237674,326019.72004449426
2024-05-16 16:30:00,326031.2562329282,326019.76926279534
2024-05-16 20:30:00,326037.8059318451,326019.8649202551
2024-05-17 00:30:00,326026.38731506467,326019.9352397815
2024-05-17 04:30:00,326028.5291204312,326019.9259911825
2024-05-17 08:30:00,326033.13743818545,326019.8839033988
2024-05-17 12:30:00,326022.7721512801,326019.8604914732
2024-05-17 16:30:00,326020.2570081611,326019.85086269357
2024-05-17 20:30:00,326022.1955187051,326020.0064141088
2024-05-18 00:30:00,326027.3301395021,326020.19191940397
2024-05-18 04:30:00,326031.1877620965,326020.297131493
2024-05-18 08:30:00,326028.02600360627,326020.36152844864
2024-05-18 12:30:00,326003.8628917856,326020.295033608
2024-05-18 16:30:00,326018.2426878878,326020.364440343
2024-05-18 20:30:00,326031.06475715956,326020.4837612185
2024-05-19 00:30:00,326037.7213824192,326020.5434639101
2024-05-19 04:30:00,326032.07255511725,326020.57002030825
2024-05-19 08:30:00,326034.1788449282,326020.65321218694
2024-05-19 12:30:00,326037.16682737943,326020.6757219626
2024-05-19 16:30:00,326045.52342803136,326020.8776637563
2024-05-19 20:30:00,326043.987606943,326021.2647625252
2024-05-20 00:30:00,326048.04934905976,326021.46202118316
2024-05-20 04:30:00,326025.277904484,326021.47320450575
2024-05-20 08:30:00,326029.3214589234,326021.499231084
2024-05-20 12:30:00,326034.6052539388,326021.59959204006
2024-05-20 16:30:00,326006.03634533286,326021.5340305795
2024-05-20 20:30:00,326003.2099497408,326021.4117797193
2024-05-21 00:30:00,326018.1833216886,326021.30651497975
2024-05-21 04:30:00,325993.1267602678,326021.06560328655
2024-05-21 08:30:00,325982.6759601757,326020.78093084553
2024-05-21 12:30:00,326025.37393019296,326020.8387226403
2024-05-21 16:30:00,326039.1582504992,326020.96106324514
2024-05-21 20:30:00,326042.34632683283,326021.1418831949
2024-05-22 00:30:00,326027.5324795331,326021.2057526573
2024-05-22 04:30:00,326042.7480298486,326021.3697784925
2024-05-22 08:30:00,326039.61605758424,326021.5929887903
2024-05-22 12:30:00,326043.22419682355,326021.7574546959
2024-05-22 16:30:00,326028.64356428187,326021.84487695596
2024-05-22 20:30:00,326018.99139609217,326021.83232259034
2024-05-23 00:30:00,326031.1804172957,326021.81338627124
2024-05-23 04:30:00,325999.1248627438,326021.6228577157
2024-05-23 08:30:00,325995.10128809104,326021.56987206015
2024-05-23 12:30:00,326034.26027770963,326021.58405311353
2024-05-23 16:30:00,326035.9180245747,326021.5301654398
2024-05-23 20:30:00,326033.23007105774,326021.63493773807
2024-05-24 00:30:00,326043.34704685136,326021.7897592167
2024-05-24 04:30:00,326004.0890842902,326021.82726938097
2024-05-24 08:30:00,326016.94573635375,326021.8736078529
2024-05-24 12:30:00,326028.04058796953,326021.87198394904
2024-05-24 16:30:00,326030.98656177253,326021.8879496707
2024-05-24 20:30:00,326000.54893444944,326021.73253370274
2024-05-25 00:30:00,326006.17279050715,326021.6525057253
2024-05-25 04:30:00,325992.9760252298,326021.5070031096
2024-05-25 08:30:00,325978.7854946413,326021.4593130895
2024-05-25 12:30:00,326024.2001838994,326021.523916862
2024-05-25 16:30:00,326012.1279513599,326021.47646606446
2024-05-25 20:30:00,326015.06829308067,326021.42677377904
2024-05-26 00:30:00,326021.7846581317,326021.44346409326
2024-05-26 04:30:00,326023.2829565206,326021.4791301314
2024-05-26 08:30:00,326027.60515161447,326021.60894370184
2024-05-26 12:30:00,326016.5191002986,326021.5412057767
2024-05-26 16:30:00,326026.31813451357,326021.4701143133
2024-05-26 20:30:00,326013.29679113365,326021.39896507736
2024-05-27 00:30:00,326016.370488949,326021.3789343382
2024-05-27 04:30:00,326031.305251033,326021.40610316006
2024-05-27 08:30:00,326010.8156940482,326021.45531509136
2024-05-27 12:30:00,326017.19178731024,326021.50933996774
2024-05-27 16:30:00,326022.3697496079,326021.5440195696
2024-05-27 20:30:00,326026.2738400911,326021.7466376914
2024-05-28 00:30:00,326009.45521322347,326021.78821458854
2024-05-28 04:30:00,326028.4041540569,326021.813743204
2024-05-28 08:30:00,326014.0805537647,326021.72846541286
2024-05-28 12:30:00,326017.03825009655,326021.68555879756
2024-05-28 16:30:00,326028.4044677891,326021.7309850975
2024-05-28 20:30:00,326017.3782459783,326021.7308477515
2024-05-29 00:30:00,326017.7921675892,326021.6908530511
2024-05-29 04:30:00,326030.2670978323,326021.69605208887
2024-05-29 08:30:00,326034.8406359434,326021.70893903804
2024-05-29 12:30:00,326037.1277414955,326021.94581812446
2024-05-29 16:30:00,326013.3549542193,326021.9436728508
2024-05-29 20:30:00,326006.1443626796,326021.90782385995
2024-05-30 00:30:00,326007.35130252707,326021.92204476567
2024-05-30 04:30:00,326040.2379895508,326021.9075707345
2024-05-30 08:30:00,326018.7388385641,326021.8290110982
2024-05-30 12:30:00,326003.0375466181,326021.6903446637
2024-05-30 16:30:00,326017.2783214655,326021.81712559186
2024-05-30 20:30:00,326029.1315510867,326021.8673476995
2024-05-31 00:30:00,326027.31866908056,326021.9495461444
2024-05-31 04:30:00,326041.23319383746,326022.08147017733
2024-05-31 08:30:00,326041.083734361,326022.14859778306
2024-05-31 12:30:00,326031.89075317583,326022.2820539067
2024-05-31 16:30:00,326020.9349847348,326022.45351917716
2024-05-31 20:30:00,326026.91513856355,326022.5198888092
2024-06-01 00:30:00,326017.24889163295,326022.57248934946
2024-06-01 04:30:00,326028.88083252526,326022.6632893186
2024-06-01 08:30:00,326026.9141098978,326022.67781301757
2024-06-01 12:30:00,326036.29530982947,326022.7855334754
2024-06-01 16:30:00,326031.60540025507,326022.98104997736
2024-06-01 20:30:00,326028.56545227685,326023.0893628708
2024-06-02 00:30:00,326019.2867804176,326023.06659670983
2024-06-02 04:30:00,326010.4442506195,326022.93008462276
2024-06-02 08:30:00,326026.9190041135,326022.9738388782
2024-06-02 12:30:00,326015.1604605368,326022.94595197326
2024-06-02 16:30:00,326027.2310417052,326022.88600270625
2024-06-02 20:30:00,326026.2554138765,326022.88181101345
2024-06-03 00:30:00,326012.9341483861,326022.77803502826
2024-06-03 04:30:00,326003.261964296,326022.6185571353
2024-06-03 08:30:00,326012.15695264656,326022.4826898219
2024-06-03 12:30:00,326017.575925213,326022.3683690919
2024-06-03 16:30:00,326015.7864026719,326022.2659196139
2024-06-03 20:30:00,326031.0261576371,326022.4907542659
2024-06-04 00:30:00,326029.27586909983,326022.5494657364
2024-06-04 04:30:00,325993.9541186089,326022.32736525766
2024-06-04 08:30:00,326001.2148616528,326022.1786546235
2024-06-04 12:30:00,326018.38946905214,326022.17770087544
2024-06-04 16:30:00,326014.8917962403,326022.1347194123
2024-06-04 20:30:00,326027.5796548909,326022.09078587196
2024-06-05 00:30:00,326016.06023966067,326022.0256098466
2024-06-05 04:30:00,326012.89293440676,326021.9986841707
2024-06-05 08:30:00,326008.3713911638,326022.1210438036
2024-06-05 12:30:00,326024.1770456606,326022.1265290238
2024-06-05 16:30:00,326008.5762962251,326021.98232005705
2024-06-05 20:30:00,326020.04828976153,326021.95250082476
2024-06-06 00:30:00,326024.9416628607,326021.9588519292
2024-06-06 04:30:00,326029.98904210044,326021.9115998215
2024-06-06 08:30:00,326013.42168383574,326021.87606635154
2024-06-06 12:30:00,326034.4793923774,326021.91665817774
2024-06-06 16:30:00,326033.25910948275,326021.96891096816
2024-06-06 20:30:00,326017.2333842905,326021.905281467
2024-06-07 00:30:00,326013.798310256,326021.818162573
2024-06-07 04:30:00,326024.73393470916,326021.90693736833
2024-06-07 08:30:00,326018.785646581,326022.10203910567
2024-06-07 12:30:00,325992.71078323293,326021.88743369456
2024-06-07 16:30:00,326020.02879501117,326021.7617895823
2024-06-07 20:30:00,326021.04098500585,326021.68115410814
2024-06-08 00:30:00,326031.772801083,326021.70488292613
2024-06-08 04:30:00,326025.40581298125,326021.72153404047
2024-06-08 08:30:00,326013.869198042,326021.7317854653
2024-06-08 12:30:00,326007.4960577835,326021.7367170612
2024-06-08 16:30:00,326018.9286754324,326021.7703825001
2024-06-08 20:30:00,326023.0217773115,326021.82107197144
2024-06-09 00:30:00,326021.3014662059,326021.8253556929
2024-06-09 04:30:00,326047.6356010404,326022.0363148777
2024-06-09 08:30:00,326029.2252613754,326022.1959247594
2024-06-09 12:30:00,326008.85486019606,326022.08582640236
2024-06-09 16:30:00,326033.516828606,326022.0339329393
2024-06-09 20:30:00,326025.550714408,326021.9914924306
2024-06-10 00:30:00,326035.17524344055,326022.05470382486
2024-06-10 04:30:00,326041.57210727077,326022.05464652507
2024-06-10 08:30:00,326032.5002918612,326022.1541704746
2024-06-10 12:30:00,326018.2047422809,326022.2548079003
2024-06-10 16:30:00,326018.56305644324,326022.28295816475
2024-06-10 20:30:00,326013.70829215646,326022.303466813
2024-06-11 00:30:00,326020.9118515466,326022.4030591129
2024-06-11 04:30:00,326020.29507368756,326022.4056710565
2024-06-11 08:30:00,326018.73894741386,326022.42754165374
2024-06-11 12:30:00,326019.79651012435,326022.4980864597
2024-06-11 16:30:00,326007.19614163664,326022.2912569113
2024-06-11 20:30:00,326011.48377182835,326022.0942330752
2024-06-12 00:30:00,326030.7957662013,326022.1359804049
2024-06-12 04:30:00,326038.8764768578,326022.1955590982
2024-06-12 08:30:00,326018.9743223426,326022.34149369894
2024-06-12 12:30:00,326027.8026711358,326022.43068201945
2024-06-12 16:30:00,326033.3773494181,326022.4914968384
2024-06-12 20:30:00,326032.59134589223,326022.61392483494
2024-06-13 00:30:00,326017.3448908549,326022.62307945837
2024-06-13 04:30:00,326032.0296997903,326022.6746152081
2024-06-13 08:30:00,326038.386859678,326022.82590643497
2024-06-13 12:30:00,326020.10097943933,326022.92107178894
2024-06-13 16:30:00,326029.2890828888,326022.88088700385
2024-06-13 20:30:00,326022.17406467773,326022.85397249635
2024-06-14 00:30:00,326041.4411190488,326022.9059377489
2024-06-14 04:30:00,326037.0047626729,326022.9333235765
2024-06-14 08:30:00,326035.9547123387,326022.9666235333
2024-06-14 12:30:00,326026.8230368867,326022.9356507147
2024-06-14 16:30:00,326026.13942256226,326022.8695928556
2024-06-14 20:30:00,326022.4068190687,326022.86232789455
2024-06-15 00:30:00,326021.3329759006,326022.84451611724
2024-06-15 04:30:00,326019.8071198196,326022.7791807285
2024-06-15 08:30:00,326023.28800213686,326022.7484958499
2024-06-15 12:30:00,326027.0149302036,326022.8365996155
2024-06-15 16:30:00,326025.71339633275,326022.8058060789
2024-06-15 20:30:00,326030.13308355806,326022.76317914395
2024-06-16 00:30:00,326014.2864060418,326022.6959518716
2024-06-16 04:30:00,326023.3310574494,326022.66707374394
2024-06-16 08:30:00,326023.76390552596,326022.6149985625
2024-06-16 12:30:00,326027.1669134023,326022.63941390766
2024-06-16 16:30:00,326030.4335801845,326022.6959504188
2024-06-16 20:30:00,326015.65863556805,326022.6596344014
2024-06-17 00:30:00,326026.78560791817,326022.65660922596
2024-06-17 04:30:00,326037.5939715598,326022.6921992785
2024-06-17 08:30:00,326022.61768805806,326022.66215308104
2024-06-17 12:30:00,326021.3941271253,326022.75954883295
2024-06-17 16:30:00,326020.3445945079,326022.77122609195
2024-06-17 20:30:00,326020.96690669865,326022.71512692276
2024-06-18 00:30:00,326024.65169422125,326022.64251754386
2024-06-18 04:30:00,326021.7836642313,326022.5853570389
2024-06-18 08:30:00,326021.3393662401,326022.51402660174
2024-06-18 12:30:00,326042.4624875192,326022.54344693595
2024-06-18 16:30:00,326028.6814748001,326022.4498805291
2024-06-18 20:30:00,326021.70108520536,326022.3260665194
2024-06-19 00:30:00,326026.79711547587,326022.20799855504
2024-06-19 04:30:00,326015.79571943183,326022.15531974914
2024-06-19 08:30:00,326017.5319719356,326022.0898225992
2024-06-19 12:30:00,326030.25386124855,326022.0656481954
2024-06-19 16:30:00,326024.2867415824,326022.16703928576
2024-06-19 20:30:00,326040.46449938096,326022.37400900584
2024-06-20 00:30:00,326028.88626361114,326022.4334697944
2024-06-20 04:30:00,325992.47583083645,326022.4298535198
2024-06-20 08:30:00,326002.40306467586,326022.5394485448
2024-06-20 12:30:00,326013.6483522892,326022.4743064453
2024-06-20 16:30:00,326016.7969593574,326022.35007705004
2024-06-20 20:30:00,326028.52155254874,326022.27327274845
2024-06-21 00:30:00,326016.71066638205,326022.2131515643
2024-06-21 04:30:00,325996.1758290864,326021.95441711566
2024-06-21 08:30:00,326003.2561350894,326021.7524175462
2024-06-21 12:30:00,326015.9651416754,326021.60097835097
2024-06-21 16:30:00,326019.2937540802,326021.5490349609
2024-06-21 20:30:00,326023.1862836723,326021.5723398919
2024-06-22 00:30:00,326016.1279429194,326021.48871503427
2024-06-22 04:30:00,326001.68070190836,326021.50291414076
2024-06-22 08:30:00,326016.3614903985,326021.6210263758
2024-06-22 12:30:00,326021.6765131998,326021.5511165729
2024-06-22 16:30:00,326016.95856110315,326021.44578622037
2024-06-22 20:30:00,326027.06045727106,326021.41151058825
2024-06-23 00:30:00,326021.5200679571,326021.29024959437
2024-06-23 04:30:00,326005.9899689632,326021.3008100648
2024-06-23 08:30:00,326015.21591485344,326021.2911999453
2024-06-23 12:30:00,326019.446340566,326021.2434541264
2024-06-23 16:30:00,326022.92084143974,326021.1986445689
2024-06-23 20:30:00,326032.6621826507,326021.3770515034
2024-06-24 00:30:00,326034.74249918666,326021.5357721072
2024-06-24 04:30:00,326022.9467431585,326021.70227609575
2024-06-24 08:30:00,326027.5800287999,326021.973356841
2024-06-24 12:30:00,326028.2876110992,326021.9960647699
2024-06-24 16:30:00,326033.402051334,326022.1142542142
2024-06-24 20:30:00,326015.1129297481,326022.1145021957
2024-06-25 00:30:00,326014.1527255809,326022.07210257044
2024-06-25 04:30:00,326024.83199956996,326022.08070836513
2024-06-25 08:30:00,326021.55608923116,326022.047102463
2024-06-25 12:30:00,326016.78292101104,326022.0485681337
2024-06-25 16:30:00,326021.4538533769,326022.02154434955
2024-06-25 20:30:00,326032.7544707517,326022.1296425697
2024-06-26 00:30:00,326024.9375749729,326022.17723749205
2024-06-26 04:30:00,326047.43467478873,326022.2668454017
2024-06-26 08:30:00,326029.47947489924,326022.37053307315
2024-06-26 12:30:00,326012.76377287525,326022.34593299293
2024-06-26 16:30:00,326035.43333323946,326022.41850845754
2024-06-26 20:30:00,326021.6512821568,326022.39282758016
2024-06-27 04:30:00,326040.5944899759,326022.53320719063
2024-06-27 08:30:00,326025.26203246845,326022.595673552
2024-06-27 12:30:00,326010.3710113506,326022.5584264083
2024-06-27 16:30:00,326020.6751536112,326022.51524588215
2024-06-27 20:30:00,326028.85587702604,326022.5793667259
2024-06-28 00:30:00,326031.74414093664,326022.6573107112
2024-06-28 04:30:01,326039.9414106412,326022.7113571514
2024-06-28 16:30:00,326035.45277524507,326022.6862281
2024-06-29 00:30:01,326037.4398713513,326022.95117374905
2024-06-29 04:30:00,326024.8722308512,326022.86386830197
2024-06-29 08:30:00,326029.44444760605,326022.924695626
2024-06-29 12:30:00,326020.5851790025,326023.02439808275
2024-06-29 16:30:01,326027.31671426183,326023.0814344055
2024-06-30 00:30:00,326024.8100966561,326023.0325276106
2024-06-30 04:30:00,326005.1723672255,326022.8264657442
2024-06-30 12:30:00,326030.2188397559,326022.7119302153
2024-06-30 16:30:00,325997.0139603522,326022.57445306366
2024-06-30 20:30:01,326022.4530511279,326022.54880888294
2024-07-01 00:30:00,326031.46452324133,326022.6305079152
2024-07-01 04:30:00,326037.9003367547,326022.6823441464
2024-07-01 08:30:00,326001.5526373412,326022.536588557
2024-07-01 12:30:00,326021.10951913457,326022.4493138979
2024-07-01 16:30:00,326022.6492239908,326022.3978416205
2024-07-01 20:30:00,326035.49911523936,326022.4376902582
2024-07-02 00:30:00,326026.78638179234,326022.4807914155
2024-07-02 04:30:00,326024.57281251793,326022.5619900471
2024-07-02 08:30:00,326030.3446924156,326022.581677911
2024-07-02 12:30:00,326037.28325523704,326022.7088204092
2024-07-02 16:30:00,326031.33244404895,326022.732391687
2024-07-02 20:30:00,326029.58596088836,326022.75153276185
2024-07-03 00:30:00,326007.4932712786,326022.7202633532
2024-07-03 04:30:00,326021.1243656567,326022.82292083226
2024-07-03 08:30:00,326015.6057310538,326022.84274139785
2024-07-03 12:30:00,326026.12696592667,326022.89188530995
2024-07-03 16:30:00,326011.49510941724,326022.867222705
2024-07-03 20:30:00,326031.34145386703,326022.8690347523
2024-07-04 00:30:00,326002.13054382615,326022.7130271358
2024-07-04 04:30:00,325996.4105441807,326022.72714452416
2024-07-04 08:30:00,326021.2858651471,326022.84249511897
2024-07-04 12:30:00,326030.5538768237,326022.9124055084
2024-07-04 16:30:00,326017.4686969747,326022.9272152828
2024-07-04 20:30:00,326009.3704612611,326022.82256474474
2024-07-05 00:30:00,326026.43546296045,326022.8821924648
2024-07-05 04:30:00,326025.78911370964,326022.9563084378
2024-07-05 08:30:00,326020.2981808763,326023.02485320624
2024-07-05 12:30:00,326012.21390305203,326022.9560995131
2024-07-05 16:30:00,326035.29363960645,326023.10964746354
2024-07-05 20:30:00,326010.30182920344,326023.0536333224
2024-07-06 00:30:00,326015.9858399009,326023.0021630756
2024-07-06 04:30:00,326013.8399070945,326022.9093519549
2024-07-06 08:30:00,326017.7442188744,326022.9341941102
2024-07-06 12:30:00,326041.86073164904,326022.97661560023
2024-07-06 16:30:00,326036.9112703008,326022.9976050303
2024-07-06 20:30:00,326005.8047956009,326022.9319234861
2024-07-07 00:30:00,326017.4661559628,326022.953003059
2024-07-07 04:30:00,326003.0120471013,326022.8281646246
2024-07-07 08:30:00,325998.8793146941,326022.71376041835
2024-07-07 12:30:00,326017.93943578936,326022.85875267436
2024-07-07 16:30:00,326021.98489071504,326022.86999460374
2024-07-07 20:30:00,326002.98623062245,326022.7662316475
2024-07-08 00:30:00,326010.4209055624,326022.64351960435
2024-07-08 04:30:00,326000.61695306265,326022.5010548921
2024-07-08 08:30:00,326006.07221836736,326022.4562446641
2024-07-08 12:30:00,326014.6668666299,326022.49745620915
2024-07-08 16:30:00,326031.5865456907,326022.57020258997
2024-07-08 20:30:00,326019.265984832,326022.5486175757
2024-07-09 00:30:00,326023.1517345932,326022.5592513021
2024-07-09 04:30:00,326022.46494490927,326022.4145923588
2024-07-09 08:30:00,326017.13233354385,326022.34509277355
2024-07-09 12:30:00,326004.00350503926,326022.31721142214
2024-07-09 16:30:00,326015.1082323047,326022.21141489164
2024-07-09 20:30:00,326017.2081870073,326022.16346933186
2024-07-10 00:30:00,326016.6319848664,326022.0568988803
2024-07-10 04:30:00,326023.5517552298,326021.9533336387
2024-07-10 08:30:00,326025.965896605,326021.91577964294
2024-07-10 12:30:00,326038.568254552,326022.0328113227
2024-07-10 16:30:00,326047.6575124641,326022.20002084004
2024-07-10 20:30:00,326038.0767697829,326022.340069562
2024-07-11 00:30:00,326037.9662217546,326022.4380831839
2024-07-11 04:30:00,326039.09031159943,326022.54610179254
2024-07-11 08:30:00,326009.6407964178,326022.49381356844
2024-07-11 12:30:00,326001.2039792639,326022.3869599428
2024-07-11 16:30:00,326009.98456932616,326022.40298538934
2024-07-11 20:30:00,326009.3406569406,326022.39066863706
2024-07-12 00:30:00,326032.8617504701,326022.40254210995
2024-07-12 04:30:00,326039.3131633778,326022.4050518026
2024-07-12 08:30:00,326023.1653696849,326022.4291382815
2024-07-12 12:30:00,326020.7933206569,326022.38885465806
2024-07-12 16:30:00,326035.7432890319,326022.4024520122
2024-07-12 20:30:00,326029.8522804685,326022.38671025686
2024-07-13 00:30:00,326025.0111587654,326022.4307692679
2024-07-13 04:30:00,326042.44898540084,326022.49065021967
2024-07-13 08:30:00,326048.30215167766,326022.54763465637
2024-07-13 12:30:00,326037.321312163,326022.6466020859
2024-07-13 16:30:00,326028.0420020153,326022.6394349544
2024-07-13 20:30:00,326035.0928238905,326022.713680697
2024-07-14 00:30:00,326035.5060628232,326022.67957117845
2024-07-14 04:30:00,326010.71551702986,326022.5284835599
2024-07-14 08:30:00,326008.44046400645,326022.37035569584
2024-07-14 12:30:00,326035.5879780784,326022.42072892113
2024-07-14 16:30:00,326038.04192166857,326022.4891340884
2024-07-14 20:30:00,326038.09424005874,326022.57929168025
2024-07-15 00:30:00,326045.11598947673,326022.7159756664
2024-07-15 04:30:00,326023.18554623,326022.73539191013
2024-07-15 08:30:00,326011.2567194958,326022.6662466075
2024-07-15 12:30:00,326025.10636326036,326022.655277832
2024-07-15 16:30:00,326023.6581476371,326022.6434660579
2024-07-15 20:30:00,326035.8439148515,326022.6762869274
2024-07-16 00:30:00,326035.0426472086,326022.79557566973
2024-07-16 04:30:00,326018.87947108434,326022.7699918401
2024-07-16 08:30:00,325995.5192753493,326022.6076663793
2024-07-16 12:30:00,326022.9566391788,326022.583469401
2024-07-16 16:30:00,326033.2251860399,326022.5995131128
2024-07-16 20:30:00,326031.5658688242,326022.6909339936
2024-07-17 00:30:00,326025.5119915354,326022.6836143591
2024-07-17 04:30:00,326009.1572841983,326022.52018512145
2024-07-17 08:30:00,326014.1725264723,326022.4716497101
2024-07-17 12:30:00,326027.2404423916,326022.50524922303
2024-07-17 16:30:00,326029.0201885885,326022.55510895915
2024-07-17 20:30:00,326029.47772341996,326022.60402169893
2024-07-18 00:30:00,326026.3704654208,326022.6138996944
2024-07-18 04:30:00,326009.9522695426,326022.5459031732
2024-07-18 08:30:00,325995.80412286415,326022.3991489008
2024-07-18 12:30:00,326025.23222413094,326022.3001243986
2024-07-18 16:30:00,326031.0331161229,326022.31363957864
2024-07-18 20:30:00,326023.1247747614,326022.3218217026
2024-07-19 00:30:00,326020.63247102866,326022.28639271145
2024-07-19 04:30:00,326017.9927313134,326022.2990192166
2024-07-19 08:30:00,326012.71883726586,326022.2713575231
2024-07-19 12:30:00,326015.5476991234,326022.1868393499
2024-07-19 16:30:00,326016.9791847822,326022.144841897
2024-07-19 20:30:00,326010.94284050906,326021.97517719085
2024-07-20 00:30:00,326028.0186447046,326021.9701908753
2024-07-20 04:30:00,326007.3502476578,326022.0556760295
2024-07-20 08:30:00,326013.54768830433,326022.1197255905
2024-07-20 12:30:00,326033.0629505613,326022.2313037416
2024-07-20 16:30:00,326040.4101930281,326022.36701198097
2024-07-20 20:30:00,326029.0188761448,326022.36987016257
2024-07-21 00:30:00,326021.5533221127,326022.3977015174
2024-07-21 04:30:00,326049.0192309572,326022.7013992293
2024-07-21 08:30:00,326011.76853779174,326022.75032108393
2024-07-21 12:30:00,326022.5144955882,326022.7879610489
2024-07-21 16:30:00,326024.35203024885,326022.8170316016
2024-07-21 20:30:00,326008.50601720164,326022.73266225413
2024-07-22 00:30:00,326033.0992889474,326022.8301987255
2024-07-22 04:30:00,326027.3097990467,326022.9774923872
2024-07-22 08:30:00,326014.1576240404,326022.96482648863
2024-07-22 12:30:00,326038.59717890626,326023.0620716938
2024-07-22 16:30:00,326039.70013860014,326023.19277041504
2024-07-22 20:30:00,326020.976714543,326023.15780637634
2024-07-23 00:30:00,326033.0399272342,326023.22401246417
2024-07-23 04:30:00,326039.3644323669,326023.41581972514
2024-07-23 08:30:00,326006.0857263581,326023.36334737745
2024-07-23 12:30:00,326012.8898274415,326023.3256662675
2024-07-23 16:30:00,326011.1378983614,326023.2579482039
2024-07-23 20:30:00,326021.3442252733,326023.1929024718
2024-07-24 00:30:00,326029.16475972964,326023.1608464979
2024-07-24 04:30:00,326013.6850725707,326023.10761850607
2024-07-24 08:30:00,326013.8145895267,326023.0285067861
2024-07-24 12:30:00,326018.51481314015,326022.9723412806
2024-07-24 16:30:00,326034.42826651304,326022.97823906894
2024-07-24 20:30:00,326034.56349053065,326023.0900239011
2024-07-25 00:30:00,326036.9244587707,326023.22089593083
2024-07-25 04:30:00,326045.4327648571,326023.3392911336
2024-07-25 08:30:00,326009.5170198247,326023.2701010796
2024-07-25 12:30:00,326023.1143479289,326023.3064885906
2024-07-25 16:30:00,326039.4956468819,326023.41017705906
2024-07-25 20:30:00,326025.2277398886,326023.3669199851
2024-07-26 00:30:00,326025.71175938717,326023.37136932084
2024-07-26 04:30:00,326042.5215307174,326023.34313286067
2024-07-26 08:30:00,326035.82386584283,326023.37959487754
2024-07-26 12:30:00,326040.0226735805,326023.5362552265
2024-07-26 16:30:00,326032.75195164874,326023.5208449874
2024-07-26 20:30:00,326017.14993367204,326023.49497516855
2024-07-27 00:30:00,326019.28003530804,326023.4708897979
2024-07-27 04:30:00,326026.41939044296,326023.38988922915
2024-07-27 08:30:00,326029.4057828364,326023.41356780275
2024-07-27 12:30:00,326026.43816407974,326023.50538010406
2024-07-27 16:30:00,326030.01363718015,326023.55874286726
2024-07-27 20:30:00,326022.8998913817,326023.5247086636
2024-07-28 00:30:00,326022.330145532,326023.4709144041
2024-07-28 04:30:00,326004.0385164679,326023.3605030522
2024-07-28 08:30:00,326003.92680732213,326023.1558746242
2024-07-28 12:30:00,326023.13558966725,326023.15576001996
2024-07-28 16:30:00,326017.3877941645,326023.05369797995
2024-07-28 20:30:00,326019.4253591058,326023.0333140537
2024-07-29 00:30:00,326015.9908510275,326022.99397068477
2024-07-29 04:30:00,326011.35070388025,326022.83685030486
2024-07-29 08:30:00,326021.8720479166,326022.79430873354
2024-07-29 12:30:00,326028.1262885278,326022.8366745174
2024-07-29 16:30:00,326035.7588345947,326022.9088653559
2024-07-29 20:30:00,326033.1265887686,326022.94132275536
2024-07-30 00:30:00,326040.0356240879,326023.02638156776
2024-07-30 04:30:00,326012.56278300926,326023.0676688068
2024-07-30 08:30:00,326023.18600745214,326023.0683262437
2024-07-30 12:30:00,326006.2492054755,326022.9351616088
2024-07-30 16:30:00,326027.68275220017,326023.1055437857
2024-07-30 20:30:00,326051.8368629663,326023.2642803558
2024-07-31 00:30:00,326027.6750983869,326023.24773482454
2024-07-31 04:30:00,326013.2313518007,326023.1106849082
2024-07-31 08:30:00,326016.73183907,326023.1950138067
2024-07-31 12:30:00,326029.03090171283,326023.2390214876
2024-07-31 16:30:00,326032.03705740446,326023.2911761178
2024-07-31 20:30:00,326032.69125207234,326023.27557687793
2024-08-01 00:30:00,326043.47089045454,326023.36826859275
2024-08-01 04:30:00,326016.1399483391,326023.32141934725
2024-08-01 08:30:00,326014.9910029439,326023.23612107243
2024-08-01 12:30:00,326032.40939660184,326023.20904408
2024-08-01 16:30:00,326026.2455441202,326023.1807835249
2024-08-01 20:30:00,326028.17618782556,326023.17295145226
2024-08-02 00:30:00,326022.671440253,326023.2572746132
2024-08-02 04:30:00,326025.0618798758,326023.2791496922
2024-08-02 08:30:00,326012.540916573,326023.2621229451
2024-08-02 12:30:00,326035.2842064469,326023.31299650355
2024-08-02 16:30:00,326034.2771507811,326023.4395634
2024-08-02 20:30:00,326023.3763663314,326023.39531291375
2024-08-03 00:30:00,326020.8302278806,326023.49920004734
2024-08-03 04:30:00,326007.04738807806,326023.5582936246
2024-08-03 08:30:00,326022.6205389156,326023.56570847885
2024-08-03 12:30:00,326036.4651757102,326023.5985490282
2024-08-03 16:30:00,326033.5022502217,326023.687624324
2024-08-03 20:30:00,326032.35026570456,326023.81528990425
2024-08-04 00:30:00,326031.7726519998,326023.84494095447
2024-08-04 04:30:00,326017.23183464416,326023.7974005152
2024-08-04 08:30:00,326015.8136737819,326023.77248658694
2024-08-04 12:30:00,326021.51777039736,326023.82417473884
2024-08-04 16:30:00,326019.36646269774,326023.73569042265
2024-08-04 20:30:00,326036.181330443,326023.8794654296
2024-08-05 00:30:00,326040.0398705266,326024.01309893304
2024-08-05 04:30:00,326012.34632171056,326024.00480123644
2024-08-05 08:30:00,326028.0735796792,326024.0621865743
2024-08-05 12:30:00,326026.0501844417,326023.9743502009
2024-08-05 16:30:00,326024.412836329,326023.90491445665
2024-08-05 20:30:00,326027.1491241448,326024.0234940596
2024-08-06 00:30:00,326031.9018745304,326024.1036924962
2024-08-06 04:30:00,326045.96488003724,326024.34231934574
2024-08-06 08:30:00,326036.24174971954,326024.5498884292
2024-08-06 12:30:00,326036.0914038854,326024.6507326964
2024-08-06 16:30:00,326026.46099668706,326024.6755999518
2024-08-06 20:30:00,326029.87632012233,326024.82498933794
2024-08-07 00:30:00,326033.97876829054,326024.95586635306
2024-08-07 04:30:00,326038.2231143983,326025.16478947166
2024-08-07 08:30:00,326029.5498257203,326025.29522062367
2024-08-07 12:30:00,326044.32827911834,326025.46000624856
2024-08-07 16:30:00,326034.85663980787,326025.47817343805
2024-08-07 20:30:00,326021.35936505813,326025.48980332824
2024-08-08 00:30:00,326043.55902221054,326025.6031771483
2024-08-08 04:30:00,326034.760304183,326025.6714846998
2024-08-08 08:30:00,326020.0919128041,326025.68792680686
2024-08-08 12:30:00,326010.9984028703,326025.7267873503
2024-08-08 16:30:00,326034.64897533256,326025.8353470338
2024-08-08 20:30:00,326033.64528227487,326025.9266642298
2024-08-09 00:30:00,326026.80444826855,326025.98317791533
2024-08-09 04:30:00,326023.80398293014,326025.9845791803
2024-08-09 08:30:00,326022.03653999313,326025.96274942136
2024-08-09 12:30:00,326031.7515412323,326025.92487879185
2024-08-09 16:30:00,326042.4792117176,326025.89611045434
2024-08-09 20:30:00,326025.965755941,326025.82882704405
2024-08-10 00:30:00,326023.4554197424,326025.7482114773
2024-08-10 04:30:00,326047.94264739496,326025.79739112064
2024-08-10 08:30:00,326037.26664067106,326025.9508680332
2024-08-10 12:30:00,326030.0628448866,326026.11119506444
2024-08-10 16:30:00,326040.6810241683,326026.2817309246
2024-08-10 20:30:00,326044.2596196012,326026.47572516167
2024-08-11 00:30:00,326040.4902276111,326026.51810559025
2024-08-11 04:30:00,326049.5190230158,326026.57480481046
2024-08-11 08:30:00,326045.6649634199,326026.69980255346
2024-08-11 12:30:00,326040.63542622,326026.8100364732
2024-08-11 16:30:00,326058.3973688589,326026.9358924722
2024-08-11 20:30:00,326068.964372198,326027.15318187076
2024-08-12 00:30:00,326025.9807881353,326027.15856870054
2024-08-12 04:30:00,326047.25928601203,326027.1852925928
2024-08-12 08:30:00,326054.051067504,326027.2172310141
2024-08-12 12:30:00,326036.15131012193,326027.2107310028
2024-08-12 16:30:00,326039.3046342711,326027.27330118197
2024-08-12 20:30:00,326043.9580225565,326027.3225522857
2024-08-13 04:30:00,326044.73663631,326027.4668964686
2024-08-13 08:30:00,326045.5313981177,326027.67410839105
2024-08-13 12:30:00,326026.2225086588,326027.62178733276
2024-08-13 16:30:00,326036.34196295304,326027.6122903567
2024-08-13 20:30:00,326047.42050453415,326027.66439239297
2024-08-14 00:30:00,326001.7572413793,326027.4221647499
2024-08-14 04:30:00,326001.9579324663,326027.30357472884
2024-08-14 08:30:00,326032.10139948875,326027.4200254551
2024-08-14 12:30:00,326036.6709776569,326027.48463223944
2024-08-14 16:30:00,326022.6114516675,326027.4787847759
2024-08-14 20:30:00,326029.390981249,326027.4427348675
2024-08-15 00:30:00,326022.7317010929,326027.3739586323
2024-08-15 04:30:00,325996.9924160931,326027.251684582
2024-08-15 08:30:00,326018.957996472,326027.38262715813
2024-08-15 12:30:00,326034.5326262914,326027.44729747716
2024-08-15 16:30:00,326024.96015108755,326027.4011240976
2024-08-15 20:30:00,326031.1942609373,326027.39904807584
2024-08-16 00:30:00,326030.4397410372,326027.4265774027
2024-08-16 08:30:00,326020.66491110163,326027.56568795233
2024-08-16 12:30:00,326025.393515076,326027.55531195615
2024-08-16 16:30:00,326016.7899513676,326027.4866027583
2024-08-16 20:30:00,326027.06000030134,326027.47302004416
2024-08-17 00:30:00,326023.9565277148,326027.4594585963
2024-08-17 04:30:00,326022.8051845993,326027.5316659843
2024-08-17 08:30:00,326015.0591755178,326027.63984043745
2024-08-17 12:30:00,326040.4515883274,326027.72534248343
2024-08-17 16:30:00,326026.16210335057,326027.69797724317
2024-08-17 20:30:00,326017.9828990379,326027.66909030086
2024-08-18 00:30:00,326023.2471225517,326027.6837793544
2024-08-18 04:30:00,326012.76963644184,326027.6544361248
2024-08-18 08:30:00,326015.64588118036,326027.6708801917
2024-08-18 12:30:00,326036.94240052806,326027.79107514344
2024-08-18 16:30:00,326030.17763570615,326027.8652237441
2024-08-18 20:30:00,326018.0441845509,326027.9051189354
2024-08-19 00:30:00,326031.32932271296,326027.92371825
2024-08-19 04:30:00,326008.70310346765,326027.9313185636
2024-08-19 08:30:00,326022.5970041539,326027.9821574167
2024-08-19 12:30:00,326038.319239537,326028.01168712997
2024-08-19 16:30:00,326028.3093374421,326027.94370479527
2024-08-19 20:30:00,326030.90184133605,326027.95428325137
2024-08-20 00:30:00,326039.5334360354,326028.0552951274
2024-08-20 04:30:00,326014.3603578896,326027.86058235733
2024-08-20 08:30:00,326020.32257765,326027.908638761
2024-08-20 12:30:00,326041.12538382824,326028.013194313
2024-08-20 16:30:00,326034.64934891555,326028.07104441774
2024-08-20 20:30:00,326040.5088424213,326028.2508355707
2024-08-21 00:30:00,326035.5355713916,326028.26452255074
2024-08-21 04:30:00,326018.6326834546,326028.2157747103
2024-08-21 08:30:00,326039.99497136666,326028.360928347
2024-08-21 12:30:00,326041.32442861143,326028.37624997454
2024-08-21 16:30:00,326026.13348644803,326028.3000328276
2024-08-21 20:30:00,326026.7980950231,326028.33273721236
2024-08-22 00:30:00,326032.88259490055,326028.33185332286
2024-08-22 04:30:00,326043.2945689628,326028.353932742
2024-08-22 08:30:00,326039.32523410587,326028.5406715495
2024-08-22 12:30:00,326029.492876548,326028.63394710625
2024-08-22 16:30:00,326041.8311103238,326028.8063808813
2024-08-22 20:30:00,326036.71811388806,326028.89275104215
2024-08-23 00:30:00,326041.0888670388,326028.959740409
2024-08-23 04:30:00,326034.01181414694,326029.0739355864
2024-08-23 08:30:00,326033.8516099342,326029.18650311674
2024-08-23 12:30:00,326033.38602354034,326029.2700492426
2024-08-23 16:30:00,326051.1576798699,326029.3640347109
2024-08-23 20:30:00,326040.9444398593,326029.3998827408
2024-08-24 00:30:00,326040.848755695,326029.42192935274
2024-08-24 04:30:00,326037.63530236867,326029.3781233838
2024-08-24 08:30:00,326027.6420253006,326029.4799492572
2024-08-24 12:30:00,326045.77999005467,326029.6072843253
2024-08-24 16:30:00,326056.63017470366,326029.7035457175
2024-08-24 20:30:00,326050.97045368876,326029.8481677052
2024-08-25 00:30:00,326063.8574087616,326030.06246910617
2024-08-25 04:30:00,326045.950105048,326030.08173075976
2024-08-25 08:30:00,326029.5609956488,326030.04654609575
2024-08-25 12:30:00,326033.37965916307,326030.00922579
2024-08-25 16:30:00,326039.4626426032,326030.04692630103
2024-08-25 20:30:00,326028.88774455106,326030.11286905874
2024-08-26 00:30:00,326037.6314460966,326030.2159668721
2024-08-26 04:30:00,326013.6935504054,326030.14447338885
2024-08-26 08:30:00,326014.089205373,326030.0584252008
2024-08-26 12:30:00,326029.8305293962,326030.0774834329
2024-08-26 16:30:00,326040.98147713946,326030.1391005113
2024-08-26 20:30:00,326040.3359878755,326030.23705610965
2024-08-27 00:30:00,326045.2149873796,326030.36562263686
2024-08-27 04:30:00,326028.3919155247,326030.5024394855
2024-08-27 08:30:00,326032.00913433655,326030.66020536766
2024-08-27 12:30:00,326035.0476224988,326030.72712690034
2024-08-27 16:30:00,326038.4790257249,326030.8456169653
2024-08-27 20:30:00,326041.5905750418,326030.9701406503
2024-08-28 00:30:00,326014.9006449781,326030.9640158973
2024-08-28 04:30:00,326006.66104464646,326030.93766949704
2024-08-28 08:30:00,326017.3862736327,326030.91246851796
2024-08-28 12:30:00,326023.39975608466,326030.8859149649
2024-08-28 16:30:00,326033.0777862979,326030.8708528958
2024-08-28 20:30:00,326043.0139652157,326030.9263999544
2024-08-29 00:30:00,326044.5953401488,326030.95201633684
2024-08-29 04:30:00,326030.8376047766,326031.0546838748
2024-08-29 08:30:00,326019.1194579578,326031.0318380912
2024-08-29 12:30:00,326042.2131063418,326031.2338824781
2024-08-29 16:30:00,326043.0099098182,326031.31999010517
2024-08-29 20:30:00,326035.5782944961,326031.22864983283
2024-08-30 00:30:00,326048.98811271944,326031.3483858684
2024-08-30 04:30:00,326026.52844325575,326031.4230886294
2024-08-30 08:30:00,326011.5014446974,326031.3937043914
2024-08-30 12:30:00,326029.554837066,326031.3966478484
2024-08-30 16:30:00,326032.1698937526,326031.39739412
2024-08-30 20:30:00,326028.63849658804,326031.3746258308
2024-08-31 00:30:00,326035.33383997536,326031.328912064
2024-08-31 04:30:00,326031.77320982044,326031.41673937574
2024-08-31 08:30:00,326012.74220939615,326031.4041057041
2024-08-31 12:30:00,326028.43742676516,326031.3817912669
2024-08-31 16:30:00,326047.19170354406,326031.49946631974
2024-08-31 20:30:00,326029.18492887524,326031.50513340434
2024-09-01 00:30:00,326032.4739780654,326031.5602038415
2024-09-01 04:30:00,326022.11863742967,326031.54366877157
2024-09-01 08:30:00,326021.8808046169,326031.5961400527
2024-09-01 12:30:00,326042.2704350404,326031.63538852794
2024-09-01 16:30:00,326024.071251506,326031.5780520152
2024-09-01 20:30:00,326040.82602183253,326031.67608378764
2024-09-02 00:30:00,326036.4942202788,326031.76408374496
2024-09-02 04:30:00,326018.87967713276,326031.8305572789
2024-09-02 08:30:00,326007.55223782413,326031.745903902
2024-09-02 12:30:00,326019.7524319202,326031.65201208304
2024-09-02 16:30:00,326034.4417036593,326031.65728991124
2024-09-02 20:30:00,326037.7925940911,326031.6878647899
2024-09-03 00:30:00,326034.73911437887,326031.70453030884
2024-09-03 04:30:00,326019.23068987223,326031.7157598326
2024-09-03 08:30:00,326027.8225433605,326031.78322539205
2024-09-03 12:30:00,326028.69167902024,326031.82352824946
2024-09-03 16:30:00,326027.10320141533,326031.8669930738
2024-09-03 20:30:00,326023.76664359804,326031.79724764195
2024-09-04 00:30:00,326035.84775262635,326031.77369641786
2024-09-04 04:30:00,326033.63955857314,326031.89332134405
2024-09-04 08:30:00,326026.50387428823,326031.88450277445
2024-09-04 12:30:00,326031.4777407403,326031.91499466373
2024-09-04 16:30:00,326047.0898670524,326032.04239371273
2024-09-04 20:30:00,326047.0044707993,326032.15394060407
2024-09-05 04:30:00,326042.8022296984,326032.1374966252
2024-09-05 08:30:00,326036.07680126996,326032.13656471303
2024-09-05 12:30:00,326054.2615812013,326032.23922108207
2024-09-05 16:30:00,326047.0278273385,326032.3554178654
2024-09-05 20:30:00,326010.1505742249,326032.2439729733
2024-09-06 00:30:00,326045.9907579318,326032.31183732155
2024-09-06 04:30:00,326048.7237776128,326032.37116310245
2024-09-06 08:30:00,326037.3090703047,326032.4150006424
2024-09-06 12:30:00,326029.40971218026,326032.33071495354
2024-09-06 16:30:00,326047.5653869692,326032.40251578495
2024-09-06 20:30:00,326032.53745512775,326032.4656688362
2024-09-07 00:30:00,326031.81024816615,326032.3992915817
2024-09-07 04:30:00,326036.03661974403,326032.4065024041
2024-09-07 08:30:00,326038.1982774019,326032.5087982493
2024-09-07 12:30:00,326036.1743823011,326032.65103542124
2024-09-07 16:30:00,326037.30040498666,326032.6660152497
2024-09-07 20:30:00,326033.2189027202,326032.66360632575
2024-09-08 00:30:00,326045.64699024725,326032.77006136515
2024-09-08 04:30:00,326056.11969988875,326032.95263603725
2024-09-08 08:30:00,326039.20477794064,326033.0496317318
2024-09-08 12:30:00,326029.8749097443,326033.03902929404
2024-09-08 16:30:00,326008.93445266754,326032.8495108813
2024-09-08 20:30:00,325998.64833778294,326032.69517518557
2024-09-09 00:30:00,326046.868107748,326032.82745025906
2024-09-09 04:30:00,326032.70023032307,326032.74133490835
2024-09-09 08:30:00,326002.95313277765,326032.5474732818
2024-09-09 12:30:00,326020.84461144195,326032.4953928669
2024-09-09 16:30:00,326040.8597997567,326032.49640289845
2024-09-09 20:30:00,326032.7108957878,326032.43115587125
2024-09-10 00:30:00,326033.40974643413,326032.39115315274
2024-09-10 04:30:00,326029.3441344773,326032.2771707316
2024-09-10 08:30:00,326040.3564353942,326032.24717904784
2024-09-10 12:30:00,326031.2659587052,326032.19424420316
2024-09-10 16:30:00,326044.81698304415,326032.11751885957
2024-09-10 20:30:00,326047.8308225841,326031.99812027416
2024-09-11 00:30:00,326028.3980209932,326032.011776957
2024-09-11 04:30:00,326028.12868002924,326031.90369443735
2024-09-11 08:30:00,326008.58563435747,326031.64682758343
2024-09-11 12:30:00,326021.6460580722,326031.56487700687
2024-09-11 16:30:00,326040.66357862094,326031.5725546585
2024-09-11 20:30:00,326027.874807017,326031.481689034
2024-09-12 00:30:00,325994.0428479406,326031.27135846607
2024-09-12 04:30:00,326007.53467434476,326031.0623586797
2024-09-12 08:30:00,326005.4508930807,326030.8371873031
2024-09-12 12:30:00,326040.64918088785,326030.9182360235
2024-09-12 16:30:00,326042.17792226543,326030.9510223118
2024-09-12 20:30:00,326043.12418193824,326030.92688566796
2024-09-13 00:30:00,326023.16015753406,326031.04712676996
2024-09-13 04:30:00,326018.8467406938,326031.14200771507
2024-09-13 08:30:00,326015.19835549727,326031.0470467938
2024-09-13 12:30:00,326031.34056294855,326031.0171006438
2024-09-13 16:30:00,326031.05798233417,326031.0645530632
2024-09-13 20:30:00,326036.008601114,326031.1017307029
2024-09-14 00:30:00,326048.7206602572,326031.24773609143
2024-09-14 04:30:00,326039.19679821865,326031.48483936186
2024-09-14 08:30:00,326029.74094762537,326031.5454177391
2024-09-14 12:30:00,326038.70360622293,326031.56885021063
2024-09-14 16:30:00,326037.0164498194,326031.63658222597
2024-09-14 20:30:00,326037.04459187004,326031.6694492537
2024-09-15 00:30:00,326019.1363850308,326031.60594725364
2024-09-15 04:30:00,326009.7666540228,326031.4839400289
2024-09-15 08:30:00,326028.3396983581,326031.5268159354
2024-09-15 12:30:00,326040.7053712885,326031.6123570315
2024-09-15 16:30:00,326020.69323793147,326031.63416310167
2024-09-15 20:30:00,326027.6348472689,326031.63737453724
2024-09-16 00:30:00,326029.00843002874,326031.6655974552
2024-09-16 04:30:00,326016.94289955724,326031.6328472594
2024-09-16 08:30:00,326012.6565166108,326031.619424584
2024-09-16 12:30:00,326039.73583867843,326031.61542598257
2024-09-16 16:30:00,326030.2578917214,326031.6383074819
2024-09-16 20:30:00,326037.9076811684,326031.7496191139
2024-09-17 00:30:00,326027.87361243856,326031.7754654261
2024-09-17 04:30:00,326029.3364582248,326031.8680175031
2024-09-17 08:30:00,326018.89816949604,326031.88618671155
2024-09-17 12:30:00,326044.55901303765,326031.9287376194
2024-09-17 16:30:00,326032.10126764746,326031.9394841667
2024-09-17 20:30:00,326038.85454004316,326032.05574313586
2024-09-18 00:30:00,326033.3916942778,326032.0672647647
2024-09-18 04:30:00,326031.3532904486,326032.1938021222
2024-09-18 08:30:00,326026.3383018684,326032.2147032267
2024-09-18 12:30:00,326038.97691905324,326032.218377414
2024-09-18 16:30:00,326041.15433742566,326032.2901371904
2024-09-18 20:30:00,326038.3489281168,326032.3317410272
2024-09-19 00:30:00,326028.6348214695,326032.27085491223
2024-09-19 04:30:00,326033.2015919592,326032.3761132031
2024-09-19 08:30:00,326026.11256703,326032.4084595125
2024-09-19 12:30:00,326047.7556089539,326032.44549987634
2024-09-19 16:30:00,326043.2099590898,326032.4933245142
2024-09-19 20:30:00,326035.28370792454,326032.4641338187
2024-09-20 00:30:00,326036.13220694824,326032.4674669782
2024-09-20 04:30:00,326045.3420741314,326032.6166814513
2024-09-20 08:30:00,326029.3191802523,326032.5570401601
2024-09-20 12:30:00,326036.41752401984,326032.5296272853
2024-09-20 16:30:00,326033.1020333544,326032.568557715
2024-09-20 20:30:00,326023.7181163968,326032.5513511305
2024-09-21 00:30:00,326025.03541928733,326032.5075121606
2024-09-21 04:30:00,326037.8068058467,326032.476854266
2024-09-21 08:30:00,326020.21559756785,326032.37009652006
2024-09-21 12:30:00,326026.1269256033,326032.3512923248
2024-09-21 16:30:00,326035.1505061805,326032.313970514
2024-09-21 20:30:00,326022.2910210741,326032.2333722301
2024-09-22 00:30:00,326021.355434566,326032.12312959053
2024-09-22 04:30:00,326032.81737648894,326032.11645675445
2024-09-22 08:30:00,326040.6622232951,326032.15450487385
2024-09-22 12:30:00,326041.8810268031,326032.2019629926
2024-09-22 16:30:00,326030.9865138311,326032.0892749141
2024-09-22 20:30:00,326035.32909061474,326032.057904248
2024-09-23 00:30:00,326024.8028220749,326031.9682621607
2024-09-23 04:30:00,326029.80286085745,326031.92450550426
2024-09-23 08:30:00,326040.6249157262,326031.99703561835
2024-09-23 12:30:00,326042.30327219784,326031.9776126135
2024-09-23 16:30:00,326034.88536979444,326031.8561332566
2024-09-23 20:30:00,326017.35085092124,326031.6683142467
2024-09-24 00:30:00,326014.9029232203,326031.3948255006
2024-09-24 04:30:00,326011.3233706073,326031.2013800568
2024-09-24 08:30:00,326013.4294506336,326031.1112596936
2024-09-24 12:30:00,326035.17250463815,326031.1212755901
2024-09-24 16:30:00,326046.7503397417,326031.16198898194
2024-09-24 20:30:00,326032.45979521726,326031.18194457225
2024-09-25 00:30:00,326046.9974755583,326031.23426875926
2024-09-25 04:30:00,326035.57430217584,326031.35650759586
2024-09-25 08:30:00,326040.2843126111,326031.5028489771
2024-09-25 12:30:00,326033.3442002235,326031.52247842314
2024-09-25 16:30:00,326030.47155941284,326031.46376379894
2024-09-25 20:30:00,326036.89748207654,326031.4445542693
2024-09-26 00:30:00,326016.87365210766,326031.28622278734
2024-09-26 04:30:00,326044.142560047,326031.37421521486
2024-09-26 08:30:00,326026.7178313714,326031.3446548631
2024-09-26 12:30:00,326014.13944826886,326031.2278494205
2024-09-26 16:30:00,326036.9642779516,326031.2193871424
2024-09-26 20:30:00,326041.29529108456,326031.2177375114
2024-09-27 00:30:00,326033.83611185965,326031.32352224254
2024-09-27 04:30:00,326019.75816321763,326031.3966905027
2024-09-27 08:30:00,326032.8732671308,326031.4832100195
2024-09-27 12:30:00,326034.28028807655,326031.54399511445
2024-09-27 16:30:00,326035.5136245424,326031.55760314927
2024-09-27 20:30:00,326033.49743570224,326031.50443817995
2024-09-28 00:30:00,326012.3083003483,326031.3240636559
2024-09-28 04:30:00,326000.5363686849,326031.15478300734
2024-09-28 08:30:00,325996.428911002,326031.0280201752
2024-09-28 12:30:00,326034.0266342643,326030.9822856943
2024-09-28 16:30:00,326032.8995221895,326030.92580308195
2024-09-28 20:30:00,326049.1837538299,326031.0018112345
2024-09-29 00:30:00,326038.2535622778,326030.94184167904
2024-09-29 04:30:00,326041.2149781064,326031.0238893598
2024-09-29 08:30:00,326050.0501333932,326031.23924516246
2024-09-29 12:30:00,326030.8695955121,326031.24659018184
2024-09-29 16:30:00,326037.46008957503,326031.2761443484
2024-09-29 20:30:00,326022.1711950357,326031.24001417216
2024-09-30 00:30:00,326009.0759824632,326031.0933222307
2024-09-30 04:30:00,326022.12608058436,326031.03942765394
2024-09-30 08:30:00,326013.53881475236,326031.0438779632
2024-09-30 12:30:00,326044.64733122627,326031.1344360886
2024-09-30 16:30:00,326030.4961746811,326031.04116497777
2024-09-30 20:30:00,326030.94245050143,326031.0509835343
2024-10-01 00:30:00,326047.3210030754,326031.1339278081
2024-10-01 04:30:00,326032.3346975605,326031.19100076973
2024-10-01 08:30:00,326028.8882659491,326031.2301485984
2024-10-01 12:30:00,326047.9233787988,326031.2617292898
2024-10-01 16:30:00,326054.17474438297,326031.4299052276
2024-10-01 20:30:00,326044.33784270653,326031.4495243387
2024-10-02 00:30:00,326044.8745762192,326031.49634196964
2024-10-02 04:30:00,326031.3520537184,326031.56602005113
2024-10-02 08:30:00,326049.11483977846,326031.7982133581
2024-10-02 12:30:00,326055.0217361598,326031.9952485773
2024-10-02 16:30:00,326046.7607773706,326032.06407021824
2024-10-02 20:30:00,326000.89317853615,326031.8579282318
2024-10-03 00:30:00,326044.9577672763,326031.91501567827
2024-10-03 04:30:00,326042.8445732351,326032.0469368143
2024-10-03 08:30:00,326023.45022009616,326032.02251042734
2024-10-03 12:30:00,326032.6095126989,326032.0443977663
2024-10-03 16:30:00,326042.0115983165,326032.12768489984
2024-10-03 20:30:00,326026.685932322,326032.14399377536
2024-10-04 00:30:00,326034.04710996913,326032.1339343192
2024-10-04 04:30:00,326048.02357017464,326032.21429192595
2024-10-04 08:30:00,326038.4490703261,326032.2810248647
2024-10-04 12:30:00,326058.5174046603,326032.4320844397
2024-10-04 16:30:00,326038.77732075483,326032.3856456335
2024-10-04 20:30:00,326024.5176835345,326032.2600211236
2024-10-05 00:30:00,326041.8059650743,326032.3130541456
2024-10-05 04:30:00,326055.6767374145,326032.3845791885
2024-10-05 08:30:00,326043.0768958418,326032.42346860276
2024-10-05 12:30:00,326036.4888573847,326032.3247312482
2024-10-05 16:30:00,326031.3206988655,326032.23746942333
2024-10-05 20:30:00,326011.222789922,326032.24342617724
2024-10-06 00:30:00,326010.11472548975,326032.04411488597
2024-10-06 04:30:00,326021.31249249855,326031.8918299686
2024-10-06 08:30:00,326018.60308234463,326031.7879078133
2024-10-06 12:30:00,326015.68148553127,326031.7116398875
2024-10-06 16:30:00,326054.8181058319,326031.7519327701
2024-10-06 20:30:00,326016.10656702775,326031.6606500583
2024-10-07 00:30:00,326019.28762891673,326031.59107995144
2024-10-07 04:30:00,326050.0303969892,326031.6688231583
2024-10-07 08:30:00,326035.21907488786,326031.6522720333
2024-10-07 12:30:00,326037.94114226464,326031.6620873664
2024-10-07 16:30:00,326021.4311821414,326031.57392501726
2024-10-07 20:30:00,326019.7981713905,326031.4993653988
2024-10-08 00:30:00,326013.69370919454,326031.32184717065
2024-10-08 04:30:00,326008.00961529586,326031.05456892296
2024-10-08 08:30:00,326016.63489515765,326030.92918068526
2024-10-08 12:30:00,326021.4378591923,326030.8823081822
2024-10-08 16:30:00,326016.9622903415,326030.9269072804
2024-10-08 20:30:00,326017.2355823031,326031.0301697499
2024-10-09 00:30:00,326002.6315852181,326030.7844112914
2024-10-09 04:30:00,326028.46626937925,326030.7608892862
2024-10-09 08:30:00,326036.59913473,326030.94781151926
2024-10-09 12:30:00,326040.87422127393,326031.0590871294
2024-10-09 16:30:00,326025.77058990573,326030.9752581858
2024-10-09 20:30:00,326047.6404624196,326031.0582002227
2024-10-10 00:30:00,326011.6041896001,326030.93705824023
2024-10-10 04:30:00,325996.4843843782,326030.7545040731
2024-10-10 08:30:00,326030.90126318345,326030.70197533857
2024-10-10 12:30:00,326020.1825304385,326030.64040073706
2024-10-10 16:30:00,326049.4468940491,326030.66612246487
2024-10-10 20:30:00,326042.55863347003,326030.6368325254
2024-10-11 00:30:00,326013.4208011864,326030.5536257486
2024-10-11 04:30:00,326023.5555757843,326030.52821961395
2024-10-11 08:30:00,326044.32308972307,326030.7267610326
2024-10-11 12:30:00,326034.884654525,326030.8003087907
2024-10-11 16:30:00,326025.9695260327,326030.71867516526
2024-10-11 20:30:00,326024.97853969,326030.7025847912
2024-10-12 00:30:00,326026.9547130396,326030.88542848616
2024-10-12 04:30:00,326013.9138046151,326030.92086809874
2024-10-12 08:30:00,326013.73314915324,326030.9668806325
2024-10-12 12:30:00,326029.52006676985,326030.90505222074
2024-10-12 16:30:00,326046.15999896475,326030.92717486905
2024-10-12 20:30:00,326011.92208160064,326030.75382986723
2024-10-13 00:30:00,326013.2639170145,326030.6988507532
2024-10-13 04:30:00,326017.35102698574,326030.6905412326
2024-10-13 08:30:00,326033.99573092186,326030.79497109604
2024-10-13 12:30:00,326036.4447451802,326030.82332766405
2024-10-13 16:30:00,326029.9720283362,326030.8172945863
2024-10-13 20:30:00,326015.671937521,326030.70431312185
2024-10-14 00:30:00,326043.408530928,326030.6748012922
2024-10-14 04:30:00,326004.855423388,326030.4840158765
2024-10-14 08:30:00,326002.20548033644,326030.33104105823
2024-10-14 12:30:00,326014.6273425346,326030.1972840378
2024-10-14 16:30:00,326042.3312613829,326030.22681076865
2024-10-14 20:30:00,326040.1954920332,326030.2443157695
2024-10-15 00:30:00,326028.8383275503,326030.2982154502
2024-10-15 04:30:00,326040.6917838814,326030.47002172726
2024-10-15 08:30:00,326046.7131967576,326030.5720967183
2024-10-15 12:30:00,326037.23455788114,326030.5528144216
2024-10-15 16:30:00,326040.2016871871,326030.6611946953
2024-10-15 20:30:00,326024.14275763213,326030.6417941973
2024-10-16 00:30:00,326021.8887294761,326030.6022403054
2024-10-16 04:30:00,326043.8917028831,326030.7519558794
2024-10-16 08:30:00,326023.66056343366,326030.8130894729
2024-10-16 12:30:00,326045.55647306563,326030.8454263306
2024-10-16 16:30:00,326026.68029570585,326030.82555079716
2024-10-16 20:30:00,325998.8670458706,326030.60865837877
2024-10-17 00:30:00,326008.36591369455,326030.5002822746
2024-10-17 04:30:00,326006.9554176383,326030.37594316027
2024-10-17 08:30:00,326025.60666081036,326030.4132125565
2024-10-17 12:30:00,326032.8939877674,326030.3484068606
2024-10-17 16:30:00,326016.0944371422,326030.2594800244
2024-10-17 20:30:00,326029.73508980125,326030.20881641196
2024-10-18 00:30:00,326044.8180254485,326030.27229602955
2024-10-18 04:30:00,326032.87965714815,326030.2807758446
2024-10-18 08:30:00,326019.0652063775,326030.2403697585
2024-10-18 12:30:00,326020.80914470146,326030.13943767874
2024-10-18 16:30:00,326053.5349945252,326030.2082191071
2024-10-18 20:30:00,326011.7937710532,326030.06069045677
2024-10-19 00:30:00,326005.7005882823,326029.93327805016
2024-10-19 04:30:00,326020.0523017298,326029.86022643774
2024-10-19 08:30:00,326023.9466151105,326029.84819337155
2024-10-19 12:30:00,326040.9474234884,326029.81037011894
2024-10-19 16:30:00,326036.8443202127,326029.77500545856
2024-10-19 20:30:00,326016.7784422296,326029.6721984269
2024-10-20 00:30:00,326017.40779253305,326029.56817390234
2024-10-20 04:30:00,326023.0439860639,326029.4442956353
2024-10-20 08:30:00,326027.76117807784,326029.4356400677
2024-10-20 12:30:00,326039.5359212544,326029.4529644967
2024-10-20 16:30:00,326043.84579311014,326029.512652051
2024-10-20 20:30:00,326022.5531594385,326029.5061800679
2024-10-21 00:30:00,325981.85987979494,326029.2663159596
2024-10-21 04:30:00,325986.91998129024,326028.9836113787
2024-10-21 08:30:00,326020.3101624313,326028.98413673905
2024-10-21 12:30:00,326047.03708044393,326029.1003042659
2024-10-21 16:30:00,326030.92100569507,326029.076807041
2024-10-21 20:30:00,326023.2070278434,326029.08189596754
2024-10-22 00:30:00,326037.0476670602,326029.16907503695
2024-10-22 04:30:00,326059.9617318233,326029.319877011
2024-10-22 08:30:00,326044.72876562853,326029.3424689129
2024-10-22 12:30:00,326027.3116083793,326029.2615276994
2024-10-22 16:30:00,326034.7018581155,326029.282168501
2024-10-22 20:30:00,326029.3318910691,326029.2488507257
2024-10-23 00:30:00,325986.32426267385,326029.0350809513
2024-10-23 04:30:00,326007.4566259655,326028.91093520186
2024-10-23 08:30:00,326018.6119974124,326028.7886412113
2024-10-23 12:30:00,326055.81070690317,326028.86368251516
2024-10-23 16:30:00,326027.5959237147,326028.8231855925
2024-10-23 20:30:00,326033.7344952199,326028.9142058386
2024-10-24 00:30:00,326017.3526058186,326028.9278151864
2024-10-24 04:30:00,326042.2234891217,326029.09948251146
2024-10-24 08:30:00,326031.9415161845,326029.2023273201
2024-10-24 12:30:00,326041.00206204987,326029.23471375013
2024-10-24 16:30:00,326049.73500495136,326029.25129522354
2024-10-24 20:30:00,326058.1549272663,326029.39404595713
2024-10-25 00:30:00,326002.1582317818,326029.1449390472
2024-10-25 04:30:00,326014.0928457755,326029.02559762285
2024-10-25 08:30:00,326044.98093231727,326029.05168995453
2024-10-25 12:30:00,326046.0755058437,326029.1224194302
2024-10-25 16:30:00,326048.0238207972,326029.21993199346
2024-10-25 20:30:00,326038.6704015395,326029.229781546
2024-10-26 00:30:00,326002.21970769065,326029.1483707437
2024-10-26 04:30:00,326016.60395491397,326028.995378493
2024-10-26 08:30:00,326039.7237426955,326029.06763355585
2024-10-26 12:30:00,326051.5181872215,326029.2752932167
2024-10-26 16:30:00,326051.884903173,326029.35818557907
2024-10-26 20:30:00,326034.77693629084,326029.3219724968
2024-10-27 00:30:00,326010.410720221,326029.1918314322
2024-10-27 04:30:00,326019.0510229855,326029.1879028753
2024-10-27 08:30:00,326020.88159170205,326029.12128245627
2024-10-27 12:30:00,326034.6720231829,326029.1234587624
2024-10-27 16:30:00,326046.8341396487,326029.186350513
2024-10-27 20:30:00,326046.9395416908,326029.2610288796
2024-10-28 00:30:00,326017.09224524326,326029.2876063513
2024-10-28 04:30:00,325995.61018971377,326029.26023869036
2024-10-28 08:30:00,326020.4421691403,326029.39364568
2024-10-28 12:30:00,326036.0153283692,326029.4046939806
2024-10-28 16:30:00,326015.75685458543,326029.30945693835
2024-10-28 20:30:00,326022.75939155376,326029.1626549257
2024-10-29 00:30:00,326042.2324905487,326029.18476008275
2024-10-29 04:30:00,326035.71384593763,326029.15419823735
2024-10-29 08:30:00,326015.7273729911,326028.9635162352
2024-10-29 12:30:00,326036.19340973726,326028.9930929808
2024-10-29 16:30:00,326037.99843784404,326028.9960838045
2024-10-29 20:30:00,326048.610807096,326029.14297053823
2024-10-30 00:30:00,326040.0150005871,326029.31485397223
2024-10-30 08:30:00,326030.994383049,326029.4525318587
2024-10-30 12:30:00,326038.24892204016,326029.4167865561
2024-10-30 16:30:00,326032.67743049294,326029.42897234263
2024-10-31 00:30:00,326033.6017396919,326029.34339514305
2024-10-31 04:30:00,326043.3640008307,326029.4053575209
2024-10-31 08:30:00,326044.75607112644,326029.4945024938
2024-10-31 12:30:00,326041.57991500915,326029.4588650568
2024-10-31 16:30:00,326017.7803972276,326029.25440243236
2024-10-31 20:30:00,326011.929305921,326029.072332001
2024-11-01 00:30:00,326034.5534397829,326029.01434808836
2024-11-01 04:30:00,326030.38074723416,326029.00889131037
2024-11-01 08:30:00,326044.9055019615,326028.98524334515
2024-11-01 12:30:00,326020.2032399011,326028.7896338156
2024-11-01 16:30:00,326035.6594144695,326028.7272666083
2024-11-01 20:30:00,326040.265094865,326028.9484571494
2024-11-02 00:30:00,326006.47651899187,326028.7322703613
2024-11-02 04:30:00,326032.0552990562,326028.6716564615
2024-11-02 08:30:00,326027.76684534596,326028.69590716506
2024-11-02 12:30:00,326039.19637502084,326028.73291200964
2024-11-02 16:30:00,326030.6899770262,326028.66930739564
2024-11-02 20:30:00,326017.68169919535,326028.6187218163
2024-11-03 00:30:00,326034.173350904,326028.619431035
2024-11-03 04:30:00,326039.8366316631,326028.5734369984
2024-11-03 08:30:00,326043.48598011286,326028.60173424444
2024-11-03 12:30:00,326035.77813837066,326028.4739855574
2024-11-03 16:30:00,326025.43635986425,326028.3990363389
2024-11-03 20:30:00,326013.0740192437,326028.33474609005
2024-11-04 00:30:00,326013.18866416556,326028.1739747367
2024-11-04 04:30:00,326005.3491877713,326027.89123569377
2024-11-04 08:30:00,326021.61607426923,326027.77066928043
2024-11-04 12:30:00,326033.77752464573,326027.75543707405
2024-11-04 16:30:00,326036.6900527413,326027.7856019834
2024-11-04 20:30:00,326010.2261646787,326027.7800029652
2024-11-05 00:30:00,326029.0140031899,326027.88617868256
2024-11-05 04:30:00,326030.5014936586,326027.9378022846
2024-11-05 08:30:00,326037.0741004916,326028.04157204943
2024-11-05 12:30:00,326034.3432916163,326028.1464136567
2024-11-05 16:30:00,326039.46336510655,326028.0601510683
2024-11-05 20:30:00,326049.1557734787,326028.24582076754
2024-11-06 00:30:00,326039.8980925206,326028.36160988885
2024-11-06 04:30:00,326029.62969528686,326028.24699920515
2024-11-06 08:30:00,326031.21840916947,326028.224523555
2024-11-06 12:30:00,326024.3922677438,326028.1484062825
2024-11-06 16:30:00,326028.21634512057,326028.18652517564
2024-11-06 20:30:00,326024.34049145144,326028.21204382763
2024-11-07 00:30:00,326030.73971389426,326028.307807899
2024-11-07 04:30:00,326047.973951882,326028.5323266438
2024-11-07 08:30:00,326039.39204595686,326028.66017580574
2024-11-07 12:30:00,326043.88329156884,326028.78627374035
2024-11-07 16:30:00,326023.5259027431,326028.8231479673
2024-11-07 20:30:00,326043.65355385456,326028.97156353784
2024-11-08 00:30:00,326018.52271644445,326029.0608395559
2024-11-08 04:30:00,326028.14774470264,326029.0590500915
2024-11-08 08:30:00,326034.3531355874,326029.0464321188
2024-11-08 12:30:00,326021.33982503455,326028.9366883197
2024-11-08 16:30:00,326045.1760980451,326029.04570802837
2024-11-08 20:30:00,326020.28540541953,326028.89202793286
2024-11-09 00:30:00,326011.6513091089,326028.89229264914
2024-11-09 04:30:00,326006.14471224265,326028.946564154
2024-11-09 08:30:00,326017.0062059793,326028.8685020349
2024-11-09 12:30:00,326049.83228983515,326029.03507371695
2024-11-09 20:30:00,326026.37411057483,326028.8283147156
2024-11-10 00:30:00,326044.735510688,326029.0052339784
2024-11-10 04:30:00,326045.2698481576,326029.12791348324
2024-11-10 08:30:00,326038.16397347534,326029.09311621636
2024-11-10 12:30:00,326029.6363543716,326029.06346480304
2024-11-10 16:30:00,326029.3389720496,326029.0825012212
2024-11-10 20:30:00,326011.5121908565,326029.00642015436
2024-11-11 00:30:00,326015.17212915985,326028.93985188386
2024-11-11 04:30:00,325991.83458009246,326028.8151105024
2024-11-11 08:30:00,326035.33601122216,326028.9371605706
2024-11-11 12:30:00,326035.6056166851,326028.9715422085
2024-11-11 16:30:00,326023.8984808096,326028.8457709195
2024-11-12 00:30:00,326009.30596689443,326028.9194398922
2024-11-12 04:30:00,326028.0042843489,326028.9799697636
2024-11-12 08:30:00,326027.0751854828,326028.94064848265
2024-11-12 12:30:00,326019.15401000326,326028.84240566916
2024-11-12 16:30:00,326025.1300847431,326028.81489462603
2024-11-12 20:30:00,326050.0935740909,326029.0104721066
2024-11-13 00:30:00,326029.0284555855,326028.92876713304
2024-11-13 04:30:00,325990.5942685606,326028.8477378442
2024-11-13 08:30:00,326026.2939817926,326028.98460432974
2024-11-13 12:30:00,326038.6403257656,326029.12104173447
2024-11-13 16:30:00,326023.6584094264,326029.01494598476
2024-11-13 20:30:00,326006.16571547446,326028.8215949816
2024-11-14 00:30:00,326037.36872648995,326028.87006315734
2024-11-14 04:30:00,326034.709832242,326028.8360747958
2024-11-14 08:30:00,326037.47533218545,326028.7835869289
2024-11-14 12:30:00,326029.8791314724,326028.7417947334
2024-11-14 16:30:00,326037.3657158178,326028.72568125965
2024-11-14 20:30:00,326036.35400765226,326028.79506336205
2024-11-15 00:30:00,326029.36936052924,326028.8375669476
2024-11-15 04:30:00,325997.5604138437,326028.5743209871
2024-11-15 08:30:00,326015.17991400044,326028.52613547904
2024-11-15 12:30:00,326039.4627235517,326028.49151190225
2024-11-15 16:30:00,326008.97153554036,326028.39089394675
2024-11-15 20:30:00,325999.4468318563,326028.3941881853
2024-11-16 00:30:00,326032.9461836569,326028.5338488101
2024-11-16 04:30:00,326016.3773973294,326028.5873827856
2024-11-16 08:30:00,326044.2212809188,326028.6931476726
2024-11-16 12:30:00,326011.29105648655,326028.5704037448
2024-11-16 16:30:00,326018.56903081463,326028.58446393616
2024-11-16 20:30:00,326043.17915041,326028.6608506442
2024-11-17 00:30:00,326050.3286276038,326028.6921608837
2024-11-17 04:30:00,326045.34089091554,326028.76296334824
2024-11-17 08:30:00,326010.2173384952,326028.71269137174
2024-11-17 12:30:00,326030.8817310589,326028.769921976
2024-11-17 16:30:00,326028.8548433616,326028.62969384436
2024-11-17 20:30:00,325989.55474599445,326028.50333574746
2024-11-18 00:30:00,326008.4810811699,326028.51913400245
2024-11-18 04:30:00,326041.9948775963,326028.643807729
2024-11-18 08:30:00,326048.333439554,326028.78236923146
2024-11-18 12:30:00,326039.1240020255,326028.7720088823
2024-11-18 16:30:00,326029.8683456937,326028.7323726634
2024-11-18 20:30:00,326031.5731668023,326028.8164335985
2024-11-19 00:30:00,326034.46373203903,326028.91334234574
2024-11-19 04:30:00,326035.1666125719,326028.9822209054
2024-11-19 08:30:00,326048.552564188,326029.1003537811
2024-11-19 12:30:00,326018.4878820927,326028.98076264944
2024-11-19 16:30:00,326024.23593383754,326028.86934299447
2024-11-19 20:30:00,326020.41594363516,326028.85719972284
2024-11-20 00:30:00,326025.3128723099,326029.1040917258
2024-11-20 04:30:00,326044.74495739694,326029.43264272634
2024-11-20 08:30:00,326018.3402476097,326029.4214500286
2024-11-20 12:30:00,326002.6834077028,326029.1694405243
2024-11-20 16:30:00,326012.21105714183,326029.0631339984
2024-11-20 20:30:00,326035.01799584815,326029.1302417712
2024-11-21 00:30:00,326017.4888745105,326029.01911226806
2024-11-21 04:30:00,326034.5551650627,326028.87475677516
2024-11-21 08:30:00,326018.4434219646,326028.72540823155
2024-11-21 12:30:00,326010.902182579,326028.6321728577
2024-11-21 16:30:00,326012.77508771006,326028.5075889349
2024-11-21 20:30:00,326025.98192645283,326028.4885550451
2024-11-22 00:30:00,326041.6526668269,326028.8029209778
2024-11-22 04:30:00,326019.8474486386,326028.8733233794
2024-11-22 08:30:00,326034.46024033776,326028.96337021416
2024-11-22 12:30:00,326046.40630082716,326028.9099360888
2024-11-22 16:30:00,326025.4626539677,326028.89781523787
2024-11-22 20:30:00,326003.70216779213,326028.7271770139
2024-11-23 00:30:00,326035.48198745295,326028.83018486405
2024-11-23 04:30:00,326019.8005556546,326028.70278183295
2024-11-23 08:30:00,326016.92281604983,326028.6174483095
2024-11-23 12:30:00,326034.3352827334,326028.57956888154
2024-11-23 16:30:00,326058.0148461929,326028.62661343405
2024-11-23 20:30:00,326064.73765515216,326028.6640152971
2024-11-24 00:30:00,326033.6329249312,326028.8428487809
2024-11-24 04:30:00,326041.6747611499,326028.9995642091
2024-11-24 08:30:00,326043.2821712854,326028.98991215776
2024-11-24 12:30:00,326035.94465345715,326028.93235049647
2024-11-24 16:30:00,326044.2092627905,326028.9106768715
2024-11-24 20:30:00,326037.14690830227,326028.90202065994
2024-11-25 00:30:00,326022.2262849972,326029.0156943946
2024-11-25 04:30:00,326022.4397053065,326029.0488520673
2024-11-25 08:30:00,326038.6354723445,326029.0426687131
2024-11-25 12:30:00,326034.84897940326,326028.94795730495
2024-11-25 16:30:00,326040.84288224333,326028.88521854964
2024-11-25 20:30:00,326028.7556663739,326028.8510067888
2024-11-26 00:30:00,326050.4072623922,326029.0782598693
2024-11-26 04:30:00,326043.45680448355,326029.21692908247
2024-11-26 08:30:00,326043.0290425716,326029.34276687144
2024-11-26 12:30:00,326028.0037228079,326029.30487880105
2024-11-26 16:30:00,326032.2878595351,326029.22222948226
2024-11-26 20:30:00,326045.48215898575,326029.2139488987
2024-11-27 00:30:00,326051.246903834,326029.40800945886
2024-11-27 04:30:00,326023.906930764,326029.56878639665
2024-11-27 08:30:00,326039.9407320474,326029.67957368586
2024-11-27 12:30:00,326060.12333436374,326029.8165509927
2024-11-27 16:30:00,326036.48383893725,326029.9343179492
2024-11-27 20:30:00,326017.05170643603,326029.90188792016
2024-11-28 00:30:00,326030.35289409675,326029.8343902131
2024-11-28 04:30:00,326036.1720223952,326029.83699348837
2024-11-28 08:30:00,326035.0149227753,326029.9465818394
2024-11-28 12:30:00,326010.39773263584,326029.80001549225
2024-11-28 16:30:00,326012.5315190011,326029.65531708975
2024-11-28 20:30:00,326011.6243680531,326029.44516686787
2024-11-29 00:30:00,326040.89968877815,326029.4501935054
2024-11-29 04:30:00,326008.39766998874,326029.33125269454
2024-11-29 08:30:00,326041.9006762315,326029.3928701702
2024-11-29 12:30:00,326037.67472980014,326029.3896261461
2024-11-29 16:30:00,326018.42547743634,326029.3091066374
2024-11-29 20:30:00,326004.62541823793,326029.17043423065
2024-11-30 00:30:00,326047.63030132774,326029.24924637465
2024-11-30 04:30:00,326052.1887617208,326029.29882368306
2024-11-30 08:30:00,326042.39267096313,326029.285546154
2024-11-30 12:30:00,326036.61650388985,326029.25766182184
2024-11-30 16:30:00,326048.1327618754,326029.42818072444
2024-11-30 20:30:00,326021.00069088564,326029.4791435613
2024-12-01 00:30:00,326037.7739590676,326029.49723636627
2024-12-01 04:30:00,326041.6746580136,326029.56068530324
2024-12-01 08:30:00,326039.6978122574,326029.5314286195
2024-12-01 12:30:00,326039.4420420029,326029.6395117773
2024-12-01 16:30:00,326034.03232898103,326029.63037084765
2024-12-01 20:30:00,326016.52795541345,326029.4970161316
2024-12-02 00:30:00,326040.0388171523,326029.68556836847
2024-12-02 04:30:00,326037.09842945565,326029.71390056174
2024-12-02 08:30:00,326039.0576810124,326029.7773322228
2024-12-02 12:30:00,326037.72142155323,326029.7690459674
2024-12-02 16:30:00,326029.58110691054,326029.76281635993
2024-12-02 20:30:00,325994.8782335327,326029.6347070024
2024-12-03 00:30:00,326023.1109731657,326029.57255881274
2024-12-03 04:30:00,326022.6276140359,326029.4758789385
2024-12-03 08:30:00,326020.95033411414,326029.34927418566
2024-12-03 12:30:00,326037.57266890584,326029.35935581784
2024-12-03 16:30:00,326037.9695441305,326029.42976696545
2024-12-03 20:30:00,326026.538615341,326029.5054107637
2024-12-04 00:30:00,326033.390409844,326029.61890371697
2024-12-04 04:30:00,326031.36071570305,326029.76503589633
2024-12-04 08:30:00,326022.5744344567,326029.7704199424
2024-12-04 12:30:00,326028.15601074905,326029.73883840366
2024-12-04 16:30:00,326024.9934056665,326029.6731269032
2024-12-04 20:30:00,325997.3900941636,326029.60101414757
2024-12-05 00:30:00,326032.4144912176,326029.62011801294
2024-12-05 04:30:00,326049.4176193965,326029.7263883822
2024-12-05 08:30:00,326045.56372811156,326029.77408291935
2024-12-05 12:30:00,326037.8701692604,326029.7938968387
2024-12-05 16:30:00,326048.5576350433,326029.84498824284
2024-12-05 20:30:00,326030.57996213646,326029.74062975217
2024-12-06 00:30:00,326040.24139533675,326029.74255841965
2024-12-06 04:30:00,326038.363769034,326029.7916262497
2024-12-06 08:30:00,326029.54342607566,326029.7822162323
2024-12-06 12:30:00,326022.7749067254,326029.77312993445
2024-12-06 16:30:00,326036.3180356295,326029.8186450497
2024-12-06 20:30:00,326042.7324861148,326029.92197086243
2024-12-07 00:30:00,326023.5563497695,326029.8816148841
2024-12-07 04:30:00,326020.84228070814,326029.72918976523
2024-12-07 08:30:00,326026.457317843,326029.6565227533
2024-12-07 12:30:00,326033.1085160664,326029.59599030676
2024-12-07 16:30:00,326032.0763051273,326029.6440262752
2024-12-07 20:30:00,326044.2551021956,326029.6474057602
2024-12-08 00:30:00,326013.0395558279,326029.6166014871
2024-12-08 04:30:00,326050.93825575575,326029.74463806604
2024-12-08 08:30:00,326047.50526164746,326029.8185264147
2024-12-08 12:30:00,326033.0469204785,326029.8842966138
2024-12-08 16:30:00,326048.2810181687,326029.9017399852
2024-12-08 20:30:00,326028.9487790912,326029.9504106239
2024-12-09 00:30:00,326028.36231253966,326030.0442926656
2024-12-09 04:30:00,326043.1569336428,326030.2522264937
2024-12-09 08:30:00,326034.1655860594,326030.3486275054
2024-12-09 12:30:00,326041.7268600128,326030.3030913828
2024-12-09 16:30:00,326048.01071511954,326030.4020166551
2024-12-09 20:30:00,326035.58429732505,326030.45347021235
2024-12-10 00:30:00,326024.32987522875,326030.3394722489
2024-12-10 04:30:00,326045.0165093318,326030.3380569482
2024-12-10 08:30:00,326055.3407921289,326030.43401682895
2024-12-10 12:30:00,326031.631742654,326030.44516424945
2024-12-10 16:30:00,326037.97207899246,326030.4933938972
2024-12-10 20:30:00,326050.4606650059,326030.7109831383
2024-12-11 00:30:00,326046.66470257414,326030.88691930263
2024-12-11 04:30:00,326041.89857429673,326031.16660642106
2024-12-11 08:30:00,326047.6638333092,326031.2354769355
2024-12-11 12:30:00,326040.49481879146,326031.2627909138
2024-12-11 16:30:00,326050.18461323896,326031.4096408156
2024-12-11 20:30:00,326038.2978103503,326031.44790842413
2024-12-12 00:30:00,326013.63160916214,326031.47193977004
2024-12-12 04:30:00,326046.56664402585,326031.57506399055
2024-12-12 08:30:00,326045.0568190687,326031.6749619549
2024-12-12 12:30:00,326046.1250055595,326031.8248008191
2024-12-12 16:30:00,326032.79652767925,326031.8673921687
2024-12-12 20:30:00,326029.7879984019,326031.7545834149
2024-12-13 00:30:00,326047.1676635385,326031.8553567924
2024-12-13 04:30:00,326037.5821819779,326032.1164007559
2024-12-13 08:30:00,326037.46187711967,326032.17844461877
2024-12-13 12:30:00,326015.79883053835,326032.05154742306
2024-12-13 16:30:00,326005.93569306773,326031.9530878877
2024-12-13 20:30:00,326023.5032160825,326032.0494073355
2024-12-14 00:30:00,326025.6856704362,326031.98450146854
2024-12-14 04:30:00,326024.98178268364,326031.9304567488
2024-12-14 08:30:00,326039.32449378987,326031.94072986883
2024-12-14 12:30:00,326040.8306576025,326032.0015716807
2024-12-14 16:30:00,326037.65412217664,326032.00317393825
2024-12-14 20:30:00,326032.6892716009,326031.98281429353
2024-12-15 00:30:00,326034.9377597586,326032.01374984474
2024-12-15 04:30:00,326021.3856538835,326032.14611228945
2024-12-15 08:30:00,326026.8353476649,326032.2108646987
2024-12-15 12:30:00,326022.79371779,326032.1182591111
2024-12-15 16:30:00,325996.593745704,326032.049493612
2024-12-15 20:30:00,326015.7682822261,326032.1401683363
2024-12-16 00:30:00,326011.6230575973,326032.0217065248
2024-12-16 04:30:00,326015.15798008314,326032.0149319846
2024-12-16 08:30:00,326032.34110781,326031.94893102284
2024-12-16 12:30:00,326031.58192234644,326032.0616580554
2024-12-16 16:30:00,326023.25673451216,326032.0877008538
2024-12-16 20:30:00,326013.9195461428,326031.9251474967
2024-12-17 00:30:00,326024.75811537274,326031.78308909544
2024-12-17 04:30:00,326040.3028695507,326031.75510008784
2024-12-17 08:30:00,326036.8106269652,326031.90284057934
2024-12-17 12:30:00,326040.0064626914,326031.95353353285
2024-12-17 16:30:00,326048.8689232465,326032.0647228655
2024-12-17 20:30:00,326024.9074157902,326032.26112658664
2024-12-18 00:30:00,326016.01890287723,326032.3030033739
2024-12-18 04:30:00,326007.358482164,326032.1105789548
2024-12-18 08:30:00,326030.8016770827,326032.01318027446
2024-12-18 12:30:00,326022.0184159725,326031.91814924084
2024-12-18 16:30:00,326018.47040969285,326031.8548273741
2024-12-18 20:30:00,326002.2016625686,326031.69165235065
2024-12-19 00:30:00,326015.47913688247,326031.58618237753
2024-12-19 04:30:00,326032.95984435896,326031.5739225541
2024-12-19 08:30:00,326030.0383047049,326031.471065557
2024-12-19 12:30:00,326027.07479163824,326031.51877061004
2024-12-19 16:30:00,326048.31623750617,326031.6525500749
2024-12-19 20:30:00,326038.6111635016,326031.7536346297
2024-12-20 00:30:00,326023.7335519999,326031.7448606279
2024-12-20 04:30:00,326052.34292122454,326031.78707153816
2024-12-20 08:30:00,326031.18811256374,326031.8584485656
2024-12-20 12:30:00,326012.0042496574,326031.91023102094
2024-12-20 16:30:00,326041.71514400915,326032.0741426146
2024-12-20 20:30:00,326010.3795262456,326031.93726222793
2024-12-21 00:30:00,325994.9271567591,326031.8119193516
2024-12-21 04:30:00,326023.0208763705,326031.74783996993
2024-12-21 08:30:00,326043.607542502,326031.88764063956
2024-12-21 12:30:00,326036.3729474304,326032.02914488874
2024-12-21 16:30:00,326044.7211564835,326032.20662304864
2024-12-21 20:30:00,326035.8804996248,326032.26161512185
2024-12-22 00:30:00,326002.7559010469,326032.0455219785
2024-12-22 04:30:00,326039.85931014764,326032.1566989869
2024-12-22 08:30:00,326045.99508840987,326032.22078147624
2024-12-22 12:30:00,326033.39605261706,326032.1485023195
2024-12-22 16:30:00,326024.58568636474,326032.14363027725
2024-12-22 20:30:00,326044.3557913514,326032.36948374147
2024-12-23 00:30:00,326006.7970803781,326032.21012314665
2024-12-23 04:30:00,326043.1819015886,326032.3400195129
2024-12-23 08:30:00,326036.0868201002,326032.4464862022
2024-12-23 12:30:00,326010.02053805883,326032.3114042873
2024-12-23 16:30:00,326033.66490799934,326032.1761268528
2024-12-23 20:30:00,326033.2590816513,326032.00124588894
2024-12-24 00:30:00,326033.37390489,326031.9998068887
2024-12-24 04:30:00,326039.7679381615,326031.9892134277
2024-12-24 08:30:00,326028.47842536855,326031.90697039483
2024-12-24 12:30:00,325993.1099675519,326031.6689999176
2024-12-24 16:30:00,326018.8991820964,326031.52838835807
2024-12-24 20:30:00,326032.46248152904,326031.502363765
2024-12-25 00:30:00,326029.5603966124,326031.54310882953
2024-12-25 04:30:00,326028.10960835766,326031.57460829086
2024-12-25 08:30:00,326019.718867343,326031.4695160409
2024-12-25 12:30:00,326037.5351874066,326031.4844394187
2024-12-25 16:30:00,326025.06701682083,326031.3967957219
2024-12-25 20:30:00,326022.7887096595,326031.3636459623
2024-12-26 00:30:00,326005.8252939727,326031.11596836
2024-12-26 04:30:00,326038.21197136265,326031.08683039824
2024-12-26 08:30:00,326012.9067476684,326030.91948431544
2024-12-26 12:30:00,326035.6661413808,326030.96205330745
2024-12-26 16:30:00,326063.64306665485,326031.1362489026
2024-12-26 20:30:00,326048.6131776434,326031.1536434507
2024-12-27 00:30:00,326042.559158032,326031.1053781963
2024-12-27 04:30:00,326021.5410470287,326031.0922343977
2024-12-27 08:30:00,326043.43038842117,326031.11162137764
2024-12-27 12:30:00,326051.22738422424,326031.0621994324
2024-12-27 16:30:00,326021.26329988084,326030.97764088213
2024-12-27 20:30:00,326028.65159271384,326031.04208469467
2024-12-28 00:30:00,326041.527660346,326031.10416672943
2024-12-28 04:30:00,326045.28554863285,326031.15479743073
2024-12-28 08:30:00,326022.81150092214,326031.0870006426
2024-12-28 12:30:00,326022.4819634383,326031.1541352583
2024-12-28 16:30:00,326005.09552989935,326031.11282420764
2024-12-28 20:30:00,326016.54806321964,326031.14017806976
2024-12-29 00:30:00,326028.4918770673,326031.0712457824
2024-12-29 04:30:00,326026.1947694254,326031.17011855706
2024-12-29 08:30:00,326040.5447134891,326031.1625854308
2024-12-29 12:30:00,326049.0999851715,326031.2260590717
2024-12-29 16:30:00,326024.8116474022,326031.26153779373
2024-12-29 20:30:00,326016.3399188519,326031.3266183527
2024-12-30 00:30:00,326041.109734511,326031.2903929815
2024-12-30 04:30:00,326016.6849212261,326031.0931494232
2024-12-30 08:30:00,326013.4603076499,326030.93241407146
2024-12-30 12:30:00,326034.12499613775,326030.91857236176
2024-12-30 16:30:00,326019.25852193474,326030.75815991755
2024-12-30 20:30:00,326003.20649449766,326030.659303271
2024-12-31 00:30:00,326031.8885976438,326030.6266068187
2024-12-31 04:30:00,326051.19424824504,326030.67949343106
2024-12-31 08:30:00,326053.8292300564,326030.75800130767
2024-12-31 12:30:00,326047.3090104738,326030.8017066881
2024-12-31 16:30:00,326032.02254036785,326030.7905411958
2024-12-31 20:30:00,326062.2200803053,326031.04438633414
2025-01-01 00:30:00,326031.2247071385,326030.9954190563
2025-01-01 04:30:00,326041.44997558027,326031.01959431247
2025-01-01 08:30:00,326008.2712241127,326030.84855844086
2025-01-01 12:30:00,326000.3583589054,326030.6409858705
2025-01-01 16:30:00,325996.2934867832,326030.4560546476
2025-01-01 20:30:00,326019.82535933837,326030.59464979096
2025-01-02 00:30:00,326025.56814587483,326030.6083007505
2025-01-02 04:30:00,326044.16490776255,326030.72795238224
2025-01-02 08:30:00,326016.2335656953,326030.7017481133
2025-01-02 12:30:00,326036.24507421826,326030.69437258726
2025-01-02 16:30:00,326025.88880162046,326030.6272573511
2025-01-02 20:30:00,325987.6301897197,326030.411099431
2025-01-03 00:30:00,326007.44906806253,326030.2669808655
2025-01-03 04:30:00,326034.3797345445,326030.28375319246
2025-01-03 08:30:00,326048.5740582159,326030.42819554656
2025-01-03 12:30:00,326035.16762491193,326030.46714895865
2025-01-03 16:30:00,326046.5756085979,326030.587050086
2025-01-03 20:30:00,326039.9612668421,326030.8235566009
2025-01-04 00:30:00,326021.9650305184,326030.76550404145
2025-01-04 04:30:00,326035.10286587814,326030.68597763305
2025-01-04 08:30:00,326029.67614005366,326030.597713255
2025-01-04 12:30:00,326038.66858509247,326030.6021488985
2025-01-04 16:30:00,326046.3121691614,326030.589674088
2025-01-04 20:30:00,326036.84315514116,326030.6244696047
2025-01-05 00:30:00,326032.7820034583,326030.5830285387
2025-01-05 04:30:00,326049.3703195575,326030.64417604165
2025-01-05 08:30:00,326040.7922639966,326030.70666958566
2025-01-05 12:30:00,326037.520603032,326030.78859012073
2025-01-05 16:30:00,326026.0118047492,326030.7313332824
2025-01-05 20:30:00,326034.2495507584,326030.6842058638
2025-01-06 00:30:00,326002.1758323871,326030.5654252117
2025-01-06 04:30:00,326021.3695548423,326030.5683545124
2025-01-06 08:30:00,326052.01312276884,326030.71033120644
2025-01-06 12:30:00,326056.0261790286,326030.83765155624
2025-01-06 16:30:00,326031.24949537334,326030.8330581687
2025-01-06 20:30:00,326020.9204363334,326030.70342113613
2025-01-07 00:30:00,326036.3062551506,326030.8326805768
2025-01-07 04:30:00,326038.4343628588,326030.7632145052
2025-01-07 08:30:00,326019.72032081377,326030.60885372275
2025-01-07 12:30:00,326031.3005726696,326030.5991517905
2025-01-07 16:30:00,326038.3845430561,326030.54417137324
2025-01-07 20:30:00,326049.74375818425,326030.6596990348
2025-01-08 00:30:00,326016.8293999249,326030.5956272981
2025-01-08 04:30:00,326034.86535704404,326030.5495629837
2025-01-08 08:30:00,326040.67090369586,326030.58570363716
2025-01-08 12:30:00,326040.9526582613,326030.5814025164
2025-01-08 16:30:00,326012.8344342524,326030.3859787337
2025-01-08 20:30:00,326035.4139669094,326030.38503245363
2025-01-09 00:30:00,326043.4586199871,326030.4913032579
2025-01-09 04:30:00,326029.5586070029,326030.40542602265
2025-01-09 08:30:00,326039.7812787766,326030.3189842818
2025-01-09 12:30:00,326038.56437588984,326030.3574989109
2025-01-09 16:30:00,326049.00592300226,326030.4187980443
2025-01-09 20:30:00,326038.7713610926,326030.353857467
2025-01-10 00:30:00,326050.905166367,326030.3774155992
2025-01-10 04:30:00,326034.52062779636,326030.33642700757
2025-01-10 08:30:00,326027.1765567271,326030.22260880435
2025-01-10 12:30:00,325992.9495689308,326029.9584685273
2025-01-10 16:30:00,326003.04110342177,326029.6965601394
2025-01-10 20:30:00,326026.03345931903,326029.62842485594
2025-01-11 00:30:00,326051.18018953706,326029.83702808025
2025-01-11 04:30:00,326043.33142276475,326029.8190546287
2025-01-11 08:30:00,326033.9890129167,326029.7575668169
2025-01-11 12:30:00,326028.0267240518,326029.6570208085
2025-01-11 16:30:00,326016.6252747572,326029.56718051445
2025-01-11 20:30:00,326022.29603545915,326029.5255584981
2025-01-12 00:30:00,326016.3370567706,326029.35427734937
2025-01-12 04:30:00,326034.2808964857,326029.3359368744
2025-01-12 08:30:00,326033.79996735253,326029.3155929313
2025-01-12 12:30:00,326015.8859841932,326029.3160771182
2025-01-12 16:30:00,326019.6157832864,326029.3920776195
2025-01-12 20:30:00,326004.2975798159,326029.28537964023
2025-01-13 00:30:00,326027.665751832,326029.2963800924
2025-01-13 04:30:00,326021.40473833383,326029.2765076238
2025-01-13 08:30:00,326029.34400708985,326029.2210604755
2025-01-13 12:30:00,326035.755639512,326029.1928659305
2025-01-13 16:30:00,326037.87598875345,326029.1940985226
2025-01-13 20:30:00,326016.9815472789,326029.1068333875
2025-01-14 00:30:00,326025.27696162276,326029.05316228676
2025-01-14 04:30:00,326036.56070965104,326029.13746815204
2025-01-14 08:30:00,326038.9475609495,326029.2047582259
2025-01-14 12:30:00,326035.38406586635,326029.2747046041
2025-01-14 16:30:00,325993.3759227879,326029.2568278101
2025-01-14 20:30:00,325998.2715190874,326029.15962357045
2025-01-15 00:30:00,326037.3089806771,326029.3023231431
2025-01-15 04:30:00,326046.11518042226,326029.4743075895
2025-01-15 08:30:00,326027.96220085304,326029.44998032856
2025-01-15 12:30:00,326018.327250248,326029.37634326133
2025-01-15 16:30:00,326036.91835094185,326029.45224113046
2025-01-15 20:30:00,326012.4348548834,326029.44399284566
2025-01-16 00:30:00,325973.8335594164,326029.16107864585
2025-01-16 04:30:00,326024.6641372655,326029.07419679983
2025-01-16 08:30:00,326039.85457693966,326029.091107633
2025-01-16 12:30:00,326042.8062775192,326029.10666215984
2025-01-16 16:30:00,326001.3901948852,326028.84289144684
2025-01-16 20:30:00,326005.2670652154,326028.73377838806
2025-01-17 00:30:00,326039.85161310405,326028.8661823337
2025-01-17 04:30:00,326040.24820571975,326029.0489030201
2025-01-17 08:30:00,325989.8002538099,326028.82111733535
2025-01-17 12:30:00,326015.7892245602,326028.7865107163
2025-01-17 16:30:00,326036.6291356854,326028.8873925274
2025-01-17 20:30:00,326005.91943942005,326028.9080468432
2025-01-18 00:30:00,325988.39109338215,326028.75755771267
2025-01-18 04:30:00,326043.7395539612,326028.8174449883
2025-01-18 08:30:00,326040.04491731647,326028.8730372805
2025-01-18 12:30:00,326046.910142865,326028.98323367623
2025-01-18 16:30:00,326034.48048593884,326028.9063683897
2025-01-18 20:30:00,326024.0958215497,326028.8257276011
2025-01-19 00:30:00,326039.48345784546,326028.91322707804
2025-01-19 04:30:00,326053.33278948226,326028.91872634616
2025-01-19 08:30:00,326042.22459471616,326028.9800401359
2025-01-19 12:30:00,326013.59583541186,326028.98888227897
2025-01-19 16:30:00,326040.27369079547,326028.9808742056
2025-01-19 20:30:00,326000.3605022672,326028.9252129612
2025-01-20 00:30:00,325969.5678246614,326028.7843277829
2025-01-20 04:30:00,326027.04042508453,326028.8066586092
2025-01-20 08:30:00,326048.4852707663,326028.83375709946
2025-01-20 12:30:00,326019.2338615661,326028.73853995575
2025-01-20 16:30:00,326033.4207985951,326028.6757601897
2025-01-20 20:30:00,326036.21561221627,326028.6776219263
2025-01-21 00:30:00,326033.68604905857,326028.849456082
2025-01-21 04:30:00,326048.80953469616,326028.8991795517
2025-01-21 08:30:00,326040.82592365256,326028.8704619697
2025-01-21 12:30:00,326012.0483162945,326028.75186343456
2025-01-21 16:30:00,326029.267586631,326028.77787399164
2025-01-21 20:30:00,326015.1456576058,326028.6155954708
2025-01-22 00:30:00,326005.196310371,326028.6067023041
2025-01-22 04:30:00,326023.17416789156,326028.49554822803
2025-01-22 08:30:00,326038.9149476019,326028.51126004744
2025-01-22 12:30:00,326010.5027860778,326028.5139392031
2025-01-22 16:30:00,325997.5145205176,326028.3131037171
2025-01-22 20:30:00,326060.4041547294,326028.4639096787
2025-01-23 00:30:00,326054.2063387738,326028.5796454224
2025-01-23 04:30:00,326044.2865427603,326028.60474878136
2025-01-23 08:30:00,326041.10427722964,326028.6748924028
2025-01-23 12:30:00,326027.1207247059,326028.8638410536
2025-01-23 16:30:00,326045.84099993884,326029.0135178194
2025-01-23 20:30:00,326027.4050159693,326028.9854207885
2025-01-24 00:30:00,326007.10147850227,326028.8606490212
2025-01-24 04:30:00,326010.88798010943,326028.7649733088
2025-01-24 08:30:00,326049.17725535907,326028.92863101995
2025-01-24 12:30:00,326030.72569832427,326028.8908005251
2025-01-24 16:30:00,326000.3968942398,326028.7537442885
2025-01-24 20:30:00,326016.4068564803,326028.71828954865
2025-01-25 00:30:00,326047.458745958,326028.94958650414
2025-01-25 04:30:00,326048.96793427604,326029.0093418536
2025-01-25 08:30:00,326039.3933210243,326029.15648948343
2025-01-25 12:30:00,326053.7324409087,326029.2568578141
2025-01-25 16:30:00,326033.73609886656,326029.0907079931
2025-01-25 20:30:00,325998.9514779159,326028.81480966124
2025-01-26 00:30:00,325993.70330081816,326028.54338823224
2025-01-26 04:30:00,326037.35136305477,326028.6312233213
2025-01-26 08:30:00,326038.23834998446,326028.6023786633
2025-01-26 12:30:00,326023.77886406763,326028.44988688466
2025-01-26 16:30:00,326003.1155855587,326028.3490662495
2025-01-26 20:30:00,326025.59879410535,326028.3321062573
2025-01-27 00:30:00,326025.022096617,326028.240408681
2025-01-27 04:30:00,326038.78596102656,326028.204299861
2025-01-27 08:30:00,326013.38535674015,326028.15193239326
2025-01-27 12:30:00,326002.0282142504,326028.03830045334
2025-01-27 16:30:00,326047.0390406768,326028.2713199577
2025-01-27 20:30:00,326009.55421834346,326028.2324652639
2025-01-28 00:30:00,326011.0096044639,326028.1353415273
2025-01-28 04:30:00,326013.8911507517,326028.06698809017
2025-01-28 08:30:00,326035.4921574865,326028.0389183346
2025-01-28 12:30:00,326043.1929631934,326028.0061015458
2025-01-28 16:30:00,326027.94187970296,326028.02349172527
2025-01-28 20:30:00,326005.5546290084,326027.96357344836
2025-01-29 00:30:00,326040.0554935957,326027.9577165544
2025-01-29 04:30:00,326048.49152717623,326028.1344199208
2025-01-29 08:30:00,326035.87804367644,326028.25896289863
2025-01-29 12:30:00,326021.5054108642,326028.18885409157
2025-01-29 16:30:00,326025.8883326685,326028.2256863734
2025-01-29 20:30:00,326015.6251043314,326028.29467865033
2025-01-30 00:30:00,325987.86638270464,326028.05011078954
2025-01-30 04:30:00,326038.2778960774,326027.9783532775
2025-01-30 08:30:00,326038.7308256748,326027.8944732532
2025-01-30 12:30:00,326056.00288273074,326027.9427725435
2025-01-30 16:30:00,326014.61134989175,326027.84604370757
2025-01-30 20:30:00,325989.7599311284,326027.4434873231
2025-01-31 00:30:00,326024.4182052205,326027.40567342355
2025-01-31 04:30:00,326025.58456854016,326027.3175322735
2025-01-31 08:30:00,326026.6035277354,326027.4193784046
2025-01-31 12:30:00,326013.6088086731,326027.4929920145
2025-01-31 16:30:00,326036.16706619604,326027.7145119001
2025-01-31 20:30:00,326031.6120189907,326027.77999334264
2025-02-01 00:30:00,326025.2802373101,326027.7783938506
2025-02-01 04:30:00,326028.48805442307,326027.69130022096
2025-02-01 08:30:00,326043.6189883264,326027.8434414578
2025-02-01 12:30:00,326039.97276364366,326027.8641508434
2025-02-01 16:30:00,325984.71247308044,326027.63539346267
2025-02-01 20:30:00,326009.62435121567,326027.75758324884
2025-02-02 00:30:00,326025.52510329656,326027.8580056667
2025-02-02 04:30:00,326039.678286608,326027.8874420671
2025-02-02 08:30:00,326022.39314571186,326027.74199255323
2025-02-02 12:30:00,326003.1227663822,326027.5639655614
2025-02-02 16:30:00,326035.5911819032,326027.5029409686
2025-02-02 20:30:00,326049.7724587216,326027.5574475902
2025-02-03 00:30:00,326025.63938735565,326027.57786068367
2025-02-03 04:30:00,326019.64965310134,326027.49200950156
2025-02-03 08:30:00,326041.04655694886,326027.5551784843
2025-02-03 12:30:00,326051.30868432514,326027.6254012579
2025-02-03 16:30:00,326028.9101972736,326027.52872363623
2025-02-03 20:30:00,326027.7472180147,326027.47819065227
2025-02-04 00:30:00,326028.82337984856,326027.45619829884
2025-02-04 04:30:00,326025.02527366206,326027.3209480439
2025-02-04 08:30:00,326021.09775150905,326027.2115340856
2025-02-04 12:30:00,325988.64516467566,326026.94000387256
2025-02-04 16:30:00,326039.92870755086,326027.0173199992
2025-02-04 20:30:00,326022.9148061742,326026.954349196
2025-02-05 00:30:00,326036.2091815297,326027.1434233579
2025-02-05 04:30:00,326028.2891834873,326027.1818657392
2025-02-05 08:30:00,326024.3722149352,326027.0283051401
2025-02-05 12:30:00,326007.8510417184,326026.76066548843
2025-02-05 16:30:00,326032.68022023083,326026.7686139598
2025-02-05 20:30:00,326001.9177009131,326026.6630432075
2025-02-06 00:30:00,325991.2221430387,326026.412575918
2025-02-06 04:30:00,326025.95347264863,326026.343237639
2025-02-06 08:30:00,326009.4869167684,326026.28638539434
2025-02-06 16:30:00,326003.06730841164,326026.0610701881
2025-02-06 20:30:00,326014.92366904893,326025.86654455046
2025-02-07 00:30:00,326009.53589169984,326025.8257986945
2025-02-07 04:30:00,326011.55445487093,326025.6955701907
2025-02-07 08:30:00,325995.2350354275,326025.4417385245
2025-02-07 12:30:00,326040.6076391011,326025.43981104303
2025-02-07 16:30:00,326021.4874046538,326025.48815165984
2025-02-08 04:30:00,326033.9406507674,326025.35530284734
2025-02-08 08:30:00,326038.667222214,326025.3490087425
2025-02-08 20:30:00,326042.0360282668,326025.15696523257
2025-02-09 00:30:00,326050.66471663886,326025.1555912341
2025-02-09 04:30:00,326037.7692215825,326025.17415462714
2025-02-09 08:30:00,326038.8592651811,326025.2409129612
2025-02-09 12:30:00,326029.3823357339,326025.4491002
2025-02-10 00:30:00,326035.9406103193,326025.4871583414
2025-02-10 04:30:00,326019.5176060273,326025.3495062215
2025-02-10 08:30:00,326032.506842769,326025.3409387639
2025-02-10 12:30:00,326046.2349731021,326025.4461887585
2025-02-10 16:30:00,326030.5883916415,326025.5269004168
2025-02-11 00:30:00,326034.1095934519,326025.64901321696
2025-02-11 04:30:00,326024.38616174704,326025.5914856895
2025-02-11 08:30:00,326031.14339125453,326025.5760404796
2025-02-11 12:30:00,326021.73245170084,326025.6100315698
2025-02-11 16:30:00,325995.800980748,326025.47157341545
2025-02-11 20:30:00,325988.39769527223,326025.3791322262
2025-02-12 00:30:00,326006.9595362159,326025.2587472518
2025-02-12 04:30:00,326013.5994066116,326025.2133674162
2025-02-12 08:30:00,326026.7343865926,326025.19819520396
2025-02-12 12:30:00,326037.4814168601,326025.20822879317
2025-02-12 16:30:00,326041.98825592565,326025.2321373232
2025-02-13 00:30:00,326020.393807627,326025.2518299317
2025-02-13 04:30:00,326044.5340666121,326025.2984577502
2025-02-13 08:30:00,326051.539203814,326025.3720930886
2025-02-13 12:30:00,326047.71790117666,326025.44422078045
2025-02-13 16:30:00,326046.77789844706,326025.7565130358
2025-02-13 20:30:00,326033.95348955644,326025.9651795298
2025-02-14 00:30:00,326028.53781400394,326025.91388615745
2025-02-14 04:30:00,326027.15665476915,326025.8030175863
2025-02-14 08:30:00,326036.32894738746,326025.8519459286
2025-02-14 12:30:00,326030.4956469002,326025.92310614296
2025-02-14 16:30:00,326031.4802919759,326025.8913046286
2025-02-14 20:30:00,326006.6969311242,326025.8577495189
2025-02-15 00:30:00,326049.38867763657,326026.2995923155
2025-02-15 04:30:00,326038.0598476463,326026.3779298031
2025-02-15 08:30:00,326050.41891725577,326026.4397095711
2025-02-15 12:30:00,326039.13688415603,326026.4182511303
2025-02-15 16:30:00,326034.0216111075,326026.6090781257
2025-02-15 20:30:00,326036.8508288834,326026.793778498
2025-02-16 00:30:00,326039.75455689797,326026.79321091797
2025-02-16 04:30:00,326022.67388302373,326026.690437101
2025-02-16 08:30:00,326021.90206438676,326026.8781669873
2025-02-16 12:30:00,326022.1977728994,326026.9156438782
2025-02-16 16:30:00,326044.17952905915,326026.9597982255
2025-02-16 20:30:00,326030.03104697657,326027.1008017785
2025-02-17 00:30:00,326037.8449031685,326027.3900053444
2025-02-17 04:30:00,326041.5320875916,326027.37709618435
2025-02-17 08:30:00,326038.53690866806,326027.36827742035
2025-02-17 12:30:00,326020.18831549585,326027.21200942405
2025-02-17 16:30:00,326041.06211261597,326027.250498469
2025-02-17 20:30:00,326022.5878324722,326027.24167981936
2025-02-18 00:30:00,326036.500278046,326027.2242343235
2025-02-18 04:30:00,326049.6079745897,326027.20245178026
2025-02-18 08:30:00,326029.16762606817,326027.12609523843
2025-02-18 12:30:00,326024.27922601043,326027.1885712069
2025-02-18 16:30:00,326030.91408094764,326027.1338366464
2025-02-18 20:30:00,326019.10252580175,326027.2434391231
2025-02-19 00:30:00,325994.10557559086,326027.38693474256
2025-02-19 04:30:00,326028.2946344614,326027.39426930033
2025-02-19 08:30:00,326033.8333826062,326027.3085857439
2025-02-19 12:30:00,325993.0436813124,326027.155426795
2025-02-19 16:30:00,326036.2795148361,326027.17214443383
2025-02-19 20:30:00,326036.01027595176,326027.17094363703
2025-02-20 00:30:00,326027.3669930172,326027.1339900929
2025-02-20 04:30:00,326019.39448383125,326026.96197225153
2025-02-20 08:30:00,326063.0312173922,326027.0918277706
2025-02-20 12:30:00,326028.85554207675,326027.1901156405
2025-02-20 16:30:00,326014.7531023636,326027.1052356156
2025-02-20 20:30:00,326021.74666908465,326027.14383802196
2025-02-21 00:30:00,326006.4039085692,326027.15089999966
2025-02-21 04:30:00,326018.0796266188,326027.12110736064
2025-02-21 08:30:00,326036.0186209737,326027.1041697781
2025-02-21 12:30:00,326027.75646845694,326027.20506850537
2025-02-21 16:30:00,326016.25641260046,326027.31467021356
2025-02-21 20:30:00,326047.73058191774,326027.24055575265
2025-02-22 00:30:00,326035.63891688583,326027.13197433815
2025-02-22 04:30:00,326057.34335242666,326027.20832995017
2025-02-22 08:30:00,326030.5179693202,326027.1464217168
2025-02-22 12:30:00,326024.5733313081,326027.1315246794
2025-02-22 16:30:00,326024.8248653607,326027.00862330757
2025-02-22 20:30:00,326007.3871826974,326026.89155995514
2025-02-23 00:30:00,326037.14528835623,326027.06725474965
2025-02-23 04:30:00,326057.84908903466,326027.3418811176
2025-02-23 08:30:00,326055.0182807148,326027.3760391606
2025-02-23 12:30:00,326041.4297794723,326027.43863612635
2025-02-23 16:30:00,325982.26211673743,326027.33258479595
2025-02-23 20:30:00,326004.09813275735,326027.26060395536
2025-02-24 00:30:00,326014.71211900795,326027.06910321297
2025-02-24 04:30:00,326014.22221561405,326026.86591187585
2025-02-24 08:30:00,326026.9385077532,326026.7930767105
2025-02-24 12:30:00,326037.59452928515,326026.69870295835
2025-02-24 16:30:00,326022.13278314273,326026.6308473108
2025-02-24 20:30:00,326020.70852015284,326026.7580814759
2025-02-25 00:30:00,326043.88063729805,326027.05151619227
2025-02-25 04:30:00,326063.38576844515,326027.203764177
2025-02-25 08:30:00,326054.4241500131,326027.2984179783
2025-02-25 12:30:00,326043.80420508434,326027.41552523564
2025-02-25 16:30:00,326029.14131129126,326027.5677224622
2025-02-25 20:30:00,326044.12748512765,326027.6760773804
2025-02-26 00:30:00,326040.7963336974,326027.7683243809
2025-02-26 04:30:00,326051.05219108344,326027.84005672036
2025-02-26 08:30:00,326046.7886378846,326028.03539754584
2025-02-26 12:30:00,326029.67855029943,326028.1970954175
2025-02-26 16:30:00,325997.32477577403,326027.90636872215
2025-02-26 20:30:00,326006.19171366456,326027.8867049521
2025-02-27 00:30:00,326048.061648564,326028.1033835725
2025-02-27 04:30:00,326038.1194800919,326028.2450697091
2025-02-27 08:30:00,326058.52040874737,326028.37973784504
2025-02-27 12:30:00,326055.86792640726,326028.453860437
2025-02-27 16:30:00,326042.91775971564,326028.54143868265
2025-02-27 20:30:00,326030.47641190514,326028.6871801031
2025-02-28 00:30:00,326050.1404255581,326028.7461563134
2025-02-28 04:30:00,326031.2227310119,326028.64516920125
2025-02-28 08:30:00,326034.65897731355,326028.63804015826
2025-02-28 12:30:00,326030.6306357774,326028.69140404667
2025-02-28 16:30:00,326027.8482403552,326028.7028654951
2025-02-28 20:30:00,326003.94196869415,326028.6345430645
2025-03-01 00:30:00,326016.1267289812,326028.7998082474
2025-03-01 04:30:00,326052.50784820656,326028.8830243417
2025-03-01 08:30:00,326038.8870729624,326028.8839380685
2025-03-01 12:30:00,326021.07274144894,326028.6796682365
2025-03-01 16:30:00,326063.4155153808,326028.96507271304
2025-03-01 20:30:00,326041.25412211154,326029.26620833285
2025-03-02 00:30:00,326031.67579600506,326029.3086503842
2025-03-02 04:30:00,326031.86148548836,326029.34535750083
2025-03-02 08:30:00,326022.380838326,326029.32066341076
2025-03-02 12:30:00,326032.16641695163,326029.4291874358
2025-03-02 16:30:00,326094.29432738567,326029.7691129398
2025-03-02 20:30:00,325994.30168169405,326029.55092383275
2025-03-03 00:30:00,326002.662768524,326029.4186579335
2025-03-03 04:30:00,326058.47695935617,326029.59403164644
2025-03-03 08:30:00,325985.40159177943,326029.25357903517
2025-03-03 12:30:00,326015.69581806136,326029.11160859314
2025-03-03 16:30:00,326023.33560465195,326029.3374748596
2025-03-03 20:30:00,326031.75755787914,326029.46690881666
2025-03-04 00:30:00,326024.8904499775,326029.46319739387
2025-03-04 04:30:00,326029.42956914287,326029.4032633736
2025-03-04 08:30:00,326013.02562366327,326029.34848254285
2025-03-04 12:30:00,326033.75441052765,326029.5276149647
2025-03-04 16:30:00,326045.2405819394,326029.58404420473
2025-03-04 20:30:00,326022.82128568675,326029.4264350056
2025-03-05 00:30:00,325980.80772974715,326029.1642615694
2025-03-05 04:30:00,326038.62819814804,326029.27524721297
2025-03-05 08:30:00,326032.5941401015,326029.22581787466
2025-03-05 12:30:00,326008.53262815013,326028.97566549934
2025-03-05 16:30:00,326024.8794559994,326028.9520939129
2025-03-05 20:30:00,326061.9273479249,326029.15197771357
2025-03-06 00:30:00,326057.8118767397,326029.3215010872
2025-03-06 04:30:00,326045.1611622942,326029.4392548219
2025-03-06 08:30:00,326044.49555731023,326029.5760840956
2025-03-06 12:30:00,325996.7466551575,326029.62346123287
2025-03-06 16:30:00,326036.3914796809,326029.6027756898
2025-03-06 20:30:00,326034.6973242957,326029.67167930456
2025-03-07 00:30:00,326013.61407477135,326029.53954417724
2025-03-07 04:30:00,326035.0469856476,326029.57906348817
2025-03-07 08:30:00,326038.7838169495,326029.66334186256
2025-03-07 12:30:00,326006.6411226189,326029.65626631223
2025-03-07 16:30:00,326029.1830896364,326029.63581525616
2025-03-07 20:30:00,326051.6066828958,326029.92639409815
2025-03-08 00:30:00,326044.289370933,326030.23672876414
2025-03-08 04:30:00,326040.000348885,326030.31887423934
2025-03-08 08:30:00,326040.19595327775,326030.49845924805
2025-03-08 12:30:00,326022.07256687357,326030.44947150175
2025-03-08 16:30:00,326028.8500328334,326030.59937106236
2025-03-08 20:30:00,326043.8643567435,326030.7676308745
2025-03-09 00:30:00,326030.82387975894,326030.8913982469
2025-03-09 04:30:00,326023.4785500363,326030.96072438156
2025-03-09 08:30:00,326040.28005423857,326031.2226140259
2025-03-09 12:30:00,326042.5810033918,326031.23408707406
2025-03-09 16:30:00,326020.8538894116,326031.2304038459
2025-03-09 20:30:00,326038.32015316427,326031.27138505585
2025-03-10 00:30:00,326042.0088243909,326031.33309447736
2025-03-10 04:30:00,326024.86397085135,326031.28092965024
2025-03-10 08:30:00,326055.49091464706,326031.3776175378
2025-03-10 12:30:00,326045.9448202645,326031.4608586962
2025-03-10 16:30:00,326021.9418823988,326031.4067736036
2025-03-10 20:30:00,326036.93524077296,326031.3777918565
2025-03-11 00:30:00,326040.5030791004,326031.32005527953
2025-03-11 04:30:00,326022.6240168254,326031.2340029799
2025-03-11 08:30:00,326038.1015242619,326031.22969763365
2025-03-11 12:30:00,326024.25588591734,326031.2005700779
2025-03-11 16:30:00,326007.3103215243,326031.0655969223
2025-03-11 20:30:00,326008.99871541734,326030.9416256778
2025-03-12 00:30:00,326040.9203395685,326030.96960168483
2025-03-12 04:30:00,326044.43750113685,326031.1096010956
2025-03-12 08:30:00,326053.0555322996,326031.2250431716
2025-03-12 12:30:00,326068.7826709918,326031.35171563167
2025-03-12 16:30:00,326022.372859443,326031.30556095636
2025-03-12 20:30:00,326021.2333422317,326031.249291578
2025-03-13 00:30:00,326010.01598284603,326031.1146904015
2025-03-13 04:30:00,326032.0245853633,326031.15736315906
2025-03-13 08:30:00,326045.25414940895,326031.23619421024
2025-03-13 12:30:00,326048.34950382775,326031.38489282544
2025-03-13 16:30:00,326032.27504007984,326031.5886585201
2025-03-13 20:30:00,326019.23602726025,326031.7609397043
2025-03-14 00:30:00,326053.91807044984,326032.0232778844
2025-03-14 04:30:00,326050.6185817579,326032.2300889187
2025-03-14 08:30:00,326027.76358783245,326032.2358386463
2025-03-14 12:30:00,326063.9956294793,326032.3839627392
2025-03-14 16:30:00,326035.49936737743,326032.3477119652
2025-03-14 20:30:00,325993.21451338887,326032.13030530646
2025-03-15 00:30:00,326026.2438625861,326032.1628056118
2025-03-15 04:30:00,326047.9540765734,326032.1818056671
2025-03-15 08:30:00,326050.5196835373,326032.17614166555
2025-03-15 12:30:00,326063.3748632012,326032.2631247879
2025-03-15 16:30:00,326047.7258610932,326032.2683912471
2025-03-15 20:30:00,326046.33191844565,326032.3371602964
2025-03-16 00:30:00,326037.649391564,326032.38778017176
2025-03-16 04:30:00,326026.70566808956,326032.3852746902
2025-03-16 08:30:00,326018.01152367,326032.28351122513
2025-03-16 12:30:00,326022.2693904997,326032.2378098007
2025-03-16 16:30:00,326043.97519573633,326032.30722593266
2025-03-16 20:30:00,326025.19241604384,326032.40997862665
2025-03-17 00:30:00,326023.0465190033,326032.2636333009
2025-03-17 04:30:00,326046.48491457076,326032.3104392283
2025-03-17 08:30:00,326019.6990264872,326032.1397731685
2025-03-17 12:30:00,326028.7960917769,326032.0823243219
2025-03-17 16:30:00,326045.35934689245,326032.14531174296
2025-03-17 20:30:00,326040.1538061949,326032.1636616169
2025-03-18 00:30:00,326034.9295240849,326032.13685587904
2025-03-18 04:30:00,326052.8868028018,326032.3047054334
2025-03-18 08:30:00,326036.83546658483,326032.38766877895
2025-03-18 12:30:00,326023.3283808877,326032.39394993446
2025-03-18 16:30:00,326040.9345011674,326032.37592200167
2025-03-18 20:30:00,326037.7346940201,326032.41872004076
2025-03-19 00:30:00,326035.0222489677,326032.4030386286
2025-03-19 04:30:00,326044.20477936213,326032.4178869162
2025-03-19 08:30:00,326030.82005321234,326032.375015497
2025-03-19 12:30:00,326012.30545573414,326032.3312218317
2025-03-19 16:30:00,326041.568441517,326032.33403476997
2025-03-19 20:30:00,326051.3494758291,326032.4938216775
2025-03-20 00:30:00,326023.29543754034,326032.4204614525
2025-03-20 04:30:00,326033.7515255969,326032.33237006917
2025-03-20 08:30:00,326036.1574381241,326032.37120235834
2025-03-20 12:30:00,326047.01189899194,326032.49749498605
2025-03-20 16:30:00,326049.3888674316,326032.6001326887
2025-03-20 20:30:00,326051.47186794714,326032.7799623674
2025-03-21 00:30:00,326045.28066176845,326033.06426840165
2025-03-21 04:30:00,326037.292566927,326033.1142569154
2025-03-21 08:30:00,326032.51193452795,326033.1069155371
2025-03-21 12:30:00,326010.345653619,326033.2030376055
2025-03-21 16:30:00,326047.16013196367,326033.26348547847
2025-03-21 20:30:00,326025.38218625094,326033.2044405357
2025-03-22 00:30:00,326039.4781952383,326033.2717249925
2025-03-22 04:30:00,326026.6912340802,326033.3122624939
2025-03-22 08:30:00,326032.94211888866,326033.14510083554
2025-03-22 12:30:00,326034.3994367043,326033.17590025015
2025-03-22 16:30:00,326034.55813134846,326033.2859281889
2025-03-22 20:30:00,326030.7066778782,326033.3357060155
2025-03-23 00:30:00,326023.26820284285,326033.4293965393
2025-03-23 04:30:00,326042.21261157887,326033.563468678
2025-03-23 08:30:00,326053.75871478766,326033.66202475474
2025-03-23 12:30:00,326019.2965309212,326033.6150251017
2025-03-23 16:30:00,326040.4482236557,326033.749424052
2025-03-23 20:30:00,326054.79724858626,326033.7886833113
2025-03-24 00:30:00,326053.0211003775,326033.8852509973
2025-03-24 04:30:00,326031.852775529,326033.7436366813
2025-03-24 08:30:00,326035.0885502773,326033.76902879775
2025-03-24 12:30:00,325987.5015105153,326033.56307423767
2025-03-24 16:30:00,326035.690345941,326033.6234380187
2025-03-24 20:30:00,326035.0886906184,326033.7773352849
2025-03-25 00:30:00,326048.1947488303,326033.8387211765
2025-03-25 04:30:00,326036.6936310013,326033.72119085403
2025-03-25 08:30:00,326041.51720471104,326033.6461848762
2025-03-25 12:30:00,326031.601459599,326033.5915830992
2025-03-25 16:30:00,326046.9778294721,326033.95111483656
2025-03-25 20:30:00,326050.68695347017,326034.2099416183
2025-03-26 00:30:00,326040.6254671553,326034.3539046636
2025-03-26 04:30:00,326026.1223227758,326034.4200163701
2025-03-26 08:30:00,326039.2423440354,326034.4883710161
2025-03-26 12:30:00,326045.76990428835,326034.5337897661
2025-03-26 16:30:00,326014.50964670844,326034.49143900815
2025-03-26 20:30:00,326020.33037913893,326034.4893382247
2025-03-27 00:30:00,326041.9273805995,326034.4784867986
2025-03-27 04:30:00,326048.647797082,326034.3966091799
2025-03-27 08:30:00,326039.3930950656,326034.3131033191
2025-03-27 12:30:00,326034.005701117,326034.25866718596
2025-03-27 16:30:00,326039.2151683899,326034.3146330587
2025-03-27 20:30:00,326038.74990957585,326034.284757639
2025-03-28 00:30:00,326025.66832520935,326034.20071314735
2025-03-28 04:30:00,326035.7023020899,326034.1154359863
2025-03-28 08:30:00,326042.3360015701,326034.0906991179
2025-03-28 12:30:00,326047.2164879343,326034.18813210475
2025-03-28 16:30:00,326030.44883038476,326034.3721546304
2025-03-28 20:30:00,326043.0025947231,326034.5766595251
2025-03-29 00:30:00,326033.7237616636,326034.4970045979
2025-03-29 04:30:00,326038.3954079347,326034.49853753037
2025-03-29 08:30:00,326022.27649815596,326034.29718247155
2025-03-29 12:30:00,326033.24484498205,326034.1714986859
2025-03-29 16:30:00,326018.81384480366,326034.0375880475
2025-03-29 20:30:00,326020.1520504444,326033.98023048375
2025-03-30 00:30:00,326027.3193267723,326033.8534466016
2025-03-30 04:30:00,326031.2648820622,326033.85368077416
2025-03-30 08:30:00,326048.08193267667,326033.9282527484
2025-03-30 12:30:00,326049.5637942903,326034.03343696235
2025-03-30 16:30:00,326037.5503352751,326034.08733748965
2025-03-30 20:30:00,326038.3597499064,326034.2785473853
2025-03-31 00:30:00,326029.9586447074,326034.35539136146
2025-03-31 04:30:00,326046.02341860626,326034.3193667527
2025-03-31 08:30:00,326015.4078851837,326034.1889268206
2025-03-31 12:30:00,326021.9100132507,326034.1935783305
2025-03-31 16:30:00,326060.9154282947,326034.1796889578
2025-03-31 20:30:00,326045.2971442367,326034.2021501919
2025-04-01 00:30:00,326022.4542604903,326034.15091943904
2025-04-01 04:30:00,326020.05880758207,326034.0853490062
2025-04-01 08:30:00,326037.48578074743,326034.169265353
2025-04-01 12:30:00,326032.55248803325,326034.1714101923
2025-04-01 16:30:00,326039.48447312013,326033.86691100197
2025-04-01 20:30:00,326038.7404293666,326034.1137929335
2025-04-02 00:30:00,326029.28866947966,326034.2617146055
2025-04-02 04:30:00,326012.27260817686,326034.0050237656
2025-04-02 08:30:00,326010.99591736926,326034.14721446333
2025-04-02 12:30:00,326014.6247751826,326034.14126422507
2025-04-02 16:30:00,326039.64721327496,326034.231884273
2025-04-02 20:30:00,326022.6708113165,326034.18140234763
2025-04-03 00:30:00,326013.4729538477,326034.1179718136
2025-04-03 04:30:00,326039.22270296136,326034.17237811256
2025-04-03 08:30:00,326020.36948592094,326034.2131773474
2025-04-03 12:30:00,326014.83912900084,326034.10809245
2025-04-03 16:30:00,326038.84564844833,326034.07256504166
2025-04-03 20:30:00,326053.62697299593,326034.24370774894
2025-04-04 00:30:00,326039.60361250455,326034.5703515421
2025-04-04 04:30:00,326031.396114412,326034.5301732991
2025-04-04 08:30:00,326032.2307524628,326034.5281544789
2025-04-04 12:30:00,326035.90685939544,326034.68023354135
2025-04-04 16:30:00,326024.1332099285,326034.67608772987
2025-04-04 20:30:00,326039.1552952911,326034.54957632633
2025-04-05 00:30:00,326035.4628706402,326034.4254151813
2025-04-05 04:30:00,326038.14033411106,326034.3864105803
2025-04-05 08:30:00,326025.30855395406,326034.2798161172
2025-04-05 12:30:00,326034.29224063613,326034.48840270325
2025-04-05 16:30:00,326043.4785873731,326034.5277755237
2025-04-05 20:30:00,326046.7781459863,326034.59489119984
2025-04-06 00:30:00,326035.3426157842,326034.71560531657
2025-04-06 04:30:00,326026.4271231782,326034.6677171917
2025-04-06 08:30:00,326042.98822269414,326034.69107500144
2025-04-06 12:30:00,326021.71043053525,326034.7747933787
2025-04-06 16:30:00,326031.19205972337,326034.78595432366
2025-04-06 20:30:00,326039.9810127706,326034.72136726737
2025-04-07 00:30:00,326051.4865120623,326034.7613513848
2025-04-07 04:30:00,326039.051325574,326034.7560790331
2025-04-07 08:30:00,326042.5186854402,326034.7689831006
2025-04-07 12:30:00,326036.9341402559,326034.8515473971
2025-04-07 16:30:00,326031.40393512964,326034.8657357432
2025-04-07 20:30:00,326050.7025435107,326034.9037256697
2025-04-08 00:30:00,326040.2924973207,326034.95632910065
2025-04-08 04:30:00,326024.03161062545,326034.9594016595
2025-04-08 08:30:00,326050.02637944586,326035.0135479106
2025-04-08 12:30:00,326034.3124859088,326034.9676117024
2025-04-08 16:30:00,326025.87290511053,326034.995495123
2025-04-08 20:30:00,326042.7831132399,326035.0202893455
2025-04-09 00:30:00,326057.589672779,326035.1068496144
2025-04-09 04:30:00,326049.0085276129,326035.24098604085
2025-04-09 08:30:00,326043.65056636964,326035.17520632816
2025-04-09 12:30:00,326035.8791917385,326035.1192861697
2025-04-09 16:30:00,326045.70469522866,326035.2513017966
2025-04-09 20:30:00,326056.41843826027,326035.3595417826
2025-04-10 00:30:00,326034.8963455627,326035.328393263
2025-04-10 04:30:00,326045.91211558087,326035.45777158934
2025-04-10 08:30:00,326036.1731539696,326035.4470584211
2025-04-10 12:30:00,326058.40873473504,326035.6367964701
2025-04-10 16:30:00,326026.72910869826,326035.74467862106
2025-04-10 20:30:00,326030.9371556989,326035.8665588448
2025-04-11 00:30:00,326058.60337418615,326035.964797926
2025-04-11 04:30:00,326054.59647237073,326036.02123665507
2025-04-11 08:30:00,326055.84472401114,326036.0367321646
2025-04-11 12:30:00,326058.4341504044,326035.97924038355
2025-04-11 16:30:00,326036.7923722006,326036.05934878776
2025-04-11 20:30:00,326025.9473763962,326036.08553786646
2025-04-12 00:30:00,326039.60279405315,326036.2499090399
2025-04-12 04:30:00,326016.9454322582,326036.16613596707
2025-04-12 08:30:00,326034.31709164596,326036.105374535
2025-04-12 12:30:00,326056.35118768626,326036.14982833416
2025-04-12 16:30:00,326043.1321369118,326036.21014553885
2025-04-12 20:30:00,326034.8746511105,326036.2970267825
2025-04-13 00:30:00,326044.7492106351,326036.2460886724
2025-04-13 04:30:00,326043.2336999682,326036.20506155136
2025-04-13 08:30:00,326046.6313808535,326036.30988262367
2025-04-13 12:30:00,326046.4568169847,326036.2124447765
2025-04-13 16:30:00,326045.7513434676,326036.26940019923
2025-04-13 20:30:00,326036.7423125415,326036.51122130564
2025-04-14 00:30:00,326036.63834589475,326036.56896843505
2025-04-14 04:30:00,326045.004691803,326036.5525829641
2025-04-14 08:30:00,326020.06354994007,326036.383382222
2025-04-14 12:30:00,326035.47492778976,326036.2283825808
2025-04-14 16:30:00,326050.8798484787,326036.24590473284
2025-04-14 20:30:00,326037.9473710525,326036.1993239141
2025-04-15 00:30:00,326025.38825926225,326036.13120651233
2025-04-15 04:30:00,326053.0541541064,326036.2775869902
2025-04-15 08:30:00,326036.416684316,326036.37983788276
2025-04-15 12:30:00,326021.10299292154,326036.3733578962
2025-04-15 16:30:00,326031.4612106652,326036.3038357569
2025-04-15 20:30:00,326033.54490783624,326036.3502384891
2025-04-16 00:30:00,326038.76458180964,326036.43756106024
2025-04-16 04:30:00,326055.21402123425,326036.48605609726
2025-04-16 08:30:00,326020.05428585527,326036.4880297604
2025-04-16 12:30:00,326023.657350594,326036.4594811983
2025-04-16 16:30:00,326047.7905918288,326036.4729881146
2025-04-16 20:30:00,326025.2705856443,326036.390303556
2025-04-17 00:30:00,326028.70723067183,326036.35573525925
2025-04-17 04:30:00,326048.258929197,326036.3300248503
2025-04-17 08:30:00,326022.84089163214,326036.2522772117
2025-04-17 12:30:00,326034.85994284524,326036.31634144473
2025-04-17 16:30:00,326039.7476722723,326036.30974795093
2025-04-17 20:30:00,326030.26782623376,326036.2682653521
2025-04-18 00:30:00,326027.2484482402,326036.2250775703
2025-04-18 04:30:00,326032.1379586762,326036.1580396776
2025-04-18 08:30:00,326012.6175801746,326036.0569148274
2025-04-18 12:30:00,326007.5734447139,326036.03062587726
2025-04-18 16:30:00,326055.75940393884,326036.1094645574
2025-04-18 20:30:00,326046.37836067117,326036.081847251
2025-04-19 00:30:00,326015.1980601927,326036.03686182125
2025-04-19 04:30:00,326044.06637381355,326036.09416653356
2025-04-19 08:30:00,326014.2182420494,326035.97228211095
2025-04-19 12:30:00,326027.4661277295,326035.8636944928
2025-04-19 16:30:00,326036.7793022462,326035.7936413529
2025-04-19 20:30:00,326037.15888993925,326035.71412480844
2025-04-20 00:30:00,326037.09030175686,326035.66862280836
2025-04-20 04:30:00,326040.19179421326,326035.6847296266
2025-04-20 08:30:00,326015.4487123875,326035.58993394807
2025-04-20 12:30:00,326026.07619823026,326035.6773258625
2025-04-20 16:30:00,326053.18777260534,326035.7108127549
2025-04-20 20:30:00,326043.37459722103,326035.8107705937
2025-04-21 00:30:00,326028.1373754419,326035.7477660392
2025-04-21 04:30:00,326037.416712727,326035.80735203176
2025-04-21 08:30:00,326027.1815433966,326035.7753488346
2025-04-21 12:30:00,326019.00560697855,326035.6898275583
2025-04-21 16:30:00,326036.3612511683,326035.6998448906
2025-04-21 20:30:00,326035.95041181165,326035.7289767458
2025-04-22 00:30:00,326032.1880005268,326035.7785311774
2025-04-22 04:30:00,326034.9790324109,326035.7383446265
2025-04-22 08:30:00,326025.9455143402,326035.5838268462
2025-04-22 12:30:00,326026.38069794636,326035.6231833297
2025-04-22 16:30:00,326048.0383164513,326035.66535051184
2025-04-22 20:30:00,326061.3891050084,326035.70197193645
2025-04-23 00:30:00,326051.39179909974,326035.69292026275
2025-04-23 04:30:00,326041.97095507756,326035.7491323713
2025-04-23 08:30:00,326039.6305314453,326035.7743656
2025-04-23 12:30:00,326037.3378444322,326036.0512341218
2025-04-23 16:30:00,326040.49753465713,326036.0779407258
2025-04-23 20:30:00,326047.9932229654,326036.14963257214
2025-04-24 00:30:00,326016.0352072937,326035.9709684525
2025-04-24 04:30:00,326036.4730532295,326035.9697430204
2025-04-24 08:30:00,326046.81102851516,326035.9991531527
2025-04-24 12:30:00,326042.8743136018,326036.0617801193
2025-04-24 16:30:00,326036.93809357274,326036.0060038088
2025-04-24 20:30:00,326038.3148326107,326035.937269804
2025-04-25 00:30:00,326041.102764692,326035.9399214571
2025-04-25 04:30:00,326048.91661233956,326036.066556399
2025-04-25 08:30:00,326047.04972319043,326036.1099307277
2025-04-25 12:30:00,326040.7604676154,326036.08210052387
2025-04-25 16:30:00,326035.99654372176,326036.201472174
2025-04-25 20:30:00,326047.64421090676,326036.35321568383
2025-04-26 00:30:00,326050.7416826463,326036.40218402847
2025-04-26 04:30:00,326024.41538333404,326036.2675595076
2025-04-26 08:30:00,326045.69122509833,326036.30254911905
2025-04-26 12:30:00,326054.1404865533,326036.4144090381
2025-04-26 16:30:00,326043.20404339256,326036.4365694548
2025-04-26 20:30:00,326036.7958152836,326036.4257133753
2025-04-27 00:30:00,326041.26334486925,326036.5123523735
2025-04-27 04:30:00,326022.64987722103,326036.439838902
2025-04-27 08:30:00,326021.85358646954,326036.326047707
2025-04-27 12:30:00,326026.8074352447,326036.2126640809
2025-04-27 16:30:00,326041.6618462635,326036.27495861356
2025-04-27 20:30:00,326051.79164553713,326036.32378667366
2025-04-28 00:30:00,326032.6951902581,326036.31807238807
2025-04-28 04:30:00,326028.60997450905,326036.26370886905
2025-04-28 08:30:00,326046.3499735996,326036.3974503993
2025-04-28 12:30:00,326048.3918933018,326036.48160066776
2025-04-28 16:30:00,326048.8359798047,326036.6483903066
2025-04-28 20:30:00,326051.8550696266,326036.82451819093
2025-04-29 00:30:00,326041.276418335,326036.9020575885
2025-04-29 04:30:00,326025.72907278704,326036.8713030926
2025-04-29 08:30:00,326007.6513761436,326036.6466888896
2025-04-29 12:30:00,326019.7160491285,326036.4808680832
2025-04-29 16:30:00,326043.5478815466,326036.51418778463
2025-04-29 20:30:00,326047.67552098696,326036.56594206847
2025-04-30 00:30:00,326041.9460320386,326036.63253866474
2025-04-30 04:30:00,326058.90290653653,326036.70409137546
2025-04-30 08:30:00,326038.6199848553,326036.83304748475
2025-04-30 12:30:00,326054.353850411,326037.01329102454
2025-04-30 16:30:00,326050.5926571764,326036.95594229613
2025-04-30 20:30:00,326032.60177392623,326036.88541246107
2025-05-01 00:30:00,326040.8128563948,326036.9874046605
2025-05-01 04:30:00,326015.7492328169,326036.9634625785
2025-05-01 08:30:00,325989.4912081631,326036.69682606414
2025-05-01 12:30:00,326011.3270778212,326036.5789071185
2025-05-01 16:30:00,326040.08165725484,326036.5822248081
2025-05-01 20:30:00,326038.07516701525,326036.57852890616
2025-05-02 00:30:00,326041.36725294427,326036.6456321476
2025-05-02 04:30:00,326067.7529146401,326036.95385607245
2025-05-02 08:30:00,326046.30084361375,326037.14999455155
2025-05-02 12:30:00,326030.7275344009,326037.23945432506
2025-05-02 16:30:00,326044.9380378701,326037.2688477949
2025-05-02 20:30:00,326029.2522493739,326037.30541133974
2025-05-03 00:30:00,326012.1343451052,326037.2979746245
2025-05-03 04:30:00,326046.14477900777,326037.33643060253
2025-05-03 08:30:00,326019.9184124032,326037.3339246386
2025-05-03 12:30:00,326032.6837811329,326037.4330615948
2025-05-03 16:30:00,326039.51176429685,326037.43676223845
2025-05-03 20:30:00,326057.60343216493,326037.4588536783
2025-05-04 00:30:00,326037.5400938015,326037.44738968543
2025-05-04 04:30:00,326033.6705965974,326037.4600256976
2025-05-04 08:30:00,326029.9727235641,326037.44748109265
2025-05-04 12:30:00,326039.201302174,326037.4657835525
2025-05-04 16:30:00,326042.1942155509,326037.56612247264
2025-05-04 20:30:00,326037.4346814645,326037.5565635069
2025-05-05 00:30:00,326038.08331474575,326037.5711215298
2025-05-05 04:30:00,326037.40674660675,326037.56704604364
2025-05-05 08:30:00,326028.9519635131,326037.58728720783
2025-05-05 12:30:00,326026.3277797192,326037.5430402027
2025-05-05 16:30:00,326033.2439677998,326037.4861812051
2025-05-05 20:30:00,326033.5591410751,326037.4127422889
2025-05-06 00:30:00,326036.1235658954,326037.41708090063
2025-05-06 04:30:00,326037.9394296287,326037.48103815876
2025-05-06 08:30:00,326053.74395668315,326037.54079223645
2025-05-06 12:30:00,326045.78789176844,326037.67455591
2025-05-06 16:30:00,326040.56243704754,326037.7266135617
2025-05-06 20:30:00,326049.6441894031,326037.7802978764
2025-05-07 00:30:00,326038.00800083036,326037.70541725843
2025-05-07 04:30:00,326051.8687487792,326037.7766251651
2025-05-07 08:30:00,326044.60411947273,326037.78821090976
2025-05-07 12:30:00,326048.62735102454,326037.8531731918
2025-05-07 16:30:00,326043.69334732566,326037.921447704
2025-05-07 20:30:00,326044.05153718905,326037.8844976689
2025-05-08 00:30:00,326050.4103585829,326037.94070800924
2025-05-08 04:30:00,326027.08813218673,326037.9576886846
2025-05-08 08:30:00,326023.9966515769,326037.8130790853
2025-05-08 12:30:00,326042.08101129404,326037.8562375596
2025-05-08 16:30:00,326038.21797577036,326037.9248212855
2025-05-08 20:30:00,326025.06420723186,326037.82638291887
2025-05-09 00:30:00,326045.50083269813,326037.7592226961
2025-05-09 04:30:00,326011.8079145288,326037.5525526235
2025-05-09 08:30:00,326023.8598336899,326037.44260410866
2025-05-09 12:30:00,326039.51515310834,326037.46280389396
2025-05-09 16:30:00,326056.5287645327,326037.5229376123
2025-05-09 20:30:00,326018.289672044,326037.3111111333
2025-05-10 00:30:00,326042.8778978292,326037.35545309033
2025-05-10 04:30:00,326047.60329924227,326037.3648485552
2025-05-10 08:30:00,326025.6363187815,326037.30631058186
2025-05-10 12:30:00,326028.8650910165,326037.14217922784
2025-05-10 16:30:00,326042.90903583553,326037.23206771194
2025-05-10 20:30:00,326036.79471666337,326037.26460971736
2025-05-11 00:30:00,326033.4699066106,326037.1249793419
2025-05-11 04:30:00,326032.46328739135,326037.0020172032
2025-05-11 08:30:00,326013.4190755745,326036.7663191563
2025-05-11 12:30:00,326032.7119102066,326036.6234178219
2025-05-11 16:30:00,326045.47252117115,326036.6716408717
2025-05-11 20:30:00,326054.79570235446,326036.8319093492
2025-05-12 00:30:00,326019.23218289914,326036.7187392873
2025-05-12 04:30:00,326038.2190933683,326036.83692629344
2025-05-12 08:30:00,326023.18468145863,326036.7750795702
2025-05-12 12:30:00,326012.63280156814,326036.53219964734
2025-05-12 16:30:00,326047.22390431096,326036.5549316884
2025-05-12 20:30:00,326050.68534701585,326036.6427688879
2025-05-13 00:30:00,326051.5734248959,326036.6806811893
2025-05-13 04:30:00,326049.11868073465,326036.7133755269
2025-05-13 08:30:00,326021.8702056764,326036.5758134426
2025-05-13 12:30:00,326036.92489678663,326036.52285833034
2025-05-13 16:30:00,326050.1124192962,326036.5470865294
2025-05-13 20:30:00,326057.7785759284,326036.66395465937
2025-05-14 00:30:00,326048.0717638063,326036.7274736478
2025-05-14 04:30:00,326031.42737286096,326036.65204409807
2025-05-14 08:30:00,326028.5117040482,326036.69897828763
2025-05-14 12:30:00,326015.2852234946,326036.5868132637
2025-05-14 16:30:00,326033.0705050109,326036.4878724667
2025-05-14 20:30:00,326045.68654354237,326036.5308678693
2025-05-15 00:30:00,326041.69345597783,326036.62145229557
2025-05-15 04:30:00,326023.64437151334,326036.45806461456
2025-05-15 08:30:00,326030.28347927576,326036.4239912532
2025-05-15 12:30:00,326027.9610579179,326036.46209161426
2025-05-15 16:30:00,326037.2670993662,326036.4943465515
2025-05-15 20:30:00,326050.97748038,326036.5911941767
2025-05-16 00:30:00,326043.5801368189,326036.61794726015
2025-05-16 04:30:00,326031.1695631397,326036.48436693737
2025-05-16 08:30:00,326037.54249906424,326036.5815236774
2025-05-16 12:30:00,326035.22261989577,326036.64577517356
2025-05-16 16:30:00,326044.1359496613,326036.6254716059
2025-05-16 20:30:00,326053.1968694396,326036.780617627
2025-05-17 00:30:00,326043.57445949916,326036.86321334273
2025-05-17 04:30:00,326019.6699086521,326036.70438545075
2025-05-17 08:30:00,326001.08922244277,326036.5835428442
2025-05-17 12:30:00,326034.8195344767,326036.58331835334
2025-05-17 16:30:00,326047.5906114935,326036.62689023785
2025-05-17 20:30:00,326026.2852503296,326036.6047648162
2025-05-18 00:30:00,326031.9183215213,326036.6307085566
2025-05-18 04:30:00,326049.18443595804,326036.7254112081
2025-05-18 08:30:00,326035.2270204727,326036.85101920983
2025-05-18 12:30:00,326043.5389623424,326037.05082764116
2025-05-18 16:30:00,326046.51937699784,326036.99949415814
2025-05-18 20:30:00,326038.7640966322,326036.95719269116
2025-05-19 00:30:00,326028.5087165976,326037.0311407823
2025-05-19 04:30:00,326050.46298739803,326037.06667752453
2025-05-19 08:30:00,326035.5369985934,326037.1851150608
2025-05-19 12:30:00,326039.4363134985,326037.2516160929
2025-05-19 16:30:00,326054.23044241965,326037.3485668716
2025-05-19 20:30:00,326030.27940045873,326037.3103474856
2025-05-20 00:30:00,326034.2228922759,326037.2944174329
2025-05-20 04:30:00,326053.86369147483,326037.3703724178
2025-05-20 08:30:00,326055.5328932149,326037.5930623113
2025-05-20 12:30:00,326041.83267369564,326037.68059828604
2025-05-20 16:30:00,326048.4455861017,326037.65425280546
2025-05-20 20:30:00,326032.362459053,326037.59307426005
2025-05-21 00:30:00,326036.0973797836,326037.63729650644
2025-05-21 04:30:00,326051.96007989853,326037.7180929907
2025-05-21 08:30:00,326038.6123504681,326037.7815974744
2025-05-21 12:30:00,326037.58676202607,326037.8848261136
2025-05-21 16:30:00,326048.0463352804,326037.9497432476
2025-05-21 20:30:00,326025.6527871062,326037.8925342214
2025-05-22 00:30:00,326021.96619948384,326037.83574643784
2025-05-22 04:30:00,326039.40262688836,326037.86032196274
2025-05-22 08:30:00,326031.9009402553,326037.8934076622
2025-05-22 12:30:00,326016.590320537,326037.8390166766
2025-05-22 16:30:00,326042.6548760878,326037.8091086746
2025-05-22 20:30:00,326039.057424392,326037.6850437823
2025-05-23 04:30:00,326024.15051470144,326037.50891419745
2025-05-23 08:30:00,326056.7012700313,326037.6042814521
2025-05-23 12:30:00,326034.0451036475,326037.58588625217
2025-05-23 16:30:00,326042.8412078556,326037.59897939855
2025-05-23 20:30:00,326048.26362103305,326037.6004900023
2025-05-24 00:30:00,326047.4316822278,326037.77588930354
2025-05-24 04:30:00,326050.11830601055,326037.852119766
2025-05-24 08:30:00,326018.0481444721,326037.691433263
2025-05-24 12:30:00,326019.01766568905,326037.5581559004
2025-05-24 16:30:00,326035.3558857251,326037.5493167504
2025-05-24 20:30:00,326036.68946587964,326037.5402364893
2025-05-25 00:30:00,326031.97522495704,326037.4892446472
2025-05-25 04:30:00,326037.05689578585,326037.4229892475
2025-05-25 08:30:00,326033.83990448836,326037.3491913776
2025-05-25 12:30:00,326044.87456204096,326037.3721751454
2025-05-25 16:30:00,326040.2279454566,326037.39581426117
2025-05-25 20:30:00,326054.3348031777,326037.4331918717
2025-05-26 00:30:00,326051.15075766674,326037.435477207
2025-05-26 04:30:00,326040.6365138892,326037.5260980481
2025-05-26 08:30:00,326015.3783578934,326037.3567524212
2025-05-26 12:30:00,326015.0444783013,326037.13833896734
2025-05-26 16:30:00,326052.5741739781,326037.1906860656
2025-05-26 20:30:00,326036.19321092585,326037.1873195608
2025-05-27 00:30:00,326045.0497055764,326037.2084724139
2025-05-27 04:30:00,326030.7576567892,326037.2537672718
2025-05-27 08:30:00,326033.21186762303,326037.3172213565
2025-05-27 12:30:00,326051.6025813763,326037.4557417259
2025-05-27 16:30:00,326045.7180484337,326037.47840207326
2025-05-27 20:30:00,326044.8599594727,326037.43967757
2025-05-28 00:30:00,326034.7808563328,326037.4513293358
2025-05-28 04:30:00,326022.9290697649,326037.4195924378
2025-05-28 08:30:00,326013.72859991796,326037.2373501267
2025-05-28 12:30:00,326018.96559032315,326037.0729573727
2025-05-28 16:30:00,326017.78921246075,326036.899511745
2025-05-28 20:30:00,326032.55089245207,326036.79166717984
2025-05-29 00:30:00,326055.8358145378,326036.8730045888
2025-05-29 04:30:00,326042.45281802164,326036.9664333331
2025-05-29 08:30:00,326022.1828187375,326037.0476145766
2025-05-29 12:30:00,326035.0587779004,326037.13332814525
2025-05-29 16:30:00,326043.8306791759,326037.13490802026
2025-05-29 20:30:00,326036.54671348684,326037.0727359113
2025-05-30 00:30:00,326038.0824675247,326037.051151752
2025-05-30 04:30:00,326037.4730176597,326036.93143170234
2025-05-30 08:30:00,326015.86023041303,326036.80428223626
2025-05-30 12:30:00,326013.92148218665,326036.57840308413
2025-05-30 16:30:00,326010.9759346698,326036.35708061204
2025-05-30 20:30:00,326034.46296443505,326036.36747832433
2025-05-31 00:30:00,326046.69743138,326036.40035304497
2025-05-31 04:30:00,326056.44095898134,326036.62768112414
2025-05-31 08:30:00,326041.4395190218,326036.91789515124
2025-05-31 12:30:00,326037.61919960566,326037.06477851316
2025-05-31 16:30:00,326050.8639588822,326037.12501483515
2025-05-31 20:30:00,326039.82739621203,326037.13480382506
2025-06-01 00:30:00,326043.8755274036,326037.1488165315
2025-06-01 04:30:00,326034.61846878694,326036.9637078955
2025-06-01 08:30:00,326015.74432184454,326036.7930010699
2025-06-01 12:30:00,326010.7059338884,326036.68114855315
2025-06-01 16:30:00,326017.23335561156,326036.526373792
2025-06-01 20:30:00,326029.22185343184,326036.5262039822
2025-06-02 00:30:00,326044.1594868648,326036.7051153887
2025-06-02 04:30:00,326023.2680422463,326036.57731239
2025-06-02 08:30:00,326055.1901678523,326036.7743613031
2025-06-02 12:30:00,326050.43256712356,326036.8735165321
2025-06-02 16:30:00,326053.436388448,326036.9513077285
2025-06-02 20:30:00,326049.84710035287,326036.9079762659
2025-06-03 00:30:00,326048.4491386063,326036.96892065025
2025-06-03 04:30:00,326058.21076719847,326037.10601657536
2025-06-03 12:30:00,326049.3790938149,326037.20326985995
2025-06-03 16:30:00,326039.30951526365,326037.1870636786
2025-06-03 20:30:00,326048.0443595786,326037.2466686118
2025-06-04 00:30:00,326055.7867580785,326037.3461261586
2025-06-04 04:30:00,326056.9492856647,326037.45591570385
2025-06-04 08:30:00,326043.3404111279,326037.53674967925
2025-06-04 12:30:00,326037.28438247496,326037.5983036273
2025-06-04 16:30:00,326060.8013780749,326037.75312053895
2025-06-04 20:30:00,326047.18731942785,326037.82968333864
2025-06-05 00:30:00,326050.25654594175,326037.909082103
2025-06-05 04:30:00,326050.5743067444,326037.9800645587
2025-06-05 08:30:00,326043.40165128413,326037.92196171934
2025-06-05 12:30:00,326053.88609022385,326037.9674572163
2025-06-05 16:30:00,326039.8200290172,326037.96328638465
2025-06-05 20:30:00,326026.8265935317,326037.83509764384
2025-06-06 00:30:00,326058.7943384214,326037.9518748213
2025-06-06 04:30:00,326031.9349933868,326037.8398874315
2025-06-06 08:30:00,326009.40177452896,326037.6421214487
2025-06-06 12:30:00,326042.0677060389,326037.60526951053
2025-06-06 16:30:00,326053.91275547585,326037.66268191586
2025-06-06 20:30:00,326034.8283164047,326037.6108660687
2025-06-07 00:30:00,326031.4310533929,326037.50424075866
2025-06-07 04:30:00,326039.2350864997,326037.572482075
2025-06-07 08:30:00,326015.6978855682,326037.5258597941
2025-06-07 12:30:00,326031.4879927837,326037.4663484542
2025-06-07 16:30:00,326021.39622864046,326037.3718442568
2025-06-07 20:30:00,326039.2868694654,326037.4517468536
2025-06-08 00:30:00,326043.5364212195,326037.44071083405
2025-06-08 04:30:00,326051.53179002367,326037.6638786739
2025-06-08 08:30:00,326013.43452913506,326037.6053095472
2025-06-08 12:30:00,326044.06784872897,326037.6308864889
2025-06-08 16:30:00,326026.06718600914,326037.4597540253
2025-06-08 20:30:00,326046.02018865186,326037.61554344447
2025-06-09 00:30:00,326057.4300127997,326037.69729689934
2025-06-09 04:30:00,326025.47795177577,326037.5729971945
2025-06-09 08:30:00,326026.1718396942,326037.5760057389
2025-06-09 12:30:00,326037.1421808871,326037.6225062438
2025-06-09 16:30:00,326024.9705683854,326037.5217283368
2025-06-09 20:30:00,326056.3397838091,326037.6315320848
2025-06-10 00:30:00,326040.87362553336,326037.67312601133
2025-06-10 04:30:00,326033.9609159276,326037.6815396548
2025-06-10 08:30:00,326008.8240704411,326037.6557250192
2025-06-10 12:30:00,326019.0040804294,326037.57871473953
2025-06-10 16:30:00,326034.5843232302,326037.5175450882
2025-06-10 20:30:00,326043.6814460521,326037.45510544605
2025-06-11 00:30:00,326024.5031515046,326037.4847176292
2025-06-11 04:30:00,326021.16074231366,326037.3888841963
2025-06-11 08:30:00,326012.7676898633,326037.3303617717
2025-06-11 12:30:00,326026.8709832249,326037.41035155626
2025-06-11 16:30:00,326050.95269201667,326037.4312998018
2025-06-11 20:30:00,326051.54565023596,326037.4361329659
2025-06-12 00:30:00,326052.13756873575,326037.4393023133
2025-06-12 04:30:00,326044.0641190935,326037.4109058996
2025-06-12 08:30:00,326028.25680616655,326037.44678567775
2025-06-12 12:30:00,326016.64610196376,326037.33285986405
2025-06-12 16:30:00,326059.750350157,326037.38700554305
2025-06-12 20:30:00,326043.73166307627,326037.30809030234
2025-06-13 00:30:00,326053.0593932103,326037.3361106922
2025-06-13 04:30:00,326044.9403503394,326037.412026296
2025-06-13 08:30:00,326037.09968703985,326037.46027339145
2025-06-13 12:30:00,326024.42901220464,326037.511642991
2025-06-13 16:30:00,326047.0436944781,326037.59014405543
2025-06-13 20:30:00,326044.3005395504,326037.58235751616
2025-06-14 00:30:00,326039.4890101518,326037.56997298903
2025-06-14 04:30:00,326042.4292888868,326037.67550623266
2025-06-14 08:30:00,326019.5953862023,326037.61546076596
2025-06-14 12:30:00,326032.1987080699,326037.6392677893
2025-06-14 16:30:00,326045.3799226484,326037.6848454482
2025-06-14 20:30:00,326031.29341763933,326037.57426082605
2025-06-15 00:30:00,326046.1856009313,326037.5888982649
2025-06-15 04:30:00,326043.8038169204,326037.6598772187
2025-06-15 08:30:00,326015.87650522636,326037.5381581522
2025-06-15 12:30:00,326007.07070503355,326037.38000132714
2025-06-15 16:30:00,326019.16335288936,326037.2397058397
2025-06-15 20:30:00,326028.7992336695,326037.1026404702
2025-06-16 00:30:00,326037.9647526638,326037.07112526323
2025-06-16 04:30:00,326044.13399685343,326037.208563961
2025-06-16 08:30:00,326034.0566826261,326037.3937744114
2025-06-16 12:30:00,326052.185002639,326037.4913332214
2025-06-16 16:30:00,326044.29652721557,326037.4728271299
2025-06-16 20:30:00,326031.44349026395,326037.5018060059
2025-06-17 00:30:00,326051.87823312235,326037.61394034076
2025-06-17 04:30:00,326059.63840458554,326037.67267050163
2025-06-17 08:30:00,326036.2765919795,326037.67856697075
2025-06-17 12:30:00,326032.30234711955,326037.6154399189
2025-06-17 16:30:00,326039.52326380875,326037.5761359122
2025-06-17 20:30:00,326039.5719297483,326037.58067430055
2025-06-18 00:30:00,326051.36267535406,326037.7090673273
2025-06-18 04:30:00,326016.1206935703,326037.5161330923
2025-06-18 08:30:00,326016.6789815646,326037.4101891764
2025-06-18 12:30:00,326043.48909701087,326037.4329576231
2025-06-18 16:30:00,326039.65986873285,326037.3511004675
2025-06-18 20:30:00,326038.91464762285,326037.3996130921
2025-06-19 00:30:00,326043.92433542496,326037.45411558164
2025-06-19 04:30:00,326044.35513389617,326037.40069671883
2025-06-19 08:30:00,326058.99224732583,326037.4201312925
2025-06-19 12:30:00,326056.57590535306,326037.5029584367
2025-06-19 16:30:00,326039.1213989859,326037.45057536295
2025-06-19 20:30:00,326038.0461832431,326037.48250639776
2025-06-20 00:30:00,326055.5783043783,326037.5919497943
2025-06-20 04:30:00,326041.0827262959,326037.53084106627
2025-06-20 08:30:00,326013.3431228654,326037.3888791134
2025-06-20 12:30:00,326051.5185762832,326037.46714773285
2025-06-20 16:30:00,326053.3518304768,326037.4969538856
2025-06-20 20:30:00,326037.695463723,326037.56460937223
2025-06-21 00:30:00,326060.7223756512,326037.782340699
2025-06-21 04:30:00,326025.70364356646,326037.7053801186
2025-06-21 08:30:00,326056.7954613871,326037.84523697884
2025-06-21 12:30:00,326044.7777950526,326038.0035935773
2025-06-21 16:30:00,326047.5089578483,326038.0308636995
2025-06-21 20:30:00,326047.53052625776,326038.0784653954
2025-06-22 00:30:00,326051.43904299545,326038.1531054937
2025-06-22 04:30:00,326031.0788760844,326038.1918114232
2025-06-22 08:30:00,326019.96275104803,326037.9865683004
2025-06-22 12:30:00,326038.7159651066,326038.0126624985
2025-06-22 16:30:00,326044.5636224843,326038.0222849266
2025-06-22 20:30:00,326063.8837448312,326038.10954818805
2025-06-23 00:30:00,326055.89548429096,326038.15683199844
2025-06-23 04:30:00,326037.75730987417,326038.0877761541
2025-06-23 08:30:00,326031.9108959155,326038.1652216929
2025-06-23 12:30:00,326055.2850774888,326038.36783293204
2025-06-23 16:30:00,326038.10366373626,326038.3831836472
2025-06-23 20:30:00,326038.1581017294,326038.3913883167
2025-06-24 00:30:00,326039.16473343986,326038.4315531685
2025-06-24 04:30:00,326010.9596554697,326038.2857585299
2025-06-24 08:30:00,326030.5045918889,326038.2671254987
2025-06-24 12:30:00,326061.2953043388,326038.3588614891
2025-06-24 16:30:00,326039.5797307143,326038.3552401777
2025-06-24 20:30:00,326047.59215651895,326038.3175717606
2025-06-25 00:30:00,326027.80469406355,326038.1871468243
2025-06-25 04:30:00,326013.267667937,326038.03424824355
2025-06-25 08:30:00,326006.420398763,326037.98420377914
2025-06-25 12:30:00,326047.88968539087,326038.16769655613
2025-06-25 16:30:00,326041.883983119,326038.10797481955
2025-06-25 20:30:00,326042.8079864375,326038.1449288727
2025-06-26 00:30:00,326040.08393261593,326038.11718712427
2025-06-26 04:30:00,326044.27751735074,326038.1927170716
2025-06-26 08:30:00,326036.53772525286,326038.2112972818
2025-06-26 12:30:00,326050.4504061577,326038.2048605487
2025-06-26 16:30:00,326049.9064867066,326038.2282596452
2025-06-26 20:30:00,326042.1252684033,326038.21298204147
2025-06-27 00:30:00,326045.32845345663,326038.2719071651
2025-06-27 04:30:00,326033.9854188594,326038.3336744785
2025-06-27 08:30:00,326044.8998678177,326038.5078156399
2025-06-27 12:30:00,326038.35031439486,326038.6161101879
2025-06-27 16:30:00,326037.58152938006,326038.7266817907
2025-06-27 20:30:00,326031.142397825,326038.71881310566
2025-06-28 00:30:00,326040.985181457,326038.635848675
2025-06-28 04:30:00,326032.5845179446,326038.58071850706
2025-06-28 08:30:00,326041.7762488866,326038.6901790107
2025-06-28 12:30:00,326033.99972812517,326038.6842625314
2025-06-28 16:30:00,326059.9396906403,326038.7742570089
2025-06-28 20:30:00,326040.2974814817,326038.7952110201
2025-06-29 00:30:00,326043.7426947588,326038.82683240116
2025-06-29 04:30:00,326049.6006519231,326038.894584548
2025-06-29 08:30:00,326021.76046917913,326038.92754677567
2025-06-29 12:30:00,326027.79793224734,326039.0050688431
2025-06-29 16:30:00,326038.60326201224,326039.15941145393
2025-06-29 20:30:00,326046.67774856254,326039.22765047144
2025-06-30 00:30:00,326053.9406813803,326039.2681155552
2025-06-30 04:30:00,326045.29909373354,326039.2058704979
2025-06-30 08:30:00,326046.6295653403,326039.23486517003
2025-06-30 12:30:00,326046.97453471425,326039.28712961206
2025-06-30 16:30:00,326045.61193955457,326039.25778872194
2025-06-30 20:30:00,326042.5505121799,326039.27300166036
2025-07-01 00:30:00,326044.4279946426,326039.2760880695
2025-07-01 04:30:00,326057.6097809436,326039.40453115414
2025-07-01 08:30:00,326059.4724497686,326039.6488223716
2025-07-01 12:30:00,326036.2818432557,326039.79170454683
2025-07-01 16:30:00,326035.8642361716,326039.8957876785
2025-07-01 20:30:00,326039.6787441379,326039.9542060623
2025-07-02 00:30:00,326063.202181206,326040.0605898296
2025-07-02 04:30:00,326057.6664888919,326040.2527599225
2025-07-02 08:30:00,326043.9584436361,326040.19001285994
2025-07-02 12:30:00,326043.81436012324,326040.15303963644
2025-07-02 16:30:00,326034.8736539347,326040.04933720897
2025-07-02 20:30:00,326046.81378763606,326040.03239132784
2025-07-03 00:30:00,326052.00790315197,326040.0522726941
2025-07-03 04:30:00,326055.93234054634,326040.03954405355
2025-07-03 08:30:00,326039.00737756694,326040.0338097953
2025-07-03 12:30:00,326036.62969234353,326039.9629797871
2025-07-03 16:30:00,326041.6412472524,326039.97593385365
2025-07-03 20:30:00,326039.9011006564,326039.93069352634
2025-07-04 00:30:00,326042.3564698714,326039.8560808141
2025-07-04 04:30:00,326053.03482246224,326039.8343337963
2025-07-04 08:30:00,326052.06783364504,326039.88281947694
2025-07-04 12:30:00,326046.0199331379,326039.93135031394
2025-07-04 16:30:00,326047.5716722014,326039.857851948
2025-07-04 20:30:00,326052.2520005134,326039.88598906517
2025-07-05 00:30:00,326050.58648930694,326039.8878220839
2025-07-05 04:30:00,326043.56085069274,326039.84885843913
2025-07-05 08:30:00,326035.3316564485,326039.8040251345
2025-07-05 12:30:00,326054.3952506662,326039.80685380363
2025-07-05 16:30:00,326048.94713878556,326039.857559969
2025-07-05 20:30:00,326049.60134897096,326039.9840863881
2025-07-06 00:30:00,326036.54153870937,326039.860459723
2025-07-06 04:30:00,326031.9003772817,326039.86026741134
2025-07-06 08:30:00,326038.7399864485,326040.0232574775
2025-07-06 12:30:00,326048.99294175324,326040.0617310093
2025-07-06 16:30:00,326044.52178379276,326040.0095589444
2025-07-06 20:30:00,326049.53191391303,326040.0912455972
2025-07-07 00:30:00,326044.58685782633,326040.1643333997
2025-07-07 04:30:00,326033.59364664165,326040.132992067
2025-07-07 08:30:00,326043.6219206455,326040.28812559525
2025-07-07 12:30:00,326038.5494354093,326040.3273558321
2025-07-07 16:30:00,326049.39835389156,326040.48292319465
2025-07-07 20:30:00,326049.6791430243,326040.54065804766
2025-07-08 00:30:00,326054.5008902544,326040.60157176456
2025-07-08 04:30:00,326020.83187887195,326040.43101670267
2025-07-08 08:30:00,326036.58213957836,326040.5596145384
2025-07-08 12:30:00,326045.94357312773,326040.57003522955
2025-07-08 16:30:00,326041.4095258094,326040.65527045063
2025-07-08 20:30:00,326035.62342169456,326040.5975106342
2025-07-09 00:30:00,326046.021151727,326040.5341280727
2025-07-09 04:30:00,326008.7941942135,326040.44144053065
2025-07-09 08:30:00,326022.4459103787,326040.4207409234
2025-07-09 12:30:00,326051.3946908596,326040.4999215343
2025-07-09 16:30:00,326044.1245549569,326040.60633257084
2025-07-09 20:30:00,326034.9595240354,326040.48755334987
2025-07-10 00:30:00,326032.40219297534,326040.44048983563
2025-07-10 04:30:00,326046.5434707054,326040.5103929177
2025-07-10 08:30:00,326037.4859521226,326040.66962559376
2025-07-10 12:30:00,326055.1527272807,326040.8704514096
2025-07-10 16:30:00,326044.018149599,326040.9228615561
2025-07-10 20:30:00,326041.4244254646,326040.9103225529
2025-07-11 00:30:00,326038.5087896856,326040.98813165387
2025-07-11 04:30:00,326013.5130405447,326040.9456444218
2025-07-11 08:30:00,326033.2073531203,326041.0591981065
2025-07-11 12:30:00,326043.1234955598,326041.1494898417
2025-07-11 16:30:00,326039.01153523213,326041.0831500818
2025-07-11 20:30:00,326053.4347081129,326041.0936448478
2025-07-12 00:30:00,326047.65561019804,326041.0687450782
2025-07-12 04:30:00,326036.96198758,326041.029288792
2025-07-12 08:30:00,326025.4731629696,326041.0138241075
2025-07-12 12:30:00,326032.93783481914,326041.10433373455
2025-07-12 16:30:00,326036.7826367133,326040.9767353265
2025-07-12 20:30:00,326038.3864928419,326040.9470399363
2025-07-13 00:30:00,326045.3878180382,326040.90442007425
2025-07-13 04:30:00,326035.01063596265,326040.8492549943
2025-07-13 08:30:00,326044.8035818973,326040.8920544103
2025-07-13 12:30:00,326016.2440747419,326040.8465825354
2025-07-13 16:30:00,326042.80770949,326040.82304928545
2025-07-13 20:30:00,326053.40639092453,326040.87363734865
2025-07-14 00:30:00,326064.66004854854,326041.0134764509
2025-07-14 04:30:00,326048.34521775076,326041.0463427224
2025-07-14 08:30:00,326041.9827413424,326041.17071691755
2025-07-14 12:30:00,326039.048215367,326041.20876973594
2025-07-14 16:30:00,326056.7636051388,326041.2720124164
2025-07-14 20:30:00,326047.08562035055,326041.3597468759
2025-07-15 00:30:00,326067.4752642799,326041.4780227834
2025-07-15 04:30:00,326043.6215033561,326041.47700993024
2025-07-15 08:30:00,326021.3630219992,326041.5074905791
2025-07-15 12:30:00,326037.63029740355,326041.6772660922
2025-07-15 16:30:00,326041.7979962419,326041.8030141108
2025-07-15 20:30:00,326058.883568204,326041.9701493027
2025-07-16 00:30:00,326053.5961696777,326042.0569905083
2025-07-16 04:30:00,326048.05536985106,326042.07877591386
2025-07-16 08:30:00,326037.590702159,326042.09840935573
2025-07-16 12:30:00,326035.2501073367,326042.004326604
2025-07-16 16:30:00,326051.9802531903,326042.04701397056
2025-07-16 20:30:00,326043.92961158813,326042.11638131127
2025-07-17 00:30:00,326061.38068257226,326042.1691726971
2025-07-17 04:30:00,326071.0531058172,326042.2325877039
2025-07-17 08:30:00,326070.0817442363,326042.4203941053
2025-07-17 12:30:00,326063.85759900056,326042.59570106026
2025-07-17 16:30:00,326059.6145060402,326042.70731907256
2025-07-17 20:30:00,326052.29370891495,326042.77799562353
2025-07-18 00:30:00,326050.4996735273,326042.7732011689
2025-07-18 04:30:00,326059.306916612,326043.01312463026
2025-07-18 08:30:00,326055.3124474828,326043.2277549965
2025-07-18 12:30:00,326053.65406035504,326043.2842270151
2025-07-18 16:30:00,326060.4574051063,326043.3997688838
2025-07-18 20:30:00,326059.4580410931,326043.51389884757
2025-07-19 00:30:00,326053.60205388523,326043.56766395015
2025-07-19 04:30:00,326041.78141102864,326043.55336548976
2025-07-19 08:30:00,326063.33336427284,326043.57748280617
2025-07-19 12:30:00,326065.2371532227,326043.6256008498
2025-07-19 16:30:00,326048.69021639193,326043.67876094655
2025-07-19 20:30:00,326051.42989147233,326043.7531148811
2025-07-20 00:30:00,326031.69066580624,326043.620405778
2025-07-20 04:30:00,326042.79959305376,326043.6299439266
2025-07-20 08:30:00,326041.96671782434,326043.7889638986
2025-07-20 12:30:00,326061.9151942388,326043.84672288725
2025-07-20 16:30:00,326060.20639519085,326043.88480380236
2025-07-20 20:30:00,326048.782950492,326043.94640095107
2025-07-21 00:30:00,326051.8876391724,326043.8973190817
2025-07-21 04:30:00,326027.46120621683,326043.9070833187
2025-07-21 08:30:00,326040.8008963136,326043.8182246238
2025-07-21 12:30:00,326060.00719256577,326043.9028323878
2025-07-21 16:30:00,326053.23689280153,326043.93465424865
2025-07-21 20:30:00,326046.6827530586,326043.92994439753
2025-07-22 00:30:00,326046.4656042819,326043.90231418243
2025-07-22 04:30:00,326028.781720547,326043.8895522072
2025-07-22 08:30:00,326021.9774513866,326043.9007449869
2025-07-22 12:30:00,326053.34526096005,326043.9820188527
2025-07-22 16:30:00,326055.50545515586,326044.04280681204
2025-07-22 20:30:00,326039.7400743571,326043.9086753094
2025-07-23 00:30:00,326037.3739590359,326043.8057779469
2025-07-23 04:30:00,326036.22940213635,326043.79728957056
2025-07-23 08:30:00,326052.2255078201,326043.9101485256
2025-07-23 12:30:00,326057.88072189386,326043.92456877226
2025-07-23 16:30:00,326038.25318267744,326043.925399433
2025-07-23 20:30:00,326052.34503183153,326044.0042157114
2025-07-24 00:30:00,326053.1233465279,326044.0817635619
2025-07-24 04:30:00,326047.7698067331,326044.2862644022
2025-07-24 08:30:00,326031.21627445734,326044.29021819425
2025-07-24 12:30:00,326038.0192517127,326044.1609067908
2025-07-24 16:30:00,326059.7577682279,326044.2730069992
2025-07-24 20:30:00,326042.32334844774,326044.2437358433
2025-07-25 00:30:00,326051.9776382559,326044.37802997767
2025-07-25 04:30:00,326025.4597753609,326044.4457639078
2025-07-25 08:30:00,326035.02386112977,326044.604672032
2025-07-25 12:30:00,326063.8596943562,326044.69339430414
2025-07-25 16:30:00,326045.5533343861,326044.71377958887
2025-07-25 20:30:00,326040.91254806606,326044.7032493757
2025-07-26 00:30:00,326034.2932206552,326044.6710787538
2025-07-26 04:30:00,326036.903142161,326044.63011000265
2025-07-26 08:30:00,326040.60781602573,326044.6527216181
2025-07-26 12:30:00,326066.8576689339,326044.7438730779
2025-07-26 16:30:00,326058.8168984585,326044.79337536544
2025-07-26 20:30:00,326049.9961344443,326044.83710239903
2025-07-27 00:30:00,326046.3261360846,326044.84264508024
2025-07-27 04:30:00,326026.704267061,326044.80219423695
2025-07-27 08:30:00,326032.3286901928,326044.7323543613
2025-07-27 12:30:00,326039.1711293893,326044.73691444454
2025-07-27 16:30:00,326047.55070819467,326044.7922987713
2025-07-27 20:30:00,326051.8203395896,326044.90717622556
2025-07-28 00:30:00,326045.8491638892,326044.93419835024
2025-07-28 04:30:00,326040.75761460647,326044.9796044427
2025-07-28 08:30:00,326043.9791128717,326044.991842576
2025-07-28 12:30:00,326044.5784094291,326045.05061302776
2025-07-28 16:30:00,326047.87135382125,326044.983566712
2025-07-28 20:30:00,326049.31886970554,326045.0336855355
2025-07-29 00:30:00,326051.3843507167,326045.07613917976
2025-07-29 04:30:00,326045.17425404413,326045.05154808034
2025-07-29 08:30:00,326041.1744407211,326045.15940347785
2025-07-29 12:30:00,326054.0725865106,326045.30537377927
2025-07-29 16:30:00,326051.0260168058,326045.3743890837
2025-07-29 20:30:00,326045.3911282103,326045.36724119284
2025-07-30 00:30:00,326055.98959245236,326045.37862403214
2025-07-30 04:30:00,326046.11610878195,326045.3831630047
2025-07-30 08:30:00,326051.5503382755,326045.4105006321
2025-07-30 12:30:00,326047.66759028897,326045.41435094085
2025-07-30 16:30:00,326043.87233485514,326045.4046864703
2025-07-30 20:30:00,326051.6917251945,326045.45547098696
2025-07-31 00:30:00,326058.7033716237,326045.53477863694
2025-07-31 04:30:00,326054.6267386836,326045.5182061799
2025-07-31 08:30:00,326040.61254429846,326045.4134289273
2025-07-31 12:30:00,326055.48511734675,326045.52011378336
2025-07-31 16:30:00,326044.0506636723,326045.5655939361
2025-07-31 20:30:00,326045.40720953845,326045.59741874394
2025-08-01 00:30:00,326045.5144415095,326045.4991535233
2025-08-01 04:30:00,326044.22251779016,326045.42446479504
2025-08-01 08:30:00,326043.84052241984,326045.42380967713
2025-08-01 12:30:00,326036.30197304726,326045.38207419345
2025-08-01 16:30:00,326050.40031002084,326045.4683333939
2025-08-01 20:30:00,326049.6313794022,326045.4839866815
2025-08-02 00:30:00,326027.3877671045,326045.34720814787
2025-08-02 04:30:00,326035.86320829263,326045.23571296874
2025-08-02 08:30:00,326047.4414304852,326045.28256881825
2025-08-02 12:30:00,326043.9005276339,326045.3229623476
2025-08-02 16:30:00,326051.7680597216,326045.37922241696
2025-08-02 20:30:00,326054.30551373784,326045.45924693404
2025-08-03 00:30:00,326044.1372590625,326045.46914020734
2025-08-03 04:30:00,326043.0847814486,326045.4138622016
2025-08-03 08:30:00,326052.2641091131,326045.41495262086
2025-08-03 12:30:00,326045.2869537502,326045.41088051326
2025-08-03 16:30:00,326036.67461352295,326045.3503412983
2025-08-03 20:30:00,326049.33251319506,326045.33412192436
2025-08-04 00:30:00,326062.0021730193,326045.39754238946
2025-08-04 04:30:00,326055.58074678725,326045.46431958996
2025-08-04 08:30:00,326052.0611585339,326045.5572612682
2025-08-04 12:30:00,326063.552723323,326045.60813611624
2025-08-04 16:30:00,326056.2232674223,326045.64855905314
2025-08-04 20:30:00,326053.4879803915,326045.67015145
2025-08-05 00:30:00,326038.7282209796,326045.6822996848
2025-08-05 04:30:00,326039.3931677859,326045.7239262987
2025-08-05 08:30:00,326033.24413494155,326045.69339379034
2025-08-05 12:30:00,326045.9540855086,326045.6765112556
2025-08-05 16:30:00,326043.8558303187,326045.6728115141
2025-08-05 20:30:00,326039.57080991723,326045.61747204745
2025-08-06 00:30:00,326027.1631560957,326045.5206737045
2025-08-06 04:30:00,326031.35671667644,326045.5082463159
2025-08-06 08:30:00,326032.6816689453,326045.44746713975
2025-08-06 12:30:00,326049.2263525525,326045.50678334606
2025-08-06 16:30:00,326046.1761767755,326045.4888823621
2025-08-06 20:30:00,326044.9982081868,326045.46287716855
2025-08-07 00:30:00,326044.569141923,326045.4077007889
2025-08-07 04:30:00,326029.07736270607,326045.45350903244
2025-08-07 08:30:00,326027.7800833138,326045.40460871987
2025-08-07 12:30:00,326047.6613480129,326045.41415191366
2025-08-07 16:30:00,326033.56578988116,326045.3705756029
2025-08-07 20:30:00,326039.25427708175,326045.39074702177
2025-08-08 00:30:00,326046.387590308,326045.3927827917
2025-08-08 04:30:00,326030.1562564609,326045.5114609153
2025-08-08 08:30:00,326039.1156052259,326045.60407033114
2025-08-08 12:30:00,326045.6055504015,326045.5719084397
2025-08-08 16:30:00,326054.51813444466,326045.62965054787
2025-08-08 20:30:01,326053.8748857626,326045.7347358909
2025-08-09 04:30:00,326043.8518032367,326045.79418212245
2025-08-09 08:30:00,326038.9437535371,326045.8023262644
2025-08-09 12:30:00,326048.3597934812,326045.76437691355
2025-08-09 16:30:00,326047.68412166525,326045.7848572044
2025-08-09 20:30:00,326037.45122043305,326045.76266052824
2025-08-10 00:30:00,326050.2126044602,326045.8280449683
2025-08-10 04:30:00,326053.99573996116,326046.0542053003
2025-08-10 08:30:00,326046.1324787485,326046.126412706
2025-08-10 12:30:00,326043.2450388032,326046.12709171855
2025-08-10 16:30:00,326049.32277436054,326046.1846964065
2025-08-10 20:30:00,326037.1521035417,326046.09373213514
2025-08-11 00:30:00,326041.9830349737,326046.0620417707
2025-08-11 04:30:00,326048.5067929481,326046.12653789006
2025-08-11 08:30:00,326039.3829396107,326046.20424613944
2025-08-11 12:30:00,326037.53012863325,326046.22990141215
2025-08-11 16:30:00,326049.6215243256,326046.3016270413
2025-08-11 20:30:00,326035.45461696817,326046.28524784645
2025-08-12 00:30:00,326030.7824402481,326046.2036535571
2025-08-12 04:30:00,326051.1060994175,326046.2935723474
2025-08-12 08:30:00,326032.2659534777,326046.2235297305
2025-08-12 12:30:00,326033.74921078485,326046.32132378663
2025-08-12 16:30:00,326036.491942855,326046.28604017413
2025-08-12 20:30:00,326038.4953101146,326046.2027380467
2025-08-13 00:30:00,326030.7071798632,326046.013057216
2025-08-13 04:30:00,326045.9159933595,326045.9994861301
2025-08-13 08:30:00,326039.6740984013,326045.9865886835
2025-08-13 12:30:00,326031.304072896,326045.9433253177
2025-08-13 16:30:00,326045.17100056534,326045.8785621637
2025-08-13 20:30:00,326034.56240428693,326045.8086000628
2025-08-14 00:30:00,326028.9297586996,326045.59326204273
2025-08-14 04:30:00,326038.12327993923,326045.5625457108
2025-08-14 08:30:00,326036.4141704577,326045.64663033903
2025-08-14 12:30:00,326037.1581368868,326045.6439925708
2025-08-14 16:30:00,326035.7477744438,326045.61019244906
2025-08-14 20:30:00,326036.1233785,326045.48304055125
2025-08-15 00:30:00,326021.8116722659,326045.3054735266
2025-08-15 04:30:00,326022.25201413146,326045.16132070136
2025-08-15 08:30:00,326037.3760510191,326045.160121533
2025-08-15 12:30:00,326040.4895835367,326045.18939234974
2025-08-15 16:30:00,326031.5947183594,326045.0755066803
2025-08-15 20:30:00,326020.6967589,326044.94571420713
2025-08-16 00:30:00,326020.1732399889,326044.7155050307
2025-08-16 04:30:00,326026.54730448965,326044.46686926915
2025-08-16 08:30:00,326030.32823939057,326044.24478264985
2025-08-16 12:30:00,326022.61700165516,326044.0143882513
2025-08-16 16:30:00,326037.53122893424,326043.89101798815
2025-08-16 20:30:00,326033.2300901492,326043.78451732465
2025-08-17 00:30:00,326015.9356447094,326043.59142219153
2025-08-17 04:30:00,326018.68798399717,326043.36450078036
2025-08-17 08:30:00,326019.8743605711,326043.1665226412
2025-08-17 12:30:00,326027.2207402147,326043.01885046164
2025-08-17 16:30:00,326031.7456970441,326042.858449858
2025-08-17 20:30:00,326032.10857784766,326042.70565956045
2025-08-18 00:30:00,326021.72493541345,326042.52757509967
2025-08-18 04:30:00,326022.5476451665,326042.42012389377
2025-08-18 08:30:00,326022.3194458628,326042.19099585793
2025-08-18 12:30:00,326024.991406836,326041.966159286
2025-08-18 16:30:00,326031.37269597116,326041.86941336177
2025-08-18 20:30:00,326038.9335978147,326041.7996016654
2025-08-19 00:30:00,326025.8815128043,326041.76714829664
2025-08-19 04:30:00,326023.4353301295,326041.6589680569
2025-08-19 08:30:00,326029.88395705447,326041.5914666001
2025-08-19 12:30:00,326039.00889371766,326041.46349844075
2025-08-19 16:30:00,326034.78163913544,326041.3214606974
2025-08-19 20:30:00,326042.2776212262,326041.28511807584
2025-08-20 00:30:00,326047.01937481435,326041.25792106823
2025-08-20 04:30:00,326030.7029635486,326041.2760314444
2025-08-20 08:30:00,326026.8442178117,326041.1980611734
2025-08-20 12:30:00,326041.3040622502,326041.0935744119
2025-08-20 16:30:00,326041.3136310258,326041.0269640109
2025-08-20 20:30:00,326041.6738533774,326040.99898133107
2025-08-21 00:30:00,326046.3544104765,326040.9983601367
2025-08-21 04:30:00,326026.8441268304,326040.9875355907
2025-08-21 08:30:00,326031.52545287076,326041.0408763812
2025-08-21 12:30:00,326045.38066661806,326040.9963814408
2025-08-21 16:30:00,326051.3171032561,326040.97298282676
2025-08-21 20:30:00,326041.7504899724,326040.9842141989
2025-08-22 00:30:00,326069.7865226884,326041.1652899735
2025-08-22 04:30:00,326039.46072906366,326041.1833420792
2025-08-22 08:30:00,326035.52223363816,326041.0900276983
2025-08-22 12:30:00,326040.4151475367,326040.9924546572
2025-08-22 16:30:00,326052.73080212006,326041.0733352128
2025-08-22 20:30:00,326044.50603623653,326041.0295419413
2025-08-23 00:30:00,326054.20934679714,326041.0356089819
2025-08-23 04:30:00,326058.73186555767,326041.0968495341
2025-08-23 08:30:01,326040.26847944903,326041.14742051164
2025-08-23 12:30:00,326050.1362082704,326041.2151130063
2025-08-23 16:30:00,326055.3254514268,326041.19035146007
2025-08-23 20:30:00,326042.5711455247,326041.1917358012
2025-08-24 00:30:00,326055.7677535363,326041.2129096295
2025-08-24 04:30:00,326049.2441775382,326041.34578338475
