Record Time,Distance (cm),Moving Average (cm)
2022-09-01 15:30:00,164219.45849943353,164219.45849943353
2022-09-01 19:30:00,164218.8625218179,164219.16051062572
2022-09-01 23:30:00,164211.7497280582,164216.69024976986
2022-09-02 03:30:00,164217.07715316644,164216.78697561903
2022-09-02 07:30:00,164219.8974350998,164217.40906751517
2022-09-02 11:30:00,164215.1499934356,164217.03255516858
2022-09-02 15:30:00,164212.6394648931,164216.40497084352
2022-09-02 19:30:00,164204.70876043697,164214.94294454268
2022-09-02 23:30:00,164200.69066765477,164213.35935822182
2022-09-03 03:30:00,164205.63761065446,164212.58718346508
2022-09-03 07:30:00,164209.2141681252,164212.2805457069
2022-09-03 11:30:00,164209.0712224849,164212.0131021051
2022-09-03 15:30:00,164209.6593685288,164211.83204567613
2022-09-03 19:30:00,164210.59085152595,164211.74338895112
2022-09-03 23:30:00,164211.84840888478,164211.75039028004
2022-09-04 07:30:00,164209.35829418246,164211.60088427394
2022-09-04 11:30:00,164212.55593518462,164211.65706373926
2022-09-04 19:30:00,164209.533540792,164211.53909024218
2022-09-04 23:30:00,164197.99670619814,164210.82633318726
2022-09-05 03:30:00,164209.21519049318,164210.74577605253
2022-09-05 07:30:00,164210.1563070284,164210.717706099
2022-09-05 11:30:00,164213.32200078838,164210.83608313033
2022-09-05 19:30:00,164206.26728135048,164210.6374395747
2022-09-06 03:30:00,164211.24506647978,164210.6627573624
2022-09-06 07:30:00,164204.11424746565,164210.40081696655
2022-09-06 11:30:00,164207.06428682362,164210.27248888413
2022-09-06 15:30:00,164209.40938124873,164210.24052193467
2022-09-06 19:30:00,164205.85072248345,164210.08374338286
2022-09-06 23:30:00,164196.78459403504,164209.625152026
2022-09-07 03:30:00,164204.36210820923,164209.4497172321
2022-09-07 07:30:00,164201.03953104818,164209.1784209036
2022-09-07 19:30:00,164203.83888465053,164209.0115603957
2022-09-07 23:30:00,164203.4565539395,164208.8432268667
2022-09-08 03:30:00,164201.17519327186,164208.61769646688
2022-09-08 07:30:00,164209.20817156628,164208.634567184
2022-09-08 15:30:00,164211.07818554158,164208.70244547172
2022-09-09 03:30:00,164209.3639224419,164208.72032322764
2022-09-10 07:30:00,164202.80058617238,164208.56454067357
2022-09-10 11:30:00,164195.94864541397,164208.24105617974
2022-09-10 15:30:00,164208.79977537502,164208.25502415962
2022-09-10 19:30:00,164204.6438774445,164208.16694741047
2022-09-12 03:30:00,164211.93903284383,164208.2567589684
2022-09-12 11:30:00,164207.98011287945,164208.25032533845
2022-09-13 19:30:00,164211.04020384193,164208.31373166805
2022-09-13 23:30:00,164210.6443798586,164208.36552385008
2022-09-14 03:30:00,164213.65331091208,164208.48047574272
2022-09-14 07:30:00,164211.6362087281,164208.54761899772
2022-09-14 15:30:00,164211.37029376396,164208.60642472203
2022-09-14 19:30:00,164209.93517630457,164208.63354210125
2022-09-14 23:30:00,164212.5325796981,164208.71152285318
2022-09-15 03:30:00,164211.01400356827,164208.75666953388
2022-09-15 11:30:00,164207.3904658752,164208.73039638659
2022-09-15 15:30:00,164205.54731309525,164208.6703382113
2022-09-15 23:30:00,164205.155364387,164208.60524610343
2022-09-16 03:30:00,164205.1683475045,164208.542757038
2022-09-16 07:30:00,164209.5914825583,164208.56148427943
2022-09-16 11:30:00,164204.9895977082,164208.49881960274
2022-09-16 15:30:00,164207.85433532653,164208.4877078049
2022-09-16 19:30:00,164213.43677380143,164208.5715902794
2022-09-16 23:30:00,164213.15248132893,164208.64793846355
2022-09-17 03:30:00,164210.59531551303,164208.67986267747
2022-09-17 07:30:00,164209.47454956637,164208.69268020795
2022-09-17 11:30:00,164207.48944590232,164208.6735812507
2022-09-17 19:30:00,164209.46531900333,164208.68595215312
2022-09-18 03:30:00,164213.01632959393,164208.7525733445
2022-09-18 07:30:00,164212.82351341634,164208.81425425466
2022-09-18 11:30:00,164210.58147579854,164208.84063069563
2022-09-18 15:30:00,164211.40320269368,164208.87831557798
2022-09-18 19:30:00,164207.91964642704,164208.86442182216
2022-09-18 23:30:00,164206.46432216116,164208.83013468413
2022-09-19 03:30:00,164205.95335678072,164208.7896166855
2022-09-19 07:30:00,164211.606660607,164208.8287422955
2022-09-19 11:30:00,164213.17197334603,164208.88823861125
2022-09-19 15:30:00,164212.51780020585,164208.93728674093
2022-09-19 19:30:00,164211.24637676464,164208.96807460792
2022-09-19 23:30:00,164208.96811797295,164208.9680751785
2022-09-20 03:30:00,164207.15302667196,164208.94450312
2022-09-22 03:30:00,164198.33156221136,164208.808439775
2022-09-24 23:30:00,164203.20576278798,164208.73751981315
2022-09-26 15:30:00,164211.75224240115,164208.7752038455
2022-09-27 07:30:00,164212.20461165486,164208.8175422135
2022-09-28 19:30:00,164205.16537552697,164208.7730035954
2022-09-29 03:30:00,164211.4452086153,164208.80519883658
2022-09-29 15:30:00,164202.6625065127,164208.732071547
2022-09-30 07:30:00,164209.83945192632,164208.74509955148
2022-09-30 19:30:00,164202.79705351865,164208.6759362255
2022-09-30 23:30:00,164199.79046953205,164208.57380442444
2022-10-01 03:30:00,164208.6852627463,164208.57507099627
2022-10-01 07:30:00,164212.4817831086,164208.61896663797
2022-10-01 11:30:00,164212.74861899499,164208.66485166416
2022-10-01 15:30:00,164209.30085046953,164208.5519888979
2022-10-01 19:30:00,164204.7623966886,164208.39532084094
2022-10-01 23:30:00,164212.02536235435,164208.3983834442
2022-10-02 03:30:00,164205.43609218055,164208.26903832215
2022-10-02 07:30:00,164206.5703341789,164208.12095942302
2022-10-02 11:30:00,164209.68175643455,164208.06020123413
2022-10-02 19:30:00,164201.47528889286,164207.9724176925
2022-10-02 23:30:00,164202.74601050778,164207.9955114324
2022-10-03 03:30:00,164207.86252355433,164208.02051045376
2022-10-03 11:30:00,164209.98081759037,164208.0172824701
2022-10-03 19:30:00,164208.523622703,164207.97464666684
2022-10-03 23:30:00,164208.45203331814,164207.9356078672
2022-10-04 03:30:00,164207.6224697549,164207.93204947957
2022-10-04 07:30:00,164209.58769177194,164207.93465627037
2022-10-04 11:30:00,164203.37348812222,164207.83031028102
2022-10-04 15:30:00,164206.04421377738,164207.810241781
2022-10-04 19:30:00,164206.90934337798,164207.78075641676
2022-10-04 23:30:00,164206.59806404103,164207.87740088694
2022-10-05 03:30:00,164202.91572498667,164207.80662037563
2022-10-05 07:30:00,164206.6965001911,164207.7677461415
2022-10-05 11:30:00,164211.82358584832,164207.75091001857
2022-10-05 15:30:00,164207.29685858477,164207.74586500265
2022-10-05 19:30:00,164208.31308221462,164207.76859612335
2022-10-05 23:30:00,164202.09904131683,164207.70629332328
2022-10-06 03:30:00,164203.75255006822,164207.6239579781
2022-10-06 11:30:00,164208.74432865836,164207.68162189305
2022-10-06 15:30:00,164212.87942085884,164207.72017788875
2022-10-06 19:30:00,164209.2355667146,164207.75778726907
2022-10-06 23:30:00,164211.5927468911,164207.92232230082
2022-10-07 03:30:00,164209.73357920945,164207.98200531193
2022-10-07 07:30:00,164209.40368074525,164208.07494030858
2022-10-07 15:30:00,164208.07810414387,164208.074975076
2022-10-07 19:30:00,164211.83951579154,164208.1628940995
2022-10-07 23:30:00,164212.74061673842,164208.26491676763
2022-10-08 03:30:00,164210.8457865952,164208.37118702393
2022-10-09 07:30:00,164210.8223773907,164208.3477541238
2022-10-09 11:30:00,164211.45588777587,164208.38228894214
2022-10-09 23:30:00,164214.67441681717,164208.45143320452
2022-10-10 03:30:00,164214.129092898,164208.51314689685
2022-10-10 23:30:00,164210.69281514216,164208.78325219377
2022-10-11 11:30:00,164207.97482319712,164208.77426964935
2022-10-12 11:30:00,164211.28235203944,164208.77581432313
2022-10-12 15:30:00,164209.20733172604,164208.78060896095
2022-10-12 19:30:00,164208.60130042833,164208.7786385375
2022-10-13 15:30:00,164209.39468198147,164208.7853346619
2022-10-14 07:30:00,164213.4600578323,164208.70490722905
2022-10-14 23:30:00,164204.93575785888,164208.57280978712
2022-10-15 07:30:00,164211.0403401797,164208.5731125068
2022-10-15 11:30:00,164216.38233848618,164208.67646736436
2022-10-15 19:30:00,164197.05182451862,164208.57881807038
2022-10-15 23:30:00,164202.46876249506,164208.54793758888
2022-10-16 07:30:00,164204.36671030818,164208.5264819823
2022-10-16 19:30:00,164208.70477219677,164208.52025614094
2022-10-16 23:30:00,164203.25004256476,164208.4023699652
2022-10-17 03:30:00,164206.1618213592,164208.34959027288
2022-10-17 07:30:00,164215.62197323976,164208.422773888
2022-10-17 11:30:00,164216.3842836882,164208.52866481405
2022-10-18 07:30:00,164207.0192934427,164208.3917314123
2022-10-18 11:30:00,164211.47670821194,164208.40264888076
2022-10-18 19:30:00,164209.6514221487,164208.38698495372
2022-10-19 03:30:00,164202.9665072108,164208.37368261899
2022-10-19 07:30:00,164211.50407141325,164208.37240025407
2022-10-19 11:30:00,164204.12546710894,164208.2593189261
2022-10-19 15:30:00,164213.24175272352,164208.2683683326
2022-10-19 19:30:00,164204.38590072485,164208.18261238205
2022-10-19 23:30:00,164204.29529913355,164208.12420214657
2022-10-20 03:30:00,164203.90593115299,164208.0836134526
2022-10-20 07:30:00,164206.55682508642,164208.06476421352
2022-10-20 11:30:00,164207.77871393887,164208.0612757955
2022-10-20 15:30:00,164210.84837021545,164208.09485524637
2022-10-20 19:30:00,164209.70669104686,164208.1140437678
2022-10-20 23:30:00,164214.14940828338,164208.1850480562
2022-10-21 03:30:00,164208.0333130157,164208.18328369528
2022-10-21 07:30:00,164211.51658677368,164208.22159752375
2022-10-21 11:30:00,164213.95272791377,164208.28672400548
2022-10-21 15:30:00,164211.00241261735,164208.31723736066
2022-10-21 19:30:00,164215.90017380664,164208.40149221008
2022-10-21 23:30:00,164209.56740022448,164208.41430438604
2022-10-22 03:30:00,164212.52138100873,164208.57023646074
2022-10-22 07:30:00,164209.9875803775,164208.5856423729
2022-10-22 11:30:00,164210.51145568694,164208.60635004292
2022-10-22 15:30:00,164210.18695353874,164208.62316497375
2022-10-22 19:30:00,164213.05387143113,164208.6698039891
2022-10-22 23:30:00,164210.0320631974,164208.68399418917
2022-10-23 03:30:00,164206.1163466723,164208.65752359622
2022-10-23 07:30:00,164208.32365357524,164208.65411675928
2022-10-23 11:30:00,164211.33373266095,164208.68118358657
2022-10-23 15:30:00,164210.14512585034,164208.69582300918
2022-10-23 19:30:00,164209.90861137846,164208.70783081482
2022-10-23 23:30:00,164208.74027377582,164208.70814888307
2022-10-24 03:30:00,164214.40905483675,164208.7634974846
2022-10-24 07:30:00,164213.73506017192,164208.81130097195
2022-10-24 11:30:00,164212.21035079632,164208.84367287502
2022-10-24 15:30:00,164217.62615839738,164208.92652651205
2022-10-24 19:30:00,164213.2462888553,164208.96689812272
2022-10-24 23:30:00,164209.33250472648,164209.02415739317
2022-10-25 03:30:00,164213.95715761237,164209.06983332112
2022-10-25 07:30:00,164212.00294444198,164209.09674259747
2022-10-25 11:30:00,164204.21048417207,164209.0523220663
2022-10-25 15:30:00,164206.41953534345,164209.028603267
2022-10-25 19:30:00,164199.66786981912,164208.9450252898
2022-10-25 23:30:00,164208.38832429232,164208.9400987323
2022-10-26 03:30:00,164207.98639556856,164208.93173291508
2022-10-26 07:30:00,164211.0947128192,164208.950541436
2022-10-26 11:30:00,164204.07154174018,164208.90848109376
2022-10-26 15:30:00,164206.1323558991,164208.86003379634
2022-10-26 19:30:00,164202.5387029948,164208.80600532796
2022-10-26 23:30:00,164206.73070567072,164208.7884180427
2022-10-27 11:30:00,164211.54372984686,164208.78281734945
2022-10-27 15:30:00,164212.1976244481,164208.81151320742
2022-10-27 19:30:00,164206.2428519466,164208.7901076969
2022-10-28 11:30:00,164208.7798501167,164208.7900229235
2022-10-28 15:30:00,164205.2774084481,164208.76123100158
2022-10-29 19:30:00,164202.24910340522,164208.76538495786
2022-10-30 15:30:00,164207.8058648814,164208.74843839917
2022-10-30 23:30:00,164212.46670653543,164208.9049730368
2022-10-31 07:30:00,164208.98858785557,164208.87723163885
2022-10-31 15:30:00,164209.58170287078,164208.8465433059
2022-10-31 19:30:00,164204.30177691125,164208.84260638471
2022-11-01 11:30:00,164207.54538699475,164208.84576130577
2022-11-02 19:30:00,164207.76749816514,164208.9599638525
2022-11-02 23:30:00,164205.68526034127,164208.93481137088
2022-11-03 11:30:00,164209.32243734406,164208.99600035645
2022-11-03 15:30:00,164210.01356291995,164209.0327535892
2022-11-05 03:30:00,164208.35463976156,164209.2748727677
2022-11-05 19:30:00,164204.84502396936,164209.19870392352
2022-11-05 23:30:00,164203.50578241234,164209.11618387784
2022-11-06 03:30:00,164204.145072333,164209.05915829746
2022-11-06 15:30:00,164196.1443158275,164208.9325777741
2022-11-06 19:30:00,164198.57772299382,164208.79585826074
2022-11-06 23:30:00,164203.58954128888,164208.70151727673
2022-11-07 03:30:00,164205.63409349197,164208.64778848185
2022-11-07 07:30:00,164209.72798904206,164208.65881093655
2022-11-07 11:30:00,164203.79603212985,164208.6096919587
2022-11-07 15:30:00,164203.46817216638,164208.55827676077
2022-11-07 19:30:00,164206.05748902273,164208.53351648612
2022-11-07 23:30:00,164207.42338862526,164208.52263287967
2022-11-08 03:30:00,164211.2064701555,164208.54868955223
2022-11-08 07:30:00,164206.9900092058,164208.51148209412
2022-11-08 15:30:00,164203.15190770567,164208.4308609284
2022-11-09 03:30:00,164209.02436420086,164208.3196032364
2022-11-09 19:30:00,164204.31550212207,164208.2807284683
2022-11-09 23:30:00,164205.45650553782,164208.229890511
2022-11-10 15:30:00,164201.9951396997,164208.17183533136
2022-11-11 07:30:00,164210.02514509842,164208.1896556176
2022-11-12 03:30:00,164212.96542548898,164208.1921433875
2022-11-12 07:30:00,164210.87272294099,164208.21816843172
2022-11-12 11:30:00,164206.16346344832,164208.19841165302
2022-11-12 19:30:00,164201.3824603997,164208.1213710609
2022-11-13 03:30:00,164208.94190168465,164208.12918563824
2022-11-13 15:30:00,164212.6469083223,164208.1214413572
2022-11-15 19:30:00,164205.40665733625,164208.2142171091
2022-11-16 03:30:00,164208.4687971189,164208.28841252037
2022-11-16 11:30:00,164207.92480650154,164208.12559769658
2022-11-17 19:30:00,164209.59385726778,164208.10136221087
2022-11-18 19:30:00,164211.4126015353,164208.18481661964
2022-11-19 15:30:00,164211.0085834266,164208.30392823316
2022-11-20 03:30:00,164209.47911304145,164208.23566419978
2022-11-20 23:30:00,164210.4659605108,164208.00689032293
2022-11-21 11:30:00,164209.8220723913,164207.91594647436
2022-11-22 03:30:00,164215.1775581708,164207.9098433527
2022-11-23 15:30:00,164194.631689078,164207.19629062412
2022-11-23 19:30:00,164205.11832175538,164207.0767616962
2022-11-24 15:30:00,164203.88235500574,164206.8621800633
2022-11-26 15:30:00,164204.25996070573,164206.7834094847
2022-11-26 19:30:00,164202.76892263928,164206.72024713366
2022-11-26 23:30:00,164201.74987242938,164206.6314904425
2022-11-27 07:30:00,164212.87888629347,164206.7410938785
2022-11-27 11:30:00,164208.67525826624,164206.73925893373
2022-11-27 15:30:00,164196.58522955078,164206.58676456712
2022-11-27 23:30:00,164198.3871292948,164206.44539154516
2022-11-28 11:30:00,164208.48074915333,164206.47988913176
2022-11-28 15:30:00,164210.19714235622,164206.54184335217
2022-11-28 19:30:00,164208.25042785855,164206.64186542635
2022-11-29 19:30:00,164205.69814962236,164206.60673683876
2022-11-29 23:30:00,164206.1945594159,164206.5022010534
2022-11-30 15:30:00,164206.53324139398,164206.40839006563
2022-11-30 23:30:00,164195.95545537007,164206.26692698864
2022-12-01 03:30:00,164199.6818800889,164206.15717620697
2022-12-02 11:30:00,164207.82050678757,164206.16176153687
2022-12-03 19:30:00,164202.61030325902,164205.95661818775
2022-12-04 03:30:00,164213.331928843,164206.0837787163
2022-12-04 07:30:00,164211.23790895205,164206.17113685588
2022-12-05 03:30:00,164211.4419476745,164206.22346410863
2022-12-05 11:30:00,164212.0162509132,164206.32001055536
2022-12-05 23:30:00,164212.08440999218,164206.49041079546
2022-12-06 23:30:00,164209.38252630833,164206.96178769282
2022-12-08 07:30:00,164209.91159380245,164207.05036858696
2022-12-08 23:30:00,164207.0641792111,164207.13021086258
2022-12-09 19:30:00,164208.9645887794,164207.1876053067
2022-12-10 03:30:00,164207.16046869452,164207.22310453915
2022-12-11 15:30:00,164200.4542350409,164207.1307014494
2022-12-12 19:30:00,164205.79520476024,164207.03532046828
2022-12-13 19:30:00,164195.2561366973,164206.58654482084
2022-12-14 03:30:00,164199.43049830262,164206.42390739993
2022-12-15 03:30:00,164202.38041704637,164206.33405205875
2022-12-15 07:30:00,164199.90515679365,164206.19429346602
2022-12-16 11:30:00,164210.2084893199,164206.21240290455
2022-12-17 07:30:00,164210.00948333673,164206.2967824697
2022-12-18 19:30:00,164206.63522194466,164206.1132721427
2022-12-19 07:30:00,164212.60945718986,164206.2576318104
2022-12-19 11:30:00,164205.96764768113,164206.25132780758
2022-12-19 15:30:00,164208.46475410857,164206.19602717026
2022-12-19 23:30:00,164211.41135470424,164206.30699158588
2022-12-20 07:30:00,164214.13376842902,164206.4060268069
2022-12-20 23:30:00,164204.8138664458,164206.28576948633
2022-12-22 03:30:00,164208.76997836452,164206.06959812305
2022-12-22 07:30:00,164208.1716711542,164206.11432308116
2022-12-22 23:30:00,164202.28681156272,164206.03458325786
2022-12-23 03:30:00,164212.99362067634,164206.17660442967
2022-12-23 11:30:00,164205.28816552943,164206.15883565167
2022-12-23 19:30:00,164203.5504163774,164206.362085472
2022-12-24 19:30:00,164215.3948426101,164206.5970341986
2022-12-25 15:30:00,164208.72753621516,164206.63964423895
2022-12-25 23:30:00,164206.39601648622,164206.63486722417
2022-12-26 15:30:00,164209.38429485043,164206.73534436428
2022-12-27 03:30:00,164206.1012679264,164206.90170070872
2022-12-27 23:30:00,164199.95946004754,164206.98974451228
2022-12-28 03:30:00,164204.17604738998,164206.93112582224
2022-12-28 07:30:00,164207.69067398887,164206.94662680523
2023-01-02 19:30:00,164209.186848041,164207.4537286548
2023-01-03 15:30:00,164199.9171110045,164207.0127287026
2023-01-04 23:30:00,164211.81102655584,164206.7504010102
2023-01-05 11:30:00,164213.54467043804,164206.92919757412
2023-01-06 03:30:00,164215.3387786013,164207.0859410555
2023-01-06 11:30:00,164214.56131606715,164207.27761733785
2023-01-06 15:30:00,164215.76690300083,164207.48984947943
2023-01-06 23:30:00,164215.4189646406,164207.68324253213
2023-01-07 15:30:00,164205.4000815134,164207.573205647
2023-01-08 11:30:00,164207.78607507917,164207.59081286332
2023-01-08 15:30:00,164201.20083139438,164207.4386704474
2023-01-09 03:30:00,164209.900756785,164207.468289222
2023-01-10 03:30:00,164205.0430753525,164207.41054603463
2023-01-11 03:30:00,164209.07520018448,164207.61580710945
2023-01-11 11:30:00,164202.41993116584,164207.4949727852
2023-01-11 15:30:00,164205.27486480423,164207.44451578564
2023-01-11 19:30:00,164199.06543523134,164207.29156647815
2023-01-12 03:30:00,164207.10110618916,164207.2873340273
2023-01-12 07:30:00,164209.46655972433,164207.33470849897
2023-01-12 23:30:00,164201.3993864323,164207.46825740623
2023-01-13 03:30:00,164205.65274058006,164207.60352354273
2023-01-13 07:30:00,164212.38956891498,164207.70535429532
2023-01-13 11:30:00,164205.87382605227,164207.6671974569
2023-01-13 15:30:00,164195.88006756373,164207.4266437856
2023-01-13 19:30:00,164202.95304290846,164207.33717176807
2023-01-13 23:30:00,164202.12711856005,164207.23501386205
2023-01-14 03:30:00,164201.93696508717,164207.2263187256
2023-01-14 07:30:00,164211.8379587544,164207.46029523463
2023-01-14 11:30:00,164203.45558140762,164207.38328150718
2023-01-14 15:30:00,164206.01551348032,164207.3574745633
2023-01-14 19:30:00,164205.4567561914,164207.32227607493
2023-01-14 23:30:00,164207.6632789837,164207.32847612782
2023-01-15 03:30:00,164209.68247058545,164207.3705117431
2023-01-15 07:30:00,164207.15981610338,164207.36681532837
2023-01-15 11:30:00,164211.7253802399,164207.39342744977
2023-01-15 15:30:00,164208.11299821496,164207.4058338423
2023-01-15 19:30:00,164208.19580109857,164207.41922311782
2023-01-15 23:30:00,164208.99407746457,164207.44547069026
2023-01-16 03:30:00,164210.57030819077,164207.49669753455
2023-01-16 07:30:00,164210.29439643928,164207.50136824115
2023-01-16 15:30:00,164207.3761280573,164207.49934823817
2023-01-16 19:30:00,164203.83739299572,164207.44122196446
2023-01-17 03:30:00,164211.34207178577,164207.50217274294
2023-01-17 07:30:00,164208.8602876705,164207.52306681874
2023-01-17 11:30:00,164211.45407063083,164207.58262748257
2023-01-17 15:30:00,164202.30863057065,164207.50391111075
2023-01-17 19:30:00,164206.8651650114,164207.5073430968
2023-01-17 23:30:00,164200.80254105388,164207.40874306677
2023-01-18 03:30:00,164209.99482579177,164207.44622252655
2023-01-18 07:30:00,164208.145124122,164207.38152204733
2023-01-18 11:30:00,164202.59662995813,164207.332666718
2023-01-18 15:30:00,164205.09574280356,164207.28384046722
2023-01-18 23:30:00,164212.29163493434,164207.29659815168
2023-01-19 03:30:00,164215.8407749351,164207.41865782
2023-01-19 07:30:00,164208.5307608665,164207.33861485485
2023-01-19 11:30:00,164207.16409622016,164207.3361568459
2023-01-19 15:30:00,164200.24816976758,164207.2377125809
2023-01-19 23:30:00,164203.32285873266,164207.2170041405
2023-01-20 03:30:00,164210.92795890116,164207.26783913717
2023-01-20 07:30:00,164210.1618749679,164207.3069477295
2023-01-20 11:30:00,164208.3316657837,164207.3206106369
2023-01-20 15:30:00,164209.33652669113,164207.34713584813
2023-01-20 19:30:00,164200.158056077,164207.25377117578
2023-01-20 23:30:00,164207.16619051358,164207.25264834677
2023-01-21 07:30:00,164210.76151530034,164207.2665771017
2023-01-21 19:30:00,164206.91111742138,164207.2620199263
2023-01-22 03:30:00,164216.30709981508,164207.36966521855
2023-01-22 11:30:00,164206.64474400022,164207.38728312077
2023-01-22 15:30:00,164214.50573346578,164207.47854530468
2023-01-22 23:30:00,164200.927821638,164207.4449222952
2023-01-23 03:30:00,164208.036767152,164207.4524140022
2023-01-23 07:30:00,164205.0109749477,164207.42189601404
2023-01-23 11:30:00,164194.4875499611,164207.26221272946
2023-01-23 15:30:00,164217.253776474,164207.3840610678
2023-01-23 19:30:00,164214.06846611868,164207.36788574472
2023-01-23 23:30:00,164195.84836132522,164207.2290962939
2023-01-24 03:30:00,164214.05994727483,164207.31041594842
2023-01-24 07:30:00,164206.5603235639,164207.30159133216
2023-01-24 11:30:00,164193.47725435332,164207.14084322774
2023-01-24 15:30:00,164202.52406946587,164207.06870989344
2023-01-24 19:30:00,164212.09078891724,164207.12643493968
2023-01-24 23:30:00,164205.24141321806,164207.11316363775
2023-01-25 03:30:00,164210.91785187757,164207.1563987314
2023-01-25 07:30:00,164213.12725397243,164207.22348699253
2023-01-25 11:30:00,164203.3974864434,164207.1809758753
2023-01-25 15:30:00,164209.88249903673,164207.1865114774
2023-01-25 19:30:00,164208.14336350863,164207.19702633488
2023-01-25 23:30:00,164208.0467427171,164207.2062623825
2023-01-26 03:30:00,164211.4697236877,164207.2646151625
2023-01-26 07:30:00,164215.7481212895,164207.3558356585
2023-01-26 11:30:00,164206.8506507594,164207.35046135107
2023-01-26 15:30:00,164208.91585715662,164207.36693920166
2023-01-26 19:30:00,164215.16145398744,164207.44813206402
2023-01-26 23:30:00,164207.08324371383,164207.52233814387
2023-01-27 03:30:00,164208.63253461625,164207.56875988582
2023-01-27 07:30:00,164216.16038640452,164207.6569860568
2023-01-27 11:30:00,164206.46260696475,164207.6446728703
2023-01-27 15:30:00,164197.39080346515,164207.54004154983
2023-01-27 19:30:00,164208.21034444615,164207.54681228613
2023-01-27 23:30:00,164207.68955958943,164207.5482397592
2023-01-28 03:30:00,164200.67631304692,164207.48020088085
2023-01-28 07:30:00,164203.72592953607,164207.44339429904
2023-01-28 11:30:00,164211.76780501427,164207.48537886908
2023-01-28 15:30:00,164206.60211442225,164207.4768859417
2023-01-28 19:30:00,164209.7480014131,164207.49851561288
2023-01-28 23:30:00,164204.4749149928,164207.46999107872
2023-01-29 03:30:00,164209.77130016996,164207.4914986403
2023-01-29 07:30:00,164212.16453595113,164207.5347675043
2023-01-29 11:30:00,164205.6585412662,164207.51755441955
2023-01-29 15:30:00,164202.77798371905,164207.4744674132
2023-01-29 19:30:00,164209.45272485472,164207.49228955232
2023-01-29 23:30:00,164210.93072315544,164207.52298985232
2023-01-30 03:30:00,164211.2581168719,164207.55604407372
2023-01-30 07:30:00,164210.51306176008,164207.5819828254
2023-01-30 11:30:00,164206.20782477598,164207.57003362494
2023-01-30 15:30:00,164206.44958898742,164207.56037461944
2023-01-30 19:30:00,164209.79913531186,164207.57950932623
2023-01-30 23:30:00,164211.48453712446,164207.61260278214
2023-01-31 03:30:00,164213.40292294425,164207.66126093475
2023-01-31 07:30:00,164211.1657266227,164207.6904648155
2023-01-31 11:30:00,164210.61686338755,164207.7146499277
2023-01-31 15:30:00,164208.54430773034,164207.72145040144
2023-01-31 19:30:00,164202.49765396572,164207.67898051173
2023-01-31 23:30:00,164215.65377131445,164207.7432933408
2023-02-01 03:30:00,164215.43552456007,164207.80483119053
2023-02-01 07:30:00,164203.70529081253,164207.7722951558
2023-02-01 11:30:00,164209.33270052317,164207.78458181224
2023-02-01 15:30:00,164206.1468093423,164207.77178671482
2023-02-01 19:30:00,164201.46124835615,164207.71143046726
2023-02-01 23:30:00,164214.44014539005,164207.76359104807
2023-02-02 03:30:00,164210.7910885515,164207.7868794904
2023-02-02 07:30:00,164202.9134968258,164207.749678096
2023-02-02 11:30:00,164194.10996361202,164207.64634692567
2023-02-02 15:30:00,164208.24835494545,164207.70946241007
2023-02-02 19:30:00,164210.7880441213,164207.73260964098
2023-02-02 23:30:00,164214.11819616042,164207.78026327174
2023-02-03 03:30:00,164212.26743981507,164207.81350161647
2023-02-03 07:30:00,164204.89321057152,164207.79202888822
2023-02-03 15:30:00,164208.1621161715,164207.79473025526
2023-02-03 23:30:00,164194.81915453443,164207.67070199235
2023-02-04 07:30:00,164209.08864228413,164207.68097692198
2023-02-04 11:30:00,164202.2819733042,164207.5993631746
2023-02-04 15:30:00,164211.68205558896,164207.6287350625
2023-02-04 19:30:00,164206.95260509464,164207.6239055627
2023-02-04 23:30:00,164203.7401297878,164207.59636105367
2023-02-05 03:30:00,164212.03818762756,164207.57295260706
2023-02-05 07:30:00,164197.07503361782,164207.4990236001
2023-02-05 11:30:00,164204.76339099449,164207.43002412777
2023-02-05 15:30:00,164205.2006739279,164207.35561406385
2023-02-05 23:30:00,164201.42116457867,164207.25703800708
2023-02-06 07:30:00,164202.2847431277,164207.2222667142
2023-02-06 11:30:00,164198.26850191664,164207.16008779203
2023-02-06 15:30:00,164197.9794267644,164207.1085554674
2023-02-06 19:30:00,164209.33555946776,164207.12391411565
2023-02-06 23:30:00,164206.21776955648,164207.11770764607
2023-02-07 03:30:00,164209.52081317434,164207.13405530274
2023-02-07 11:30:00,164201.68441325842,164207.0925473992
2023-02-07 19:30:00,164209.08964834714,164207.14621282066
2023-02-07 23:30:00,164204.71734698524,164207.129801565
2023-02-08 07:30:00,164197.78527206526,164207.04794018174
2023-02-08 11:30:00,164193.68858871874,164206.9582801048
2023-02-08 15:30:00,164203.93381439286,164206.93811700007
2023-02-08 19:30:00,164204.73837225232,164206.92354915405
2023-02-08 23:30:00,164198.76154627436,164206.86985176668
2023-02-09 07:30:00,164211.7110066659,164206.91371973587
2023-02-09 15:30:00,164206.24971058624,164206.90937980678
2023-02-09 19:30:00,164209.5353901391,164206.92643182192
2023-02-09 23:30:00,164207.94884367607,164206.93302802744
2023-02-10 03:30:00,164214.55827739372,164206.96840271913
2023-02-10 07:30:00,164205.5497053224,164206.95930850503
2023-02-10 11:30:00,164204.5167883909,164206.97274989748
2023-02-10 15:30:00,164204.03085979036,164206.96477550638
2023-02-10 23:30:00,164203.3276558701,164206.99209743354
2023-02-11 07:30:00,164213.94081348812,164207.02026030456
2023-02-11 11:30:00,164203.46600692617,164206.99747662904
2023-02-11 15:30:00,164207.11612239937,164206.9982323346
2023-02-11 19:30:00,164211.3617801875,164207.02584972608
2023-02-11 23:30:00,164206.5625700048,164207.0585281031
2023-02-12 03:30:00,164205.7704215726,164207.05927291952
2023-02-12 07:30:00,164202.11271754224,164206.9942295564
2023-02-12 11:30:00,164206.30332010044,164206.99694787318
2023-02-12 15:30:00,164211.16153662157,164207.09366603178
2023-02-12 19:30:00,164213.02907957972,164207.15743841574
2023-02-13 03:30:00,164200.91726772074,164207.18298378194
2023-02-13 11:30:00,164207.79343694515,164207.18095096503
2023-02-13 15:30:00,164204.9208746299,164207.17393404935
2023-02-13 19:30:00,164206.4667028093,164207.1804080661
2023-02-13 23:30:00,164212.67195357205,164207.2125149545
2023-02-14 03:30:00,164211.48327191843,164207.2240585528
2023-02-14 07:30:00,164208.00548137605,164207.22947948403
2023-02-14 15:30:00,164203.9598308301,164207.17367904444
2023-02-14 19:30:00,164215.38435857426,164207.22005683457
2023-02-14 23:30:00,164211.51969057455,164207.23635111272
2023-02-15 03:30:00,164210.3004234171,164207.23460992062
2023-02-15 07:30:00,164210.1345365749,164207.23357856667
2023-02-15 11:30:00,164210.42214022554,164207.25401806447
2023-02-15 15:30:00,164202.21955860071,164207.22096313207
2023-02-15 19:30:00,164204.32916769263,164207.22411553396
2023-02-15 23:30:00,164206.56754693485,164207.21993356835
2023-02-16 03:30:00,164206.68123220064,164207.19024669201
2023-02-16 11:30:00,164197.71465991068,164207.09146815547
2023-02-16 19:30:00,164202.7811460342,164207.09597666265
2023-02-16 23:30:00,164211.2471792527,164207.16336142522
2023-02-17 07:30:00,164193.32413728916,164207.04873511873
2023-02-17 11:30:00,164191.67500959226,164206.97781550593
2023-02-17 15:30:00,164215.01894542764,164207.04225188663
2023-02-17 19:30:00,164224.16839170962,164207.15274311128
2023-02-17 23:30:00,164225.66763387716,164207.23903987868
2023-02-18 03:30:00,164219.9873456598,164207.26579194784
2023-02-18 07:30:00,164207.72490302482,164207.260592865
2023-02-18 11:30:00,164207.7713720823,164207.2645107738
2023-02-18 15:30:00,164204.69448981705,164207.2931967096
2023-02-18 19:30:00,164211.13639830324,164207.31783261726
2023-02-18 23:30:00,164210.64719301526,164207.36478347803
2023-02-19 03:30:00,164214.4673574569,164207.38747193033
2023-02-19 07:30:00,164202.99398482882,164207.3415239166
2023-02-19 19:30:00,164207.1080908638,164207.3672699565
2023-02-19 23:30:00,164200.22571698905,164207.3222019466
2023-02-20 03:30:00,164217.02940487248,164207.38482906224
2023-02-20 07:30:00,164208.98623107036,164207.37337561563
2023-02-20 15:30:00,164200.32729090154,164207.3282084059
2023-02-20 19:30:00,164209.3899398516,164207.34409829328
2023-02-20 23:30:00,164198.5450427629,164207.2880533536
2023-02-21 03:30:00,164220.2956782063,164207.31345831152
2023-02-21 07:30:00,164209.63648448527,164207.32816100883
2023-02-21 11:30:00,164199.6904252939,164207.28414633343
2023-02-21 15:30:00,164205.36520533616,164207.2262948896
2023-02-21 23:30:00,164204.37956518415,164207.24814136772
2023-02-22 03:30:00,164215.7833956604,164207.2971706621
2023-02-22 11:30:00,164196.3108459502,164207.3233457685
2023-02-22 19:30:00,164216.36873749344,164207.2744344907
2023-02-22 23:30:00,164203.12285977698,164207.32106589107
2023-02-23 03:30:00,164211.06523495738,164207.30186901722
2023-02-23 07:30:00,164200.6580305611,164207.26403380567
2023-02-23 11:30:00,164199.5003746953,164207.30264355143
2023-02-23 19:30:00,164209.84115049607,164207.3189592654
2023-02-24 07:30:00,164213.7640141033,164207.31317765475
2023-02-24 11:30:00,164203.5831089473,164207.3143908737
2023-02-24 15:30:00,164201.2033060845,164207.2576641224
2023-02-24 19:30:00,164207.51343051455,164207.2535469133
2023-02-24 23:30:00,164204.51911908935,164207.2304905497
2023-02-25 03:30:00,164202.25970256518,164207.17029433322
2023-02-25 07:30:00,164209.5744994275,164207.12994386352
2023-02-25 11:30:00,164206.56251347013,164207.12806061326
2023-02-25 23:30:00,164201.68835509356,164207.02729188124
2023-02-26 07:30:00,164202.78887619363,164206.92744686158
2023-02-26 11:30:00,164194.61523665543,164206.84846439288
2023-02-26 15:30:00,164202.63353283494,164206.883415922
2023-02-26 19:30:00,164213.5106493105,164206.91875128774
2023-02-26 23:30:00,164207.03431305927,164206.91438297756
2023-02-27 03:30:00,164199.90522030593,164206.90924235928
2023-02-27 07:30:00,164207.94938521,164206.93739873043
2023-02-27 15:30:00,164209.83756301898,164206.92669431644
2023-02-27 19:30:00,164207.5313931557,164206.91181775095
2023-02-27 23:30:00,164212.35952208028,164206.96473457705
2023-02-28 03:30:00,164206.73042637904,164206.9443260281
2023-02-28 07:30:00,164198.76758719902,164206.85441362037
2023-02-28 11:30:00,164206.7911293846,164206.8620148829
2023-02-28 15:30:00,164202.62479924405,164206.86098679918
2023-02-28 19:30:00,164201.3823461305,164206.80682318358
2023-02-28 23:30:00,164206.9157582859,164206.77987711065
2023-03-01 03:30:00,164196.52652603225,164206.68100737347
2023-03-01 07:30:00,164200.75868155266,164206.61554173447
2023-03-01 11:30:00,164208.48736797838,164206.63084068216
2023-03-01 15:30:00,164202.6189011786,164206.605131368
2023-03-01 19:30:00,164205.4880890615,164206.5761981717
2023-03-01 23:30:00,164209.30280369573,164206.56155566545
2023-03-02 03:30:00,164204.921064804,164206.50463044303
2023-03-02 07:30:00,164200.75693575435,164206.4347727862
2023-03-02 11:30:00,164207.39433812804,164206.41314509988
2023-03-02 15:30:00,164205.34014996947,164206.3916406854
2023-03-02 19:30:00,164208.071686748,164206.42905030138
2023-03-02 23:30:00,164214.192595405,164206.41924375162
2023-03-03 03:30:00,164212.26276187118,164206.39795004233
2023-03-03 07:30:00,164198.57094689112,164206.3634913583
2023-03-03 11:30:00,164204.8679650393,164206.3335266906
2023-03-03 19:30:00,164200.37363762522,164206.3274395732
2023-03-03 23:30:00,164201.11868235617,164206.2374296878
2023-03-04 03:30:00,164208.0948241134,164206.21921168483
2023-03-04 11:30:00,164192.0571165717,164206.2277345952
2023-03-04 15:30:00,164204.97926663846,164206.20549589922
2023-03-04 19:30:00,164200.7012178584,164206.1368780335
2023-03-04 23:30:00,164204.51540332098,164206.07155291212
2023-03-05 03:30:00,164211.1145913751,164206.06371040572
2023-03-05 07:30:00,164197.07536611246,164206.01052779038
2023-03-05 11:30:00,164203.4790292276,164205.99342307035
2023-03-05 15:30:00,164203.19703342373,164205.95987521394
2023-03-05 19:30:00,164200.92678752958,164205.92609610196
2023-03-05 23:30:00,164202.54825779004,164205.97796927817
2023-03-06 03:30:00,164213.52074152068,164206.02825442643
2023-03-06 07:30:00,164200.1084766448,164205.96838665553
2023-03-06 11:30:00,164198.30443031155,164205.94186970225
2023-03-06 15:30:00,164211.5365687009,164205.94089978965
2023-03-06 19:30:00,164200.96032573527,164205.9009512606
2023-03-06 23:30:00,164201.10904366247,164205.88341068642
2023-03-07 03:30:00,164221.4305935183,164205.9460267257
2023-03-07 07:30:00,164203.6681775796,164205.98998101876
2023-03-07 11:30:00,164204.16846137927,164205.98601482133
2023-03-07 15:30:00,164216.10505937683,164206.05871072435
2023-03-07 19:30:00,164200.60979734946,164206.02262520528
2023-03-07 23:30:00,164204.48174919904,164206.0428939776
2023-03-08 03:30:00,164215.19676159893,164206.1031167909
2023-03-08 07:30:00,164207.51621147353,164206.13753434582
2023-03-08 11:30:00,164204.0414675768,164206.17551438304
2023-03-08 15:30:00,164212.27562314196,164206.2695683066
2023-03-08 19:30:00,164197.57698106667,164206.1922092382
2023-03-08 23:30:00,164204.60100830434,164206.18157265097
2023-03-09 03:30:00,164218.76926452018,164206.24241772562
2023-03-09 07:30:00,164211.654874959,164206.27779326309
2023-03-09 11:30:00,164200.44161287905,164206.2696703848
2023-03-09 19:30:00,164210.19190104943,164206.27687465082
2023-03-09 23:30:00,164204.40410003296,164206.27482728512
2023-03-10 03:30:00,164211.80793182322,164206.3107565354
2023-03-10 07:30:00,164213.87484635465,164206.4152342905
2023-03-10 11:30:00,164201.73820748116,164206.4675045422
2023-03-10 15:30:00,164210.9045090569,164206.51276879327
2023-03-10 19:30:00,164210.60123551523,164206.55083933394
2023-03-10 23:30:00,164205.6459778686,164206.5955434352
2023-03-11 03:30:00,164205.37027456285,164206.58763847474
2023-03-11 07:30:00,164209.24607743853,164206.57173570554
2023-03-11 11:30:00,164205.36760172882,164206.56401689796
2023-03-11 15:30:00,164212.6579575394,164206.60509540408
2023-03-11 19:30:00,164213.1128559651,164206.62802787733
2023-03-11 23:30:00,164201.7088377175,164206.58802783914
2023-03-12 03:30:00,164205.36397159926,164206.5290899815
2023-03-12 11:30:00,164202.96788216953,164206.52541564882
2023-03-12 15:30:00,164204.90847274056,164206.53107766787
2023-03-12 19:30:00,164210.56259695653,164206.55692074023
2023-03-12 23:30:00,164206.96425157838,164206.58023225117
2023-03-13 03:30:00,164194.52680154087,164206.50345880713
2023-03-13 07:30:00,164212.45998425645,164206.4940267738
2023-03-13 11:30:00,164209.230387365,164206.53074257282
2023-03-13 23:30:00,164202.98985798616,164206.47274818918
2023-03-14 03:30:00,164201.4968053459,164206.4451764716
2023-03-14 07:30:00,164209.27418652832,164206.4913794973
2023-03-14 11:30:00,164198.95852517456,164206.4439937236
2023-03-14 15:30:00,164200.89186452277,164206.37773777457
2023-03-14 19:30:00,164205.39668485709,164206.3284965183
2023-03-14 23:30:00,164210.1002890839,164206.35267467579
2023-03-15 03:30:00,164187.05789655898,164206.26383255297
2023-03-15 11:30:00,164215.60411210632,164206.31390098346
2023-03-15 15:30:00,164205.69627745176,164206.31887151438
2023-03-15 19:30:00,164205.52010135507,164206.31280355633
2023-03-16 03:30:00,164199.29242262835,164206.19312614147
2023-03-16 07:30:00,164198.3578628889,164206.13088344154
2023-03-16 11:30:00,164207.7883834574,164206.14150844162
2023-03-16 15:30:00,164202.11933702778,164206.12971040444
2023-03-16 19:30:00,164197.7099044383,164206.0164126215
2023-03-16 23:30:00,164211.46567087568,164206.0160663414
2023-03-17 03:30:00,164202.54067510017,164205.966324365
2023-03-17 07:30:00,164202.72379674425,164205.9188196225
2023-03-17 11:30:00,164213.8721044972,164205.9409347781
2023-03-17 19:30:00,164193.79149944708,164205.89695870024
2023-03-17 23:30:00,164212.44739077459,164205.9348931766
2023-03-18 03:30:00,164206.5829342911,164205.93425899657
2023-03-18 07:30:00,164199.10420648483,164205.89047660868
2023-03-18 11:30:00,164197.2357511901,164205.88740668097
2023-03-18 15:30:00,164206.94092618348,164205.89411699626
2023-03-18 19:30:00,164199.1317236387,164205.87087226764
2023-03-19 03:30:00,164212.15092371035,164205.87662860175
2023-03-19 07:30:00,164197.40870320785,164205.9026449452
2023-03-19 19:30:00,164203.23605014468,164205.80057393425
2023-03-19 23:30:00,164208.97680302046,164205.69289115455
2023-03-20 03:30:00,164216.04040036912,164205.66742699136
2023-03-20 07:30:00,164206.79516797286,164205.66142870073
2023-03-20 11:30:00,164202.89092645247,164205.6299419547
2023-03-20 15:30:00,164209.37669567871,164205.66014973447
2023-03-21 03:30:00,164216.45880185542,164205.60477818252
2023-03-21 11:30:00,164210.75870635558,164205.6555279964
2023-03-21 19:30:00,164202.896754434,164205.6280029217
2023-03-21 23:30:00,164201.83976561073,164205.6385522591
2023-03-22 03:30:00,164213.72746625825,164205.61697096098
2023-03-22 07:30:00,164202.63034590334,164205.57542922784
2023-03-22 11:30:00,164199.32954535808,164205.53487154035
2023-03-22 15:30:00,164210.26454666822,164205.59939917523
2023-03-22 23:30:00,164205.3338882144,164205.61899593848
2023-03-23 03:30:00,164211.4880625822,164205.56142982325
2023-03-23 07:30:00,164206.4632243845,164205.54068956117
2023-03-23 11:30:00,164205.4209736656,164205.57814412573
2023-03-23 15:30:00,164212.94309267087,164205.62767280109
2023-03-23 19:30:00,164207.58487650045,164205.64038191602
2023-03-23 23:30:00,164205.9202741173,164205.6503865195
2023-03-24 03:30:00,164211.33790657678,164205.62151970723
2023-03-24 07:30:00,164211.24059103953,164205.65777178036
2023-03-24 11:30:00,164205.13045960557,164205.71467251363
2023-03-24 15:30:00,164210.69475613983,164205.7465961266
2023-03-24 19:30:00,164211.76226237742,164205.71706743998
2023-03-24 23:30:00,164205.14530654554,164205.7300318423
2023-03-25 03:30:00,164210.2338016153,164205.72470214142
2023-03-25 07:30:00,164210.52550231788,164205.78795516552
2023-03-25 11:30:00,164204.06347327976,164205.81720579747
2023-03-25 15:30:00,164208.6431076898,164205.8352051726
2023-03-25 19:30:00,164207.55355445677,164205.82063449718
2023-03-25 23:30:00,164196.71687295494,164205.7630157532
2023-03-26 07:30:00,164208.13589704374,164205.72739475916
2023-03-26 11:30:00,164197.99080840638,164205.69200045193
2023-03-26 15:30:00,164196.6169731553,164205.66297302835
2023-03-26 19:30:00,164204.71103130476,164205.64523632446
2023-03-26 23:30:00,164206.89992947347,164205.66030474464
2023-03-27 07:30:00,164207.67329065723,164205.66985502114
2023-03-27 11:30:00,164205.61399002568,164205.66381347054
2023-03-27 15:30:00,164200.88778608383,164205.6335854491
2023-03-27 19:30:00,164208.18577314087,164205.64963694403
2023-03-27 23:30:00,164207.0535129682,164205.6833800753
2023-03-28 03:30:00,164208.04383451276,164205.6981329155
2023-03-28 07:30:00,164207.775127235,164205.72929698456
2023-03-28 11:30:00,164199.03236210352,164205.75690401858
2023-03-28 15:30:00,164203.74452761962,164205.763847736
2023-03-28 19:30:00,164208.0074953644,164205.72945302384
2023-03-28 23:30:00,164208.96795230993,164205.74153826915
2023-03-29 03:30:00,164203.9540703317,164205.7668435818
2023-03-29 07:30:00,164207.35514400713,164205.7631295743
2023-03-29 11:30:00,164204.0534933726,164205.7525107159
2023-03-29 15:30:00,164201.27628658415,164205.6993350859
2023-03-29 19:30:00,164192.86601422064,164205.60824577571
2023-03-29 23:30:00,164194.34544713583,164205.49635711146
2023-03-30 03:30:00,164199.72853882468,164205.45286712665
2023-03-30 07:30:00,164217.06073842177,164205.56648918393
2023-03-30 15:30:00,164195.91533274757,164205.51690101708
2023-03-30 19:30:00,164206.45957555404,164205.548633701
2023-03-30 23:30:00,164203.27467926758,164205.5258769571
2023-03-31 03:30:00,164202.90314653405,164205.56573083525
2023-03-31 11:30:00,164218.21142958346,164205.65712146976
2023-03-31 15:30:00,164205.29919798794,164205.6739786824
2023-03-31 19:30:00,164195.73196391383,164205.61261940474
2023-03-31 23:30:00,164204.34125677802,164205.58141470715
2023-04-01 03:30:00,164207.14617961363,164205.59540913993
2023-04-01 07:30:00,164201.12259445386,164205.59770888014
2023-04-01 11:30:00,164206.3523563837,164205.59115553586
2023-04-01 15:30:00,164203.13675316924,164205.57729769434
2023-04-01 19:30:00,164202.71532835317,164205.5436099057
2023-04-01 23:30:00,164205.11900035507,164205.48654327018
2023-04-02 03:30:00,164210.01506458083,164205.47240680922
2023-04-02 07:30:00,164201.40228669584,164205.49021397778
2023-04-02 11:30:00,164207.92393499202,164205.50943391462
2023-04-02 15:30:00,164207.33999090554,164205.5208748958
2023-04-02 19:30:00,164205.8278281068,164205.5549635863
2023-04-02 23:30:00,164207.84712033917,164205.5970163237
2023-04-03 03:30:00,164213.76010190192,164205.6324243099
2023-04-03 07:30:00,164201.99628547564,164205.60983959664
2023-04-03 11:30:00,164203.27894259075,164205.67954037935
2023-04-03 19:30:00,164206.18117312624,164205.71816681066
2023-04-03 23:30:00,164210.38013435158,164205.7548213796
2023-04-04 07:30:00,164207.22149327619,164205.78492425484
2023-04-04 11:30:00,164206.7454833656,164205.8054679916
2023-04-04 19:30:00,164206.1447112679,164205.8550019049
2023-04-04 23:30:00,164205.40002947583,164205.8730510928
2023-04-05 11:30:00,164206.04635763992,164205.91060757582
2023-04-05 15:30:00,164207.5258314937,164205.88489772193
2023-04-05 19:30:00,164208.19555139556,164205.9312773736
2023-04-05 23:30:00,164204.94724381808,164205.95588122075
2023-04-06 03:30:00,164212.03258186943,164205.8956375563
2023-04-06 07:30:00,164205.8373293782,164205.90954237554
2023-04-06 11:30:00,164206.61651040686,164205.92523499753
2023-04-06 15:30:00,164212.12916708007,164205.89974850844
2023-04-06 19:30:00,164209.62948514588,164205.95756701997
2023-04-06 23:30:00,164206.85117213006,164205.9727556285
2023-04-07 03:30:00,164211.94312539455,164205.95189898615
2023-04-07 07:30:00,164208.68774805125,164205.959408836
2023-04-07 11:30:00,164206.3731011157,164205.97435520485
2023-04-07 15:30:00,164214.20203906408,164205.98670402484
2023-04-07 19:30:00,164213.21249869987,164206.08693170198
2023-04-07 23:30:00,164203.33621584045,164206.07882405797
2023-04-08 03:30:00,164206.05666979763,164205.9973330662
2023-04-08 07:30:00,164209.78394947742,164205.98533995412
2023-04-08 11:30:00,164208.0718493865,164206.03425172658
2023-04-08 15:30:00,164214.8202369564,164206.09021341597
2023-04-08 19:30:00,164214.8258323907,164206.1197289022
2023-04-08 23:30:00,164192.9135687236,164206.0465408047
2023-04-09 03:30:00,164194.82805468346,164205.938388721
2023-04-09 07:30:00,164222.4183403085,164205.99280587994
2023-04-09 11:30:00,164206.53957068158,164206.02338781118
2023-04-09 15:30:00,164203.14439107545,164205.9739603081
2023-04-09 19:30:00,164211.73860497156,164205.98120469952
2023-04-09 23:30:00,164207.80315036827,164205.9949446518
2023-04-10 03:30:00,164201.45241660663,164205.9699901425
2023-04-10 07:30:00,164212.05991936108,164205.9879127025
2023-04-10 11:30:00,164208.08330274659,164206.00521016124
2023-04-10 15:30:00,164204.89360141676,164205.95575566363
2023-04-10 19:30:00,164216.22851237498,164205.97560060892
2023-04-10 23:30:00,164208.8284898884,164206.0209487119
2023-04-11 03:30:00,164204.44563111596,164206.01509940947
2023-04-11 07:30:00,164211.88936862868,164206.05227832857
2023-04-11 11:30:00,164207.86619489524,164206.08328030785
2023-04-11 19:30:00,164215.7046503093,164206.12351509076
2023-04-11 23:30:00,164207.50151140458,164206.1269371279
2023-04-12 03:30:00,164187.2025001357,164206.0802855266
2023-04-12 07:30:00,164211.6302071456,164206.07500032205
2023-04-12 11:30:00,164207.46226900368,164206.06373842165
2023-04-12 15:30:00,164206.7778545709,164206.06825814414
2023-04-12 19:30:00,164209.28211612997,164206.08847108742
2023-04-12 23:30:00,164209.74215243766,164206.13093834816
2023-04-13 03:30:00,164197.33479106848,164206.10476215772
2023-04-13 07:30:00,164208.74772287888,164206.10145106557
2023-04-13 11:30:00,164213.7277323233,164206.19433916087
2023-04-13 15:30:00,164211.53229985893,164206.2612601378
2023-04-13 19:30:00,164217.0551893683,164206.33458406557
2023-04-13 23:30:00,164214.09544513622,164206.35971083317
2023-04-14 03:30:00,164206.32960596654,164206.4809165527
2023-04-14 07:30:00,164207.04450832453,164206.48443900127
2023-04-14 11:30:00,164210.93059867533,164206.45522954236
2023-04-14 15:30:00,164200.56567252992,164206.42316326158
2023-04-14 19:30:00,164202.9458488467,164206.4070741834
2023-04-14 23:30:00,164204.82411119962,164206.3972421152
2023-04-15 03:30:00,164200.45896221255,164206.40448770268
2023-04-15 07:30:00,164206.86809082594,164206.45734626128
2023-04-15 11:30:00,164215.4462574369,164206.50491069595
2023-04-15 15:30:00,164200.75790717616,164206.4964546099
2023-04-15 19:30:00,164208.4430754851,164206.56312026858
2023-04-15 23:30:00,164212.1451359568,164206.5673405486
2023-04-16 03:30:00,164202.2687721156,164206.56565171017
2023-04-16 07:30:00,164198.7069375003,164206.5407022739
2023-04-16 11:30:00,164208.2152674487,164206.50556664003
2023-04-16 15:30:00,164204.85025734262,164206.4953486814
2023-04-16 19:30:00,164206.59928405265,164206.5744090802
2023-04-16 23:30:00,164212.0113361906,164206.57171738526
2023-04-17 03:30:00,164211.41559806265,164206.60154864308
2023-04-17 07:30:00,164202.73005271336,164206.62393040993
2023-04-17 11:30:00,164210.53564949063,164206.7060285476
2023-04-17 15:30:00,164209.82495279596,164206.723831181
2023-04-17 19:30:00,164204.48236589858,164206.75685983693
2023-04-17 23:30:00,164210.4865304964,164206.77974125204
2023-04-18 03:30:00,164208.21805623363,164206.7556132307
2023-04-18 07:30:00,164201.34930796662,164206.77978872
2023-04-18 11:30:00,164208.42500398715,164206.7898205204
2023-04-18 15:30:00,164206.73622748192,164206.78949571413
2023-04-18 19:30:00,164200.46364487574,164206.77269325795
2023-04-18 23:30:00,164211.66265187203,164206.78897112975
2023-04-19 03:30:00,164208.12520480275,164206.74100024757
2023-04-19 07:30:00,164203.16941694944,164206.71902599893
2023-04-19 11:30:00,164209.24307038725,164206.75752384096
2023-04-19 15:30:00,164212.84910764906,164206.778568762
2023-04-19 19:30:00,164200.5251328708,164206.74089746145
2023-04-19 23:30:00,164206.50384325464,164206.73947797518
2023-04-20 03:30:00,164214.56366678755,164206.728129861
2023-04-20 07:30:00,164204.76274714354,164206.71643115435
2023-04-20 11:30:00,164210.97146067893,164206.71769754912
2023-04-20 15:30:00,164216.50219101206,164206.77559396016
2023-04-20 19:30:00,164204.48462667977,164206.78498965388
2023-04-20 23:30:00,164206.56934300458,164206.81297531896
2023-04-21 03:30:00,164212.34177164515,164206.80477594255
2023-04-21 07:30:00,164199.16633419046,164206.78427883182
2023-04-21 11:30:00,164196.5875202197,164206.768053831
2023-04-21 15:30:00,164206.87712384784,164206.748009909
2023-04-22 03:30:00,164208.94891642398,164206.7413133348
2023-04-22 07:30:00,164222.53423859586,164206.83697413368
2023-04-22 11:30:00,164209.77163219216,164206.8628709106
2023-04-22 15:30:00,164211.10086010897,164206.85190524062
2023-04-22 19:30:00,164205.7709020639,164206.84110777374
2023-04-22 23:30:00,164200.6562362843,164206.8097742152
2023-04-23 03:30:00,164212.6611046017,164206.8176503939
2023-04-23 07:30:00,164211.58140394895,164206.81967904218
2023-04-23 11:30:00,164210.57861602205,164206.85210854467
2023-04-23 15:30:00,164210.6152770243,164206.8516354547
2023-04-23 19:30:00,164192.1116093597,164206.73466728197
2023-04-23 23:30:00,164199.51810233717,164206.70117201883
2023-04-24 03:30:00,164196.5489899607,164206.6197148066
2023-04-24 07:30:00,164217.84195275657,164206.66326510682
2023-04-24 11:30:00,164214.2283360913,164206.7237702426
2023-04-24 15:30:00,164200.60827913813,164206.67594388218
2023-04-24 19:30:00,164205.81459420433,164206.66559292827
2023-04-24 23:30:00,164200.56660104392,164206.68850797645
2023-04-25 07:30:00,164221.8886573568,164206.77036964498
2023-04-25 11:30:00,164208.4572351174,164206.832669804
2023-04-25 15:30:00,164210.81995819486,164206.91721138157
2023-04-25 19:30:00,164213.30538793805,164206.9683682663
2023-04-25 23:30:00,164210.51545160578,164206.98988923136
2023-04-26 03:30:00,164205.76907903966,164206.98266550244
2023-04-26 07:30:00,164206.84851390126,164206.97778516661
2023-04-26 11:30:00,164210.8207329531,164207.00859429635
2023-04-26 15:30:00,164202.40808389022,164207.0175901414
2023-04-26 19:30:00,164192.6699575232,164206.92578058149
2023-04-26 23:30:00,164203.7922485156,164206.9064831587
2023-04-27 03:30:00,164205.5419209303,164206.8916789363
2023-04-27 07:30:00,164224.86314074733,164206.9927914423
2023-04-27 11:30:00,164204.3798531144,164207.02443340095
2023-04-27 15:30:00,164205.85022503152,164207.03689314894
2023-04-27 19:30:00,164199.67135088047,164206.9875668502
2023-04-27 23:30:00,164200.00847907312,164206.93455221568
2023-04-28 03:30:00,164199.30297495337,164206.90703094128
2023-04-28 07:30:00,164196.88013622002,164206.84504864665
2023-04-28 11:30:00,164208.8741550425,164206.87357327194
2023-04-28 15:30:00,164210.51841311285,164206.92826041114
2023-04-28 19:30:00,164201.4632856424,164206.97913183967
2023-04-28 23:30:00,164210.86508883466,164207.07688119885
2023-04-29 03:30:00,164198.47170326312,164207.06944430203
2023-04-29 07:30:00,164200.76576515936,164206.9730243419
2023-04-29 11:30:00,164212.98189382424,164207.00837063298
2023-04-29 15:30:00,164207.25639256585,164207.07508274956
2023-04-29 19:30:00,164203.0717627512,164207.05515443895
2023-04-29 23:30:00,164216.53658300845,164207.13316563744
2023-04-30 03:30:00,164201.63834697835,164207.12572564004
2023-04-30 07:30:00,164205.34461760154,164207.11530980354
2023-04-30 11:30:00,164212.05410779497,164207.07930207378
2023-04-30 15:30:00,164209.59258663267,164207.10440960972
2023-04-30 19:30:00,164211.13213368758,164207.1944690821
2023-04-30 23:30:00,164211.6140569417,164207.2370000772
2023-05-01 03:30:00,164209.7458643281,164207.2522029118
2023-05-01 07:30:00,164204.79285178342,164207.27366640494
2023-05-01 11:30:00,164210.7585562206,164207.29943365545
2023-05-01 15:30:00,164207.97492349436,164207.32772704918
2023-05-01 19:30:00,164210.34896741068,164207.37236821325
2023-05-01 23:30:00,164203.19035318543,164207.36108957484
2023-05-02 03:30:00,164196.73080644352,164207.28340385473
2023-05-02 07:30:00,164198.8865759009,164207.2686920957
2023-05-02 11:30:00,164204.28988721,164207.2474403543
2023-05-02 15:30:00,164214.8339256362,164207.291264534
2023-05-02 19:30:00,164208.44646134696,164207.3065781787
2023-05-02 23:30:00,164209.23453376515,164207.31469170746
2023-05-03 03:30:00,164204.1226206248,164207.2583321678
2023-05-03 07:30:00,164205.76328707053,164207.28036141692
2023-05-03 11:30:00,164209.97920197813,164207.31954422037
2023-05-03 15:30:00,164210.19906724192,164207.3362856333
2023-05-03 19:30:00,164207.15399538717,164207.34194157665
2023-05-03 23:30:00,164201.12917004817,164207.28815690047
2023-05-04 03:30:00,164206.92216000357,164207.28604131148
2023-05-04 07:30:00,164212.92786670406,164207.319026129
2023-05-04 11:30:00,164212.56602369924,164207.35267087078
2023-05-04 15:30:00,164211.3351908905,164207.3755589169
2023-05-04 19:30:00,164206.24978407475,164207.3761627836
2023-05-04 23:30:00,164206.33465258701,164207.38153418078
2023-05-05 03:30:00,164203.54216839772,164207.35959494775
2023-05-05 07:30:00,164206.01309588278,164207.35194438486
2023-05-05 11:30:00,164201.86604483172,164207.32819260753
2023-05-05 15:30:00,164203.85996024782,164207.30736379363
2023-05-05 19:30:00,164209.2619808343,164207.31342305182
2023-05-05 23:30:00,164198.10349827172,164207.27453813396
2023-05-06 03:30:00,164207.52759000842,164207.24894158926
2023-05-06 07:30:00,164207.29324822046,164207.25721385542
2023-05-06 11:30:00,164206.7829290824,164207.25815941606
2023-05-06 15:30:00,164214.50016670613,164207.27163100487
2023-05-06 19:30:00,164206.45015940702,164207.25356665408
2023-05-06 23:30:00,164207.7978961071,164207.25894576756
2023-05-07 03:30:00,164208.19886987322,164207.2376715885
2023-05-07 07:30:00,164206.50354646836,164207.22526135223
2023-05-07 11:30:00,164210.0881483184,164207.24636957495
2023-05-07 15:30:00,164202.75116054268,164207.1813077652
2023-05-07 19:30:00,164203.80159817342,164207.12783673944
2023-05-07 23:30:00,164209.3357241441,164207.16192485482
2023-05-08 03:30:00,164212.9694741248,164207.20120215215
2023-05-08 07:30:00,164212.34109452323,164207.21573138537
2023-05-08 11:30:00,164206.3403910055,164207.20589355365
2023-05-08 15:30:00,164215.54827648253,164207.21003014187
2023-05-08 19:30:00,164208.0590171719,164207.17158232813
2023-05-08 23:30:00,164209.25317000196,164207.26442097174
2023-05-09 03:30:00,164209.92325305165,164207.3501891443
2023-05-09 07:30:00,164207.8873869341,164207.26762690922
2023-05-09 11:30:00,164201.40602299737,164207.23845902464
2023-05-09 15:30:00,164201.41158505352,164207.2286135359
2023-05-09 19:30:00,164212.4548570465,164207.23268314995
2023-05-09 23:30:00,164210.26648255304,164207.24667935554
2023-05-10 03:30:00,164214.3244718154,164207.31981603286
2023-05-10 07:30:00,164219.06437897353,164207.35961409885
2023-05-10 11:30:00,164210.0179544747,164207.3706064382
2023-05-10 15:30:00,164212.3779727634,164207.41313127542
2023-05-10 19:30:00,164210.93980321343,164207.38308179154
2023-05-10 23:30:00,164206.97504305112,164207.3725508436
2023-05-11 03:30:00,164206.13608118045,164207.3821556735
2023-05-11 07:30:00,164205.0330353665,164207.3431992345
2023-05-11 11:30:00,164204.04851190106,164207.32150785386
2023-05-11 15:30:00,164212.6824484794,164207.35179565402
2023-05-11 19:30:00,164205.7510291624,164207.2955605063
2023-05-11 23:30:00,164211.44800488756,164207.31785707962
2023-05-12 03:30:00,164208.5488862402,164207.43845813107
2023-05-12 07:30:00,164213.4048012996,164207.44848408675
2023-05-12 11:30:00,164208.0602678775,164207.45186261146
2023-05-12 15:30:00,164206.2873040027,164207.4490911393
2023-05-12 19:30:00,164207.11770370576,164207.43686282053
2023-05-12 23:30:00,164195.97530731902,164207.35908403457
2023-05-13 03:30:00,164199.18728097508,164207.36955007922
2023-05-13 07:30:00,164203.2321964045,164207.3383889127
2023-05-13 11:30:00,164208.69417733434,164207.30995074892
2023-05-13 15:30:00,164210.62917979018,164207.30484837567
2023-05-13 19:30:00,164211.02796520884,164207.27079626176
2023-05-13 23:30:00,164210.06376523094,164207.24801840918
2023-05-14 03:30:00,164205.92281520006,164207.24572015626
2023-05-14 07:30:00,164206.11157632165,164207.24044935402
2023-05-14 11:30:00,164213.22848208452,164207.25343174612
2023-05-14 15:30:00,164207.37959833877,164207.29192850212
2023-05-14 19:30:00,164208.1254658213,164207.32119187486
2023-05-14 23:30:00,164217.81023791092,164207.3945598224
2023-05-15 03:30:00,164213.89498522255,164207.4704695569
2023-05-15 07:30:00,164209.33322352672,164207.4843968603
2023-05-15 11:30:00,164211.07061204303,164207.45967569988
2023-05-15 15:30:00,164213.64431970564,164207.53248029045
2023-05-15 19:30:00,164206.88123348998,164207.52365632437
2023-05-15 23:30:00,164210.68806305833,164207.5154242741
2023-05-16 03:30:00,164206.27935958418,164207.53808296035
2023-05-16 07:30:00,164200.02926070188,164207.5455537129
2023-05-16 11:30:00,164206.2335145667,164207.53435736895
2023-05-16 15:30:00,164209.80371217692,164207.56234298946
2023-05-16 19:30:00,164206.48575254818,164207.56170156854
2023-05-16 23:30:00,164205.94837353352,164207.52744754226
2023-05-17 03:30:00,164208.6252785237,164207.51168302505
2023-05-17 07:30:00,164202.43764310132,164207.51003099335
2023-05-17 11:30:00,164209.4202104747,164207.50372907802
2023-05-17 15:30:00,164208.13354369518,164207.4941730944
2023-05-17 19:30:00,164205.46083187874,164207.49970115078
2023-05-17 23:30:00,164205.6463601614,164207.47235555566
2023-05-18 03:30:00,164207.20040694988,164207.46660612468
2023-05-18 07:30:00,164213.33248901175,164207.5343077125
2023-05-18 11:30:00,164218.2009422983,164207.58953900242
2023-05-18 15:30:00,164216.55591238115,164207.64501744817
2023-05-18 19:30:00,164208.5846636314,164207.69089891005
2023-05-18 23:30:00,164202.79877793917,164207.64082052626
2023-05-19 03:30:00,164209.40447211967,164207.6480480252
2023-05-19 07:30:00,164209.89516428765,164207.68604659775
2023-05-19 11:30:00,164209.03350912622,164207.68486263583
2023-05-19 15:30:00,164194.80584179348,164207.58292328072
2023-05-19 19:30:00,164196.93001994715,164207.56261190824
2023-05-19 23:30:00,164198.9225751732,164207.51977988522
2023-05-20 03:30:00,164213.4788686555,164207.5136510822
2023-05-20 07:30:00,164210.01599286398,164207.54333043654
2023-05-20 11:30:00,164216.27022242837,164207.57326694363
2023-05-20 15:30:00,164211.11865532183,164207.54285148773
2023-05-20 19:30:00,164203.21483399786,164207.5356775178
2023-05-20 23:30:00,164198.76751454742,164207.4915993909
2023-05-21 03:30:00,164200.90162053145,164207.4269657688
2023-05-21 07:30:00,164206.1021123079,164207.4661509559
2023-05-21 11:30:00,164208.8243351365,164207.53528550346
2023-05-21 15:30:00,164204.83965642026,164207.52377438804
2023-05-21 19:30:00,164207.45225727092,164207.5233726065
2023-05-21 23:30:00,164204.2521996128,164207.50509789702
2023-05-22 03:30:00,164210.25741620612,164207.51240795167
2023-05-22 07:30:00,164205.53350214698,164207.41743177042
2023-05-22 11:30:00,164207.97496894564,164207.40739454553
2023-05-22 15:30:00,164210.53395729148,164207.4042274907
2023-05-22 19:30:00,164205.84919918032,164207.40466490475
2023-05-22 23:30:00,164196.86434630558,164207.38348116187
2023-05-23 03:30:00,164204.32076081284,164207.3368870625
2023-05-23 07:30:00,164208.76985187465,164207.32118006764
2023-05-23 11:30:00,164217.77616956085,164207.36138986397
2023-05-23 15:30:00,164211.5773632516,164207.36676464736
2023-05-23 19:30:00,164209.19444551392,164207.4621994862
2023-05-23 23:30:00,164202.96524921776,164207.48145729
2023-05-24 03:30:00,164204.8156627118,164207.52763981934
2023-05-24 07:30:00,164210.4928658654,164207.48658346798
2023-05-24 11:30:00,164208.88842303975,164207.4567515515
2023-05-24 15:30:00,164209.50743301533,164207.50646749494
2023-05-24 19:30:00,164199.0692214586,164207.46878384834
2023-05-24 23:30:00,164191.4206426028,164207.41768910844
2023-05-25 03:30:00,164200.79046898527,164207.38087121886
2023-05-25 07:30:00,164203.4365795443,164207.27835967546
2023-05-25 11:30:00,164204.6819545907,164207.25738589477
2023-05-25 15:30:00,164207.32220189046,164207.2379539153
2023-05-25 19:30:00,164203.43006269104,164207.18309099725
2023-05-25 23:30:00,164204.2038401189,164207.14802648898
2023-05-26 03:30:00,164188.94132048593,164207.05453894148
2023-05-26 07:30:00,164208.77789769502,164207.06525774032
2023-05-26 11:30:00,164203.6490209124,164207.02541489567
2023-05-26 15:30:00,164205.6776487487,164207.04357914487
2023-05-26 19:30:00,164207.4290736296,164207.12557423435
2023-05-26 23:30:00,164204.69006082678,164207.13056208054
2023-05-27 03:30:00,164196.83539272117,164207.08219247937
2023-05-27 07:30:00,164206.7687907896,164206.98166831292
2023-05-27 11:30:00,164203.0614336639,164206.97434376043
2023-05-27 15:30:00,164209.95551194728,164206.99715090997
2023-05-27 19:30:00,164214.5912153638,164207.08003904598
2023-05-27 23:30:00,164209.26751842425,164207.1314781535
2023-05-28 03:30:00,164205.35046612934,164207.16507532666
2023-05-28 07:30:00,164204.32454155595,164207.20643313412
2023-05-28 11:30:00,164210.11066512804,164207.21330263457
2023-05-28 15:30:00,164212.54551203796,164207.22456429526
2023-05-28 19:30:00,164210.52951315496,164207.2749322259
2023-05-28 23:30:00,164203.73080246756,164207.2352973016
2023-05-29 03:30:00,164205.5300206951,164207.27451017624
2023-05-29 07:30:00,164202.58063381334,164207.28459277988
2023-05-29 11:30:00,164201.49964589876,164207.22080251362
2023-05-29 15:30:00,164208.8462865762,164207.22963525812
2023-05-29 19:30:00,164207.75834574932,164207.25567183032
2023-05-29 23:30:00,164210.03239679922,164207.21953746252
2023-05-30 03:30:00,164200.839560779,164207.21509976144
2023-05-30 07:30:00,164197.00437499527,164207.16876508028
2023-05-30 11:30:00,164207.23031495055,164207.14196623114
2023-05-30 15:30:00,164207.69490021694,164207.13142352883
2023-05-30 19:30:00,164207.16839890066,164207.10940277998
2023-05-30 23:30:00,164205.74669832917,164207.07680634328
2023-05-31 03:30:00,164199.80092776506,164207.0215566957
2023-05-31 07:30:00,164207.25074647478,164207.0352116662
2023-05-31 11:30:00,164211.75043005586,164207.04072207637
2023-05-31 15:30:00,164212.66292858278,164207.0667665491
2023-05-31 19:30:00,164207.76482289447,164207.05241019066
2023-05-31 23:30:00,164200.47416783485,164207.03732027207
2023-06-01 03:30:00,164200.97341197345,164207.0608903028
2023-06-01 07:30:00,164203.8763217203,164207.0886111129
2023-06-01 11:30:00,164205.6578525679,164207.09621092046
2023-06-01 15:30:00,164206.93676446023,164207.0523378028
2023-06-01 19:30:00,164210.13868682596,164207.06173905547
2023-06-01 23:30:00,164205.71847188333,164207.04220537835
2023-06-02 03:30:00,164200.88537068994,164207.0242206565
2023-06-02 07:30:00,164205.7025520545,164207.02388323974
2023-06-02 11:30:00,164203.6870646903,164206.98892692145
2023-06-02 15:30:00,164210.45927180722,164206.99037250236
2023-06-02 19:30:00,164210.39830545787,164207.0083964472
2023-06-02 23:30:00,164206.26015445963,164207.03690191617
2023-06-03 03:30:00,164206.44328271953,164207.0342414868
2023-06-03 07:30:00,164205.2346191474,164206.99150122263
2023-06-03 11:30:00,164205.73923928477,164206.95357464254
2023-06-03 15:30:00,164207.95070478416,164206.93477194195
2023-06-03 19:30:00,164206.35442683232,164206.93535329058
2023-06-03 23:30:00,164206.12412537582,164206.93418369498
2023-06-04 03:30:00,164211.4544491311,164206.97814081016
2023-06-04 07:30:00,164203.4649586293,164206.9639844921
2023-06-04 11:30:00,164212.1592083297,164207.02116873374
2023-06-04 15:30:00,164208.57779584453,164207.04737893151
2023-06-04 19:30:00,164207.4017611541,164207.03704437774
2023-06-04 23:30:00,164206.5022907769,164207.08370433608
2023-06-05 03:30:00,164208.7499730482,164207.09049535298
2023-06-05 07:30:00,164206.45690769915,164207.08584901673
2023-06-05 11:30:00,164202.445993769,164207.06175493167
2023-06-05 15:30:00,164204.96991614264,164207.00880909522
2023-06-05 19:30:00,164203.2491889667,164206.99102592608
2023-06-05 23:30:00,164190.6651919861,164206.89584423654
2023-06-06 03:30:00,164213.78493502067,164206.9268779318
2023-06-06 07:30:00,164204.08922548147,164206.91346503742
2023-06-06 11:30:00,164210.21049270403,164206.91414472845
2023-06-06 15:30:00,164207.29168046775,164206.93936983915
2023-06-06 19:30:00,164214.2586708329,164206.99746468724
2023-06-06 23:30:00,164206.08589948938,164206.97941010585
2023-06-07 03:30:00,164206.9079600897,164206.94573502787
2023-06-07 07:30:00,164207.08161049732,164206.91651567217
2023-06-07 11:30:00,164207.14091750604,164206.92096304163
2023-06-07 15:30:00,164205.86028841074,164206.86714088568
2023-06-07 19:30:00,164206.79223448952,164206.8601032041
2023-06-07 23:30:00,164206.1245796127,164206.84272214636
2023-06-08 03:30:00,164214.7171524498,164206.8693549208
2023-06-08 07:30:00,164211.97078073653,164206.89204044192
2023-06-08 11:30:00,164202.76399465327,164206.8995847289
2023-06-08 15:30:00,164206.1344241986,164206.92582272415
2023-06-08 19:30:00,164208.1938433849,164206.90215042603
2023-06-08 23:30:00,164202.68961743655,164206.86005673095
2023-06-09 03:30:00,164201.6183400937,164206.78946711027
2023-06-09 07:30:00,164211.72567491516,164206.74869653216
2023-06-09 11:30:00,164206.0289527854,164206.72653541167
2023-06-09 15:30:00,164204.49584103448,164206.68274579095
2023-06-09 19:30:00,164212.73742038762,164206.69273255303
2023-06-09 23:30:00,164212.44296690467,164206.7231099078
2023-06-10 03:30:00,164209.0401423116,164206.73924358073
2023-06-10 07:30:00,164210.01259331146,164206.76690779155
2023-06-10 11:30:00,164214.0451577178,164206.82244471274
2023-06-10 15:30:00,164207.15580319575,164206.79174112782
2023-06-10 19:30:00,164207.10813708056,164206.79928061628
2023-06-10 23:30:00,164210.5554997755,164206.79432225454
2023-06-11 03:30:00,164205.0386952914,164206.7748211937
2023-06-11 07:30:00,164207.59425767243,164206.7425403958
2023-06-11 11:30:00,164209.75441918123,164206.75195234746
2023-06-11 15:30:00,164202.69965437273,164206.73202096063
2023-06-11 19:30:00,164198.9539517348,164206.686666783
2023-06-11 23:30:00,164207.86363809285,164206.75271306507
2023-06-12 03:30:00,164204.06256628942,164206.7797979835
2023-06-12 07:30:00,164202.12359776816,164206.7736391022
2023-06-12 11:30:00,164211.80006422623,164206.79089402937
2023-06-12 15:30:00,164210.4460928023,164206.78987687943
2023-06-12 19:30:00,164206.77042029484,164206.76622385212
2023-06-12 23:30:00,164209.83068842342,164206.764928981
2023-06-13 03:30:00,164208.11567049878,164206.77711151043
2023-06-13 07:30:00,164209.6977420639,164206.79703465343
2023-06-13 11:30:00,164216.0992794519,164206.8129835277
2023-06-13 15:30:00,164212.89198305507,164206.84360788722
2023-06-13 19:30:00,164207.03987844975,164206.83757684627
2023-06-13 23:30:00,164209.16268391322,164206.78953487962
2023-06-14 03:30:00,164211.3890089631,164206.7756127893
2023-06-14 07:30:00,164193.60258016756,164206.68822032618
2023-06-14 11:30:00,164201.92545556583,164206.6374139013
2023-06-14 15:30:00,164210.27101198488,164206.61867330287
2023-06-14 19:30:00,164203.66947216343,164206.60083018438
2023-06-14 23:30:00,164207.11534905812,164206.58098177327
2023-06-15 03:30:00,164205.57569267467,164206.57707251268
2023-06-15 07:30:00,164198.19248220476,164206.56686818769
2023-06-15 11:30:00,164200.5038292761,164206.53503660273
2023-06-15 15:30:00,164204.15277431384,164206.5036425035
2023-06-15 19:30:00,164199.86267681632,164206.4668476383
2023-06-15 23:30:00,164196.91703116175,164206.41667351403
2023-06-16 03:30:00,164199.45219666796,164206.36571194816
2023-06-16 07:30:00,164201.5489204862,164206.3607746003
2023-06-16 11:30:00,164202.8262810822,164206.32414165925
2023-06-16 15:30:00,164202.39958312415,164206.2922863227
2023-06-16 19:30:00,164197.07658573805,164206.24570717753
2023-06-16 23:30:00,164197.01969268682,164206.1977812471
2023-06-17 03:30:00,164199.41084107748,164206.15450588113
2023-06-17 07:30:00,164197.0530295706,164206.0640644398
2023-06-17 11:30:00,164194.55251469827,164205.93268428647
2023-06-17 15:30:00,164206.65890634572,164205.8777009196
2023-06-17 19:30:00,164203.25665072427,164205.84810084788
2023-06-17 23:30:00,164198.825020976,164205.8260244203
2023-06-18 03:30:00,164201.88054350636,164205.78422481692
2023-06-18 07:30:00,164197.08023735898,164205.7130307784
2023-06-18 11:30:00,164203.33156041946,164205.6813532856
2023-06-18 15:30:00,164210.621590124,164205.7692185541
2023-06-18 19:30:00,164216.649126869,164205.8787691481
2023-06-18 23:30:00,164212.36129283014,164205.95342869064
2023-06-19 03:30:00,164222.30594440192,164206.00246800034
2023-06-19 07:30:00,164214.0976174016,164206.02514369224
2023-06-19 11:30:00,164203.0643749387,164205.95177787283
2023-06-19 15:30:00,164224.59265211827,164206.0266334106
2023-06-19 19:30:00,164214.9724152746,164206.09195330658
2023-06-19 23:30:00,164210.97553286684,164206.15977563057
2023-06-20 03:30:00,164210.9950872739,164206.21585044582
2023-06-20 07:30:00,164213.83275541582,164206.25879846307
2023-06-20 11:30:00,164219.11847069662,164206.31598810508
2023-06-20 15:30:00,164222.83935633147,164206.4159864379
2023-06-20 19:30:00,164222.11713465487,164206.49745797893
2023-06-20 23:30:00,164212.86091161554,164206.54528415672
2023-06-21 03:30:00,164210.06366947672,164206.54420778604
2023-06-21 07:30:00,164211.41287531808,164206.57687097028
2023-06-21 11:30:00,164213.7311257641,164206.60884961928
2023-06-21 15:30:00,164218.42349019586,164206.65268035766
2023-06-21 19:30:00,164212.429160272,164206.68923569703
2023-06-21 23:30:00,164205.54921976163,164206.73748499402
2023-06-22 03:30:00,164203.1160184649,164206.73079198098
2023-06-22 07:30:00,164204.87052956095,164206.70912907925
2023-06-22 11:30:00,164188.41068937874,164206.54598752267
2023-06-22 15:30:00,164198.77916650724,164206.47488642964
2023-06-22 19:30:00,164210.88503598006,164206.48427859892
2023-06-22 23:30:00,164199.73286438276,164206.46632090537
2023-06-23 03:30:00,164216.96638117122,164206.53382489682
2023-06-23 07:30:00,164213.47452056574,164206.55038964516
2023-06-23 11:30:00,164206.76470828682,164206.53859122985
2023-06-23 15:30:00,164207.8463009881,164206.5293627186
2023-06-23 19:30:00,164209.93504870866,164206.58972842552
2023-06-23 23:30:00,164204.65214959998,164206.66323679776
2023-06-24 03:30:00,164202.66241368474,164206.6736364905
2023-06-24 07:30:00,164210.42130929063,164206.71244054468
2023-06-24 11:30:00,164206.9423240122,164206.72499815255
2023-06-24 15:30:00,164217.25131618872,164206.78015989866
2023-06-24 19:30:00,164213.8342227636,164206.83796078793
2023-06-24 23:30:00,164208.89745328922,164206.86403641666
2023-06-25 03:30:00,164210.78190864192,164206.98537301755
2023-06-25 07:30:00,164213.5815734142,164207.0120601049
2023-06-25 11:30:00,164206.3876309443,164207.02727460506
2023-06-25 15:30:00,164207.23837483875,164207.03594530554
2023-06-25 19:30:00,164210.18420121726,164207.05125156994
2023-06-25 23:30:00,164206.52115050945,164207.06142429038
2023-06-26 03:30:00,164207.75403927165,164207.1220834379
2023-06-26 07:30:00,164208.4619872787,164207.13149008504
2023-06-26 11:30:00,164211.10697211357,164207.17618752088
2023-06-26 15:30:00,164202.42548611746,164207.13435404404
2023-06-26 19:30:00,164208.10302509647,164207.09830854257
2023-06-26 23:30:00,164208.7781114406,164207.09558961488
2023-06-27 03:30:00,164205.25362340861,164207.09505159978
2023-06-27 07:30:00,164205.40673348837,164207.10106377717
2023-06-27 11:30:00,164207.37760363342,164207.08588010218
2023-06-27 15:30:00,164208.04805145718,164207.0608942101
2023-06-27 19:30:00,164207.9282309246,164207.04644264214
2023-06-27 23:30:00,164211.725553632,164207.09085792638
2023-06-28 03:30:00,164210.00735991937,164207.1157320332
2023-06-28 07:30:00,164209.23158716108,164207.152681774
2023-06-28 11:30:00,164208.7820638881,164207.19313965173
2023-06-28 15:30:00,164210.06791725615,164207.19992648886
2023-06-28 19:30:00,164210.37247409395,164207.2144494241
2023-06-28 23:30:00,164214.03516384482,164207.2366870188
2023-06-29 03:30:00,164206.54016443706,164207.2683570391
2023-06-29 07:30:00,164204.15273633375,164207.30807015765
2023-06-29 11:30:00,164212.03469792273,164207.33476117416
2023-06-29 15:30:00,164210.2121111765,164207.34874567948
2023-06-29 19:30:00,164208.10527425972,164207.3539505426
2023-06-29 23:30:00,164213.11893405867,164207.39490740775
2023-06-30 03:30:00,164205.9156218916,164207.42887793068
2023-06-30 07:30:00,164205.93039636247,164207.42154265227
2023-06-30 11:30:00,164212.62689418727,164207.42641189747
2023-06-30 15:30:00,164203.04704761127,164207.3729903365
2023-06-30 19:30:00,164203.7573705875,164207.35072671258
2023-06-30 23:30:00,164206.035413339,164207.38162252094
2023-07-01 03:30:00,164210.89645004473,164207.43675051024
2023-07-01 07:30:00,164203.8623031817,164207.43667262944
2023-07-01 11:30:00,164201.9957629597,164207.41632768718
2023-07-01 15:30:00,164209.77711260994,164207.4321073991
2023-07-01 19:30:00,164203.36769589712,164207.39449078284
2023-07-01 23:30:00,164204.60755142264,164207.3883190025
2023-07-02 03:30:00,164211.1887326346,164207.4455599022
2023-07-02 07:30:00,164207.59108358616,164207.45605174406
2023-07-02 11:30:00,164212.43025095304,164207.50462500108
2023-07-02 15:30:00,164211.1155209817,164207.5082708298
2023-07-02 19:30:00,164208.12628609766,164207.49564850004
2023-07-02 23:30:00,164204.17243111538,164207.48405003702
2023-07-03 03:30:00,164205.98401754492,164207.48149856384
2023-07-03 07:30:00,164208.09950317722,164207.49741458622
2023-07-03 11:30:00,164214.15287203196,164207.54415699033
2023-07-03 15:30:00,164217.39063741133,164207.5966010605
2023-07-03 19:30:00,164209.8841365309,164207.61621055886
2023-07-03 23:30:00,164204.10667760196,164207.60500251566
2023-07-04 03:30:00,164208.22979700135,164207.58708778158
2023-07-04 07:30:00,164207.9394885224,164207.611946281
2023-07-04 11:30:00,164200.48443655024,164207.5470864378
2023-07-04 15:30:00,164206.39415697748,164207.53495511075
2023-07-04 19:30:00,164208.07464902572,164207.5386933767
2023-07-04 23:30:00,164201.5524707479,164207.51119437654
2023-07-05 03:30:00,164208.86917128565,164207.51185658894
2023-07-05 07:30:00,164203.16433860877,164207.49356453848
2023-07-05 11:30:00,164196.55827944528,164207.46085501445
2023-07-05 15:30:00,164210.76093593388,164207.49302734662
2023-07-05 19:30:00,164205.88781141303,164207.50768636022
2023-07-05 23:30:00,164207.54376758402,164207.60145622466
2023-07-06 03:30:00,164202.37964813015,164207.5380935197
2023-07-06 07:30:00,164209.84021865725,164207.57004348177
2023-07-06 11:30:00,164202.04192081932,164207.52466252685
2023-07-06 15:30:00,164204.41792482117,164207.50869721774
2023-07-06 19:30:00,164207.51374651055,164207.47122541594
2023-07-06 23:30:00,164200.78727724397,164207.44178862567
2023-07-07 03:30:00,164204.35912981365,164207.42762845746
2023-07-07 07:30:00,164216.6772608239,164207.48093762595
2023-07-07 11:30:00,164211.54322928222,164207.50539491358
2023-07-07 15:30:00,164212.5390260019,164207.54249901132
2023-07-07 19:30:00,164217.75139884916,164207.60338325778
2023-07-07 23:30:00,164202.02744906506,164207.5806214214
2023-07-08 03:30:00,164207.71169049435,164207.5417021883
2023-07-08 07:30:00,164207.04829526824,164207.51435504682
2023-07-08 11:30:00,164209.1071889108,164207.54959501492
2023-07-08 15:30:00,164214.0997996183,164207.5938471006
2023-07-08 19:30:00,164210.09303964753,164207.60439819095
2023-07-08 23:30:00,164206.12293557954,164207.62347218062
2023-07-09 03:30:00,164207.15215455974,164207.65421559432
2023-07-09 07:30:00,164212.5885912303,164207.65900957384
2023-07-09 11:30:00,164206.33800209878,164207.66072651447
2023-07-09 15:30:00,164208.64010048658,164207.68375017808
2023-07-09 19:30:00,164210.35769390265,164207.6705294754
2023-07-09 23:30:00,164208.6824553905,164207.64963774476
2023-07-10 03:30:00,164206.4249920298,164207.6351091321
2023-07-10 07:30:00,164214.12553057936,164207.65795878356
2023-07-10 11:30:00,164210.35352448557,164207.63744971008
2023-07-10 15:30:00,164202.6176021884,164207.61223748224
2023-07-10 19:30:00,164212.59626973793,164207.64272710812
2023-07-10 23:30:00,164205.0458397834,164207.61211788593
2023-07-11 03:30:00,164206.46215799873,164207.6200260121
2023-07-11 07:30:00,164208.4446508442,164207.6247504186
2023-07-11 11:30:00,164212.9071052148,164207.64226534098
2023-07-11 15:30:00,164206.76267008405,164207.66483765052
2023-07-11 19:30:00,164207.2852667557,164207.71112273398
2023-07-11 23:30:00,164206.7313277273,164207.70483212083
2023-07-12 03:30:00,164202.19707035238,164207.6944682545
2023-07-12 07:30:00,164199.89255559162,164207.68207357576
2023-07-12 11:30:00,164208.90746198365,164207.66600356327
2023-07-12 15:30:00,164208.29781089586,164207.65406866383
2023-07-12 19:30:00,164208.06102350084,164207.66123868164
2023-07-12 23:30:00,164212.8934806663,164207.6782541941
2023-07-13 03:30:00,164209.90905895623,164207.6882174633
2023-07-13 07:30:00,164204.54837247936,164207.65960985448
2023-07-13 11:30:00,164199.7425632066,164207.56873920868
2023-07-13 15:30:00,164208.16461203783,164207.54247603638
2023-07-13 19:30:00,164206.9843485974,164207.54216753718
2023-07-13 23:30:00,164206.68515840196,164207.52840350656
2023-07-14 03:30:00,164213.92284389993,164207.54248036732
2023-07-14 07:30:00,164199.18416724663,164207.57348918443
2023-07-14 11:30:00,164202.34070773932,164207.57579614097
2023-07-14 15:30:00,164213.35663523295,164207.59293849234
2023-07-14 19:30:00,164208.231153956,164207.61828116898
2023-07-14 23:30:00,164207.1590738104,164207.61852408425
2023-07-15 03:30:00,164206.95812548825,164207.62620426653
2023-07-15 07:30:00,164202.9834125594,164207.6528205463
2023-07-15 11:30:00,164198.5602643053,164207.64202296312
2023-07-15 15:30:00,164208.8284192636,164207.66799876842
2023-07-15 19:30:00,164208.7492248897,164207.71736847993
2023-07-15 23:30:00,164208.8974705303,164207.7839264764
2023-07-16 03:30:00,164214.18940418935,164207.8657998515
2023-07-16 07:30:00,164207.31467832343,164207.8978318395
2023-07-16 11:30:00,164201.25938440676,164207.88912685798
2023-07-16 15:30:00,164205.02832691045,164207.9037309901
2023-07-16 19:30:00,164206.50246114505,164207.9560969646
2023-07-16 23:30:00,164212.32954150796,164208.04115168029
2023-07-17 03:30:00,164217.02768290654,164208.13902302377
2023-07-17 07:30:00,164207.4218155376,164208.19662739025
2023-07-17 11:30:00,164201.1740752956,164208.23341383802
2023-07-17 15:30:00,164196.46520237398,164208.1767821493
2023-07-17 19:30:00,164200.6790166157,164208.1624619598
2023-07-17 23:30:00,164208.840810287,164208.21810523374
2023-07-18 03:30:00,164216.21413592863,164208.29773630277
2023-07-18 07:30:00,164208.4994552711,164208.36117640228
2023-07-18 11:30:00,164210.08621022754,164208.39870223455
2023-07-18 15:30:00,164215.6838795521,164208.42682606468
2023-07-18 19:30:00,164201.37468348962,164208.34196804592
2023-07-18 23:30:00,164208.88512093597,164208.32265597986
2023-07-19 03:30:00,164214.32886689703,164208.2783388826
2023-07-19 07:30:00,164211.84023235817,164208.26579785458
2023-07-19 11:30:00,164200.57657000038,164208.25197671604
2023-07-19 15:30:00,164201.2786651791,164208.12245456636
2023-07-19 19:30:00,164202.7573312553,164208.05459298848
2023-07-19 23:30:00,164202.17620380435,164208.00570782702
2023-07-20 03:30:00,164217.227502987,164208.04033235874
2023-07-20 07:30:00,164210.05106488528,164208.01932296692
2023-07-20 11:30:00,164201.0231919753,164207.9187936407
2023-07-20 15:30:00,164210.31624850447,164207.84922081945
2023-07-20 19:30:00,164206.2216197682,164207.7609124034
2023-07-20 23:30:00,164203.5389421363,164207.70912368406
2023-07-21 03:30:00,164216.1494429539,164207.7429335367
2023-07-21 07:30:00,164212.43103713985,164207.74858999127
2023-07-21 11:30:00,164203.17621486215,164207.6899515974
2023-07-21 19:30:00,164204.4091592148,164207.58518321943
2023-07-21 23:30:00,164200.66911546228,164207.55792006693
2023-07-22 03:30:00,164210.23953177276,164207.59771623064
2023-07-22 07:30:00,164213.1070591345,164207.64373036232
2023-07-22 11:30:00,164205.41438698056,164207.73872308637
2023-07-22 15:30:00,164205.06547210287,164207.77384211204
2023-07-22 19:30:00,164209.0260235146,164207.76345656754
2023-07-22 23:30:00,164203.2648187208,164207.78318815603
2023-07-23 03:30:00,164202.63606745593,164207.7031305375
2023-07-23 07:30:00,164213.07771532715,164207.70091374847
2023-07-23 11:30:00,164211.86491895982,164207.72940654552
2023-07-23 15:30:00,164217.44813609443,164207.7830480824
2023-07-23 19:30:00,164221.10354227532,164207.84544190124
2023-07-23 23:30:00,164213.93040036183,164207.89727570437
2023-07-24 03:30:00,164210.92039171967,164207.94340965987
2023-07-24 07:30:00,164215.18021548356,164207.969995728
2023-07-24 11:30:00,164211.73257515457,164207.99675690755
2023-07-24 15:30:00,164206.1080243949,164207.93450388077
2023-07-24 19:30:00,164209.95859452902,164207.9128523264
2023-07-24 23:30:00,164208.94451899052,164207.91311526328
2023-07-25 03:30:00,164205.51004804097,164207.88366352807
2023-07-25 07:30:00,164208.17517785268,164207.8534602009
2023-07-25 11:30:00,164205.54767273998,164207.84876769697
2023-07-25 15:30:00,164203.23516537467,164207.8264033983
2023-07-25 19:30:00,164208.92252364714,164207.81935492024
2023-07-26 03:30:00,164213.095615492,164207.8566570586
2023-07-26 07:30:00,164216.1862302222,164207.9000516819
2023-07-26 11:30:00,164213.44956923553,164207.91321233992
2023-07-26 15:30:00,164211.15258609297,164207.96224099144
2023-07-26 19:30:00,164203.2675839063,164207.9350755915
2023-07-26 23:30:00,164206.72964589339,164207.92356735806
2023-07-27 03:30:00,164206.9394089262,164207.93303806323
2023-07-27 07:30:00,164210.81518404064,164207.96342261691
2023-07-27 11:30:00,164209.84265072417,164207.97727119605
2023-07-27 15:30:00,164203.7315158161,164207.95302099583
2023-07-27 19:30:00,164206.67047598408,164207.94595495684
2023-07-27 23:30:00,164210.3317491387,164207.9381245945
2023-07-28 03:30:00,164203.43123614925,164207.90118007894
2023-07-28 07:30:00,164202.39008737064,164207.86274468686
2023-07-28 11:30:00,164205.7297651568,164207.84559694122
2023-07-28 15:30:00,164211.51917235885,164207.85375005973
2023-07-28 19:30:00,164207.091836058,164207.835319509
2023-07-28 23:30:00,164204.98561913826,164207.78447937017
2023-07-29 03:30:00,164206.86690708867,164207.78631500306
2023-07-29 07:30:00,164200.95443162747,164207.7683469991
2023-07-29 11:30:00,164209.03913555466,164207.75151799704
2023-07-29 15:30:00,164210.28054250285,164207.7519024427
2023-07-29 19:30:00,164206.8260320157,164207.7447156885
2023-07-29 23:30:00,164204.18350347108,164207.69451664027
2023-07-30 03:30:00,164208.71839361876,164207.71026254885
2023-07-30 07:30:00,164210.25053781312,164207.73453300644
2023-07-30 11:30:00,164201.73755844083,164207.6733569629
2023-07-30 15:30:00,164212.15576083437,164207.7245295091
2023-07-30 19:30:00,164207.3661692433,164207.74480365886
2023-07-30 23:30:00,164206.18272079778,164207.74563122884
2023-07-31 03:30:00,164214.81791885686,164207.7676619525
2023-07-31 07:30:00,164204.2669981563,164207.76993551978
2023-07-31 11:30:00,164193.32763014073,164207.72123814438
2023-07-31 15:30:00,164210.07994212917,164207.72293943385
2023-07-31 19:30:00,164208.21107436143,164207.7501494252
2023-07-31 23:30:00,164211.92761774285,164207.7912733933
2023-08-01 03:30:00,164211.5700851167,164207.79341582296
2023-08-01 07:30:00,164202.89814400426,164207.76705099386
2023-08-01 11:30:00,164202.67359586112,164207.7122383248
2023-08-01 15:30:00,164212.11090170924,164207.71783035135
2023-08-01 19:30:00,164209.7273968655,164207.72682535567
2023-08-01 23:30:00,164208.19295372456,164207.74941256133
2023-08-02 03:30:00,164212.3402164122,164207.78512154374
2023-08-02 07:30:00,164205.3913858983,164207.76990740173
2023-08-02 11:30:00,164193.90158910604,164207.65613614934
2023-08-02 15:30:00,164204.39415481908,164207.5831222022
2023-08-02 19:30:00,164206.05970205698,164207.56163661525
2023-08-02 23:30:00,164205.99465216984,164207.57224321394
2023-08-03 03:30:00,164220.24620470928,164207.63975112242
2023-08-03 07:30:00,164212.6631060595,164207.6662882996
2023-08-03 11:30:00,164209.99152976752,164207.71969893563
2023-08-03 15:30:00,164214.6873247548,164207.76628976586
2023-08-03 19:30:00,164206.69382721995,164207.75853233997
2023-08-03 23:30:00,164205.17953989646,164207.77890913296
2023-08-04 03:30:00,164210.10754257152,164207.78586627502
2023-08-04 07:30:00,164210.69733975062,164207.82818650614
2023-08-04 11:30:00,164198.04391649395,164207.8365327817
2023-08-04 15:30:00,164209.62500533756,164207.83015114913
2023-08-04 19:30:00,164207.570056563,164207.83960196457
2023-08-04 23:30:00,164205.16452425523,164207.826235429
2023-08-05 03:30:00,164208.84634426367,164207.8625651826
2023-08-05 07:30:00,164216.52052944488,164207.90009501847
2023-08-05 11:30:00,164201.53421724276,164207.89724275118
2023-08-05 15:30:00,164212.28570875808,164207.94144378454
2023-08-05 19:30:00,164208.35813536058,164207.9461875421
2023-08-05 23:30:00,164204.54554169066,164207.9673013873
2023-08-06 03:30:00,164212.782663704,164208.01462461145
2023-08-06 07:30:00,164212.2460996819,164207.9897304477
2023-08-06 11:30:00,164212.34759085168,164207.99424933296
2023-08-06 15:30:00,164216.43388556447,164208.01613056642
2023-08-06 19:30:00,164210.75359120464,164207.97681704033
2023-08-06 23:30:00,164206.7461517302,164208.0033266059
2023-08-07 03:30:00,164208.41760402702,164208.00729241225
2023-08-07 07:30:00,164208.83916969094,164208.0173535045
2023-08-07 11:30:00,164207.6952030967,164208.0094209999
2023-08-07 15:30:00,164204.64669147783,164207.95631365082
2023-08-07 19:30:00,164207.44136688643,164207.94141661283
2023-08-07 23:30:00,164204.3166835364,164207.93126912948
2023-08-08 03:30:00,164203.78430145435,164207.9123486064
2023-08-08 07:30:00,164201.83149930756,164207.85191550571
2023-08-08 11:30:00,164209.03789373304,164207.86708343623
2023-08-08 15:30:00,164205.40459437593,164207.8489064356
2023-08-08 19:30:00,164206.09895288886,164207.82498092428
2023-08-08 23:30:00,164210.78583277192,164207.83679765117
2023-08-09 03:30:00,164203.14110834597,164207.81834886642
2023-08-09 07:30:00,164198.11871769032,164207.7284229513
2023-08-09 11:30:00,164211.06972986096,164207.732446577
2023-08-09 15:30:00,164197.16049126457,164207.70178865048
2023-08-09 19:30:00,164206.39233691973,164207.6669350953
2023-08-09 23:30:00,164207.34501054508,164207.67985178498
2023-08-10 03:30:00,164206.73374999277,164207.68137758272
2023-08-10 07:30:00,164211.49995150813,164207.6985421932
2023-08-10 11:30:00,164211.94783933315,164207.69315305902
2023-08-10 15:30:00,164205.38481159828,164207.685412281
2023-08-10 19:30:00,164205.27727913382,164207.67413145167
2023-08-10 23:30:00,164210.73915097804,164207.6966473126
2023-08-11 03:30:00,164215.05186221417,164207.76886524443
2023-08-11 07:30:00,164211.92051794997,164207.83643806668
2023-08-11 11:30:00,164212.09074561467,164207.85432168256
2023-08-11 15:30:00,164204.86141889304,164207.83501610954
2023-08-11 19:30:00,164206.51063321895,164207.82630605178
2023-08-11 23:30:00,164204.58154289325,164207.77960977214
2023-08-12 03:30:00,164205.46790091775,164207.75465944607
2023-08-12 07:30:00,164202.43440497023,164207.74278322412
2023-08-12 11:30:00,164204.58671834075,164207.7699975788
2023-08-12 15:30:00,164206.6868832631,164207.76169573175
2023-08-12 19:30:00,164200.20729518,164207.72362239796
2023-08-12 23:30:00,164202.15074113285,164207.69814814362
2023-08-13 03:30:00,164214.70190357685,164207.7025248834
2023-08-13 07:30:00,164212.43074080333,164207.77694383595
2023-08-13 11:30:00,164210.03048811466,164207.8201448493
2023-08-13 15:30:00,164205.75572045674,164207.77744308088
2023-08-13 19:30:00,164202.69800776563,164207.74635798993
2023-08-13 23:30:00,164200.22722280756,164207.7074150068
2023-08-14 03:30:00,164204.2195848033,164207.69202994675
2023-08-14 07:30:00,164209.057725018,164207.72615529763
2023-08-14 11:30:00,164207.30771332176,164207.77529826964
2023-08-14 15:30:00,164212.9445120487,164207.79842238638
2023-08-14 19:30:00,164208.29136163986,164207.79585012095
2023-08-14 23:30:00,164203.63952418667,164207.76631109655
2023-08-15 03:30:00,164208.38815215678,164207.733719793
2023-08-15 07:30:00,164209.59636243267,164207.74653824305
2023-08-15 11:30:00,164217.12416752323,164207.8356662381
2023-08-15 15:30:00,164214.97222144017,164207.89153081411
2023-08-15 19:30:00,164206.6338975572,164207.8922692209
2023-08-15 23:30:00,164201.37077024524,164207.83070309024
2023-08-16 03:30:00,164206.4499643526,164207.7712777051
2023-08-16 07:30:00,164210.3062900416,164207.78748261803
2023-08-16 11:30:00,164216.31649711347,164207.87255240354
2023-08-16 15:30:00,164212.93608785316,164207.96508546802
2023-08-16 19:30:00,164208.67104758203,164208.0099845184
2023-08-16 23:30:00,164207.6858225453,164208.0034958232
2023-08-17 03:30:00,164211.89482019405,164207.97923000448
2023-08-17 07:30:00,164208.28014433396,164207.97799792056
2023-08-17 11:30:00,164206.1103904669,164207.95566185447
2023-08-17 15:30:00,164206.15900408325,164207.90215131815
2023-08-17 19:30:00,164205.19605457567,164207.92361969504
2023-08-17 23:30:00,164205.05072283608,164207.90207813267
2023-08-18 03:30:00,164204.03981500224,164207.84427447035
2023-08-18 07:30:00,164209.9128547342,164207.83344650615
2023-08-18 11:30:00,164208.09854542796,164207.8757047951
2023-08-18 15:30:00,164216.02215181582,164207.95853337168
2023-08-18 19:30:00,164209.70191223788,164207.99754787158
2023-08-18 23:30:00,164205.82550576897,164208.01804956805
2023-08-19 03:30:00,164211.5083737699,164207.9859196286
2023-08-19 07:30:00,164213.8372411636,164208.00719028187
2023-08-19 11:30:00,164214.72810598716,164208.0841841808
2023-08-19 15:30:00,164218.10114367958,164208.12791954694
2023-08-19 19:30:00,164214.54414262247,164208.1746752933
2023-08-19 23:30:00,164210.70883121074,164208.214955569
2023-08-20 03:30:00,164215.1772459547,164208.20949378813
2023-08-20 07:30:00,164211.9298901145,164208.2066783554
2023-08-20 11:30:00,164209.68042395927,164208.24321885596
2023-08-20 15:30:00,164212.3715871519,164208.26628236598
2023-08-20 19:30:00,164213.50725512492,164208.31710971743
2023-08-20 23:30:00,164206.63024140487,164208.350412097
2023-08-21 03:30:00,164210.0421471571,164208.34930938965
2023-08-21 07:30:00,164213.7816925347,164208.35307829134
2023-08-21 11:30:00,164205.98084791272,164208.35624287755
2023-08-21 15:30:00,164211.95690639538,164208.39474251046
2023-08-21 19:30:00,164213.46716959178,164208.4195533824
2023-08-21 23:30:00,164205.62451178307,164208.4327360252
2023-08-22 03:30:00,164207.83703257504,164208.46179169626
2023-08-22 07:30:00,164209.54571388825,164208.44205984464
2023-08-22 11:30:00,164205.23186840554,164208.4050036963
2023-08-22 15:30:00,164208.63646386674,164208.35577647714
2023-08-22 19:30:00,164207.0589397377,164208.27731501046
2023-08-22 23:30:00,164205.24143450664,164208.22877330176
2023-08-23 03:30:00,164208.65063927195,164208.21609312049
2023-08-23 07:30:00,164206.415188181,164208.16712648753
2023-08-23 11:30:00,164205.8149257572,164208.13406699366
2023-08-23 15:30:00,164210.54388611115,164208.15884834406
2023-08-23 19:30:00,164211.33397161937,164208.16653201493
2023-08-23 23:30:00,164217.54719950887,164208.21459168266
2023-08-24 03:30:00,164216.69109882868,164208.27705565354
2023-08-24 07:30:00,164208.16560630698,164208.27700218122
2023-08-24 11:30:00,164207.49905641875,164208.287903766
2023-08-24 15:30:00,164210.26933055828,164208.3272007782
2023-08-24 19:30:00,164211.21526823394,164208.3400094072
2023-08-24 23:30:00,164213.89890641143,164208.3708921683
2023-08-25 03:30:00,164209.85701562063,164208.3528999468
2023-08-25 07:30:00,164204.90947701666,164208.2902513179
2023-08-25 11:30:00,164209.69287370908,164208.26938078718
2023-08-25 15:30:00,164211.81321843652,164208.27305096688
2023-08-25 19:30:00,164213.02914913118,164208.3272818848
2023-08-25 23:30:00,164213.80516154715,164208.3665903051
2023-08-26 03:30:00,164209.4417776828,164208.38049235372
2023-08-26 07:30:00,164211.23459372274,164208.38282240753
2023-08-26 11:30:00,164203.42752964713,164208.347182846
2023-08-26 15:30:00,164207.35475860815,164208.3673119726
2023-08-26 19:30:00,164208.66719253093,164208.3784048423
2023-08-26 23:30:00,164212.31664145863,164208.38943202188
2023-08-27 03:30:00,164210.14816888052,164208.4267483148
2023-08-27 07:30:00,164184.16236369353,164208.32548318326
2023-08-27 11:30:00,164193.69995925602,164208.25865092827
2023-08-27 15:30:00,164207.924981019,164208.2386831986
2023-08-27 19:30:00,164210.9988041667,164208.26038857698
2023-08-27 23:30:00,164220.16648299724,164208.34472670953
2023-08-28 03:30:00,164214.17517456386,164208.38532819552
2023-08-28 07:30:00,164208.88077981683,164208.42936346325
2023-08-28 11:30:00,164202.2895685941,164208.391865869
2023-08-28 15:30:00,164207.6638759762,164208.37732883275
2023-08-28 19:30:00,164204.77836735372,164208.36595291796
2023-08-28 23:30:00,164210.93763158537,164208.40347585193
2023-08-29 03:30:00,164214.64374912978,164208.43639449365
2023-08-29 07:30:00,164207.72882074714,164208.42238495438
2023-08-29 11:30:00,164208.69629018233,164208.4610445752
2023-08-29 15:30:00,164208.31365826682,164208.43969956093
2023-08-29 19:30:00,164205.26896452147,164208.42804842358
2023-08-29 23:30:00,164206.73330986642,164208.43110725173
2023-08-30 03:30:00,164213.0626871928,164208.4213559647
2023-08-30 07:30:00,164202.3951823797,164208.4109569882
2023-08-30 11:30:00,164199.4378178465,164208.44490247543
2023-08-30 15:30:00,164203.19790905784,164208.40666895837
2023-08-30 19:30:00,164202.6840056044,164208.3759630208
2023-08-30 23:30:00,164204.497018759,164208.33468191538
2023-08-31 03:30:00,164216.65204414754,164208.3629150211
2023-08-31 07:30:00,164208.6882664061,164208.39508236776
2023-08-31 11:30:00,164199.46466997973,164208.37725500175
2023-08-31 15:30:00,164207.2130680429,164208.35004481472
2023-08-31 19:30:00,164196.2808201329,164208.27534161066
2023-08-31 23:30:00,164201.91939795026,164208.240488523
2023-09-01 03:30:00,164209.2837587579,164208.22350820273
2023-09-01 07:30:00,164210.70071440673,164208.2530044722
2023-09-01 11:30:00,164214.19162792826,164208.36572691012
2023-09-01 15:30:00,164219.8695232971,164208.45170117944
2023-09-01 19:30:00,164210.31321149567,164208.47533178743
2023-09-01 23:30:00,164206.3501248551,164208.47730663567
2023-09-02 03:30:00,164211.73791744863,164208.4300383731
2023-09-02 07:30:00,164212.32861777232,164208.42818010485
2023-09-02 11:30:00,164212.17684106616,164208.44032072317
2023-09-02 15:30:00,164213.08165955375,164208.43140036095
2023-09-02 19:30:00,164206.33757580785,164208.42942118645
2023-09-02 23:30:00,164201.0314992884,164208.40637651642
2023-09-03 03:30:00,164207.71880335512,164208.393105743
2023-09-03 07:30:00,164206.60582585123,164208.37037511021
2023-09-03 07:30:00,164206.60582585123,164208.36062621925
2023-09-03 11:30:00,164200.12100405426,164208.37210184115
2023-09-03 11:30:05,164200.12118665111,164208.3267671423
2023-09-03 15:30:00,164207.55486982423,164208.31539277136
2023-09-03 19:30:00,164206.07337294816,164208.30716923502
2023-09-03 23:30:00,164203.48679715008,164208.2979509542
2023-09-04 03:30:00,164206.22873095653,164208.2835684635
2023-09-04 07:30:00,164205.64720885106,164208.22382494377
2023-09-04 11:30:00,164204.31388087774,164208.2390978209
2023-09-04 15:30:05,164206.1393985762,164208.2053268858
2023-09-04 19:30:05,164207.4999334064,164208.20061149044
2023-09-04 23:30:06,164215.94092116095,164208.26322346556
2023-09-05 03:30:05,164212.77800600335,164208.26319787378
2023-09-05 07:30:05,164207.07702833245,164208.23479638287
2023-09-05 11:30:05,164206.29194880926,164208.2015236244
2023-09-05 15:30:05,164207.9670893271,164208.15500276594
2023-09-05 19:30:06,164208.88039585957,164208.14471048382
2023-09-05 23:30:05,164207.65277031387,164208.14969190463
2023-09-06 03:30:00,164211.98271176714,164208.16928040868
2023-09-06 07:30:00,164208.0984128622,164208.16521031622
2023-09-06 11:30:00,164210.7866920015,164208.182196519
2023-09-06 15:30:00,164210.6490898229,164208.2151767297
2023-09-06 19:30:00,164208.80484521182,164208.22266836884
2023-09-06 23:30:00,164206.04851459456,164208.2321839241
2023-09-07 03:30:00,164207.03075258018,164208.25002156766
2023-09-07 07:30:00,164214.98202114913,164208.32227718216
2023-09-07 11:30:00,164210.30786031237,164208.3292550205
2023-09-07 15:30:00,164209.34751657204,164208.3509194282
2023-09-07 19:30:00,164210.27013796777,164208.37383802753
2023-09-07 23:30:00,164208.23327761694,164208.35981299917
2023-09-08 03:30:00,164208.9648131798,164208.3918113774
2023-09-08 07:30:00,164212.06197136166,164208.46842266133
2023-09-08 11:30:00,164212.1999025215,164208.4746324012
2023-09-08 15:30:00,164211.42288768652,164208.5529972167
2023-09-08 19:30:00,164207.66640484572,164208.55999758994
2023-09-08 23:30:00,164209.2955026422,164208.57071457946
2023-09-09 03:30:00,164203.91787658492,164208.55524274756
2023-09-09 07:30:00,164210.9845741579,164208.55241100388
2023-09-09 11:30:00,164206.00493827325,164208.51975770135
2023-09-09 15:30:00,164206.36898953398,164208.52516527244
2023-09-09 19:30:00,164210.58618737315,164208.55433509793
2023-09-09 23:30:00,164209.84421227564,164208.54941785228
2023-09-10 03:30:00,164205.48427112872,164208.49684867053
2023-09-10 07:30:00,164205.5870497776,164208.46204939485
2023-09-10 11:30:00,164208.4963717018,164208.44230008763
2023-09-10 15:30:00,164209.95605491078,164208.4702925932
2023-09-10 19:30:00,164208.79780836363,164208.4828594896
2023-09-10 23:30:00,164209.8670699909,164208.5119008473
2023-09-11 03:30:00,164208.9154106017,164208.5308432082
2023-09-11 07:30:00,164203.33506538835,164208.5357918918
2023-09-11 11:30:00,164212.68083926465,164208.5802650837
2023-09-11 15:30:00,164214.05388231706,164208.62074310047
2023-09-11 19:30:00,164208.7399602019,164208.66762587533
2023-09-11 23:30:00,164208.7090726922,164208.70366066412
2023-09-12 03:30:00,164201.93855968933,164208.633532401
2023-09-12 07:30:00,164208.92736883846,164208.61428310449
2023-09-12 11:30:00,164208.79810354937,164208.6075117607
2023-09-12 15:30:00,164211.4380287336,164208.63873323478
2023-09-12 19:30:00,164209.9808311815,164208.67874874806
2023-09-12 23:30:00,164210.475050856,164208.73505549558
2023-09-13 03:30:00,164212.0823258398,164208.77825736938
2023-09-13 07:30:00,164211.01379032194,164208.78900498096
2023-09-13 11:30:05,164211.01659881344,164208.80938347266
2023-09-13 15:30:06,164214.08742819796,164208.81566323174
2023-09-13 19:30:00,164212.66284891247,164208.83968239257
2023-09-13 23:30:05,164207.98438387664,164208.863555248
2023-09-14 03:30:05,164203.29150078303,164208.83555166904
2023-09-14 07:30:05,164205.98533776146,164208.81571087413
2023-09-14 11:30:00,164210.01837252686,164208.77666804448
2023-09-14 15:30:00,164208.29131398862,164208.7399597618
2023-09-14 19:30:00,164206.00796393811,164208.73652056608
2023-09-14 23:30:00,164206.5287022983,164208.76486085207
2023-09-15 03:30:00,164213.3293329426,164208.8026595806
2023-09-15 07:30:00,164206.08046509072,164208.77944076215
2023-09-15 11:30:00,164206.45567153464,164208.72526040187
2023-09-15 15:30:00,164209.23881988056,164208.70494574268
2023-09-15 19:30:00,164208.09114008,164208.7017594377
2023-09-15 23:30:00,164203.0805170715,164208.67645556148
2023-09-16 03:30:00,164209.4723155899,164208.66314509662
2023-09-16 07:30:00,164209.96461110938,164208.67240040857
2023-09-16 11:30:00,164207.69512499444,164208.68110774117
2023-09-16 15:30:06,164212.45266481285,164208.7156882946
2023-09-16 19:30:05,164211.84861784152,164208.75224084003
2023-09-16 23:30:06,164208.56586669508,164208.77155481727
2023-09-17 03:30:05,164213.74098777567,164208.82485796438
2023-09-17 07:30:05,164211.6273049127,164208.83427802028
2023-09-17 11:30:05,164208.44644257583,164208.8361895431
2023-09-17 15:30:00,164209.68557151008,164208.8013731678
2023-09-17 19:30:00,164208.0121909813,164208.79208898506
2023-09-17 23:30:00,164206.83708123813,164208.79764709203
2023-09-18 03:30:00,164206.33885709196,164208.76924315424
2023-09-18 07:30:00,164206.2714865513,164208.72767307394
2023-09-18 11:30:00,164207.07566356927,164208.68562668705
2023-09-18 15:30:00,164204.0657182127,164208.60850896468
2023-09-18 19:30:00,164204.86661956913,164208.5553357611
2023-09-18 23:30:00,164206.50823017076,164208.5322555356
2023-09-19 03:30:00,164208.57580036172,164208.49598385653
2023-09-19 07:30:00,164210.62874977416,164208.48883473378
2023-09-19 11:30:00,164206.24270853447,164208.46994618748
2023-09-19 15:30:00,164211.94029355244,164208.46757644246
2023-09-19 19:30:00,164212.85395556776,164208.46398688442
2023-09-19 23:30:00,164210.54674560382,164208.48550613827
2023-09-20 03:30:00,164212.3093350237,164208.49796321447
2023-09-20 07:30:00,164211.14935758084,164208.4834998356
2023-09-20 11:30:00,164205.74228798848,164208.4821890668
2023-09-20 15:30:00,164207.53073118112,164208.45786942274
2023-09-20 19:30:00,164207.42652763534,164208.42467908232
2023-09-20 23:30:00,164201.22133500065,164208.40048580331
2023-09-21 03:30:00,164207.61525236117,164208.3992672307
2023-09-21 07:30:00,164211.32625016288,164208.40905039705
2023-09-21 11:30:00,164208.68826233567,164208.42804157248
2023-09-21 15:30:00,164207.19096270972,164208.42009925845
2023-09-21 19:30:00,164202.3978821546,164208.39448905195
2023-09-21 23:30:00,164203.6386368187,164208.3856824712
2023-09-22 03:30:00,164207.03267196458,164208.37679254098
2023-09-22 07:30:00,164207.74413509233,164208.38409444707
2023-09-22 11:30:00,164208.46679650043,164208.39866516544
2023-09-22 15:30:00,164207.7752225949,164208.38345272857
2023-09-22 19:30:00,164207.36495540978,164208.36164494717
2023-09-22 23:30:00,164198.27923244305,164208.25577699626
2023-09-23 03:30:00,164208.53555969495,164208.2109663417
2023-09-23 07:30:00,164208.51334206222,164208.2128769777
2023-09-23 11:30:00,164209.6518098347,164208.2247052932
2023-09-23 15:30:00,164209.00841213114,164208.21777716995
2023-09-23 19:30:00,164209.67787198778,164208.20932993782
2023-09-23 23:30:00,164207.8737572391,164208.17622472259
2023-09-24 03:30:00,164198.58769548425,164208.11430538117
2023-09-24 07:30:00,164211.5754428409,164208.15093156704
2023-09-24 11:30:00,164209.54125548818,164208.15009849987
2023-09-24 15:30:00,164207.13867726302,164208.12441420773
2023-09-24 19:30:00,164208.10828001157,164208.0973764653
2023-09-24 23:30:00,164210.22213769497,164208.07768952104
2023-09-25 03:30:00,164207.0217689533,164208.0643927698
2023-09-25 07:30:00,164205.27507686324,164208.0316481717
2023-09-25 11:30:00,164208.14650841785,164208.05757662645
2023-09-25 15:30:00,164212.09890965946,164208.08364339048
2023-09-25 19:30:00,164210.10965463257,164208.0915690064
2023-09-25 23:30:00,164209.6822925248,164208.0770945617
2023-09-26 03:30:00,164202.13147995312,164208.03304682038
2023-09-26 07:30:00,164204.47529044392,164208.14465630802
2023-09-26 11:30:00,164212.13812621683,164208.2459649177
2023-09-26 15:30:00,164211.1053738357,164208.26343960347
2023-09-26 19:30:00,164208.59848623557,164208.2502510434
2023-09-26 23:30:00,164200.62924238355,164208.14290356752
2023-09-27 03:30:00,164203.68936999154,164208.08528925668
2023-09-27 07:30:00,164198.22701559114,164208.0267520906
2023-09-27 11:30:00,164205.6091513387,164208.04499155623
2023-09-27 15:30:00,164207.51671601573,164208.04418298503
2023-09-27 19:30:00,164214.36977904447,164208.09688304926
2023-09-27 23:30:00,164214.1476652932,164208.1145205971
2023-09-28 03:30:00,164206.6751252956,164208.07073694968
2023-09-28 07:30:00,164214.69576972144,164208.1090168891
2023-09-28 11:30:00,164216.94747741419,164208.15435308267
2023-09-28 15:30:00,164203.78944472404,164208.1294947665
2023-09-28 19:30:00,164197.20815789062,164208.08520462018
2023-09-28 23:30:00,164201.04031192575,164208.0539244117
2023-09-29 03:30:00,164198.69516163718,164207.9749819636
2023-09-29 07:30:00,164190.3931790941,164207.9090368906
2023-09-29 11:30:00,164206.04725037504,164207.94535245394
2023-09-29 15:30:00,164206.25408373497,164207.96214462252
2023-09-29 19:30:00,164205.89185837677,164207.9797701872
2023-09-29 23:30:00,164203.55894346672,164207.97461592735
2023-09-30 03:30:00,164209.49342761695,164207.93528286947
2023-09-30 07:30:00,164210.07348685805,164207.94289397087
2023-09-30 11:30:00,164204.92013230862,164207.9728690386
2023-09-30 15:30:00,164207.99096151942,164207.9771431786
2023-09-30 19:30:00,164205.03742156184,164208.02525637325
2023-09-30 23:30:00,164203.25092181575,164208.03257243845
2023-10-01 03:30:00,164205.7118876211,164208.01294677288
2023-10-01 07:30:00,164206.85687562515,164207.99182677956
2023-10-01 11:30:00,164209.40237876165,164207.96551222372
2023-10-01 15:30:00,164209.7823234154,164207.91008804852
2023-10-01 19:30:00,164211.1032765969,164207.91442906557
2023-10-01 23:30:00,164202.70172033834,164207.8943828869
2023-10-02 03:30:00,164207.2976645549,164207.869985893
2023-10-02 07:30:00,164208.97311961508,164207.85154908992
2023-10-02 11:30:00,164208.11104996456,164207.82920957837
2023-10-02 15:30:00,164208.6983642887,164207.80512553843
2023-10-02 19:30:00,164209.00344112725,164207.81977315008
2023-10-02 23:30:00,164207.53506533083,164207.85550702945
2023-10-03 03:30:00,164209.8215144324,164207.867060387
2023-10-03 07:30:00,164213.89538770216,164207.91430235602
2023-10-03 11:30:00,164207.76010274663,164207.95650732113
2023-10-03 15:30:00,164208.78767446996,164208.00688579513
2023-10-03 19:30:00,164200.8599753676,164207.97792247523
2023-10-03 23:30:00,164193.66547325434,164207.92335956468
2023-10-04 03:30:00,164204.52414424182,164207.91388963853
2023-10-04 07:30:00,164211.48010922095,164207.9462946406
2023-10-04 11:30:00,164213.5102339239,164207.99738549083
2023-10-04 15:30:00,164210.15654800797,164208.0093145655
2023-10-04 19:30:00,164211.75342403442,164208.04033128076
2023-10-04 23:30:00,164213.275801723,164208.07224215544
2023-10-05 03:30:00,164207.72320742338,164208.02684042207
2023-10-05 07:30:00,164216.8480860219,164208.04932705202
2023-10-05 11:30:00,164211.1450027099,164208.07180204857
2023-10-05 15:30:00,164211.21081603118,164208.09897811056
2023-10-05 19:30:00,164212.42253478707,164208.12359383135
2023-10-05 23:30:00,164211.69711413677,164208.13915581076
2023-10-06 03:30:00,164205.72678720538,164208.10710281596
2023-10-06 07:30:00,164205.42907958216,164208.09227318663
2023-10-06 11:30:00,164199.81728997093,164208.03133206425
2023-10-06 15:30:00,164202.5628724924,164207.9864086346
2023-10-06 19:30:00,164202.60602478735,164207.9519707434
2023-10-06 23:30:00,164203.20784540754,164207.9361892479
2023-10-07 03:30:00,164205.5357111479,164207.92788346217
2023-10-07 07:30:00,164204.71253575262,164207.87083076552
2023-10-07 11:30:00,164215.12994537235,164207.89762012695
2023-10-07 15:30:00,164212.91526183387,164207.91744093396
2023-10-07 19:30:00,164206.17648288322,164207.89469840573
2023-10-07 23:30:00,164204.50789757946,164207.87400184997
2023-10-08 03:30:00,164200.3686034738,164207.82624512937
2023-10-08 07:30:00,164207.34788434708,164207.80005575705
2023-10-08 11:30:00,164205.7507233164,164207.7642269837
2023-10-08 15:30:00,164198.98519313172,164207.6951286806
2023-10-08 19:30:00,164198.46547598238,164207.64401240915
2023-10-08 23:30:00,164210.9734854046,164207.65333453563
2023-10-09 03:30:00,164209.22924445814,164207.6828421349
2023-10-09 07:30:00,164204.35308356225,164207.6460005205
2023-10-09 11:30:00,164208.07721724128,164207.65751318142
2023-10-09 15:30:00,164210.12087847546,164207.67835700887
2023-10-09 19:30:00,164210.43919998928,164207.6775404123
2023-10-09 23:30:00,164208.71025284892,164207.6712406377
2023-10-10 03:30:00,164202.81456016153,164207.65640891012
2023-10-10 07:30:00,164208.54127861522,164207.67282129254
2023-10-10 11:30:00,164211.01910267828,164207.68683646462
2023-10-10 15:30:00,164208.39852565766,164207.67818352435
2023-10-10 19:30:00,164211.29662176216,164207.692065821
2023-10-10 23:30:00,164211.84278780752,164207.7030420311
2023-10-11 03:30:00,164209.26959571432,164207.70500972617
2023-10-11 07:30:00,164211.61974123222,164207.75103570308
2023-10-11 11:30:00,164213.24661004185,164207.75417887405
2023-10-11 15:30:00,164211.03608865818,164207.73741335372
2023-10-11 19:30:00,164206.80866156396,164207.72668391684
2023-10-11 23:30:00,164202.40911772515,164207.69168416702
2023-10-12 03:30:00,164212.04459497365,164207.7478288075
2023-10-12 07:30:00,164223.56541857103,164207.829151306
2023-10-12 11:30:00,164221.96847443457,164207.90232003317
2023-10-12 15:30:00,164215.2892675315,164207.92371580424
2023-10-12 19:30:00,164218.64707064812,164207.97186157905
2023-10-12 23:30:00,164215.38043605917,164207.9991137191
2023-10-13 03:30:00,164205.30312769604,164207.96145150717
2023-10-13 07:30:00,164202.37242671286,164207.91344393155
2023-10-13 11:30:00,164202.074787256,164207.88118615988
2023-10-13 15:30:00,164202.90470454545,164207.83636906446
2023-10-13 19:30:00,164199.2780014593,164207.72728069455
2023-10-13 23:30:00,164202.60123460475,164207.6989599979
2023-10-14 03:30:00,164206.8166496974,164207.69250842786
2023-10-14 07:30:00,164202.557798941,164207.68845482654
2023-10-14 11:30:00,164203.24643719723,164207.66029472506
2023-10-14 15:30:00,164206.87478302556,164207.6524251086
2023-10-14 19:30:00,164199.31499205803,164207.6152419315
2023-10-14 23:30:00,164201.51103281876,164207.58736598992
2023-10-15 03:30:00,164210.68022966458,164207.5726487495
2023-10-15 07:30:00,164203.44352619557,164207.55799908898
2023-10-15 11:30:00,164202.13281664034,164207.53398322844
2023-10-15 15:30:00,164211.5781163342,164207.54697931986
2023-10-15 19:30:00,164205.41040039892,164207.53208632162
2023-10-15 23:30:00,164205.14398087063,164207.5435500094
2023-10-16 03:30:00,164213.54229262494,164207.56616099292
2023-10-16 07:30:00,164210.62671809536,164207.56983936508
2023-10-16 11:30:00,164204.55972175061,164207.55242045815
2023-10-16 15:30:00,164210.37832336716,164207.56803318142
2023-10-16 19:30:00,164204.10398029274,164207.52190785258
2023-10-16 23:30:00,164200.25565520552,164207.45785833526
2023-10-17 03:30:00,164208.24504378907,164207.456085833
2023-10-17 07:30:00,164209.6878801683,164207.4336929733
2023-10-17 11:30:00,164202.57642910557,164207.38368813458
2023-10-17 15:30:00,164207.0712356434,164207.3632598551
2023-10-17 19:30:00,164205.60929442133,164207.3499104298
2023-10-17 23:30:00,164207.6854262073,164207.3546234574
2023-10-18 03:30:00,164207.36733946213,164207.36033724833
2023-10-18 07:30:00,164202.93188004228,164207.34178387883
2023-10-18 11:30:00,164202.35464869614,164207.31555601844
2023-10-18 15:30:00,164208.50138672083,164207.34019862127
2023-10-18 19:30:00,164206.02073350997,164207.34661036535
2023-10-18 23:30:00,164204.69515688848,164207.336537736
2023-10-19 03:30:00,164210.02968293228,164207.34461486142
2023-10-19 07:30:00,164210.24438635382,164207.34247950907
2023-10-19 11:30:00,164208.53976217774,164207.3552409182
2023-10-19 15:30:00,164206.42077872014,164207.3245769469
2023-10-19 19:30:00,164209.5975269319,164207.3064856767
2023-10-19 23:30:00,164208.01442555684,164207.29241723198
2023-10-20 03:30:00,164210.55213630875,164207.28265501693
2023-10-20 07:30:00,164211.88621756044,164207.2867486835
2023-10-20 11:30:00,164210.89525259784,164207.31537626465
2023-10-20 15:30:00,164207.16590645976,164207.31334946066
2023-10-20 19:30:00,164209.05040732335,164207.32237101445
2023-10-20 23:30:00,164203.68445345954,164207.33605500587
2023-10-21 03:30:00,164209.60406198612,164207.34710394824
2023-10-21 07:30:00,164212.4472410556,164207.35333167543
2023-10-21 11:30:00,164209.51821482234,164207.3579425226
2023-10-21 15:30:00,164207.2982739458,164207.3585386961
2023-10-21 19:30:00,164206.66495704022,164207.3822446677
2023-10-21 23:30:00,164210.81272604348,164207.42210071895
2023-10-22 03:30:00,164203.00749540745,164207.39973862696
2023-10-22 07:30:00,164203.0880623987,164207.37387155645
2023-10-22 11:30:00,164212.614071205,164207.39691197147
2023-10-22 15:30:00,164212.57494398078,164207.42357709026
2023-10-22 19:30:00,164215.24869819699,164207.4673756613
2023-10-22 23:30:00,164212.47788416457,164207.54625705976
2023-10-23 03:30:00,164208.1442088842,164207.5440828886
2023-10-23 07:30:00,164202.14261212634,164207.50868994452
2023-10-23 11:30:00,164207.53851309392,164207.49694940707
2023-10-23 15:30:00,164206.3691334179,164207.48228674755
2023-10-23 19:30:00,164205.95224379777,164207.46158881317
2023-10-23 23:30:00,164211.430096366,164207.48134625275
2023-10-24 03:30:00,164205.72484791907,164207.5209970996
2023-10-24 07:30:00,164208.97078669266,164207.50652678765
2023-10-24 11:30:00,164217.60024753364,164207.55129896573
2023-10-24 15:30:00,164215.82319913752,164207.59954630944
2023-10-24 19:30:00,164214.47554829245,164207.63492002213
2023-10-24 23:30:00,164215.45022007232,164207.66396492423
2023-10-25 03:30:00,164210.66932232806,164207.68422910964
2023-10-25 07:30:00,164201.2972737764,164207.6621302036
2023-10-25 11:30:00,164210.3263556785,164207.67424046615
2023-10-25 15:30:00,164212.83458724435,164207.67832756386
2023-10-25 19:30:00,164203.87422869235,164207.64368630864
2023-10-25 23:30:00,164207.43937210666,164207.63122563963
2023-10-26 03:30:00,164203.36831256677,164207.6380969319
2023-10-26 07:30:00,164198.5767243143,164207.60532712008
2023-10-26 11:30:00,164204.70389215037,164207.56402581974
2023-10-26 15:30:00,164214.16524844102,164207.5810251231
2023-10-26 19:30:00,164202.4536206888,164207.54688698117
2023-10-26 23:30:00,164217.32172803985,164207.6396230126
2023-10-27 03:30:00,164214.44599629013,164207.69938204758
2023-10-27 07:30:00,164212.87429338202,164207.7807558131
2023-10-27 11:30:00,164209.4072876965,164207.80185657064
2023-10-27 15:30:00,164209.28746621747,164207.81169407177
2023-10-27 19:30:00,164205.70383703307,164207.76354994948
2023-10-27 23:30:00,164207.77656229728,164207.72815493282
2023-10-28 03:30:00,164207.90692218472,164207.73499824887
2023-10-28 07:30:00,164202.69011678692,164207.66830017703
2023-10-28 11:30:00,164206.85026104221,164207.6122045305
2023-10-28 15:30:00,164210.04988844096,164207.6469847734
2023-10-28 23:30:00,164213.95673102015,164207.77746100788
2023-10-29 03:30:00,164220.21416142193,164207.89767888378
2023-10-29 07:30:00,164218.21546210497,164208.05311063246
2023-10-29 11:30:00,164207.6109556598,164208.06184641618
2023-10-29 15:30:00,164204.25575271595,164208.0506825557
2023-10-29 19:30:00,164199.91454839395,164208.0172897625
2023-10-29 23:30:00,164200.99064278018,164208.002941714
2023-10-30 03:30:00,164207.5495407637,164207.99208201093
2023-10-30 07:30:00,164208.6857934269,164207.98432953362
2023-10-30 11:30:00,164204.691184616,164207.98305049626
2023-10-30 15:30:00,164211.60638080878,164208.00324836938
2023-10-30 19:30:00,164207.41950699937,164208.01655610924
2023-10-30 23:30:00,164207.17856410748,164208.03849824495
2023-10-31 03:30:00,164211.39035954062,164208.07022155175
2023-10-31 07:30:00,164210.16828285152,164208.08872103348
2023-10-31 11:30:00,164210.70946842394,164208.09602321035
2023-10-31 15:30:00,164212.38555204755,164208.1105663871
2023-10-31 19:30:00,164213.5513123085,164208.12424256423
2023-10-31 23:30:00,164197.06179755347,164208.0927346157
2023-11-01 03:30:00,164206.01167218466,164208.0855503008
2023-11-01 07:30:00,164212.29903872765,164208.1041308545
2023-11-01 11:30:00,164205.9542407788,164208.09208164117
2023-11-01 15:30:00,164204.52876629736,164208.06878779765
2023-11-01 19:30:00,164204.80316707492,164208.04532257945
2023-11-01 23:30:00,164207.3830519125,164208.04447334248
2023-11-02 03:30:00,164206.5040904449,164208.0259402476
2023-11-02 07:30:00,164200.45405417946,164207.95084899888
2023-11-02 11:30:00,164207.94145307277,164207.95186212918
2023-11-02 15:30:00,164213.93104113635,164207.98059602117
2023-11-02 19:30:00,164208.0390402365,164208.02070252883
2023-11-02 23:30:00,164204.49972997687,164208.0812291027
2023-11-03 03:30:00,164210.5071897768,164208.11465393807
2023-11-03 07:30:00,164217.66252710362,164208.14919258546
2023-11-03 11:30:00,164213.0499347846,164208.1466210819
2023-11-03 15:30:00,164206.5583806131,164208.12651958806
2023-11-03 19:30:00,164204.02167695243,164208.0833254703
2023-11-03 23:30:00,164203.94224078555,164208.03118267178
2023-11-04 03:30:00,164201.76864564986,164207.99791696353
2023-11-04 07:30:00,164199.13808992,164207.89897843782
2023-11-04 15:30:00,164204.1480202826,164207.8410637186
2023-11-04 19:30:00,164208.17294168897,164207.81718960006
2023-11-04 23:30:00,164209.38980093834,164207.80422716637
2023-11-05 03:30:00,164206.64272288294,164207.80937287243
2023-11-05 07:30:00,164215.32855240421,164207.8649878883
2023-11-05 11:30:00,164212.1800212005,164207.93444143454
2023-11-05 15:30:00,164208.4762767384,164207.9676628067
2023-11-05 19:30:00,164207.28032490725,164207.9939229197
2023-11-05 23:30:00,164212.55026922617,164208.0464084468
2023-11-06 03:30:00,164214.69022943266,164208.0978383248
2023-11-06 07:30:00,164202.36043503208,164208.08462427583
2023-11-06 11:30:00,164202.94019519098,164208.01614253322
2023-11-06 15:30:00,164206.46146601497,164207.97988525336
2023-11-06 19:30:00,164204.04876735984,164207.9679317953
2023-11-06 23:30:00,164201.11706371387,164207.94888216688
2023-11-07 03:30:00,164198.3816842479,164207.93771969934
2023-11-07 07:30:00,164208.2156369096,164207.9425947137
2023-11-07 11:30:00,164214.16621346783,164207.98987274827
2023-11-07 15:30:00,164213.20584368566,164208.06976404352
2023-11-07 19:30:00,164212.1955784067,164208.1468994504
2023-11-07 23:30:00,164208.81297838004,164208.1347617705
2023-11-08 03:30:00,164205.53552018024,164208.11401051047
2023-11-08 11:30:00,164209.36574818002,164208.14253852118
2023-11-08 15:30:00,164207.79237727702,164208.12938314714
2023-11-08 19:30:00,164203.38931721615,164208.089553301
2023-11-08 23:30:00,164205.90856725542,164208.0737245688
2023-11-09 03:30:00,164206.92428318234,164208.09694334294
2023-11-09 07:30:00,164214.7665931589,164208.13211461154
2023-11-09 11:30:00,164215.18031883935,164208.15562430737
2023-11-09 15:30:00,164207.42498989566,164208.1501241053
2023-11-09 19:30:00,164208.4014354534,164208.1337671205
2023-11-09 23:30:00,164209.09739880505,164208.11825644822
2023-11-10 03:30:00,164210.82041866763,164208.12701815978
2023-11-10 07:30:00,164209.0963895977,164208.1127619359
2023-11-10 11:30:00,164210.74587102424,164208.09863346684
2023-11-10 15:30:00,164209.5704227948,164208.09035286875
2023-11-10 19:30:00,164206.90968964735,164208.0909236489
2023-11-10 23:30:00,164206.48240678138,164208.11393658142
2023-11-11 03:30:00,164203.02988801553,164208.06300603363
2023-11-11 07:30:00,164210.9645682106,164207.99181478866
2023-11-11 11:30:00,164208.9226513582,164207.91810957354
2023-11-11 15:30:00,164203.8318806858,164207.85337857442
2023-11-11 19:30:00,164200.72412831036,164207.75211901317
2023-11-11 23:30:00,164206.9575069063,164207.7045318428
2023-11-12 03:30:00,164210.0751968707,164207.73149268562
2023-11-12 07:30:00,164207.62640123244,164207.76117615748
2023-11-12 11:30:00,164204.14204591655,164207.77285558492
2023-11-12 15:30:00,164209.07892824116,164207.8077382047
2023-11-12 19:30:00,164205.20809257176,164207.8412415443
2023-11-12 23:30:00,164210.7050647182,164207.8870258952
2023-11-13 03:30:00,164202.8879973082,164207.864830119
2023-11-13 07:30:00,164209.10352406173,164207.90181161687
2023-11-13 11:30:00,164209.146721353,164207.93514655562
2023-11-13 15:30:00,164209.41261734272,164207.94948460258
2023-11-13 19:30:00,164202.89212101602,164207.96969437072
2023-11-13 23:30:00,164207.7031949322,164208.00467833746
2023-11-14 03:30:00,164212.9726651288,164208.01762995025
2023-11-14 07:30:00,164213.1028659752,164208.07220249137
2023-11-14 11:30:00,164210.76369514517,164208.12096451683
2023-11-14 15:30:00,164212.45637047253,164208.1259264046
2023-11-14 19:30:00,164207.48308506678,164208.1376364875
2023-11-14 23:30:00,164208.54408430646,164208.1568461114
2023-11-15 03:30:00,164211.5718533691,164208.14571368624
2023-11-15 07:30:00,164212.36431945369,164208.15553064307
2023-11-15 11:30:00,164207.9190824144,164208.17451008185
2023-11-15 15:30:00,164214.8377925115,164208.19970482276
2023-11-15 19:30:00,164211.57618285506,164208.24192065647
2023-11-15 23:30:00,164207.10357658533,164208.2806094778
2023-11-16 03:30:00,164213.9619438156,164208.31290834805
2023-11-16 07:30:00,164216.8406750321,164208.35331961844
2023-11-16 11:30:00,164207.33691997646,164208.3802150471
2023-11-16 15:30:00,164210.66097685957,164208.4004960709
2023-11-16 19:30:00,164208.57400288948,164208.41724583626
2023-11-16 23:30:00,164208.1588422852,164208.41992050337
2023-11-17 03:30:00,164205.7218995328,164208.41062423258
2023-11-17 07:30:00,164212.660711995,164208.46558938487
2023-11-17 11:30:00,164203.73544225533,164208.4733904784
2023-11-17 15:30:00,164211.7016133642,164208.49147085493
2023-11-17 19:30:00,164204.34095951525,164208.48198060636
2023-11-17 23:30:00,164206.31214430608,164208.4911161285
2023-11-18 03:30:00,164207.17514325306,164208.4749887857
2023-11-18 07:30:00,164211.4810618019,164208.48197565263
2023-11-18 11:30:00,164205.64195127125,164208.4656038396
2023-11-18 15:30:00,164208.28763363147,164208.47615104247
2023-11-18 19:30:00,164211.89360458154,164208.4891232326
2023-11-18 23:30:00,164204.12628266003,164208.46715632358
2023-11-19 03:30:00,164209.44927873026,164208.4609254898
2023-11-19 07:30:00,164208.9529524624,164208.4443533706
2023-11-19 11:30:00,164210.86449627668,164208.44417960607
2023-11-19 15:30:00,164209.6615905378,164208.4582795161
2023-11-19 19:30:00,164205.40029041207,164208.43765738668
2023-11-19 23:30:00,164200.00499797048,164208.41686950254
2023-11-20 03:30:00,164204.0398967142,164208.38543354056
2023-11-20 07:30:00,164207.20717033138,164208.35582862122
2023-11-20 11:30:00,164213.50649774578,164208.3783612931
2023-11-20 15:30:00,164206.56507363654,164208.3742189185
2023-11-20 19:30:00,164212.2662446246,164208.40586461104
2023-11-20 23:30:00,164204.12682938253,164208.36809118357
2023-11-21 03:30:00,164208.37814868876,164208.39843385748
2023-11-21 07:30:00,164211.88925466835,164208.44815810758
2023-11-21 11:30:00,164211.56841121626,164208.44225042404
2023-11-21 15:30:00,164213.36417698968,164208.44670936762
2023-11-21 19:30:00,164205.02552479558,164208.3889513258
2023-11-21 23:30:00,164216.43010438484,164208.41128025358
2023-11-22 03:30:00,164210.31178762135,164208.42352646115
2023-11-22 07:30:00,164204.19025176973,164208.43509504668
2023-11-22 11:30:00,164209.24456012904,164208.4447337305
2023-11-22 15:30:00,164200.98253610465,164208.4143009773
2023-11-22 19:30:00,164207.0941315801,164208.42075232073
2023-11-22 23:30:00,164206.04100010483,164208.3903054492
2023-11-23 03:30:00,164201.1889862836,164208.36467911227
2023-11-23 07:30:00,164201.1769332873,164208.3206460422
2023-11-23 11:30:00,164210.3358123292,164208.27960403537
2023-11-23 15:30:00,164203.90056747294,164208.21224453446
2023-11-23 19:30:00,164206.02723960782,164208.16451397692
2023-11-23 23:30:00,164215.60256495027,164208.16537468243
2023-11-24 03:30:00,164212.55447554035,164208.17602526557
2023-11-24 07:30:00,164201.72527048533,164208.17844332606
2023-11-24 11:30:00,164199.70469670824,164208.11843395335
2023-11-24 15:30:00,164203.61583457817,164208.06635060493
2023-11-24 19:30:00,164204.97026002285,164208.07254287234
2023-11-24 23:30:00,164209.04172466596,164208.08159571167
2023-11-25 03:30:00,164208.07700292967,164208.10819848208
2023-11-25 07:30:00,164209.34404380785,164208.16903079563
2023-11-25 11:30:00,164213.5946673931,164208.21926116422
2023-11-25 15:30:00,164213.94262380467,164208.2180033979
2023-11-25 19:30:00,164215.60686996614,164208.2923155407
2023-11-25 23:30:00,164206.71900824222,164208.23241316897
2023-11-26 03:30:00,164213.11594008407,164208.22489872715
2023-11-26 07:30:00,164208.32048992687,164208.199171024
2023-11-26 11:30:00,164205.8984138245,164208.17934687782
2023-11-26 15:30:00,164209.96838738568,164208.1831938901
2023-11-26 19:30:00,164202.87517136283,164208.1672127281
2023-11-26 23:30:00,164211.04234520486,164208.18566347897
2023-11-27 03:30:00,164216.99316354442,164208.23699817594
2023-11-27 07:30:00,164219.84047991506,164208.33389288286
2023-11-27 11:30:00,164215.44746384857,164208.38246465015
2023-11-27 15:30:00,164211.95562403658,164208.39323151793
2023-11-27 19:30:00,164206.3632361439,164208.3818270495
2023-11-27 23:30:00,164209.66670704813,164208.35772579125
2023-11-28 03:30:00,164216.46279659923,164208.336650708
2023-11-28 07:30:00,164210.44628631786,164208.29300365297
2023-11-28 11:30:00,164205.9452167069,164208.28364556897
2023-11-28 15:30:00,164214.321265813,164208.34019339536
2023-11-28 19:30:00,164209.63172508805,164208.39478427568
2023-11-28 23:30:00,164202.6910455753,164208.40433710036
2023-11-29 03:30:00,164206.714891758,164208.399648061
2023-11-29 07:30:00,164215.79492562517,164208.43958700594
2023-11-29 11:30:00,164213.5529640519,164208.4893722837
2023-11-29 15:30:00,164204.35863542074,164208.44865461293
2023-11-29 19:30:00,164211.7780370027,164208.47314073658
2023-11-29 23:30:00,164202.9928065485,164208.44962524466
2023-11-30 03:30:00,164196.01968094858,164208.36327311775
2023-11-30 07:30:00,164208.2470170636,164208.35247948972
2023-11-30 11:30:00,164201.99129148936,164208.30350096762
2023-11-30 15:30:00,164212.6170842491,164208.30480171033
2023-11-30 19:30:00,164210.2727161499,164208.2863826308
2023-11-30 23:30:00,164208.2713677048,164208.34935774398
2023-12-01 03:30:00,164213.11408969722,164208.38925896597
2023-12-01 07:30:00,164218.26202758495,164208.42275890335
2023-12-01 11:30:00,164206.0819294046,164208.4234762552
2023-12-01 15:30:00,164207.1758067208,164208.43834726882
2023-12-01 19:30:00,164216.19490882967,164208.502345818
2023-12-01 23:30:00,164204.35099334284,164208.48531178109
2023-12-02 03:30:00,164205.7586574904,164208.4811239555
2023-12-02 07:30:00,164219.38290576133,164208.58746581833
2023-12-02 11:30:00,164203.31823072952,164208.5614926591
2023-12-02 15:30:00,164201.28123247813,164208.4904263183
2023-12-02 19:30:00,164202.25182506416,164208.45791387354
2023-12-02 23:30:00,164211.8845198443,164208.49940145705
2023-12-03 03:30:00,164195.88753705155,164208.4172685766
2023-12-03 07:30:00,164203.05466096706,164208.33520191288
2023-12-03 11:30:00,164202.51240374733,164208.27600230032
2023-12-03 15:30:00,164208.1464501665,164208.28492403938
2023-12-03 19:30:00,164211.21059041144,164208.32531119365
2023-12-03 23:30:00,164209.2477752166,164208.35511756685
2023-12-04 03:30:00,164209.89032264464,164208.4007449657
2023-12-04 07:30:00,164208.39063597395,164208.4527255615
2023-12-04 11:30:00,164200.8214221813,164208.41009258173
2023-12-04 15:30:00,164203.172695012,164208.40464383722
2023-12-04 19:30:00,164207.24822683717,164208.39947783246
2023-12-04 23:30:00,164210.09806488708,164208.40343461427
2023-12-05 03:30:00,164209.23068007972,164208.41789247573
2023-12-05 07:30:00,164211.75874879016,164208.39794943875
2023-12-05 11:30:00,164204.15893835144,164208.35313892004
2023-12-05 15:30:00,164200.68684350332,164208.30962253327
2023-12-05 19:30:00,164203.29810036847,164208.28737546882
2023-12-05 23:30:00,164205.87815631015,164208.25010109498
2023-12-06 03:30:00,164203.51340779383,164208.1876607506
2023-12-06 07:30:00,164203.5175978225,164208.19412534722
2023-12-06 11:30:00,164206.94157566715,164208.21647942808
2023-12-06 15:30:00,164204.36954551714,164208.2047927214
2023-12-06 19:30:00,164211.85620506204,164208.2484096918
2023-12-06 23:30:00,164209.67224127796,164208.29620397984
2023-12-07 03:30:00,164208.33081847095,164208.35178573529
2023-12-07 07:30:00,164208.8303640257,164208.355219965
2023-12-07 11:30:00,164207.3024138674,164208.31687471582
2023-12-07 15:30:00,164205.46373395843,164208.27362270618
2023-12-07 19:30:00,164209.25824486543,164208.2572130216
2023-12-07 23:30:00,164211.84827680278,164208.27416999603
2023-12-08 03:30:00,164206.6072955687,164208.28015756805
2023-12-08 07:30:00,164206.0564770983,164208.26780378766
2023-12-08 11:30:00,164208.41564394205,164208.26252543076
2023-12-08 15:30:00,164203.6810272488,164208.23968459727
2023-12-08 19:30:00,164205.95643572,164208.25394636675
2023-12-08 23:30:00,164207.96334824618,164208.2653618167
2023-12-09 03:30:00,164206.16096659735,164208.261121169
2023-12-09 07:30:00,164209.87298255612,164208.23393444341
2023-12-09 11:30:00,164209.99990097788,164208.20515434418
2023-12-09 15:30:00,164214.56940494405,164208.24484553892
2023-12-09 19:30:00,164209.97591308202,164208.25359263684
2023-12-09 23:30:00,164207.54809737968,164208.2449854067
2023-12-10 03:30:00,164207.6175364156,164208.22719161643
2023-12-10 07:30:00,164210.74768825577,164208.23636549784
2023-12-10 11:30:00,164211.4431229595,164208.2402391197
2023-12-10 15:30:00,164205.81946828077,164208.21940048353
2023-12-10 19:30:00,164203.39878919948,164208.19989548103
2023-12-10 23:30:00,164209.0639385168,164208.214237324
2023-12-11 03:30:00,164206.40889441018,164208.23300958177
2023-12-11 07:30:00,164200.07758243583,164208.17252632743
2023-12-11 11:30:00,164205.7012786259,164208.15462981226
2023-12-11 15:30:00,164211.19372287646,164208.19552893555
2023-12-11 19:30:00,164209.99913016817,164208.24705672366
2023-12-11 23:30:00,164207.24259374794,164208.24864053944
2023-12-12 03:30:00,164215.96938515408,164208.2813860299
2023-12-12 07:30:00,164213.46059881127,164208.31379823867
2023-12-12 11:30:00,164216.7579684467,164208.38388669718
2023-12-12 15:30:00,164213.09656851712,164208.40620692092
2023-12-12 19:30:00,164211.4565507999,164208.44092057776
2023-12-12 23:30:00,164210.07813696697,164208.4374376458
2023-12-13 03:30:00,164211.8767270055,164208.48737503303
2023-12-13 07:30:00,164210.5301798352,164208.49530089844
2023-12-13 11:30:00,164204.2237953114,164208.46795130929
2023-12-13 15:30:00,164203.54328600637,164208.43534391298
2023-12-13 19:30:00,164203.3717547897,164208.43800854505
2023-12-13 23:30:00,164208.78097722566,164208.44399622447
2023-12-14 03:30:00,164202.21702194482,164208.38424265123
2023-12-14 07:30:00,164212.34633341563,164208.38003969257
2023-12-14 11:30:00,164215.29662058724,164208.40522261168
2023-12-14 15:30:00,164211.13204590333,164208.39786525298
2023-12-14 19:30:00,164204.83737119025,164208.38316684254
2023-12-14 23:30:00,164206.46551733554,164208.37161924827
2023-12-15 03:30:00,164203.09536008316,164208.32452761888
2023-12-15 07:30:00,164210.03131448835,164208.31156648017
2023-12-15 11:30:00,164206.39367908295,164208.30309201725
2023-12-15 15:30:00,164216.62512046416,164208.31302161698
2023-12-15 19:30:00,164212.24274528198,164208.31672474157
2023-12-15 23:30:00,164200.7551255003,164208.28145556885
2023-12-16 03:30:00,164206.02967504438,164208.23738740903
2023-12-16 07:30:00,164212.31976701805,164208.2122712534
2023-12-16 11:30:00,164204.63339475438,164208.1972516688
2023-12-16 15:30:00,164196.89521223403,164208.1207751987
2023-12-16 19:30:00,164206.89286380896,164208.1114355371
2023-12-16 23:30:00,164203.63873753027,164208.08632384407
2023-12-17 03:30:00,164210.18608331215,164208.11112486504
2023-12-17 07:30:00,164214.26936735405,164208.12006183926
2023-12-17 11:30:00,164213.32114056734,164208.1733157188
2023-12-17 15:30:00,164208.06688858545,164208.15312280334
2023-12-17 19:30:00,164212.4022884717,164208.19790796423
2023-12-17 23:30:00,164215.94300810952,164208.25141276311
2023-12-18 03:30:00,164213.1823903521,164208.2847863581
2023-12-18 07:30:00,164212.8045759644,164208.29213921458
2023-12-18 11:30:00,164203.24864452338,164208.278843066
2023-12-18 15:30:00,164212.0744840268,164208.29988112373
2023-12-18 19:30:00,164209.41513277113,164208.28611183589
2023-12-18 23:30:00,164207.08403166704,164208.3025437748
2023-12-19 03:30:00,164212.2901305185,164208.31832628473
2023-12-19 07:30:00,164215.24107101266,164208.3532602767
2023-12-19 11:30:00,164216.8793835019,164208.38667631682
2023-12-19 15:30:00,164212.8331153589,164208.40429589918
2023-12-19 19:30:00,164211.27809545034,164208.4369503716
2023-12-19 23:30:00,164211.34904054503,164208.49997283035
2023-12-20 03:30:00,164214.8542641984,164208.56005264973
2023-12-20 07:30:00,164211.94493280846,164208.58637355236
2023-12-20 15:30:00,164203.91570138923,164208.54408586276
2023-12-20 19:30:00,164209.7018636502,164208.52975971205
2023-12-20 23:30:00,164206.69706467006,164208.54411856842
2023-12-21 03:30:00,164207.659355958,164208.54010296657
2023-12-21 07:30:00,164209.36421284173,164208.52599658765
2023-12-21 11:30:00,164207.905468792,164208.50553322214
2023-12-21 15:30:00,164205.30505565993,164208.46051019794
2023-12-21 19:30:00,164199.5460277464,164208.42989848257
2023-12-21 23:30:00,164208.398119786,164208.38502706029
2023-12-22 03:30:00,164211.13386919178,164208.38961969473
2023-12-22 07:30:00,164205.73592075825,164208.398254717
2023-12-22 11:30:00,164200.11076136894,164208.3472279083
2023-12-22 15:30:00,164214.97467867422,164208.42539630254
2023-12-22 19:30:00,164217.44939899346,164208.48324695847
2023-12-22 23:30:00,164205.83697435923,164208.48210714984
2023-12-23 03:30:00,164198.39300484772,164208.46648714182
2023-12-23 07:30:00,164207.54438638425,164208.5020595055
2023-12-23 11:30:00,164207.24184510604,164208.4847747724
2023-12-23 15:30:00,164198.54644616327,164208.45486348018
2023-12-23 19:30:00,164205.8241082899,164208.45372866836
2023-12-23 23:30:00,164211.61785213824,164208.4314677029
2023-12-24 03:30:00,164210.13005611862,164208.41792346034
2023-12-24 07:30:00,164210.42794906886,164208.46654177643
2023-12-24 11:30:00,164208.6648732438,164208.5165986286
2023-12-24 15:30:00,164207.87957211814,164208.54041839138
2023-12-24 19:30:00,164207.55009721743,164208.55483088968
2023-12-24 23:30:00,164218.39348492274,164208.60707536037
2023-12-25 03:30:00,164215.45370901228,164208.64828600892
2023-12-25 07:30:00,164197.80658996425,164208.58383095948
2023-12-25 11:30:00,164199.3741583901,164208.5043867751
2023-12-25 15:30:00,164209.66818502086,164208.48050722884
2023-12-25 19:30:00,164204.34945076774,164208.4176166188
2023-12-25 23:30:00,164208.30192513857,164208.42645972993
2023-12-26 03:30:00,164214.3337482426,164208.4332631275
2023-12-26 07:30:00,164205.44973810093,164208.4172254078
2023-12-26 11:30:00,164210.1841155619,164208.4411678756
2023-12-26 15:30:00,164210.75154426752,164208.4455430537
2023-12-26 19:30:00,164208.4285406995,164208.4765674634
2023-12-26 23:30:00,164207.09345996668,164208.45450665202
2023-12-27 03:30:00,164221.1238077547,164208.47758287666
2023-12-27 07:30:00,164201.44528739862,164208.37481643804
2023-12-27 11:30:00,164210.0258793423,164208.34452825642
2023-12-27 15:30:00,164207.78021090472,164208.32120192607
2023-12-27 19:30:00,164201.81778315996,164208.29580833396
2023-12-27 23:30:00,164209.93319334125,164208.2972970842
2023-12-28 03:30:00,164215.36376216696,164208.29115722704
2023-12-28 07:30:00,164215.71277369405,164208.32057894426
2023-12-28 11:30:00,164217.34846145418,164208.38428422215
2023-12-28 15:30:00,164225.02120714512,164208.44406043072
2023-12-28 19:30:00,164216.46326659116,164208.48222546707
2023-12-28 23:30:00,164204.25393323222,164208.49095668303
2023-12-29 03:30:00,164219.42063452952,164208.5619384862
2023-12-29 07:30:00,164194.23956785238,164208.44151749305
2023-12-29 11:30:00,164205.76427407423,164208.39800525855
2023-12-29 15:30:00,164203.60246675232,164208.39378085258
2023-12-29 19:30:00,164208.90578382325,164208.37773474545
2023-12-29 23:30:00,164198.4662575505,164208.3524467622
2023-12-30 03:30:00,164204.96330417148,164208.40241113774
2023-12-30 07:30:00,164211.93582155686,164208.4230189841
2023-12-30 11:30:00,164203.6384331705,164208.4322208929
2023-12-30 15:30:00,164222.32744340878,164208.48646870945
2023-12-30 19:30:00,164217.76307152564,164208.5283142702
2023-12-30 23:30:00,164206.06842806804,164208.51600734485
2023-12-31 03:30:00,164214.75787290678,164208.5251904913
2023-12-31 07:30:00,164209.04702969053,164208.47371005613
2023-12-31 11:30:00,164194.28473777673,164208.4078039576
2023-12-31 15:30:00,164201.90323851584,164208.37834826933
2023-12-31 19:30:00,164204.28488302822,164208.31181181234
2023-12-31 23:30:00,164208.6898739184,164208.33605136865
2024-01-01 03:30:00,164211.63690733645,164208.36889075325
2024-01-01 07:30:00,164219.51352484484,164208.36962046882
2024-01-01 11:30:00,164208.28749059766,164208.3973816971
2024-01-01 15:30:00,164209.75123453376,164208.44470014435
2024-01-01 19:30:00,164207.20789400037,164208.47238768032
2024-01-01 23:30:00,164202.68149934267,164208.42097415793
2024-01-02 03:30:00,164211.4011365511,164208.50764231157
2024-01-02 07:30:00,164214.46385503063,164208.57138082592
2024-01-02 15:30:00,164206.95361346635,164208.59871869322
2024-01-02 19:30:00,164210.1953851239,164208.59301529272
2024-01-02 23:30:00,164204.9531809649,164208.5688883587
2024-01-03 03:30:00,164208.24180893286,164208.55962704573
2024-01-03 07:30:00,164212.64465615296,164208.5835260355
2024-01-03 11:30:00,164206.43840598586,164208.61508212428
2024-01-03 15:30:00,164202.50300294821,164208.6113198093
2024-01-03 19:30:00,164209.02398520472,164208.62129597992
2024-01-03 23:30:00,164209.9603326172,164208.62052220313
2024-01-04 03:30:00,164209.51650395006,164208.6221279552
2024-01-04 07:30:00,164211.10740867557,164208.61846874107
2024-01-04 11:30:00,164201.81075643198,164208.60527670782
2024-01-04 15:30:00,164205.46201925373,164208.63210353788
2024-01-04 19:30:00,164208.9003171969,164208.66357666612
2024-01-04 23:30:00,164207.85138242863,164208.67466220612
2024-01-05 03:30:00,164207.79740512848,164208.6987296069
2024-01-05 07:30:00,164212.40496975178,164208.74865866266
2024-01-05 11:30:00,164213.25525149674,164208.7841287516
2024-01-05 15:30:00,164209.9392876356,164208.81541943763
2024-01-05 23:30:00,164211.01623673938,164208.80583305255
2024-01-06 03:30:00,164211.33415780088,164208.82280107136
2024-01-06 07:30:00,164208.5656683256,164208.82130561545
2024-01-06 11:30:00,164208.8603538617,164208.8301075363
2024-01-06 15:30:00,164209.38985979793,164208.85228903822
2024-01-06 19:30:00,164212.068572845,164208.8681665974
2024-01-06 23:30:00,164212.30439292174,164208.87074352463
2024-01-07 03:30:00,164215.42576794582,164208.92056540248
2024-01-07 07:30:00,164207.35237630896,164208.92788686696
2024-01-07 11:30:00,164202.0349875518,164208.8918379608
2024-01-07 15:30:00,164206.25082846673,164208.90635661175
2024-01-07 19:30:00,164209.10003808863,164208.9241170771
2024-01-07 23:30:00,164211.75372279406,164208.94553162256
2024-01-08 03:30:00,164215.09830113716,164208.99602503804
2024-01-08 07:30:00,164207.41457870763,164208.98213575076
2024-01-08 11:30:00,164213.03768255175,164208.99929835854
2024-01-08 15:30:00,164207.6517060744,164208.96021531406
2024-01-08 19:30:00,164208.64331346072,164208.95268650266
2024-01-08 23:30:00,164210.3096628251,164208.96828856732
2024-01-09 03:30:00,164217.48345966387,164209.02402824667
2024-01-09 07:30:00,164204.2012178018,164208.98704253792
2024-01-09 11:30:00,164204.685895478,164208.94886611146
2024-01-09 15:30:00,164206.82754267962,164208.95456144703
2024-01-09 19:30:00,164209.95720949897,164208.99161466907
2024-01-09 23:30:00,164218.0559630048,164209.0424170673
2024-01-10 03:30:00,164214.35583704393,164209.0873150483
2024-01-10 07:30:00,164198.8230125501,164209.08022708283
2024-01-10 11:30:00,164209.12713902126,164209.0995822263
2024-01-10 15:30:00,164216.54233252103,164209.1298003599
2024-01-10 19:30:00,164194.80834033867,164209.04397668852
2024-01-10 23:30:00,164196.61795119458,164208.98395045943
2024-01-11 03:30:00,164210.59168705682,164208.9535679843
2024-01-11 07:30:00,164206.2456500759,164208.91280556208
2024-01-11 11:30:00,164219.56704392162,164208.92867604498
2024-01-11 15:30:00,164218.83796280427,164208.96111330081
2024-01-11 19:30:00,164209.6189814406,164208.95073155305
2024-01-11 23:30:00,164212.16459161133,164208.9625194324
2024-01-12 03:30:00,164204.82211543762,164208.92266286985
2024-01-12 07:30:00,164190.82748219257,164208.8113481939
2024-01-12 11:30:00,164198.9737566634,164208.78168695862
2024-01-12 15:30:00,164211.78502180637,164208.8282504377
2024-01-12 19:30:00,164207.6578757573,164208.8524658104
2024-01-12 23:30:00,164224.9423148315,164208.94377280254
2024-01-13 03:30:00,164229.67997178956,164209.09893071125
2024-01-13 07:30:00,164210.53794363007,164209.08871381983
2024-01-13 11:30:00,164204.8153049216,164209.02949734713
2024-01-13 15:30:00,164203.11941535646,164208.984228248
2024-01-13 19:30:00,164215.80014363685,164209.0461648155
2024-01-13 23:30:00,164218.01794022947,164209.11143274145
2024-01-14 03:30:00,164222.97572459787,164209.22375118503
2024-01-14 07:30:00,164207.89410687983,164209.21167656578
2024-01-14 11:30:00,164208.17850751695,164209.22176034225
2024-01-14 15:30:00,164212.00513460403,164209.1956587272
2024-01-14 19:30:00,164206.59329225603,164209.16374091353
2024-01-14 23:30:00,164199.31387372533,164209.15559824812
2024-01-15 03:30:00,164222.36529442787,164209.24788988306
2024-01-15 07:30:00,164208.13312637882,164209.22423654608
2024-01-15 11:30:00,164200.41745833712,164209.2004176963
2024-01-15 15:30:00,164207.46820834145,164209.26015213758
2024-01-15 19:30:00,164205.71320632205,164209.253487406
2024-01-15 23:30:00,164203.12720545832,164209.25059739428
2024-01-16 03:30:00,164209.07237264825,164209.24430524366
2024-01-16 07:30:00,164220.38016763303,164209.27882953902
2024-01-16 11:30:00,164216.02527650236,164209.29410714316
2024-01-16 15:30:00,164210.3613263507,164209.3070700684
2024-01-16 19:30:00,164202.23674601867,164209.24963762515
2024-01-16 23:30:00,164208.43861447586,164209.207239921
2024-01-17 03:30:00,164214.32878435162,164209.2137167233
2024-01-17 07:30:00,164212.35196264554,164209.2111595859
2024-01-17 11:30:00,164204.17938501,164209.2164180067
2024-01-17 15:30:00,164209.27999267887,164209.20062991997
2024-01-17 19:30:00,164212.30933705578,164209.21698135664
2024-01-17 23:30:00,164204.6235071894,164209.2030800884
2024-01-18 03:30:00,164209.92936558355,164209.1897424334
2024-01-18 07:30:00,164214.33497231716,164209.18462323173
2024-01-18 11:30:00,164206.34011623764,164209.1250793489
2024-01-18 15:30:00,164201.45854623953,164209.06081624652
2024-01-18 19:30:00,164211.96740539017,164209.06471065295
2024-01-18 23:30:00,164215.32394720134,164209.0871677527
2024-01-19 03:30:00,164209.30148506124,164209.05579611915
2024-01-19 07:30:00,164207.03316200196,164209.02804600162
2024-01-19 11:30:00,164206.4664524938,164209.01365502682
2024-01-19 15:30:00,164207.59125932737,164209.03430422876
2024-01-19 19:30:00,164214.03722624676,164209.05866019838
2024-01-19 23:30:00,164208.93115115532,164209.07121124608
2024-01-20 03:30:00,164206.38317700892,164209.06404170138
2024-01-20 07:30:00,164213.9795624266,164209.08997063164
2024-01-20 11:30:00,164214.4010776679,164209.12646281635
2024-01-20 15:30:00,164202.4787021774,164209.110584426
2024-01-20 19:30:00,164212.78444096557,164209.18495753396
2024-01-20 23:30:00,164213.24284818882,164209.21217510925
2024-01-21 03:30:00,164209.33971119073,164209.20209556993
2024-01-21 07:30:00,164209.71679925127,164209.22446005588
2024-01-21 11:30:00,164208.20971804246,164209.26995981243
2024-01-21 15:30:00,164206.16957114256,164209.2204929162
2024-01-21 19:30:00,164211.0535998359,164209.18456146025
2024-01-21 23:30:00,164212.68875361918,164209.22305460216
2024-01-22 03:30:00,164215.22563841514,164209.3176199593
2024-01-22 07:30:00,164206.72867898038,164209.3130373334
2024-01-22 11:30:00,164209.0712443287,164209.32331485715
2024-01-22 15:30:00,164208.9800656833,164209.38193069716
2024-01-22 19:30:00,164203.9995644641,164209.37168045092
2024-01-22 23:30:00,164209.9293776157,164209.36219463902
2024-01-23 03:30:00,164205.59691791868,164209.33672757045
2024-01-23 07:30:00,164203.3851050513,164209.29716103102
2024-01-23 11:30:00,164198.5603977643,164209.24039431487
2024-01-23 15:30:00,164209.14623448896,164209.2475103956
2024-01-23 19:30:00,164206.00299440057,164209.23881880674
2024-01-23 23:30:00,164199.22872365313,164209.1311516086
2024-01-24 03:30:00,164217.717534039,164209.14386972671
2024-01-24 07:30:00,164208.16930373298,164209.2020872198
2024-01-24 11:30:00,164201.18029023748,164209.21223402795
2024-01-24 15:30:00,164212.3835751236,164209.22748902853
2024-01-24 19:30:00,164194.1497497205,164209.17018733724
2024-01-24 23:30:00,164188.09975163286,164209.05669198048
2024-01-25 03:30:00,164208.48185473782,164209.02381617425
2024-01-25 07:30:00,164214.01058048062,164209.07191079436
2024-01-25 11:30:00,164211.01075941016,164209.07655486092
2024-01-25 15:30:00,164219.96571784827,164209.12831988104
2024-01-25 19:30:00,164208.2840822549,164209.12750831674
2024-01-25 23:30:00,164198.5112934431,164209.07929389807
2024-01-26 03:30:00,164206.9692950525,164208.9997741638
2024-01-26 07:30:00,164198.40125656378,164208.98267286696
2024-01-26 11:30:00,164201.82871772224,164208.93662139718
2024-01-26 15:30:00,164208.64550859554,164208.94148262017
2024-01-26 19:30:00,164199.9058497987,164208.93074142153
2024-01-26 23:30:00,164195.11119294257,164208.84747175637
2024-01-27 03:30:00,164210.1531985078,164208.81819892683
2024-01-27 07:30:00,164202.9991894093,164208.74677429599
2024-01-27 11:30:00,164206.18613585905,164208.68406460166
2024-01-27 15:30:00,164217.76182921088,164208.64328157954
2024-01-27 19:30:00,164213.52480403893,164208.62677336295
2024-01-27 23:30:00,164220.92918499117,164208.7204545526
2024-01-28 03:30:00,164217.70055124926,164208.7107911634
2024-01-28 07:30:00,164186.099119729,164208.66505830878
2024-01-28 11:30:00,164196.23689548217,164208.61153370995
2024-01-28 15:30:00,164215.98319005,164208.6810883352
2024-01-28 19:30:00,164214.38862702923,164208.71189082513
2024-01-28 23:30:00,164195.91593551406,164208.69756317325
2024-01-29 03:30:00,164218.07735507173,164208.77123761651
2024-01-29 07:30:00,164210.0867254917,164208.76084943634
2024-01-29 11:30:00,164203.2581946143,164208.7587132647
2024-01-29 15:30:00,164205.87126711675,164208.66626283608
2024-01-29 19:30:00,164208.18950809757,164208.6124787719
2024-01-29 23:30:00,164209.65236678932,164208.63261325908
2024-01-30 03:30:00,164213.4703811489,164208.62538015933
2024-01-30 07:30:00,164205.00485186125,164208.6026712951
2024-01-30 11:30:00,164202.25853490416,164208.6474679082
2024-01-30 15:30:00,164210.3778135378,164208.6950778802
2024-01-30 19:30:00,164209.7541734424,164208.72580423087
2024-01-30 23:30:00,164205.74420548094,164208.70925553178
2024-01-31 03:30:00,164210.4470427339,164208.70257089916
2024-01-31 07:30:00,164214.85261640104,164208.6763860203
2024-01-31 11:30:00,164201.04657615485,164208.63570672568
2024-01-31 15:30:00,164206.56200698394,164208.61778971695
2024-01-31 19:30:00,164207.8017996668,164208.62112626564
2024-01-31 23:30:00,164207.85155042354,164208.65017149644
2024-02-01 03:30:00,164213.43611947773,164208.6616039848
2024-02-01 07:30:00,164217.97432872516,164208.6813257471
2024-02-01 11:30:00,164215.52212231496,164208.7195424877
2024-02-01 15:30:00,164226.7100102591,164208.8299134195
2024-02-01 19:30:00,164216.49787560094,164208.8651228635
2024-02-01 23:30:00,164195.4472587929,164208.81201715305
2024-02-02 03:30:00,164205.33713154023,164208.79578990507
2024-02-02 07:30:00,164207.88678121212,164208.76920959813
2024-02-02 11:30:00,164209.10322429272,164208.78409685125
2024-02-02 15:30:00,164200.59713956062,164208.77344956974
2024-02-02 19:30:00,164215.38456265518,164208.80898352197
2024-02-02 23:30:00,164217.37878008635,164208.8504273626
2024-02-03 03:30:00,164208.39022117647,164208.8441352801
2024-02-03 07:30:00,164217.5956426086,164208.880382397
2024-02-03 11:30:00,164210.69719005804,164208.9300272776
2024-02-03 15:30:00,164207.7217754589,164208.94265161394
2024-02-03 19:30:00,164216.1358719881,164208.98307370773
2024-02-03 23:30:00,164219.19512386198,164209.04644656493
2024-02-04 03:30:00,164206.5738184596,164209.0396108852
2024-02-04 07:30:00,164207.18904301152,164209.01047162965
2024-02-04 11:30:00,164204.54826435907,164208.9618292434
2024-02-04 15:30:00,164194.6230609471,164208.87626373122
2024-02-04 19:30:00,164209.68981559534,164208.8807834638
2024-02-04 23:30:00,164220.27700052946,164208.93223215148
2024-02-05 03:30:00,164207.5606495171,164208.9112682166
2024-02-05 07:30:00,164200.58735125314,164208.86694423284
2024-02-05 11:30:00,164209.22038521414,164208.86894440703
2024-02-05 15:30:00,164209.61185889924,164208.8701777354
2024-02-05 19:30:00,164218.56198482082,164208.90625224635
2024-02-05 23:30:00,164206.6342126077,164208.8747512446
2024-02-06 03:30:00,164203.30853244103,164208.80743326957
2024-02-06 07:30:00,164212.6337201421,164208.83677406865
2024-02-06 11:30:00,164226.38678449029,164208.97206182944
2024-02-06 15:30:00,164224.19848175775,164209.07177101437
2024-02-06 19:30:00,164217.5592550727,164209.11876666427
2024-02-06 23:30:00,164216.5129647032,164209.1452068971
2024-02-07 03:30:00,164212.51915325207,164209.13087829773
2024-02-07 07:30:00,164206.23574968654,164209.12432924763
2024-02-07 11:30:00,164204.727955108,164209.07816409518
2024-02-07 15:30:00,164207.8838621012,164209.07945385086
2024-02-07 19:30:00,164207.64527180835,164209.07390917503
2024-02-07 23:30:00,164201.98839996837,164209.02767993693
2024-02-08 03:30:00,164198.06802622546,164208.91981641782
2024-02-08 07:30:00,164211.629946802,164208.9610871345
2024-02-08 11:30:00,164207.8581758363,164208.97871091426
2024-02-08 15:30:00,164203.90030446008,164208.96244847972
2024-02-08 19:30:00,164191.82995219095,164208.86174149468
2024-02-08 23:30:00,164194.69137603897,164208.73193823374
2024-02-09 03:30:00,164201.70488116407,164208.66165514552
2024-02-09 07:30:00,164205.78919950055,164208.70035618413
2024-02-09 11:30:00,164221.72507145946,164208.7703446977
2024-02-09 15:30:00,164221.90850814452,164208.80015678448
2024-02-09 19:30:00,164209.5390374179,164208.88199399048
2024-02-09 23:30:00,164210.30447452265,164208.95803023118
2024-02-10 03:30:00,164210.60780705133,164208.95811978672
2024-02-10 07:30:00,164189.5160645232,164208.86517764474
2024-02-10 11:30:00,164201.2258938137,164208.76328236636
2024-02-10 15:30:00,164208.5430682843,164208.70608850796
2024-02-10 19:30:00,164211.32220491872,164208.7155508606
2024-02-10 23:30:00,164222.58479125044,164208.77344085858
2024-02-11 03:30:00,164211.5891719402,164208.81103561693
2024-02-11 07:30:00,164200.07946622526,164208.86243552822
2024-02-11 11:30:00,164208.38953559054,164208.91474541117
2024-02-11 15:30:00,164212.52908940174,164208.91887912003
2024-02-11 19:30:00,164203.61550677626,164208.89642151457
2024-02-11 23:30:00,164206.22028291243,164208.79241022613
2024-02-12 03:30:00,164220.75267749946,164208.74281414674
2024-02-12 07:30:00,164210.08199915878,164208.7402811219
2024-02-12 11:30:00,164202.36725909178,164208.7266808673
2024-02-12 15:30:00,164212.1099478405,164208.77662827
2024-02-12 19:30:00,164208.13362302067,164208.73403648878
2024-02-12 23:30:00,164203.0154280904,164208.6506891991
2024-02-13 03:30:00,164214.36460231725,164208.6028496309
2024-02-13 07:30:00,164210.2292845698,164208.61582284028
2024-02-13 11:30:00,164204.49440055524,164208.59535557937
2024-02-13 15:30:00,164213.46768408493,164208.60348085428
2024-02-13 19:30:00,164210.1554199573,164208.6232704526
2024-02-13 23:30:00,164211.50906287757,164208.69102150347
2024-02-14 03:30:00,164211.86626188242,164208.63269354485
2024-02-14 07:30:00,164208.75666145672,164208.6361576286
2024-02-14 11:30:00,164201.19713317897,164208.64048915554
2024-02-14 15:30:00,164206.7346222823,164208.63641367742
2024-02-14 19:30:00,164208.64707572403,164208.65271295188
2024-02-14 23:30:00,164205.09953114644,164208.6636703168
2024-02-15 03:30:00,164217.43540076722,164208.71013158414
2024-02-15 07:30:00,164216.1546189154,164208.68665631348
2024-02-15 11:30:00,164205.49823186273,164208.62817273216
2024-02-15 15:30:00,164207.84224297013,164208.6141778245
2024-02-15 19:30:00,164217.0211386616,164208.69631333917
2024-02-15 23:30:00,164216.37815736135,164208.74042191077
2024-02-16 03:30:00,164209.02127442375,164208.7109357445
2024-02-16 07:30:00,164209.3449782223,164208.6942302755
2024-02-16 11:30:00,164206.39313728848,164208.70652889923
2024-02-16 15:30:00,164208.19568319427,164208.70050495767
2024-02-16 19:30:00,164216.68417718523,164208.72480962504
2024-02-16 23:30:00,164216.49282310368,164208.79075026902
2024-02-17 03:30:00,164208.12639768547,164208.78073378067
2024-02-17 07:30:00,164205.89930921275,164208.7338689857
2024-02-17 11:30:00,164206.27233662218,164208.73349243225
2024-02-17 15:30:00,164208.42016258277,164208.7721680786
2024-02-17 19:30:00,164206.3704825188,164208.74107406265
2024-02-17 23:30:00,164195.689417232,164208.6319933406
2024-02-18 03:30:00,164195.6566274059,164208.55618857587
2024-02-18 07:30:00,164217.45813317568,164208.61410508238
2024-02-18 11:30:00,164216.37677293047,164208.66916241814
2024-02-18 15:30:00,164204.95427812802,164208.65451252257
2024-02-18 19:30:00,164218.60307204124,164208.67987833254
2024-02-18 23:30:00,164218.10272085015,164208.73083149752
2024-02-19 03:30:00,164215.90705109536,164208.7837419091
2024-02-19 07:30:00,164208.42113759954,164208.75286177118
2024-02-19 11:30:00,164203.08959419068,164208.6900201963
2024-02-19 15:30:00,164215.83366502295,164208.76421443434
2024-02-19 19:30:00,164209.81592055043,164208.74772265425
2024-02-19 23:30:00,164216.12066318313,164208.76371051534
2024-02-20 03:30:00,164207.91721026093,164208.75580773238
2024-02-20 07:30:00,164206.59970717249,164208.73849055418
2024-02-20 11:30:00,164204.69193872166,164208.71894733573
2024-02-20 15:30:00,164200.9654187867,164208.69003537818
2024-02-20 19:30:00,164201.92257792276,164208.6393074787
2024-02-20 23:30:00,164198.86959535492,164208.5625343772
2024-02-21 03:30:00,164209.95121515307,164208.53323202577
2024-02-21 07:30:00,164208.75089606058,164208.5444665651
2024-02-21 11:30:00,164236.72406490048,164208.69809334606
2024-02-21 15:30:00,164239.8864445469,164208.86979545082
2024-02-21 19:30:00,164231.28556236537,164209.02138432808
2024-02-21 23:30:00,164218.9083029067,164209.07126724636
2024-02-22 03:30:00,164204.06803645182,164209.06277346043
2024-02-22 07:30:00,164202.96575325553,164209.06044372823
2024-02-22 11:30:00,164207.12406084288,164209.1080196342
2024-02-22 15:30:00,164213.03011970193,164209.1295967743
2024-02-22 19:30:00,164204.99081982241,164209.1239735822
2024-02-22 23:30:00,164210.75336476386,164209.18799936614
2024-02-23 03:30:00,164215.3728275487,164209.17497321896
2024-02-23 07:30:00,164207.5271038164,164209.17140544165
2024-02-23 11:30:00,164208.44195946824,164209.2117480485
2024-02-23 15:30:00,164205.60246768058,164209.17407522936
2024-02-23 19:30:00,164205.52177737016,164209.23725316074
2024-02-23 23:30:00,164207.7989468629,164209.34669313426
2024-02-24 03:30:00,164206.11657235294,164209.33355267657
2024-02-24 07:30:00,164198.77778602613,164209.2489260407
2024-02-24 11:30:00,164197.99027336002,164209.1765900071
2024-02-24 15:30:00,164213.3476106068,164209.13982274465
2024-02-24 19:30:00,164197.46214992323,164209.07970089835
2024-02-24 23:30:00,164203.42155033554,164209.10698010333
2024-02-25 03:30:00,164211.19678527475,164209.1304661601
2024-02-25 07:30:00,164203.43462925171,164209.1584293417
2024-02-25 11:30:00,164200.5289058341,164209.15120816455
2024-02-25 15:30:00,164223.7536646609,164209.23514236492
2024-02-25 19:30:00,164228.63425216946,164209.3947446003
2024-02-25 23:30:00,164208.00404587053,164209.466371561
2024-02-26 03:30:00,164220.02638641844,164209.52122260493
2024-02-26 07:30:00,164204.75765161053,164209.53099183942
2024-02-26 11:30:00,164207.50882486097,164209.53834011164
2024-02-26 15:30:00,164214.016173418,164209.5175309128
2024-02-26 19:30:00,164214.3645756949,164209.52219631086
2024-02-26 23:30:00,164211.93548741724,164209.47223132435
2024-02-27 03:30:00,164219.23565363412,164209.48075967096
2024-02-27 07:30:00,164212.51033386544,164209.62748863836
2024-02-27 11:30:00,164207.0550969547,164209.68758975767
2024-02-27 15:30:00,164210.81775137052,164209.65889287612
2024-02-27 19:30:00,164203.80831681137,164209.60011337488
2024-02-27 23:30:00,164197.28973847564,164209.60774561355
2024-02-28 03:30:00,164205.2126587993,164209.53627507872
2024-02-28 07:30:00,164205.23297653248,164209.50930980674
2024-02-28 11:30:00,164197.49038051855,164209.4772663951
2024-02-28 15:30:00,164205.17328934197,164209.47338874076
2024-02-28 19:30:00,164208.3836738811,164209.47446743958
2024-02-28 23:30:00,164196.2423279142,164209.3999672236
2024-02-29 03:30:00,164201.02707722544,164209.33083775736
2024-02-29 07:30:00,164204.20423452588,164209.32638988327
2024-02-29 11:30:00,164199.49508286765,164209.31103737198
2024-02-29 15:30:00,164204.35478298308,164209.2775760911
2024-02-29 19:30:00,164206.47468724463,164209.25935672334
2024-02-29 23:30:00,164206.08130589934,164209.26122950343
2024-03-01 03:30:00,164205.5821098813,164209.2342020987
2024-03-01 07:30:00,164209.06509354906,164209.202049194
2024-03-01 11:30:00,164214.4054689503,164209.27626526504
2024-03-01 15:30:00,164222.76561702922,164209.36628532084
2024-03-01 19:30:00,164223.7512431112,164209.45489334
2024-03-01 23:30:00,164213.23343019417,164209.48479267207
2024-03-02 03:30:00,164207.8152500684,164209.45356561977
2024-03-02 07:30:00,164208.85693333906,164209.4029134232
2024-03-02 11:30:00,164207.88713140992,164209.36049680706
2024-03-02 15:30:00,164206.13045091,164209.2461659218
2024-03-02 19:30:00,164214.9245802135,164209.23742539185
2024-03-02 23:30:00,164207.8703963566,164209.30644282277
2024-03-03 03:30:00,164205.49147427717,164209.3073002824
2024-03-03 07:30:00,164208.8945124108,164209.31289878907
2024-03-03 11:30:00,164204.99016887305,164209.29004848117
2024-03-03 15:30:00,164205.1193651239,164209.31517195655
2024-03-03 19:30:00,164213.10994992635,164209.30253521915
2024-03-03 23:30:00,164211.32201129268,164209.26888650365
2024-03-04 03:30:00,164204.73407799413,164209.24857459706
2024-03-04 07:30:00,164208.3741592698,164209.19734413407
2024-03-04 11:30:00,164211.9845154677,164209.2044959419
2024-03-04 15:30:00,164211.3517432126,164209.22466242942
2024-03-04 19:30:00,164213.2068619258,164209.20839015133
2024-03-04 23:30:00,164213.39732496426,164209.1761801574
2024-03-05 03:30:00,164211.76605656504,164209.2050259247
2024-03-05 07:30:00,164205.68504851026,164209.19667039966
2024-03-05 11:30:00,164208.08398541994,164209.21631329446
2024-03-05 15:30:00,164202.5241077499,164209.2602079989
2024-03-05 19:30:00,164212.23792364882,164209.27436415476
2024-03-05 23:30:00,164210.00610931165,164209.21730364798
2024-03-06 03:30:00,164212.08434350818,164209.24243528128
2024-03-06 07:30:00,164206.73810925707,164209.27660615908
2024-03-06 11:30:00,164208.4734543886,164209.27245654337
2024-03-06 15:30:00,164205.038641126,164209.24704977794
2024-03-06 19:30:00,164202.43409694597,164209.1574504009
2024-03-06 23:30:00,164209.46044112838,164209.17315167043
2024-03-07 03:30:00,164202.80066921015,164209.17033020806
2024-03-07 07:30:00,164202.88942807325,164209.1161952521
2024-03-07 11:30:00,164209.7816992593,164209.0239447786
2024-03-07 15:30:00,164213.26413765518,164208.96319842248
2024-03-07 19:30:00,164213.88880227038,164208.94280701803
2024-03-07 23:30:00,164215.4899237214,164208.93712345703
2024-03-08 03:30:00,164208.01399300626,164208.912094789
2024-03-08 07:30:00,164207.22115956014,164208.9175692883
2024-03-08 11:30:00,164206.2416569798,164208.92597874315
2024-03-08 15:30:00,164210.3415187773,164208.93963239132
2024-03-08 19:30:00,164212.47132614962,164208.96644380435
2024-03-08 23:30:00,164215.26164199988,164209.04018403785
2024-03-09 03:30:00,164215.22886712698,164209.13552204287
2024-03-09 07:30:00,164207.9777786173,164209.1152322196
2024-03-09 11:30:00,164208.5146289592,164209.11887918142
2024-03-09 15:30:00,164215.2745883654,164209.18206964753
2024-03-09 19:30:00,164205.83529045185,164209.2598770823
2024-03-09 23:30:00,164202.5712936972,164209.30365440264
2024-03-10 03:30:00,164217.77056339115,164209.3929081928
2024-03-10 07:30:00,164213.36145726673,164209.43497629152
2024-03-10 11:30:00,164201.42345737747,164209.3221895466
2024-03-10 15:30:00,164206.6941764633,164209.2376654817
2024-03-10 19:30:00,164206.41513792553,164209.22031048452
2024-03-10 23:30:00,164190.96403731673,164209.11286361117
2024-03-11 03:30:00,164202.4935507442,164209.06778440945
2024-03-11 07:30:00,164194.009617716,164209.09274859386
2024-03-11 11:30:00,164196.88660102294,164209.06864141166
2024-03-11 15:30:00,164219.2355231699,164209.12804393884
2024-03-11 19:30:00,164220.37435446112,164209.1783336585
2024-03-11 23:30:00,164222.0238634401,164209.17521739288
2024-03-12 03:30:00,164224.83537843128,164209.24880742896
2024-03-12 07:30:00,164208.63739583865,164209.29635148236
2024-03-12 11:30:00,164206.87524715337,164209.2879387688
2024-03-12 15:30:00,164213.73794052645,164209.29465460838
2024-03-12 19:30:00,164204.70158284143,164209.3006883643
2024-03-12 23:30:00,164202.3728383865,164209.2793136725
2024-03-13 03:30:00,164210.32610997342,164209.22138829736
2024-03-13 07:30:00,164208.62912692467,164209.21331678497
2024-03-13 11:30:00,164211.93673249308,164209.26648052607
2024-03-13 15:30:00,164223.57488870065,164209.33017464195
2024-03-13 19:30:00,164220.43475633414,164209.39851427148
2024-03-13 23:30:00,164203.59409355617,164209.40172907963
2024-03-14 03:30:00,164210.22969533713,164209.3787573742
2024-03-14 07:30:00,164205.2079029739,164209.35086080976
2024-03-14 11:30:00,164184.13454892935,164209.23775052297
2024-03-14 15:30:00,164201.74470016905,164209.1726228345
2024-03-14 19:30:00,164194.66165654577,164209.08654637114
2024-03-14 23:30:00,164191.7243850189,164208.97663149412
2024-03-15 03:30:00,164204.38459086753,164208.93506665516
2024-03-15 07:30:00,164206.24095902484,164208.92109053055
2024-03-15 11:30:00,164213.45217863796,164208.98917411643
2024-03-15 15:30:00,164225.71150666056,164209.09460125185
2024-03-15 19:30:00,164221.21993941528,164209.16445049457
2024-03-15 23:30:00,164211.5148999568,164209.20009143243
2024-03-16 03:30:00,164206.6958926698,164209.14042749855
2024-03-16 07:30:00,164226.77131074568,164209.1994091198
2024-03-16 11:30:00,164212.07593802322,164209.23595193183
2024-03-16 15:30:00,164207.68256898434,164209.23506485412
2024-03-16 19:30:00,164218.9426079192,164209.24573968333
2024-03-16 23:30:00,164211.851743585,164209.22059294014
2024-03-17 03:30:00,164188.14857298482,164209.10463348773
2024-03-17 07:30:00,164202.8781103825,164209.06870644414
2024-03-17 11:30:00,164198.93765246455,164209.027287084
2024-03-17 15:30:00,164195.47083650273,164208.95659349128
2024-03-17 19:30:00,164217.77448408355,164208.96265075184
2024-03-17 23:30:00,164218.30247905882,164208.97270439603
2024-03-18 03:30:00,164204.77009119382,164208.95405824887
2024-03-18 07:30:00,164201.16075388523,164208.92773294146
2024-03-18 11:30:00,164209.7556694064,164208.94708479027
2024-03-18 15:30:00,164188.3029003342,164208.8353222222
2024-03-18 19:30:00,164208.69445456727,164208.84823317805
2024-03-18 23:30:00,164205.47417931072,164208.90259296738
2024-03-19 03:30:00,164207.90755682878,164208.97065368638
2024-03-19 07:30:00,164208.95421129686,164208.92340967595
2024-03-19 11:30:00,164207.86541959218,164208.87612437963
2024-03-19 15:30:00,164203.2090041884,164208.86642841328
2024-03-19 19:30:00,164204.1140797467,164208.78593401166
2024-03-19 23:30:00,164209.1447403849,164208.73616745352
2024-03-20 03:30:00,164207.77990777322,164208.69101665728
2024-03-20 07:30:00,164206.99570460897,164208.68309758513
2024-03-20 11:30:00,164209.6819133967,164208.7197215807
2024-03-20 15:30:00,164207.15032782138,164208.67148081848
2024-03-20 19:30:00,164205.9246464763,164208.6498626292
2024-03-20 23:30:00,164207.81122389296,164208.60369907756
2024-03-21 03:30:00,164215.88115753606,164208.6479432291
2024-03-21 07:30:00,164203.6090187289,164208.6313282933
2024-03-21 11:30:00,164210.6422172229,164208.66438539608
2024-03-21 15:30:00,164210.26493477912,164208.71604937382
2024-03-21 19:30:00,164210.54491026036,164208.76395122014
2024-03-21 23:30:00,164212.73118792352,164208.84096006773
2024-03-22 03:30:00,164220.52762806448,164208.89971791723
2024-03-22 07:30:00,164212.30433174444,164208.9194592266
2024-03-22 11:30:00,164207.6939693176,164208.7581809178
2024-03-22 15:30:00,164213.47624431667,164208.6114575832
2024-03-22 19:30:00,164199.9238727842,164208.43722597443
2024-03-22 23:30:00,164207.25058508344,164208.3724608754
2024-03-23 03:30:00,164222.97694007226,164208.47751033996
2024-03-23 07:30:00,164211.34586184213,164208.52406649877
2024-03-23 11:30:00,164212.82140760327,164208.5557184252
2024-03-23 15:30:00,164220.88874843233,164208.5993774737
2024-03-23 19:30:00,164210.36099869653,164208.62921180078
2024-03-23 23:30:00,164203.91414960314,164208.591216161
2024-03-24 03:30:00,164207.41588970675,164208.54701095077
2024-03-24 07:30:00,164204.0695358834,164208.52780224005
2024-03-24 11:30:00,164205.36108649703,164208.5106862791
2024-03-24 15:30:00,164213.6126794811,164208.5551874558
2024-03-24 19:30:00,164211.13167912353,164208.58635357663
2024-03-24 23:30:00,164208.11273059956,164208.58809681959
2024-03-25 03:30:00,164213.2648821434,164208.62780965175
2024-03-25 07:30:00,164210.29512610607,164208.69179487444
2024-03-25 11:30:00,164203.2898181038,164208.7212367897
2024-03-25 15:30:00,164207.65546293097,164208.689613747
2024-03-25 19:30:00,164206.05522189473,164208.73735303577
2024-03-25 23:30:00,164206.26570508085,164208.75315389544
2024-03-26 03:30:00,164212.17124011434,164208.75856753346
2024-03-26 07:30:00,164210.16926334487,164208.7959821673
2024-03-26 11:30:00,164213.58511207154,164208.8685166464
2024-03-26 15:30:00,164218.09726543722,164208.8370922063
2024-03-26 19:30:00,164220.25461685145,164208.79053867672
2024-03-26 23:30:00,164212.49117064718,164208.8154671477
2024-03-27 03:30:00,164213.93935785425,164208.78165032237
2024-03-27 07:30:00,164210.11628950338,164208.81142053287
2024-03-27 11:30:00,164196.04642501837,164208.74774053373
2024-03-27 15:30:00,164208.06889397255,164208.7147000924
2024-03-27 19:30:00,164205.05962491667,164208.66300592138
2024-03-27 23:30:00,164198.33961558883,164208.5874733001
2024-03-28 03:30:00,164214.4723624413,164208.56101057125
2024-03-28 07:30:00,164212.67372490853,164208.5619182993
2024-03-28 11:30:00,164197.27707455723,164208.50759595263
2024-03-28 15:30:00,164213.65885675675,164208.52337987145
2024-03-28 19:30:00,164202.06444920582,164208.51369171808
2024-03-28 23:30:00,164201.8703091856,164208.53913933315
2024-03-29 03:30:00,164211.58319215316,164208.57453118512
2024-03-29 07:30:00,164217.0679947273,164208.64028128618
2024-03-29 11:30:00,164216.76654487426,164208.74737108816
2024-03-29 15:30:00,164224.5119710878,164208.854808209
2024-03-29 19:30:00,164229.42704649735,164208.9717158346
2024-03-29 23:30:00,164209.65546157886,164209.04623324386
2024-03-30 03:30:00,164210.02452375236,164209.0962190579
2024-03-30 07:30:00,164218.88795484515,164209.1777952819
2024-03-30 11:30:00,164210.19497358252,164209.2372391192
2024-03-30 15:30:00,164206.22205154668,164209.24761283345
2024-03-30 19:30:00,164212.0244401243,164209.2784447939
2024-03-30 23:30:00,164204.8703248365,164209.2717171213
2024-03-31 03:30:00,164196.96135369132,164209.2238240314
2024-03-31 07:30:00,164205.1790550888,164209.20223492882
2024-03-31 11:30:00,164192.29713408422,164209.07941084623
2024-03-31 15:30:00,164189.23555908198,164208.89313274654
2024-03-31 19:30:00,164211.78588827403,164208.82665855298
2024-03-31 23:30:00,164211.85091242357,164208.8189778987
2024-04-01 03:30:00,164200.26254873924,164208.77701844688
2024-04-01 07:30:00,164221.71730792063,164208.8484649723
2024-04-01 11:30:00,164218.18544503077,164208.90567782577
2024-04-01 15:30:00,164202.12031349711,164208.8833992846
2024-04-01 19:30:00,164216.07662584315,164208.8897995381
2024-04-01 23:30:00,164214.49377040027,164208.92659606054
2024-04-02 03:30:00,164205.52739142717,164208.92679560027
2024-04-02 07:30:00,164204.51944715687,164208.9024896822
2024-04-02 11:30:00,164208.14970949022,164208.92004268564
2024-04-02 15:30:00,164200.50235463327,164208.89439262732
2024-04-02 19:30:00,164219.05942655457,164208.9274452753
2024-04-02 23:30:00,164215.82524580247,164208.95246324476
2024-04-03 03:30:00,164208.59403554944,164208.97390745342
2024-04-03 07:30:00,164205.59127028406,164208.95844695906
2024-04-03 11:30:00,164213.19987083774,164208.96519893332
2024-04-03 15:30:00,164197.24869425976,164208.88684866138
2024-04-03 19:30:00,164201.89440897276,164208.8240017005
2024-04-03 23:30:00,164216.0365887025,164208.83866427685
2024-04-04 03:30:00,164204.67232694873,164208.79925466786
2024-04-04 07:30:00,164203.08639960567,164208.78481772952
2024-04-04 11:30:00,164214.48565964695,164208.8203825863
2024-04-04 15:30:00,164203.0437244735,164208.8232693459
2024-04-04 19:30:00,164197.55498319838,164208.7416974545
2024-04-04 23:30:00,164203.65030044506,164208.70638740525
2024-04-05 03:30:00,164198.98510309678,164208.63361384743
2024-04-05 07:30:00,164198.35907401092,164208.58706365162
2024-04-05 11:30:00,164205.31480683456,164208.56951560965
2024-04-05 15:30:00,164208.4995080732,164208.58874264822
2024-04-05 19:30:00,164201.201782984,164208.58189645957
2024-04-05 23:30:00,164203.9721418872,164208.55140590822
2024-04-06 03:30:00,164205.317232981,164208.56538681805
2024-04-06 07:30:00,164199.7935057606,164208.54818724966
2024-04-06 11:30:00,164213.05940202405,164208.56639670944
2024-04-06 15:30:00,164216.01249738605,164208.58166537463
2024-04-06 19:30:00,164213.24412199104,164208.57808381753
2024-04-06 23:30:00,164213.02884135168,164208.56441113766
2024-04-07 03:30:00,164218.30088522463,164208.6215605389
2024-04-07 07:30:00,164208.26047796675,164208.62733453003
2024-04-07 11:30:00,164210.4454657282,164208.65068902308
2024-04-07 15:30:00,164213.96475401905,164208.67081810776
2024-04-07 19:30:00,164208.27281937984,164208.64749307017
2024-04-07 23:30:00,164210.7679486427,164208.62252810705
2024-04-08 03:30:00,164213.77695959454,164208.6144619541
2024-04-08 07:30:00,164205.96019164682,164208.6032531376
2024-04-08 11:30:00,164208.08327769785,164208.60085674172
2024-04-08 15:30:00,164199.4537082631,164208.51296296334
2024-04-08 19:30:00,164205.47593333182,164208.5109665349
2024-04-08 23:30:00,164201.4677336579,164208.5048356458
2024-04-09 03:30:00,164209.081679321,164208.45656406763
2024-04-09 07:30:00,164205.31844921914,164208.4118806896
2024-04-09 11:30:00,164199.75012023543,164208.40258437212
2024-04-09 15:30:00,164210.7076510868,164208.42488145336
2024-04-09 19:30:00,164207.01680052478,164208.42822402337
2024-04-09 23:30:00,164208.20184160696,164208.52398960275
2024-04-10 03:30:00,164221.14447871098,164208.62760586923
2024-04-10 07:30:00,164218.79458659378,164208.76530014077
2024-04-10 11:30:00,164217.33989392186,164208.87892954578
2024-04-10 15:30:00,164217.438212543,164208.86894448675
2024-04-10 19:30:00,164214.63638284395,164208.83706686666
2024-04-10 23:30:00,164211.445361793,164208.77829741305
2024-04-11 03:30:00,164212.69312349975,164208.7108404412
2024-04-11 07:30:00,164206.4854206159,164208.6988850233
2024-04-11 11:30:00,164203.61344346285,164208.68076389172
2024-04-11 15:30:00,164216.7049461399,164208.6972472562
2024-04-11 19:30:00,164211.12320343827,164208.7329229262
2024-04-11 23:30:00,164203.31677390536,164208.73816701243
2024-04-12 03:30:00,164205.76064394537,164208.71280331226
2024-04-12 07:30:00,164205.30219519162,164208.69432035816
2024-04-12 11:30:00,164198.47145588012,164208.61951326588
2024-04-12 15:30:00,164211.68617089902,164208.55346483368
2024-04-12 19:30:00,164211.79780657656,164208.50548177946
2024-04-12 23:30:00,164208.88674220777,164208.53488538307
2024-04-13 03:30:00,164208.33357818937,164208.52435139893
2024-04-13 07:30:00,164212.5997597594,164208.56541726994
2024-04-13 11:30:00,164202.5177089601,164208.66754593677
2024-04-13 15:30:00,164214.53379844074,164208.73859648273
2024-04-13 19:30:00,164214.33417899656,164208.84788827415
2024-04-13 23:30:00,164206.69382234712,164208.93105181484
2024-04-14 03:30:00,164207.91038871722,164208.95063958067
2024-04-14 07:30:00,164218.42439389045,164209.01832532993
2024-04-14 11:30:00,164214.26798821965,164209.0228576054
2024-04-14 15:30:00,164214.09733317312,164208.95833441935
2024-04-14 19:30:00,164221.4382627653,164208.95954732687
2024-04-14 23:30:00,164215.84859263207,164208.98362339727
2024-04-15 03:30:00,164209.9734651116,164209.00183213304
2024-04-15 07:30:00,164219.457852245,164208.96120180804
2024-04-15 11:30:00,164217.1609040634,164208.9894516194
2024-04-15 15:30:00,164201.16843886758,164208.95326200762
2024-04-15 19:30:00,164204.20660513683,164208.8713953255
2024-04-15 23:30:00,164202.3538961105,164208.8186295062
2024-04-16 03:30:00,164196.40165292015,164208.86447995028
2024-04-16 07:30:00,164203.12134436367,164208.86583125015
2024-04-16 11:30:00,164213.7171220098,164208.94793941433
2024-04-16 15:30:00,164209.32877237146,164209.0249279469
2024-04-16 19:30:00,164212.4529958142,164208.9953641232
2024-04-16 23:30:00,164210.26873866902,164208.95073223213
2024-04-17 03:30:00,164205.0280085376,164208.95216510628
2024-04-17 07:30:00,164208.87735088458,164208.9950350896
2024-04-17 11:30:00,164217.99915456635,164209.04083222937
2024-04-17 15:30:00,164210.78420279073,164209.16572835416
2024-04-17 19:30:00,164215.65562558855,164209.20440152648
2024-04-17 23:30:00,164217.26463695837,164209.269904069
2024-04-18 03:30:00,164201.50311263427,164209.23432382345
2024-04-18 07:30:00,164206.3173901805,164209.21967481726
2024-04-18 11:30:00,164213.98320661313,164209.2536625229
2024-04-18 15:30:00,164211.23284587546,164209.2982394212
2024-04-18 19:30:00,164212.0503270692,164209.3423296841
2024-04-18 23:30:00,164215.05897477415,164209.3751865418
2024-04-19 03:30:00,164206.82973898243,164209.3699078263
2024-04-19 07:30:00,164205.1062477091,164209.35941084352
2024-04-19 11:30:00,164217.56931865282,164209.4032297616
2024-04-19 15:30:00,164209.7472901177,164209.4176573299
2024-04-19 19:30:00,164219.12010165694,164209.49096541427
2024-04-19 23:30:00,164218.50812911266,164209.55039266546
2024-04-20 03:30:00,164210.74069647942,164209.5218345485
2024-04-20 07:30:00,164208.44866469267,164209.54872147052
2024-04-20 11:30:00,164218.2103238074,164209.59076650708
2024-04-20 15:30:00,164207.56791757193,164209.57578307815
2024-04-20 19:30:00,164201.32739602035,164209.5245746657
2024-04-20 23:30:00,164201.18272708706,164209.46041654996
2024-04-21 03:30:00,164211.63180000585,164209.410995283
2024-04-21 07:30:00,164205.58179406796,164209.37364785143
2024-04-21 11:30:00,164205.97367386182,164209.36409065448
2024-04-21 15:30:00,164216.60561987082,164209.3814760742
2024-04-21 19:30:00,164208.11284935806,164209.42697038848
2024-04-21 23:30:00,164207.51161896012,164209.4284205767
2024-04-22 03:30:00,164212.68623104916,164209.371249971
2024-04-22 07:30:00,164201.75754245988,164209.31798153
2024-04-22 11:30:00,164204.91747707798,164209.27407080488
2024-04-22 15:30:00,164212.20422914784,164209.2258234755
2024-04-22 19:30:00,164206.36420060275,164209.20361904165
2024-04-22 23:30:00,164212.8343113035,164209.25317549557
2024-04-23 03:30:00,164216.02315451545,164209.30099363337
2024-04-23 07:30:00,164206.62055634303,164209.31516596925
2024-04-23 11:30:00,164199.07471590998,164209.28024168822
2024-04-23 15:30:00,164215.83024199947,164209.29256148
2024-04-23 19:30:00,164213.432815881,164209.30534557308
2024-04-23 23:30:00,164216.1279742379,164209.3498747044
2024-04-24 03:30:00,164223.1247035176,164209.4046514898
2024-04-24 07:30:00,164209.08078581176,164209.39790515485
2024-04-24 11:30:00,164206.88429163003,164209.41787445222
2024-04-24 15:30:00,164214.04687051743,164209.45338227216
2024-04-24 19:30:00,164209.73066033766,164209.4738013746
2024-04-24 23:30:00,164204.48105470775,164209.4638866503
2024-04-25 03:30:00,164218.39601004944,164209.49846870548
2024-04-25 07:30:00,164214.52441940122,164209.52266401693
2024-04-25 11:30:00,164204.45681375253,164209.47195124847
2024-04-25 15:30:00,164213.64304177318,164209.44720556148
2024-04-25 19:30:00,164210.5715255765,164209.39341060995
2024-04-25 23:30:00,164207.335092841,164209.36476573322
2024-04-26 03:30:00,164217.05080283276,164209.38205153868
2024-04-26 07:30:00,164213.05850866606,164209.39839720068
2024-04-26 11:30:00,164188.41666164855,164209.3560096264
2024-04-26 15:30:00,164204.1533824834,164209.33425678482
2024-04-26 19:30:00,164216.51036791943,164209.39787202372
2024-04-26 23:30:00,164202.7043893411,164209.42212076677
2024-04-27 03:30:00,164219.51380393337,164209.45012877506
2024-04-27 07:30:00,164225.21394649896,164209.5197966728
2024-04-27 11:30:00,164210.45304342598,164209.59299649985
2024-04-27 15:30:00,164209.3126291392,164209.56885079085
2024-04-27 19:30:00,164207.0070914901,164209.59630991466
2024-04-27 23:30:00,164203.33950245412,164209.60447209948
2024-04-28 03:30:00,164213.46187658448,164209.6149092352
2024-04-28 07:30:00,164209.70381892513,164209.5739971474
2024-04-28 11:30:00,164208.3685451377,164209.52734159335
2024-04-28 15:30:00,164212.22490354435,164209.459080107
2024-04-28 19:30:00,164203.28208543398,164209.31383032328
2024-04-28 23:30:00,164206.64458861828,164209.2971032513
2024-04-29 03:30:00,164203.45135520483,164209.26058564827
2024-04-29 07:30:00,164216.640458422,164209.248099557
2024-04-29 11:30:00,164216.39413795434,164209.28253935906
2024-04-29 15:30:00,164206.66541055118,164209.28500246466
2024-04-29 19:30:00,164212.10850219007,164209.28546947613
2024-04-29 23:30:00,164198.74651345523,164209.25144830177
2024-04-30 03:30:00,164203.10176117453,164209.2855616767
2024-04-30 07:30:00,164212.8281149468,164209.3280564537
2024-04-30 11:30:00,164205.13076598817,164209.39935440873
2024-04-30 15:30:00,164199.57613790478,164209.45680206883
2024-04-30 19:30:00,164192.44151088194,164209.34933330555
2024-04-30 23:30:00,164188.1608771112,164209.21772199826
2024-05-01 03:30:00,164192.06015305826,164209.17215313338
2024-05-01 07:30:00,164214.97983936543,164209.1347227525
2024-05-01 11:30:00,164228.87457446,164209.19410680488
2024-05-01 15:30:00,164232.5496726157,164209.36315879997
2024-05-01 19:30:00,164223.4534213443,164209.4041409972
2024-05-01 23:30:00,164213.61188069457,164209.39924160996
2024-05-02 03:30:00,164208.28722118522,164209.41457399752
2024-05-02 07:30:00,164205.19937843064,164209.41835139348
2024-05-02 11:30:00,164199.36976125016,164209.36957390324
2024-05-02 15:30:00,164207.24706442546,164209.4070445132
2024-05-02 19:30:00,164209.7401651884,164209.35527083895
2024-05-02 23:30:00,164206.23862357915,164209.3020118266
2024-05-03 03:30:00,164201.8637499807,164209.2646213512
2024-05-03 07:30:00,164208.0116194148,164209.2780677353
2024-05-03 11:30:00,164213.30651300566,164209.27866019178
2024-05-03 15:30:00,164207.1884923629,164209.33388129235
2024-05-03 19:30:00,164209.32306161002,164209.37515158477
2024-05-03 23:30:00,164209.24580491174,164209.33742500815
2024-05-04 03:30:00,164184.239304131,164209.2239082147
2024-05-04 07:30:00,164200.82963369437,164209.21137062632
2024-05-04 11:30:00,164212.3137917174,164209.1993046934
2024-05-04 15:30:00,164208.36057055256,164209.22884272717
2024-05-04 19:30:00,164211.50032082546,164209.3063168251
2024-05-04 23:30:00,164213.97893004413,164209.36369810064
2024-05-05 03:30:00,164205.47376932547,164209.39974624634
2024-05-05 07:30:00,164206.31936243633,164209.44397007092
2024-05-05 11:30:00,164211.89610768974,164209.48053285346
2024-05-05 15:30:00,164207.79084188936,164209.4765958191
2024-05-05 19:30:00,164209.4932675358,164209.52265962216
2024-05-05 23:30:00,164212.80017807096,164209.57170426764
2024-05-06 03:30:00,164212.28555915944,164209.61041719085
2024-05-06 07:30:00,164206.39518202725,164209.64709317012
2024-05-06 11:30:00,164212.6100611208,164209.64459683176
2024-05-06 15:30:00,164214.89453566654,164209.6383859333
2024-05-06 19:30:00,164204.4710216611,164209.58964648703
2024-05-06 23:30:00,164204.85546624087,164209.54423884753
2024-05-07 03:30:00,164212.98902404052,164209.51472850764
2024-05-07 07:30:00,164209.2793276771,164209.5203887838
2024-05-07 11:30:00,164198.43614487958,164209.45367033465
2024-05-07 15:30:00,164213.6913907402,164209.45215164975
2024-05-07 19:30:00,164217.39479361713,164209.5028292844
2024-05-07 23:30:00,164211.63727330172,164209.50765886583
2024-05-08 03:30:00,164215.30490442313,164209.51614744822
2024-05-08 07:30:00,164206.33996559057,164209.51825730345
2024-05-08 11:30:00,164187.73269852228,164209.40519853026
2024-05-08 15:30:00,164210.97864877683,164209.46922597758
2024-05-08 19:30:00,164211.89711256244,164209.5048991955
2024-05-08 23:30:00,164206.91519964093,164209.53516289542
2024-05-09 03:30:00,164217.4409749491,164209.58160342666
2024-05-09 07:30:00,164221.14091532704,164209.66950601616
2024-05-09 11:30:00,164208.6765861293,164209.71909749336
2024-05-09 15:30:00,164216.3351493895,164209.75036137283
2024-05-09 19:30:00,164218.55693151566,164209.81447321165
2024-05-09 23:30:00,164211.0771896002,164209.8304473672
2024-05-10 03:30:00,164219.92248212243,164209.82365849725
2024-05-10 07:30:00,164213.61198934633,164209.79486629032
2024-05-10 11:30:00,164201.50521860426,164209.70689587187
2024-05-10 15:30:00,164211.15046036162,164209.67196391532
2024-05-10 19:30:00,164211.51710010722,164209.65463456677
2024-05-10 23:30:00,164212.71101569218,164209.66166597733
2024-05-11 03:30:00,164210.96942370632,164209.6520898674
2024-05-11 07:30:00,164211.174479638,164209.67814019526
2024-05-11 11:30:00,164198.67059940266,164209.6506799505
2024-05-11 15:30:00,164207.00015986376,164209.59676447118
2024-05-11 19:30:00,164217.84340593684,164209.6340989295
2024-05-11 23:30:00,164216.20701514062,164209.7057113808
2024-05-12 03:30:00,164219.8035553059,164209.78372755504
2024-05-12 07:30:00,164222.99602880896,164209.88202663072
2024-05-12 11:30:00,164207.33415827254,164209.93126386622
2024-05-12 15:30:00,164186.3961899098,164209.7907639718
2024-05-12 19:30:00,164205.20875247862,164209.7541581157
2024-05-12 23:30:00,164207.24106812576,164209.74501548192
2024-05-13 03:30:00,164202.66105061342,164209.71350143984
2024-05-13 07:30:00,164228.1545945195,164209.7999171885
2024-05-13 11:30:00,164223.81386725968,164209.91822917905
2024-05-13 15:30:00,164210.37220333915,164209.89510920626
2024-05-13 19:30:00,164213.32774767056,164209.88951792114
2024-05-13 23:30:00,164204.40904610007,164209.87682471974
2024-05-14 03:30:00,164202.8118166551,164209.8484993194
2024-05-14 07:30:00,164212.5338044418,164209.81577382248
2024-05-14 11:30:00,164211.20416492954,164209.79875258196
2024-05-14 15:30:00,164217.88272280662,164209.8197825244
2024-05-14 19:30:00,164212.62212956217,164209.77080400658
2024-05-14 23:30:00,164213.45193053043,164209.75748921713
2024-05-15 03:30:00,164209.99354497486,164209.75760077193
2024-05-15 07:30:00,164211.62348449844,164209.71407650667
2024-05-15 11:30:00,164209.60343585667,164209.6720905722
2024-05-15 15:30:00,164202.894973886,164209.6816824334
2024-05-15 19:30:00,164211.83951096077,164209.72408746576
2024-05-15 23:30:00,164207.65614562252,164209.7535444075
2024-05-16 03:30:00,164206.06235339653,164209.8072149657
2024-05-16 07:30:00,164205.49030323047,164209.8203758483
2024-05-16 11:30:00,164211.50453565991,164209.8080837019
2024-05-16 15:30:00,164207.25713180198,164209.7965745876
2024-05-16 19:30:00,164202.32414210553,164209.74030317814
2024-05-16 23:30:00,164206.9570337917,164209.7219048177
2024-05-17 03:30:00,164205.13386096223,164209.72249288674
2024-05-17 07:30:00,164209.48953561767,164209.725893913
2024-05-17 11:30:00,164218.19804138318,164209.7269988398
2024-05-17 15:30:00,164213.08957435426,164209.73980645958
2024-05-17 19:30:00,164214.42731883228,164209.73298253317
2024-05-17 23:30:00,164214.6801704509,164209.7186243859
2024-05-18 03:30:00,164213.19139568982,164209.78355929174
2024-05-18 07:30:00,164210.9994651551,164209.8095708194
2024-05-18 11:30:00,164216.98140484508,164209.82622747624
2024-05-18 15:30:00,164217.25133700052,164209.85966353802
2024-05-18 19:30:00,164208.39425605218,164209.8393520324
2024-05-18 23:30:00,164211.9982429124,164209.8223479665
2024-05-19 03:30:00,164213.76322790608,164209.8608673494
2024-05-19 07:30:00,164209.18875762838,164209.88354796005
2024-05-19 11:30:00,164206.15446601796,164209.8201321121
2024-05-19 15:30:00,164194.29084851893,164209.7342629921
2024-05-19 19:30:00,164202.06549064527,164209.63951515316
2024-05-19 23:30:00,164201.64048966105,164209.5458060451
2024-05-20 03:30:00,164202.6490279984,164209.5008523313
2024-05-20 07:30:00,164202.67932735718,164209.46880045722
2024-05-20 11:30:00,164210.53356314191,164209.42615178684
2024-05-20 15:30:00,164213.70703943775,164209.46025801945
2024-05-20 19:30:00,164207.19488260878,164209.49285516716
2024-05-20 23:30:00,164208.47418499258,164209.53336326664
2024-05-21 03:30:00,164217.17574864253,164209.5641629813
2024-05-21 07:30:00,164215.1865076239,164209.61752250104
2024-05-21 11:30:00,164214.26926036677,164209.66360909273
2024-05-21 15:30:00,164209.13043985213,164209.62208031485
2024-05-21 19:30:00,164212.82564177088,164209.6482624949
2024-05-21 23:30:00,164208.7575542586,164209.6551843577
2024-05-22 03:30:00,164209.62070615732,164209.63815366384
2024-05-22 07:30:00,164203.59444334407,164209.64835866875
2024-05-22 11:30:00,164207.6243898788,164209.66339707322
2024-05-22 15:30:00,164215.80268444712,164209.6833884915
2024-05-22 19:30:00,164206.50141728463,164209.68415080645
2024-05-22 23:30:00,164210.98215735704,164209.67386106227
2024-05-23 03:30:00,164216.20783073505,164209.67488704127
2024-05-23 07:30:00,164213.62680167117,164209.71381062645
2024-05-23 11:30:00,164206.221462672,164209.7535147751
2024-05-23 15:30:00,164203.67105314226,164209.6859637259
2024-05-23 19:30:00,164210.49489216966,164209.6696419275
2024-05-23 23:30:00,164206.40812491497,164209.6156427646
2024-05-24 03:30:00,164212.23905415914,164209.55516693485
2024-05-24 07:30:00,164206.15659891962,164209.5389214521
2024-05-24 11:30:00,164190.41846375982,164209.4474446306
2024-05-24 15:30:00,164203.57295458773,164209.3892562088
2024-05-24 19:30:00,164212.28869572256,164209.40346751647
2024-05-24 23:30:00,164205.8689355498,164209.41117796558
2024-05-25 03:30:00,164226.0901906185,164209.4539234132
2024-05-25 07:30:00,164223.033763127,164209.501197545
2024-05-25 11:30:00,164212.23578618592,164209.54441405853
2024-05-25 15:30:00,164216.91848875626,164209.5626109862
2024-05-25 19:30:00,164216.98551599632,164209.59824426632
2024-05-25 23:30:00,164216.9472141495,164209.65164494026
2024-05-26 03:30:00,164203.7050215985,164209.57750171117
2024-05-26 07:30:00,164201.36042956627,164209.51251238285
2024-05-26 11:30:00,164205.4408226269,164209.60709105493
2024-05-26 15:30:00,164208.01603917134,164209.62855025876
2024-05-26 19:30:00,164212.84668858588,164209.60819648468
2024-05-26 23:30:00,164212.14273070954,164209.6606317145
2024-05-27 03:30:00,164212.7723935326,164209.6231794345
2024-05-27 07:30:00,164209.50045714065,164209.53588227142
2024-05-27 11:30:00,164199.32462274775,164209.47405771207
2024-05-27 15:30:00,164211.1921451388,164209.48449946765
2024-05-27 19:30:00,164206.9062655588,164209.48393932357
2024-05-27 23:30:00,164211.6562214189,164209.53014331782
2024-05-28 03:30:00,164212.77694568475,164209.52633814618
2024-05-28 07:30:00,164217.77506669404,164209.57117841154
2024-05-28 11:30:00,164204.8610825945,164209.5516925085
2024-05-28 15:30:00,164207.41241119299,164209.5249564399
2024-05-28 19:30:00,164214.85461686435,164209.58924828118
2024-05-28 23:30:00,164203.7363827644,164209.573091582
2024-05-29 03:30:00,164205.884102039,164209.5866068422
2024-05-29 07:30:00,164226.12688849863,164209.63930923148
2024-05-29 11:30:00,164217.49888965528,164209.64544674096
2024-05-29 15:30:00,164212.13366250598,164209.67582591847
2024-05-29 19:30:00,164200.5636478755,164209.61168783894
2024-05-29 23:30:00,164198.8260888205,164209.61212992432
2024-05-30 03:30:00,164198.63900915705,164209.58733685754
2024-05-30 07:30:00,164221.2701809361,164209.63423722415
2024-05-30 11:30:00,164218.0966917356,164209.70627014496
2024-05-30 15:30:00,164218.2977565335,164209.81027913734
2024-05-30 19:30:00,164221.83266591158,164209.97356333197
2024-05-30 23:30:00,164205.3255481927,164210.06892261576
2024-05-31 03:30:00,164208.24075634626,164210.15881485626
2024-05-31 07:30:00,164219.54421219556,164210.18417248307
2024-05-31 11:30:00,164212.4608977687,164210.09298539037
2024-05-31 15:30:00,164205.4727278194,164209.94255791925
2024-05-31 19:30:00,164217.83550758986,164209.91134728727
2024-05-31 23:30:00,164219.40279018064,164209.94351900666
2024-06-01 03:30:00,164203.61011953978,164209.91753510863
2024-06-01 07:30:00,164210.9196743394,164209.94931453033
2024-06-01 15:30:00,164207.935514216,164210.01226426818
2024-06-01 19:30:00,164212.06549455345,164210.025254935
2024-06-01 23:30:00,164211.97395486853,164210.05729589192
2024-06-02 03:30:00,164209.0667606131,164210.0975361748
2024-06-02 07:30:00,164210.65348742343,164210.11229521397
2024-06-02 11:30:00,164209.32813487295,164210.09006963778
2024-06-02 15:30:00,164209.74621591455,164210.10435859617
2024-06-02 19:30:00,164205.50217483944,164210.08301286
2024-06-02 23:30:00,164215.62343100822,164210.1186420561
2024-06-03 03:30:00,164210.8144561281,164210.2671065924
2024-06-03 07:30:00,164207.80069941364,164210.30605109362
2024-06-03 11:30:00,164199.48981152402,164210.23440874615
2024-06-03 15:30:00,164202.21457657893,164210.2000735843
2024-06-03 19:30:00,164201.66804571485,164210.14514467306
2024-06-03 23:30:00,164213.86864447343,164210.14452855257
2024-06-04 03:30:00,164223.75876741327,164210.24667937987
2024-06-04 07:30:00,164219.49233442554,164210.32027140216
2024-06-04 11:30:00,164211.54601657655,164210.3183155859
2024-06-04 15:30:00,164205.18801875843,164210.30377467454
2024-06-04 19:30:00,164207.15025768266,164210.290685234
2024-06-04 23:30:00,164211.5540412068,164210.28372357556
2024-06-05 03:30:00,164217.26335891907,164210.31153251277
2024-06-05 07:30:00,164217.87688121418,164210.37567608364
2024-06-05 11:30:00,164220.49007026528,164210.4196984811
2024-06-05 15:30:00,164224.9243785293,164210.4757311228
2024-06-05 19:30:00,164209.3464086276,164210.5029679215
2024-06-05 23:30:00,164212.8742359894,164210.54776551784
2024-06-06 03:30:00,164214.741726513,164210.55755715177
2024-06-06 07:30:00,164207.4731786587,164210.5474669338
2024-06-06 11:30:00,164198.2814673691,164210.5466028136
2024-06-06 15:30:00,164201.9594310714,164210.4810611395
2024-06-06 19:30:00,164199.65319492127,164210.38194606296
2024-06-06 23:30:00,164205.97400642995,164210.35030770057
2024-06-07 03:30:00,164230.59810538116,164210.43574457744
2024-06-07 07:30:00,164243.62421629913,164210.64403648084
2024-06-07 11:30:00,164229.1738281078,164210.87555117125
2024-06-07 15:30:00,164218.27276615964,164210.91630043037
2024-06-07 19:30:00,164200.8695480529,164210.85469392472
2024-06-07 23:30:00,164205.00997412583,164210.84405020677
2024-06-08 03:30:00,164209.72087222704,164210.8009211413
2024-06-08 07:30:00,164210.23435415069,164210.73999063193
2024-06-08 11:30:00,164221.36897447443,164210.8108978294
2024-06-08 15:30:00,164221.17015516947,164210.83790903483
2024-06-08 19:30:00,164214.48431832963,164210.81515700588
2024-06-08 23:30:00,164208.1963564991,164210.7990629662
2024-06-09 03:30:00,164212.92339599118,164210.75996192635
2024-06-09 07:30:00,164215.826707952,164210.772334656
2024-06-09 11:30:00,164209.5201582046,164210.8171108549
2024-06-09 15:30:00,164220.5845201267,164210.8698150994
2024-06-09 19:30:00,164217.72319569587,164210.90448602446
2024-06-09 23:30:00,164210.97613463324,164210.8947939515
2024-06-10 03:30:00,164212.76816524862,164210.90484278693
2024-06-10 07:30:00,164219.57273380997,164210.951760408
2024-06-10 11:30:00,164209.13326596442,164211.0102110592
2024-06-10 15:30:00,164201.7068308967,164210.98063938902
2024-06-10 19:30:00,164205.79972457766,164210.91335625292
2024-06-10 23:30:00,164197.589622791,164210.80934847443
2024-06-11 03:30:00,164198.47630861693,164210.69020184487
2024-06-11 07:30:00,164224.31655889333,164210.69757910792
2024-06-11 11:30:00,164226.37611633202,164210.80395876188
2024-06-11 15:30:00,164214.01914471903,164210.95827694517
2024-06-11 19:30:00,164210.7632779498,164210.98930781372
2024-06-11 23:30:00,164208.22424302128,164210.9948004109
2024-06-12 03:30:00,164211.55776689562,164211.04450273648
2024-06-12 07:30:00,164207.73226705188,164210.9304115216
2024-06-12 11:30:00,164205.69288278214,164210.82917697146
2024-06-12 15:30:00,164214.88309299175,164210.8543774723
2024-06-12 19:30:00,164221.11656772232,164210.8978904335
2024-06-12 23:30:00,164209.67768902454,164210.92732419283
2024-06-13 03:30:00,164213.231668383,164210.985535655
2024-06-13 07:30:00,164219.83506728467,164211.0263248329
2024-06-13 11:30:00,164216.14966309117,164211.05395331423
2024-06-13 15:30:00,164207.09631618962,164210.9936940594
2024-06-13 19:30:00,164205.00694926427,164210.9511511527
2024-06-13 23:30:00,164210.28692383046,164210.93346955103
2024-06-14 03:30:00,164212.24828318934,164210.9460658539
2024-06-14 07:30:00,164209.7440144043,164210.93556602098
2024-06-14 11:30:00,164208.5809364361,164210.92985373372
2024-06-14 15:30:00,164208.660341882,164210.96206249346
2024-06-14 19:30:00,164211.59552423167,164210.9606994391
2024-06-14 23:30:00,164212.7038957633,164210.98889916058
2024-06-15 03:30:00,164209.42744648,164211.00769856328
2024-06-15 07:30:00,164206.81481168992,164211.01509805187
2024-06-15 11:30:00,164214.3653211038,164211.03108009347
2024-06-15 15:30:00,164204.93205127466,164211.0180908168
2024-06-15 19:30:00,164210.82441766426,164211.06557838974
2024-06-15 23:30:00,164214.86994465993,164211.1097845957
2024-06-16 03:30:00,164214.9060331085,164211.16437773616
2024-06-16 07:30:00,164213.19295579402,164211.18506723436
2024-06-16 11:30:00,164217.33968292293,164211.1802719357
2024-06-16 15:30:00,164218.61349079403,164211.2111318041
2024-06-16 19:30:00,164209.71144964622,164211.18478616615
2024-06-16 23:30:00,164218.85662623213,164211.20811832137
2024-06-17 03:30:00,164211.79421145757,164211.20031282288
2024-06-17 07:30:00,164209.09924470383,164211.18969706618
2024-06-17 11:30:00,164220.21395770297,164211.20775602068
2024-06-17 15:30:00,164217.55301790236,164211.20944138884
2024-06-17 19:30:00,164212.33419088868,164211.23145219797
2024-06-17 23:30:00,164215.3613346737,164211.2502404201
2024-06-18 03:30:00,164214.29755255044,164211.25322547398
2024-06-18 07:30:00,164213.29575863126,164211.27616961367
2024-06-18 11:30:00,164208.73218595822,164211.29057028375
2024-06-18 15:30:00,164220.9493428672,164211.43950041974
2024-06-18 19:30:00,164211.85141770839,164211.49417040334
2024-06-18 23:30:00,164210.88428345163,164211.54581170945
2024-06-19 03:30:00,164217.79458311715,164211.63042374921
2024-06-19 07:30:00,164212.09740944387,164211.68303873294
2024-06-19 11:30:00,164201.52153864093,164211.63269222734
2024-06-19 15:30:00,164216.68937886832,164211.64935334146
2024-06-19 19:30:00,164215.04040479797,164211.69318307439
2024-06-19 23:30:00,164211.43632450342,164211.7097313398
2024-06-20 03:30:00,164221.5052795017,164211.73391866303
2024-06-20 07:30:00,164209.5607481504,164211.70248983917
2024-06-20 11:30:00,164201.94416726552,164211.63363457043
2024-06-20 15:30:00,164217.30601627566,164211.67930818177
2024-06-20 19:30:00,164213.3041404633,164211.6819813588
2024-06-20 23:30:00,164216.0129304914,164211.72251418693
2024-06-21 03:30:00,164229.69263092463,164211.83464784484
2024-06-21 07:30:00,164214.1001648983,164211.8933390267
2024-06-21 11:30:00,164191.98518120524,164211.80596914585
2024-06-21 15:30:00,164217.72099448674,164211.8166859617
2024-06-21 19:30:00,164212.06250430885,164211.84775348697
2024-06-21 23:30:00,164209.51356897032,164211.83954908256
2024-06-22 03:30:00,164220.12339034086,164211.86142371726
2024-06-22 07:30:00,164219.21758535405,164211.89265714568
2024-06-22 11:30:00,164199.449281352,164211.85482373045
2024-06-22 15:30:00,164214.00230916947,164211.91254024458
2024-06-22 19:30:00,164210.01442316186,164211.90985606017
2024-06-22 23:30:00,164206.39448786023,164211.9097798755
2024-06-23 03:30:00,164214.44430746656,164211.9220997264
2024-06-23 07:30:00,164218.372366222,164211.9903442365
2024-06-23 11:30:00,164205.2172268932,164212.07301889083
2024-06-23 15:30:00,164204.50560818415,164212.0782292461
2024-06-23 19:30:00,164215.7612345709,164212.0976289045
2024-06-23 23:30:00,164210.07393183684,164212.12112050387
2024-06-24 03:30:00,164210.79102893564,164212.03565032687
2024-06-24 07:30:00,164215.4825335347,164211.99346468667
2024-06-24 11:30:00,164198.10413287673,164211.91451690285
2024-06-24 15:30:00,164212.54680008334,164211.89009406106
2024-06-24 19:30:00,164219.7524217551,164211.90555163514
2024-06-24 23:30:00,164206.37846253172,164211.84650833003
2024-06-25 03:30:00,164218.86306125813,164211.93119011584
2024-06-25 07:30:00,164221.47621489246,164212.04356880483
2024-06-25 11:30:00,164206.4479633353,164212.0491952892
2024-06-25 19:30:00,164207.39831973173,164212.04124465588
2024-06-25 23:30:00,164200.66491584008,164211.97676254984
2024-06-26 03:30:00,164208.06035445625,164211.9502904202
2024-06-26 07:30:00,164221.4952255778,164212.01767675974
2024-06-26 11:30:00,164219.56849123654,164212.131406358
2024-06-26 19:30:00,164222.153922527,164212.22285787316
2024-06-26 23:30:00,164209.9783018679,164212.2133781017
2024-06-27 03:30:00,164209.34340924004,164212.19397959072
2024-06-27 07:30:00,164220.32307099245,164212.20837509522
2024-06-27 11:30:00,164218.8195154558,164212.28723629782
2024-06-27 15:30:00,164220.9249587992,164212.3635783747
2024-06-27 19:30:00,164225.64269617162,164212.42452797532
2024-06-27 23:30:00,164222.46500965196,164212.53033942665
2024-06-28 03:30:00,164218.04132981028,164212.59902432933
2024-06-28 07:30:00,164222.50855239623,164212.5785817525
2024-06-28 11:30:00,164213.77479991273,164212.55754169743
2024-06-28 15:30:00,164203.50502013118,164212.50879230548
2024-06-28 23:30:00,164211.72592505335,164212.64995696835
2024-06-29 03:30:00,164203.73050165808,164212.678885903
2024-06-29 07:30:00,164216.41992756465,164212.6513276452
2024-06-29 11:30:00,164206.4857282041,164212.58535626152
2024-06-29 15:30:01,164199.3781197896,164212.47785832547
2024-06-29 19:30:00,164206.01457756414,164212.38798282348
2024-06-29 23:30:00,164204.79220293014,164212.38495245267
2024-06-30 07:30:00,164218.0113223773,164212.3998742029
2024-06-30 11:30:00,164221.5569538968,164212.4518516665
2024-06-30 15:30:00,164217.66533917317,164212.52152373138
2024-06-30 19:30:00,164219.60011675852,164212.53160721235
2024-06-30 23:30:00,164222.47334805396,164212.54915325734
2024-07-01 03:30:00,164223.34266208013,164212.66191064325
2024-07-01 07:30:00,164226.29821078898,164212.7497879944
2024-07-01 11:30:00,164226.96334569767,164212.83054684498
2024-07-01 15:30:00,164211.95855222267,164212.85340501548
2024-07-01 19:30:01,164212.58069838307,164212.85633230998
2024-07-01 23:30:00,164212.3673804153,164212.85856768242
2024-07-02 03:30:00,164212.72011916013,164212.87932540142
2024-07-02 07:30:00,164200.48515172125,164212.82155076673
2024-07-02 11:30:00,164197.63507761134,164212.75511294138
2024-07-02 15:30:00,164199.86972034158,164212.6989964893
2024-07-02 19:30:00,164199.9333256676,164212.6673553008
2024-07-02 23:30:00,164212.6963077313,164212.65072391854
2024-07-03 03:30:00,164214.6154617293,164212.67232054126
2024-07-03 07:30:00,164207.82280944893,164212.67244616649
2024-07-03 11:30:00,164216.7412176959,164212.77046551972
2024-07-03 15:30:00,164222.7160382063,164212.88695109717
2024-07-03 19:30:00,164214.14615672315,164212.95784945515
2024-07-03 23:30:00,164213.9463192307,164212.958290789
2024-07-04 03:30:00,164216.20908245438,164212.91539485173
2024-07-04 07:30:00,164212.98585105976,164212.87842619626
2024-07-04 11:30:00,164222.46904126237,164212.9404888365
2024-07-04 15:30:00,164223.15780203373,164213.04258987785
2024-07-04 19:30:00,164207.34888553273,164213.04371844514
2024-07-04 23:30:00,164200.4346354358,164212.98054000328
2024-07-05 03:30:00,164214.9187370711,164212.96721828825
2024-07-05 07:30:00,164212.48508185503,164212.9365830646
2024-07-05 11:30:00,164220.38971694707,164212.93601287532
2024-07-05 15:30:00,164222.0023967191,164212.91941070592
2024-07-05 19:30:00,164220.57566954644,164212.98321332477
2024-07-05 23:30:00,164208.85023878483,164212.9603497043
2024-07-06 03:30:00,164215.9999953051,164212.9674989588
2024-07-06 07:30:00,164209.9787676609,164212.98173525996
2024-07-06 11:30:00,164198.06822846626,164212.9805236753
2024-07-06 15:30:00,164214.5046938707,164213.05180357755
2024-07-06 19:30:00,164225.8687235469,164213.20075544476
2024-07-06 23:30:00,164206.6391985842,164213.20453494563
2024-07-07 03:30:00,164217.3402262216,164213.12920608677
2024-07-07 07:30:00,164209.91045774234,164212.9376506404
2024-07-07 11:30:00,164202.30754032108,164212.785001278
2024-07-07 15:30:00,164215.9590195257,164212.77185499028
2024-07-07 19:30:00,164226.2177836532,164212.9158790562
2024-07-07 23:30:00,164208.7661208294,164212.93722079883
2024-07-08 03:30:00,164215.21183373046,164212.96841944376
2024-07-08 07:30:00,164211.5310718895,164212.97578715815
2024-07-08 11:30:00,164204.99218036278,164212.88273719163
2024-07-08 15:30:00,164212.35047925735,164212.83262539667
2024-07-08 19:30:00,164219.55415425083,164212.8614312826
2024-07-08 23:30:00,164211.54752954302,164212.88047203852
2024-07-09 03:30:00,164214.42782191187,164212.88901991307
2024-07-09 07:30:00,164210.86306045103,164212.86081737044
2024-07-09 11:30:00,164200.4855680905,164212.80948447206
2024-07-09 15:30:00,164208.06138486695,164212.73833029447
2024-07-09 19:30:00,164224.3277872685,164212.77585638294
2024-07-09 23:30:00,164214.2221102142,164212.79429942602
2024-07-10 03:30:00,164214.54113855603,164212.804373138
2024-07-10 07:30:00,164219.57734676558,164212.80439934798
2024-07-10 11:30:00,164207.2090180085,164212.79346612093
2024-07-10 15:30:00,164212.62694496027,164212.85551222356
2024-07-10 19:30:00,164217.67736406482,164212.92299881158
2024-07-10 23:30:00,164211.08513041993,164212.9996778322
2024-07-11 03:30:00,164205.31277215912,164213.03852137504
2024-07-11 07:30:00,164219.312982243,164213.01009196226
2024-07-11 11:30:00,164208.0024589883,164212.9056961819
2024-07-11 15:30:00,164212.90011083215,164212.89933803483
2024-07-11 19:30:00,164216.7684481707,164212.93345832016
2024-07-11 23:30:00,164211.1302313005,164212.9499696172
2024-07-12 03:30:00,164204.10628521667,164212.90763165313
2024-07-12 07:30:00,164218.9610854011,164212.97143175738
2024-07-12 11:30:00,164208.9818365049,164212.99011899444
2024-07-12 15:30:00,164211.47582623005,164212.9707595242
2024-07-12 19:30:00,164220.13236895998,164212.96516748576
2024-07-12 23:30:00,164218.0407003547,164213.0126845956
2024-07-13 03:30:00,164212.80264910668,164213.0102469861
2024-07-13 07:30:00,164215.83237403646,164212.98750441082
2024-07-13 11:30:00,164213.37111415964,164212.97171720097
2024-07-13 15:30:00,164217.42982232932,164213.03043030403
2024-07-13 19:30:00,164219.48044252844,164213.1126660612
2024-07-13 23:30:00,164215.2704802592,164213.14098172274
2024-07-14 03:30:00,164213.606787608,164213.14870049784
2024-07-14 07:30:00,164217.20736611134,164213.19110590528
2024-07-14 11:30:00,164213.9102895807,164213.22138632086
2024-07-14 15:30:00,164213.56079884124,164213.24922982632
2024-07-14 19:30:00,164211.07740205515,164213.24628595033
2024-07-14 23:30:00,164218.750381376,164213.2806409822
2024-07-15 03:30:00,164218.70980762286,164213.33338167053
2024-07-15 07:30:00,164219.32643802182,164213.4044704565
2024-07-15 11:30:00,164216.7909027724,164213.41825217052
2024-07-15 15:30:00,164214.4431709485,164213.47229262322
2024-07-15 19:30:00,164216.3063929943,164213.50344021033
2024-07-15 23:30:00,164220.74642656767,164213.53682931207
2024-07-16 03:30:00,164220.54114860794,164213.56884701375
2024-07-16 07:30:00,164219.84553656014,164213.60664576813
2024-07-16 11:30:00,164214.30055213405,164213.58937797954
2024-07-16 15:30:00,164216.37785647056,164213.5766755118
2024-07-16 19:30:00,164214.39339898477,164213.6032774967
2024-07-16 23:30:00,164213.56834052104,164213.57323041875
2024-07-17 03:30:00,164217.60301405625,164213.606234979
2024-07-17 07:30:00,164217.04776563356,164213.65139702972
2024-07-17 11:30:00,164214.62013254367,164213.61961393224
2024-07-17 15:30:00,164218.79175771173,164213.6266522266
2024-07-17 19:30:00,164216.0197954359,164213.64759316153
2024-07-17 23:30:00,164217.18680950272,164213.6579651776
2024-07-18 03:30:00,164219.40131455447,164213.68696382537
2024-07-18 07:30:00,164216.83778558386,164213.7070889785
2024-07-18 11:30:00,164208.23823629218,164213.7042824463
2024-07-18 15:30:00,164220.3720410321,164213.70100232225
2024-07-18 19:30:00,164211.30511547838,164213.6978983323
2024-07-18 23:30:00,164210.46728760016,164213.69552903768
2024-07-19 03:30:00,164220.98243718455,164213.7136418449
2024-07-19 07:30:00,164216.716332272,164213.7398857246
2024-07-19 11:30:00,164204.93731253967,164213.75929353086
2024-07-19 15:30:00,164224.2572264079,164213.8022926646
2024-07-19 19:30:00,164212.02116034407,164213.78513786654
2024-07-19 23:30:00,164213.9119035717,164213.7992036567
2024-07-20 03:30:00,164221.44861740773,164213.798881713
2024-07-20 07:30:00,164216.03711784957,164213.83567926812
2024-07-20 15:30:00,164223.57763824094,164213.93946860504
2024-07-20 19:30:00,164213.49618463608,164213.94056600035
2024-07-20 23:30:00,164209.33752175438,164213.90242080754
2024-07-21 03:30:00,164224.49198277044,164213.8727028181
2024-07-21 07:30:00,164220.45364582652,164213.90900842342
2024-07-21 11:30:00,164216.49573258884,164214.04906871702
2024-07-21 15:30:00,164220.03518858072,164214.0622926833
2024-07-21 19:30:00,164208.502849463,164214.04195179843
2024-07-21 23:30:00,164209.91440985558,164214.04424231782
2024-07-22 03:30:00,164216.82945604,164214.02541983608
2024-07-22 07:30:00,164216.93083169777,164214.01235267232
2024-07-22 11:30:00,164209.33728216024,164214.0688555341
2024-07-22 15:30:00,164214.89069482364,164214.07393202354
2024-07-22 19:30:00,164206.43676012426,164214.05348823476
2024-07-22 23:30:00,164200.9949734809,164214.02263386687
2024-07-23 03:30:00,164216.29857592346,164214.0332296866
2024-07-23 07:30:00,164216.46792883406,164214.02234718725
2024-07-23 15:30:00,164216.14815023655,164214.1398624881
2024-07-23 19:30:00,164215.53437496856,164214.13855869728
2024-07-23 23:30:00,164201.44208877723,164214.08895040382
2024-07-24 03:30:00,164219.32967968067,164214.13802310926
2024-07-24 07:30:00,164219.8876031664,164214.1633396014
2024-07-24 11:30:00,164211.95839319206,164214.24296178712
2024-07-24 15:30:00,164214.98884822978,164214.25699654658
2024-07-24 19:30:00,164216.50508381642,164214.2383336849
2024-07-24 23:30:00,164209.8355086975,164214.2582017663
2024-07-25 03:30:00,164221.35395932797,164214.27251727245
2024-07-25 07:30:00,164221.20266880404,164214.27094516848
2024-07-25 11:30:00,164220.1498207079,164214.34969147522
2024-07-25 15:30:00,164220.5951229708,164214.3853796552
2024-07-25 19:30:00,164216.66615658262,164214.43833872292
2024-07-25 23:30:00,164200.3104708598,164214.43631332304
2024-07-26 03:30:00,164209.7487722016,164214.44596142444
2024-07-26 07:30:00,164220.3719309646,164214.43954259806
2024-07-26 11:30:00,164205.19377331965,164214.3574013528
2024-07-26 15:30:00,164205.8548195847,164214.3090912291
2024-07-26 19:30:00,164217.29125172936,164214.2814624178
2024-07-26 23:30:00,164199.6237575017,164214.22262977937
2024-07-27 03:30:00,164214.0586512608,164214.2494209272
2024-07-27 07:30:00,164213.0384935366,164214.20803128256
2024-07-27 11:30:00,164215.99981018304,164214.1920102299
2024-07-27 15:30:00,164215.4945881887,164214.16115585138
2024-07-27 19:30:00,164225.5114742891,164214.16041027254
2024-07-27 23:30:00,164218.0403674394,164214.13527025995
2024-07-28 03:30:00,164217.30509599415,164214.13108711326
2024-07-28 07:30:00,164218.36925782863,164214.10756839413
2024-07-28 11:30:00,164208.51024254112,164214.07765613633
2024-07-28 15:30:00,164215.58172952014,164214.14627380332
2024-07-28 19:30:00,164216.8205568573,164214.16138274712
2024-07-28 23:30:00,164221.8567800856,164214.21861921623
2024-07-29 03:30:00,164219.75601044463,164214.3091588139
2024-07-29 07:30:00,164224.22836318926,164214.3532742694
2024-07-29 11:30:00,164213.79983579458,164214.39459691118
2024-07-29 15:30:00,164213.75602370294,164214.39100942123
2024-07-29 19:30:00,164215.69155984864,164214.53050022302
2024-07-29 23:30:00,164220.5871594979,164214.61973726578
2024-07-30 03:30:00,164214.40902352682,164214.61855348072
2024-07-30 07:30:00,164213.39894968405,164214.59264127456
2024-07-30 11:30:00,164208.3676825781,164214.5185442447
2024-07-30 15:30:00,164213.43934086736,164214.49480268118
2024-07-30 19:30:00,164205.78334645068,164214.4171803761
2024-07-30 23:30:00,164225.3862027592,164214.43354472835
2024-07-31 03:30:00,164226.6976866232,164214.45239318084
2024-07-31 07:30:00,164219.59820015889,164214.4147526717
2024-07-31 11:30:00,164206.71214871877,164214.30098190214
2024-07-31 15:30:00,164213.55281492145,164214.30993843416
2024-07-31 19:30:00,164216.21132434145,164214.3205607018
2024-07-31 23:30:00,164223.7936378452,164214.39452766668
2024-08-01 03:30:00,164220.68394627713,164214.43926826847
2024-08-01 07:30:00,164219.23443514013,164214.5446013214
2024-08-01 11:30:00,164226.1204976541,164214.70463177105
2024-08-01 15:30:00,164219.63413866435,164214.81566782904
2024-08-01 19:30:00,164211.61328297676,164214.88128556675
2024-08-01 23:30:00,164213.78928259498,164214.88742587497
2024-08-02 03:30:00,164219.52328163508,164214.9149978969
2024-08-02 07:30:00,164210.9191039081,164214.9323928096
2024-08-02 11:30:00,164206.1110766501,164214.8726729161
2024-08-02 15:30:00,164215.08970228245,164214.82982833224
2024-08-02 19:30:00,164210.0988882915,164214.80709086914
2024-08-02 23:30:00,164213.38814749126,164214.80395507286
2024-08-03 03:30:00,164223.76184011798,164214.84638629566
2024-08-03 07:30:00,164211.39203440648,164214.83743226956
2024-08-03 11:30:00,164206.07691230797,164214.74534165743
2024-08-03 15:30:00,164203.62519570073,164214.63560791398
2024-08-03 19:30:00,164203.34468900872,164214.6131124279
2024-08-03 23:30:00,164209.25510120572,164214.6626656064
2024-08-04 03:30:00,164228.4349188529,164214.7385992119
2024-08-04 07:30:00,164221.26881786386,164214.78794604342
2024-08-04 11:30:00,164216.89735566,164214.76832603617
2024-08-04 15:30:00,164210.54262767106,164214.7039453112
2024-08-04 19:30:00,164207.94666448908,164214.6329958446
2024-08-04 23:30:00,164207.73049986895,164214.62670517652
2024-08-05 03:30:00,164222.30286988465,164214.66211458427
2024-08-05 07:30:00,164222.28149000183,164214.7312310019
2024-08-05 11:30:00,164222.84251545314,164214.87041238946
2024-08-05 15:30:00,164221.96610362863,164214.91233042182
2024-08-05 19:30:00,164219.03330901905,164214.8739292166
2024-08-05 23:30:00,164208.9517625887,164214.8869211492
2024-08-06 03:30:00,164223.44677163966,164214.92122758416
2024-08-06 07:30:00,164220.3034073093,164214.9796149413
2024-08-06 11:30:00,164222.87689394256,164215.09517310766
2024-08-06 15:30:00,164226.25107968936,164215.1529936704
2024-08-06 19:30:00,164222.11500614785,164215.12994435857
2024-08-06 23:30:00,164209.3829615646,164215.13340975594
2024-08-07 03:30:00,164216.03163617055,164215.13801538764
2024-08-07 07:30:00,164220.8341265774,164215.19027973982
2024-08-07 11:30:00,164207.17225940063,164215.20252737487
2024-08-07 15:30:00,164212.05853290303,164215.2008872268
2024-08-07 19:30:00,164211.81035175934,164215.15738271843
2024-08-07 23:30:00,164210.90765707614,164215.1537879293
2024-08-08 03:30:00,164213.93643628093,164215.15102733587
2024-08-08 07:30:00,164224.9850045497,164215.23036410045
2024-08-08 11:30:00,164211.58108617365,164215.29269847172
2024-08-08 15:30:00,164217.05237385814,164215.3432096458
2024-08-08 19:30:00,164221.12344704062,164215.32520773442
2024-08-08 23:30:00,164214.07177247727,164215.32436314042
2024-08-09 03:30:00,164212.06185115888,164215.31043455953
2024-08-09 07:30:00,164220.42543287005,164215.3151990882
2024-08-09 11:30:00,164217.85839934807,164215.37502707326
2024-08-09 15:30:00,164216.35884681583,164215.395992814
2024-08-09 19:30:00,164221.15440730844,164215.41552676482
2024-08-09 23:30:00,164214.04031354224,164215.4321289172
2024-08-10 03:30:00,164210.20101172253,164215.45959093721
2024-08-10 07:30:00,164221.51429918924,164215.47195788633
2024-08-10 11:30:00,164215.32139928764,164215.5130755285
2024-08-10 15:30:00,164214.17409782062,164215.52023275875
2024-08-10 19:30:00,164216.5425766011,164215.51896381733
2024-08-10 23:30:00,164216.6113094079,164215.549756391
2024-08-11 03:30:00,164218.6927822057,164215.63170300328
2024-08-11 11:30:00,164221.15378757057,164215.68166101835
2024-08-11 15:30:00,164217.94702152535,164215.71822144376
2024-08-11 19:30:00,164214.0863913079,164215.68406337794
2024-08-11 23:30:00,164217.67164558056,164215.68197832268
2024-08-12 03:30:00,164219.19315521748,164215.718082877
2024-08-12 07:30:00,164222.22000290747,164215.7541711757
2024-08-12 11:30:00,164217.23579805615,164215.776005548
2024-08-12 15:30:00,164215.8265358755,164215.76694743242
2024-08-12 19:30:00,164214.97133615336,164215.74147225518
2024-08-12 23:30:00,164217.7128887734,164215.75527117334
2024-08-13 03:30:00,164210.0157328927,164215.7349827286
2024-08-13 07:30:00,164212.95674004298,164215.71096789208
2024-08-13 11:30:00,164212.23056968726,164215.7014779492
2024-08-13 15:30:00,164212.23191886945,164215.69397015273
2024-08-13 19:30:00,164211.62751782633,164215.69707815142
2024-08-14 03:30:00,164213.07396682413,164215.64770801493
2024-08-14 07:30:00,164211.3349035003,164215.60230156878
2024-08-14 11:30:00,164212.62613290106,164215.57863810362
2024-08-14 15:30:00,164213.0626927622,164215.57079447756
2024-08-14 19:30:00,164212.13663159637,164215.54710265144
2024-08-14 23:30:00,164215.14262904416,164215.51526289276
2024-08-15 03:30:00,164220.57881322395,164215.51547689628
2024-08-15 07:30:00,164218.46501120538,164215.5076330022
2024-08-15 11:30:00,164220.82791205277,164215.54472027448
2024-08-15 15:30:00,164220.06027903265,164215.56564312993
2024-08-15 19:30:00,164217.37597626244,164215.58258959174
2024-08-15 23:30:00,164218.71434946518,164215.61182827895
2024-08-16 03:30:00,164218.10001806435,164215.61465216533
2024-08-16 07:30:00,164214.3592264321,164215.59937637442
2024-08-16 11:30:00,164218.47378161244,164215.6212721078
2024-08-16 15:30:00,164227.59876295467,164215.6713119103
2024-08-16 19:30:00,164224.22280388576,164215.71791991283
2024-08-16 23:30:00,164220.65156884384,164215.73760604544
2024-08-17 03:30:00,164219.1080367608,164215.73593969436
2024-08-17 07:30:00,164203.33973153698,164215.65924620547
2024-08-17 11:30:00,164208.50283548984,164215.66074961
2024-08-17 15:30:00,164219.03838193134,164215.65317200148
2024-08-17 19:30:00,164212.2802183722,164215.6587123588
2024-08-17 23:30:00,164218.47041842356,164215.70418469302
2024-08-18 03:30:00,164218.4034703313,164215.6895314723
2024-08-18 07:30:00,164201.0448899783,164215.6004891865
2024-08-18 11:30:00,164205.56191086626,164215.60403804065
2024-08-18 15:30:00,164218.89356538828,164215.57356269393
2024-08-18 19:30:00,164219.9836292841,164215.61880399476
2024-08-18 23:30:00,164214.9596847779,164215.62475729708
2024-08-19 03:30:00,164229.03916854656,164215.66788542853
2024-08-19 07:30:00,164215.15281420355,164215.66286097598
2024-08-19 11:30:00,164211.67967302416,164215.64035708926
2024-08-19 15:30:00,164220.8738612321,164215.62508151293
2024-08-19 19:30:00,164212.82337928325,164215.62128035276
2024-08-19 23:30:00,164212.86251143084,164215.64119554867
2024-08-20 03:30:00,164224.2546063863,164215.63985443913
2024-08-20 07:30:00,164217.9181112192,164215.62552938485
2024-08-20 11:30:00,164211.36647138474,164215.596550508
2024-08-20 15:30:00,164222.13907145226,164215.6084368519
2024-08-20 19:30:00,164216.57943401384,164215.6540672731
2024-08-20 23:30:00,164211.60189047697,164215.66360106194
2024-08-21 03:30:00,164219.9883827593,164215.68144810552
2024-08-21 07:30:00,164217.48416895632,164215.68457430476
2024-08-21 11:30:00,164218.40535799807,164215.7358063716
2024-08-21 15:30:00,164225.54874017593,164215.7960213171
2024-08-21 19:30:00,164210.1177411346,164215.81681781998
2024-08-21 23:30:00,164206.70855820263,164215.84909795967
2024-08-22 03:30:00,164215.93432849977,164215.84704006463
2024-08-22 07:30:00,164216.44660880038,164215.84691961244
2024-08-22 11:30:00,164211.88001121805,164215.82463361023
2024-08-22 15:30:00,164220.61756669084,164215.84974269144
2024-08-22 19:30:00,164221.09508613494,164215.8809826418
2024-08-22 23:30:00,164212.7282723883,164215.94438816773
2024-08-23 03:30:00,164216.90831323498,164215.93078498542
2024-08-23 07:30:00,164219.1152822522,164215.9264461039
2024-08-23 11:30:00,164213.09876276558,164215.93285267454
2024-08-23 15:30:00,164217.8126149494,164215.94871653253
2024-08-23 19:30:00,164220.2688447849,164215.96986125704
2024-08-23 23:30:00,164213.7805804468,164215.99202458147
2024-08-24 03:30:00,164219.13589876014,164215.97956356706
2024-08-24 07:30:00,164225.25917704595,164216.00235293922
2024-08-24 11:30:00,164215.02212921088,164215.97354568358
2024-08-24 15:30:00,164217.33970040813,164215.9552567928
2024-08-24 19:30:00,164221.42294168888,164215.98198030464
2024-08-24 23:30:00,164216.3152834257,164216.071894982
2024-08-25 03:30:00,164217.18651654615,164216.11368006255
2024-08-25 07:30:00,164218.0006965676,164216.100358521
2024-08-25 11:30:00,164211.7907202383,164216.13742002056
2024-08-25 15:30:00,164212.75075332087,164216.17616122132
2024-08-25 19:30:00,164218.4777251398,164216.18282680228
2024-08-25 23:30:00,164217.94177178506,164216.28573699485
2024-08-26 03:30:00,164217.3224914151,164216.3040731755
2024-08-26 07:30:00,164221.07654234587,164216.34923075308
2024-08-26 11:30:00,164206.6029344506,164216.2964393164
2024-08-26 15:30:00,164210.75828792396,164216.26983088796
2024-08-26 19:30:00,164218.042662957,164216.22787127373
2024-08-26 23:30:00,164217.17468851933,164216.223007909
2024-08-27 03:30:00,164220.7174530637,164216.24217845435
2024-08-27 07:30:00,164210.1542241589,164216.19602657977
2024-08-27 11:30:00,164208.55787585076,164216.19629418265
2024-08-27 15:30:00,164216.1791162153,164216.19965028766
2024-08-27 19:30:00,164215.27566457615,164216.19097111758
2024-08-27 23:30:00,164222.16509851642,164216.19270324358
2024-08-28 03:30:00,164222.62852767832,164216.20884098083
2024-08-28 07:30:00,164231.2296904249,164216.2481742799
2024-08-28 11:30:00,164228.48381725646,164216.33066855778
2024-08-28 15:30:00,164216.99726116154,164216.348877757
2024-08-28 19:30:00,164212.27333923665,164216.3296742704
2024-08-28 23:30:00,164220.4461610521,164216.32888214433
2024-08-29 03:30:00,164218.0541095404,164216.34936015564
2024-08-29 07:30:00,164221.986006441,164216.3976020475
2024-08-29 11:30:00,164215.29447937824,164216.43651663628
2024-08-29 15:30:00,164220.0614530603,164216.47371951377
2024-08-29 19:30:00,164215.1742559852,164216.52647743252
2024-08-29 23:30:00,164215.10852908023,164216.46873769272
2024-08-30 03:30:00,164215.33294338832,164216.40489082065
2024-08-30 07:30:00,164217.32505236092,164216.3921203274
2024-08-30 11:30:00,164223.0230255701,164216.483754467
2024-08-30 15:30:00,164229.29248968305,164216.57217960613
2024-08-30 19:30:00,164221.1411434984,164216.59987521934
2024-08-30 23:30:00,164219.840077773,164216.5776642077
2024-08-31 03:30:00,164217.2410973057,164216.55832235955
2024-08-31 07:30:00,164209.5422492543,164216.50387187704
2024-08-31 11:30:00,164210.07423765582,164216.41372434897
2024-08-31 15:30:00,164221.72198429788,164216.4254538188
2024-08-31 19:30:00,164223.29938425747,164216.4911060732
2024-08-31 23:30:00,164222.68967579308,164216.54110828217
2024-09-01 03:30:00,164230.1875174403,164216.6010197193
2024-09-01 07:30:00,164215.07293455317,164216.62435584652
2024-09-01 11:30:00,164206.3280902076,164216.6255750238
2024-09-01 15:30:00,164220.6838940341,164216.65700306735
2024-09-01 19:30:00,164216.38044738313,164216.69229272517
2024-09-01 23:30:00,164216.02915034274,164216.7071298198
2024-09-02 03:30:00,164221.52795462424,164216.69457990135
2024-09-02 07:30:00,164216.53661655154,164216.7234820482
2024-09-02 11:30:00,164213.10056736818,164216.7629407845
2024-09-02 15:30:00,164218.1113941316,164216.84432392177
2024-09-02 19:30:00,164209.36632527382,164216.878153339
2024-09-02 23:30:00,164211.57630206825,164216.89119379327
2024-09-03 03:30:00,164220.42666620598,164216.84620360984
2024-09-03 07:30:00,164218.03365327546,164216.8280285279
2024-09-03 11:30:00,164215.48668285346,164216.82010339978
2024-09-03 15:30:00,164220.5718537817,164216.8764473667
2024-09-03 19:30:00,164218.70551669132,164216.9368903566
2024-09-03 23:30:00,164213.7080253882,164216.97047196064
2024-09-04 03:30:00,164223.3588219966,164216.97640427586
2024-09-04 07:30:00,164217.19294633195,164216.9478169519
2024-09-04 11:30:00,164215.37069602695,164216.90584043827
2024-09-04 15:30:00,164221.77667718884,164216.90477624477
2024-09-04 19:30:00,164215.2589152717,164216.8835717855
2024-09-04 23:30:00,164210.89115086113,164216.89446722527
2024-09-05 03:30:00,164216.45217918913,164216.85517176206
2024-09-05 07:30:00,164212.8806401128,164216.81347082273
2024-09-05 11:30:00,164212.15153210625,164216.75321598095
2024-09-05 15:30:00,164217.63632608065,164216.70481848877
2024-09-05 19:30:00,164216.07434605394,164216.67088219608
2024-09-05 23:30:00,164212.15378838236,164216.6864486389
2024-09-06 03:30:00,164216.15732899425,164216.68715477837
2024-09-06 07:30:00,164219.47005596122,164216.6794914603
2024-09-06 11:30:00,164215.872423583,164216.72836878715
2024-09-06 15:30:00,164221.2926690123,164216.78024595632
2024-09-06 19:30:00,164223.60622297678,164216.84651489573
2024-09-06 23:30:00,164213.6825392618,164216.8621041215
2024-09-07 03:30:00,164217.8769927887,164216.88424207942
2024-09-07 07:30:00,164221.63098362007,164216.8653992652
2024-09-07 11:30:00,164217.59456679452,164216.89918286417
2024-09-07 15:30:00,164216.61628770482,164216.89673294197
2024-09-07 23:30:00,164216.0898746097,164216.88425490828
2024-09-08 03:30:00,164219.56728055043,164216.92665846413
2024-09-08 07:30:00,164220.70964544918,164216.92826418494
2024-09-08 11:30:00,164220.5953177015,164216.9437270005
2024-09-08 15:30:00,164218.55348676647,164216.95612609625
2024-09-08 19:30:00,164219.9357513324,164216.94924103425
2024-09-08 23:30:00,164215.12620856165,164216.95537603437
2024-09-09 03:30:00,164221.3381756634,164217.01829786453
2024-09-09 07:30:00,164219.6887177177,164217.00798384493
2024-09-09 11:30:00,164208.98919763218,164216.97220869432
2024-09-09 15:30:00,164215.8265492119,164216.9815445779
2024-09-09 19:30:00,164222.58491608314,164217.01568208908
2024-09-09 23:30:00,164216.26704451084,164217.01373708967
2024-09-10 03:30:00,164223.6521708809,164217.0417562347
2024-09-10 07:30:00,164215.57738333216,164217.03352942067
2024-09-10 11:30:00,164212.25534679356,164216.98353818033
2024-09-10 15:30:00,164211.2212553281,164216.945752977
2024-09-10 19:30:00,164218.63364747647,164216.97129935995
2024-09-10 23:30:00,164217.8195435512,164216.97213024745
2024-09-11 03:30:00,164219.04397232275,164216.9712921413
2024-09-11 07:30:00,164217.73515330243,164216.946096357
2024-09-11 11:30:00,164200.44282718084,164216.85175382398
2024-09-11 15:30:00,164210.32662366645,164216.8208554408
2024-09-11 19:30:00,164217.87006935285,164216.83714045875
2024-09-11 23:30:00,164224.0877801288,164216.87295445512
2024-09-12 03:30:00,164230.1449034521,164216.98603968302
2024-09-12 07:30:00,164227.7746054662,164217.06928611797
2024-09-12 11:30:00,164218.26186749677,164217.10316981352
2024-09-12 15:30:00,164219.85261800577,164217.14598273003
2024-09-12 19:30:00,164216.75098988807,164217.17476628092
2024-09-12 23:30:00,164219.88623693353,164217.1899141617
2024-09-13 03:30:00,164219.32099373147,164217.22481375333
2024-09-13 07:30:00,164226.02152927252,164217.306861942
2024-09-13 11:30:00,164223.79548138942,164217.3692605369
2024-09-13 15:30:00,164216.3558160163,164217.3876578735
2024-09-13 19:30:00,164212.50042827267,164217.3896902572
2024-09-13 23:30:00,164212.26324988087,164217.3736043401
2024-09-14 03:30:00,164214.81464988395,164217.34140231027
2024-09-14 07:30:00,164211.15077031363,164217.3005406293
2024-09-14 11:30:00,164208.29641191213,164217.23053224862
2024-09-14 15:30:00,164218.69799528082,164217.22292172487
2024-09-14 19:30:00,164218.429380098,164217.22880666246
2024-09-14 23:30:00,164217.66993584542,164217.22297194955
2024-09-15 03:30:00,164218.7034379483,164217.22634301032
2024-09-15 07:30:00,164215.73651344993,164217.2340373512
2024-09-15 11:30:00,164221.9137797101,164217.25325521769
2024-09-15 15:30:00,164220.5280600509,164217.21375408414
2024-09-15 19:30:00,164214.45429733972,164217.15918142188
2024-09-15 23:30:00,164217.62983442898,164217.14230022402
2024-09-16 03:30:00,164225.89119554518,164217.18019496585
2024-09-16 07:30:00,164220.21687473822,164217.27448068204
2024-09-16 11:30:00,164222.21992787108,164217.35111248307
2024-09-16 15:30:00,164231.36867702662,164217.4199968132
2024-09-16 19:30:00,164219.60688727023,164217.46092792437
2024-09-16 23:30:00,164218.1281549661,164217.45901583802
2024-09-17 03:30:00,164225.29322445017,164217.49750608447
2024-09-17 07:30:00,164210.288014661,164217.54914365255
2024-09-17 11:30:00,164221.90316426568,164217.64043557097
2024-09-17 15:30:00,164227.04109123,164217.68595247512
2024-09-17 19:30:00,164217.37032437592,164217.67135300636
2024-09-17 23:30:00,164221.47658502977,164217.70776027034
2024-09-18 03:30:00,164226.6188726873,164217.6942390644
2024-09-18 07:30:00,164213.22349377634,164217.68346073802
2024-09-18 11:30:00,164216.98023971354,164217.71307284242
2024-09-18 15:30:00,164220.90995677476,164217.7132744935
2024-09-18 19:30:00,164220.14871023688,164217.7541981301
2024-09-18 23:30:00,164221.28199670833,164217.8012343607
2024-09-19 03:30:00,164226.97726184185,164217.81644472637
2024-09-19 07:30:00,164215.9637181299,164217.80552632923
2024-09-19 11:30:00,164211.7262200494,164217.80753609832
2024-09-19 15:30:00,164225.2438430709,164217.82488119116
2024-09-19 19:30:00,164215.79085439775,164217.82047571844
2024-09-19 23:30:00,164209.7687201453,164217.8102345434
2024-09-20 03:30:00,164223.24112267507,164217.82840627478
2024-09-20 07:30:00,164225.67551328486,164217.87416797492
2024-09-20 11:30:00,164215.48889238798,164217.85787487097
2024-09-20 15:30:00,164224.84068450655,164217.85391925272
2024-09-20 19:30:00,164220.7928927441,164217.9135569712
2024-09-20 23:30:00,164208.20523102448,164217.92191827187
2024-09-21 03:30:00,164212.67259603622,164217.9036963028
2024-09-21 07:30:00,164224.74904705104,164217.9500786394
2024-09-21 11:30:00,164212.71625828254,164217.95475041072
2024-09-21 15:30:00,164226.97535745494,164217.99026879488
2024-09-21 19:30:00,164227.83628563624,164218.02792912727
2024-09-21 23:30:00,164211.82688367052,164218.0228934361
2024-09-22 03:30:00,164211.68838958547,164217.9937318515
2024-09-22 07:30:00,164220.23585958546,164217.99999206007
2024-09-22 11:30:00,164215.12700772146,164218.01132303744
2024-09-22 15:30:00,164216.53438003847,164218.0041820603
2024-09-22 19:30:00,164228.90175108315,164218.05241058712
2024-09-22 23:30:00,164226.75868455294,164218.124913962
2024-09-23 03:30:00,164214.42619497835,164218.09860276768
2024-09-23 07:30:00,164210.45470132917,164218.01589619942
2024-09-23 11:30:00,164212.66444785963,164218.00272479525
2024-09-23 15:30:00,164213.139294758,164217.9792588419
2024-09-23 19:30:00,164228.96277008232,164218.0213807882
2024-09-23 23:30:00,164228.4782556882,164218.08933035392
2024-09-24 03:30:00,164223.4156689029,164218.12413008776
2024-09-24 07:30:00,164221.33776063268,164218.14277290378
2024-09-24 11:30:00,164214.34719318547,164218.15705487554
2024-09-24 15:30:00,164213.7487442972,164218.16263024413
2024-09-24 19:30:00,164221.55839438364,164218.17984068682
2024-09-24 23:30:00,164222.93638281745,164218.20774354175
2024-09-25 03:30:00,164222.15035424198,164218.2347148425
2024-09-25 07:30:00,164213.15024514374,164218.1904338525
2024-09-25 11:30:00,164225.57321418973,164218.29641306892
2024-09-25 15:30:00,164215.10528372828,164218.32069796167
2024-09-25 19:30:00,164218.23055963707,164218.3217476638
2024-09-25 23:30:00,164220.82727671313,164218.34215318444
2024-09-26 03:30:00,164216.32181828463,164218.31759656555
2024-09-26 07:30:00,164218.13416991703,164218.36217726814
2024-09-26 11:30:00,164213.21508244175,164218.38819518205
2024-09-26 15:30:00,164209.10874639306,164218.3486959093
2024-09-26 19:30:00,164219.91409619595,164218.3746089351
2024-09-26 23:30:00,164228.1308430124,164218.40793711666
2024-09-27 03:30:00,164223.34371187494,164218.4119325591
2024-09-27 07:30:00,164210.15891567778,164218.29421873367
2024-09-27 11:30:00,164197.32501112187,164218.12014719102
2024-09-27 15:30:00,164203.1143616771,164218.04258909335
2024-09-27 19:30:00,164214.49307642755,164218.05498985978
2024-09-27 23:30:00,164213.592300312,164218.01670013496
2024-09-28 03:30:00,164236.09342248936,164218.11747841962
2024-09-28 07:30:00,164234.07682437822,164218.18502488855
2024-09-28 11:30:00,164224.52364756868,164218.23658448734
2024-09-28 15:30:00,164221.34969361738,164218.243781362
2024-09-28 19:30:00,164218.01757516628,164218.25966582668
2024-09-28 23:30:00,164219.5692095165,164218.28458582913
2024-09-29 03:30:00,164209.6402187171,164218.252782898
2024-09-29 07:30:00,164211.38946828918,164218.21962321043
2024-09-29 11:30:00,164204.98880630088,164218.11887338213
2024-09-29 15:30:00,164212.0303775678,164218.0224370016
2024-09-29 19:30:00,164214.40018030166,164217.9847779893
2024-09-29 23:30:00,164212.81110113405,164217.9455099634
2024-09-30 03:30:00,164228.45103909355,164218.00813533654
2024-09-30 07:30:00,164223.92723077215,164218.08849836176
2024-09-30 11:30:00,164216.47499646727,164218.12425679088
2024-09-30 15:30:00,164219.61272518086,164218.1124732204
2024-09-30 19:30:00,164214.61029003703,164218.06393079457
2024-09-30 23:30:00,164226.0076501283,164218.08246696406
2024-10-01 03:30:00,164217.05833648104,164218.0091195844
2024-10-01 07:30:00,164214.61241116704,164218.00654682802
2024-10-01 11:30:00,164221.58791088432,164218.09179722288
2024-10-01 15:30:00,164221.55864974612,164218.0966841263
2024-10-01 19:30:00,164219.9289352329,164218.11650808077
2024-10-01 23:30:00,164221.0625910023,164218.14462786098
2024-10-02 03:30:00,164221.14255314833,164218.14247478012
2024-10-02 07:30:00,164218.54416238694,164218.15369011997
2024-10-02 11:30:00,164221.85829045327,164218.20261594726
2024-10-02 15:30:00,164220.49812187362,164218.2159496218
2024-10-02 19:30:00,164214.3201074136,164218.24362438236
2024-10-02 23:30:00,164212.17030125376,164218.24694281357
2024-10-03 03:30:00,164213.959479817,164218.21081328066
2024-10-03 07:30:00,164210.8341367459,164218.17059251794
2024-10-03 11:30:00,164211.11099798494,164218.14614735107
2024-10-03 15:30:00,164214.59094963348,164218.11273447872
2024-10-03 19:30:00,164215.5463003885,164218.09508522565
2024-10-03 23:30:00,164213.93160869443,164218.0963342944
2024-10-04 03:30:00,164216.42117239206,164218.05757647537
2024-10-04 07:30:00,164218.38424249348,164218.06423176118
2024-10-04 11:30:00,164212.8950473172,164218.05040132147
2024-10-04 15:30:00,164219.24922397593,164218.0362814711
2024-10-04 19:30:00,164226.1548086989,164218.09715238414
2024-10-04 23:30:00,164221.27359220872,164218.15515484975
2024-10-05 03:30:00,164228.64901630866,164218.22329360462
2024-10-05 07:30:00,164233.89168976905,164218.3406737703
2024-10-05 11:30:00,164217.5726417156,164218.37095929883
2024-10-05 15:30:00,164220.69011011985,164218.38801954486
2024-10-05 19:30:00,164228.14909346748,164218.45547623432
2024-10-05 23:30:00,164231.70285856578,164218.56468891693
2024-10-06 03:30:00,164231.43445260692,164218.6500359762
2024-10-06 07:30:00,164223.22281404468,164218.67100110516
2024-10-06 11:30:00,164212.68571484252,164218.65319826303
2024-10-06 15:30:00,164212.2713305944,164218.60279972438
2024-10-06 19:30:00,164211.94011556357,164218.53762593993
2024-10-06 23:30:00,164199.74461459002,164218.45976043897
2024-10-07 03:30:00,164213.62226951378,164218.43599103522
2024-10-07 07:30:00,164228.2867342302,164218.47317399952
2024-10-07 11:30:00,164216.51273980524,164218.46713027332
2024-10-07 15:30:00,164221.53530311282,164218.49461080635
2024-10-07 19:30:00,164223.65969984856,164218.52330574548
2024-10-07 23:30:00,164204.26636731232,164218.4576195938
2024-10-08 03:30:00,164210.14727583627,164218.40528623428
2024-10-08 07:30:00,164210.57134674318,164218.34896235258
2024-10-08 11:30:00,164215.17569692424,164218.31885334826
2024-10-08 15:30:00,164209.2434861228,164218.26713112247
2024-10-08 19:30:00,164228.3969306512,164218.31413767426
2024-10-08 23:30:00,164211.47720209305,164218.29386541608
2024-10-09 03:30:00,164220.96871916938,164218.29181288
2024-10-09 07:30:00,164225.174858584,164218.32229144036
2024-10-09 11:30:00,164211.7598105251,164218.33768373422
2024-10-09 15:30:00,164216.6510541072,164218.34226431698
2024-10-09 19:30:00,164223.2879456426,164218.34617003676
2024-10-09 23:30:00,164209.38455043212,164218.30793395854
2024-10-10 03:30:00,164208.78000156878,164218.22531079568
2024-10-10 07:30:00,164213.68046419523,164218.21477235603
2024-10-10 11:30:00,164229.10432660746,164218.30837779946
2024-10-10 15:30:00,164223.05335906573,164218.3741117091
2024-10-10 19:30:00,164223.31894483627,164218.4001411389
2024-10-10 23:30:00,164219.564482949,164218.40983524665
2024-10-11 03:30:00,164210.61600862505,164218.3630132261
2024-10-11 07:30:00,164208.10228721934,164218.30949730342
2024-10-11 11:30:00,164224.4067626656,164218.44263027835
2024-10-11 15:30:00,164219.82234623397,164218.4953842926
2024-10-11 19:30:00,164231.33599217556,164218.57019497495
2024-10-11 23:30:00,164227.44426326008,164218.58884210346
2024-10-12 03:30:00,164209.6715620984,164218.47510131818
2024-10-12 07:30:00,164211.82041130145,164218.38646690611
2024-10-12 11:30:00,164215.1727518442,164218.3693051525
2024-10-12 15:30:00,164210.13140643702,164218.31529842157
2024-10-12 19:30:00,164211.16028354707,164218.28423894188
2024-10-12 23:30:00,164220.9065530209,164218.28990736458
2024-10-13 03:30:00,164217.92264117737,164218.2821387393
2024-10-13 07:30:00,164211.69828932252,164218.20256518404
2024-10-13 11:30:00,164211.8698739898,164218.13631180956
2024-10-13 15:30:00,164219.69876312453,164218.15488373797
2024-10-13 19:30:00,164221.43533145302,164218.20452208896
2024-10-13 23:30:00,164235.58256996394,164218.33407386718
2024-10-14 03:30:00,164229.62848914924,164218.41637297423
2024-10-14 07:30:00,164228.2464306793,164218.51134886514
2024-10-14 11:30:00,164231.19222291745,164218.63854781518
2024-10-14 15:30:00,164222.32195450552,164218.65868092197
2024-10-14 19:30:00,164219.4039863041,164218.66409540092
2024-10-14 23:30:00,164215.1875916058,164218.65030459955
2024-10-15 03:30:00,164219.08757438828,164218.65243869092
2024-10-15 07:30:00,164196.38806917125,164218.5449473338
2024-10-15 11:30:00,164209.3368815717,164218.47507567747
2024-10-15 15:30:00,164223.95265229436,164218.49410118992
2024-10-15 19:30:00,164205.93316262562,164218.44676155265
2024-10-15 23:30:00,164224.1526799785,164218.48299958347
2024-10-16 03:30:00,164218.48665328816,164218.4418632376
2024-10-16 07:30:00,164205.09658965011,164218.35786165379
2024-10-16 11:30:00,164214.97513542912,164218.3176128069
2024-10-16 15:30:00,164221.51012623028,164218.26284308024
2024-10-16 19:30:00,164213.10240652147,164218.22670707607
2024-10-16 23:30:00,164218.30481902632,164218.22768854306
2024-10-17 03:30:00,164227.11444481628,164218.237806434
2024-10-17 07:30:00,164216.99604166305,164218.27507325067
2024-10-17 11:30:00,164217.45683937953,164218.25037144576
2024-10-17 15:30:00,164228.64799107885,164218.25929866714
2024-10-17 19:30:00,164209.20034159915,164218.2139098739
2024-10-17 23:30:00,164218.84270511614,164218.19927720772
2024-10-18 03:30:00,164226.90761800078,164218.20088134837
2024-10-18 07:30:00,164214.1325433561,164218.20593162382
2024-10-18 11:30:00,164215.69150838078,164218.1987720053
2024-10-18 15:30:00,164224.4843632634,164218.21862981914
2024-10-18 19:30:00,164218.58858537892,164218.20996245882
2024-10-18 23:30:00,164211.66423312033,164218.1565304389
2024-10-19 03:30:00,164221.644508166,164218.12690402957
2024-10-19 07:30:00,164204.73445405086,164218.0645192291
2024-10-19 11:30:00,164200.502959672,164218.00216778257
2024-10-19 15:30:00,164223.88163974977,164217.99459998636
2024-10-19 19:30:00,164227.36187524706,164218.0588834355
2024-10-19 23:30:00,164233.79582111203,164218.19236732976
2024-10-20 03:30:00,164214.85797008485,164218.14579425982
2024-10-20 07:30:00,164217.69800755137,164218.10147478353
2024-10-20 11:30:00,164214.71919174862,164218.09719866887
2024-10-20 15:30:00,164222.09692950902,164218.08195558554
2024-10-20 19:30:00,164228.3825162202,164218.1241201604
2024-10-20 23:30:00,164221.02574541746,164218.19534524038
2024-10-21 03:30:00,164218.59039623913,164218.22822190818
2024-10-21 07:30:00,164221.62335935692,164218.2108569765
2024-10-21 11:30:00,164209.84851097845,164218.19492504705
2024-10-21 15:30:00,164216.4028556057,164218.13618892568
2024-10-21 19:30:00,164210.78584138834,164218.04146423543
2024-10-21 23:30:00,164219.1339610884,164218.08205910996
2024-10-22 03:30:00,164207.8949247571,164218.06098430537
2024-10-22 07:30:00,164218.0815658305,164218.04901600673
2024-10-22 11:30:00,164218.19716644497,164218.06607244408
2024-10-22 15:30:00,164217.78071094654,164218.07299650466
2024-10-22 19:30:00,164232.84057773263,164218.09487887495
2024-10-22 23:30:00,164233.0969273735,164218.13009133507
2024-10-23 03:30:00,164222.71062894128,164218.1761159682
2024-10-23 07:30:00,164218.66297575735,164218.2217174928
2024-10-23 11:30:00,164221.47733328855,164218.2706779674
2024-10-23 15:30:00,164223.48596178126,164218.32815945087
2024-10-23 19:30:00,164217.12532778803,164218.26239588257
2024-10-23 23:30:00,164219.7045125327,164218.21365286503
2024-10-24 03:30:00,164225.9690453969,164218.22783829
2024-10-24 07:30:00,164210.87124845615,164218.1696910001
2024-10-24 11:30:00,164220.80751757158,164218.20558169115
2024-10-24 15:30:00,164215.1709272868,164218.21348270777
2024-10-24 19:30:00,164219.08076388744,164218.1997180939
2024-10-24 23:30:00,164230.28008524305,164218.2405164407
2024-10-25 03:30:00,164224.79299513917,164218.255197779
2024-10-25 07:30:00,164215.50003615327,164218.26825217353
2024-10-25 11:30:00,164222.45703458367,164218.25094006458
2024-10-25 15:30:00,164219.90556932834,164218.27760831793
2024-10-25 19:30:00,164218.75516468508,164218.28052279042
2024-10-25 23:30:00,164224.3224792646,164218.2999405824
2024-10-26 03:30:00,164222.43531097344,164218.33390443068
2024-10-26 07:30:00,164211.8364378441,164218.29891703025
2024-10-26 11:30:00,164213.91718382543,164218.30281759347
2024-10-26 15:30:00,164213.9339708131,164218.32962439582
2024-10-26 19:30:00,164213.2599934652,164218.29265715845
2024-10-26 23:30:00,164219.21165968655,164218.24310613994
2024-10-27 03:30:00,164222.1950837503,164218.2367248726
2024-10-27 07:30:00,164223.0439915987,164218.30830862772
2024-10-27 11:30:00,164219.86886333217,164218.43355225108
2024-10-27 15:30:00,164221.78558653162,164218.53728127806
2024-10-27 19:30:00,164218.2093940391,164218.557927487
2024-10-27 23:30:00,164223.73103493504,164218.61425379047
2024-10-28 03:30:00,164223.26268767004,164218.54297193035
2024-10-28 07:30:00,164220.6037993185,164218.46812179114
2024-10-28 11:30:00,164218.24811466006,164218.43325771944
2024-10-28 15:30:00,164219.4254287497,164218.42256735906
2024-10-28 19:30:00,164214.9637573974,164218.40560170478
2024-10-28 23:30:00,164213.1402454159,164218.36988523757
2024-10-29 03:30:00,164217.7816594584,164218.4151154639
2024-10-29 07:30:00,164216.1349672332,164218.44147934692
2024-10-29 11:30:00,164216.045639578,164218.50290619847
2024-10-29 15:30:00,164218.70418534434,164218.53998290832
2024-10-29 19:30:00,164213.75932189575,164218.5364225839
2024-10-29 23:30:00,164217.19644330212,164218.5607855959
2024-10-30 03:30:00,164218.65166667366,164218.506344638
2024-10-30 07:30:00,164218.21573645747,164218.47461411403
2024-10-30 11:30:00,164217.67442595138,164218.4812776112
2024-10-30 15:30:00,164220.48413782555,164218.48611879253
2024-10-30 19:30:00,164212.60955118435,164218.4750035767
2024-10-30 23:30:00,164216.4033122705,164218.42164614412
2024-10-31 03:30:00,164219.5349802483,164218.4354052762
2024-10-31 07:30:00,164214.36247317033,164218.43401673177
2024-10-31 11:30:00,164216.35307486184,164218.4049343094
2024-10-31 15:30:00,164221.50608733325,164218.404642296
2024-10-31 19:30:00,164218.12356891725,164218.39461248316
2024-10-31 23:30:00,164220.767495561,164218.39297306404
2024-11-01 03:30:00,164226.39842289983,164218.42217234042
2024-11-01 07:30:00,164226.73872000544,164218.46769766053
2024-11-01 11:30:00,164220.91398774952,164218.4624515344
2024-11-01 15:30:00,164223.8187732099,164218.48089959737
2024-11-01 19:30:00,164208.47842782253,164218.44844582185
2024-11-01 23:30:00,164222.71052012287,164218.50700259334
2024-11-02 03:30:00,164228.88396023106,164218.58991637343
2024-11-02 07:30:00,164222.07115934973,164218.6523442768
2024-11-02 11:30:00,164217.72540113245,164218.68909096095
2024-11-02 15:30:00,164229.7992792189,164218.77358168087
2024-11-02 19:30:00,164215.40691605554,164218.77280732346
2024-11-02 23:30:00,164202.08901819156,164218.707015154
2024-11-03 03:30:00,164212.28571153223,164218.68404037145
2024-11-03 07:30:00,164218.48730549644,164218.68461294367
2024-11-03 11:30:00,164208.157952882,164218.65829575236
2024-11-03 15:30:00,164222.6631640647,164218.6772620862
2024-11-03 19:30:00,164237.73078141292,164218.74157304573
2024-11-03 23:30:00,164222.49819246653,164218.74837638048
2024-11-04 03:30:00,164220.15931002647,164218.7012113456
2024-11-04 07:30:00,164222.1739614247,164218.6361128548
2024-11-04 11:30:00,164226.02463385626,164218.6830683667
2024-11-04 15:30:00,164221.60070174292,164218.68812720902
2024-11-04 19:30:00,164220.96280412888,164218.64820337936
2024-11-04 23:30:00,164217.72370538968,164218.57054141726
2024-11-05 03:30:00,164216.50362988623,164218.48759240218
2024-11-05 07:30:00,164227.138089145,164218.5093439305
2024-11-05 11:30:00,164221.37297911601,164218.5576065098
2024-11-05 15:30:00,164222.1987413053,164218.61275879154
2024-11-05 19:30:00,164222.21173923998,164218.66982336753
2024-11-05 23:30:00,164221.06782021816,164218.788285621
2024-11-06 03:30:00,164222.01032476051,164218.83488592794
2024-11-06 07:30:00,164227.14833735942,164218.82856150085
2024-11-06 11:30:00,164216.842311541,164218.83039245495
2024-11-06 15:30:00,164227.7006890452,164218.86464459903
2024-11-06 19:30:00,164223.32873486803,164218.8628059047
2024-11-06 23:30:00,164209.93411226638,164218.89429337665
2024-11-07 03:30:00,164212.14554126209,164218.90539485126
2024-11-07 07:30:00,164199.06728804763,164218.84148341406
2024-11-07 11:30:00,164205.6225307104,164218.7884102684
2024-11-07 15:30:00,164206.97308243558,164218.7757969146
2024-11-07 19:30:00,164223.04053539052,164218.74603916315
2024-11-07 23:30:00,164235.15918838247,164218.87760575363
2024-11-08 03:30:00,164224.4887716826,164218.89716160094
2024-11-08 07:30:00,164225.59901870866,164218.89951804606
2024-11-08 11:30:00,164222.15308174797,164218.95725844178
2024-11-08 15:30:00,164229.15891213168,164219.02674654187
2024-11-08 19:30:00,164224.21268830312,164219.0318840011
2024-11-08 23:30:00,164222.3277102018,164219.1037904443
2024-11-09 03:30:00,164218.66451319325,164219.15870439773
2024-11-09 07:30:00,164223.24444192013,164219.21183760735
2024-11-09 11:30:00,164219.19448686138,164219.15678294207
2024-11-09 15:30:00,164211.20441707066,164219.09095548655
2024-11-09 19:30:00,164214.34587476455,164219.04110509728
2024-11-09 23:30:00,164214.82426134843,164219.0147705328
2024-11-10 03:30:00,164205.0871448238,164218.9840546228
2024-11-10 07:30:00,164218.83254336938,164219.04366715698
2024-11-10 11:30:00,164218.51992023087,164219.01096247678
2024-11-10 15:30:00,164215.8214153471,164218.98873508297
2024-11-10 19:30:00,164224.40766807555,164218.95024439352
2024-11-10 23:30:00,164222.06324654532,164218.92034985623
2024-11-11 03:30:00,164215.38089663937,164218.95206838145
2024-11-11 07:30:00,164218.45693918198,164218.9889379808
2024-11-11 11:30:00,164211.46834409953,164218.96835793773
2024-11-11 15:30:00,164210.54010918492,164218.9706285086
2024-11-11 19:30:00,164215.92583926665,164218.99710381814
2024-11-11 23:30:00,164229.25912269184,164219.04350698297
2024-11-12 03:30:00,164224.83384612182,164219.081902566
2024-11-12 07:30:00,164225.61481579568,164219.15921660195
2024-11-12 11:30:00,164223.1666747423,164219.22197660615
2024-11-12 15:30:00,164215.2527191874,164219.19727636204
2024-11-12 19:30:00,164224.15888385187,164219.21240720872
2024-11-12 23:30:00,164230.39816200323,164219.18360494226
2024-11-13 03:30:00,164221.9084499026,164219.14071583532
2024-11-13 07:30:00,164220.03830493824,164219.09511513676
2024-11-13 11:30:00,164222.26373832222,164219.04551244457
2024-11-13 15:30:00,164222.67825520274,164219.04749189288
2024-11-13 19:30:00,164217.644870233,164219.0377190258
2024-11-13 23:30:00,164214.84066166228,164219.03579163726
2024-11-14 03:30:00,164201.4455344152,164218.93778030406
2024-11-14 07:30:00,164199.64385781158,164218.95586801873
2024-11-14 11:30:00,164208.83213620752,164218.95306387782
2024-11-14 15:30:00,164215.39242086498,164218.90550703654
2024-11-14 19:30:00,164243.933941904,164219.11662247698
2024-11-14 23:30:00,164245.1769501566,164219.23342397797
2024-11-15 03:30:00,164232.1601387069,164219.30938778585
2024-11-15 07:30:00,164217.69269595225,164219.3793661542
2024-11-15 11:30:00,164234.2630132657,164219.48652103107
2024-11-15 15:30:00,164243.81757276854,164219.61045128963
2024-11-15 19:30:00,164225.1031172301,164219.67712190465
2024-11-15 23:30:00,164224.95742430442,164219.7140808229
2024-11-16 03:30:00,164227.40746869092,164219.71570873327
2024-11-16 07:30:00,164221.22181947035,164219.73918527667
2024-11-16 11:30:00,164215.72178693442,164219.72954609644
2024-11-16 15:30:00,164219.49937952467,164219.67872047666
2024-11-16 19:30:00,164205.42177063174,164219.65772841574
2024-11-16 23:30:00,164189.7502349571,164219.49610358154
2024-11-17 03:30:00,164205.63882755747,164219.3779436346
2024-11-17 07:30:00,164219.4303136128,164219.40737569157
2024-11-17 11:30:00,164216.21490142526,164219.41028343074
2024-11-17 15:30:00,164249.1836435043,164219.54750165428
2024-11-17 19:30:00,164250.19631806706,164219.72310016924
2024-11-17 23:30:00,164222.95986864768,164219.78585369993
2024-11-18 03:30:00,164225.05787576683,164219.80481685328
2024-11-18 07:30:00,164212.37620461994,164219.8472710231
2024-11-18 11:30:00,164203.1099775749,164219.8617544559
2024-11-18 15:30:00,164212.03680508933,164219.7959498189
2024-11-18 19:30:00,164209.20047354285,164219.69505314276
2024-11-18 23:30:00,164212.41933144382,164219.57629486683
2024-11-19 03:30:00,164227.60062445016,164219.64708739106
2024-11-19 07:30:00,164229.47065862772,164219.71249100816
2024-11-19 11:30:00,164226.3419970743,164219.77706214885
2024-11-19 15:30:00,164228.4730004041,164219.81248476496
2024-11-19 19:30:00,164218.58975870078,164219.7580805565
2024-11-19 23:30:00,164214.35479807097,164219.7210197379
2024-11-20 03:30:00,164221.23223910807,164219.73569664275
2024-11-20 07:30:00,164215.65516464002,164219.70254000544
2024-11-20 11:30:00,164210.64519701432,164219.70696603897
2024-11-20 15:30:00,164212.3209287718,164219.68428866766
2024-11-20 19:30:00,164229.32615429576,164219.78729040604
2024-11-20 23:30:00,164221.85255535602,164219.80239370753
2024-11-21 03:30:00,164214.22699308846,164219.83757186492
2024-11-21 07:30:00,164234.6624448581,164219.92968785952
2024-11-21 11:30:00,164237.73809425632,164220.0382485696
2024-11-21 15:30:00,164237.42135082567,164220.14736323556
2024-11-21 19:30:00,164235.9229064233,164220.16448728385
2024-11-21 23:30:00,164224.19016074974,164220.11500524703
2024-11-22 03:30:00,164240.88167751645,164220.2159555169
2024-11-22 07:30:00,164230.75286652392,164220.28312157674
2024-11-22 11:30:00,164240.26619376478,164220.38750413494
2024-11-22 15:30:00,164242.9033138927,164220.49537831332
2024-11-22 19:30:00,164229.06967475603,164220.56173579648
2024-11-22 23:30:00,164216.6828538998,164220.54494880408
2024-11-23 03:30:00,164212.26359149045,164220.46880739348
2024-11-23 07:30:00,164230.0454032127,164220.57533047546
2024-11-23 11:30:00,164206.69782767943,164220.4969433094
2024-11-23 15:30:00,164217.47440599758,164220.50974041334
2024-11-23 19:30:00,164220.1007463743,164220.5154069827
2024-11-23 23:30:00,164204.2681731715,164220.37089636008
2024-11-24 03:30:00,164208.34310947335,164220.27950810638
2024-11-24 07:30:00,164219.13407404785,164220.29969720583
2024-11-24 11:30:00,164214.08253050572,164220.25317218315
2024-11-24 15:30:00,164207.42470364925,164220.1838340405
2024-11-24 19:30:00,164217.65390608748,164220.1777159372
2024-11-24 23:30:00,164212.28623979923,164220.11084794014
2024-11-25 03:30:00,164219.2479274944,164220.09314025415
2024-11-25 07:30:00,164223.27626492092,164220.15669484902
2024-11-25 11:30:00,164211.3346260709,164220.14234730595
2024-11-25 15:30:00,164213.17309315427,164220.13812020785
2024-11-25 19:30:00,164216.25466066648,164220.15475724783
2024-11-25 23:30:00,164221.20563564013,164220.16583489205
2024-11-26 03:30:00,164213.22235748387,164220.11598641277
2024-11-26 07:30:00,164222.28957530676,164220.11179521118
2024-11-26 11:30:00,164228.9013700108,164220.1619758038
2024-11-26 15:30:00,164217.0228428807,164220.13551611686
2024-11-26 19:30:00,164219.40870541995,164220.14217895787
2024-11-26 23:30:00,164228.14457344663,164220.1666986163
2024-11-27 03:30:00,164227.86205481522,164220.19225065596
2024-11-27 07:30:00,164222.9127715416,164220.20507827942
2024-11-27 11:30:00,164224.67998082214,164220.24081086923
2024-11-27 15:30:00,164215.88057690708,164220.22111724786
2024-11-27 19:30:00,164202.06603806678,164220.14946325158
2024-11-27 23:30:00,164213.0987936097,164220.14923296377
2024-11-28 03:30:00,164217.5786865278,164220.14810533638
2024-11-28 07:30:00,164218.50881130566,164220.161293359
2024-11-28 11:30:00,164222.52956477174,164220.19731516566
2024-11-28 15:30:00,164217.90426680073,164220.19287117373
2024-11-28 19:30:00,164207.65144497145,164220.15893852414
2024-11-28 23:30:00,164218.84940007076,164220.16812161732
2024-11-29 03:30:00,164226.98088450127,164220.21439504967
2024-11-29 07:30:00,164226.0530513903,164220.2579356882
2024-11-29 11:30:00,164231.28853437127,164220.33356962385
2024-11-29 15:30:00,164232.2315982774,164220.39883329303
2024-11-29 19:30:00,164221.84106283996,164220.4501194689
2024-11-29 23:30:00,164221.11751917296,164220.47630950727
2024-11-30 03:30:00,164224.25819119846,164220.50254956807
2024-11-30 07:30:00,164225.4519793568,164220.5641579358
2024-11-30 11:30:00,164228.90393186055,164220.63388491914
2024-11-30 15:30:00,164226.6619738224,164220.66252873297
2024-11-30 19:30:00,164224.599391606,164220.69850552565
2024-11-30 23:30:00,164222.2072373291,164220.70650409104
2024-12-01 03:30:00,164224.69761864434,164220.69705517852
2024-12-01 07:30:00,164223.91936860324,164220.68139211516
2024-12-01 11:30:00,164226.0438936786,164220.70989159256
2024-12-01 15:30:00,164229.44713881743,164220.74116029034
2024-12-01 19:30:00,164210.98952031342,164220.75511080422
2024-12-01 23:30:00,164215.42553073584,164220.71463864096
2024-12-02 03:30:00,164230.4880166732,164220.72355006562
2024-12-02 07:30:00,164221.0277970697,164220.7177536085
2024-12-02 11:30:00,164219.51627686855,164220.72770291817
2024-12-02 15:30:00,164230.3351589216,164220.73068002763
2024-12-02 19:30:00,164229.24574115605,164220.8075623893
2024-12-02 23:30:00,164223.15787363748,164220.9246115862
2024-12-03 03:30:00,164222.0239937623,164220.97871315415
2024-12-03 07:30:00,164217.554362519,164220.97353013762
2024-12-03 11:30:00,164215.9507622742,164221.01682352312
2024-12-03 15:30:00,164219.05502982088,164220.9967783329
2024-12-03 19:30:00,164206.3953079301,164220.82269236908
2024-12-03 23:30:00,164218.22342012008,164220.79894363382
2024-12-04 03:30:00,164231.2462721619,164220.8605378679
2024-12-04 07:30:00,164222.23352197543,164220.86086875986
2024-12-04 11:30:00,164225.7067554935,164220.85910276897
2024-12-04 15:30:00,164236.79266462658,164220.94350256273
2024-12-04 19:30:00,164223.56025060432,164220.95793282095
2024-12-04 23:30:00,164209.61477249805,164220.91288319379
2024-12-05 03:30:00,164219.5016711493,164220.92953897858
2024-12-05 07:30:00,164217.1721026086,164220.8741723867
2024-12-05 11:30:00,164220.01718131892,164220.86664017674
2024-12-05 15:30:00,164221.3075536891,164220.8616891344
2024-12-05 19:30:00,164221.20083625,164220.85607300667
2024-12-05 23:30:00,164219.1396836984,164220.84536113712
2024-12-06 03:30:00,164224.72792565543,164220.8604589199
2024-12-06 07:30:00,164212.5210225243,164220.77919605968
2024-12-06 11:30:00,164211.18913368872,164220.74778951606
2024-12-06 15:30:00,164226.13592520452,164220.73909638362
2024-12-06 19:30:00,164229.2050240274,164220.7717424345
2024-12-06 23:30:00,164222.13721283159,164220.83953743763
2024-12-07 03:30:00,164222.05142993003,164220.89457015245
2024-12-07 07:30:00,164226.57158870442,164221.04737182276
2024-12-07 11:30:00,164221.42017810477,164221.1351365305
2024-12-07 15:30:00,164218.55035132717,164221.19945469103
2024-12-07 19:30:00,164224.58239897504,164221.20802059982
2024-12-07 23:30:00,164210.97339309298,164221.07365507045
2024-12-08 03:30:00,164217.19908739673,164221.03315682441
2024-12-08 07:30:00,164227.99393146168,164221.04646189525
2024-12-08 11:30:00,164217.41109991787,164221.02011755176
2024-12-08 15:30:00,164213.3790519114,164220.93245166165
2024-12-08 19:30:00,164232.3222987227,164220.97750505287
2024-12-08 23:30:00,164226.27003841638,164220.9994068763
2024-12-09 03:30:00,164220.89384762448,164221.01179206758
2024-12-09 07:30:00,164228.8425036599,164221.04289241057
2024-12-09 11:30:00,164229.3340075055,164221.09922308082
2024-12-09 15:30:00,164219.8895522174,164221.14747383163
2024-12-09 19:30:00,164228.69171195294,164221.22717292712
2024-12-09 23:30:00,164221.50010859076,164221.26426096738
2024-12-10 03:30:00,164219.08697759168,164221.34203781607
2024-12-10 07:30:00,164225.27855532628,164221.3778489936
2024-12-10 11:30:00,164223.95136979184,164221.4080237134
2024-12-10 15:30:00,164209.307214646,164221.37183370948
2024-12-10 19:30:00,164216.94546306305,164221.330377015
2024-12-10 23:30:00,164221.81067352698,164221.32897383152
2024-12-11 03:30:00,164213.6299199869,164221.31924618347
2024-12-11 07:30:00,164217.52253408497,164221.31405504406
2024-12-11 11:30:00,164222.09914482155,164221.37311504807
2024-12-11 15:30:00,164224.24228112563,164221.4492382255
2024-12-11 19:30:00,164228.27427391056,164221.5178406402
2024-12-11 23:30:00,164231.22539779416,164221.52876439076
2024-12-12 03:30:00,164225.08822713187,164221.5301776186
2024-12-12 07:30:00,164221.0238855413,164221.5046724505
2024-12-12 11:30:00,164224.05576506403,164221.50961184117
2024-12-12 15:30:00,164211.18449037572,164221.48701057004
2024-12-12 19:30:00,164212.9740294979,164221.42487249026
2024-12-12 23:30:00,164218.64851618657,164221.35959668018
2024-12-13 03:30:00,164229.4873796294,164221.40170184535
2024-12-13 07:30:00,164220.09717093437,164221.40202887863
2024-12-13 11:30:00,164222.79550343927,164221.4049831293
2024-12-13 15:30:00,164216.9327728523,164221.3730637829
2024-12-13 19:30:00,164216.52627789567,164221.36684938104
2024-12-13 23:30:00,164218.4228548542,164221.38675045432
2024-12-14 03:30:00,164217.34273640192,164221.47506824313
2024-12-14 07:30:00,164217.49389026852,164221.5742350901
2024-12-14 11:30:00,164214.80471808874,164221.60741610054
2024-12-14 15:30:00,164207.50547999222,164221.5635997624
2024-12-14 19:30:00,164198.35864192276,164221.31040365138
2024-12-14 23:30:00,164209.78908844898,164221.11380441967
2024-12-15 03:30:00,164239.75099461028,164221.15597584136
2024-12-15 07:30:00,164236.12825770688,164221.2583956289
2024-12-15 11:30:00,164230.76286007,164221.23895033335
2024-12-15 15:30:00,164248.70162425,164221.26608395268
2024-12-15 19:30:00,164263.85350010148,164221.48136385754
2024-12-15 23:30:00,164246.56272169776,164221.6013932875
2024-12-16 03:30:00,164221.0997720271,164221.56635052824
2024-12-16 07:30:00,164220.2621052727,164221.5610187827
2024-12-16 11:30:00,164222.91458065764,164221.60097874783
2024-12-16 15:30:00,164205.08897550375,164221.52092094772
2024-12-16 19:30:00,164198.9972197788,164221.48522899853
2024-12-16 23:30:00,164208.0221371052,164221.586739566
2024-12-17 03:30:00,164210.8752585917,164221.61583084954
2024-12-17 07:30:00,164228.55772266758,164221.66653867764
2024-12-17 11:30:00,164231.44095509461,164221.7511278647
2024-12-17 15:30:00,164222.64141353828,164221.60367103154
2024-12-17 19:30:00,164233.29832775873,164221.5097933076
2024-12-17 23:30:00,164224.80260275048,164221.5200307193
2024-12-18 03:30:00,164233.72144300953,164221.5681616484
2024-12-18 07:30:00,164216.76155432392,164221.5925247023
2024-12-18 11:30:00,164220.2838930803,164221.68793534403
2024-12-18 15:30:00,164229.2844085884,164221.78375536346
2024-12-18 19:30:00,164225.99105479175,164221.8770363704
2024-12-18 23:30:00,164222.27012885053,164221.93176302267
2024-12-19 03:30:00,164228.03644314257,164221.93418423765
2024-12-19 07:30:00,164231.16977718347,164221.94362378513
2024-12-19 11:30:00,164225.29016249516,164221.9377802597
2024-12-19 15:30:00,164217.25922352247,164221.87548149924
2024-12-19 19:30:00,164199.77742046062,164221.77096850902
2024-12-19 23:30:00,164211.51154797286,164221.75517267516
2024-12-20 03:30:00,164212.41264561168,164221.70617493353
2024-12-20 07:30:00,164223.77236469547,164221.75127048936
2024-12-20 11:30:00,164223.81323250945,164221.82442624212
2024-12-20 15:30:00,164230.44860255896,164221.92513554095
2024-12-20 19:30:00,164247.87282278514,164222.0281725881
2024-12-20 23:30:00,164223.71828972758,164222.03853777907
2024-12-21 03:30:00,164223.40913414056,164222.08954967378
2024-12-21 07:30:00,164232.886746138,164222.07968468088
2024-12-21 11:30:00,164224.8840769919,164222.00827347388
2024-12-21 15:30:00,164215.03172397945,164221.88388665806
2024-12-21 19:30:00,164222.6061954511,164221.80990493044
2024-12-21 23:30:00,164215.01630705764,164221.7589390766
2024-12-22 03:30:00,164225.10494672178,164221.67129057218
2024-12-22 07:30:00,164233.63597145837,164221.68730782182
2024-12-22 11:30:00,164219.32306697668,164221.57095711742
2024-12-22 15:30:00,164216.94416858596,164221.4267396435
2024-12-22 19:30:00,164210.19014966275,164221.321853393
2024-12-22 23:30:00,164220.23782396046,164221.34160322667
2024-12-23 03:30:00,164217.70093345214,164221.371810682
2024-12-23 07:30:00,164205.9087221025,164221.2377180092
2024-12-23 11:30:00,164209.67448957282,164221.25425501968
2024-12-23 15:30:00,164211.74934605884,164221.22244913114
2024-12-23 19:30:00,164212.24377691088,164221.17879930077
2024-12-23 23:30:00,164214.648696094,164221.23646887258
2024-12-24 03:30:00,164223.6757232239,164221.32165006007
2024-12-24 07:30:00,164226.2174823308,164221.36100232834
2024-12-24 11:30:00,164205.95160532556,164221.31583052175
2024-12-24 15:30:00,164200.91179112147,164221.27964767438
2024-12-24 19:30:00,164205.3541679034,164221.2113157956
2024-12-24 23:30:00,164201.38431090966,164221.15074952398
2024-12-25 03:30:00,164211.07416687327,164221.10533974273
2024-12-25 07:30:00,164210.22258686362,164221.0328193091
2024-12-25 11:30:00,164232.46309450548,164221.1501996893
2024-12-25 15:30:00,164239.03876878857,164221.29389788726
2024-12-25 19:30:00,164257.82056731495,164221.52481959085
2024-12-25 23:30:00,164245.55854838595,164221.66011355055
2024-12-26 03:30:00,164234.41864776987,164221.77787071883
2024-12-26 07:30:00,164239.13710699073,164221.87146811705
2024-12-26 11:30:00,164233.34562975686,164221.89615844897
2024-12-26 15:30:00,164214.93934070118,164221.88458343685
2024-12-26 19:30:00,164218.16041534214,164221.87764849202
2024-12-26 23:30:00,164211.3891113551,164221.7845625915
2024-12-27 03:30:00,164214.66824502705,164221.7112636482
2024-12-27 07:30:00,164211.8737587649,164221.64993579948
2024-12-27 11:30:00,164207.40322343423,164221.55395381397
2024-12-27 15:30:00,164203.8543424823,164221.4871414005
2024-12-27 19:30:00,164195.91797321898,164221.45298548468
2024-12-27 23:30:00,164208.39453384897,164221.42685070823
2024-12-28 03:30:00,164219.1478145017,164221.43556808587
2024-12-28 07:30:00,164216.1815734433,164221.42263898664
2024-12-28 11:30:00,164224.63729738278,164221.43434861224
2024-12-28 15:30:00,164211.83640789997,164221.400638285
2024-12-28 19:30:00,164204.94742328857,164221.38561594233
2024-12-28 23:30:00,164215.96475415828,164221.3695901317
2024-12-29 03:30:00,164211.76611070024,164221.2850636106
2024-12-29 07:30:00,164219.21548706148,164221.24707714212
2024-12-29 11:30:00,164228.42908145968,164221.23119129258
2024-12-29 15:30:00,164227.38458785394,164221.20426345692
2024-12-29 19:30:00,164248.67992601392,164221.35336825234
2024-12-29 23:30:00,164234.62212004297,164221.4283938127
2024-12-30 03:30:00,164234.6651351308,164221.48621016787
2024-12-30 07:30:00,164231.4868839026,164221.51973741536
2024-12-30 11:30:00,164226.56153090278,164221.50672407672
2024-12-30 15:30:00,164222.32735847656,164221.48264288035
2024-12-30 19:30:00,164224.33215474416,164221.48115823112
2024-12-30 23:30:00,164220.28214855102,164221.47046329346
2024-12-31 03:30:00,164219.75364966766,164221.44299679913
2024-12-31 07:30:00,164214.84205515156,164221.39256727995
2024-12-31 11:30:00,164211.904649489,164221.31401592336
2024-12-31 15:30:00,164203.41168481624,164221.16937451225
2024-12-31 19:30:00,164215.93412773765,164221.19684455346
2024-12-31 23:30:00,164219.6532741469,164221.22033201688
2025-01-01 03:30:00,164224.10201626614,164221.18485423684
2025-01-01 07:30:00,164226.68197577936,164221.21626634078
2025-01-01 11:30:00,164225.35921958825,164221.24872713367
2025-01-01 15:30:00,164216.4170047163,164221.17140405474
2025-01-01 19:30:00,164209.17506213364,164221.05990028242
2025-01-01 23:30:00,164216.71793246074,164221.0241228314
2025-01-02 03:30:00,164224.16085432348,164221.035994279
2025-01-02 07:30:00,164231.32456970334,164221.11249543
2025-01-02 11:30:00,164227.79142312997,164221.17827687922
2025-01-02 15:30:00,164231.1567804381,164221.2455088271
2025-01-02 19:30:00,164242.6191174666,164221.4467522134
2025-01-02 23:30:00,164222.41281218507,164221.47002661374
2025-01-03 03:30:00,164229.21689542977,164221.45875229858
2025-01-03 07:30:00,164226.70493716327,164221.48359349405
2025-01-03 11:30:00,164222.66518253836,164221.46669586652
2025-01-03 15:30:00,164218.9514578485,164221.3675780511
2025-01-03 19:30:00,164216.8992540945,164221.33057251494
2025-01-03 23:30:00,164222.12658687326,164221.4000825948
2025-01-04 03:30:00,164228.96402278836,164221.45265121502
2025-01-04 07:30:00,164227.36057125265,164221.50925381857
2025-01-04 11:30:00,164218.16626358384,164221.49897094228
2025-01-04 15:30:00,164216.4269095205,164221.47185625246
2025-01-04 19:30:00,164204.7957965711,164221.38071714313
2025-01-04 23:30:00,164207.53567443124,164221.316250425
2025-01-05 03:30:00,164216.72250490944,164221.27177586526
2025-01-05 07:30:00,164225.2452034571,164221.34246575937
2025-01-05 11:30:00,164220.08594555024,164221.39189249193
2025-01-05 15:30:00,164210.75662853688,164221.30645195488
2025-01-05 19:30:00,164235.79869380023,164221.34308345363
2025-01-05 23:30:00,164223.5013954874,164221.35066224614
2025-01-06 03:30:00,164219.10289303784,164221.33428148564
2025-01-06 07:30:00,164221.88083420388,164221.3082217384
2025-01-06 11:30:00,164224.23222084972,164221.3238441981
2025-01-06 15:30:00,164218.8820784011,164221.3256871263
2025-01-06 19:30:00,164224.42159533215,164221.32479377274
2025-01-06 23:30:00,164215.81994379338,164221.3517190544
2025-01-07 03:30:00,164217.080070879,164221.3510578515
2025-01-07 07:30:00,164227.57132612006,164221.34871004405
2025-01-07 11:30:00,164226.39548485057,164221.3986232937
2025-01-07 15:30:00,164217.77914711813,164221.42306826706
2025-01-07 19:30:00,164223.6863437228,164221.37509073928
2025-01-07 23:30:00,164229.60484005927,164221.39361741507
2025-01-08 03:30:00,164221.95546926864,164221.3995153131
2025-01-08 07:30:00,164221.11169153053,164221.35656635682
2025-01-08 11:30:00,164223.38138034233,164221.3234962059
2025-01-08 15:30:00,164221.69630004626,164221.33353369386
2025-01-08 19:30:00,164225.27747643774,164221.31456571879
2025-01-08 23:30:00,164221.33148759886,164221.3136289355
2025-01-09 03:30:00,164222.50070755716,164221.33259410193
2025-01-09 07:30:00,164222.28416559962,164221.31595860346
2025-01-09 11:30:00,164218.64155009264,164221.28645960515
2025-01-09 15:30:00,164220.53157736608,164221.3488171758
2025-01-09 19:30:00,164228.14203062956,164221.41102032896
2025-01-09 23:30:00,164226.0394694307,164221.43451363954
2025-01-10 03:30:00,164226.0896133603,164221.5037341583
2025-01-10 07:30:00,164218.31221589498,164221.50812127945
2025-01-10 11:30:00,164221.57671341454,164221.50521888272
2025-01-10 15:30:00,164202.5862958234,164221.38490785327
2025-01-10 19:30:00,164207.38859700924,164221.26887631492
2025-01-10 23:30:00,164217.1762259894,164221.19082536048
2025-01-11 03:30:00,164220.26078158623,164221.16400621855
2025-01-11 07:30:00,164224.43108009401,164221.18293507717
2025-01-11 11:30:00,164226.02428125063,164221.1938712782
2025-01-11 15:30:00,164231.10549641275,164221.30454353397
2025-01-11 19:30:00,164209.7544499235,164221.28665698078
2025-01-11 23:30:00,164211.3852427698,164221.2463054618
2025-01-12 03:30:00,164213.61637289825,164221.1581332022
2025-01-12 07:30:00,164219.40094649198,164221.1542652886
2025-01-12 11:30:00,164224.37002882606,164221.16301265187
2025-01-12 15:30:00,164221.89788204816,164221.19059659186
2025-01-12 19:30:00,164218.46824647838,164221.2013853062
2025-01-12 23:30:00,164224.18163182616,164221.2333785116
2025-01-13 03:30:00,164225.68503621736,164221.27972462168
2025-01-13 07:30:00,164229.48194829148,164221.34632494405
2025-01-13 11:30:00,164229.68679855962,164221.42900316886
2025-01-13 15:30:00,164235.39065055942,164221.58392078313
2025-01-13 19:30:00,164231.29829407652,164221.76691885066
2025-01-13 23:30:00,164220.478282934,164221.82630326445
2025-01-14 03:30:00,164223.5087599207,164221.7360686273
2025-01-14 07:30:00,164217.50337004042,164221.63259702915
2025-01-14 11:30:00,164224.0568451281,164221.59534139058
2025-01-14 15:30:00,164213.12050208304,164221.39766848966
2025-01-14 19:30:00,164208.14074056383,164221.0881531589
2025-01-14 23:30:00,164211.79162479282,164220.89498039833
2025-01-15 03:30:00,164223.21223397314,164220.906716298
2025-01-15 07:30:00,164218.9827363713,164220.899608693
2025-01-15 11:30:00,164214.5867334099,164220.85334287497
2025-01-15 15:30:00,164232.94637695685,164221.00810621638
2025-01-15 19:30:00,164253.1637108943,164221.309031167
2025-01-15 23:30:00,164235.2405472194,164221.46024455654
2025-01-16 03:30:00,164218.95183870295,164221.50511444604
2025-01-16 07:30:00,164220.52012215715,164221.46046110988
2025-01-16 11:30:00,164233.37504902374,164221.47120607612
2025-01-16 15:30:00,164216.70839777097,164221.4382448774
2025-01-16 19:30:00,164209.39297018136,164221.30543733534
2025-01-16 23:30:00,164223.3510686965,164221.29737325726
2025-01-17 03:30:00,164235.56308534637,164221.3076046036
2025-01-17 07:30:00,164223.42918586498,164221.34464700104
2025-01-17 11:30:00,164216.09042439685,164221.32134995278
2025-01-17 15:30:00,164225.9639347896,164221.30290287614
2025-01-17 19:30:00,164237.1695537674,164221.3650056482
2025-01-17 23:30:00,164220.93830796008,164221.3576066433
2025-01-18 03:30:00,164216.04279355772,164221.29097525668
2025-01-18 07:30:00,164226.50845071877,164221.26507899855
2025-01-18 11:30:00,164224.36822478764,164221.25995712238
2025-01-18 15:30:00,164216.9174167103,164221.25805819567
2025-01-18 19:30:00,164206.8777935682,164221.29750471294
2025-01-18 23:30:00,164213.02590079556,164221.30591778416
2025-01-19 03:30:00,164220.78765680295,164221.3524456241
2025-01-19 07:30:00,164216.22433934742,164221.31051214997
2025-01-19 11:30:00,164215.93115729725,164221.26672284323
2025-01-19 15:30:00,164224.9470751878,164221.23615880226
2025-01-19 19:30:00,164240.91760358404,164221.1975186956
2025-01-19 23:30:00,164234.72817590155,164221.2586847299
2025-01-20 03:30:00,164224.37819456006,164221.2640683989
2025-01-20 07:30:00,164229.9978640306,164221.24801905386
2025-01-20 11:30:00,164236.74059268186,164221.31388858546
2025-01-20 15:30:00,164217.5137453745,164221.3276775932
2025-01-20 19:30:00,164212.73570498705,164221.27284153507
2025-01-20 23:30:00,164210.44969312212,164221.24747145767
2025-01-21 03:30:00,164229.37949876464,164221.27121896902
2025-01-21 07:30:00,164210.8043992154,164221.144376901
2025-01-21 11:30:00,164199.70773879866,164221.03540285557
2025-01-21 15:30:00,164219.27293105717,164221.04834042484
2025-01-21 19:30:00,164244.27609265866,164221.23770677482
2025-01-21 23:30:00,164225.2284734482,164221.2654326053
2025-01-22 03:30:00,164215.97865218815,164221.25586437606
2025-01-22 07:30:00,164241.75048103664,164221.454985259
2025-01-22 11:30:00,164249.12913876955,164221.67417775455
2025-01-22 15:30:00,164238.74834617495,164221.82417219965
2025-01-22 19:30:00,164242.91923632138,164221.9945914186
2025-01-22 23:30:00,164230.57423478083,164222.08306663352
2025-01-23 03:30:00,164235.24654954803,164222.147349002
2025-01-23 07:30:00,164222.665025638,164222.12761313148
2025-01-23 11:30:00,164220.20948804732,164222.20682359106
2025-01-23 15:30:00,164209.66800199274,164222.25546920698
2025-01-23 19:30:00,164222.7574711179,164222.35215422485
2025-01-23 23:30:00,164221.89463193205,164222.46610045276
2025-01-24 03:30:00,164216.02003731506,164222.4935775108
2025-01-24 07:30:00,164219.03292564437,164222.54252383733
2025-01-24 11:30:00,164233.08701167334,164222.5459900438
2025-01-24 15:30:00,164217.3404204623,164222.42544366422
2025-01-24 19:30:00,164193.13354514042,164222.0660713188
2025-01-24 23:30:00,164201.78846635617,164221.82290419642
2025-01-25 03:30:00,164226.78421950585,164221.78049070606
2025-01-25 07:30:00,164222.28130853007,164221.6868473813
2025-01-25 11:30:00,164202.50477723198,164221.51550931172
2025-01-25 15:30:00,164216.82562339143,164221.52598866
2025-01-25 19:30:00,164252.64260944258,164221.717556405
2025-01-25 23:30:00,164232.25871623264,164221.8334986543
2025-01-26 03:30:00,164219.3495390072,164221.8595058431
2025-01-26 07:30:00,164223.57761242427,164221.9245272523
2025-01-26 11:30:00,164242.7033107634,164222.1206388486
2025-01-26 15:30:00,164212.9253044375,164222.17103308166
2025-01-26 19:30:00,164204.67337016482,164222.21967417578
2025-01-26 23:30:00,164213.71340828892,164222.24922347825
2025-01-27 03:30:00,164218.94302980273,164222.24808578548
2025-01-27 07:30:00,164228.41459636713,164222.31604702395
2025-01-27 11:30:00,164203.65311760834,164222.19946824742
2025-01-27 15:30:00,164222.58953265293,164222.25920782937
2025-01-27 19:30:00,164240.63993229656,164222.4574995461
2025-01-27 23:30:00,164234.84181992404,164222.56237213366
2025-01-28 03:30:00,164229.46646331326,164222.660707426
2025-01-28 07:30:00,164222.36643152335,164222.678212673
2025-01-28 11:30:00,164232.8938889208,164222.7030171589
2025-01-28 15:30:00,164204.54471073207,164222.57612895264
2025-01-28 19:30:00,164196.64456050255,164222.2870435887
2025-01-28 23:30:00,164202.24668239235,164222.10718004618
2025-01-29 03:30:00,164207.85408407464,164221.95822976253
2025-01-29 07:30:00,164218.009377128,164221.8833547249
2025-01-29 11:30:00,164213.8800851427,164221.81290224846
2025-01-29 15:30:00,164241.16801353486,164221.91757255432
2025-01-29 19:30:00,164254.5193084992,164222.08527896408
2025-01-29 23:30:00,164236.43785449147,164222.17503288598
2025-01-30 03:30:00,164243.051170148,164222.3044635553
2025-01-30 07:30:00,164228.04479697914,164222.37781212103
2025-01-30 11:30:00,164226.13224213364,164222.45685430238
2025-01-30 15:30:00,164216.13668626145,164222.52754875485
2025-01-30 19:30:00,164214.85469423785,164222.5215519021
2025-01-30 23:30:00,164212.78704153377,164222.48340616535
2025-01-31 03:30:00,164219.58968095345,164222.45833763582
2025-01-31 07:30:00,164225.40149208545,164222.45122383753
2025-01-31 11:30:00,164207.88966529464,164222.3541707581
2025-01-31 15:30:00,164211.6272551094,164222.32756103808
2025-01-31 19:30:00,164222.48495045243,164222.4015048621
2025-01-31 23:30:00,164224.98440801725,164222.4474297263
2025-02-01 03:30:00,164224.24648492158,164222.44790545182
2025-02-01 07:30:00,164214.36760072512,164222.3537000686
2025-02-01 11:30:00,164221.4581821266,164222.31851539636
2025-02-01 15:30:00,164236.74009742413,164222.34953382408
2025-02-01 19:30:00,164229.78473213356,164222.27823168333
2025-02-01 23:30:00,164222.110674349,164222.2765531398
2025-02-02 03:30:00,164233.69580972553,164222.30143599698
2025-02-02 07:30:00,164240.3143485135,164222.37704383786
2025-02-02 11:30:00,164229.1118214243,164222.4128584983
2025-02-02 15:30:00,164221.62343962555,164222.42770284152
2025-02-02 19:30:00,164231.40089542588,164222.50826751557
2025-02-02 23:30:00,164230.2743896373,164222.5535330865
2025-02-03 03:30:00,164227.015355043,164222.54270715456
2025-02-03 07:30:00,164220.18649570274,164222.5028511793
2025-02-03 11:30:00,164220.68795946718,164222.51686060088
2025-02-03 15:30:00,164229.61962712122,164222.59015347643
2025-02-03 19:30:00,164219.44487417667,164222.6715372409
2025-02-03 23:30:00,164214.16428347767,164222.70836284672
2025-02-04 03:30:00,164215.05621864798,164222.6991057008
2025-02-04 07:30:00,164224.85306314722,164222.69692714355
2025-02-04 11:30:00,164214.88403505494,164222.6680276408
2025-02-04 15:30:00,164208.11557728262,164222.65335513384
2025-02-04 19:30:00,164217.19604661994,164222.55000709393
2025-02-04 23:30:00,164219.7810951337,164222.52933875864
2025-02-05 03:30:00,164213.35183803376,164222.49738845305
2025-02-05 07:30:00,164216.374909481,164222.46679998236
2025-02-05 11:30:00,164214.82196096636,164222.4145207608
2025-02-05 15:30:00,164224.38170331778,164222.44507423256
2025-02-05 19:30:00,164220.1458032891,164222.42131983233
2025-02-05 23:30:00,164217.1208452152,164222.42854706245
2025-02-06 03:30:00,164219.73211892275,164222.44328066267
2025-02-06 07:30:00,164226.43543774978,164222.43697017175
2025-02-06 11:30:00,164226.12730337854,164222.43548027467
2025-02-06 15:30:00,164216.78679409955,164222.42996720233
2025-02-06 19:30:00,164233.41905637784,164222.4840378282
2025-02-06 23:30:00,164238.48205332487,164222.53335567968
2025-02-07 03:30:00,164228.15742622648,164222.56781099612
2025-02-07 07:30:00,164213.62999545323,164222.5262460179
2025-02-07 11:30:00,164214.0828506789,164222.47458751977
2025-02-07 15:30:00,164214.42764463866,164222.43420610085
2025-02-07 19:30:00,164214.18206049726,164222.3725649012
2025-02-07 23:30:00,164214.7382462803,164222.33593578276
2025-02-08 03:30:00,164208.66956229167,164222.25909608684
2025-02-08 07:30:00,164207.43787936337,164222.17661671882
2025-02-08 11:30:00,164211.63695567386,164222.1377023054
2025-02-08 15:30:00,164205.9633054698,164222.05676746153
2025-02-08 19:30:00,164209.0384877592,164221.9506366678
2025-02-08 23:30:00,164220.0627925139,164221.91743290718
2025-02-09 03:30:00,164226.17638160795,164221.91791495297
2025-02-09 07:30:00,164218.8229772447,164221.92075251605
2025-02-09 11:30:00,164217.54278840768,164221.89834182156
2025-02-09 15:30:00,164220.86041267173,164221.99986469295
2025-02-09 19:30:00,164227.9958989192,164222.11434970357
2025-02-09 23:30:00,164222.29650162926,164222.14279567933
2025-02-10 03:30:00,164224.11726971334,164222.16422061337
2025-02-10 07:30:00,164227.6813657889,164222.1822777561
2025-02-10 11:30:00,164219.5402661833,164222.1462554502
2025-02-10 15:30:00,164212.63282423437,164222.04362949365
2025-02-10 19:30:00,164192.17768373602,164221.9459807926
2025-02-10 23:30:00,164214.5518658733,164221.96357314318
2025-02-11 03:30:00,164219.42349479938,164221.9958349315
2025-02-11 07:30:00,164227.4146325608,164222.04035540967
2025-02-11 11:30:00,164225.20510236773,164222.0449947071
2025-02-11 15:30:00,164223.5837826684,164222.05436082167
2025-02-11 19:30:00,164227.33345671505,164222.10361198965
2025-02-11 23:30:00,164229.4725701176,164222.13300609126
2025-02-12 03:30:00,164222.40212959418,164222.11476772116
2025-02-12 07:30:00,164220.35147449808,164222.06404286675
2025-02-12 11:30:00,164223.62319862566,164222.03035620044
2025-02-12 15:30:00,164232.8745542916,164222.01637788786
2025-02-12 19:30:00,164228.05891767677,164221.99838135228
2025-02-12 23:30:00,164224.23806850103,164222.0192690499
2025-02-13 03:30:00,164223.02101086936,164222.01655933293
2025-02-13 07:30:00,164222.91426646145,164222.0466198686
2025-02-13 11:30:00,164215.7620244904,164222.0005375317
2025-02-13 15:30:00,164210.90706930542,164221.988240683
2025-02-13 19:30:00,164213.27923274745,164222.01678786176
2025-02-13 23:30:00,164220.93289619577,164222.06757270292
2025-02-14 03:30:00,164216.5998052947,164222.030836988
2025-02-14 07:30:00,164221.59433762694,164222.04534588387
2025-02-14 11:30:00,164224.69918941287,164222.101526195
2025-02-14 15:30:00,164237.23915746828,164222.1253749756
2025-02-14 19:30:00,164227.18737133945,164221.9810619781
2025-02-14 23:30:00,164228.26432063276,164221.94230516374
2025-02-15 03:30:00,164228.43680164963,164221.99499940232
2025-02-15 07:30:00,164226.26067307562,164222.02689135185
2025-02-15 11:30:00,164224.19362642564,164221.97588344853
2025-02-15 15:30:00,164227.44090542293,164222.03550849107
2025-02-15 19:30:00,164227.23718781865,164222.13464303347
2025-02-15 23:30:00,164219.565305299,164222.11361101462
2025-02-16 03:30:00,164214.62743370744,164221.99730183883
2025-02-16 07:30:00,164216.05350625954,164221.95632584102
2025-02-16 11:30:00,164220.93181470004,164221.98322245383
2025-02-16 15:30:00,164226.59949497503,164221.98675334372
2025-02-16 19:30:00,164228.79037382748,164221.9402023441
2025-02-16 23:30:00,164229.75605331376,164221.98918981824
2025-02-17 03:30:00,164235.55780408107,164222.0976065434
2025-02-17 07:30:00,164235.36850077027,164222.1468290437
2025-02-17 11:30:00,164224.99004106355,164222.15028357855
2025-02-17 15:30:00,164219.32609374414,164222.1636651176
2025-02-17 19:30:00,164217.13245205133,164222.22063544253
2025-02-17 23:30:00,164222.7975960718,164222.2749226385
2025-02-18 03:30:00,164221.89126953043,164222.2810538203
2025-02-18 07:30:00,164212.70357571656,164222.2614940224
2025-02-18 11:30:00,164215.69521967627,164222.2601832578
2025-02-18 15:30:00,164232.10328196458,164222.29993996213
2025-02-18 19:30:00,164232.35237979522,164222.25235538554
2025-02-18 23:30:00,164221.7470185227,164222.18023784453
2025-02-19 03:30:00,164223.3940396294,164222.17477031716
2025-02-19 07:30:00,164230.8613856929,164222.1795676597
2025-02-19 11:30:00,164208.20443909822,164222.02103347314
2025-02-19 15:30:00,164205.15478307207,164221.95237257145
2025-02-19 19:30:00,164217.6875940088,164221.97988306603
2025-02-19 23:30:00,164217.1222655807,164222.01695291302
2025-02-20 03:30:00,164221.68917717852,164221.9742289042
2025-02-20 07:30:00,164225.08130106283,164222.05354502558
2025-02-20 11:30:00,164233.3398218311,164222.2403899313
2025-02-20 15:30:00,164239.57911468626,164222.3532020626
2025-02-20 19:30:00,164242.61565664838,164222.3439774181
2025-02-20 23:30:00,164230.81633753158,164222.37502110744
2025-02-21 03:30:00,164228.83521781833,164222.44644647202
2025-02-21 07:30:00,164229.96789659525,164222.3809876696
2025-02-21 11:30:00,164212.1891993811,164222.17576578408
2025-02-21 15:30:00,164203.1458049608,164221.97797388848
2025-02-21 19:30:00,164214.37386540667,164221.8193884945
2025-02-21 23:30:00,164225.49338596515,164221.7911615566
2025-02-22 03:30:00,164220.86485491483,164221.7112632531
2025-02-22 07:30:00,164218.25048626892,164221.6867380344
2025-02-22 11:30:00,164216.01483424637,164221.66343440217
2025-02-22 15:30:00,164220.5821146833,164221.72406836157
2025-02-22 19:30:00,164216.81080059765,164221.69103130314
2025-02-22 23:30:00,164222.34872282558,164221.6935540303
2025-02-23 03:30:00,164217.68172879945,164221.70278564966
2025-02-23 07:30:00,164226.74201724562,164221.74561393633
2025-02-23 11:30:00,164227.1527214684,164221.71264565742
2025-02-23 15:30:00,164224.39543704255,164221.751840194
2025-02-23 19:30:00,164229.41917432737,164221.9534270228
2025-02-23 23:30:00,164219.34949666998,164222.0509883023
2025-02-24 03:30:00,164224.31877132482,164222.03729136797
2025-02-24 07:30:00,164221.97787653253,164222.03560563465
2025-02-24 11:30:00,164222.17986437425,164222.14491167432
2025-02-24 15:30:00,164219.17680952072,164222.1579738195
2025-02-24 19:30:00,164225.5968871182,164222.00771980657
2025-02-24 23:30:00,164230.3133542767,164221.99691224017
2025-02-25 03:30:00,164221.3988534301,164222.00829732028
2025-02-25 07:30:00,164221.48083236287,164221.99664854218
2025-02-25 11:30:00,164205.70704240387,164221.79111371795
2025-02-25 15:30:00,164195.5438650066,164221.69455016556
2025-02-25 19:30:00,164211.2346719969,164221.73100184242
2025-02-25 23:30:00,164222.2048696021,164221.77817662747
2025-02-26 03:30:00,164220.94050429805,164221.789273708
2025-02-26 07:30:00,164224.42101792144,164221.76708716108
2025-02-26 11:30:00,164240.95793985462,164221.97433617356
2025-02-26 15:30:00,164263.9703416677,164222.20422955698
2025-02-26 19:30:00,164235.6513712431,164222.1765153289
2025-02-26 23:30:00,164227.43825618835,164222.13538441926
2025-02-27 03:30:00,164224.26176709335,164222.10646944024
2025-02-27 07:30:00,164210.20921240203,164222.03892933403
2025-02-27 11:30:00,164201.21093256885,164221.86291290986
2025-02-27 15:30:00,164201.24243867342,164221.84456695398
2025-02-27 19:30:00,164207.75738269062,164221.90630485502
2025-02-27 23:30:00,164223.3609451231,164222.02360631464
2025-02-28 03:30:00,164233.45777933623,164222.16584906608
2025-02-28 07:30:00,164227.61683618027,164222.2192238386
2025-02-28 11:30:00,164233.70997599914,164222.3293898989
2025-02-28 15:30:00,164248.73796640147,164222.37144519264
2025-02-28 19:30:00,164227.8916460049,164222.22351373432
2025-02-28 23:30:00,164223.1890239272,164222.14990912008
2025-03-01 03:30:00,164232.6338066843,164222.09203487862
2025-03-01 07:30:00,164224.48302552564,164222.0722472594
2025-03-01 11:30:00,164217.4753969753,164222.02415367521
2025-03-01 15:30:00,164219.47044403266,164222.04267455172
2025-03-01 19:30:00,164228.2013833097,164222.11682282432
2025-03-01 23:30:00,164235.23001274597,164222.24150599772
2025-03-02 03:30:00,164235.35493240354,164222.32909072802
2025-03-02 07:30:00,164225.51932306902,164222.32974534458
2025-03-02 11:30:00,164221.1379229928,164222.40334677626
2025-03-02 15:30:00,164250.435299117,164222.61894702073
2025-03-02 19:30:00,164231.17342022725,164222.66721629724
2025-03-02 23:30:00,164224.30771601378,164222.66345689722
2025-03-03 03:30:00,164248.72681206084,164222.79945871467
2025-03-03 07:30:00,164242.0404016146,164222.9531964974
2025-03-03 11:30:00,164210.9964615027,164222.89507582725
2025-03-03 15:30:00,164212.28257710542,164222.75920071438
2025-03-03 19:30:00,164221.88684628555,164222.7153235708
2025-03-03 23:30:00,164209.42847599878,164222.6448669133
2025-03-04 03:30:00,164210.0511582201,164222.51350773824
2025-03-04 07:30:00,164215.78540483484,164222.37723582893
2025-03-04 11:30:00,164213.53827578947,164222.29071613096
2025-03-04 15:30:00,164224.18803485477,164222.30496388223
2025-03-04 19:30:00,164231.48691982185,164222.30544179553
2025-03-04 23:30:00,164229.33136500005,164222.30020276975
2025-03-05 03:30:00,164223.57237963186,164222.28107512862
2025-03-05 07:30:00,164240.31001368322,164222.3928724507
2025-03-05 11:30:00,164230.80296413813,164222.4490669211
2025-03-05 15:30:00,164220.2159708531,164222.3968243863
2025-03-05 19:30:00,164232.8972333773,164222.4715597152
2025-03-05 23:30:00,164229.2171396387,164222.55518669385
2025-03-06 03:30:00,164227.75212875678,164222.6257195278
2025-03-06 07:30:00,164223.99157157197,164222.62093346348
2025-03-06 11:30:00,164220.75233088105,164222.65353510698
2025-03-06 15:30:00,164226.986973052,164222.75837619457
2025-03-06 19:30:00,164233.9701315262,164222.85156555517
2025-03-06 23:30:00,164228.51835161023,164222.90010586893
2025-03-07 03:30:00,164216.8924503151,164222.91977593716
2025-03-07 07:30:00,164211.26338863545,164222.8913785991
2025-03-07 11:30:00,164209.56024682111,164222.86214685388
2025-03-07 15:30:00,164208.43414764074,164222.77354932233
2025-03-07 19:30:00,164222.66580297027,164222.78754932055
2025-03-07 23:30:00,164224.38085351436,164222.8278827
2025-03-08 03:30:00,164209.2744072321,164222.7697843017
2025-03-08 07:30:00,164222.42814845554,164222.7475215834
2025-03-08 11:30:00,164224.15236159426,164222.7365496846
2025-03-08 15:30:00,164222.90496876265,164222.77053954385
2025-03-08 19:30:00,164235.7805081358,164222.7836587203
2025-03-08 23:30:00,164238.27521732214,164222.78250963136
2025-03-09 03:30:00,164222.86274886312,164222.75309475715
2025-03-09 07:30:00,164224.2740031948,164222.81222813347
2025-03-09 11:30:00,164217.58222286557,164222.83166909005
2025-03-09 15:30:00,164214.67958138854,164222.8330687387
2025-03-09 19:30:00,164214.92440812776,164222.83719289218
2025-03-09 23:30:00,164229.7317906991,164222.92049036117
2025-03-10 03:30:00,164215.66332704827,164222.95934460982
2025-03-10 07:30:00,164218.8695839161,164223.02285407958
2025-03-10 11:30:00,164225.68766407887,164223.1009135707
2025-03-10 15:30:00,164219.87199709524,164223.17818407973
2025-03-10 19:30:00,164224.7031884126,164223.26521019448
2025-03-10 23:30:00,164227.77956651684,164223.30808116114
2025-03-11 03:30:00,164228.16636469006,164223.3191366227
2025-03-11 07:30:00,164218.96956163106,164223.31995098043
2025-03-11 11:30:00,164232.68643849934,164223.40408236982
2025-03-11 15:30:00,164228.07379365023,164223.4441567086
2025-03-11 19:30:00,164216.83926113628,164223.38217538755
2025-03-11 23:30:00,164226.24120402973,164223.4040904009
2025-03-12 03:30:00,164234.36239863365,164223.4610077838
2025-03-12 07:30:00,164232.74144713505,164223.48911934684
2025-03-12 11:30:00,164225.02310988097,164223.5195795896
2025-03-12 15:30:00,164231.05801906204,164223.6219417831
2025-03-12 19:30:00,164230.57967220718,164223.8352861635
2025-03-12 23:30:00,164233.09259684023,164223.9382902244
2025-03-13 03:30:00,164234.13732239892,164224.02003371107
2025-03-13 07:30:00,164220.5831239415,164223.98208088538
2025-03-13 11:30:00,164214.542721481,164223.92284543606
2025-03-13 15:30:00,164222.4346581105,164223.91646141073
2025-03-13 19:30:00,164221.33441193562,164223.88313338417
2025-03-13 23:30:00,164219.1820055495,164223.825963581
2025-03-14 03:30:00,164227.93833747727,164223.8567202915
2025-03-14 07:30:00,164223.42112055418,164223.87377388065
2025-03-14 11:30:00,164224.19741868688,164223.87696399214
2025-03-14 15:30:00,164232.93576416306,164223.87730404697
2025-03-14 19:30:00,164217.00924470066,164223.81591697488
2025-03-14 23:30:00,164216.51407447082,164223.77300589692
2025-03-15 03:30:00,164218.4773061881,164223.74776309315
2025-03-15 07:30:00,164209.13376252263,164223.6712047379
2025-03-15 11:30:00,164213.1021815169,164223.65642783252
2025-03-15 15:30:00,164220.15322012405,164223.70779533708
2025-03-15 19:30:00,164216.4209617676,164223.72524938718
2025-03-15 23:30:00,164206.28677555642,164223.6438820503
2025-03-16 03:30:00,164227.0739373249,164223.7020716727
2025-03-16 07:30:00,164222.93634695202,164223.70952728007
2025-03-16 11:30:00,164209.71039929078,164223.6262562238
2025-03-16 15:30:00,164233.28397648782,164223.60428299615
2025-03-16 19:30:00,164242.1015455685,164223.68713951964
2025-03-16 23:30:00,164237.4150749256,164223.73797704346
2025-03-17 03:30:00,164236.7612183622,164223.784223803
2025-03-17 07:30:00,164238.1383999437,164223.8502111745
2025-03-17 11:30:00,164230.4425728816,164223.8849275437
2025-03-17 15:30:00,164231.48305304,164223.90738391934
2025-03-17 19:30:00,164227.28848298994,164223.90766889253
2025-03-17 23:30:00,164218.21791223122,164223.90018337546
2025-03-18 03:30:00,164222.1976244606,164223.94223999078
2025-03-18 07:30:00,164219.65295337263,164223.96223691918
2025-03-18 11:30:00,164215.12332188172,164223.92996751465
2025-03-18 15:30:00,164221.63502586717,164223.90238713069
2025-03-18 19:30:00,164227.81786959857,164223.89698432942
2025-03-18 23:30:00,164223.22978923994,164223.86072730678
2025-03-19 03:30:00,164225.71679145144,164223.8060550144
2025-03-19 07:30:00,164227.95722959944,164223.76488128566
2025-03-19 11:30:00,164227.728473268,164223.7800947979
2025-03-19 15:30:00,164227.69121277053,164223.82656768142
2025-03-19 19:30:00,164226.05661846866,164223.87614638373
2025-03-19 23:30:00,164214.07018108384,164223.8276607449
2025-03-20 03:30:00,164219.0813219836,164223.8120499252
2025-03-20 07:30:00,164228.38957409092,164223.8991943606
2025-03-20 11:30:00,164210.80915151213,164223.8720495375
2025-03-20 15:30:00,164218.8997463692,164223.79869656195
2025-03-20 19:30:00,164225.0338686823,164223.75803816688
2025-03-20 23:30:00,164226.57715624076,164223.78487226533
2025-03-21 03:30:00,164220.2221293035,164223.76725054128
2025-03-21 07:30:00,164240.83881772193,164223.82268071923
2025-03-21 11:30:00,164234.93940295654,164223.9712082962
2025-03-21 15:30:00,164225.92109847278,164224.0865767151
2025-03-21 19:30:00,164233.68496740537,164224.17545101175
2025-03-21 23:30:00,164228.3574621193,164224.2378687703
2025-03-22 03:30:00,164225.63542288425,164224.25979235754
2025-03-22 07:30:00,164229.68125730328,164224.28534767
2025-03-22 11:30:00,164230.39826410904,164224.26900568264
2025-03-22 15:30:00,164231.16031084207,164224.2222345502
2025-03-22 19:30:00,164228.8060353079,164224.1455144316
2025-03-22 23:30:00,164224.0895787678,164224.10814354962
2025-03-23 03:30:00,164203.45905958102,164223.96716489273
2025-03-23 07:30:00,164225.52697878462,164223.94249312714
2025-03-23 11:30:00,164223.07968274778,164224.0029958125
2025-03-23 15:30:00,164221.01126583832,164224.10224837292
2025-03-23 19:30:00,164231.408473444,164224.19688508424
2025-03-23 23:30:00,164230.26941504815,164224.22341857915
2025-03-24 03:30:00,164219.78782654638,164224.2174350882
2025-03-24 07:30:00,164231.03981604468,164224.2884869203
2025-03-24 11:30:00,164233.70367410156,164224.3867582528
2025-03-24 15:30:00,164219.81619434402,164224.38250313982
2025-03-24 19:30:00,164215.9856151113,164224.377918776
2025-03-24 23:30:00,164222.2433922775,164224.3773336063
2025-03-25 03:30:00,164220.25018600156,164224.39160281298
2025-03-25 07:30:00,164227.32718800305,164224.39485376162
2025-03-25 11:30:00,164230.55489503674,164224.4137547259
2025-03-25 15:30:00,164226.5787648615,164224.42588432488
2025-03-25 19:30:00,164226.01656459246,164224.40698093746
2025-03-25 23:30:00,164228.0229724866,164224.45516691424
2025-03-26 03:30:00,164233.7885005828,164224.5077765212
2025-03-26 07:30:00,164222.89233908418,164224.51285686874
2025-03-26 11:30:00,164229.65570355105,164224.5543893086
2025-03-26 15:30:00,164226.85898727688,164224.5970680739
2025-03-26 19:30:00,164221.83467263877,164224.57616688235
2025-03-26 23:30:00,164228.23550100875,164224.5646232531
2025-03-27 03:30:00,164219.22000839483,164224.55251855846
2025-03-27 07:30:00,164217.1121026766,164224.52824783797
2025-03-27 11:30:00,164220.77954595687,164224.61198396885
2025-03-27 15:30:00,164220.06597883138,164224.7482179345
2025-03-27 19:30:00,164219.19363190726,164224.79243437847
2025-03-27 23:30:00,164225.91931876822,164224.81307020716
2025-03-28 03:30:00,164228.1225185136,164224.85297028616
2025-03-28 07:30:00,164209.0539787896,164224.7675978465
2025-03-28 11:30:00,164223.3241575763,164224.6696323894
2025-03-28 15:30:00,164226.69614691098,164224.46255352968
2025-03-28 19:30:00,164218.9874002734,164224.36997591317
2025-03-28 23:30:00,164223.73537105045,164224.34940432906
2025-03-29 03:30:00,164229.28114610515,164224.37728976802
2025-03-29 07:30:00,164220.9280585597,164224.43683891333
2025-03-29 11:30:00,164221.16537334098,164224.54769691764
2025-03-29 15:30:00,164232.1665221291,164224.71949738127
2025-03-29 19:30:00,164231.26400257394,164224.85008971396
2025-03-29 23:30:00,164233.75515711535,164224.90783533614
2025-03-30 03:30:00,164237.2313819775,164224.92879979525
2025-03-30 07:30:00,164234.62582845736,164224.96773864125
2025-03-30 11:30:00,164231.4044559168,164224.95493019634
2025-03-30 15:30:00,164238.6556952377,164224.89891757877
2025-03-30 19:30:00,164211.77884474938,164224.80940201622
2025-03-30 23:30:00,164218.5423569538,164224.7835871997
2025-03-31 03:30:00,164230.00550305942,164224.76898551293
2025-03-31 07:30:00,164222.4649907112,164224.75777420838
2025-03-31 11:30:00,164221.43457346936,164224.77976963337
2025-03-31 15:30:00,164232.86846558613,164224.8542030864
2025-03-31 19:30:00,164211.09542578302,164224.75916998906
2025-03-31 23:30:00,164204.3704522226,164224.58772798613
2025-04-01 03:30:00,164241.5609702552,164224.6222059742
2025-04-01 07:30:00,164217.928731627,164224.58003602174
2025-04-01 11:30:00,164216.1496385034,164224.55232333014
2025-04-01 15:30:00,164226.685031512,164224.420377399
2025-04-01 19:30:00,164223.39701390997,164224.37717514168
2025-04-01 23:30:00,164205.61011036794,164224.27329955477
2025-04-02 03:30:00,164243.39078602186,164224.24365496566
2025-04-02 07:30:00,164233.7526225108,164224.19761174842
2025-04-02 11:30:00,164216.69766559993,164224.22928510452
2025-04-02 15:30:00,164221.93482285173,164224.282908692
2025-04-02 19:30:00,164229.8927542172,164224.32738595826
2025-04-02 23:30:00,164210.68108714957,164224.33434490912
2025-04-03 03:30:00,164211.9135956371,164224.34469178366
2025-04-03 07:30:00,164228.7927551586,164224.416954841
2025-04-03 11:30:00,164221.97451573587,164224.4638228407
2025-04-03 15:30:00,164218.5306936354,164224.43239316728
2025-04-03 19:30:00,164224.7523280322,164224.39497876845
2025-04-03 23:30:00,164214.42871026258,164224.3121862421
2025-04-04 03:30:00,164219.10040180024,164224.28734192083
2025-04-04 07:30:00,164232.67125626717,164224.24490437962
2025-04-04 11:30:00,164226.12707721273,164224.21892723005
2025-04-04 15:30:00,164226.3728947048,164224.25313236256
2025-04-04 19:30:00,164225.28564989878,164224.2108457877
2025-04-04 23:30:00,164218.4028735824,164224.15076653182
2025-04-05 03:30:00,164220.49195018038,164224.1104322064
2025-04-05 07:30:00,164231.322475856,164224.1511594524
2025-04-05 11:30:00,164224.5553695599,164224.17228744505
2025-04-05 15:30:00,164223.76686087763,164224.154397933
2025-04-05 19:30:00,164233.04717674543,164224.14927040643
2025-04-05 23:30:00,164231.03864621633,164224.1632720431
2025-04-06 03:30:00,164231.23864183002,164224.2429731071
2025-04-06 07:30:00,164235.6399416946,164224.37839840187
2025-04-06 11:30:00,164230.00825884313,164224.49199846867
2025-04-06 15:30:00,164215.84200923436,164224.5331532553
2025-04-06 19:30:00,164222.1598139823,164224.53034220537
2025-04-06 23:30:00,164225.02591999882,164224.53392590804
2025-04-07 03:30:00,164212.52934463572,164224.55200889363
2025-04-07 07:30:00,164221.62098359413,164224.54752464438
2025-04-07 11:30:00,164230.79086903564,164224.5844052413
2025-04-07 15:30:00,164226.7006501162,164224.60549235993
2025-04-07 19:30:00,164224.8166799532,164224.54458220335
2025-04-07 23:30:00,164230.64146992296,164224.5021724956
2025-04-08 03:30:00,164233.07294645716,164224.55889581554
2025-04-08 07:30:00,164223.9357157114,164224.55701644064
2025-04-08 11:30:00,164231.48181510743,164224.63423639754
2025-04-08 15:30:00,164219.14019626277,164224.65901759127
2025-04-08 19:30:00,164222.749081674,164224.7024879999
2025-04-08 23:30:00,164224.2428829993,164224.6719940682
2025-04-09 03:30:00,164229.7607196436,164224.75031291597
2025-04-09 07:30:00,164228.6445407138,164224.8046182315
2025-04-09 11:30:00,164232.17585493694,164224.84066373628
2025-04-09 15:30:00,164234.0810405288,164224.91960286646
2025-04-09 19:30:00,164226.52674256958,164224.9297337229
2025-04-09 23:30:00,164230.85485194498,164224.9468186419
2025-04-10 03:30:00,164237.8718327035,164225.0007379087
2025-04-10 07:30:00,164205.90738262486,164224.92817024753
2025-04-10 11:30:00,164210.16897321353,164224.80307321818
2025-04-10 15:30:00,164204.44940983396,164224.6718266414
2025-04-10 19:30:00,164210.03331033638,164224.63401580363
2025-04-10 23:30:00,164223.89356580915,164224.62097336908
2025-04-11 03:30:00,164225.89641098748,164224.57394010437
2025-04-11 07:30:00,164217.44157121296,164224.4889407937
2025-04-11 11:30:00,164220.72004735676,164224.46503489077
2025-04-11 15:30:00,164231.11851455015,164224.46537097683
2025-04-11 19:30:00,164219.81183011745,164224.40554963186
2025-04-11 23:30:00,164229.33018667166,164224.38464735314
2025-04-12 03:30:00,164233.54098746303,164224.3813343813
2025-04-12 07:30:00,164223.22492333135,164224.3960110446
2025-04-12 11:30:00,164232.71632254508,164224.49697549493
2025-04-12 15:30:00,164231.86856853488,164224.5493861084
2025-04-12 19:30:00,164232.8770778427,164224.61351203013
2025-04-12 23:30:00,164234.44310464032,164224.69829591396
2025-04-13 03:30:00,164229.08912109368,164224.70468915623
2025-04-13 07:30:00,164225.38677764617,164224.71560947344
2025-04-13 11:30:00,164222.98252619954,164224.7088600707
2025-04-13 15:30:00,164226.6437146742,164224.67390424025
2025-04-13 19:30:00,164221.16495802804,164224.6969915365
2025-04-13 23:30:00,164220.31895318217,164224.71812975156
2025-04-14 03:30:00,164222.25367749942,164224.7391095922
2025-04-14 07:30:00,164214.67852230833,164224.76991381322
2025-04-14 11:30:00,164215.1504780102,164224.7812932382
2025-04-14 15:30:00,164226.57697445436,164224.81698076223
2025-04-14 19:30:00,164219.132735053,164224.83204616938
2025-04-14 23:30:00,164210.03708241982,164224.8528812075
2025-04-15 03:30:00,164219.22773036224,164224.8092911688
2025-04-15 07:30:00,164220.01140963018,164224.79304151703
2025-04-15 11:30:00,164204.93453409863,164224.76650893263
2025-04-15 15:30:00,164225.20877937114,164224.72164672645
2025-04-15 19:30:00,164221.59599745358,164224.6077270147
2025-04-15 23:30:00,164210.8172707895,164224.45996143617
2025-04-16 03:30:00,164223.55062879965,164224.3865692719
2025-04-16 07:30:00,164221.24783492016,164224.29273279957
2025-04-16 11:30:00,164218.76232653038,164224.22784254205
2025-04-16 15:30:00,164230.18660270714,164224.22064004018
2025-04-16 19:30:00,164230.5768285545,164224.23890862666
2025-04-16 23:30:00,164219.24687735052,164224.24462509956
2025-04-17 03:30:00,164230.24972696434,164224.28935900235
2025-04-17 07:30:00,164230.57896584942,164224.35005907167
2025-04-17 11:30:00,164221.06286089227,164224.38305651062
2025-04-17 15:30:00,164220.87820765917,164224.37885196504
2025-04-17 19:30:00,164225.6023381992,164224.36654345723
2025-04-17 23:30:00,164214.30919544856,164224.31698460286
2025-04-18 03:30:00,164227.8445313235,164224.32880537992
2025-04-18 07:30:00,164230.31422236693,164224.34189978417
2025-04-18 11:30:00,164218.29698628807,164224.2895026343
2025-04-18 15:30:00,164219.36353954047,164224.243237783
2025-04-18 19:30:00,164230.97179952348,164224.2705443444
2025-04-18 23:30:00,164226.3896484161,164224.3389858296
2025-04-19 03:30:00,164230.40900538513,164224.40191740406
2025-04-19 07:30:00,164234.50615010786,164224.43589838193
2025-04-19 11:30:00,164223.14001634714,164224.50440318655
2025-04-19 15:30:00,164215.6260000166,164224.48621570683
2025-04-19 19:30:00,164226.82499542742,164224.49616641097
2025-04-19 23:30:00,164224.97585180058,164224.4872702752
2025-04-20 03:30:00,164230.1286590981,164224.54230655183
2025-04-20 07:30:00,164233.90028066756,164224.50375912376
2025-04-20 11:30:00,164225.7297893393,164224.45259460367
2025-04-20 15:30:00,164206.5558050243,164224.34500964003
2025-04-20 19:30:00,164224.64189892248,164224.2947703707
2025-04-20 23:30:00,164222.10984804158,164224.2600614036
2025-04-21 03:30:00,164222.6653732618,164224.24356112792
2025-04-21 07:30:00,164234.94303301087,164224.27279321518
2025-04-21 11:30:00,164227.85189798658,164224.25864673674
2025-04-21 15:30:00,164207.90260254635,164224.12943724619
2025-04-21 19:30:00,164221.26692450163,164224.0875532973
2025-04-21 23:30:00,164226.21867250087,164224.0993815958
2025-04-22 03:30:00,164229.58245715735,164224.2445115823
2025-04-22 07:30:00,164227.324935337,164224.25450022984
2025-04-22 11:30:00,164230.6001868205,164224.29628080802
2025-04-22 15:30:00,164201.08910113794,164224.18560211523
2025-04-22 19:30:00,164209.25005378015,164224.0624997838
2025-04-22 23:30:00,164226.22600158287,164224.04003637563
2025-04-23 03:30:00,164223.88293134022,164224.06278695783
2025-04-23 07:30:00,164221.68341468848,164224.01080695027
2025-04-23 11:30:00,164240.43592977244,164224.0482083707
2025-04-23 15:30:00,164228.06375678186,164224.094028162
2025-04-23 19:30:00,164222.83123140238,164224.13205936362
2025-04-23 23:30:00,164235.03358300196,164224.20311597874
2025-04-24 03:30:00,164232.8817380427,164224.2732912679
2025-04-24 07:30:00,164224.9507648319,164224.26008891693
2025-04-24 11:30:00,164234.52032304462,164224.28211907254
2025-04-24 15:30:00,164229.73032558392,164224.2996277432
2025-04-24 19:30:00,164222.04945994547,164224.27758827293
2025-04-24 23:30:00,164232.0673696904,164224.3000571463
2025-04-25 03:30:00,164224.23768674137,164224.2469970694
2025-04-25 07:30:00,164219.19492629322,164224.22645588726
2025-04-25 11:30:00,164227.330634653,164224.2135388378
2025-04-25 15:30:00,164229.48331124883,164224.22811841543
2025-04-25 19:30:00,164205.05673829332,164224.13490766907
2025-04-25 23:30:00,164224.83230942496,164224.11600104917
2025-04-26 03:30:00,164225.30245585198,164224.1497924239
2025-04-26 07:30:00,164226.89129030175,164224.20412124405
2025-04-26 11:30:00,164231.79944034643,164224.26534287955
2025-04-26 15:30:00,164234.043480688,164224.34299566766
2025-04-26 19:30:00,164217.38682777036,164224.33295786686
2025-04-26 23:30:00,164233.10144787104,164224.3728585841
2025-04-27 03:30:00,164241.06815383254,164224.4447787803
2025-04-27 07:30:00,164226.8552272285,164224.543674605
2025-04-27 11:30:00,164236.78782419203,164224.61847275286
2025-04-27 15:30:00,164234.6750523954,164224.66280000552
2025-04-27 19:30:00,164206.40598440723,164224.5929032507
2025-04-27 23:30:00,164217.95295004183,164224.56077868957
2025-04-28 03:30:00,164227.81588810246,164224.55263836734
2025-04-28 07:30:00,164231.0315178981,164224.608768697
2025-04-28 11:30:00,164235.1223255257,164224.68630732023
2025-04-28 15:30:00,164237.33342218367,164224.71501232055
2025-04-28 19:30:00,164216.8192953338,164224.634763947
2025-04-28 23:30:00,164214.51320729364,164224.52786422576
2025-04-29 03:30:00,164241.16277480128,164224.54970529702
2025-04-29 07:30:00,164228.5071943141,164224.5157128851
2025-04-29 11:30:00,164224.0768722059,164224.47500408668
2025-04-29 15:30:00,164233.3377852404,164224.44546014225
2025-04-29 19:30:00,164202.15643370192,164224.39200230312
2025-04-29 23:30:00,164208.65730730843,164224.33708536066
2025-04-30 03:30:00,164219.64557077485,164224.2795301813
2025-04-30 07:30:00,164221.652337685,164224.27501544225
2025-04-30 11:30:00,164219.59540045128,164224.26479781437
2025-04-30 15:30:00,164240.53111096378,164224.30736806648
2025-04-30 19:30:00,164230.6455962898,164224.41598012485
2025-04-30 23:30:00,164220.2850524127,164224.50439457034
2025-05-01 03:30:00,164237.98103749607,164224.48450605504
2025-05-01 07:30:00,164253.39811640506,164224.68155819268
2025-05-01 11:30:00,164233.8870905656,164224.78009959302
2025-05-01 15:30:00,164242.3610532748,164224.8671886028
2025-05-01 19:30:00,164243.96183472264,164224.98143760735
2025-05-01 23:30:00,164222.8319250476,164225.07711435555
2025-05-02 03:30:00,164226.00205484228,164224.98051029345
2025-05-02 07:30:00,164226.73099964365,164224.9415012775
2025-05-02 11:30:00,164222.06152098527,164224.97130047408
2025-05-02 15:30:00,164235.4228724106,164225.04623408275
2025-05-02 19:30:00,164235.14557924832,164225.07541644404
2025-05-02 23:30:00,164214.15849660238,164225.09473538544
2025-05-03 03:30:00,164221.87139784716,164225.15005650884
2025-05-03 07:30:00,164224.29201041008,164225.12505237132
2025-05-03 11:30:00,164211.49494638364,164225.0668325416
2025-05-03 15:30:00,164213.0569138027,164225.03642265365
2025-05-03 19:30:00,164227.2377648598,164225.05023063603
2025-05-03 23:30:00,164206.40239384465,164225.00563998925
2025-05-04 03:30:00,164213.6904334229,164224.97558460938
2025-05-04 07:30:00,164222.26928894463,164224.91779590203
2025-05-04 11:30:00,164212.01438694392,164224.8393920672
2025-05-04 15:30:00,164212.1282568047,164224.76025519
2025-05-04 19:30:00,164226.45919487654,164224.7667748843
2025-05-04 23:30:00,164220.88333908346,164224.78055524817
2025-05-05 03:30:00,164220.3357261454,164224.77968733688
2025-05-05 07:30:00,164240.76412124786,164224.8321409224
2025-05-05 11:30:00,164238.76004247312,164224.91105577193
2025-05-05 15:30:00,164230.4819424098,164224.9483617804
2025-05-05 19:30:00,164236.28413284366,164224.96634486987
2025-05-05 23:30:00,164235.92660559493,164224.99350019975
2025-05-06 03:30:00,164231.46465475252,164224.9947558271
2025-05-06 07:30:00,164225.17742372662,164224.9366307273
2025-05-06 11:30:00,164225.68268204547,164224.91259974506
2025-05-06 15:30:00,164220.50499278266,164224.93850520923
2025-05-06 19:30:00,164234.07962376653,164225.0047263747
2025-05-06 23:30:00,164228.6131874546,164225.02465563835
2025-05-07 03:30:00,164220.66077835418,164225.0698302701
2025-05-07 07:30:00,164221.75324187864,164225.07056503836
2025-05-07 11:30:00,164225.02822262698,164225.03855033606
2025-05-07 15:30:00,164227.02451412633,164225.04034958058
2025-05-07 19:30:00,164225.90489316962,164225.04639520956
2025-05-07 23:30:00,164225.13021140557,164225.0157771067
2025-05-08 03:30:00,164222.93758449092,164224.95946954022
2025-05-08 07:30:00,164223.93028252674,164224.95943935585
2025-05-08 11:30:00,164222.35379833134,164224.90872815155
2025-05-08 15:30:00,164221.1662681835,164224.91998410664
2025-05-08 19:30:00,164224.6325137204,164224.930447618
2025-05-08 23:30:00,164221.0448477626,164224.9126807556
2025-05-09 03:30:00,164219.2720012221,164224.85441009767
2025-05-09 07:30:00,164217.9902932328,164224.79521983393
2025-05-09 11:30:00,164223.99079567048,164224.74974728242
2025-05-09 15:30:00,164224.09384615978,164224.69426286925
2025-05-09 19:30:00,164228.0693091704,164224.70283268372
2025-05-09 23:30:00,164231.33556309924,164224.70550330123
2025-05-10 03:30:00,164224.40676399163,164224.63069736396
2025-05-10 07:30:00,164227.6491072479,164224.75148472298
2025-05-10 11:30:00,164225.15608797767,164224.83474647164
2025-05-10 15:30:00,164227.57129574276,164224.96320139337
2025-05-10 19:30:00,164223.1773166512,164225.03622365068
2025-05-10 23:30:00,164223.8295160118,164225.0358678185
2025-05-11 03:30:00,164223.79303630136,164225.02418240355
2025-05-11 07:30:00,164222.69467833024,164225.053366332
2025-05-11 11:30:00,164226.6691258005,164225.0864167678
2025-05-11 15:30:00,164231.7700050532,164225.09003615947
2025-05-11 19:30:00,164225.86557579052,164225.12366807988
2025-05-11 23:30:00,164222.7066617385,164225.08687071913
2025-05-12 03:30:00,164225.77081836257,164225.043703113
2025-05-12 07:30:00,164230.47074203673,164225.08395766138
2025-05-12 11:30:00,164229.38590713424,164225.06545535356
2025-05-12 15:30:00,164235.55826370773,164225.08595366005
2025-05-12 19:30:00,164219.89860260868,164225.01385101987
2025-05-12 23:30:00,164217.55282557488,164224.92001613617
2025-05-13 03:30:00,164229.00587001457,164224.91955363017
2025-05-13 07:30:00,164226.01760714492,164224.9230582385
2025-05-13 11:30:00,164236.05858097706,164224.99570298727
2025-05-13 15:30:00,164236.7139730064,164225.05164886688
2025-05-13 19:30:00,164228.09966259054,164225.09017500334
2025-05-13 23:30:00,164232.9078413624,164225.160113271
2025-05-14 03:30:00,164231.32182607782,164225.21049187423
2025-05-14 07:30:00,164231.04048577623,164225.3013916713
2025-05-14 11:30:00,164224.4922517844,164225.35329041447
2025-05-14 15:30:00,164235.06313666038,164225.40043576006
2025-05-14 19:30:00,164224.1855310169,164225.42850684872
2025-05-14 23:30:00,164219.61986497135,164225.48174452956
2025-05-15 03:30:00,164229.28922529574,164225.53764172367
2025-05-15 07:30:00,164222.9716760712,164225.55408764834
2025-05-15 11:30:00,164230.48440388986,164225.69603136939
2025-05-15 15:30:00,164235.68445647252,164225.7542295755
2025-05-15 19:30:00,164215.97754232778,164225.72301593592
2025-05-15 23:30:00,164209.9018841672,164225.71793045467
2025-05-16 03:30:00,164228.99047703418,164225.74815183377
2025-05-16 07:30:00,164225.88069410008,164225.77388994032
2025-05-16 11:30:00,164219.62955593228,164225.77870788143
2025-05-16 15:30:00,164230.57336775452,164225.78085657614
2025-05-16 19:30:00,164225.5520266972,164225.7529410103
2025-05-16 23:30:00,164221.7961241265,164225.76710349237
2025-05-17 03:30:00,164232.94369599022,164225.78206998695
2025-05-17 07:30:00,164241.90432992272,164225.84498867625
2025-05-17 11:30:00,164231.01292520214,164225.9002668113
2025-05-17 15:30:00,164232.28160345994,164225.9636190102
2025-05-17 19:30:00,164237.01675591397,164226.02703244193
2025-05-17 23:30:00,164224.11821286663,164226.08152698315
2025-05-18 03:30:00,164229.68662943866,164226.09176086157
2025-05-18 07:30:00,164228.87322765912,164226.08375533542
2025-05-18 11:30:00,164222.47289196137,164226.1069548114
2025-05-18 15:30:00,164231.21731564042,164226.17280912306
2025-05-18 19:30:00,164235.30358678015,164226.19687460782
2025-05-18 23:30:00,164224.88462839136,164226.18851338545
2025-05-19 03:30:00,164213.69672190078,164226.09566736608
2025-05-19 07:30:00,164223.36069507909,164226.03374817147
2025-05-19 11:30:00,164212.632428616,164225.97537268407
2025-05-19 15:30:00,164218.89736027987,164225.99354690776
2025-05-19 19:30:00,164232.3507658483,164226.02424563235
2025-05-19 23:30:00,164224.17281205225,164226.0197843004
2025-05-20 03:30:00,164219.15117858525,164225.95879829756
2025-05-20 07:30:00,164231.7956931282,164225.94710614457
2025-05-20 11:30:00,164221.72754073355,164225.92487143006
2025-05-20 15:30:00,164230.56877460075,164226.05827681662
2025-05-20 19:30:00,164232.41532535726,164226.10146251903
2025-05-20 23:30:00,164231.89436110106,164226.1558209249
2025-05-21 03:30:00,164215.36405132417,164226.11525802527
2025-05-21 07:30:00,164230.72798087355,164226.09184106893
2025-05-21 11:30:00,164227.51305557648,164226.08995861112
2025-05-21 15:30:00,164222.95220557804,164226.17356751685
2025-05-21 19:30:00,164230.56066996633,164226.2251994361
2025-05-21 23:30:00,164221.13761248466,164226.19697132488
2025-05-22 03:30:00,164212.13349260084,164226.1000326329
2025-05-22 07:30:00,164230.70253164263,164226.11879705684
2025-05-22 11:30:00,164230.9458026382,164226.1207171447
2025-05-22 15:30:00,164217.7067017915,164226.21303714835
2025-05-22 19:30:00,164224.8116291805,164226.299490345
2025-05-22 23:30:00,164228.70467760105,164226.31326076732
2025-05-23 03:30:00,164222.78866572762,164226.3071815139
2025-05-23 07:30:00,164229.83404120032,164226.3524627723
2025-05-23 11:30:00,164233.2619685302,164226.3126074321
2025-05-23 15:30:00,164227.24307863545,164226.30804810906
2025-05-23 19:30:00,164219.30753560766,164226.28847202132
2025-05-23 23:30:00,164226.7736377948,164226.24258343683
2025-05-24 03:30:00,164221.49011611624,164226.17929664833
2025-05-24 07:30:00,164218.98012146584,164226.14612640743
2025-05-24 11:30:00,164227.25070044515,164226.1057396152
2025-05-24 15:30:00,164226.41275650135,164226.08730867587
2025-05-24 19:30:00,164226.87571829266,164226.11412122223
2025-05-24 23:30:00,164231.08806384253,164226.10868063418
2025-05-25 03:30:00,164223.10079958956,164226.10236459444
2025-05-25 07:30:00,164222.3844120131,164226.12008395954
2025-05-25 11:30:00,164237.79276593318,164226.17820691114
2025-05-25 15:30:00,164234.20846027992,164226.20445773905
2025-05-25 19:30:00,164233.5440028363,164226.36272031986
2025-05-25 23:30:00,164231.80211022013,164226.40144143536
2025-05-26 03:30:00,164227.61838487987,164226.41430770778
2025-05-26 07:30:00,164218.79039709544,164226.3693027455
2025-05-26 11:30:00,164220.84973263615,164226.308471036
2025-05-26 15:30:00,164221.7889445698,164226.2403902798
2025-05-26 19:30:00,164203.06794238294,164226.16084091653
2025-05-26 23:30:00,164209.86467703045,164226.0317477452
2025-05-27 03:30:00,164226.80486941882,164225.95250727623
2025-05-27 07:30:00,164217.28921847919,164225.89936278318
2025-05-27 11:30:00,164232.2131517097,164225.87394793605
2025-05-27 15:30:00,164238.52822102743,164225.89535442847
2025-05-27 19:30:00,164232.571423292,164226.0407179778
2025-05-27 23:30:00,164227.0994993355,164226.09153214056
2025-05-28 03:30:00,164241.8181116337,164226.16932227128
2025-05-28 07:30:00,164233.37892069513,164226.18236339794
2025-05-28 11:30:00,164226.2260014213,164226.13293937515
2025-05-28 15:30:00,164232.6554575657,164226.10695068282
2025-05-28 19:30:00,164221.43522354017,164226.1325947284
2025-05-28 23:30:00,164220.00434805514,164226.16310106596
2025-05-29 03:30:00,164228.423123645,164226.0923252262
2025-05-29 07:30:00,164224.3959462977,164226.06948495944
2025-05-29 11:30:00,164224.94627082444,164226.07431495178
2025-05-29 15:30:00,164240.75651777844,164226.11553013255
2025-05-29 19:30:00,164232.8592196125,164226.2861011654
2025-05-29 23:30:00,164230.13282855676,164226.40540961674
2025-05-30 03:30:00,164230.02703106985,164226.46308439618
2025-05-30 07:30:00,164228.8681526293,164226.50317225698
2025-05-30 11:30:00,164222.37429669418,164226.51861056944
2025-05-30 15:30:00,164225.4097292873,164226.43460289345
2025-05-30 19:30:00,164217.4626930082,164226.3613645419
2025-05-30 23:30:00,164201.05055423058,164226.25450621865
2025-05-31 03:30:00,164211.83994180535,164226.10927790927
2025-05-31 07:30:00,164217.59646922437,164225.9103798694
2025-05-31 11:30:00,164209.67433873628,164225.77586458143
2025-05-31 15:30:00,164225.58594626057,164225.68266954247
2025-05-31 19:30:00,164233.97878607942,164225.6272081611
2025-05-31 23:30:00,164224.33823755276,164225.63557656392
2025-06-01 03:30:00,164229.1738695962,164225.653197757
2025-06-01 07:30:00,164241.449681153,164225.73496820984
2025-06-01 11:30:00,164240.50502474766,164225.83743211962
2025-06-01 15:30:00,164231.29880712146,164225.8145206458
2025-06-01 19:30:00,164238.30436662686,164225.83206946455
2025-06-01 23:30:00,164226.7304122349,164225.90191344032
2025-06-02 03:30:00,164219.93954208132,164225.89118090828
2025-06-02 07:30:00,164223.65518194702,164225.88764297235
2025-06-02 11:30:00,164223.0955645152,164225.9520908509
2025-06-02 15:30:00,164236.68995536,164226.08338552617
2025-06-02 19:30:00,164244.31502583707,164226.1782591983
2025-06-02 23:30:00,164229.4109297705,164226.30608439786
2025-06-03 03:30:00,164229.348545843,164226.3930739113
2025-06-03 07:30:00,164231.95949362073,164226.44690838174
2025-06-03 11:30:00,164221.00197600012,164226.49683943205
2025-06-03 15:30:00,164222.58549345084,164226.5549351912
2025-06-03 19:30:00,164232.61558516594,164226.58913735946
2025-06-03 23:30:00,164223.19651498477,164226.6019883367
2025-06-04 03:30:00,164215.8152324412,164226.5768744828
2025-06-04 07:30:00,164220.18397456466,164226.46254033456
2025-06-04 11:30:00,164226.4459649915,164226.39412879298
2025-06-04 15:30:00,164222.92419909977,164226.35214133016
2025-06-04 23:30:00,164225.69054641708,164226.2394706559
2025-06-05 03:30:00,164224.0205403439,164226.19788342455
2025-06-05 07:30:00,164231.6740432792,164226.23417738854
2025-06-05 11:30:00,164230.31575461617,164226.26006047553
2025-06-05 15:30:00,164228.29405448938,164226.30357478673
2025-06-05 19:30:00,164231.86323466562,164226.29119272472
2025-06-05 23:30:00,164229.53040856868,164226.29631686502
2025-06-06 03:30:00,164229.38902641975,164226.3450780274
2025-06-06 07:30:00,164228.47633751147,164226.3826372209
2025-06-06 11:30:00,164231.49213548805,164226.41874846592
2025-06-06 15:30:00,164228.2761294979,164226.42574073057
2025-06-06 19:30:00,164226.9587542069,164226.43162822237
2025-06-06 23:30:00,164227.68439944083,164226.44589742928
2025-06-07 03:30:00,164220.79212505792,164226.43391162241
2025-06-07 07:30:00,164223.53536631813,164226.4317053866
2025-06-07 11:30:00,164235.97188637036,164226.50778409073
2025-06-07 15:30:00,164235.18195064133,164226.5860839927
2025-06-07 19:30:00,164230.3579558174,164226.61806970276
2025-06-07 23:30:00,164228.57695247835,164226.66014850006
2025-06-08 03:30:00,164226.59810812763,164226.7010764716
2025-06-08 07:30:00,164229.71483856728,164226.76657672485
2025-06-08 11:30:00,164239.1336593547,164226.8511737287
2025-06-08 15:30:00,164233.50300286573,164226.90373884994
2025-06-08 19:30:00,164214.69415940598,164226.82901734288
2025-06-08 23:30:00,164214.84728597503,164226.73690406288
2025-06-09 03:30:00,164224.1822664162,164226.73564988648
2025-06-09 07:30:00,164226.91167650453,164226.73153016166
2025-06-09 11:30:00,164229.02879953483,164226.75316542175
2025-06-09 15:30:00,164233.0704893373,164226.78388717366
2025-06-09 19:30:00,164228.24571975385,164226.8122022748
2025-06-09 23:30:00,164228.0551591094,164226.83580921945
2025-06-10 03:30:00,164229.91790810289,164226.87002638038
2025-06-10 07:30:00,164230.92761339154,164226.916020431
2025-06-10 11:30:00,164231.0348294506,164226.94040983685
2025-06-10 15:30:00,164237.25493572178,164226.97105190763
2025-06-10 19:30:00,164232.50470181304,164227.00814199715
2025-06-10 23:30:00,164230.34124420315,164227.05079329584
2025-06-11 03:30:00,164230.39775003004,164227.0766420761
2025-06-11 07:30:00,164230.27810843947,164227.07556591078
2025-06-11 11:30:00,164230.80559136136,164227.08349710755
2025-06-11 15:30:00,164235.5674532559,164227.0835484458
2025-06-11 19:30:00,164224.4866289986,164227.10917987817
2025-06-11 23:30:00,164220.17209903596,164227.12381269078
2025-06-12 03:30:00,164228.8436031381,164227.12290617192
2025-06-12 07:30:00,164221.21483120776,164227.09607502143
2025-06-12 11:30:00,164229.27186267104,164227.05816039402
2025-06-12 15:30:00,164235.00610145548,164227.04861921218
2025-06-12 19:30:00,164229.44548025986,164227.05613774664
2025-06-13 03:30:00,164219.05495844648,164226.95434802052
2025-06-13 07:30:00,164225.6736221944,164226.92419710153
2025-06-13 11:30:00,164226.70494056575,164226.9366279374
2025-06-13 15:30:00,164235.56754924887,164226.93946171599
2025-06-13 19:30:00,164232.58665141155,164226.98665902155
2025-06-13 23:30:00,164210.43569851224,164226.9350625808
2025-06-14 03:30:00,164224.11905335038,164226.90601667095
2025-06-14 07:30:00,164228.26869547903,164226.93577520698
2025-06-14 11:30:00,164234.89317219937,164226.96054356825
2025-06-14 15:30:00,164233.7100228478,164226.94945124452
2025-06-14 19:30:00,164235.50014185073,164227.05912876994
2025-06-14 23:30:00,164228.93655167843,164227.16606510428
2025-06-15 03:30:00,164231.73714210172,164227.1814958069
2025-06-15 07:30:00,164236.055811601,164227.2386593884
2025-06-15 11:30:00,164231.2768948452,164227.30409387665
2025-06-15 15:30:00,164236.57707867437,164227.33782258967
2025-06-15 19:30:00,164233.12029553138,164227.3803409539
2025-06-15 23:30:00,164226.58744612412,164227.40725849321
2025-06-16 03:30:00,164224.50729775362,164227.35986299752
2025-06-16 07:30:00,164223.0769583933,164227.25409124736
2025-06-16 11:30:00,164227.7045359731,164227.235504791
2025-06-16 15:30:00,164235.48959838948,164227.25352723442
2025-06-16 19:30:00,164231.22126840125,164227.22096831584
2025-06-16 23:30:00,164222.81915875373,164227.213670259
2025-06-17 03:30:00,164220.62443507087,164227.16275905469
2025-06-17 07:30:00,164218.07338206057,164227.1020857648
2025-06-17 11:30:00,164222.69224932484,164227.10331810956
2025-06-17 15:30:00,164232.2474455159,164227.10910535604
2025-06-17 19:30:00,164238.2906103694,164227.12588638742
2025-06-17 23:30:00,164228.17218156884,164227.1443557873
2025-06-18 03:30:00,164226.2051220471,164227.21462769824
2025-06-18 07:30:00,164226.86232446195,164227.23429977344
2025-06-18 11:30:00,164229.139879164,164227.32703825968
2025-06-18 15:30:00,164237.93628359723,164227.43399850302
2025-06-18 19:30:00,164233.9271015283,164227.44285432145
2025-06-18 23:30:00,164227.1839513774,164227.45977083448
2025-06-19 03:30:00,164227.40988098897,164227.50616803902
2025-06-19 07:30:00,164234.77203488877,164227.52288906014
2025-06-19 11:30:00,164229.90915176476,164227.5688531671
2025-06-19 15:30:00,164235.2428537759,164227.59511203883
2025-06-19 19:30:00,164237.16195160244,164227.62177847844
2025-06-19 23:30:00,164231.30075944166,164227.61844363765
2025-06-20 03:30:00,164229.02711402305,164227.69520241683
2025-06-20 07:30:00,164229.91645769,164227.69064329786
2025-06-20 11:30:00,164225.91789831046,164227.68168174016
2025-06-20 15:30:00,164222.8577272685,164227.68115096315
2025-06-20 19:30:00,164224.35585635592,164227.6462924597
2025-06-20 23:30:00,164224.77373507447,164227.66672011468
2025-06-21 03:30:00,164222.38597575092,164227.72431833466
2025-06-21 07:30:00,164230.4300492118,164227.72278753447
2025-06-21 11:30:00,164232.89988336808,164227.7337655161
2025-06-21 15:30:00,164228.95556833377,164227.79696139556
2025-06-21 19:30:00,164217.298011929,164227.75475006268
2025-06-21 23:30:00,164220.892227725,164227.71085989484
2025-06-22 03:30:00,164221.36240068945,164227.70284716992
2025-06-22 07:30:00,164227.7752955341,164227.69128118304
2025-06-22 11:30:00,164233.3614974384,164227.6918403342
2025-06-22 15:30:00,164220.87897337074,164227.65608693383
2025-06-22 19:30:00,164205.17944866678,164227.57671565886
2025-06-22 23:30:00,164218.26550781008,164227.5289171758
2025-06-23 03:30:00,164223.87468829364,164227.54231364874
2025-06-23 07:30:00,164223.20076730772,164227.5660251422
2025-06-23 11:30:00,164234.80043277924,164227.6084393688
2025-06-23 15:30:00,164232.02897027537,164227.63999113158
2025-06-23 19:30:00,164215.14733618725,164227.57410134448
2025-06-23 23:30:00,164215.2039525719,164227.48486476432
2025-06-24 03:30:00,164234.091037706,164227.54660767506
2025-06-24 07:30:00,164222.06614689622,164227.5448196688
2025-06-24 11:30:00,164235.4978727131,164227.53192701025
2025-06-24 15:30:00,164241.62518224368,164227.5735939876
2025-06-24 19:30:00,164229.92941005775,164227.55328728657
2025-06-24 23:30:00,164226.31451452186,164227.5224580973
2025-06-25 03:30:00,164226.3773734134,164227.51548612272
2025-06-25 07:30:00,164223.03852241623,164227.53935199534
2025-06-25 11:30:00,164228.05250994008,164227.57981703634
2025-06-25 15:30:00,164239.75737354413,164227.68076326657
2025-06-25 19:30:00,164220.89932377677,164227.78093956652
2025-06-25 23:30:00,164218.6149494661,164227.83009840042
2025-06-26 03:30:00,164224.36138963603,164227.8163709859
2025-06-26 07:30:00,164221.74744481995,164227.8414172013
2025-06-26 11:30:00,164234.0949601531,164227.85198915887
2025-06-26 15:30:00,164239.00120139678,164227.85464635195
2025-06-26 19:30:00,164223.31120190752,164227.8026226363
2025-06-26 23:30:00,164222.19449564946,164227.77506643583
2025-06-27 03:30:00,164227.07005084516,164227.69221216172
2025-06-27 07:30:00,164231.4624271811,164227.68144534423
2025-06-27 11:30:00,164219.6848204377,164227.64469713645
2025-06-27 15:30:00,164236.07547268542,164227.66391070455
2025-06-27 19:30:00,164228.30665426387,164227.70251424794
2025-06-27 23:30:00,164202.2011517492,164227.60249629116
2025-06-28 03:30:00,164213.6142514347,164227.51930037988
2025-06-28 07:30:00,164224.72139902573,164227.52112876598
2025-06-28 11:30:00,164228.26652172403,164227.53978186092
2025-06-28 15:30:00,164238.91551362295,164227.52943914096
2025-06-28 19:30:00,164235.8515231876,164227.5462498352
2025-06-28 23:30:00,164227.2277644058,164227.52992925007
2025-06-29 03:30:00,164230.02619347087,164227.52992454445
2025-06-29 07:30:00,164229.53941218628,164227.53369566557
2025-06-29 11:30:00,164229.6291446045,164227.5744532381
2025-06-29 15:30:00,164235.12836299738,164227.6290523039
2025-06-29 19:30:00,164232.86254052786,164227.71556830118
2025-06-29 23:30:00,164224.1444880639,164227.8453095025
2025-06-30 03:30:00,164221.16920928308,164227.89772111754
2025-06-30 07:30:00,164226.73037554586,164227.949035198
2025-06-30 11:30:00,164225.23357045205,164228.03644661212
2025-06-30 15:30:00,164233.81262382344,164228.0826639018
2025-06-30 19:30:00,164235.82860464032,164228.09305614093
2025-06-30 23:30:00,164224.23736788463,164228.0924894574
2025-07-01 03:30:00,164231.06405861265,164228.1031084968
2025-07-01 07:30:00,164229.63355285168,164228.0367257535
2025-07-01 11:30:00,164230.8090823777,164227.98225416717
2025-07-01 15:30:00,164236.63044931204,164228.0122072132
2025-07-01 19:30:00,164234.79891240023,164227.99251365013
2025-07-01 23:30:00,164223.73769053523,164227.97570060688
2025-07-02 03:30:00,164216.58892582092,164227.95687692
2025-07-02 07:30:00,164223.8622851588,164227.95804042122
2025-07-02 11:30:00,164225.50762945236,164227.9715913478
2025-07-02 15:30:00,164228.5340395453,164227.92577159606
2025-07-02 19:30:00,164224.5977865512,164227.81500058886
2025-07-02 23:30:00,164221.6441353711,164227.77136691244
2025-07-03 03:30:00,164224.2581273635,164227.7427690558
2025-07-03 07:30:00,164223.81237988765,164227.69699875393
2025-07-03 11:30:00,164232.8994871431,164227.76383870418
2025-07-03 15:30:00,164232.0710224748,164227.81712819307
2025-07-03 19:30:00,164238.07473760843,164227.84779758882
2025-07-03 23:30:00,164231.4658193836,164227.8942543551
2025-07-04 03:30:00,164232.21026302705,164227.9863612685
2025-07-04 07:30:00,164238.38610352285,164228.08862041996
2025-07-04 11:30:00,164239.0246835469,164228.15928737813
2025-07-04 15:30:00,164233.12193059298,164228.2165780045
2025-07-04 19:30:00,164226.7021272938,164228.208117386
2025-07-04 23:30:00,164223.21982457407,164228.1943144707
2025-07-05 03:30:00,164223.06179372745,164228.1889583443
2025-07-05 07:30:00,164227.77256332638,164228.16716236694
2025-07-05 11:30:00,164233.85741558642,164228.18694818244
2025-07-05 15:30:00,164224.82825373806,164228.16758616705
2025-07-05 19:30:00,164216.352635437,164228.0809347747
2025-07-05 23:30:00,164223.4963693047,164228.04722505817
2025-07-06 03:30:00,164223.18779100754,164228.0125812849
2025-07-06 07:30:00,164228.30202094707,164228.01160744933
2025-07-06 11:30:00,164234.67979012427,164228.0294155758
2025-07-06 15:30:00,164227.72144430448,164228.02631677585
2025-07-06 19:30:00,164210.23025785614,164227.93286148895
2025-07-06 23:30:00,164221.45662915285,164227.89806947618
2025-07-07 03:30:00,164224.92978221003,164227.92118487926
2025-07-07 07:30:00,164222.72334916875,164227.91664847062
2025-07-07 11:30:00,164229.46858606147,164227.88031718397
2025-07-07 15:30:00,164232.78442421806,164227.86692318163
2025-07-07 19:30:00,164219.2646334012,164227.80494931337
2025-07-07 23:30:00,164228.3952066918,164227.80393397377
2025-07-08 03:30:00,164232.76592157743,164227.83839103216
2025-07-08 07:30:00,164229.56485341038,164227.8375531262
2025-07-08 11:30:00,164234.1634331606,164227.80978649945
2025-07-08 15:30:00,164236.55121537237,164227.8268156196
2025-07-08 19:30:00,164224.6761001602,164227.88258065176
2025-07-08 23:30:00,164227.98952968227,164227.95600100767
2025-07-09 03:30:00,164237.50894636425,164228.03045173362
2025-07-09 07:30:00,164230.1641981053,164228.04862224535
2025-07-09 11:30:00,164223.50225376073,164228.017747688
2025-07-09 15:30:00,164231.57490750996,164228.0093924822
2025-07-09 19:30:00,164209.6831863641,164227.90569117837
2025-07-09 23:30:00,164219.97039300762,164227.8605248873
2025-07-10 03:30:00,164222.73949625937,164227.8204220278
2025-07-10 07:30:00,164221.73883940102,164227.76908809494
2025-07-10 11:30:00,164236.26469381154,164227.79830521427
2025-07-10 15:30:00,164236.4158542846,164227.79361760846
2025-07-10 19:30:00,164224.4843524829,164227.74881118763
2025-07-10 23:30:00,164212.9704615046,164227.65176770889
2025-07-11 03:30:00,164229.6881158029,164227.64780327186
2025-07-11 07:30:00,164224.98232505753,164227.61821788983
2025-07-11 11:30:00,164231.78096600666,164227.6236669102
2025-07-11 15:30:00,164233.57180685643,164227.61251804762
2025-07-11 19:30:00,164220.61729841877,164227.59090167566
2025-07-11 23:30:00,164226.01626525816,164227.62355064898
2025-07-12 03:30:00,164227.5296326415,164227.61621003167
2025-07-12 07:30:00,164235.62434250314,164227.69671009478
2025-07-12 11:30:00,164235.33162154572,164227.73056349633
2025-07-12 15:30:00,164238.50978953383,164227.75013717276
2025-07-12 19:30:00,164236.85970593774,164227.7915574279
2025-07-12 23:30:00,164229.89786513476,164227.8032591374
2025-07-13 03:30:00,164230.66321671166,164227.8677494611
2025-07-13 07:30:00,164232.99511669966,164227.90842443056
2025-07-13 11:30:00,164234.6088778947,164227.9523351935
2025-07-13 15:30:00,164238.22996689985,164227.96712640268
2025-07-13 19:30:00,164235.80395212356,164227.98500029554
2025-07-13 23:30:00,164222.83776152643,164228.05390064558
2025-07-14 03:30:00,164230.68625272322,164228.09038508657
2025-07-14 07:30:00,164227.93031633468,164228.08850520244
2025-07-14 11:30:00,164232.59292633703,164228.07572605874
2025-07-14 15:30:00,164238.1704295671,164228.1005060961
2025-07-14 19:30:00,164236.7380192759,164228.1073831929
2025-07-14 23:30:00,164227.42125750895,164228.09896489192
2025-07-15 03:30:00,164228.6473965159,164228.0817996387
2025-07-15 07:30:00,164227.6802983166,164228.03526900933
2025-07-15 11:30:00,164228.74764084432,164228.0212175982
2025-07-15 15:30:00,164237.11392418525,164228.02420007327
2025-07-15 19:30:00,164236.43205514443,164228.04259873778
2025-07-15 23:30:00,164232.3696642617,164228.07472217188
2025-07-16 03:30:00,164234.83758475896,164228.13211265526
2025-07-16 07:30:00,164234.92003830068,164228.19790754362
2025-07-16 11:30:00,164232.43171489815,164228.22416964878
2025-07-16 15:30:00,164238.2900121809,164228.23972750315
2025-07-16 19:30:00,164236.99630988043,164228.27181106692
2025-07-16 23:30:00,164230.06862478642,164228.31208587822
2025-07-17 03:30:00,164232.96713420816,164228.38065642898
2025-07-17 07:30:00,164238.63248323218,164228.4948736577
2025-07-17 11:30:00,164233.03045113772,164228.55230811224
2025-07-17 15:30:00,164232.7817100673,164228.55527624863
2025-07-17 19:30:00,164237.46833415484,164228.55070804743
2025-07-17 23:30:00,164229.54280819063,164228.5583226398
2025-07-18 03:30:00,164231.96545584145,164228.5903244942
2025-07-18 07:30:00,164235.89590348062,164228.6405110443
2025-07-18 11:30:00,164234.02171243867,164228.66763234028
2025-07-18 15:30:00,164221.02758057127,164228.57369510125
2025-07-18 19:30:00,164232.9018392841,164228.56799919985
2025-07-18 23:30:00,164226.8248641893,164228.56600427107
2025-07-19 03:30:00,164230.0378692426,164228.5806042058
2025-07-19 07:30:00,164234.38263908686,164228.57844089577
2025-07-19 11:30:00,164233.68083143423,164228.59939467174
2025-07-19 15:30:00,164227.65807386214,164228.55725700554
2025-07-19 19:30:00,164228.27369264507,164228.50787778912
2025-07-19 23:30:00,164234.53445548925,164228.52584276715
2025-07-20 03:30:00,164228.48846865716,164228.5228502929
2025-07-20 07:30:00,164230.6569467726,164228.52696412112
2025-07-20 11:30:00,164236.77471373897,164228.5872797624
2025-07-20 15:30:00,164230.9453391957,164228.63221093977
2025-07-20 19:30:00,164225.11087990546,164228.63640551505
2025-07-20 23:30:00,164230.86217036302,164228.67023015555
2025-07-21 03:30:00,164237.29074363128,164228.75303442156
2025-07-21 07:30:00,164235.19249178428,164228.77949243586
2025-07-21 11:30:00,164241.09314703563,164228.82501056732
2025-07-21 15:30:00,164229.13021084756,164228.82598080352
2025-07-21 19:30:00,164228.18498326006,164228.88646397757
2025-07-21 23:30:00,164232.47394596375,164228.95080685668
2025-07-22 03:30:00,164235.63139420934,164229.0300790429
2025-07-22 07:30:00,164238.87321241552,164229.0917341367
2025-07-22 11:30:00,164238.3532931257,164229.11946633496
2025-07-22 15:30:00,164239.64439214257,164229.22371866147
2025-07-22 19:30:00,164215.62773917432,164229.28176471984
2025-07-22 23:30:00,164229.30814343214,164229.3431126955
2025-07-23 03:30:00,164235.41739811367,164229.40723886117
2025-07-23 07:30:00,164233.95415584938,164229.46697990864
2025-07-23 11:30:00,164238.3591528447,164229.48675057568
2025-07-23 15:30:00,164240.39217362762,164229.53321281652
2025-07-23 19:30:00,164224.7447396693,164229.58653172475
2025-07-23 23:30:00,164231.17977424432,164229.6752862896
2025-07-24 03:30:00,164241.17543966742,164229.71464407828
2025-07-24 07:30:00,164238.72251280607,164229.80717944444
2025-07-24 11:30:00,164233.89961369755,164229.79830022767
2025-07-24 15:30:00,164237.12626166386,164229.77330622447
2025-07-24 19:30:00,164223.75511869727,164229.73900460577
2025-07-24 23:30:00,164232.69112898211,164229.7744302417
2025-07-25 03:30:00,164233.86297232492,164229.8160169023
2025-07-25 07:30:00,164231.1735092256,164229.86121127347
2025-07-25 11:30:00,164230.56915568473,164229.87519263872
2025-07-25 15:30:00,164235.8263952406,164229.85335387036
2025-07-25 19:30:00,164223.5876854247,164229.86828921284
2025-07-25 23:30:00,164222.27231430978,164229.88860790644
2025-07-26 03:30:00,164227.90124074812,164229.90827374594
2025-07-26 07:30:00,164228.66994156872,164229.94673206122
2025-07-26 11:30:00,164228.62839265997,164229.9163622418
2025-07-26 15:30:00,164229.35578202523,164229.8627765786
2025-07-26 19:30:00,164236.34341498325,164229.93517776238
2025-07-26 23:30:00,164228.76897172927,164229.9717026295
2025-07-27 03:30:00,164235.71150791558,164230.01971072433
2025-07-27 07:30:00,164235.5125794523,164230.04221157025
2025-07-27 11:30:00,164227.70861042218,164230.0867881813
2025-07-27 15:30:00,164235.66799068343,164230.0845243924
2025-07-27 19:30:00,164235.86217146757,164230.126499488
2025-07-27 23:30:00,164233.679953119,164230.30138171779
2025-07-28 03:30:00,164232.94335809635,164230.4087656437
2025-07-28 07:30:00,164235.2020384328,164230.4669914182
2025-07-28 11:30:00,164233.7500370634,164230.4974553923
2025-07-28 15:30:00,164235.07025635007,164230.4760928519
2025-07-28 19:30:00,164237.01050303635,164230.48253162883
2025-07-28 23:30:00,164224.37715579,164230.46669491427
2025-07-29 03:30:00,164232.14365458925,164230.4784585872
2025-07-29 07:30:00,164233.15612412328,164230.4985514313
2025-07-29 11:30:00,164233.5894366139,164230.52055305353
2025-07-29 15:30:00,164237.5865706924,164230.53420976296
2025-07-29 19:30:00,164235.31062117172,164230.54781021096
2025-07-29 23:30:00,164235.69013498054,164230.61195269384
2025-07-30 03:30:00,164232.19917282579,164230.6732302691
2025-07-30 07:30:00,164234.8389034188,164230.71827764614
2025-07-30 11:30:00,164235.63731245795,164230.77607621287
2025-07-30 15:30:00,164230.27716641646,164230.75643478282
2025-07-30 19:30:00,164225.85997034053,164230.70105348114
2025-07-30 23:30:00,164224.67157622933,164230.70346574974
2025-07-31 03:30:00,164225.14455662636,164230.6705796276
2025-07-31 07:30:00,164228.87809883925,164230.66638266086
2025-07-31 11:30:00,164227.78929216237,164230.64960604857
2025-07-31 15:30:00,164219.1270824947,164230.55236512178
2025-07-31 19:30:00,164219.91643079463,164230.4696846684
2025-07-31 23:30:00,164226.94555511698,164230.4875061383
2025-08-01 03:30:00,164225.82869145795,164230.53883816965
2025-08-01 07:30:00,164235.5198095297,164230.6036021939
2025-08-01 11:30:00,164232.87622197455,164230.64453881903
2025-08-01 15:30:00,164228.3305263676,164230.64340819028
2025-08-01 19:30:00,164231.31470054694,164230.68072437914
2025-08-01 23:30:00,164234.7765171404,164230.75368205563
2025-08-02 03:30:00,164236.0237586102,164230.81904667369
2025-08-02 07:30:00,164238.92901522288,164230.90302798108
2025-08-02 11:30:00,164240.9618324356,164230.9478187883
2025-08-02 15:30:00,164242.54814738457,164231.00602503776
2025-08-02 19:30:00,164237.8706650203,164231.00489130119
2025-08-02 23:30:00,164231.04582081723,164231.00255797582
2025-08-03 03:30:00,164232.30813477462,164231.00310170773
2025-08-03 07:30:00,164237.0682923776,164230.99578053472
2025-08-03 11:30:00,164236.1678976164,164230.97990950177
2025-08-03 15:30:00,164221.34579691163,164230.91448653687
2025-08-03 19:30:00,164213.40594283192,164230.8406188454
2025-08-03 23:30:00,164216.82168761062,164230.80507364005
2025-08-04 03:30:00,164217.70316063878,164230.77530345623
2025-08-04 07:30:00,164225.44531655542,164230.7623743075
2025-08-04 11:30:00,164231.96227219884,164230.75184573312
2025-08-04 15:30:00,164219.98716564692,164230.72495079928
2025-08-04 19:30:00,164218.06729022323,164230.7344766592
2025-08-04 23:30:00,164226.00552822504,164230.748416431
2025-08-05 03:30:00,164235.65442217494,164230.81767549305
2025-08-05 07:30:00,164225.61766963408,164230.8027624302
2025-08-05 11:30:00,164233.88775278145,164230.79836222273
2025-08-05 15:30:00,164228.97516791563,164230.80532735388
2025-08-05 19:30:00,164212.44009948662,164230.81760425185
2025-08-05 23:30:00,164232.62187096203,164230.879633373
2025-08-06 03:30:00,164235.61160733356,164230.9389768459
2025-08-06 07:30:00,164225.67451939825,164230.95537223606
2025-08-06 11:30:00,164238.54304501487,164231.0057858969
2025-08-06 15:30:00,164241.36875562867,164231.05347662698
2025-08-06 19:30:00,164232.7628472546,164231.12846670396
2025-08-06 23:30:00,164233.19291688435,164231.15512064946
2025-08-07 03:30:00,164237.08904488443,164231.17913800117
2025-08-07 07:30:00,164235.5336405129,164231.21229792954
2025-08-07 11:30:00,164239.92621757954,164231.24431339852
2025-08-07 15:30:00,164228.9132783726,164231.20188041517
2025-08-07 19:30:00,164219.02353837973,164231.1704772942
2025-08-07 23:30:00,164216.9205399555,164231.1089829068
2025-08-08 03:30:00,164219.14269783415,164231.00694819275
2025-08-08 07:30:00,164215.51940643016,164230.925588239
2025-08-08 11:30:00,164221.88787780618,164230.9166194837
2025-08-08 15:30:00,164220.1816497744,164230.85332360739
2025-08-08 19:30:00,164223.96860006743,164230.93268701687
2025-08-08 23:30:00,164222.03190527784,164230.94413986278
2025-08-09 03:30:00,164232.2740585572,164230.99710965334
