Record Time,Distance (cm),Moving Average (cm)
2022-08-31 16:30:00,326043.2385046438,326043.2385046438
2022-08-31 20:30:00,326045.6857372178,326044.4621209308
2022-09-01 00:30:00,326047.09474991186,326045.3396639245
2022-09-01 04:30:00,326041.7553333868,326044.4435812901
2022-09-01 08:30:00,326035.4518555447,326042.645236141
2022-09-01 16:30:00,326041.51311583834,326042.45654942386
2022-09-01 20:30:00,326033.671042391,326041.20147699065
2022-09-02 00:30:00,326021.53281350527,326038.7428940549
2022-09-02 04:30:00,326022.25318629114,326036.9107043034
2022-09-02 08:30:00,326028.2379164899,326036.04342552205
2022-09-02 12:30:00,326028.94953514717,326035.39852639707
2022-09-02 16:30:00,326032.3146351538,326035.14153546013
2022-09-02 20:30:00,326012.2429442979,326033.3801053707
2022-09-03 00:30:00,326009.9793866646,326031.7086254632
2022-09-03 04:30:00,326019.3848847046,326030.8870427459
2022-09-03 08:30:00,326009.1315772705,326029.52732615365
2022-09-03 12:30:00,326012.1853312623,326028.5072088071
2022-09-03 16:30:00,326023.484366317,326028.22816200217
2022-09-03 20:30:00,326036.55401574116,326028.6663648305
2022-09-04 00:30:00,326012.8630497542,326027.87619907665
2022-09-04 04:30:00,325988.51311730343,326026.00176661124
2022-09-04 08:30:00,326023.7480220564,326025.899323677
2022-09-04 12:30:00,326018.84637138597,326025.59267357737
2022-09-04 16:30:00,326020.86723782757,326025.3957804211
2022-09-04 20:30:00,326020.0926857443,326025.18365663406
2022-09-05 00:30:00,326023.21427018056,326025.1079110012
2022-09-05 04:30:00,326026.31563164975,326025.15264139563
2022-09-05 08:30:00,326033.43653991376,326025.44849491416
2022-09-05 12:30:00,326025.2754603268,326025.44252820424
2022-09-05 16:30:00,326020.8148286257,326025.2882715516
2022-09-05 20:30:00,326008.8863751835,326024.75917812035
2022-09-06 00:30:00,325990.4269367046,326023.68629557616
2022-09-06 04:30:00,326008.0286226543,326023.2118206391
2022-09-06 08:30:00,326019.163174204,326023.0927428028
2022-09-06 12:30:00,326016.7463981623,326022.91141867015
2022-09-06 16:30:00,326019.9947196214,326022.8303992522
2022-09-06 20:30:00,326024.1010381374,326022.86474084365
2022-09-07 00:30:00,326012.2229202869,326022.5846929343
2022-09-07 04:30:00,326008.1482959788,326022.21452890977
2022-09-07 08:30:00,326005.32954114553,326021.79240421567
2022-09-07 12:30:00,326003.1033854232,326021.336574489
2022-09-07 16:30:00,326025.6736354943,326021.43983784626
2022-09-07 20:30:00,326029.6218547045,326021.6301173081
2022-09-08 00:30:00,326022.8154090763,326021.6570557574
2022-09-08 04:30:00,326013.68931165413,326021.4799947773
2022-09-08 08:30:00,326017.98566143063,326021.40403100895
2022-09-08 12:30:00,326025.36188936525,326021.48824076116
2022-09-08 16:30:00,326004.9009611715,326021.14267243637
2022-09-08 20:30:00,326016.39470597135,326021.0457751616
2022-09-09 00:30:00,326041.7879346769,326021.4606183519
2022-09-09 04:30:00,326030.12972274894,326021.6306007911
2022-09-09 08:30:00,326022.7052108897,326021.65126636985
2022-09-09 12:30:00,326025.328199638,326021.72064246924
2022-09-09 16:30:00,326014.3958608005,326021.58499836427
2022-09-09 20:30:00,326022.31854575325,326021.5983355896
2022-09-10 00:30:00,326034.64000949246,326021.8312226235
2022-09-10 04:30:00,326018.49029915273,326021.772609931
2022-09-10 08:30:00,325994.15980630636,326021.29652711
2022-09-10 12:30:00,326005.12344008667,326021.02240699093
2022-09-10 16:30:00,326027.8172003959,326021.1356535476
2022-09-10 20:30:00,326028.0447058431,326021.2489167
2022-09-11 00:30:00,326028.75845542515,326021.37003829237
2022-09-11 04:30:00,326031.55499725224,326021.5317043076
2022-09-11 08:30:00,326017.2595825286,326021.4649524048
2022-09-11 12:30:00,326012.34957018116,326021.32471575524
2022-09-11 16:30:00,326017.7390866797,326021.270388042
2022-09-11 20:30:00,326031.30280585214,326021.4201256212
2022-09-12 00:30:00,326022.77753972117,326021.4400875932
2022-09-12 04:30:00,326049.6760488144,326021.84930442256
2022-09-12 08:30:00,326027.8903322026,326021.93560481945
2022-09-12 12:30:00,326036.0328882659,326022.1341581074
2022-09-12 16:30:00,326038.3195890419,326022.3589557592
2022-09-12 20:30:00,326040.99631387944,326022.6142620349
2022-09-13 00:30:00,326012.1142898297,326022.4723705186
2022-09-13 04:30:00,326018.6803317875,326022.4218100022
2022-09-13 08:30:00,326029.30048524734,326022.512318887
2022-09-13 12:30:00,326029.6551894839,326022.6050834402
2022-09-13 16:30:00,326029.7653046269,326022.6968811477
2022-09-13 20:30:00,326020.60858068423,326022.6704469646
2022-09-14 00:30:00,326028.4445635576,326022.74262342206
2022-09-14 04:30:00,326022.9684675594,326022.7454116213
2022-09-14 08:30:00,326014.4455225171,326022.64419346146
2022-09-14 12:30:00,326028.106814949,326022.7100081782
2022-09-14 16:30:00,326029.6996833959,326022.7932185975
2022-09-14 20:30:00,326032.91007154604,326022.91224039684
2022-09-15 00:30:00,326019.63979060785,326022.8741886551
2022-09-15 04:30:00,326034.58281863894,326023.0087706089
2022-09-15 08:30:00,326036.5703114868,326023.162879028
2022-09-15 12:30:00,326026.5830089117,326023.2013074537
2022-09-15 16:30:00,326033.24618273234,326023.31291717896
2022-09-15 20:30:00,326033.8203646932,326023.4283836352
2022-09-16 00:30:00,326010.6119646039,326023.2890747327
2022-09-16 04:30:00,326026.71733584214,326023.32593775535
2022-09-16 08:30:00,326014.02186683076,326023.22695827746
2022-09-16 12:30:00,326012.4803890276,326023.11383649585
2022-09-16 16:30:00,326039.56956467393,326023.28525033104
2022-09-16 20:30:00,326035.42024882964,326023.4103534083
2022-09-17 00:30:00,326020.78710991197,326023.3835856175
2022-09-17 04:30:00,326033.339117279,326023.48414654343
2022-09-17 08:30:00,326007.0740554771,326023.3200456328
2022-09-17 12:30:00,326021.5042989939,326023.30206794327
2022-09-17 16:30:00,326040.3993914424,326023.4696887619
2022-09-17 20:30:00,326040.4516690866,326023.6345623573
2022-09-18 00:30:00,326034.9360913175,326023.743230905
2022-09-18 04:30:00,326018.6239494675,326023.6944758437
2022-09-18 08:30:00,326004.742164411,326023.5156804528
2022-09-18 12:30:00,326016.9992636611,326023.45477936126
2022-09-18 16:30:00,326028.89489920245,326023.5051508413
2022-09-18 20:30:00,326048.96436675405,326023.7387216295
2022-09-19 00:30:00,326022.9055235465,326023.73114710144
2022-09-19 04:30:00,326013.07573310996,326023.63515238086
2022-09-19 08:30:00,326019.40265138546,326023.5973621934
2022-09-19 12:30:00,326025.3100192404,326023.6125184504
2022-09-19 16:30:00,326021.38170898403,326023.5929499463
2022-09-19 20:30:00,326023.840113946,326023.5950991985
2022-09-20 00:30:00,326032.0690926638,326023.6681508663
2022-09-20 04:30:00,325994.635985392,326023.42001269985
2022-09-20 08:30:00,325997.0307537238,326023.19637491193
2022-09-20 12:30:00,326022.02402929845,326023.1865232681
2022-09-20 16:30:00,326021.589401068,326023.1732139165
2022-09-20 20:30:00,326033.41087392846,326023.2578226769
2022-09-21 00:30:00,326029.24310602323,326023.30688237643
2022-09-21 04:30:00,326012.3221229296,326023.2175753891
2022-09-21 08:30:00,326019.1300039357,326023.18461110315
2022-09-21 12:30:00,326024.74895607965,326023.19712586293
2022-09-21 16:30:00,326018.36551170016,326023.1587797188
2022-09-21 20:30:00,326025.1946645424,326023.174810308
2022-09-22 00:30:00,326028.2387352431,326023.21437222156
2022-09-22 04:30:00,326008.04451881716,326023.0967764587
2022-09-22 08:30:00,326011.9816951758,326023.0112758334
2022-09-22 12:30:00,326026.8304400936,326023.04042975913
2022-09-22 16:30:00,326028.27380394534,326023.08007653325
2022-09-22 20:30:00,326022.8026637736,326023.077990723
2022-09-23 00:30:00,326025.41889237374,326023.09546013834
2022-09-23 04:30:00,326010.92677783244,326023.0053217509
2022-09-23 08:30:00,326005.1857298502,326022.87429533986
2022-09-23 12:30:00,326029.97752731194,326022.9261437484
2022-09-23 16:30:00,326015.1199882375,326022.86957740405
2022-09-23 20:30:00,326023.11637065955,326022.87135289516
2022-09-24 00:30:00,326028.70753730135,326022.9130399266
2022-09-24 04:30:00,326031.1973959643,326022.9717942248
2022-09-24 08:30:00,326006.6706907409,326022.85699772136
2022-09-24 12:30:00,326010.77096457686,326022.772480007
2022-09-24 16:30:00,326029.8907429661,326022.82191238867
2022-09-24 20:30:00,326025.421701866,326022.8398419713
2022-09-25 00:30:00,326026.61322839407,326022.8656870838
2022-09-25 04:30:00,326022.15895770985,326022.860879401
2022-09-25 08:30:00,326015.0612292667,326022.80817906227
2022-09-25 12:30:00,326025.06830278947,326022.8233476779
2022-09-25 16:30:00,326025.7823774271,326022.8430745429
2022-09-25 20:30:00,326033.8306262419,326022.9158397859
2022-09-26 00:30:00,326025.4105881796,326022.9322526043
2022-09-26 04:30:00,326017.53065379575,326022.8969480369
2022-09-26 08:30:00,326013.066732067,326022.83311546565
2022-09-26 12:30:00,326010.31145307346,326022.752330547
2022-09-26 16:30:00,326020.5481628213,326022.7382012667
2022-09-26 20:30:00,326028.86208112084,326022.7772068709
2022-09-27 00:30:00,326024.4902326144,326022.78804880596
2022-09-27 04:30:00,326022.9764303149,326022.78923359537
2022-09-27 08:30:00,326026.46361044195,326022.8121984506
2022-09-27 12:30:00,326029.6850877133,326022.85488720384
2022-09-27 16:30:00,326022.52350173047,326022.8528416145
2022-09-27 20:30:00,326024.9801162082,326022.8658923789
2022-09-28 00:30:00,326027.08527116326,326022.89162029827
2022-09-28 04:30:00,326024.2012325226,326022.89955734205
2022-09-28 08:30:00,326028.4984161195,326022.93328540697
2022-09-28 12:30:00,326027.1721254517,326022.95866768266
2022-09-28 16:30:00,326019.68276701594,326022.939168274
2022-09-28 20:30:00,326015.83536170743,326022.8971339156
2022-09-29 00:30:00,326015.463392806,326022.85340602667
2022-09-29 04:30:00,326022.6429203518,326022.8521751163
2022-09-29 08:30:00,326030.16171944106,326022.8946724671
2022-09-29 12:30:00,326034.23618264316,326022.9602303293
2022-09-29 16:30:00,326012.1543153608,326022.89812736976
2022-09-29 20:30:00,326006.6955721778,326022.80554134
2022-09-30 00:30:00,326010.19120493863,326022.7338689742
2022-09-30 04:30:00,326023.4924383975,326022.7381546771
2022-09-30 08:30:00,326019.5971742805,326022.72050871985
2022-09-30 12:30:00,326020.1446835637,326022.70611863513
2022-09-30 16:30:00,326023.12408961134,326022.5937476015
2022-09-30 20:30:00,326011.6813465021,326022.4037789383
2022-10-01 00:30:00,326006.6339019823,326022.1777406816
2022-10-01 04:30:00,326013.2907718335,326022.0187207847
2022-10-01 08:30:00,326023.54831721337,326021.9522205706
2022-10-01 12:30:00,326015.4659618895,326021.9161858001
2022-10-01 16:30:00,326024.40059275075,326021.8211162274
2022-10-01 20:30:00,326020.1692687312,326021.7461063737
2022-10-02 00:30:00,326044.10092849284,326021.87148479035
2022-10-02 04:30:00,326030.2347077062,326021.91582657595
2022-10-02 08:30:00,326025.0722658691,326021.89823962806
2022-10-02 12:30:00,326022.1761677207,326021.86060980905
2022-10-02 16:30:00,326025.8872256643,326021.82490197854
2022-10-02 20:30:00,326007.1478217812,326021.79659574234
2022-10-03 00:30:00,326007.84179211245,326021.78472021705
2022-10-03 04:30:00,326014.264003117,326021.7562708749
2022-10-03 08:30:00,326007.1710989916,326021.7453793289
2022-10-03 12:30:00,326011.92505787103,326021.74393336556
2022-10-03 16:30:00,326029.2687043268,326021.7760685768
2022-10-03 20:30:00,326013.68859053665,326021.64903843676
2022-10-04 00:30:00,326018.3144526462,326021.6793240084
2022-10-04 04:30:00,326021.64712465886,326021.863401827
2022-10-04 08:30:00,326012.1807749641,326021.79913934314
2022-10-04 12:30:00,326009.8336774474,326021.74906882126
2022-10-04 16:30:00,326027.29780765105,326021.7847942092
2022-10-04 20:30:00,326021.9073427172,326021.7948756369
2022-10-05 00:30:00,326027.04786571965,326021.8161733899
2022-10-05 04:30:00,326015.878581444,326021.7581897776
2022-10-05 08:30:00,326002.01582217216,326021.5836302345
2022-10-05 12:30:00,326018.21855933865,326021.54442522913
2022-10-05 16:30:00,326031.5200199105,326021.60389851395
2022-10-05 20:30:00,326033.98258191685,326021.7433218847
2022-10-06 00:30:00,326045.8053110843,326022.0509795202
2022-10-06 04:30:00,326030.3417023491,326022.174941074
2022-10-06 08:30:00,325981.49007456825,326021.9656460761
2022-10-06 12:30:00,326030.75386683684,326022.04346534645
2022-10-06 16:30:00,326024.2202253356,326022.0669403782
2022-10-06 20:30:00,326025.8035714575,326022.07639889664
2022-10-07 00:30:00,326031.8534684339,326022.1854574974
2022-10-07 04:30:00,326039.6237496483,326022.360321129
2022-10-07 08:30:00,326029.2997498588,326022.49348895514
2022-10-07 12:30:00,326024.61905649136,326022.6130204611
2022-10-07 16:30:00,326022.69704575726,326022.5964838515
2022-10-07 20:30:00,326020.21402858145,326022.54421815084
2022-10-08 00:30:00,326036.04418395314,326022.6177113445
2022-10-08 04:30:00,326025.1510425498,326022.6813876273
2022-10-08 08:30:00,326014.7782562757,326022.66356870974
2022-10-08 12:30:00,326023.8524267942,326022.6551828066
2022-10-08 16:30:00,326031.8440092293,326022.8048664069
2022-10-08 20:30:00,326028.36921411887,326022.8713914522
2022-10-09 00:30:00,326023.12215152226,326022.76769265684
2022-10-09 04:30:00,326031.26422061067,326022.77399542276
2022-10-09 08:30:00,326030.13406327437,326022.81526682485
2022-10-09 12:30:00,326036.1472704243,326022.87537277373
2022-10-09 16:30:00,326031.1089594943,326022.96822332195
2022-10-09 20:30:00,326028.5795768121,326023.00300682784
2022-10-10 00:30:00,326036.0458838135,326023.01081724075
2022-10-10 04:30:00,326032.93329295923,326023.09105609526
2022-10-10 08:30:00,326028.09163291036,326023.27956624306
2022-10-10 12:30:00,326029.73145315767,326023.41627742676
2022-10-10 16:30:00,326026.1623862764,326023.407084015
2022-10-10 20:30:00,326041.543215863,326023.4820757373
2022-10-11 00:30:00,326034.12378045893,326023.5118830987
2022-10-11 04:30:00,326029.92272691283,326023.5028149301
2022-10-11 08:30:00,326020.49580425303,326023.52079393965
2022-10-11 12:30:00,326020.454239149,326023.56581987836
2022-10-11 16:30:00,326021.6247294071,326023.5874067824
2022-10-11 20:30:00,326009.7182513364,326023.46749259066
2022-10-12 00:30:00,326023.18986069947,326023.46978326276
2022-10-12 04:30:00,326030.5117928772,326023.36331517424
2022-10-12 08:30:00,326021.2527586005,326023.3264397654
2022-10-12 12:30:00,326025.7741170212,326023.26944659173
2022-10-12 16:30:00,326023.2674869652,326023.1858238024
2022-10-12 20:30:00,326022.15739055834,326023.0811631173
2022-10-13 00:30:00,326021.90766699484,326023.1355707682
2022-10-13 04:30:00,326018.28197549336,326023.1333576777
2022-10-13 08:30:00,326019.8641138957,326023.08093339246
2022-10-13 12:30:00,326018.89781344164,326023.02117019217
2022-10-13 16:30:00,326021.31638534274,326022.97423175175
2022-10-13 20:30:00,326012.80162720947,326022.930859788
2022-10-14 00:30:00,326002.89386121265,326022.7889114416
2022-10-14 04:30:00,326033.8844342422,326022.84955570096
2022-10-14 08:30:00,326025.1299202416,326022.9089134661
2022-10-14 12:30:00,326014.10546761064,326022.8311282031
2022-10-14 16:30:00,326018.59092595795,326022.7694128841
2022-10-14 20:30:00,326009.8790544553,326022.6414627891
2022-10-15 00:30:00,326007.2227127571,326022.57247902325
2022-10-15 04:30:00,326020.2795105198,326022.4930162004
2022-10-15 08:30:00,326029.9367775872,326022.45616323425
2022-10-15 12:30:00,326025.1143972405,326022.44800428045
2022-10-15 16:30:00,326016.6007785913,326022.35552981304
2022-10-15 20:30:00,325991.91627365455,326022.1227293072
2022-10-16 00:30:00,326003.14134868194,326022.08122588554
2022-10-16 04:30:00,326006.73667454557,326021.9702222117
2022-10-16 08:30:00,326015.80596079637,326021.9801338448
2022-10-16 12:30:00,326017.70011663163,326022.00913233147
2022-10-16 16:30:00,326024.2122908066,326021.92381414335
2022-10-16 20:30:00,326006.9942834996,326021.7658921137
2022-10-17 00:30:00,325995.1054568576,326021.62321626337
2022-10-17 04:30:00,325989.1759577603,326021.3778653771
2022-10-17 08:30:00,326038.77200526814,326021.5539650982
2022-10-17 12:30:00,326027.60710133455,326021.5878695557
2022-10-17 16:30:00,326025.2589768517,326021.50375614123
2022-10-17 20:30:00,326015.74023218575,326021.3664703808
2022-10-18 00:30:00,326015.9275253868,326021.26086723665
2022-10-18 04:30:00,326019.9442249028,326021.26820210024
2022-10-18 08:30:00,326022.97310678626,326021.3694851134
2022-10-18 12:30:00,326027.29972909816,326021.4267099214
2022-10-18 16:30:00,326018.5924943893,326021.3694743391
2022-10-18 20:30:00,326020.93067419657,326021.21373160265
2022-10-19 00:30:00,326009.8772401666,326021.1413522506
2022-10-19 04:30:00,326007.15966777713,326021.10848522093
2022-10-19 08:30:00,326009.43663326954,326021.0531184536
2022-10-19 12:30:00,326027.6919627217,326021.0663514729
2022-10-19 16:30:00,326027.24916600756,326021.0989484564
2022-10-19 20:30:00,326015.64903562487,326021.0534424657
2022-10-20 00:30:00,326025.8743452453,326021.0190272023
2022-10-20 04:30:00,326012.45130312577,326021.11800118966
2022-10-20 08:30:00,326018.73948070005,326021.2386052285
2022-10-20 12:30:00,326025.75008981273,326021.2593055646
2022-10-20 16:30:00,326022.07882391545,326021.2620245805
2022-10-20 20:30:00,326026.8446768395,326021.2255457078
2022-10-21 00:30:00,326031.4858859651,326021.2380055963
2022-10-21 04:30:00,326025.60639027576,326021.31180708157
2022-10-21 08:30:00,326031.0861821934,326021.37823029415
2022-10-21 12:30:00,326012.24835760554,326021.30878252484
2022-10-21 16:30:00,326024.7357429379,326021.3441726984
2022-10-21 20:30:00,326012.14584809216,326021.27167927363
2022-10-22 00:30:00,326016.3944969291,326021.2058779497
2022-10-22 04:30:00,326021.495066176,326021.28060321277
2022-10-22 08:30:00,326014.1657935376,326021.2927370926
2022-10-22 12:30:00,326015.0641348991,326021.2273687304
2022-10-22 16:30:00,326027.79182107205,326021.22469104774
2022-10-22 20:30:00,326021.26229686267,326021.2161334538
2022-10-23 00:30:00,326022.5433011284,326021.2001579469
2022-10-23 04:30:00,326022.4364610956,326021.2641006317
2022-10-23 08:30:00,325999.8085586148,326021.2342274582
2022-10-23 12:30:00,326015.2986589044,326021.1526781892
2022-10-23 16:30:00,326021.44924013154,326021.18784069974
2022-10-23 20:30:00,325994.102218202,326021.0266509639
2022-10-24 00:30:00,326021.7192891124,326020.98782736284
2022-10-24 04:30:00,326029.94076853374,326020.98084609926
2022-10-24 08:30:00,326024.20501385076,326021.0782590055
2022-10-24 12:30:00,326023.8458124168,326021.15089704905
2022-10-24 16:30:00,326029.271167278,326021.1474549619
2022-10-24 20:30:00,326025.3307437003,326021.1469496387
2022-10-25 00:30:00,326032.5096447989,326021.17970750766
2022-10-25 04:30:00,326040.2645004109,326021.280293856
2022-10-25 08:30:00,326016.999624889,326021.2910627206
2022-10-25 12:30:00,325995.95326032257,326021.12931248464
2022-10-25 16:30:00,326009.68615384976,326021.03988902026
2022-10-25 20:30:00,325986.2657846176,326020.7756399002
2022-10-26 00:30:00,326009.69625980785,326020.68833807594
2022-10-26 04:30:00,326004.7883806977,326020.6175476698
2022-10-26 08:30:00,326010.5604397437,326020.60362382355
2022-10-26 12:30:00,326017.09883222135,326020.64133148553
2022-10-26 16:30:00,326007.15388319275,326020.56691882084
2022-10-26 20:30:00,325996.14145080675,326020.38513754134
2022-10-27 00:30:00,326000.23688127095,326020.2503967005
2022-10-27 04:30:00,326021.0383623928,326020.23962965654
2022-10-27 08:30:00,326031.09639157186,326020.2653673295
2022-10-27 12:30:00,326038.15863997757,326020.3124426198
2022-10-27 16:30:00,326035.81414518127,326020.3862795279
2022-10-27 20:30:00,326018.4328146407,326020.34990563034
2022-10-28 00:30:00,326010.085345671,326020.25546159974
2022-10-28 04:30:00,326003.8496849389,326020.14239744656
2022-10-28 08:30:00,326020.6065722475,326020.0985538695
2022-10-28 12:30:00,326018.9332406761,326020.0527822874
2022-10-28 16:30:00,326019.72440084204,326020.05301358644
2022-10-28 20:30:00,326014.21578239603,326020.0440159236
2022-10-29 00:30:00,326013.0087611722,326020.0303790812
2022-10-29 04:30:00,326023.2921318861,326020.033985812
2022-10-29 08:30:00,326028.1048312633,326020.0225586554
2022-10-29 12:30:00,326025.39533981297,326019.97344286187
2022-10-29 16:30:00,326021.7834704282,326020.0269381678
2022-10-29 20:30:00,326019.3453625374,326020.0972147809
2022-10-30 00:30:00,326010.0721385252,326020.09655330086
2022-10-30 04:30:00,326005.910469935,326019.99887569825
2022-10-30 08:30:00,326015.80370860896,326019.977800889
2022-10-30 12:30:00,326019.04101289954,326019.9716693854
2022-10-30 16:30:00,326020.2705503817,326019.95581638964
2022-10-30 20:30:00,326032.92310910526,326020.0738261819
2022-10-31 00:30:00,326025.29426585836,326020.17749487003
2022-10-31 04:30:00,326006.5673662912,326020.14014261705
2022-10-31 08:30:00,326010.58616410947,326020.06813065533
2022-10-31 12:30:00,326024.777492097,326020.11986137874
2022-10-31 16:30:00,326029.0644558513,326020.1457717293
2022-10-31 20:30:00,326007.76974277623,326020.0768854739
2022-11-01 00:30:00,326005.73893123027,326019.86376326694
2022-11-01 04:30:00,326029.5005430659,326019.85968457453
2022-11-01 08:30:00,326024.4795706009,326019.85639182304
2022-11-01 12:30:00,326021.09162891086,326019.8503666074
2022-11-01 16:30:00,326016.0808577735,326019.7958867858
2022-11-01 20:30:00,326003.05352711864,326019.7731407043
2022-11-02 00:30:00,326001.58349499205,326019.738372387
2022-11-02 04:30:00,325992.0015039296,326019.614691836
2022-11-02 08:30:00,326011.4533563847,326019.6384821548
2022-11-02 12:30:00,326025.88976047485,326019.716063836
2022-11-02 16:30:00,326034.9256765886,326019.7474914596
2022-11-02 20:30:00,326035.6842155119,326019.86968937615
2022-11-03 00:30:00,326026.20167902746,326019.9135073004
2022-11-03 04:30:00,326018.38306862785,326019.89537365583
2022-11-03 08:30:00,326015.5956895309,326019.91434540343
2022-11-03 12:30:00,326022.3904067735,326019.9841050108
2022-11-03 16:30:00,326026.91768784606,326019.98199323413
2022-11-03 20:30:00,326023.99523769366,326019.9935926506
2022-11-04 00:30:00,326027.82365163264,326019.9979025724
2022-11-04 04:30:00,326019.6794510882,326020.01901851484
2022-11-04 08:30:00,326025.99215270806,326020.15222035116
2022-11-04 12:30:00,326022.27607582347,326020.1747621094
2022-11-04 16:30:00,326025.12553910847,326020.1392372161
2022-11-04 20:30:00,326011.6836331486,326020.0153541673
2022-11-05 00:30:00,326028.5235880147,326019.91934459476
2022-11-05 04:30:00,326020.97616532637,326019.86731383356
2022-11-05 08:30:00,326010.70274968934,326020.02960647305
2022-11-05 12:30:00,326014.60506272636,326019.9398908947
2022-11-05 16:30:00,326038.171831983,326020.0173998205
2022-11-05 20:30:00,326015.80534430017,326019.9618541141
2022-11-06 00:30:00,326017.8253263834,326019.8839199916
2022-11-06 04:30:00,326015.4458052511,326019.74959807826
2022-11-06 08:30:00,326027.03700195946,326019.73702725663
2022-11-06 12:30:00,326029.83094549907,326019.7659821955
2022-11-06 16:30:00,325998.4364420834,326019.63120106404
2022-11-06 20:30:00,326016.35920126335,326019.6097853566
2022-11-07 00:30:00,326017.8106563347,326019.50848798105
2022-11-07 04:30:00,326038.8096000876,326019.5843688562
2022-11-07 08:30:00,326025.37533286697,326019.64324150403
2022-11-07 12:30:00,326018.1388528951,326019.6114994267
2022-11-07 16:30:00,326040.5936361046,326019.66010846494
2022-11-07 20:30:00,326025.38852830016,326019.64354909933
2022-11-08 00:30:00,326041.4025724413,326019.7451069933
2022-11-08 04:30:00,326028.566706375,326019.7301208031
2022-11-08 08:30:00,326025.78697724175,326019.70597032516
2022-11-08 12:30:00,326021.22671739385,326019.62307836383
2022-11-08 16:30:00,326004.26996986975,326019.47397286596
2022-11-08 20:30:00,326002.8266081009,326019.3309008176
2022-11-09 00:30:00,326021.72669241024,326019.25134975417
2022-11-09 04:30:00,326012.280880311,326019.13661412837
2022-11-09 08:30:00,326031.1852658902,326019.1538009782
2022-11-09 12:30:00,326025.1313255604,326019.1282447138
2022-11-09 16:30:00,326022.8266550643,326019.1097128738
2022-11-09 20:30:00,326011.78066711605,326018.9443653807
2022-11-10 00:30:00,326007.8488615214,326018.7983936088
2022-11-10 04:30:00,326020.4426482189,326018.74572650495
2022-11-10 08:30:00,326029.5001980354,326018.79575091496
2022-11-10 12:30:00,326019.6267291996,326018.7911536374
2022-11-10 16:30:00,326004.78571958694,326018.69760358287
2022-11-10 20:30:00,326017.2047763238,326018.7391953883
2022-11-11 00:30:00,326014.66642960755,326018.6918429934
2022-11-11 04:30:00,326023.58504711976,326018.6533610724
2022-11-11 08:30:00,326027.8491081544,326018.69000745885
2022-11-11 12:30:00,326031.33196864836,326018.72088441235
2022-11-11 16:30:00,326031.2006366286,326018.76495746605
2022-11-11 20:30:00,326024.3887610266,326018.77735396865
2022-11-12 00:30:00,326004.3148206714,326018.6796159335
2022-11-12 04:30:00,326029.2243481841,326018.74040689296
2022-11-12 08:30:00,326013.83795937384,326018.70692825667
2022-11-12 12:30:00,326016.93242928066,326018.6960094558
2022-11-12 16:30:00,326023.0826939532,326018.70582228136
2022-11-12 20:30:00,326009.06206886255,326018.6850469572
2022-11-13 00:30:00,326006.45509423455,326018.7048315852
2022-11-13 04:30:00,326026.0523067353,326018.6613197657
2022-11-13 08:30:00,326026.3065658937,326018.667856686
2022-11-13 12:30:00,326035.6568127141,326018.787586381
2022-11-13 16:30:00,326031.377656169,326018.85862377106
2022-11-13 20:30:00,326032.9856448552,326018.9869937177
2022-11-14 00:30:00,326025.5988733403,326019.08908349875
2022-11-14 04:30:00,326035.68149039795,326019.1746500536
2022-11-14 08:30:00,326014.6580542845,326019.08976825746
2022-11-14 12:30:00,326017.15866577695,326019.0455697494
2022-11-14 16:30:00,326010.8618119006,326019.0136866011
2022-11-14 20:30:00,326015.756105112,326019.14613010915
2022-11-15 00:30:00,326017.86792792875,326019.2279444383
2022-11-15 04:30:00,326029.53055414127,326019.35457710276
2022-11-15 08:30:00,326024.11803405284,326019.4007552875
2022-11-15 12:30:00,326028.2470196046,326019.4593491929
2022-11-15 16:30:00,326020.9396647129,326019.44116793683
2022-11-15 20:30:00,326008.5498559396,326019.449810006
2022-11-16 00:30:00,326014.9528243674,326019.56007315876
2022-11-16 04:30:00,326013.124263361,326019.693119301
2022-11-16 08:30:00,326020.90641746233,326019.5938660354
2022-11-16 12:30:00,326029.6606963427,326019.6052748966
2022-11-16 16:30:00,326025.330632786,326019.60567298514
2022-11-16 20:30:00,326035.5204696114,326019.715563193
2022-11-17 00:30:00,326023.0655951595,326019.7552191362
2022-11-17 04:30:00,326005.82962054043,326019.6768046675
2022-11-17 08:30:00,326028.1495625847,326019.70556275535
2022-11-17 12:30:00,326024.06105389836,326019.68757011526
2022-11-17 16:30:00,326036.5685123204,326019.78743688157
2022-11-17 20:30:00,326031.40615091886,326019.8456339745
2022-11-18 00:30:00,326023.9988949299,326019.9240876121
2022-11-18 04:30:00,326006.3288664662,326019.9194720492
2022-11-18 08:30:00,326023.2699808152,326019.99632398004
2022-11-18 12:30:00,326034.27801384585,326020.03291315294
2022-11-18 16:30:00,326037.0750459619,326020.08750137495
2022-11-18 20:30:00,326023.84169840754,326020.13301616814
2022-11-19 00:30:00,326044.84248418745,326020.23839471786
2022-11-19 04:30:00,326031.157160061,326020.3423161452
2022-11-19 08:30:00,326018.06099773815,326020.3385467954
2022-11-19 12:30:00,326023.8995546971,326020.32826604485
2022-11-19 16:30:00,326030.4132967572,326020.3745686717
2022-11-19 20:30:00,326026.58946582105,326020.3731508327
2022-11-20 00:30:00,326027.36346735794,326020.3502485071
2022-11-20 04:30:00,326035.6554786879,326020.4060767761
2022-11-20 08:30:00,326032.41141451814,326020.41343917785
2022-11-20 12:30:00,326023.8181091536,326020.4777155753
2022-11-20 16:30:00,326034.59713835915,326020.53250110545
2022-11-20 20:30:00,326033.7204772595,326020.6523601564
2022-11-21 00:30:00,326027.21467090526,326020.71247223404
2022-11-21 04:30:00,326027.4884865893,326020.7457690141
2022-11-21 08:30:00,326028.22896178503,326020.82389772666
2022-11-21 12:30:00,326017.6368845976,326020.8381907805
2022-11-21 16:30:00,326024.28833469935,326020.8187269673
2022-11-21 20:30:00,326016.1761021939,326020.7904703303
2022-11-22 00:30:00,326017.83334213914,326020.7643038914
2022-11-22 04:30:00,326029.1184378294,326020.80142598436
2022-11-22 08:30:00,326024.83536324237,326020.9404637879
2022-11-22 12:30:00,326038.56790323724,326021.06973736756
2022-11-22 16:30:00,326012.52924129495,326021.0201818184
2022-11-22 20:30:00,325999.6604209819,326021.05106072273
2022-11-23 00:30:00,326030.7912522797,326021.1014605181
2022-11-23 04:30:00,326025.2339254982,326021.07531139016
2022-11-23 08:30:00,326013.1058067629,326021.01364912855
2022-11-23 12:30:00,326017.9970436207,326020.9811559686
2022-11-23 16:30:00,326013.6623915554,326020.8944405479
2022-11-23 20:30:00,325992.03374438104,326020.7094572184
2022-11-24 00:30:00,326008.0095295146,326020.5733454667
2022-11-24 04:30:00,326027.459924684,326020.502208935
2022-11-24 08:30:00,326034.9855214484,326020.6021305825
2022-11-24 12:30:00,326032.0338918932,326020.80257853575
2022-11-24 16:30:00,326034.16147338395,326020.9385525331
2022-11-24 20:30:00,326002.2790123333,326021.02751490934
2022-11-25 00:30:00,326010.0212626435,326021.02932048053
2022-11-25 04:30:00,326028.2185570107,326021.15948812675
2022-11-25 08:30:00,326025.7387116553,326021.24381185963
2022-11-25 12:30:00,326023.5562386631,326021.27968633984
2022-11-25 16:30:00,326009.02721021476,326021.2900937122
2022-11-25 20:30:00,325992.8342785862,326021.2717205332
2022-11-26 00:30:00,326001.00086245616,326021.27596487314
2022-11-26 04:30:00,326013.76393007406,326021.23555136024
2022-11-26 08:30:00,326023.69007728575,326021.19440516975
2022-11-26 12:30:00,326024.58184670226,326021.1189785404
2022-11-26 16:30:00,326017.5289042436,326021.01739386853
2022-11-26 20:30:00,326020.1158512456,326021.0267440719
2022-11-27 00:30:00,326014.6879954686,326021.0523143486
2022-11-27 04:30:00,326020.26810115617,326021.143527772
2022-11-27 08:30:00,326024.7939762922,326021.1667911278
2022-11-27 12:30:00,326022.66870664136,326021.18754371646
2022-11-27 16:30:00,325997.8478137046,326021.06600712123
2022-11-27 20:30:00,325992.34897674905,326020.9445248677
2022-11-28 00:30:00,325989.67529639584,326020.8148945078
2022-11-28 04:30:00,326004.0225224084,326020.7078411219
2022-11-28 08:30:00,326009.52303483617,326020.6046089194
2022-11-28 12:30:00,326035.93718629365,326020.6631747332
2022-11-28 16:30:00,326026.1887612374,326020.6876485711
2022-11-28 20:30:00,326030.4768528556,326020.74949018395
2022-11-29 00:30:00,326024.66537059273,326020.8305636954
2022-11-29 04:30:00,326023.5623842333,326020.928629886
2022-11-29 08:30:00,326005.1984209265,326020.8697116211
2022-11-29 12:30:00,326023.4067739211,326020.89396584895
2022-11-29 16:30:00,326028.6413530603,326020.9404703083
2022-11-29 20:30:00,326016.74069688376,326020.85056801816
2022-11-30 00:30:00,326013.1459594464,326020.78307742707
2022-11-30 04:30:00,326000.8149870615,326020.75111976464
2022-11-30 08:30:00,326026.602237923,326020.84009795246
2022-11-30 12:30:00,326011.00211299426,326020.76356806856
2022-11-30 16:30:00,326020.6543006682,326020.7168449842
2022-11-30 20:30:00,326006.0241893704,326020.7071474653
2022-12-01 00:30:00,326015.8243407671,326020.7631775183
2022-12-01 04:30:00,326020.1649157325,326020.711312922
2022-12-01 08:30:00,326009.6954897083,326020.6291791393
2022-12-01 12:30:00,326015.4533626472,326020.5978554378
2022-12-01 16:30:00,326016.90367052844,326020.6024266198
2022-12-01 20:30:00,326021.0849617295,326020.7026012565
2022-12-02 00:30:00,326017.6528272819,326020.79187532474
2022-12-02 04:30:00,326012.9257309429,326020.9081210304
2022-12-02 08:30:00,326022.2576134208,326020.96814468055
2022-12-02 12:30:00,326020.0210666458,326020.935540826
2022-12-02 16:30:00,326031.10535453324,326020.9143168146
2022-12-02 20:30:00,326029.9619457715,326020.8825264271
2022-12-03 00:30:00,326024.5522572851,326020.87336297304
2022-12-03 04:30:00,326021.56307760195,326020.8910296896
2022-12-03 08:30:00,326012.0538564092,326020.8713528388
2022-12-03 12:30:00,326016.0979100027,326020.83639452345
2022-12-03 16:30:00,326022.6129199795,326020.81247914647
2022-12-03 20:30:00,326023.1893790343,326020.8080021539
2022-12-04 00:30:00,326028.01542885497,326020.8090675828
2022-12-04 04:30:00,326016.6998284174,326020.7925141236
2022-12-04 08:30:00,326016.5204599443,326020.73989360826
2022-12-04 12:30:00,326021.78154704184,326020.7371462261
2022-12-04 16:30:00,326014.0609861845,326020.6756764877
2022-12-04 20:30:00,326023.27437655785,326020.7400695066
2022-12-05 00:30:00,326010.45184883516,326020.63967095566
2022-12-05 04:30:00,326021.17692581326,326020.6407862916
2022-12-05 08:30:00,326017.5610620401,326020.6788880269
2022-12-05 12:30:00,326034.87923885597,326020.79152233875
2022-12-05 16:30:00,326028.9168063325,326020.74010552955
2022-12-05 20:30:00,326023.6190431654,326020.78351496777
2022-12-06 00:30:00,326033.30824818404,326020.86953119986
2022-12-06 04:30:00,326027.4076335615,326020.9359858017
2022-12-06 08:30:00,326030.3417764796,326020.9543456601
2022-12-06 12:30:00,326023.5581805011,326020.9194969657
2022-12-06 16:30:00,326020.56661241484,326021.0424423564
2022-12-06 20:30:00,326027.95484667853,326021.10686260875
2022-12-07 00:30:00,326026.24749547086,326021.15373393724
2022-12-07 04:30:00,326017.6266095467,326021.03605065646
2022-12-07 08:30:00,326019.03942871524,326021.00085118896
2022-12-07 12:30:00,326022.24875646987,326021.02368398657
2022-12-07 16:30:00,326003.29722607514,326020.81648170867
2022-12-07 20:30:00,326006.51347153715,326020.7116202822
2022-12-08 00:30:00,326018.52532687865,326020.5845244735
2022-12-08 04:30:00,326014.69870537514,326020.5074800235
2022-12-08 08:30:00,326014.30843294563,326020.443710333
2022-12-08 12:30:00,326028.42361857975,326020.48369311733
2022-12-08 16:30:00,326011.80294402404,326020.5255429738
2022-12-08 20:30:00,326015.2466039069,326020.59454295045
2022-12-09 00:30:00,326017.44420008926,326020.57075132645
2022-12-09 04:30:00,326017.63196887815,326020.6004795963
2022-12-09 08:30:00,326031.1462407331,326020.60026278987
2022-12-09 12:30:00,326027.1417315058,326020.61143171176
2022-12-09 16:30:00,326018.36580598284,326020.5866492168
2022-12-09 20:30:00,326007.4456618112,326020.5625658541
2022-12-10 00:30:00,326008.8689658223,326020.56823310023
2022-12-10 04:30:00,326027.6236246792,326020.6081274139
2022-12-10 08:30:00,326010.776791236,326020.5041084872
2022-12-10 12:30:00,326014.64290897944,326020.47642059706
2022-12-10 16:30:00,326019.4289482945,326020.55777186766
2022-12-10 20:30:00,326016.4164927412,326020.55339251447
2022-12-11 00:30:00,326034.02585485263,326020.6609448769
2022-12-11 04:30:00,326038.1424272825,326020.74181921117
2022-12-11 08:30:00,326032.4492136641,326020.7673753529
2022-12-11 12:30:00,326028.48621408833,326020.75156560534
2022-12-11 16:30:00,326004.097991435,326020.6009953543
2022-12-11 20:30:00,326006.8571078902,326020.50359728123
2022-12-12 00:30:00,326005.53190000774,326020.5103588331
2022-12-12 04:30:00,326020.11993028,326020.45977873367
2022-12-12 08:30:00,326015.5725981972,326020.46941561595
2022-12-12 12:30:00,326020.81237272517,326020.4909708573
2022-12-12 16:30:00,326017.0563352503,326020.45749108685
2022-12-12 20:30:00,325993.267277015,326020.3697422432
2022-12-13 00:30:00,326007.0720970814,326020.37317003676
2022-12-13 04:30:00,326015.7506414478,326020.31593856297
2022-12-13 08:30:00,326018.096276948,326020.27032584656
2022-12-13 12:30:00,326005.99114978034,326020.10551660805
2022-12-13 16:30:00,326015.0768038581,326020.0149563175
2022-12-13 20:30:00,325997.24123557983,326019.81637626595
2022-12-14 00:30:00,326025.2997174515,326019.8147142888
2022-12-14 04:30:00,326028.9355550751,326019.77723687026
2022-12-14 08:30:00,326021.03120903065,326019.8126432856
2022-12-14 12:30:00,326029.60379482113,326019.8817828914
2022-12-14 16:30:00,326028.6914505207,326019.98083643924
2022-12-14 20:30:00,326018.3187113276,326019.9950731405
2022-12-15 00:30:00,326012.3005097737,326019.9641430396
2022-12-15 04:30:00,326022.08795570757,326019.9227952705
2022-12-15 08:30:00,326016.8693163525,326019.8825246166
2022-12-15 12:30:00,326020.26469111553,326019.8381783473
2022-12-15 16:30:00,326022.4138283915,326019.84636814543
2022-12-15 20:30:00,326008.0864968404,326019.8437939282
2022-12-16 00:30:00,325997.5316511744,326019.74700963276
2022-12-16 04:30:00,326022.88451263466,326019.80123323976
2022-12-16 08:30:00,326036.5569420769,326019.8881805988
2022-12-16 12:30:00,326037.7284936289,326019.9330016948
2022-12-16 16:30:00,326028.1432008714,326019.9486270731
2022-12-16 20:30:00,326030.3209865208,326019.9197410559
2022-12-17 00:30:00,326031.8113757708,326019.9683287259
2022-12-17 04:30:00,326033.075190413,326020.119693003
2022-12-17 08:30:00,326033.4934704825,326020.14938138024
2022-12-17 12:30:00,326029.1900814435,326020.1778759777
2022-12-17 16:30:00,326008.0727691832,326020.01956629363
2022-12-17 20:30:00,326030.37320728606,326020.01382771786
2022-12-18 00:30:00,326000.937038123,326019.8857062911
2022-12-18 04:30:00,326009.92946043937,326019.905709591
2022-12-18 08:30:00,326023.50605758984,326019.9070211287
2022-12-18 12:30:00,326032.14263503643,326019.89515791304
2022-12-18 16:30:00,326035.9603936309,326019.8889654001
2022-12-18 20:30:00,326013.0615405185,326019.829075634
2022-12-19 00:30:00,326016.00099615473,326019.668845145
2022-12-19 04:30:00,326029.723039502,326019.6608778085
2022-12-19 08:30:00,326029.4578179508,326019.7241934764
2022-12-19 12:30:00,326030.81239608163,326019.76259815076
2022-12-19 16:30:00,326019.58914792165,326019.70246399054
2022-12-19 20:30:00,326023.2457802231,326019.68388795946
2022-12-20 00:30:00,326031.63903942984,326019.7076411376
2022-12-20 04:30:00,326023.9298725968,326019.64249888156
2022-12-20 08:30:00,326026.6152675697,326019.6102980652
2022-12-20 12:30:00,326022.7674920656,326019.6044613036
2022-12-20 16:30:00,326025.76943525835,326019.5554185086
2022-12-20 20:30:00,326006.9706595453,326019.4068084102
2022-12-21 00:30:00,326008.5473581597,326019.30310111714
2022-12-21 04:30:00,326010.4881754402,326019.2086549441
2022-12-21 08:30:00,326019.07342241856,326019.1577908365
2022-12-21 12:30:00,326023.37547753606,326019.18967190833
2022-12-21 16:30:00,326003.68787307217,326019.07522489934
2022-12-21 20:30:00,326021.77601005364,326019.10633549857
2022-12-22 00:30:00,326027.49329237896,326019.16000188875
2022-12-22 04:30:00,326022.94288674137,326019.12569327164
2022-12-22 08:30:00,326009.9727733885,326019.043123328
2022-12-22 12:30:00,326035.4305942269,326019.0256938334
2022-12-22 16:30:00,326015.00530843425,326019.03944976203
2022-12-22 20:30:00,326012.89091734675,326019.1129525197
2022-12-23 00:30:00,326005.4840836433,326018.97235713835
2022-12-23 04:30:00,326030.779832701,326019.0031677339
2022-12-23 08:30:00,326018.4550377815,326019.032885684
2022-12-23 12:30:00,326024.2615131582,326019.06768829253
2022-12-23 16:30:00,326024.69962602126,326019.1290062618
2022-12-23 20:30:00,326004.90178004035,326019.2004953488
2022-12-24 00:30:00,326014.6773258391,326019.2375386617
2022-12-24 04:30:00,326030.551026725,326019.2547114508
2022-12-24 08:30:00,326031.04379229614,326019.2328129555
2022-12-24 12:30:00,326037.4597753998,326019.26295675273
2022-12-24 16:30:00,326038.9877737856,326019.28976953274
2022-12-24 20:30:00,326001.66538150003,326019.2863604726
2022-12-25 00:30:00,325993.2690836644,326019.1932928116
2022-12-25 04:30:00,326011.81495578104,326019.1021616937
2022-12-25 08:30:00,326019.3042515414,326019.066414693
2022-12-25 12:30:00,326029.5550312151,326019.0997413183
2022-12-25 16:30:00,326014.93854630867,326019.1325820744
2022-12-25 20:30:00,326007.01821810805,326019.2113817384
2022-12-26 00:30:00,326019.63739262917,326019.31491801713
2022-12-26 04:30:00,326029.6531623451,326019.4031915298
2022-12-26 08:30:00,326032.7579967489,326019.45356886013
2022-12-26 12:30:00,326001.5559587857,326019.32564726064
2022-12-26 16:30:00,326013.0949533275,326019.3010141999
2022-12-26 20:30:00,326001.74386874225,326019.1989476305
2022-12-27 00:30:00,326015.8473703372,326019.205388602
2022-12-27 04:30:00,326002.45560419303,326019.1064302855
2022-12-27 08:30:00,326032.50213949184,326019.14925341436
2022-12-27 12:30:00,326035.0459786438,326019.21801603667
2022-12-27 16:30:00,326014.59944587,326019.3110806598
2022-12-27 20:30:00,326003.7405335794,326019.3743670866
2022-12-28 00:30:00,326011.98451996304,326019.49830721755
2022-12-28 04:30:00,326013.915177495,326019.55326641246
2022-12-28 08:30:00,326016.51079468126,326019.5920873005
2022-12-28 12:30:00,326009.914492657,326019.4475167803
2022-12-28 16:30:00,326014.11134528863,326019.38042002503
2022-12-28 20:30:00,326025.48348751967,326019.35267910647
2022-12-29 00:30:00,325996.7470287763,326019.19757720747
2022-12-29 04:30:00,326009.8728991352,326019.1215245125
2022-12-29 08:30:00,326028.55504733423,326019.25128354813
2022-12-29 12:30:00,326027.3621250133,326019.2732577208
2022-12-29 16:30:00,326030.28947012685,326019.28241392673
2022-12-29 20:30:00,326016.4268513103,326019.2806703402
2022-12-30 00:30:00,326031.50433022704,326019.38266128907
2022-12-30 04:30:00,326028.1706449293,326019.53463716607
2022-12-30 08:30:00,326032.60597699624,326019.567991272
2022-12-30 12:30:00,326045.63976716733,326019.76042268414
2022-12-30 16:30:00,326025.3353722474,326019.78642863734
2022-12-30 20:30:00,326013.1090859362,326019.82578917383
2022-12-31 00:30:00,326001.05268925586,326019.7437244432
2022-12-31 04:30:00,326010.47931833914,326019.6899155688
2022-12-31 08:30:00,326034.2305487727,326019.82622145244
2022-12-31 12:30:00,326009.8287089244,326019.79497337627
2022-12-31 16:30:00,326026.9502156987,326019.850787516
2022-12-31 20:30:00,326009.21395602945,326019.7848374844
2023-01-01 00:30:00,326005.6222476224,326019.71800093073
2023-01-01 04:30:00,326019.06203831674,326019.7520915272
2023-01-01 08:30:00,326011.79275502113,326019.69395342504
2023-01-01 12:30:00,326030.3033196175,326019.7510770527
2023-01-01 16:30:00,326019.3387819535,326019.685707205
2023-01-01 20:30:00,326008.5908360699,326019.5669788178
2023-01-02 00:30:00,326021.6449609972,326019.5508271717
2023-01-02 04:30:00,326031.3390875941,326019.60513833835
2023-01-02 08:30:00,326036.82566472376,326019.7427594956
2023-01-02 12:30:00,326033.454423987,326019.8391845733
2023-01-02 16:30:00,326013.9495628317,326019.7910548113
2023-01-02 20:30:00,326025.2598024033,326019.80255716346
2023-01-03 00:30:00,326028.6746597312,326019.8062195572
2023-01-03 04:30:00,326015.17853211635,326019.7977679111
2023-01-03 08:30:00,326022.3757013983,326019.8302970303
2023-01-03 12:30:00,326030.3366929354,326019.87782561855
2023-01-03 16:30:00,326012.13611622585,326019.8671318966
2023-01-03 20:30:00,325993.2179619305,326019.7001518153
2023-01-04 00:30:00,326024.1670602466,326019.77634743426
2023-01-04 04:30:00,326010.6810227489,326019.7180368617
2023-01-04 08:30:00,326020.4413602432,326019.7340385183
2023-01-04 12:30:00,326023.035227833,326019.6682384571
2023-01-04 16:30:00,326031.3316788305,326019.68165441556
2023-01-04 20:30:00,326016.4779844707,326019.64198186714
2023-01-05 00:30:00,326011.77914390905,326019.5223757323
2023-01-05 04:30:00,326006.80281874235,326019.4079045388
2023-01-05 08:30:00,326016.49612004426,326019.3309842253
2023-01-05 12:30:00,326020.72411477665,326019.31523941574
2023-01-05 16:30:00,325995.7226840882,326019.17721759167
2023-01-05 20:30:00,326024.7662524525,326019.1595031793
2023-01-06 00:30:00,326021.24125555326,326019.1316907353
2023-01-06 04:30:00,326022.96101199713,326019.1613263046
2023-01-06 08:30:00,326042.2744362037,326019.29040967947
2023-01-06 16:30:00,326035.71743674454,326019.45500109775
2023-01-06 20:30:00,326008.0346482519,326019.4634992917
2023-01-07 00:30:00,326017.24318070424,326019.4563364639
2023-01-07 04:30:00,326025.87971124833,326019.5188001839
2023-01-07 08:30:00,326024.13453056535,326019.57369458396
2023-01-07 12:30:00,326019.9585195892,326019.5264035282
2023-01-07 16:30:00,326049.69767375913,326019.73810592893
2023-01-07 20:30:00,326001.8539407088,326019.66328658146
2023-01-08 00:30:00,326019.10415673914,326019.6725600822
2023-01-08 04:30:00,326012.1116155649,326019.6417201196
2023-01-08 08:30:00,326023.9808731901,326019.6016901334
2023-01-08 12:30:00,326053.5548162183,326019.7492492659
2023-01-08 16:30:00,326022.0485758002,326019.7698233989
2023-01-08 20:30:00,325987.23054522806,326019.65688978665
2023-01-09 00:30:00,326004.60052995186,326019.63304377627
2023-01-09 04:30:00,326012.3265844628,326019.54758545104
2023-01-09 08:30:00,326031.3634650656,326019.66259480204
2023-01-09 12:30:00,326028.7428722595,326019.74136554665
2023-01-09 16:30:00,326056.6676295532,326019.94940287207
2023-01-09 20:30:00,326001.28508046793,326019.86486984266
2023-01-10 00:30:00,326001.3105861807,326019.6821029785
2023-01-10 04:30:00,326033.1613988207,326019.65427600394
2023-01-10 08:30:00,326026.44280812034,326019.62072066567
2023-01-10 12:30:00,325984.9898195603,326019.37772404816
2023-01-10 16:30:00,326008.44879362383,326019.40203020565
2023-01-10 20:30:00,326014.4309161543,326019.4443419837
2023-01-11 00:30:00,325986.0867945538,326019.33571010956
2023-01-11 04:30:00,326015.2796125315,326019.3086692283
2023-01-11 08:30:00,326026.80740586173,326019.37143351696
2023-01-11 12:30:00,326030.81418840564,326019.42730958224
2023-01-11 16:30:00,326035.58384570695,326019.5308152272
2023-01-11 20:30:00,326039.66238772095,326019.79000578984
2023-01-12 00:30:00,326011.57463546016,326019.81515963556
2023-01-12 04:30:00,326003.33101876365,326019.7457762686
2023-01-12 08:30:00,326010.82545063924,326019.70515712723
2023-01-12 12:30:00,326019.1658241922,326019.77875866025
2023-01-12 16:30:00,326035.58175776136,326019.8933114753
2023-01-12 20:30:00,325997.3079856606,326019.89368438075
2023-01-13 00:30:00,326018.35524781357,326019.854888461
2023-01-13 04:30:00,326045.17094394116,326019.9455889575
2023-01-13 08:30:00,326017.5938783169,326019.9263859927
2023-01-13 12:30:00,326055.0026801445,326020.06827920675
2023-01-13 16:30:00,326046.70528221433,326020.168915138
2023-01-13 20:30:00,326026.5094404427,326020.2146734012
2023-01-14 00:30:00,326001.8899949038,326020.15651410026
2023-01-14 04:30:00,326013.9211405122,326020.11088943435
2023-01-14 08:30:00,326050.47777525446,326020.298646188
2023-01-14 12:30:00,326026.8616126733,326020.33550049836
2023-01-14 16:30:00,326012.1849880969,326020.2783561392
2023-01-14 20:30:00,326002.4662911507,326020.246958342
2023-01-15 00:30:00,326036.90045029175,326020.4668957673
2023-01-15 04:30:00,326045.1137017397,326020.5910811813
2023-01-15 08:30:00,325990.859242013,326020.3357867675
2023-01-15 12:30:00,326019.4951802485,326020.2339246816
2023-01-15 16:30:00,326033.83426417934,326020.2657183313
2023-01-15 20:30:00,326018.2438033098,326020.19824803405
2023-01-16 00:30:00,326002.40949144115,326020.03399169707
2023-01-16 04:30:00,326036.72808298696,326020.0543989181
2023-01-16 08:30:00,326046.6512501582,326020.1279060671
2023-01-16 12:30:00,326040.79615607625,326020.19274447294
2023-01-16 16:30:00,325995.72577981715,326020.1237668787
2023-01-16 20:30:00,326000.118334025,326019.95474524033
2023-01-17 00:30:00,326022.2234607095,326020.07366380224
2023-01-17 04:30:00,326031.04056041763,326020.1916029083
2023-01-17 08:30:00,326030.4438971119,326020.2303617883
2023-01-17 12:30:00,326003.17227097607,326020.06851617905
2023-01-17 16:30:00,326020.20707657177,326019.98050882114
2023-01-17 20:30:00,326008.48370043916,326019.95493429556
2023-01-18 00:30:00,326005.5890860842,326019.8967672002
2023-01-18 04:30:00,326015.2887483818,326019.8161287023
2023-01-18 08:30:00,326040.9639925099,326019.88040900714
2023-01-18 12:30:00,326018.9893322584,326019.8143583713
2023-01-18 16:30:00,325978.2034005462,326019.5831530787
2023-01-18 20:30:00,326004.6016732158,326019.4789960563
2023-01-19 00:30:00,326032.34351141035,326019.48293165397
2023-01-19 04:30:00,326030.4525309391,326019.519371086
2023-01-19 08:30:00,326054.962272146,326019.67773424
2023-01-19 12:30:00,326028.48764150956,326019.7096903822
2023-01-19 16:30:00,326012.1294899005,326019.6334895702
2023-01-19 20:30:00,325993.21450966736,326019.5566395708
2023-01-20 00:30:00,326009.5145055026,326019.56204262865
2023-01-20 04:30:00,326016.8509255448,326019.5975887186
2023-01-20 08:30:00,326030.19467214664,326019.65971860534
2023-01-20 12:30:00,326049.378066979,326019.80498446815
2023-01-20 16:30:00,326025.7307516272,326019.9281290411
2023-01-20 20:30:00,325986.4168331342,326019.7305917398
2023-01-21 00:30:00,325996.40639438556,326019.5569219187
2023-01-21 04:30:00,326030.709596542,326019.60031135887
2023-01-21 08:30:00,326038.671814353,326019.7606411967
2023-01-21 12:30:00,326043.4900955827,326019.80566634395
2023-01-21 16:30:00,326008.84930299164,326019.77127525205
2023-01-21 20:30:00,325996.5169258945,326019.67980043945
2023-01-22 00:30:00,325992.56987759017,326019.60765403695
2023-01-22 04:30:00,326023.9800390626,326019.569666363
2023-01-22 08:30:00,326029.25021774624,326019.62997463095
2023-01-22 12:30:00,326057.2614225879,326019.81433166686
2023-01-22 16:30:00,326008.766668909,326019.72532073327
2023-01-22 20:30:00,326020.9887709873,326019.81519219105
2023-01-23 00:30:00,326018.12239804247,326019.8344384045
2023-01-23 04:30:00,326024.69701360015,326019.8017344206
2023-01-23 08:30:00,326016.3237989092,326019.71949982067
2023-01-23 12:30:00,326001.44822532614,326019.5183179766
2023-01-23 16:30:00,326062.583451329,326019.65013740433
2023-01-23 20:30:00,326005.05509978055,326019.669074378
2023-01-24 00:30:00,326003.19803171203,326019.72454336146
2023-01-24 04:30:00,326017.566441707,326019.7566745677
2023-01-24 08:30:00,326015.60171818885,326019.7359900238
2023-01-24 12:30:00,326012.51770926535,326019.6408094543
2023-01-24 16:30:00,326004.1019415821,326019.5802697631
2023-01-24 20:30:00,326038.5256347133,326019.7562888503
2023-01-25 00:30:00,326013.5494016948,326019.72227772773
2023-01-25 04:30:00,326023.9271066652,326019.69028858986
2023-01-25 08:30:00,326023.29068542545,326019.6373985824
2023-01-25 12:30:00,326015.3639865918,326019.71453840256
2023-01-25 16:30:00,326053.21881355514,326019.93869404634
2023-01-25 20:30:00,326034.72221993835,326020.1229306452
2023-01-26 00:30:00,326018.08511966316,326020.13543203805
2023-01-26 04:30:00,326022.7101401516,326020.2485858702
2023-01-26 08:30:00,326027.04680301185,326020.2181091301
2023-01-26 12:30:00,326019.69381903793,326020.13234287535
2023-01-26 16:30:00,326012.3611268499,326020.11983829987
2023-01-26 20:30:00,326027.7857303598,326020.2541690081
2023-01-27 00:30:00,326014.9133494967,326020.2705311843
2023-01-27 04:30:00,326025.3460264829,326020.33439067577
2023-01-27 08:30:00,326053.4422370952,326020.5407115831
2023-01-27 12:30:00,326024.2952325343,326020.6210509121
2023-01-27 16:30:00,326018.8521290255,326020.6475357374
2023-01-27 20:30:00,326036.03938618436,326020.7065072383
2023-01-28 00:30:00,326010.00200718833,326020.78055739705
2023-01-28 04:30:00,325990.9369952113,326020.67477022426
2023-01-28 08:30:00,326035.279843775,326020.7123389194
2023-01-28 12:30:00,326021.6009432873,326020.68015354674
2023-01-28 16:30:00,325998.0870965837,326020.5002520186
2023-01-28 20:30:00,326016.20024537353,326020.4989860636
2023-01-29 00:30:00,326020.93904783134,326020.4399621396
2023-01-29 04:30:00,326034.42823374935,326020.47492073633
2023-01-29 08:30:00,326049.93954124046,326020.5717562908
2023-01-29 12:30:00,326021.81846504303,326020.4386763907
2023-01-29 16:30:00,326028.96226490935,326020.45893836085
2023-01-29 20:30:00,326027.4351407872,326020.5389721868
2023-01-30 00:30:00,326009.44405109505,326020.5858513032
2023-01-30 04:30:00,326020.40580554743,326020.641306539
2023-01-30 08:30:00,326040.0183437439,326020.6736405891
2023-01-30 12:30:00,326013.2497591576,326020.69275260164
2023-01-30 16:30:00,325981.95275567664,326020.4413701434
2023-01-30 20:30:00,326013.48721844604,326020.46524311777
2023-01-31 00:30:00,326024.81901196594,326020.5724876114
2023-01-31 04:30:00,326025.7169772189,326020.60966604104
2023-01-31 08:30:00,326027.11652132345,326020.695273674
2023-01-31 12:30:00,326045.7473243363,326020.7815530299
2023-01-31 16:30:00,326004.0487758236,326020.69613400125
2023-01-31 20:30:00,325986.5183818949,326020.5728242014
2023-02-01 00:30:00,326031.9686857254,326020.6304986412
2023-02-01 04:30:00,326010.3252418702,326020.51310285507
2023-02-01 08:30:00,326025.88892920595,326020.45200377394
2023-02-01 12:30:00,326053.0146235858,326020.561278632
2023-02-01 16:30:00,325985.19739431265,326020.4006519923
2023-02-01 20:30:00,326000.5881598216,326020.2628215868
2023-02-02 00:30:00,326027.2119004087,326020.254649747
2023-02-02 04:30:00,326029.56072425336,326020.3349971891
2023-02-02 08:30:00,326005.0704027423,326020.23831954296
2023-02-02 12:30:00,326018.13300251024,326020.17014250153
2023-02-02 16:30:00,326021.40293273545,326020.2219124262
2023-02-02 20:30:00,325984.80774296244,326020.17492796265
2023-02-03 00:30:00,326008.1048928462,326020.0851951838
2023-02-03 04:30:00,326032.5089126315,326020.20713870274
2023-02-03 08:30:00,326034.01595603017,326020.28297443344
2023-02-03 12:30:00,326018.99336126173,326020.2603941732
2023-02-03 16:30:00,326021.0112276071,326020.2027380211
2023-02-03 20:30:00,326008.2348596885,326020.15668704465
2023-02-04 00:30:00,326018.9770427697,326020.1968987702
2023-02-04 04:30:00,326039.6003612266,326020.3801252645
2023-02-04 08:30:00,326005.6834645282,326020.31971936784
2023-02-04 12:30:00,326011.97084204317,326020.27081840276
2023-02-04 16:30:00,326030.13754100824,326020.46308017336
2023-02-04 20:30:00,325978.91431154375,326020.2069240788
2023-02-05 00:30:00,326018.0015549274,326020.1888251927
2023-02-05 04:30:00,326036.73040281737,326020.2657491637
2023-02-05 08:30:00,326026.3548518682,326020.1768129383
2023-02-05 12:30:00,326015.17355090164,326020.1490170381
2023-02-05 16:30:00,326026.6601232372,326020.09869862976
2023-02-05 20:30:00,326007.1984262187,326020.09405295184
2023-02-06 00:30:00,326004.0955749622,326020.0210106977
2023-02-06 04:30:00,326025.47860096005,326020.0187823072
2023-02-06 08:30:00,326017.4159059906,326019.9814566151
2023-02-06 12:30:00,326018.4288604687,326019.97295850894
2023-02-06 16:30:00,325992.0630439179,326019.6527661209
2023-02-06 20:30:00,326020.42302598665,326019.75592770585
2023-02-07 00:30:00,326026.159780452,326019.7951256153
2023-02-07 04:30:00,326018.01758310123,326019.82793654606
2023-02-07 08:30:00,326003.58892401407,326019.71464793955
2023-02-07 12:30:00,326004.1724654684,326019.4403015465
2023-02-07 16:30:00,326034.01217104,326019.50676596444
2023-02-07 20:30:00,326028.4128850892,326019.7355567415
2023-02-08 00:30:00,326011.9674299595,326019.7764839637
2023-02-08 04:30:00,326007.6991584046,326019.7507760412
2023-02-08 08:30:00,326015.2677132762,326019.6613551979
2023-02-08 12:30:00,326019.1151049649,326019.6078676018
2023-02-08 16:30:00,326021.3607004111,326019.4117179955
2023-02-08 20:30:00,326017.76962729666,326019.50329881115
2023-02-09 00:30:00,325996.9491471934,326019.47906859464
2023-02-09 04:30:00,326017.5314630206,326019.3922356179
2023-02-09 08:30:00,326018.93199200847,326019.35050886177
2023-02-09 12:30:00,325995.8762085605,326019.41098880064
2023-02-09 16:30:00,326015.5271544461,326019.4503130274
2023-02-09 20:30:00,326016.7068004089,326019.4629568288
2023-02-10 00:30:00,325998.48167445813,326019.5318172728
2023-02-10 04:30:00,326015.64473615715,326019.5338457374
2023-02-10 08:30:00,326021.8711656307,326019.5064221805
2023-02-10 12:30:00,326038.0273434437,326019.54649526405
2023-02-10 16:30:00,326012.99620584573,326019.42100837594
2023-02-10 20:30:00,326007.70240520657,326019.24345291755
2023-02-11 00:30:00,326028.5330656067,326019.3376664183
2023-02-11 04:30:00,326036.31523097656,326019.5209120417
2023-02-11 08:30:00,326016.7813806823,326019.5540005419
2023-02-11 12:30:00,325996.8442021376,326019.42999153055
2023-02-11 16:30:00,326025.02935919195,326019.3713670941
2023-02-11 20:30:00,325999.78235209925,326019.3851135743
2023-02-12 00:30:00,325999.8724966336,326019.28243162326
2023-02-12 04:30:00,325999.00733017887,326019.0259671024
2023-02-12 08:30:00,326034.2420629881,326019.1184570172
2023-02-12 12:30:00,326014.21078948077,326018.8918354024
2023-02-12 16:30:00,326009.0638973807,326018.6827165978
2023-02-12 20:30:00,326020.28976347664,326018.64816283685
2023-02-13 00:30:00,326028.62209938624,326018.7966745284
2023-02-13 04:30:00,326043.3963631597,326018.96042576537
2023-02-13 08:30:00,326030.97280078806,326018.8520647961
2023-02-13 12:30:00,326017.5807978339,326018.80050471367
2023-02-13 16:30:00,326027.90360082797,326018.88783033995
2023-02-13 20:30:00,326023.9207067045,326019.0070215375
2023-02-14 00:30:00,326021.65480035887,326018.9223234822
2023-02-14 04:30:00,326015.5880418325,326018.75829203834
2023-02-14 08:30:00,326028.18366538157,326018.96564994595
2023-02-14 12:30:00,326017.8750348219,326018.956649138
2023-02-14 16:30:00,325988.6970840038,326018.705887026
2023-02-14 20:30:00,326015.66439509485,326018.69155698025
2023-02-15 00:30:00,326024.1005755176,326018.8120630029
2023-02-15 04:30:00,326043.8155634374,326018.85143789434
2023-02-15 08:30:00,326011.89186620875,326018.65833020577
2023-02-15 12:30:00,326019.8169723597,326018.5417791851
2023-02-15 16:30:00,326009.62236922095,326018.6189824596
2023-02-15 20:30:00,326011.5014598104,326018.6822220473
2023-02-16 00:30:00,326014.88923970575,326018.64147637505
2023-02-16 04:30:00,325995.8807762584,326018.44614424085
2023-02-16 08:30:00,325991.0822766939,326018.22746857186
2023-02-16 12:30:00,326041.91880440165,326018.4427270909
2023-02-16 16:30:00,325991.1668224095,326018.2813923455
2023-02-16 20:30:00,325994.39577733946,326018.20312610606
2023-02-17 00:30:00,326015.764794962,326018.2596578221
2023-02-17 04:30:00,326024.52534265746,326018.3109722347
2023-02-17 08:30:00,326028.0318230074,326018.2391268486
2023-02-17 12:30:00,326025.1546678105,326018.2733787127
2023-02-17 16:30:00,326020.8064424162,326018.5100622787
2023-02-17 20:30:00,325998.6639574193,326018.4770749686
2023-02-18 00:30:00,326023.64375901636,326018.4287430109
2023-02-18 04:30:00,326011.33045911044,326018.3225092786
2023-02-18 08:30:00,326019.801983487,326018.1271743416
2023-02-18 12:30:00,326054.0244392626,326018.2690454402
2023-02-18 16:30:00,326016.2705334287,326018.2920512376
2023-02-18 20:30:00,326005.71231766214,326018.3614835043
2023-02-19 00:30:00,326029.8085393035,326018.4742281365
2023-02-19 04:30:00,326020.99727299955,326018.4972634001
2023-02-19 08:30:00,326015.35225888004,326018.41480554856
2023-02-19 12:30:00,326023.8329943982,326018.27288847876
2023-02-19 16:30:00,326030.7474733668,326018.300759155
2023-02-19 20:30:00,325999.6526233693,326018.374291323
2023-02-20 00:30:00,326012.12725118094,326018.46162941627
2023-02-20 04:30:00,326016.114193879,326018.380543846
2023-02-20 08:30:00,326012.1967868809,326018.23346036003
2023-02-20 12:30:00,326014.0066059769,326018.0696631956
2023-02-20 16:30:00,326018.7828805388,326018.1248497375
2023-02-20 20:30:00,325999.8849804934,326018.14356115187
2023-02-21 00:30:00,326002.1002618534,326018.19650773116
2023-02-21 04:30:00,326040.67492364754,326018.28925709
2023-02-21 08:30:00,326026.1446151053,326018.27200374193
2023-02-21 12:30:00,326044.2398635206,326018.19966174715
2023-02-21 16:30:00,326034.9813615664,326018.34529892856
2023-02-21 20:30:00,325987.0978887753,326018.1570162496
2023-02-22 00:30:00,326012.7229113883,326018.1270191016
2023-02-22 04:30:00,326039.3937336799,326018.2086675464
2023-02-22 08:30:00,326013.4951972362,326018.1929530927
2023-02-22 12:30:00,325991.13260924746,326018.1356441145
2023-02-22 16:30:00,326037.22881814494,326017.9947850412
2023-02-22 20:30:00,326024.053013429,326018.1003290059
2023-02-23 00:30:00,325995.694371864,326018.0586420067
2023-02-23 04:30:00,326021.67109151895,326018.08144561684
2023-02-23 08:30:00,326006.4886320065,326018.03081736027
2023-02-23 12:30:00,326023.00219935237,326018.0890645274
2023-02-23 16:30:00,325998.4079972263,326018.0574315032
2023-02-23 20:30:00,325983.7424203475,326017.7530803123
2023-02-24 00:30:00,326005.9759067319,326017.7110053403
2023-02-24 04:30:00,326035.89230843785,326017.77747868345
2023-02-24 08:30:00,326008.98887165135,326017.69802416256
2023-02-24 12:30:00,325994.2028041269,326017.5804620377
2023-02-24 16:30:00,326042.9942193632,326017.52365873667
2023-02-24 20:30:00,325998.9885637143,326017.32513842423
2023-02-25 00:30:00,326009.7077942237,326017.27859772736
2023-02-25 04:30:00,326016.07601608353,326017.24174148263
2023-02-25 08:30:00,326055.0567423115,326017.39735225646
2023-02-25 12:30:00,326004.38351380633,326017.3122950052
2023-02-25 16:30:00,326001.1517811715,326017.2500208625
2023-02-25 20:30:00,326025.0376545921,326017.2347537749
2023-02-26 00:30:00,326031.1867930974,326017.3251617949
2023-02-26 04:30:00,326036.69403754896,326017.38820630085
2023-02-26 08:30:00,326004.0924779948,326017.11404097255
2023-02-26 12:30:00,325985.58013384795,326016.8989570909
2023-02-26 16:30:00,326016.2918328246,326016.8847332232
2023-02-26 20:30:00,326023.83738355176,326016.81694431964
2023-02-27 00:30:00,326017.5825302469,326016.85905833665
2023-02-27 04:30:00,326012.87220490683,326016.9809206127
2023-02-27 08:30:00,326007.06643879734,326016.824179474
2023-02-27 12:30:00,325997.2809467131,326016.68906838185
2023-02-27 16:30:00,326004.46144194633,326016.7244814116
2023-02-27 20:30:00,326019.2893659988,326016.7416431929
2023-02-28 00:30:00,326011.29340619344,326016.6880562949
2023-02-28 04:30:00,326018.28038219176,326016.5983460085
2023-02-28 08:30:00,326038.70269229374,326016.5359190699
2023-02-28 12:30:00,326030.2404417147,326016.58270782913
2023-02-28 16:30:00,326012.7370098948,326016.4925675235
2023-02-28 20:30:00,326014.220912304,326016.4191551431
2023-03-01 00:30:00,326008.63033867365,326016.4146345185
2023-03-01 04:30:00,326001.6074401914,326016.3101991554
2023-03-01 08:30:00,326017.8856411978,326016.18723969685
2023-03-01 12:30:00,326012.7763744482,326016.1846097818
2023-03-01 16:30:00,326008.65025631647,326016.33292922983
2023-03-01 20:30:00,326004.64871558966,326016.28382643615
2023-03-02 00:30:00,326025.5852061909,326016.28808307066
2023-03-02 04:30:00,326039.95389569376,326016.3671770622
2023-03-02 08:30:00,326042.11268623616,326016.45048908953
2023-03-02 12:30:00,326031.4729141098,326016.3711868105
2023-03-02 16:30:00,326003.850051228,326016.37008278497
2023-03-02 20:30:00,326000.5777940848,326016.4481906305
2023-03-03 00:30:00,326011.83349340135,326016.3363284508
2023-03-03 04:30:00,326012.09196324955,326016.3461435696
2023-03-03 08:30:00,326026.7635018064,326016.3510023063
2023-03-03 12:30:00,326011.85767634166,326016.12235259946
2023-03-03 16:30:00,326001.06504447956,326016.21050621144
2023-03-03 20:30:00,325986.98913609126,326016.13495607965
2023-03-04 00:30:00,326009.07185008604,326016.03417802224
2023-03-04 04:30:00,326020.31530037656,326015.98281455634
2023-03-04 08:30:00,326024.25946434174,326016.08942045405
2023-03-04 12:30:00,326023.2634584484,326016.1179229871
2023-03-04 16:30:00,326015.58549763454,326016.0856039031
2023-03-04 20:30:00,325989.05546009407,326016.10920233163
2023-03-05 00:30:00,326017.1613659322,326016.1595160711
2023-03-05 04:30:00,326020.32829783397,326016.09184598876
2023-03-05 08:30:00,326031.0307143384,326016.0752613127
2023-03-05 12:30:00,326026.44130190986,326016.11663876084
2023-03-05 16:30:00,326007.9524736738,326016.04409012786
2023-03-05 20:30:00,325985.6661573361,326015.91870844807
2023-03-06 00:30:00,326002.1398377667,326015.8251684203
2023-03-06 04:30:00,326020.1287117328,326015.7169925898
2023-03-06 08:30:00,326011.62112165376,326015.7499795738
2023-03-06 12:30:00,326005.4020896705,326015.7134865051
2023-03-06 16:30:00,326024.6317283682,326015.6828986571
2023-03-06 20:30:00,325991.3740264212,326015.75211929524
2023-03-07 00:30:00,326003.802857215,326015.67323764134
2023-03-07 04:30:00,326031.6334912142,326015.6449214658
2023-03-07 08:30:00,326007.70798221044,326015.5413277455
2023-03-07 12:30:00,326040.40164058167,326015.68148379924
2023-03-07 16:30:00,326031.42810031143,326015.7079725608
2023-03-07 20:30:00,325997.23877437157,326015.6526411616
2023-03-08 00:30:00,326008.2014072571,326015.67545134097
2023-03-08 04:30:00,326027.77190680883,326015.688191929
2023-03-08 08:30:00,326030.8378358248,326015.76275820594
2023-03-08 12:30:00,326046.6597631387,326015.9195965541
2023-03-08 16:30:00,326025.52253928065,326016.1054826394
2023-03-08 20:30:00,326008.3641531277,326016.03848890134
2023-03-09 00:30:00,326004.4994471553,326015.91815371637
2023-03-09 04:30:00,326030.1260347277,326015.9854228921
2023-03-09 08:30:00,326018.72043917223,326016.06948686513
2023-03-09 12:30:00,326020.32430482213,326016.159219306
2023-03-09 16:30:00,326039.2967347179,326016.18857799313
2023-03-09 20:30:00,326019.0557106814,326016.13659369084
2023-03-10 00:30:00,326024.8487295886,326016.20815646654
2023-03-10 04:30:00,326041.3974887497,326016.3953694129
2023-03-10 08:30:00,326024.1350627335,326016.4446324655
2023-03-10 12:30:00,326013.4843162432,326016.4133503059
2023-03-10 16:30:00,326041.1174114643,326016.52310981177
2023-03-10 20:30:00,326035.6424486313,326016.6224032636
2023-03-11 00:30:00,326024.69426491245,326016.7765428064
2023-03-11 04:30:00,326029.9118123266,326016.84532252484
2023-03-11 08:30:00,326019.67756312713,326016.8494645866
2023-03-11 12:30:00,326009.25763043034,326016.92380581924
2023-03-11 16:30:00,326023.522691825,326016.9682254713
2023-03-11 20:30:00,326025.5302067157,326017.0172443952
2023-03-12 00:30:00,326005.8105171027,326017.0579601877
2023-03-12 04:30:00,326042.12470723357,326017.20507113816
2023-03-12 08:30:00,326013.71992740623,326017.1597864813
2023-03-12 12:30:00,326018.7028014269,326017.0524279146
2023-03-12 16:30:00,326024.04778835614,326017.1138255952
2023-03-12 20:30:00,326030.8837609815,326017.242610905
2023-03-13 00:30:00,326004.18585434044,326017.10734862025
2023-03-13 04:30:00,325998.10603769345,326016.8950753242
2023-03-13 08:30:00,326038.9936053594,326017.01847657247
2023-03-13 12:30:00,326014.79713590204,326017.1182150934
2023-03-13 16:30:00,326006.63600141136,326017.01602977235
2023-03-13 20:30:00,326009.5312152609,326017.0701901232
2023-03-14 00:30:00,326006.8992546663,326017.1092276679
2023-03-14 04:30:00,326039.86959987535,326017.33624027733
2023-03-14 08:30:00,326012.4457520721,326017.21514966106
2023-03-14 12:30:00,325992.6042817116,326017.0951135069
2023-03-14 16:30:00,326012.91475575825,326017.11650716444
2023-03-14 20:30:00,326015.10035065084,326017.0876770932
2023-03-15 00:30:00,325999.7842920435,326016.9274670525
2023-03-15 04:30:00,325983.061951082,326016.5922758742
2023-03-15 08:30:00,326015.7856530586,326016.50790283125
2023-03-15 12:30:00,326013.20708813635,326016.4836044441
2023-03-15 16:30:00,326004.81194971816,326016.35531749343
2023-03-15 20:30:00,326023.86327338795,326016.35499841947
2023-03-16 00:30:00,326012.80506576167,326016.3058332273
2023-03-16 04:30:00,326025.9192588754,326016.3632288775
2023-03-16 08:30:00,326009.07816352526,326016.25708720053
2023-03-16 12:30:00,326026.6379342744,326016.3057699753
2023-03-16 16:30:00,326011.6990605078,326016.4335587336
2023-03-16 20:30:00,325992.0470787227,326016.30235142045
2023-03-17 00:30:00,326006.9358034561,326016.2069915757
2023-03-17 04:30:00,325988.3011473527,326015.89857815293
2023-03-17 08:30:00,326043.7402977161,326016.0755138836
2023-03-17 12:30:00,326010.9612691788,326016.02631553257
2023-03-17 16:30:00,325999.4903361621,326015.97002646
2023-03-17 20:30:00,326014.10143985954,326015.9844707936
2023-03-18 00:30:00,326026.2214206674,326016.0474273545
2023-03-18 04:30:00,326018.5525352404,326016.173381571
2023-03-18 08:30:00,326024.8988050325,326016.36125117296
2023-03-18 12:30:00,326022.3620376546,326016.25260246877
2023-03-18 16:30:00,325991.0762995289,326016.2520995639
2023-03-18 20:30:00,325978.5188019711,326016.1638941452
2023-03-19 00:30:00,326011.7676693045,326016.14168789156
2023-03-19 04:30:00,326010.53576346696,326016.06396800716
2023-03-19 08:30:00,326015.8943806833,326015.996537772
2023-03-19 12:30:00,326034.40986889653,326016.04795555584
2023-03-19 16:30:00,326013.4639913364,326016.00716416095
2023-03-19 20:30:00,326003.3208195798,326016.03303561744
2023-03-20 00:30:00,326018.62385910517,326016.00514728454
2023-03-20 04:30:00,326036.0033041664,326016.14221864595
2023-03-20 08:30:00,326017.63487193565,326016.1301791374
2023-03-20 12:30:00,326028.3084201586,326015.9873123646
2023-03-20 16:30:00,326036.9921757577,326016.1024325997
2023-03-20 20:30:00,326007.71502641606,326016.11355875945
2023-03-21 00:30:00,326035.9665167832,326016.14776974544
2023-03-21 04:30:00,326032.097148061,326016.209435718
2023-03-21 08:30:00,326016.48170220916,326016.2157104032
2023-03-21 12:30:00,326033.00452489755,326016.2666633504
2023-03-21 16:30:00,326009.46059847495,326016.14840293437
2023-03-21 20:30:00,326005.5336395469,326016.1810752464
2023-03-22 00:30:00,326014.4407954931,326016.1939282704
2023-03-22 04:30:00,326040.91715153813,326016.3317224796
2023-03-22 08:30:00,326000.31250631466,326016.2656986987
2023-03-22 12:30:00,326012.4416578413,326016.2570045424
2023-03-22 16:30:00,326030.3346732531,326016.3211811686
2023-03-22 20:30:00,326022.6715058032,326016.44777297584
2023-03-23 00:30:00,326030.44213970273,326016.60522785276
2023-03-23 04:30:00,326046.07044395874,326016.6352029656
2023-03-23 08:30:00,326021.59429563134,326016.609923413
2023-03-23 12:30:00,326026.11246264,326016.50921563036
2023-03-23 16:30:00,326017.4301038899,326016.41170864325
2023-03-23 20:30:00,326014.9524269953,326016.5664560778
2023-03-24 00:30:00,326014.9084696448,326016.57859806804
2023-03-24 04:30:00,326032.72565805254,326016.54155320354
2023-03-24 08:30:00,326002.7453662895,326016.4818319204
2023-03-24 12:30:00,326018.7555433898,326016.6352926657
2023-03-24 16:30:00,326035.8352107168,326016.62755040225
2023-03-24 20:30:00,326033.9553405571,326016.68256333075
2023-03-25 00:30:00,326016.2903263915,326016.7969853003
2023-03-25 04:30:00,326036.0460619902,326016.8768462474
2023-03-25 08:30:00,326012.9609022137,326016.9128033041
2023-03-25 12:30:00,326003.9659187193,326016.8070461894
2023-03-25 16:30:00,326013.84407757415,326016.8928021914
2023-03-25 20:30:00,326018.6276093624,326017.086608797
2023-03-26 00:30:00,326007.14464690356,326017.093101798
2023-03-26 04:30:00,326029.76003473776,326017.05903361074
2023-03-26 08:30:00,326032.57295337104,326017.190056287
2023-03-26 12:30:00,326006.80025310244,326017.2600421146
2023-03-26 16:30:00,326020.6535202762,326017.13592711964
2023-03-26 20:30:00,326029.9754226434,326017.308076336
2023-03-27 00:30:00,326015.96338556544,326017.34282962116
2023-03-27 04:30:00,326009.1487115581,326017.304344596
2023-03-27 08:30:00,326029.28635378147,326017.1611757709
2023-03-27 12:30:00,326005.5793982788,326017.1678195735
2023-03-27 16:30:00,325999.2725039979,326017.1573791448
2023-03-27 20:30:00,326014.72764376196,326017.1001013068
2023-03-28 00:30:00,326008.9753817848,326016.9767045773
2023-03-28 04:30:00,326022.879583356,326016.8999576096
2023-03-28 08:30:00,326023.12845485745,326017.0057130366
2023-03-28 12:30:00,325998.7545954449,326017.07890448987
2023-03-28 16:30:00,326015.44426761864,326017.0741957943
2023-03-28 20:30:00,326031.62339910207,326017.1174514363
2023-03-29 00:30:00,326026.20429856656,326017.16535014915
2023-03-29 04:30:00,326026.70655994,326017.2422076771
2023-03-29 08:30:00,326024.92498421913,326017.3414218183
2023-03-29 12:30:00,326003.46466798923,326017.3757758254
2023-03-29 16:30:00,325993.91511109855,326017.3171850985
2023-03-29 20:30:00,325979.2907574854,326017.0949706068
2023-03-30 00:30:00,326010.8652282127,326017.0925918402
2023-03-30 04:30:00,326031.96141989203,326017.1685976052
2023-03-30 08:30:00,326032.9725097062,326017.1367632575
2023-03-30 12:30:00,326010.96688986267,326017.0296879694
2023-03-30 16:30:00,326004.9157142902,326016.98623632715
2023-03-30 20:30:00,326020.8308116255,326017.0229579901
2023-03-31 00:30:00,326007.5852604564,326017.01715200004
2023-03-31 04:30:00,325998.69443496637,326017.0009686376
2023-03-31 08:30:00,326020.6779015656,326017.01648119517
2023-03-31 12:30:00,326040.51491947426,326017.1705842231
2023-03-31 16:30:00,326007.2622720062,326017.1628731992
2023-03-31 20:30:00,326002.2212395193,326017.149387221
2023-04-01 00:30:00,326038.38561898866,326017.2205006255
2023-04-01 04:30:00,326041.21135932225,326017.2274865345
2023-04-01 08:30:00,326016.82504569116,326017.0869996426
2023-04-01 12:30:00,326010.970954001,326016.9730998642
2023-04-01 16:30:00,326020.8080551012,326017.0673109969
2023-04-01 20:30:00,326021.46224084904,326017.1833357011
2023-04-02 00:30:00,326014.8713416897,326017.20021263603
2023-04-02 04:30:00,326006.45009710424,326017.16886893526
2023-04-02 08:30:00,326021.75224377314,326017.1410286128
2023-04-02 12:30:00,326037.8105255541,326017.2852111084
2023-04-02 16:30:00,326008.1188327017,326017.32439882075
2023-04-02 20:30:00,326008.8389192277,326017.4457865048
2023-04-03 00:30:00,326020.8564781306,326017.5112566607
2023-04-03 04:30:00,326018.9503095974,326017.5036733785
2023-04-03 08:30:00,326011.04345815745,326017.430251122
2023-04-03 12:30:00,326042.3754518133,326017.5364288629
2023-04-03 16:30:00,326042.9484110002,326017.6884450483
2023-04-03 20:30:00,326007.98580022785,326017.79361360456
2023-04-04 00:30:00,326028.9132409154,326017.85890179884
2023-04-04 04:30:00,326033.17764129635,326017.9302870404
2023-04-04 08:30:00,326031.6907488688,326017.93395389884
2023-04-04 12:30:00,326028.11894822045,326017.9432741561
2023-04-04 16:30:00,326022.69610407617,326018.0251832139
2023-04-04 20:30:00,326018.8495593477,326018.20953544736
2023-04-05 00:30:00,326024.3867068091,326018.3331291642
2023-04-05 04:30:00,326020.88467913214,326018.3373289831
2023-04-05 08:30:00,326012.73399668623,326018.3435116222
2023-04-05 12:30:00,326023.5052157323,326018.4440845448
2023-04-05 16:30:00,326005.5874800636,326018.3382831653
2023-04-05 20:30:00,326015.4759940899,326018.47218298574
2023-04-06 00:30:00,326030.47658514406,326018.62037036306
2023-04-06 04:30:00,326000.4902116254,326018.4473521431
2023-04-06 08:30:00,326013.1290181229,326018.4774690093
2023-04-06 12:30:00,326020.2432839369,326018.365478139
2023-04-06 16:30:00,326013.01153426536,326018.26316388324
2023-04-06 20:30:00,326027.147168382,326018.4293216277
2023-04-07 00:30:00,326003.12066409766,326018.4010952769
2023-04-07 04:30:00,325995.59428389795,326018.22233070515
2023-04-07 08:30:00,326007.1458521244,326018.09070857347
2023-04-07 12:30:00,326003.7801133569,326017.85248829686
2023-04-07 16:30:00,326008.7918464999,326017.75954000367
2023-04-07 20:30:00,326018.32795215544,326017.8148944427
2023-04-08 00:30:00,326016.4263660838,326017.88115510345
2023-04-08 04:30:00,326003.5141051947,326017.7333110504
2023-04-08 08:30:00,326022.13099494576,326017.75225858256
2023-04-08 12:30:00,326010.4038379139,326017.6971448775
2023-04-08 16:30:00,326001.58506550157,326017.487635604
2023-04-08 20:30:00,326010.2507511302,326017.43871916214
2023-04-09 00:30:00,326006.0994376017,326017.33455642883
2023-04-09 04:30:00,326020.2904504461,326017.2172951049
2023-04-09 08:30:00,326013.2182879412,326017.1566463561
2023-04-09 12:30:00,326014.299057943,326017.1611726989
2023-04-09 16:30:00,326000.0411012035,326016.9329709752
2023-04-09 20:30:00,326011.8636438595,326016.80086650426
2023-04-10 00:30:00,326012.466563276,326016.7329348285
2023-04-10 04:30:00,326003.2079631767,326016.584580111
2023-04-10 08:30:00,326013.8367822721,326016.5521313285
2023-04-10 12:30:00,325996.8836974189,326016.48338725616
2023-04-10 16:30:00,325990.8932631354,326016.30211265234
2023-04-10 20:30:00,326024.72342220764,326016.29763051623
2023-04-11 00:30:00,326021.90417273407,326016.38703971414
2023-04-11 04:30:00,326022.58553521853,326016.2784887585
2023-04-11 08:30:00,326016.4738584291,326016.29378837533
2023-04-11 12:30:00,326021.31921676587,326016.3083240161
2023-04-11 16:30:00,326018.5773519287,326016.27793270256
2023-04-11 20:30:00,326014.9172564951,326016.1892298999
2023-04-12 00:30:00,326003.7411729584,326016.1867594478
2023-04-12 04:30:00,326003.3845608677,326016.2160845765
2023-04-12 08:30:00,326025.3696918318,326016.14039616805
2023-04-12 12:30:00,326017.5008770451,326016.15541695216
2023-04-12 16:30:00,326017.48049965006,326016.21566416457
2023-04-12 20:30:00,326029.1085000311,326016.32442685775
2023-04-13 00:30:00,326014.5425377034,326016.36688954127
2023-04-13 04:30:00,325993.9329570591,326016.1116859701
2023-04-13 08:30:00,326036.003337036,326016.24256144214
2023-04-13 12:30:00,326015.8372363806,326016.3716334125
2023-04-13 16:30:00,326003.1701029274,326016.3174964523
2023-04-13 20:30:00,326023.3953992386,326016.3635800556
2023-04-14 00:30:00,326022.94785268017,326016.49226650357
2023-04-14 04:30:00,326019.76613871224,326016.69617865706
2023-04-14 08:30:00,326016.37218808726,326016.6994371851
2023-04-14 12:30:00,326011.711014108,326016.69112566265
2023-04-14 16:30:00,326014.8257122091,326016.7467576765
2023-04-14 20:30:00,326015.32345078647,326016.69931421755
2023-04-15 00:30:00,326006.6639607193,326016.6651969673
2023-04-15 04:30:00,325995.2537030491,326016.4948327683
2023-04-15 08:30:00,326027.46995116305,326016.5970093663
2023-04-15 12:30:00,326031.64442718273,326016.6248232158
2023-04-15 16:30:00,325993.50170225534,326016.5237267811
2023-04-15 20:30:00,326015.9555638599,326016.65655169846
2023-04-16 00:30:00,326028.9794615182,326016.7790164655
2023-04-16 04:30:00,326036.0320755058,326017.04418828856
2023-04-16 08:30:00,326023.39850920904,326016.93117835233
2023-04-16 12:30:00,326011.7099937803,326016.9353379335
2023-04-16 16:30:00,326009.1210814975,326016.9888420743
2023-04-16 20:30:00,326023.3917077411,326017.0404546736
2023-04-17 00:30:00,326015.1408431315,326016.9788959095
2023-04-17 04:30:00,326020.98581290536,326016.9924141188
2023-04-17 08:30:00,326021.8716590162,326016.9755966409
2023-04-17 12:30:00,326024.42738850403,326016.98707081226
2023-04-17 16:30:00,325996.7946460301,326017.018839404
2023-04-17 20:30:00,326009.3047061923,326017.18987220514
2023-04-18 00:30:00,326022.8221476644,326017.2512859739
2023-04-18 04:30:00,326021.7549328008,326017.3136146923
2023-04-18 12:30:00,326015.90905702463,326017.2181868831
2023-04-18 16:30:00,326012.98916389566,326017.21553421585
2023-04-18 20:30:00,326021.4131115134,326017.31660847244
2023-04-19 00:30:00,326025.28294169885,326017.3538100512
2023-04-19 04:30:00,326016.864405657,326017.24688883044
2023-04-19 08:30:00,326019.2817477784,326017.2560892541
2023-04-19 12:30:00,326032.0939083279,326017.2772372328
2023-04-19 16:30:00,326014.17256490525,326017.1497533733
2023-04-19 20:30:00,326003.68961674604,326017.12726505107
2023-04-20 00:30:00,326029.2330753487,326017.0896480598
2023-04-20 04:30:00,326029.3628700949,326017.0743727639
2023-04-20 08:30:00,326017.0647908558,326017.07763024233
2023-04-20 12:30:00,326031.97605073807,326017.0718845767
2023-04-20 16:30:00,326021.55401364376,326017.13944555534
2023-04-20 20:30:00,326021.14837088203,326017.2266786913
2023-04-21 00:30:00,326049.6121310851,326017.4231665996
2023-04-21 04:30:00,326017.81572602096,326017.29410835647
2023-04-21 08:30:00,325982.82791020203,326017.19642904855
2023-04-21 12:30:00,326019.79867435264,326017.2375296994
2023-04-21 16:30:00,326021.1455005005,326017.18619353883
2023-04-21 20:30:00,325999.0993015386,326017.0545052469
2023-04-22 00:30:00,325995.65804127534,326016.86018067464
2023-04-22 04:30:00,326033.7119694746,326016.7911389178
2023-04-22 08:30:00,326029.37368164345,326016.8345991748
2023-04-22 12:30:00,326026.797282288,326016.83842498285
2023-04-22 16:30:00,326016.8307138811,326016.83507643535
2023-04-22 20:30:00,325999.85600966774,326016.7507389084
2023-04-23 00:30:00,326010.63643276243,326016.7268727806
2023-04-23 04:30:00,326037.5875174438,326016.75403400615
2023-04-23 08:30:00,326016.1151431695,326016.82872549724
2023-04-23 12:30:00,326014.3032840068,326016.8038525397
2023-04-23 16:30:00,326016.33145571576,326016.6948930145
2023-04-23 20:30:00,325989.17441168654,326016.44472022756
2023-04-24 00:30:00,326012.7114867757,326016.4247267102
2023-04-24 04:30:00,326016.37388625636,326016.31482628704
2023-04-24 08:30:00,326050.9713922672,326016.52717539354
2023-04-24 12:30:00,326034.2383468838,326016.69629510393
2023-04-24 16:30:00,325991.57103357493,326016.5718646906
2023-04-24 20:30:00,325985.3769183032,326016.3861066399
2023-04-25 00:30:00,325987.4966048918,326016.2763410421
2023-04-25 04:30:00,326037.0503008699,326016.3170687859
2023-04-25 08:30:00,326010.9681991977,326016.1963718352
2023-04-25 12:30:00,326006.0858638892,326016.19238083396
2023-04-25 16:30:00,326025.3231149552,326016.218467955
2023-04-25 20:30:00,326041.27533044363,326016.28159593156
2023-04-26 00:30:00,326006.8588731398,326016.2307327338
2023-04-26 04:30:00,326019.8022141402,326016.2902495079
2023-04-26 08:30:00,326031.6276189982,326016.3033292018
2023-04-26 12:30:00,326020.4348352622,326016.3863204699
2023-04-26 16:30:00,326001.16368730355,326016.39688573976
2023-04-26 20:30:00,325981.0819141714,326016.20892077
2023-04-27 00:30:00,326010.2532429216,326016.2160596591
2023-04-27 04:30:00,326026.55591361295,326016.2365978169
2023-04-27 08:30:00,326023.13485893403,326016.2366335938
2023-04-27 12:30:00,325987.6380012571,326016.17452971573
2023-04-27 16:30:00,326025.39383949566,326016.2301139161
2023-04-27 20:30:00,326028.478887308,326016.2125468111
2023-04-28 00:30:00,326015.0546410418,326016.1502582216
2023-04-28 04:30:00,326024.966307026,326016.1405361383
2023-04-28 08:30:00,326045.714575263,326016.256679105
2023-04-28 12:30:00,326042.25484883285,326016.473384026
2023-04-28 20:30:00,326008.3697381025,326016.76348095597
2023-04-29 00:30:00,326021.1517493628,326016.8212704006
2023-04-29 04:30:00,326008.8568981306,326016.69146971655
2023-04-29 08:30:00,326024.35188461695,326016.6430392386
2023-04-29 12:30:00,325995.6601192808,326016.55704614543
2023-04-29 16:30:00,325993.57609013433,326016.4933403917
2023-04-29 20:30:00,326035.7154931648,326016.5769621981
2023-04-30 00:30:00,326029.78900764446,326016.7017023508
2023-04-30 04:30:00,325986.5223860613,326016.63332005363
2023-04-30 08:30:00,326036.09404581727,326016.7199276056
2023-04-30 12:30:00,326040.9022244522,326016.72210347623
2023-04-30 16:30:00,326008.4217341735,326016.72861730866
2023-04-30 20:30:00,326024.42847491684,326016.85337705805
2023-05-01 00:30:00,326025.2805156686,326016.7797528821
2023-05-01 04:30:00,326018.7211313666,326016.6534032869
2023-05-01 08:30:00,326029.2331828047,326016.7231119223
2023-05-01 12:30:00,326037.1013128428,326016.8699116911
2023-05-01 16:30:00,326016.38155275275,326016.84504370036
2023-05-01 20:30:00,326022.457093103,326016.85063275794
2023-05-02 00:30:00,326028.33122984186,326016.9262501072
2023-05-02 04:30:00,325996.91374276415,326016.8726750828
2023-05-02 08:30:00,326021.6423442525,326016.87205766974
2023-05-02 12:30:00,326047.9041868789,326016.92876363226
2023-05-02 16:30:00,326023.03496349737,326017.0125621199
2023-05-02 20:30:00,326007.739633249,326017.00638635596
2023-05-03 00:30:00,326043.97658516216,326017.1362745977
2023-05-03 04:30:00,326016.52779945714,326017.1226649902
2023-05-03 08:30:00,326026.0227217379,326017.20681815635
2023-05-03 12:30:00,326051.1786871192,326017.25627453445
2023-05-03 16:30:00,326033.7708678794,326017.20471530344
2023-05-03 20:30:00,326026.41764204967,326017.3082649766
2023-05-04 00:30:00,326031.3665632303,326017.32204768626
2023-05-04 04:30:00,326034.59529300436,326017.3300120217
2023-05-04 08:30:00,326029.90641890996,326017.31998769613
2023-05-04 12:30:00,326039.3532821902,326017.3831019319
2023-05-04 16:30:00,326023.9640371447,326017.3902251514
2023-05-04 20:30:00,326011.24114916887,326017.347481274
2023-05-05 00:30:00,326026.5271662356,326017.3595063269
2023-05-05 04:30:00,326009.52654405707,326017.2956965792
2023-05-05 08:30:00,326014.04064057505,326017.30303727527
2023-05-05 12:30:00,326032.37491591834,326017.35286705155
2023-05-05 16:30:00,326020.8242774369,326017.4384670368
2023-05-05 20:30:00,326013.53576824197,326017.4275668916
2023-05-06 00:30:00,326032.9062910253,326017.44121692475
2023-05-06 04:30:00,326011.57949720375,326017.5035162819
2023-05-06 08:30:00,325998.4259960864,326017.4209150344
2023-05-06 12:30:00,326028.12898460095,326017.4652167236
2023-05-06 16:30:00,326027.7941097433,326017.5482649004
2023-05-06 20:30:00,326011.84081648133,326017.4622741595
2023-05-07 00:30:00,326033.9852191435,326017.6356705361
2023-05-07 04:30:00,326023.41583742946,326017.79197139863
2023-05-07 08:30:00,325995.63723868685,326017.7273162669
2023-05-07 12:30:00,326013.2333288601,326017.78042421927
2023-05-07 16:30:00,326004.27147433185,326017.75502886996
2023-05-07 20:30:00,326015.62248751184,326017.7398296304
2023-05-08 00:30:00,326022.5763540244,326017.7743801244
2023-05-08 04:30:00,326033.66150207265,326017.94374752266
2023-05-08 08:30:00,326010.8135102063,326017.88016614766
2023-05-08 12:30:00,326012.5358782543,326017.89214390237
2023-05-08 16:30:00,326028.16489958524,326018.041468813
2023-05-08 20:30:00,326019.1768018918,326018.0916151656
2023-05-09 00:30:00,326037.8573071593,326018.2700301631
2023-05-09 04:30:00,326049.96415895,326018.43673639063
2023-05-09 08:30:00,326008.32837611355,326018.40926497587
2023-05-09 12:30:00,326002.2654570474,326018.3416604764
2023-05-09 16:30:00,326008.6556261399,326018.390056684
2023-05-09 20:30:00,326014.5302907118,326018.4050378461
2023-05-10 00:30:00,326025.56787047995,326018.4786406955
2023-05-10 04:30:00,326056.40470774466,326018.7774988111
2023-05-10 08:30:00,326013.97591561597,326018.77828045905
2023-05-10 12:30:00,325996.3932940595,326018.77552538406
2023-05-10 16:30:00,326020.2377337846,326018.9403819607
2023-05-10 20:30:00,326026.30978627474,326018.9492941184
2023-05-11 00:30:00,326008.6920558789,326018.87506874284
2023-05-11 04:30:00,326037.7250268391,326018.96012206655
2023-05-11 08:30:00,326037.08372815634,326019.07590785145
2023-05-11 12:30:00,326009.24161921686,326019.0080561798
2023-05-11 16:30:00,326016.8270619263,326018.99822309
2023-05-11 20:30:00,326002.05130232277,326018.9259424485
2023-05-12 00:30:00,326019.9575501649,326019.0170456913
2023-05-12 04:30:00,326029.6846056581,326019.1647987519
2023-05-12 08:30:00,326028.46056141425,326019.1821631878
2023-05-12 12:30:00,326010.7178740618,326019.1440564294
2023-05-12 16:30:00,326014.330557927,326019.12636012764
2023-05-12 20:30:00,326011.1227785462,326019.0253167485
2023-05-13 00:30:00,326008.45238043147,326018.9911023818
2023-05-13 04:30:00,326032.85404451145,326019.2097601765
2023-05-13 08:30:00,326035.5311624274,326019.2071075101
2023-05-13 12:30:00,326023.02613790554,326019.24749459734
2023-05-13 16:30:00,326025.2220293493,326019.3713818244
2023-05-13 20:30:00,326029.9569398233,326019.40824441204
2023-05-14 00:30:00,326009.3796905588,326019.3320187821
2023-05-14 04:30:00,326006.8337724459,326019.259365039
2023-05-14 08:30:00,326018.6897475853,326019.27238503617
2023-05-14 12:30:00,326029.7886009223,326019.3739445126
2023-05-14 16:30:00,326003.9474276396,326019.31283055444
2023-05-14 20:30:00,326034.306425479,326019.4194764797
2023-05-15 00:30:00,326045.0060789612,326019.63488163834
2023-05-15 04:30:00,326029.53758979077,326019.82748774363
2023-05-15 08:30:00,326033.09465695475,326019.85908721434
2023-05-15 12:30:00,326042.85151409975,326019.9220483768
2023-05-15 16:30:00,326037.17012731615,326020.1673766075
2023-05-15 20:30:00,326031.9674887234,326020.25733124156
2023-05-16 00:30:00,326040.2852636351,326020.32084698376
2023-05-16 04:30:00,326028.5622019344,326020.27888140193
2023-05-16 08:30:00,326021.45589570946,326020.2679678429
2023-05-16 12:30:00,326016.1976849334,326020.29317959095
2023-05-16 16:30:00,326021.52112132177,326020.362842736
2023-05-16 20:30:00,326025.03466211964,326020.3720728169
2023-05-17 00:30:00,326020.25688263454,326020.40081461176
2023-05-17 04:30:00,326013.3161644577,326020.35772669927
2023-05-17 08:30:00,326006.45810927596,326020.2711337231
2023-05-17 12:30:00,326027.030091089,326020.28575564775
2023-05-17 16:30:00,326025.6073944106,326020.4476250207
2023-05-17 20:30:00,326026.3349554056,326020.5433005781
2023-05-18 00:30:00,326027.5968770365,326020.57012490043
2023-05-18 04:30:00,326013.91357045627,326020.52607230295
2023-05-18 08:30:00,326018.83093259856,326020.5166022487
2023-05-18 12:30:00,326034.113063675,326020.6183006098
2023-05-18 16:30:00,326020.1498367615,326020.6583043689
2023-05-18 20:30:00,326023.8683451482,326020.6720207579
2023-05-19 00:30:00,326029.3967262235,326020.6950027944
2023-05-19 04:30:00,326015.27711468097,326020.68613524706
2023-05-19 08:30:00,326018.4875302053,326020.6816982774
2023-05-19 12:30:00,326012.31753280375,326020.5712157325
2023-05-19 16:30:00,325997.9438830152,326020.4805527052
2023-05-19 20:30:00,326034.02698058786,326020.6500351848
2023-05-20 00:30:00,326038.1914938735,326020.7000822156
2023-05-20 04:30:00,326039.30565523624,326020.75562850136
2023-05-20 08:30:00,326009.28427442175,326020.71216192906
2023-05-20 12:30:00,326022.8074534807,326020.6609407153
2023-05-20 16:30:00,326016.65426327405,326020.63356780825
2023-05-20 20:30:00,326004.11599816947,326020.538414888
2023-05-21 00:30:00,326025.7978658232,326020.40537429997
2023-05-21 04:30:00,326017.49947531836,326020.4036075363
2023-05-21 08:30:00,326007.765604047,326020.5429242617
2023-05-21 12:30:00,326021.4264796098,326020.5520181458
2023-05-21 16:30:00,326000.51908943395,326020.4367867991
2023-05-21 20:30:00,326004.74758580874,326020.4683414598
2023-05-22 00:30:00,326025.1851145071,326020.6332971762
2023-05-22 04:30:00,326049.0781073025,326020.71914152155
2023-05-22 08:30:00,326003.6240378934,326020.57528876327
2023-05-22 12:30:00,326020.46263854206,326020.539899692
2023-05-22 16:30:00,326021.54149933864,326020.56621692923
2023-05-22 20:30:00,326000.73791807203,326020.57114379184
2023-05-23 00:30:00,326003.5380016006,326020.53148775175
2023-05-23 04:30:00,326031.0503164646,326020.49496707594
2023-05-23 08:30:00,326015.72073745745,326020.49276369205
2023-05-23 12:30:00,326026.24554056645,326020.5594802092
2023-05-23 16:30:00,326026.6400598278,326020.61707017623
2023-05-23 20:30:00,326002.1123043403,326020.6893489061
2023-05-24 00:30:00,326017.8440188096,326020.7180222695
2023-05-24 04:30:00,326037.3785283269,326020.8353666386
2023-05-24 08:30:00,326009.42813664424,326020.6032814116
2023-05-24 12:30:00,326017.7156928666,326020.51097608195
2023-05-24 16:30:00,326012.89449610206,326020.63010157086
2023-05-24 20:30:00,325987.9340230604,326020.6443870724
2023-05-25 00:30:00,325994.9566140028,326020.6860631009
2023-05-25 04:30:00,326019.55796567834,326020.58834055794
2023-05-25 08:30:00,326018.8325209429,326020.6322753163
2023-05-25 12:30:00,326015.8859383769,326020.6870243358
2023-05-25 16:30:00,326026.9796056477,326020.6962784738
2023-05-25 20:30:00,326005.8441630013,326020.49833899084
2023-05-26 00:30:00,326023.6408514107,326020.5920930593
2023-05-26 04:30:00,326026.135098032,326020.627472299
2023-05-26 08:30:00,326027.5981649248,326020.6049613824
2023-05-26 12:30:00,326014.52174833615,326020.5719273772
2023-05-26 16:30:00,326028.5168604269,326020.72473840025
2023-05-26 20:30:00,326026.958478589,326020.98103205615
2023-05-27 00:30:00,326025.48862946697,326021.06614594755
2023-05-27 04:30:00,326037.8861603108,326021.1294434151
2023-05-27 08:30:00,326031.0530126202,326021.1736789106
2023-05-27 12:30:00,326025.37703669566,326021.3845115108
2023-05-27 16:30:00,326034.9451910743,326021.4378710168
2023-05-27 20:30:00,326033.06214263936,326021.4634757952
2023-05-28 00:30:00,326029.632159434,326021.5449144454
2023-05-28 04:30:00,326042.1083761663,326021.64068019483
2023-05-28 08:30:00,326040.7404364919,326021.6128917101
2023-05-28 12:30:00,326037.33242470014,326021.58539213386
2023-05-28 16:30:00,326032.58858995093,326021.64652101067
2023-05-28 20:30:00,326021.32538141025,326021.71849680674
2023-05-29 00:30:00,326021.0124622608,326021.7177229896
2023-05-29 04:30:00,326036.2015988471,326021.8696379936
2023-05-29 08:30:00,326037.5443127239,326021.9429292608
2023-05-29 12:30:00,326021.02627664915,326022.0838523573
2023-05-29 16:30:00,326043.2583896953,326022.35986513266
2023-05-29 20:30:00,326037.9596553091,326022.3723327001
2023-05-30 00:30:00,326028.36147131555,326022.36440194276
2023-05-30 04:30:00,326009.5911481035,326022.49256173184
2023-05-30 08:30:00,326028.0157838371,326022.4476824986
2023-05-30 12:30:00,326032.55276646407,326022.4012966209
2023-05-30 16:30:00,326008.85013402696,326022.40367662004
2023-05-30 20:30:00,326039.96038618876,326022.4899650161
2023-05-31 00:30:00,326035.6579689682,326022.5476175344
2023-05-31 04:30:00,326009.14837315516,326022.4944355443
2023-05-31 08:30:00,326025.1255668,326022.4716154554
2023-05-31 12:30:00,326023.67238501884,326022.39701030083
2023-05-31 16:30:00,326019.85063741397,326022.41628299345
2023-05-31 20:30:00,326044.94798221556,326022.54123237735
2023-06-01 00:30:00,326038.7766851914,326022.5992626848
2023-06-01 04:30:00,326000.38391678274,326022.6185414294
2023-06-01 08:30:00,326017.3244305444,326022.5945530199
2023-06-01 12:30:00,326029.42525673105,326022.4918922969
2023-06-01 16:30:00,326024.38896614296,326022.4994145338
2023-06-01 20:30:00,326042.86191234645,326022.69453830656
2023-06-02 00:30:00,326045.34646344814,326022.7021487414
2023-06-02 04:30:00,326013.9340904658,326022.68773924705
2023-06-02 08:30:00,326001.15071922215,326022.5495614553
2023-06-02 12:30:00,326019.96029555984,326022.3761259467
2023-06-02 16:30:00,326015.6208677085,326022.2752926124
2023-06-02 20:30:00,326036.5124197479,326022.3313747107
2023-06-03 00:30:00,326047.7161557232,326022.4222057801
2023-06-03 04:30:00,326008.4655022361,326022.2770402758
2023-06-03 08:30:00,326004.3869480888,326022.13526543794
2023-06-03 12:30:00,326022.59781824367,326022.04217952705
2023-06-03 16:30:00,326009.2284998365,326021.96031543094
2023-06-03 20:30:00,326011.0728319663,326021.95938033535
2023-06-04 00:30:00,326039.3589816625,326022.03066819883
2023-06-04 04:30:00,326016.4245392837,326022.0689903946
2023-06-04 08:30:00,326003.2889939873,326022.00925902463
2023-06-04 12:30:00,326013.7015988645,326021.9055183744
2023-06-04 16:30:00,326008.2516569821,326021.83567048295
2023-06-04 20:30:00,326003.2954165224,326021.77877964004
2023-06-05 00:30:00,326048.1260130352,326021.86333365116
2023-06-05 04:30:00,326021.62637299096,326021.9191496278
2023-06-05 08:30:00,325996.1222072405,326021.9063508009
2023-06-05 12:30:00,326017.4163016066,326021.8468358953
2023-06-05 16:30:00,326014.96582764096,326021.77556766145
2023-06-05 20:30:00,326015.88898136874,326021.7980574664
2023-06-06 00:30:00,326031.055916368,326021.7817835621
2023-06-06 04:30:00,326034.14214888564,326021.8413741813
2023-06-06 08:30:00,325998.3611312939,326021.85650691803
2023-06-06 12:30:00,326010.97899760155,326021.84398285544
2023-06-06 16:30:00,326011.6041295786,326021.884719829
2023-06-06 20:30:00,325990.9435922918,326021.74761485565
2023-06-07 00:30:00,326029.33462397853,326021.78516079974
2023-06-07 04:30:00,326030.9502992267,326021.7700985617
2023-06-07 08:30:00,325991.37456813006,326021.6621044391
2023-06-07 12:30:00,326009.2001058228,326021.64357237006
2023-06-07 16:30:00,326011.3576067189,326021.5501985208
2023-06-07 20:30:00,326002.12214589084,326021.45545043185
2023-06-08 00:30:00,326026.4603092355,326021.39213377674
2023-06-08 04:30:00,326059.8843396549,326021.4472458918
2023-06-08 08:30:00,325996.3096977411,326021.38047545636
2023-06-08 12:30:00,326004.0686091615,326021.39049296814
2023-06-08 16:30:00,326011.8930143404,326021.4084784582
2023-06-08 20:30:00,326011.8568348722,326021.39362592564
2023-06-09 00:30:00,326014.46999025764,326021.3319710356
2023-06-09 04:30:00,326037.4485028472,326021.2266587862
2023-06-09 08:30:00,326032.1941400867,326021.3278711444
2023-06-09 12:30:00,326020.01931307575,326021.45912680554
2023-06-09 16:30:00,326021.76513224386,326021.4676123525
2023-06-09 20:30:00,326019.22348270053,326021.4282439993
2023-06-10 00:30:00,326012.77288337285,326021.4509152632
2023-06-10 04:30:00,326039.4515232715,326021.46050691
2023-06-10 08:30:00,326032.4606667455,326021.43482323556
2023-06-10 12:30:00,326026.22238704166,326021.52916083456
2023-06-10 16:30:00,326018.2597393554,326021.5371201536
2023-06-10 20:30:00,326022.62642700376,326021.65142640186
2023-06-11 00:30:00,326041.01089006884,326021.76838940126
2023-06-11 04:30:00,326033.2765510351,326021.7883446534
2023-06-11 08:30:00,326044.86001714447,326021.8794527407
2023-06-11 12:30:00,326025.2775002332,326021.9603395529
2023-06-11 16:30:00,326027.1098633259,326022.0313356939
2023-06-11 20:30:00,326006.30039287923,326022.0045446625
2023-06-12 00:30:00,326020.949900935,326022.0739753319
2023-06-12 04:30:00,326040.89001277677,326022.1186196
2023-06-12 08:30:00,326034.32115944836,326022.1118973613
2023-06-12 12:30:00,326019.02402493614,326022.0896634004
2023-06-12 16:30:00,326037.21770947485,326022.1563060678
2023-06-12 20:30:00,326031.4617830422,326022.16466630774
2023-06-13 00:30:00,326015.18302267016,326022.1969070417
2023-06-13 04:30:00,326029.21425683604,326022.32124306617
2023-06-13 08:30:00,326021.132840871,326022.33481580665
2023-06-13 12:30:00,326026.1163199466,326022.31441424566
2023-06-13 16:30:00,326047.8118466233,326022.55810546223
2023-06-13 20:30:00,326039.73716481007,326022.58827623626
2023-06-14 00:30:00,326017.1997104662,326022.4337964113
2023-06-14 04:30:00,326033.4684410383,326022.45563447376
2023-06-14 08:30:00,326003.35654425155,326022.29042273655
2023-06-14 12:30:00,326008.8304073636,326022.101416588
2023-06-14 16:30:00,326025.66327367915,326022.03748962336
2023-06-14 20:30:00,326021.55651805876,326021.9796508975
2023-06-15 00:30:00,326025.01319556,326021.8948060749
2023-06-15 04:30:00,326028.2292470782,326021.89295632555
2023-06-15 08:30:00,326013.0317630394,326021.84615558863
2023-06-15 12:30:00,326019.00403323246,326021.86174641247
2023-06-15 16:30:00,326011.8839542612,326021.8082065955
2023-06-15 20:30:00,326039.99277603783,326021.8913072283
2023-06-16 00:30:00,326012.6653893103,326021.8491322655
2023-06-16 04:30:00,326022.6786145025,326021.90114587673
2023-06-16 08:30:00,326028.04881171393,326022.02109422366
2023-06-16 12:30:00,326014.16831871186,326021.94963993266
2023-06-16 16:30:00,326006.6083479863,326021.8440896747
2023-06-16 20:30:00,326009.64399741095,326021.75136213034
2023-06-17 00:30:00,326012.36994152894,326021.6667680442
2023-06-17 04:30:00,326023.33736336033,326021.7191224492
2023-06-17 08:30:00,326004.7187779369,326021.64072158997
2023-06-17 12:30:00,326007.55078490806,326021.49315337464
2023-06-17 16:30:00,326028.55088217027,326021.5398258491
2023-06-17 20:30:00,326047.5826966269,326021.6715722462
2023-06-18 00:30:00,326047.2082680164,326021.7705252562
2023-06-18 04:30:00,325999.36647985526,326021.68213284045
2023-06-18 08:30:00,325987.46448207914,326021.5097825731
2023-06-18 12:30:00,325988.70052503044,326021.3785769744
2023-06-18 16:30:00,326005.5554731454,326021.4208635862
2023-06-18 20:30:00,326011.46052665624,326021.2954943977
2023-06-19 00:30:00,326049.722891897,326021.3595577201
2023-06-19 04:30:00,326037.6042048734,326021.350105218
2023-06-19 08:30:00,326007.45975370985,326021.3399689919
2023-06-19 12:30:00,325996.1042345125,326021.1916177754
2023-06-19 16:30:00,326014.7555749913,326021.1810695071
2023-06-19 20:30:00,326014.0614486483,326021.2363220098
2023-06-20 00:30:00,326041.21685653506,326021.3219830693
2023-06-20 04:30:00,326017.75910532515,326021.3234254582
2023-06-20 08:30:00,326030.9217022685,326021.4520704483
2023-06-20 12:30:00,326026.4501559176,326021.4799797612
2023-06-20 16:30:00,326021.7212607575,326021.59776960185
2023-06-20 20:30:00,326004.2116093589,326021.5947919549
2023-06-21 00:30:00,326045.2835049921,326021.7064496798
2023-06-21 04:30:00,326049.3633767287,326021.70803450997
2023-06-21 08:30:00,326001.89565882477,326021.698432404
2023-06-21 12:30:00,326014.1324316691,326021.6632645881
2023-06-21 16:30:00,326020.4917646906,326021.65743272885
2023-06-21 20:30:00,326020.62095237355,326021.7678940306
2023-06-22 00:30:00,326038.47995141643,326021.962015974
2023-06-22 04:30:00,326014.5508161751,326021.87035208347
2023-06-22 08:30:00,325998.75958539563,326021.7761234609
2023-06-22 12:30:00,326016.47711665067,326021.7218544392
2023-06-22 16:30:00,326020.6360057671,326021.68849858333
2023-06-22 20:30:00,326012.4317150418,326021.74582864274
2023-06-23 00:30:00,326010.3587948143,326021.704244065
2023-06-23 04:30:00,326049.299270492,326021.77047041035
2023-06-23 08:30:00,326026.9684597961,326021.86791665014
2023-06-23 12:30:00,326009.32288419246,326021.8212899352
2023-06-23 16:30:00,326016.7158567734,326021.8425197168
2023-06-23 20:30:00,326022.6372927262,326022.0353156593
2023-06-24 00:30:00,326027.54147540947,326022.2163426672
2023-06-24 04:30:00,326036.30182629515,326022.309364115
2023-06-24 08:30:00,326026.45138912,326022.35169116047
2023-06-24 12:30:00,326023.1283647113,326022.3919268623
2023-06-24 16:30:00,326025.4060306575,326022.38318477897
2023-06-24 20:30:00,326017.76357862697,326022.44940375467
2023-06-25 00:30:00,326024.84648846724,326022.4561017384
2023-06-25 04:30:00,326043.7718888733,326022.5540839097
2023-06-25 08:30:00,326034.8787097563,326022.594531381
2023-06-25 12:30:00,326008.26505107095,326022.5597719517
2023-06-25 16:30:00,326019.907668477,326022.5119431076
2023-06-25 20:30:00,326038.83503863536,326022.5779239967
2023-06-26 00:30:00,326034.43486025074,326022.6276252788
2023-06-26 04:30:00,326036.9072597508,326022.62218694243
2023-06-26 08:30:00,326028.3945607769,326022.6074177655
2023-06-26 12:30:00,326006.52288401284,326022.5026724728
2023-06-26 16:30:00,326032.450211679,326022.48881147616
2023-06-26 20:30:00,326042.43699984223,326022.5408940162
2023-06-27 00:30:00,326013.0353967969,326022.4486897793
2023-06-27 04:30:00,326021.6568810365,326022.33507036197
2023-06-27 08:30:00,326039.26382974884,326022.3268669912
2023-06-27 12:30:00,326020.294354096,326022.2322110433
2023-06-27 16:30:00,326008.1982608578,326022.096709215
2023-06-27 20:30:00,326040.9016027601,326022.2054660003
2023-06-28 00:30:00,326027.0852464177,326022.23920369
2023-06-28 04:30:00,326007.1238310578,326022.0776605357
2023-06-28 08:30:00,326023.1761044606,326021.99783715646
2023-06-28 12:30:00,326025.2766046726,326022.02145008993
2023-06-28 16:30:00,326033.636453645,326021.9679948896
2023-06-28 20:30:00,326039.7950162965,326021.9781913395
2023-06-29 00:30:00,326029.7395036185,326021.9858470746
2023-06-29 04:30:00,326013.64148370316,326022.00834893907
2023-06-29 08:30:00,326016.688038329,326021.94541701954
2023-06-29 12:30:00,326013.6010250556,326021.8401295673
2023-06-29 16:30:00,326012.4143336442,326021.8599306763
2023-06-29 20:30:00,326026.52299545583,326021.7852785055
2023-06-30 00:30:00,326041.15411656105,326021.8158126588
2023-06-30 04:30:00,325995.5762854681,326021.7404121717
2023-06-30 08:30:00,325999.62456825824,326021.59873995755
2023-06-30 12:30:00,326022.26146235614,326021.5909014983
2023-06-30 16:30:00,326028.8896673934,326021.6411183315
2023-06-30 20:30:00,326028.6155172947,326021.5503824153
2023-07-01 00:30:00,326033.5165969005,326021.5211597026
2023-07-01 04:30:00,326011.7795657691,326021.58446886356
2023-07-01 08:30:00,325983.1391295115,326021.39455052454
2023-07-01 12:30:00,326003.6355701648,326021.25127448805
2023-07-01 16:30:00,326018.72080489545,326021.21978470334
2023-07-01 20:30:00,326054.6253766506,326021.2851372828
2023-07-02 00:30:00,326060.4709673651,326021.36916230456
2023-07-02 04:30:00,326027.1313215772,326021.44248025527
2023-07-02 08:30:00,325997.1047057772,326021.42000240274
2023-07-02 12:30:00,326029.15855488216,326021.4711038434
2023-07-02 16:30:00,326038.7105600107,326021.5993799117
2023-07-02 20:30:00,326044.5232109327,326021.64388430724
2023-07-03 00:30:00,326058.4963429498,326021.70377423626
2023-07-03 04:30:00,326031.2547194281,326021.8303809984
2023-07-03 08:30:00,325995.65726436547,326021.7818827555
2023-07-03 12:30:00,326013.4062210827,326021.7308183268
2023-07-03 16:30:00,326012.0702846065,326021.74660602
2023-07-03 20:30:00,326036.36133996653,326021.8870977312
2023-07-04 00:30:00,326061.21592705563,326022.00852520554
2023-07-04 04:30:00,326003.27274895937,326021.93545970373
2023-07-04 08:30:00,325978.5368837457,326021.7979479802
2023-07-04 12:30:00,326005.3904103076,326021.7517747104
2023-07-04 16:30:00,326043.707296531,326021.9487504857
2023-07-04 20:30:00,326010.0442611431,326021.98624406685
2023-07-05 00:30:00,326058.0147552605,326022.04118152376
2023-07-05 04:30:00,326045.880148159,326022.1759247191
2023-07-05 08:30:00,325981.7371714005,326022.09600785334
2023-07-05 12:30:00,326007.14182208193,326022.03892741154
2023-07-05 16:30:00,326005.51722004166,326021.98643514706
2023-07-05 20:30:00,325996.68086263584,326021.87972337636
2023-07-06 00:30:00,326027.7235570179,326021.8612102688
2023-07-06 04:30:00,326055.8556291015,326021.98184071446
2023-07-06 08:30:00,326002.7007060746,326022.00594946323
2023-07-06 12:30:00,325993.72746469924,326021.9101076138
2023-07-06 16:30:00,326025.7555884526,326021.9887268298
2023-07-06 20:30:00,326009.73388666357,326022.09311735403
2023-07-07 00:30:00,326015.9641960086,326022.01883719873
2023-07-07 04:30:00,326060.3635110267,326022.1822439309
2023-07-07 08:30:00,326051.58673286473,326022.51675595716
2023-07-07 12:30:00,326006.2721255477,326022.50048940006
2023-07-07 16:30:00,326013.26153340796,326022.5110667706
2023-07-07 20:30:00,326028.25338340166,326022.65624031227
2023-07-08 00:30:00,326055.0053316094,326022.81482376996
2023-07-08 04:30:00,326037.7198889151,326022.6916879325
2023-07-08 08:30:00,326006.18416681845,326022.7465460941
2023-07-08 12:30:00,326006.2837600294,326022.7588524878
2023-07-08 16:30:00,326052.9218907709,326022.9867906901
2023-07-08 20:30:00,326029.3874027824,326023.0841827341
2023-07-09 00:30:00,326010.23177476035,326023.0606370925
2023-07-09 04:30:00,326034.462666873,326023.0440491148
2023-07-09 08:30:00,326043.2150350098,326023.1052763088
2023-07-09 12:30:00,326024.6880446443,326023.1312137064
2023-07-09 16:30:00,326020.3670262844,326023.1234464511
2023-07-09 20:30:00,326037.4015070043,326023.22443547496
2023-07-10 00:30:00,326023.4842702334,326023.28394317976
2023-07-10 04:30:00,326029.7383092742,326023.2299808798
2023-07-10 08:30:00,326038.64404942153,326023.26433300576
2023-07-10 12:30:00,326009.512409058,326023.17149979476
2023-07-10 16:30:00,326013.07851798006,326023.1427152315
2023-07-10 20:30:00,326013.508679586,326023.0920610792
2023-07-11 00:30:00,326026.64242060354,326023.01223624893
2023-07-11 04:30:00,326016.6915134979,326022.9200971515
2023-07-11 08:30:00,326027.8082088583,326022.82536488323
2023-07-11 12:30:00,326020.1770153587,326022.7970288561
2023-07-11 16:30:00,326022.7968764894,326022.77306781814
2023-07-11 20:30:00,326037.2984037638,326022.94527898973
2023-07-12 00:30:00,326016.27780917624,326022.91932292446
2023-07-12 04:30:00,325991.048259155,326022.6424242932
2023-07-12 08:30:00,326014.7242070755,326022.5335523356
2023-07-12 12:30:00,326022.3909903741,326022.5522576991
2023-07-12 16:30:00,326027.41829859663,326022.4978165275
2023-07-12 20:30:00,326030.5814259094,326022.4929256546
2023-07-13 00:30:00,326022.5001958673,326022.5335766167
2023-07-13 04:30:00,326008.18997307436,326022.4167750403
2023-07-13 08:30:00,326019.55027686874,326022.4079830181
2023-07-13 12:30:00,326021.5013697361,326022.3823444058
2023-07-13 16:30:00,326019.08839986584,326022.2227697016
2023-07-13 20:30:00,326022.47009707213,326022.1268415475
2023-07-14 00:30:00,326027.68528765236,326022.1850947541
2023-07-14 04:30:00,326014.55417244066,326022.0800154841
2023-07-14 08:30:00,326000.36014644697,326022.06336882967
2023-07-14 12:30:00,326016.4493981699,326022.10569655633
2023-07-14 16:30:00,326024.7134174422,326022.10041957727
2023-07-14 20:30:00,326030.59392111347,326022.15062737203
2023-07-15 00:30:00,326038.790377231,326022.22716727015
2023-07-15 04:30:00,326012.6872583439,326022.14082288835
2023-07-15 08:30:00,325985.923887812,326021.9902235815
2023-07-15 12:30:00,326009.351193291,326021.93659669295
2023-07-15 16:30:00,326012.4778121058,326021.9398959032
2023-07-15 20:30:00,326005.03426657675,326021.74568196177
2023-07-16 00:30:00,326041.90344348334,326021.90811559604
2023-07-16 04:30:00,326030.10012087325,326021.94934618694
2023-07-16 08:30:00,325994.62741221813,326021.7636717454
2023-07-16 12:30:00,326015.73132880323,326021.7723551347
2023-07-16 16:30:00,326007.83484773355,326021.7791690222
2023-07-16 20:30:00,326013.33546591876,326021.7996771806
2023-07-17 00:30:00,326035.3323745844,326021.92724625306
2023-07-17 04:30:00,326015.16062128346,326021.8818199082
2023-07-17 08:30:00,325964.3345826985,326021.657463268
2023-07-17 12:30:00,325997.0526033188,326021.59914003697
2023-07-17 16:30:00,326034.4179374982,326021.6317347888
2023-07-17 20:30:00,326007.79173958,326021.41067391634
2023-07-18 00:30:00,326030.4131475769,326021.31736769166
2023-07-18 04:30:00,326033.85310860875,326021.50896007364
2023-07-18 08:30:00,326019.84369718574,326021.688844602
2023-07-18 12:30:00,326009.0644073868,326021.8019772817
2023-07-18 16:30:00,326019.53001821594,326021.8796136433
2023-07-18 20:30:00,326017.13620895654,326021.9111452116
2023-07-19 00:30:00,326044.5395177383,326021.8823486885
2023-07-19 04:30:00,326030.73733260337,326021.8441993981
2023-07-19 08:30:00,325981.61888983095,326021.7006390432
2023-07-19 12:30:00,326001.16598023335,326021.72875985276
2023-07-19 16:30:00,326024.9552243161,326021.78542457125
2023-07-19 20:30:00,326006.61090210424,326021.74403264595
2023-07-20 00:30:00,326038.7312786265,326021.73022387986
2023-07-20 04:30:00,326038.13011988427,326021.843396183
2023-07-20 08:30:00,326002.13063340186,326021.6834458004
2023-07-20 12:30:00,326003.72180458624,326021.5571771818
2023-07-20 16:30:00,326025.61016300204,326021.57878219435
2023-07-20 20:30:00,326011.38710099494,326021.61864603666
2023-07-21 00:30:00,326040.2588111926,326021.5907310712
2023-07-21 04:30:00,326048.3723903845,326021.5852255915
2023-07-21 08:30:00,326005.76948661223,326021.606746857
2023-07-21 12:30:00,325977.2671006354,326021.40193946235
2023-07-21 16:30:00,326020.72712241544,326021.40324700525
2023-07-21 20:30:00,326015.28239480924,326021.3735883521
2023-07-22 00:30:00,326008.6506974844,326021.2078702747
2023-07-22 04:30:00,326043.9666172941,326021.3712913921
2023-07-22 08:30:00,326033.6916437798,326021.5653583831
2023-07-22 12:30:00,326000.1521645113,326021.4746642046
2023-07-22 16:30:00,326028.6250602183,326021.5190478403
2023-07-22 20:30:00,326040.33002478286,326021.67403845006
2023-07-23 00:30:00,326025.0323629085,326021.75555827277
2023-07-23 04:30:00,326035.20392224257,326021.6772507825
2023-07-23 08:30:00,326030.117588512,326021.694745942
2023-07-23 12:30:00,326026.9444776369,326021.79264368344
2023-07-23 16:30:00,326040.33674902155,326021.9238708626
2023-07-23 20:30:00,326041.47824796155,326022.02854283614
2023-07-24 00:30:00,326027.52282770537,326022.0284392377
2023-07-24 04:30:00,326039.8609358141,326022.04821206845
2023-07-24 08:30:00,326040.64299641876,326022.1270543312
2023-07-24 12:30:00,326003.12335769506,326022.0159154033
2023-07-24 16:30:00,326020.1976093503,326021.9869797294
2023-07-24 20:30:00,326028.1737668616,326022.04481410846
2023-07-25 00:30:00,326038.85226974764,326022.12262400443
2023-07-25 04:30:00,326019.9149494411,326021.99008545204
2023-07-25 08:30:00,326015.90226205543,326021.88466074265
2023-07-25 12:30:00,326030.18204706593,326022.0064218315
2023-07-25 16:30:00,326023.6050960372,326022.0269630957
2023-07-25 20:30:00,326046.3614631918,326022.06877656543
2023-07-26 00:30:00,326045.5855962853,326022.130725099
2023-07-26 04:30:00,326046.6780943556,326022.18500751344
2023-07-26 08:30:00,326034.6109280127,326022.219542887
2023-07-26 12:30:00,326039.71792848845,326022.4039598007
2023-07-26 16:30:00,326043.72303815774,326022.46658661455
2023-07-26 20:30:00,326060.518255074,326022.56703803246
2023-07-27 00:30:00,326041.038446624,326022.7226105315
2023-07-27 04:30:00,326034.0833420835,326022.7916464262
2023-07-27 08:30:00,326018.11745154014,326022.67416654725
2023-07-27 12:30:00,326039.23094169685,326022.77936981176
2023-07-27 16:30:00,326044.35607490875,326022.9802465564
2023-07-27 20:30:00,326039.42787902406,326022.9720592024
2023-07-28 00:30:00,326024.9326046347,326022.96010008134
2023-07-28 04:30:00,326007.64296202356,326022.96298414224
2023-07-28 08:30:00,326014.495286547,326022.914757376
2023-07-28 12:30:00,326023.55989964574,326022.905220126
2023-07-28 16:30:00,326018.82125519903,326022.82291346794
2023-07-28 20:30:00,326042.4348817836,326022.83757938724
2023-07-29 00:30:00,326021.6047527377,326022.7923863268
2023-07-29 04:30:00,325993.19365718093,326022.6787872905
2023-07-29 08:30:00,326000.70520255005,326022.5899937585
2023-07-29 12:30:00,326013.0575454562,326022.58697442734
2023-07-29 16:30:00,326021.94403418363,326022.6399172081
2023-07-29 20:30:00,326038.3718157547,326022.7057439876
2023-07-30 00:30:00,326034.8432058403,326022.6706833724
2023-07-30 04:30:00,326011.8892176675,326022.7613107736
2023-07-30 08:30:00,325993.44491663494,326022.72697937564
2023-07-30 12:30:00,326019.2880630145,326022.71046049043
2023-07-30 16:30:00,326029.3946440206,326022.7132659161
2023-07-30 20:30:00,326034.43825234496,326022.7456144442
2023-07-31 00:30:00,326040.73358719336,326022.7857088347
2023-07-31 04:30:00,326015.1870277034,326022.8046391788
2023-07-31 08:30:00,325966.2750736559,326022.71094997955
2023-07-31 12:30:00,326021.29736470856,326022.8090710604
2023-07-31 16:30:00,326014.7277406509,326022.7868873701
2023-07-31 20:30:00,326019.6614019849,326022.5926430664
2023-08-01 00:30:00,326052.6696672568,326022.54930251034
2023-08-01 04:30:00,326017.6037927996,326022.49637179484
2023-08-01 08:30:00,325971.520978009,326022.3542399739
2023-08-01 12:30:00,326027.1790362727,326022.34324264835
2023-08-01 16:30:00,326023.2372958179,326022.2572800695
2023-08-01 20:30:00,326003.8118702484,326022.03110595455
2023-08-02 00:30:00,326047.8538082053,326021.97198076145
2023-08-02 04:30:00,326044.63424625044,326022.04631146614
2023-08-02 08:30:00,325976.55523942615,326021.9401891053
2023-08-02 12:30:00,326008.6822765341,326021.91394496895
2023-08-02 16:30:00,326018.40951636975,326021.9491629232
2023-08-02 20:30:00,326001.0953509242,326021.7532407618
2023-08-03 00:30:00,326046.2857240637,326021.67029518966
2023-08-03 04:30:00,326045.2608224652,326021.9035622647
2023-08-03 08:30:00,326012.1058945836,326022.0900567693
2023-08-03 12:30:00,326025.203799174,326022.20013115194
2023-08-03 16:30:00,326026.4423301193,326022.1042146719
2023-08-03 20:30:00,326007.61660352926,326022.09072768514
2023-08-04 00:30:00,326033.15013324155,326021.9525908961
2023-08-04 04:30:00,326036.8962811883,326021.90268052416
2023-08-04 08:30:00,325993.83132705756,326021.96987027774
2023-08-04 12:30:00,326012.6097660997,326022.0002477445
2023-08-04 16:30:00,326025.6993061496,326022.1123704451
2023-08-04 20:30:00,326007.83806644776,326022.1743549107
2023-08-05 00:30:00,326010.34493834537,326022.0778070292
2023-08-05 04:30:00,326049.7135063992,326022.04368412524
2023-08-05 08:30:00,326013.91084150574,326022.1059626555
2023-08-05 12:30:00,326009.5836845798,326022.1940527659
2023-08-05 16:30:00,326018.9348704908,326022.1561598883
2023-08-05 20:30:00,326035.88217814366,326022.30142817437
2023-08-06 00:30:00,326031.63301779225,326022.38847718417
2023-08-06 04:30:00,326032.5246862108,326022.2338170464
2023-08-06 08:30:00,326030.8592732068,326022.11866449274
2023-08-06 12:30:00,326035.2731659594,326022.2797813839
2023-08-06 16:30:00,326017.51339895197,326022.3034028592
2023-08-06 20:30:00,326016.44614084286,326022.23780706717
2023-08-07 00:30:00,326033.1604973721,326022.1164468769
2023-08-07 04:30:00,326031.59625014826,326022.08242666157
2023-08-07 08:30:00,326012.7565788071,326022.1189400615
2023-08-07 12:30:00,326010.6069055599,326022.1429575367
2023-08-07 16:30:00,326028.7242631776,326022.00852627226
2023-08-07 20:30:00,326026.1644788139,326021.9906211391
2023-08-08 00:30:00,326010.4852058023,326021.9920290893
2023-08-08 04:30:00,326016.2795951299,326021.8910120241
2023-08-08 08:30:00,326025.12380710023,326021.79050520237
2023-08-08 12:30:00,326012.4630580572,326021.72258861025
2023-08-08 16:30:00,326016.9361198505,326021.70352801896
2023-08-08 20:30:00,326035.11014588946,326021.69079823495
2023-08-09 00:30:00,326009.03499305976,326021.6105244729
2023-08-09 04:30:00,325994.5114931535,326021.4148199389
2023-08-09 08:30:00,326014.5625884101,326021.28103404446
2023-08-09 12:30:00,325990.00646099023,326021.1726676662
2023-08-09 16:30:00,326020.78847129166,326021.2155007402
2023-08-09 20:30:00,326040.9109582865,326021.36773562187
2023-08-10 00:30:00,326023.8587167992,326021.3522706007
2023-08-10 04:30:00,326013.2957100773,326021.3334050261
2023-08-10 08:30:00,326023.5921905795,326021.30998270237
2023-08-10 12:30:00,326014.2317176379,326021.27695327054
2023-08-10 16:30:00,326016.70564605785,326021.2431131015
2023-08-10 20:30:00,326030.90974980727,326021.2076205796
2023-08-11 00:30:00,326019.70546957507,326021.2266631373
2023-08-11 04:30:00,326006.6919743843,326021.3135726664
2023-08-11 08:30:00,326012.4235441011,326021.3007912054
2023-08-11 12:30:00,326013.0689261927,326021.2490019599
2023-08-11 16:30:00,326026.41285811487,326021.24341617955
2023-08-11 20:30:00,326032.07163417153,326021.2516951143
2023-08-12 00:30:00,326030.5300972529,326021.29630567756
2023-08-12 04:30:00,325985.9537797146,326021.17277127
2023-08-12 08:30:00,326004.7556858441,326021.0905790976
2023-08-12 12:30:00,326025.48582534416,326021.1127149621
2023-08-12 16:30:00,326006.05200325244,326021.0402905365
2023-08-12 20:30:00,326013.32492326124,326020.9894840153
2023-08-13 00:30:00,326045.00840693904,326021.08572356694
2023-08-13 04:30:00,326025.1531289791,326021.1446066588
2023-08-13 08:30:00,326011.9429358823,326021.208955489
2023-08-13 12:30:00,326011.58072870306,326021.1819073253
2023-08-13 16:30:00,326011.8443175603,326021.11041232594
2023-08-13 20:30:00,326033.2708545389,326021.1252841783
2023-08-14 00:30:00,326043.88290195755,326021.1535759823
2023-08-14 04:30:00,326020.2644067052,326021.19567125104
2023-08-14 08:30:00,326001.3719864427,326021.2814940212
2023-08-14 12:30:00,326026.1262839183,326021.37468896917
2023-08-14 16:30:00,326019.11889539653,326021.41158387624
2023-08-14 20:30:00,326022.93850471545,326021.5110518659
2023-08-15 00:30:00,326041.18850226555,326021.50707997027
2023-08-15 04:30:00,326034.598546484,326021.5320712237
2023-08-15 08:30:00,326017.0520719361,326021.6566526665
2023-08-15 12:30:00,326034.72135182377,326021.76215279446
2023-08-15 16:30:00,326036.067858021,326021.9190028516
2023-08-15 20:30:00,326032.88745929557,326022.027625037
2023-08-16 00:30:00,326044.1807599734,326022.07678273367
2023-08-16 04:30:00,326028.4563317286,326022.1506477917
2023-08-16 08:30:00,326008.8270698397,326022.3978282758
2023-08-16 12:30:00,326027.3503573791,326022.5661491317
2023-08-16 16:30:00,326021.19702799246,326022.4926996344
2023-08-16 20:30:00,326013.6085324163,326022.5250151502
2023-08-17 00:30:00,326037.3891532062,326022.56377073703
2023-08-17 04:30:00,326028.9221039482,326022.5363762666
2023-08-17 08:30:00,326010.52528275334,326022.48460729764
2023-08-17 12:30:00,326023.92309392727,326022.5671555562
2023-08-17 16:30:00,326032.02389892476,326022.6365660046
2023-08-17 20:30:00,326018.9949918566,326022.64689257625
2023-08-18 00:30:00,326023.4818702839,326022.5299056459
2023-08-18 04:30:00,326045.3296071731,326022.61097383796
2023-08-18 08:30:00,326022.58859625494,326022.8385833181
2023-08-18 12:30:00,326024.3842646266,326022.96757378697
2023-08-18 16:30:00,326032.73619734956,326023.0108014149
2023-08-18 20:30:00,326015.31103712926,326023.0591354984
2023-08-19 00:30:00,326036.24533665314,326023.0453247096
2023-08-19 04:30:00,326047.17425603786,326023.0955699105
2023-08-19 08:30:00,326017.419864742,326023.18051008455
2023-08-19 12:30:00,326023.0972392261,326023.28815138823
2023-08-19 16:30:00,326043.71565217077,326023.38873743906
2023-08-19 20:30:00,326028.8043836302,326023.48550012044
2023-08-20 00:30:00,326033.10429670656,326023.44575281773
2023-08-20 04:30:00,326032.73947455856,326023.3589032853
2023-08-20 08:30:00,326021.86554425745,326023.4483258278
2023-08-20 12:30:00,326016.3275926547,326023.66532856127
2023-08-20 16:30:00,326027.0672825961,326023.7005516734
2023-08-20 20:30:00,326022.1846016635,326023.73889726703
2023-08-21 00:30:00,326027.5262726256,326023.8437615733
2023-08-21 04:30:00,326025.9958319033,326023.74392387667
2023-08-21 08:30:00,326013.7838456019,326023.63332499797
2023-08-21 12:30:00,326018.1358139804,326023.7332341617
2023-08-21 16:30:00,326030.59459525225,326023.744176023
2023-08-21 20:30:00,326029.2577370732,326023.6826633135
2023-08-22 00:30:00,326001.448319749,326023.5516408515
2023-08-22 04:30:00,326017.7471444696,326023.4546587528
2023-08-22 08:30:00,326039.5471115363,326023.50704499177
2023-08-22 12:30:00,326030.2287424792,326023.5252909076
2023-08-22 16:30:00,326027.97987044073,326023.45664158213
2023-08-22 20:30:00,326024.51417467016,326023.3623967305
2023-08-23 00:30:00,326018.46696320164,326023.31208637217
2023-08-23 04:30:00,326012.4603995872,326023.1598611708
2023-08-23 08:30:00,326021.13774111087,326023.05149864143
2023-08-23 12:30:00,326025.1936435742,326023.1741113407
2023-08-23 16:30:00,326020.0360519263,326023.1732137995
2023-08-23 20:30:00,326021.5988436038,326023.13668644807
2023-08-24 00:30:00,326020.96461703343,326023.0373105996
2023-08-24 04:30:00,326005.5671040834,326022.95760034764
2023-08-24 08:30:00,326021.9805555851,326022.9913686451
2023-08-24 12:30:00,326023.29902177816,326022.95312961563
2023-08-24 16:30:00,326030.00814597995,326022.9887021153
2023-08-24 20:30:00,326023.15687209886,326022.8597877204
2023-08-25 00:30:00,326024.9572553685,326022.7451858264
2023-08-25 04:30:00,326003.7877066702,326022.5069058948
2023-08-25 08:30:00,326025.515808393,326022.4563774525
2023-08-25 12:30:00,326023.9785524633,326022.3689364746
2023-08-25 16:30:00,326025.26805408736,326022.26640878525
2023-08-25 20:30:00,326037.9729008645,326022.1411568174
2023-08-26 00:30:00,326019.6197064781,326022.02216381667
2023-08-26 04:30:00,325998.3514336577,326021.82365321426
2023-08-26 12:30:00,326018.6220646123,326021.72922485997
2023-08-26 16:30:00,326023.0522796057,326021.6102092438
2023-08-26 20:30:00,326032.4853588802,326021.57142421504
2023-08-27 00:30:00,326028.3442996367,326021.5904839637
2023-08-27 04:30:00,325976.72799390205,326021.4177746445
2023-08-27 08:30:00,325993.5711216438,326021.3008798686
2023-08-27 12:30:00,326014.9601041025,326021.25283631805
2023-08-27 16:30:00,326006.80870714766,326021.18572711106
2023-08-27 20:30:00,326054.7781123561,326021.25468370644
2023-08-28 00:30:00,326045.95861413935,326021.39073879813
2023-08-28 04:30:00,325999.3427443498,326021.4250912403
2023-08-28 08:30:00,325983.5415095514,326021.3292046873
2023-08-28 12:30:00,326027.5482746861,326021.41015848186
2023-08-28 16:30:00,326019.4004506262,326021.3959485179
2023-08-28 20:30:00,326031.382720025,326021.3569032903
2023-08-29 00:30:00,326039.53172745043,326021.3830961485
2023-08-29 04:30:00,326021.9146584122,326021.4391041973
2023-08-29 08:30:00,326008.08286658814,326021.52088045405
2023-08-29 12:30:00,326021.9260310975,326021.5356177059
2023-08-29 16:30:00,326015.8349495396,326021.4598652228
2023-08-29 20:30:00,326033.5403159766,326021.4548488185
2023-08-30 00:30:00,326043.22724066826,326021.46877984353
2023-08-30 04:30:00,326013.90953311836,326021.4616430022
2023-08-30 08:30:00,325987.44320211327,326021.5799007031
2023-08-30 12:30:00,326016.20681924914,326021.5514619017
2023-08-30 16:30:00,326015.35707846395,326021.5549777554
2023-08-30 20:30:00,326005.22369425173,326021.4743201703
2023-08-31 00:30:00,326040.73646493885,326021.4076542355
2023-08-31 04:30:00,326041.2152829724,326021.5395620019
2023-08-31 08:30:00,325995.29422279634,326021.6723734253
2023-08-31 12:30:00,326007.17865566135,326021.56063945533
2023-08-31 16:30:00,326011.1709088484,326021.49322947225
2023-08-31 20:30:00,326000.73851381906,326021.47605988325
2023-09-01 00:30:00,326026.1734647377,326021.3549406461
2023-09-01 04:30:00,326032.2527048387,326021.2857700236
2023-09-01 08:30:00,326027.80786861887,326021.57209756103
2023-09-01 12:30:00,326036.1480414899,326021.72553758865
2023-09-01 16:30:00,326029.6400771126,326021.7882781515
2023-09-01 20:30:00,326016.1602041974,326021.872439343
2023-09-02 00:30:00,326029.9463492104,326021.7811579192
2023-09-02 04:30:00,326038.0306419805,326021.7407658495
2023-09-02 08:30:00,326021.72065884527,326021.79447961634
2023-09-02 12:30:00,326024.23303153494,326021.78905633336
2023-09-02 16:30:00,326013.11100377195,326021.71457964985
2023-09-02 20:30:00,326016.62397985935,326021.7649001881
2023-09-03 00:30:00,326018.71046863066,326021.68423167063
2023-09-03 04:30:00,326032.5644322724,326021.66003139736
2023-09-03 08:30:00,326017.979525948,326021.79493753647
2023-09-03 08:30:00,326017.979525948,326021.77374080534
2023-09-03 12:30:00,326014.0496339845,326021.7817400714
2023-09-03 12:30:00,326014.0496339845,326021.7390212533
2023-09-03 16:30:00,326032.43856241734,326021.77625471324
2023-09-03 16:30:00,326032.43856241734,326021.83483882155
2023-09-03 20:30:00,326025.1719697302,326021.93008004845
2023-09-05 00:30:01,326007.6927818614,326021.75547905354
2023-09-06 04:30:00,326022.44839881605,326021.4943488208
2023-09-06 08:30:00,326024.41159648495,326021.5629077484
2023-09-06 12:30:00,326008.59960557177,326021.5511001014
2023-09-06 16:30:00,326014.18856052554,326021.46559596807
2023-09-06 20:30:00,326034.2697058929,326021.51327377436
2023-09-07 00:30:00,326003.09653184726,326021.4698109865
2023-09-07 04:30:00,326021.90901239176,326021.5029252057
2023-09-07 08:30:00,326041.15017974924,326021.597197986
2023-09-07 12:30:00,326028.1137174512,326021.6892606882
2023-09-07 16:30:00,326022.8752885461,326021.7241969747
2023-09-07 20:30:00,326031.9738441617,326021.70574814104
2023-09-08 00:30:00,326028.9290015063,326021.8227717201
2023-09-08 04:30:00,326011.2364203549,326021.92115364486
2023-09-08 08:30:00,326023.7141572377,326021.97498640267
2023-09-08 12:30:00,326029.50656461273,326022.20733995334
2023-09-08 16:30:00,326025.1166971601,326022.2328001055
2023-09-08 20:30:00,326024.6874601235,326022.1373677634
2023-09-09 00:30:00,326002.3652899255,326022.0109358406
2023-09-09 04:30:00,326012.27934346546,326022.0049572135
2023-09-09 08:30:00,326027.0511499257,326022.02530403313
2023-09-09 12:30:00,326027.0476021553,326022.1006915891
2023-09-09 16:30:00,326011.4986254806,326022.07006205636
2023-09-09 20:30:00,326019.455993116,326022.00268701697
2023-09-10 00:30:00,326034.9974570724,326022.09263988456
2023-09-10 04:30:00,326015.7095853244,326022.1456846548
2023-09-10 08:30:00,326000.87146357837,326022.0777312401
2023-09-10 12:30:00,326017.1464450149,326022.10171664483
2023-09-10 16:30:00,326020.2138776006,326022.0652520536
2023-09-10 20:30:00,326028.5646281561,326022.0446226064
2023-09-11 00:30:00,326030.383656323,326022.0437611892
2023-09-11 04:30:00,326019.76655324496,326022.242659857
2023-09-11 08:30:00,326024.02235124295,326022.3559931829
2023-09-11 12:30:00,326034.90345006937,326022.4113909754
2023-09-11 16:30:00,326011.0389847983,326022.440726161
2023-09-11 20:30:00,326022.457587333,326022.4944477143
2023-09-12 00:30:00,326038.5760638361,326022.4566104019
2023-09-12 04:30:00,326021.0332156144,326022.43237561744
2023-09-12 08:30:00,326006.5554570128,326022.40068456525
2023-09-12 12:30:00,326014.6886125756,326022.41896623507
2023-09-12 16:30:00,326019.9174583602,326022.46645529865
2023-09-12 20:30:00,326026.36603922717,326022.425838738
2023-09-13 00:30:00,326021.4825471944,326022.29407194525
2023-09-13 04:30:00,326017.056842379,326022.2752039198
2023-09-13 08:30:00,326022.3217690428,326022.3984379351
2023-09-13 12:30:00,326038.6025286494,326022.47182761
2023-09-13 16:30:00,326020.6528418567,326022.48085082445
2023-09-13 20:30:00,326017.3238786419,326022.4478236123
2023-09-14 00:30:00,326029.150799143,326022.3770135939
2023-09-14 04:30:00,326028.75326473615,326022.3426295836
2023-09-14 08:30:00,326015.9081153301,326022.33590042713
2023-09-14 12:30:00,326016.2094729834,326022.2270070222
2023-09-14 16:30:00,326018.54986764415,326022.12396001996
2023-09-14 20:30:00,326010.28940215,326021.99103027204
2023-09-15 00:30:00,326022.61654423416,326021.86418194417
2023-09-15 04:30:00,326026.38175311685,326021.8519785406
2023-09-15 08:30:00,326007.7220098717,326021.8454781878
2023-09-15 12:30:00,326026.745222545,326021.84191857115
2023-09-15 16:30:00,326022.0880055635,326021.8471596157
2023-09-15 20:30:00,326019.37657514884,326021.8810892788
2023-09-16 00:30:00,326020.5822588593,326021.78222519445
2023-09-16 04:30:00,326031.561511974,326021.797751124
2023-09-16 08:30:00,326013.0381278648,326021.8125325658
2023-09-16 12:30:00,326017.43268999085,326021.77435371914
2023-09-16 16:30:00,326021.6369110389,326021.71325379034
2023-09-16 20:30:00,326004.668217683,326021.62897864816
2023-09-17 00:30:02,326024.5597531623,326021.63531913573
2023-09-17 08:30:00,326017.3508645679,326021.4641237527
2023-09-17 12:30:00,326035.4601497453,326021.52966153447
2023-09-17 16:30:00,326052.9748652267,326021.6494169657
2023-09-17 20:30:00,326015.8472693601,326021.6525899375
2023-09-18 00:30:00,326020.4800730675,326021.5593043542
2023-09-18 04:30:00,326040.7807897877,326021.52147319296
2023-09-18 08:30:00,326018.8641829638,326021.5300194546
2023-09-18 12:30:00,326009.95536815404,326021.4522569038
2023-09-18 16:30:00,326030.98912148434,326021.37695198855
2023-09-18 20:30:00,326023.9232243124,326021.348069389
2023-09-19 00:30:00,326009.80111135816,326021.21018071834
2023-09-19 04:30:00,326014.4296623832,326021.1018386345
2023-09-19 08:30:00,326021.32203872374,326021.0986226254
2023-09-19 12:30:00,326018.6664164001,326021.11246181914
2023-09-19 16:30:00,326023.9449771741,326021.09398663905
2023-09-19 20:30:00,326018.1073036265,326021.06986061524
2023-09-20 00:30:00,326032.73094217415,326021.10065747646
2023-09-20 04:30:00,326046.19846933795,326021.2201997098
2023-09-20 08:30:00,326048.0196554395,326021.4227784663
2023-09-20 12:30:00,326032.7343917449,326021.5091605832
2023-09-20 16:30:00,326025.61948690773,326021.4797220723
2023-09-20 20:30:00,326006.29808659555,326021.3438661523
2023-09-21 00:30:00,326020.4659029499,326021.4563962304
2023-09-21 04:30:00,326049.36994208937,326021.6435133761
2023-09-21 08:30:00,326033.20804973645,326021.6060041347
2023-09-21 12:30:00,326024.94867919147,326021.57476115663
2023-09-21 16:30:00,326030.1332443286,326021.58750301396
2023-09-21 20:30:00,326019.3325397946,326021.55684245256
2023-09-22 00:30:00,326011.0856713302,326021.5131661693
2023-09-22 04:30:00,326014.2264988902,326021.5236164611
2023-09-22 08:30:00,326035.07869274827,326021.6061072991
2023-09-22 12:30:00,326029.6562946083,326021.6325135183
2023-09-22 16:30:00,326029.4046350178,326021.6879489212
2023-09-22 20:30:00,326025.4094277903,326021.7104967566
2023-09-23 00:30:00,326008.7582473659,326021.63826971716
2023-09-23 04:30:00,326030.67668263346,326021.786847105
2023-09-23 08:30:00,326015.3798385706,326021.74778960785
2023-09-23 12:30:00,326032.0068197511,326021.7993150397
2023-09-23 16:30:00,326025.8811323563,326021.7748948407
2023-09-23 20:30:00,326013.0932691179,326021.7153468941
2023-09-24 00:30:00,326001.780617072,326021.5782070225
2023-09-24 04:30:00,326019.097830151,326021.6687994692
2023-09-24 08:30:00,326030.96379937674,326021.7010361022
2023-09-24 12:30:00,326012.82755234954,326021.6350538529
2023-09-24 16:30:00,326029.35121287144,326021.65921455587
2023-09-24 20:30:00,326031.8242835917,326021.62283220515
2023-09-25 00:30:00,326014.73480314604,326021.5939274517
2023-09-25 04:30:00,326001.0818124515,326021.6100835392
2023-09-25 08:30:00,326021.4414883327,326021.60909180273
2023-09-25 12:30:00,326035.39237669494,326021.7077406973
2023-09-25 16:30:00,326021.6191050755,326021.69931025896
2023-09-25 20:30:00,326021.44783459214,326021.6343836455
2023-09-26 00:30:00,326022.6957540627,326021.60115690675
2023-09-26 04:30:00,326018.05961427954,326021.8442840855
2023-09-26 08:30:00,326021.8620861203,326022.01070152357
2023-09-26 12:30:00,326030.9052885352,326022.1044967261
2023-09-26 16:30:00,326022.41259670816,326022.1962843117
2023-09-26 20:30:00,326049.5488735435,326022.1655240834
2023-09-27 00:30:00,326036.99948643,326022.11282333225
2023-09-27 04:30:00,326010.019936454,326022.1756303446
2023-09-27 08:30:00,326004.2741237691,326022.2975868988
2023-09-27 12:30:00,325997.99965209735,326022.1237714718
2023-09-27 16:30:00,325997.47744781774,326021.99481263175
2023-09-27 20:30:00,326021.5318957049,326021.9368666064
2023-09-28 00:30:00,326025.04662469414,326021.85166011966
2023-09-28 04:30:00,326022.2307350763,326021.85351939406
2023-09-28 08:30:00,326014.1882118333,326021.8894331896
2023-09-28 12:30:00,326020.96429258684,326021.88377590425
2023-09-28 16:30:00,326031.8805839531,326021.9781619891
2023-09-28 20:30:00,326020.35621863574,326021.90060847526
2023-09-29 00:30:00,326038.1975015209,326021.8710217744
2023-09-29 04:30:00,326044.45364171785,326022.0506930014
2023-09-29 08:30:00,325979.7025290922,326022.0051596308
2023-09-29 12:30:00,326003.9701610857,326021.93317928864
2023-09-29 16:30:00,326014.01155126374,326021.9252644227
2023-09-29 20:30:00,326017.532573228,326021.99766959314
2023-09-30 00:30:00,326015.076834662,326021.84673059155
2023-09-30 04:30:00,326021.98878260225,326021.7336335305
2023-09-30 08:30:00,326014.0955077194,326021.84422932426
2023-09-30 12:30:00,326014.22214186843,326021.885661596
2023-09-30 16:30:00,326008.1570562336,326021.86793305125
2023-09-30 20:30:00,326004.77807862,326021.8916951971
2023-10-01 00:30:00,326024.94981435675,326021.88449725363
2023-10-01 04:30:00,326037.79486056254,326021.91709816974
2023-10-01 08:30:00,326025.5608314566,326021.9038803041
2023-10-01 12:30:00,326018.6837651621,326021.8011492669
2023-10-01 16:30:00,326036.4852028646,326021.8414147125
2023-10-01 20:30:00,326015.33000800636,326021.8365312054
2023-10-02 00:30:00,326010.768469699,326021.7237201495
2023-10-02 04:30:00,326040.56674256263,326021.73863838817
2023-10-02 08:30:00,326034.7559590274,326021.8153166246
2023-10-02 12:30:00,326024.2356362328,326021.81533194636
2023-10-02 16:30:00,326040.0188915168,326021.973613639
2023-10-02 20:30:00,325997.8939043461,326021.8634367242
2023-10-03 00:30:00,326009.9580557918,326021.8119519428
2023-10-03 04:30:00,326032.26261307456,326021.8101765357
2023-10-03 08:30:00,326029.3740497293,326021.90026632487
2023-10-03 12:30:00,326031.4440941836,326022.0505347329
2023-10-03 16:30:00,326044.9002919477,326022.0629521092
2023-10-03 20:30:00,326019.17122674047,326022.0270195164
2023-10-04 00:30:00,325979.8447315718,326021.7759344691
2023-10-04 04:30:00,325997.9561594751,326021.63498905493
2023-10-04 08:30:00,326000.3339430227,326021.50968878414
2023-10-04 12:30:00,326002.7560112011,326021.400018155
2023-10-04 16:30:00,326023.49990135786,326021.41222677834
2023-10-04 20:30:00,325999.7215083195,326021.2868469028
2023-10-05 00:30:00,325995.8547385887,326021.1406853608
2023-10-05 04:30:00,326022.2869953967,326021.2245601512
2023-10-05 08:30:00,326038.6472190097,326021.3241182018
2023-10-05 12:30:00,326024.0518270965,326021.3396165478
2023-10-05 16:30:00,326042.65197240683,326021.460025338
2023-10-05 20:30:00,326037.00722403417,326021.5473691509
2023-10-06 00:30:00,325996.64881948434,326021.408271108
2023-10-06 04:30:00,326014.6247133316,326021.3645633679
2023-10-06 08:30:00,326039.9100731106,326021.4511470363
2023-10-06 12:30:00,326035.802622356,326021.603119197
2023-10-06 16:30:00,326035.91665408656,326021.7245051946
2023-10-06 20:30:00,326016.06615350523,326021.6228093712
2023-10-07 00:30:00,326008.33513611485,326021.6520753168
2023-10-07 04:30:00,326027.7802309614,326021.6848754206
2023-10-07 08:30:00,326037.60512986995,326021.66507067264
2023-10-07 12:30:00,326033.31750716735,326021.69414212357
2023-10-07 16:30:00,326029.6304420411,326021.7318804113
2023-10-07 20:30:00,326033.6944088607,326021.74149250455
2023-10-08 00:30:00,326028.8618245026,326021.74111721397
2023-10-08 04:30:00,326019.44686116965,326021.78698559845
2023-10-08 08:30:00,326022.4382074867,326021.77985738753
2023-10-08 12:30:00,326021.9796559577,326021.73780761857
2023-10-08 16:30:00,326008.7718027981,326021.64649535954
2023-10-08 20:30:00,326022.86001552426,326021.6362861718
2023-10-09 00:30:00,326012.11850003863,326021.6907733792
2023-10-09 04:30:00,325996.3521133995,326021.60179444024
2023-10-09 08:30:00,326027.6945944318,326021.6053891023
2023-10-09 12:30:00,326030.3195137461,326021.62366793805
2023-10-09 16:30:00,326011.8523841858,326021.6256442436
2023-10-09 20:30:00,326025.7375003037,326021.6607364625
2023-10-10 00:30:00,326031.50805683574,326021.6412426065
2023-10-10 04:30:00,326030.1182913267,326021.7217381708
2023-10-10 08:30:00,326019.6313237472,326021.8265418588
2023-10-10 12:30:00,326016.42378205253,326021.82250463555
2023-10-10 16:30:00,326024.8859644205,326021.8486056793
2023-10-10 20:30:00,326025.0891903934,326021.8291898258
2023-10-11 00:30:00,326031.3747561623,326021.83472669637
2023-10-11 04:30:00,326035.2627935814,326021.92129787157
2023-10-11 08:30:00,326034.7773775082,326021.9813818171
2023-10-11 12:30:00,326026.743737298,326021.9357968296
2023-10-11 16:30:00,326050.2503014501,326022.1548544645
2023-10-11 20:30:00,326028.45479150285,326022.1883583983
2023-10-12 00:30:00,326041.04373360844,326022.2021442631
2023-10-12 04:30:00,326033.6700644154,326022.27274118375
2023-10-12 08:30:00,326005.43102427415,326022.26645943656
2023-10-12 12:30:00,325999.7349230742,326022.1829192718
2023-10-12 16:30:00,326004.4490052428,326022.09650333255
2023-10-12 20:30:00,326005.1746883703,326021.97811589757
2023-10-13 00:30:00,326023.5777927303,326021.9898211799
2023-10-13 04:30:00,326043.0313128572,326022.13492995355
2023-10-13 08:30:00,326017.10872996843,326022.1058068303
2023-10-13 12:30:00,326012.93231689103,326021.962397826
2023-10-13 16:30:00,326025.67057328054,326021.9904298451
2023-10-13 20:30:00,326016.63603216177,326021.9865871273
2023-10-14 00:30:00,326025.94607374433,326021.96868363355
2023-10-14 04:30:00,326025.63988104125,326021.9512904285
2023-10-14 08:30:00,326014.49757667026,326021.9434103242
2023-10-14 12:30:00,326014.9777682301,326021.93652929214
2023-10-14 16:30:00,326018.43494999956,326021.9358872941
2023-10-14 20:30:00,326015.8518412581,326021.966962373
2023-10-15 00:30:00,326008.4336360442,326021.88772824896
2023-10-15 04:30:00,326022.45340227766,326021.8657821549
2023-10-15 08:30:00,326023.38188620633,326021.95326749753
2023-10-15 12:30:00,326021.7217159013,326021.9252032146
2023-10-15 16:30:00,326028.88007325144,326021.96314772684
2023-10-15 20:30:00,325998.0401286491,326021.84394970175
2023-10-16 00:30:00,326021.5520374137,326021.84936745896
2023-10-16 04:30:00,326041.9416124164,326021.90735684696
2023-10-16 08:30:00,326023.27371988515,326021.96453892527
2023-10-16 12:30:00,326015.33631558047,326021.9528273364
2023-10-16 16:30:00,326018.8443570837,326021.93722647626
2023-10-16 20:30:00,326003.24909304874,326021.9292984057
2023-10-17 00:30:00,326028.5706636724,326021.96619487944
2023-10-17 04:30:00,326041.9216875707,326022.0626500705
2023-10-17 08:30:00,326030.4913754165,326022.1356529086
2023-10-17 12:30:00,326028.1282738035,326022.09492026444
2023-10-17 16:30:00,326035.0414907615,326021.99529040634
2023-10-17 20:30:00,325977.23662310914,326021.78078681603
2023-10-18 00:30:00,325975.08369405847,326021.52858471044
2023-10-18 04:30:00,326035.73354703333,326021.5005444729
2023-10-18 08:30:00,326025.21296318213,326021.5358154741
2023-10-18 12:30:00,326022.29241839075,326021.60435464216
2023-10-18 16:30:00,326042.3091836121,326021.6672438762
2023-10-18 20:30:00,326009.3320269171,326021.5861816684
2023-10-19 00:30:00,326028.20164947177,326021.6884068802
2023-10-19 04:30:00,326053.9889650208,326021.9081807837
2023-10-19 08:30:00,326042.5755050107,326022.02625559643
2023-10-19 12:30:00,326022.0599748714,326022.04510869907
2023-10-19 16:30:00,326046.1486800353,326022.1684626039
2023-10-19 20:30:00,326003.77821135655,326022.0888565357
2023-10-20 00:30:00,325985.7376116244,326021.82778247714
2023-10-20 04:30:00,326038.71927269077,326021.78623138455
2023-10-20 08:30:00,326034.38533165073,326021.71048514126
2023-10-20 12:30:00,326037.59395285515,326021.737482703
2023-10-20 16:30:00,326025.11422142625,326021.73467567255
2023-10-20 20:30:00,326004.4621503067,326021.72447602655
2023-10-21 00:30:00,326027.2471607689,326021.7621496811
2023-10-21 04:30:00,326040.72347362974,326021.71411374514
2023-10-21 08:30:00,326025.4666147112,326021.67110577284
2023-10-21 12:30:00,326018.85954591125,326021.6372772546
2023-10-21 16:30:00,326041.2639449515,326021.69911448023
2023-10-21 20:30:00,326012.9474098255,326021.663641536
2023-10-22 00:30:00,325988.304669485,326021.53708041465
2023-10-22 04:30:00,326003.66138023813,326021.478385311
2023-10-22 08:30:00,326043.72935903305,326021.5264445682
2023-10-22 12:30:00,326040.6954784704,326021.5877733674
2023-10-22 16:30:00,326021.0025072135,326021.54109487956
2023-10-22 20:30:00,326001.6518274613,326021.4091082111
2023-10-23 00:30:00,326029.84179587365,326021.5262390361
2023-10-23 04:30:00,326025.78004460013,326021.4990354915
2023-10-23 08:30:00,326045.8599502881,326021.66836944554
2023-10-23 12:30:00,326047.7342274747,326021.7557439328
2023-10-23 16:30:00,326016.24749439035,326021.70222372195
2023-10-23 20:30:00,326016.3333302608,326021.72022406163
2023-10-24 00:30:00,325986.2834314241,326021.63412858575
2023-10-24 04:30:00,326007.6639941953,326021.5706072749
2023-10-24 08:30:00,326025.7490784259,326021.54163660295
2023-10-24 12:30:00,326026.93674329197,326021.6200209971
2023-10-24 16:30:00,326019.2436967919,326021.56386813
2023-10-24 20:30:00,326018.1485596137,326021.4878918857
2023-10-25 00:30:00,326022.06378528825,326021.5286084531
2023-10-25 04:30:00,325986.0548519463,326021.4451253392
2023-10-25 08:30:00,326019.7661683187,326021.43581800576
2023-10-25 12:30:00,326047.7853048812,326021.50466760685
2023-10-25 16:30:00,326016.86811397626,326021.4782732118
2023-10-25 20:30:00,326010.8946219751,326021.4196442528
2023-10-26 00:30:00,326015.5701373904,326021.3800574936
2023-10-26 04:30:00,326008.569151561,326021.32733270066
2023-10-26 08:30:00,326021.40301404666,326021.3247823002
2023-10-26 12:30:00,326031.0196724725,326021.3254177665
2023-10-26 16:30:00,326007.6227576024,326021.24325199384
2023-10-26 20:30:00,326025.4937699475,326021.10961252934
2023-10-27 00:30:00,326032.143746798,326021.082636198
2023-10-27 04:30:00,326020.9518657597,326021.14336913865
2023-10-27 08:30:00,326015.8656052909,326021.2077662582
2023-10-27 12:30:00,326040.07301394374,326021.44150715735
2023-10-27 16:30:00,326030.6562128276,326021.62583362963
2023-10-27 20:30:00,326001.8776289705,326021.51664325886
2023-10-28 00:30:00,326019.21984058287,326021.484272236
2023-10-28 04:30:00,326044.15123372327,326021.6060527841
2023-10-28 08:30:00,326021.75286301057,326021.648078624
2023-10-28 12:30:00,326025.395411628,326021.672695952
2023-10-28 16:30:00,325994.47799688985,326021.4649038016
2023-10-28 20:30:00,325999.11162780464,326021.34687829704
2023-10-29 00:30:00,326037.17007857875,326021.3411703917
2023-10-29 04:30:00,326021.3617144421,326021.21288190695
2023-10-29 08:30:00,326026.68777690385,326021.4739110615
2023-10-29 12:30:00,326051.30111821694,326021.73686082324
2023-10-29 16:30:00,326034.1402340194,326021.8486868385
2023-10-29 20:30:00,325992.3971535749,326021.70904561825
2023-10-30 00:30:00,325993.6730807119,326021.5901358741
2023-10-30 04:30:00,326046.09890500444,326021.72408099857
2023-10-30 08:30:00,326037.67494268663,326021.8550778595
2023-10-30 12:30:00,326024.3392592156,326021.91128406697
2023-10-30 16:30:00,326013.2615456606,326021.9396423416
2023-10-30 20:30:00,325991.33289433096,326021.86494687333
2023-10-31 00:30:00,326031.3392485487,326021.90044372994
2023-10-31 04:30:00,326044.72396719106,326021.9389387667
2023-10-31 08:30:00,326034.02329960425,326021.98595247866
2023-10-31 12:30:00,326032.76477224496,326022.0641802958
2023-10-31 16:30:00,326036.18624049233,326022.0625193937
2023-10-31 20:30:00,325986.7901798392,326021.9039647928
2023-11-01 00:30:00,325993.6137027967,326021.80866053223
2023-11-01 04:30:00,326037.9367685803,326021.7940495657
2023-11-01 08:30:00,326013.9596269858,326021.6785143877
2023-11-01 12:30:00,326034.4542775719,326021.7352846173
2023-11-01 16:30:00,326043.8702279811,326021.75668093096
2023-11-01 20:30:00,326006.47427544516,326021.8043496593
2023-11-02 00:30:00,325995.94561187713,326021.7265027487
2023-11-02 04:30:00,326018.5383740376,326021.6502569762
2023-11-02 08:30:00,326013.91359280725,326021.5643655489
2023-11-02 12:30:00,326007.48156801384,326021.43124040356
2023-11-02 16:30:00,326033.12823883625,326021.3658401084
2023-11-02 20:30:00,326017.7643739901,326021.35802425985
2023-11-03 00:30:00,326009.8619368502,326021.52478651144
2023-11-03 04:30:00,326034.351606867,326021.7269834414
2023-11-03 08:30:00,326031.70954069926,326021.9012923173
2023-11-03 12:30:00,326033.77109449764,326022.0735983357
2023-11-03 16:30:00,326041.6803309172,326022.17460072204
2023-11-03 20:30:00,326012.3601014899,326022.2448151286
2023-11-04 00:30:00,325993.7213226856,326022.232962818
2023-11-04 04:30:00,326011.2123720877,326022.171437133
2023-11-04 08:30:00,326033.52347125235,326022.14297186764
2023-11-04 12:30:00,326013.77480628196,326022.0858773076
2023-11-04 16:30:00,326014.19707356364,326021.9277945362
2023-11-04 20:30:00,326032.81984335894,326021.90453131025
2023-11-05 00:30:00,326010.2121296068,326021.9798830332
2023-11-05 04:30:00,326004.2827292485,326021.922427566
2023-11-05 08:30:00,326053.23946704366,326021.9964797545
2023-11-05 12:30:00,326055.9366165911,326022.10833527806
2023-11-05 16:30:00,326053.5506385019,326022.2063018582
2023-11-05 20:30:00,326041.53992100706,326022.34782278875
2023-11-06 00:30:00,326009.031949715,326022.3516939754
2023-11-06 04:30:00,325981.8970868316,326022.0967876192
2023-11-06 08:30:00,326017.481354791,326021.9849888687
2023-11-06 12:30:00,326004.8923648556,326021.8270714114
2023-11-06 16:30:00,325995.96526210505,326021.640042634
2023-11-06 20:30:00,326015.1915885181,326021.53724918765
2023-11-07 00:30:00,326032.6746260908,326021.5584314186
2023-11-07 04:30:00,326003.4776523987,326021.46971359215
2023-11-07 08:30:00,326025.9023829256,326021.4889590112
2023-11-07 12:30:00,326034.4559912862,326021.55827198527
2023-11-07 16:30:00,326025.6782273963,326021.6521965664
2023-11-07 20:30:00,326017.7384212491,326021.6237432649
2023-11-08 00:30:00,326013.39513607894,326021.63083568733
2023-11-08 04:30:00,326005.95497193706,326021.6841849014
2023-11-08 08:30:00,325998.0613225358,326021.5195556131
2023-11-08 12:30:00,326023.6282721102,326021.48238204845
2023-11-08 16:30:00,326023.37128410354,326021.5463759368
2023-11-08 20:30:00,326029.2394541664,326021.56583123613
2023-11-09 00:30:00,326038.36864304484,326021.60394560394
2023-11-09 04:30:00,326038.78841678705,326021.6521129676
2023-11-09 08:30:00,326026.67809687724,326021.6912617072
2023-11-09 12:30:00,326031.88198293874,326021.7771406011
2023-11-09 16:30:00,326030.36952411284,326021.8076048215
2023-11-09 20:30:00,326016.0036999018,326021.7571298744
2023-11-10 00:30:00,326037.44788651686,326021.79086948745
2023-11-10 04:30:00,326043.6866453904,326021.8376686642
2023-11-10 08:30:00,326029.6706444925,326021.80929792527
2023-11-10 12:30:00,326042.53521992214,326021.8970283842
2023-11-10 16:30:00,326043.3765600524,326021.858840932
2023-11-10 20:30:00,326018.5089128861,326021.8035860508
2023-11-11 00:30:00,326034.04547200364,326021.76470681967
2023-11-11 04:30:00,326034.2287819638,326021.76781080605
2023-11-11 08:30:00,326002.7881502572,326021.75312817266
2023-11-11 12:30:00,326002.4483886766,326021.7682029815
2023-11-11 16:30:00,326035.41330533323,326021.94022687094
2023-11-11 20:30:00,326025.24100331817,326022.05170639843
2023-11-12 00:30:00,326045.3062317726,326022.1724199487
2023-11-12 04:30:00,326026.7902052541,326022.08219157305
2023-11-12 08:30:00,326024.16979375796,326022.1214197052
2023-11-12 12:30:00,326028.9611048696,326022.2104685273
2023-11-12 16:30:00,326054.3253620391,326022.36966179824
2023-11-12 20:30:00,325971.77497779194,326022.12043371843
2023-11-13 00:30:00,326002.32231807243,326021.9891906314
2023-11-13 04:30:00,326033.62216314056,326022.033536643
2023-11-13 08:30:00,326020.5731523795,326022.0672898414
2023-11-13 12:30:00,326021.4574594118,326022.1032881257
2023-11-13 16:30:00,326018.35537997884,326022.1028460701
2023-11-13 20:30:00,326003.01379123883,326022.0315235699
2023-11-14 00:30:00,326029.4751459713,326022.14842084737
2023-11-14 04:30:00,326036.0235861609,326022.2238107578
2023-11-14 08:30:00,326024.2170033189,326022.2284502973
2023-11-14 12:30:00,326030.7283453703,326022.2784871277
2023-11-14 16:30:00,326036.814976524,326022.32256992365
2023-11-14 20:30:00,326001.2436947252,326022.34036751295
2023-11-15 00:30:00,326014.94977537607,326022.3036882794
2023-11-15 04:30:00,326022.8060641108,326022.19737967773
2023-11-15 08:30:00,326011.8040424535,326022.1336592476
2023-11-15 12:30:00,326023.48399622,326022.17892413994
2023-11-15 16:30:00,325993.43731390074,326022.0377739001
2023-11-15 20:30:00,326000.7371215458,326022.02381850284
2023-11-16 00:30:00,326051.39377782337,326022.1506135814
2023-11-16 04:30:00,326039.5321928323,326022.13733861066
2023-11-16 08:30:00,326032.2958149253,326022.1473632746
2023-11-16 12:30:00,326022.9219279499,326022.11843913095
2023-11-16 16:30:00,326052.8199650499,326022.21720843256
2023-11-16 20:30:00,326013.9833053278,326022.4213566671
2023-11-17 00:30:00,325982.2335963843,326022.4610783467
2023-11-17 04:30:00,326032.3709453701,326022.44239722635
2023-11-17 08:30:00,326016.71588353405,326022.3951912283
2023-11-17 12:30:00,326011.0646697309,326022.3328148469
2023-11-17 16:30:00,326023.6164547699,326022.2289663533
2023-11-17 20:30:00,326030.075370289,326022.3442071499
2023-11-18 00:30:00,326036.3028901024,326022.3892140422
2023-11-18 04:30:00,326019.13372995984,326022.1955738474
2023-11-18 08:30:00,326023.01977538894,326022.086930905
2023-11-18 12:30:00,326018.5281907846,326022.0673098824
2023-11-18 16:30:00,326029.25225827115,326021.97344087256
2023-11-18 20:30:00,326002.604228283,326021.96691874444
2023-11-19 00:30:00,326009.40543831844,326022.09840667044
2023-11-19 04:30:00,326055.0520459428,326022.18914429966
2023-11-19 08:30:00,326013.4046764241,326022.072585104
2023-11-19 12:30:00,326006.7155663225,326021.9010385121
2023-11-19 16:30:00,326026.50650963275,326021.90877344663
2023-11-19 20:30:00,326046.12750949216,326022.14024766424
2023-11-20 00:30:00,326027.6264391016,326022.14235476614
2023-11-20 04:30:00,325980.6934279819,326021.8088545126
2023-11-20 08:30:00,325997.215701256,326021.65190499334
2023-11-20 12:30:00,326019.80374025024,326021.65715051745
2023-11-20 16:30:00,325996.00425362744,326021.4057077879
2023-11-20 20:30:00,326014.7653136081,326021.4158072533
2023-11-21 00:30:00,326019.4308155244,326021.5887302869
2023-11-21 04:30:00,326012.2526163308,326021.63645937626
2023-11-21 08:30:00,326038.697362458,326021.60850383976
2023-11-21 12:30:00,326025.4735488853,326021.5239375643
2023-11-21 16:30:00,326015.2441202755,326021.4919465257
2023-11-21 20:30:00,326036.27208240255,326021.6842812754
2023-11-22 00:30:00,326034.13407600234,326021.70812727616
2023-11-22 04:30:00,325991.02026870317,326021.51501741
2023-11-22 08:30:00,326021.8176350379,326021.3814489919
2023-11-22 12:30:00,326043.37091421965,326021.3572083628
2023-11-22 16:30:00,326029.7302925276,326021.4321127969
2023-11-22 20:30:00,326010.6542960405,326021.40056260675
2023-11-23 00:30:00,326019.9927370703,326021.58783652703
2023-11-23 04:30:00,326003.68677630665,326021.5657408721
2023-11-23 08:30:00,326022.166025557,326021.5458350228
2023-11-23 12:30:00,326032.42107737897,326021.57630354556
2023-11-23 16:30:00,326020.0163958822,326021.58059631824
2023-11-23 20:30:00,326000.73397586634,326021.48384863074
2023-11-24 00:30:00,326029.22029606876,326021.523607024
2023-11-24 04:30:00,326037.411631147,326021.808922464
2023-11-24 08:30:00,326036.35066435207,326021.901058553
2023-11-24 12:30:00,326045.710495847,326021.8895318362
2023-11-24 16:30:00,326011.5191942266,326021.8598156154
2023-11-24 20:30:00,325991.42569815856,326021.7516549275
2023-11-25 00:30:00,326036.35971045657,326021.8671525556
2023-11-25 04:30:00,326037.67972772056,326022.02887797874
2023-11-25 08:30:00,326021.4220411356,326022.02898368484
2023-11-25 12:30:00,326025.4092380839,326021.99781460484
2023-11-25 16:30:00,326020.8538396538,326022.07132061623
2023-11-25 20:30:00,326017.5034661968,326022.02693003986
2023-11-26 00:30:00,326026.3248993584,326021.99460310966
2023-11-26 04:30:00,326032.38514424727,326022.05812132347
2023-11-26 08:30:00,326005.4552938392,326022.00028625986
2023-11-26 12:30:00,326014.83188462415,326021.86005776364
2023-11-26 16:30:00,326013.2529417719,326021.76337292447
2023-11-26 20:30:00,326019.7050950112,326021.8624144024
2023-11-27 00:30:00,326053.49831363314,326022.0528503639
2023-11-27 04:30:00,326048.9291735191,326022.07939447375
2023-11-27 08:30:00,326041.9052717941,326022.1913523004
2023-11-27 12:30:00,326037.7739256731,326022.2601218228
2023-11-27 16:30:00,326035.55365964375,326022.4883199493
2023-11-27 20:30:00,325998.08256718883,326022.48260294576
2023-11-28 00:30:00,325998.90747015463,326022.27003289905
2023-11-28 04:30:00,326015.59017067583,326022.23796876695
2023-11-28 08:30:00,326029.6240160493,326022.25428120664
2023-11-28 12:30:00,326041.5042097595,326022.1998539375
2023-11-28 16:30:00,325997.95058125793,326021.99880031106
2023-11-28 20:30:00,325995.84212116885,326022.0179390199
2023-11-29 00:30:00,326021.32201442553,326022.1715442072
2023-11-29 04:30:00,326016.85710000637,326022.00908973505
2023-11-29 08:30:00,326030.5835778141,326021.96969326347
2023-11-29 12:30:00,326028.72144814517,326021.99403875746
2023-11-29 16:30:00,326049.92918054137,326022.19774784014
2023-11-29 20:30:00,326011.53561123426,326022.3099851563
2023-11-30 00:30:00,325977.3031275064,326022.0097844838
2023-11-30 04:30:00,326024.0215563608,326021.8947710904
2023-11-30 08:30:00,326013.01496588305,326021.77805812523
2023-11-30 12:30:00,326007.7786257285,326021.63924620015
2023-11-30 16:30:00,326004.71311753674,326021.4643955171
2023-11-30 20:30:00,326017.3029894678,326021.6339111262
2023-12-01 00:30:00,326037.27818022773,326021.87649155624
2023-12-01 04:30:00,326052.3119821461,326021.9563538539
2023-12-01 08:30:00,326043.895519387,326022.1226643672
2023-12-01 12:30:00,326014.33990318066,326022.01091784285
2023-12-01 16:30:00,326031.6363350718,326021.94295177114
2023-12-01 20:30:00,325992.2851584709,326021.86412334343
2023-12-02 00:30:00,326007.0108742407,326021.9255970233
2023-12-02 04:30:00,326052.51825298445,326022.1143741285
2023-12-02 08:30:00,326052.37985142786,326022.3280755653
2023-12-02 12:30:00,326034.03419208614,326022.47559014347
2023-12-02 16:30:00,326004.787601634,326022.318142159
2023-12-02 20:30:00,326010.56077223876,326022.2781221493
2023-12-03 00:30:00,326026.08790366014,326022.3682664094
2023-12-03 04:30:00,325996.4891989704,326022.15791969886
2023-12-03 08:30:00,326008.10568577156,326022.0267871715
2023-12-03 12:30:00,326016.6430832353,326021.93163155334
2023-12-03 16:30:00,326001.9952459139,326021.7111588589
2023-12-03 20:30:00,326001.6549761371,326021.6516859402
2023-12-04 00:30:00,326017.094498527,326021.78153691714
2023-12-04 04:30:00,326033.8974608731,326021.9075651881
2023-12-04 08:30:00,326026.7326170079,326021.8698382202
2023-12-04 12:30:00,326016.63912999653,326021.88575112965
2023-12-04 16:30:00,326006.49107175344,326021.8429400085
2023-12-04 20:30:00,326006.86129788787,326021.698725867
2023-12-05 00:30:00,326043.5735542896,326021.8840671152
2023-12-05 04:30:00,326024.21905113733,326021.994824459
2023-12-05 08:30:00,326029.96925158746,326021.8655454843
2023-12-05 12:30:00,326021.7530613438,326021.675636844
2023-12-05 16:30:00,326010.00553284696,326021.43371959036
2023-12-05 20:30:00,325985.8221472651,326021.1241764029
2023-12-06 00:30:00,326033.59406475065,326021.26063259755
2023-12-06 04:30:00,326054.0272966072,326021.66135598515
2023-12-06 08:30:00,326013.1147192246,326021.63709689875
2023-12-06 12:30:00,326006.1511205492,326021.6440899859
2023-12-06 16:30:00,326018.98762347485,326021.7719919935
2023-12-06 20:30:00,325993.5759392839,326021.65190505335
2023-12-07 00:30:00,326033.01328761084,326021.6537865063
2023-12-07 04:30:00,326048.27797167614,326021.9026771689
2023-12-07 08:30:00,326044.3971911478,326022.0054261034
2023-12-07 12:30:00,326035.50537694205,326022.0112560238
2023-12-07 16:30:00,326023.0522013887,326021.9966669904
2023-12-07 20:30:00,326006.3883310511,326021.9336109337
2023-12-08 00:30:00,326051.44624850305,326022.1450060027
2023-12-08 04:30:00,326041.5283870299,326022.34263608657
2023-12-08 08:30:00,326021.567331186,326022.4732250236
2023-12-08 12:30:00,326019.2852060933,326022.449096879
2023-12-08 16:30:00,326017.28116622823,326022.41526289086
2023-12-08 20:30:00,326028.04650276067,326022.408635383
2023-12-09 00:30:00,326031.3717717228,326022.3697638756
2023-12-09 04:30:00,326036.02034440887,326022.35438569577
2023-12-09 08:30:00,326019.33972077596,326022.31361693965
2023-12-09 12:30:00,326038.0768736856,326022.3480329994
2023-12-09 16:30:00,326011.5509159195,326022.24348517606
2023-12-09 20:30:00,326003.9463245881,326022.1764997576
2023-12-10 00:30:00,326034.76441487775,326022.16159158194
2023-12-10 04:30:00,326020.4940018577,326022.0327435622
2023-12-10 08:30:00,326007.4206058015,326021.90913223615
2023-12-10 12:30:00,326019.84658985015,326021.7830842914
2023-12-10 16:30:00,325986.0197310393,326021.46443524124
2023-12-10 20:30:00,326000.8999051714,326021.3666074206
2023-12-11 00:30:00,326050.9191806639,326021.4603502466
2023-12-11 04:30:00,326048.39437184884,326021.5390479681
2023-12-11 08:30:00,326031.4591222778,326021.69833114604
2023-12-11 12:30:00,326030.9204035616,326021.85650900647
2023-12-11 16:30:00,326001.56297607283,326021.6684516217
2023-12-11 20:30:00,326009.5119042357,326021.58106773795
2023-12-12 00:30:00,326033.16662404634,326021.5136254727
2023-12-12 04:30:00,326044.9025121678,326021.61424940004
2023-12-12 08:30:00,326026.757966034,326021.62862813496
2023-12-12 12:30:00,326040.9564917953,326021.6952691734
2023-12-12 16:30:00,326004.6185822803,326021.419120397
2023-12-12 20:30:00,325978.5057541826,326021.45651359914
2023-12-13 00:30:00,326014.9413527113,326021.5266193471
2023-12-13 04:30:00,326035.0666734658,326021.5346444045
2023-12-13 08:30:00,326029.7444960895,326021.58559631405
2023-12-13 12:30:00,326048.682993962,326021.7368492837
2023-12-13 16:30:00,326023.27060695604,326021.7641561002
2023-12-13 20:30:00,325995.4410508976,326021.72208532057
2023-12-14 00:30:00,326005.27266840794,326021.58762711193
2023-12-14 04:30:00,326009.6361286642,326021.4410301258
2023-12-14 08:30:00,326007.68042030965,326021.3491602202
2023-12-14 12:30:00,326028.4184854436,326021.3363276651
2023-12-14 16:30:00,326002.61942678015,326021.1463523887
2023-12-14 20:30:00,325987.0454752916,326021.0674733919
2023-12-15 00:30:00,326019.94514364464,326021.0952254378
2023-12-15 04:30:00,326036.9839482981,326021.173991461
2023-12-15 08:30:00,326006.5462530326,326021.1447815198
2023-12-15 12:30:00,326014.4673263496,326021.0946889094
2023-12-15 16:30:00,326014.31510328245,326021.2106766282
2023-12-15 20:30:00,326007.71795988624,326021.2494590634
2023-12-16 00:30:00,326006.0452824788,326020.99752297817
2023-12-16 04:30:00,326029.0259611103,326020.9391550242
2023-12-16 08:30:00,326021.605165844,326020.87976252934
2023-12-16 12:30:00,326042.5787691628,326020.9889672027
2023-12-16 16:30:00,326040.4714857666,326020.92036454
2023-12-16 20:30:00,326000.24551211915,326020.8440434666
2023-12-17 00:30:00,325953.6680697076,326020.68534609623
2023-12-17 04:30:00,325998.2136473474,326020.4955833294
2023-12-17 08:30:00,326015.16363936703,326020.4869597507
2023-12-17 12:30:00,326015.52328686335,326020.5117298459
2023-12-17 16:30:00,326037.80324740097,326020.59054536046
2023-12-17 20:30:00,326041.30503374804,326020.6529323797
2023-12-18 00:30:00,326034.63982339564,326020.6436931202
2023-12-18 04:30:00,326016.9008018545,326020.6312879641
2023-12-18 08:30:00,326005.9207035296,326020.5362931205
2023-12-18 12:30:00,326001.1625363739,326020.4398172626
2023-12-18 16:30:00,326022.7304322286,326020.40358489566
2023-12-18 20:30:00,326021.82010799093,326020.510339783
2023-12-19 00:30:00,326011.94597637316,326020.5244538833
2023-12-19 04:30:00,326046.2643528723,326020.4756333662
2023-12-19 08:30:00,326038.048488545,326020.61254343356
2023-12-19 12:30:00,326019.74788424466,326020.68494519976
2023-12-19 16:30:00,326005.41836200753,326020.56778882403
2023-12-19 20:30:00,326029.0178123519,326020.47273495106
2023-12-20 00:30:00,326019.0067840395,326020.42484797846
2023-12-20 04:30:00,326014.7467785233,326020.6140332593
2023-12-20 08:30:00,326013.3138033541,326020.7034671598
2023-12-20 12:30:00,326033.2527459209,326020.77818385797
2023-12-20 16:30:00,326013.259401305,326020.87404578953
2023-12-20 20:30:00,325989.0585059691,326020.73123019154
2023-12-21 00:30:00,326023.6749713218,326020.7548088348
2023-12-21 04:30:00,326042.41819046246,326020.9223953578
2023-12-21 08:30:00,326015.39327176183,326020.7929281873
2023-12-21 12:30:00,326022.6878889847,326020.7774522989
2023-12-21 16:30:00,326020.2221108082,326020.805107802
2023-12-21 20:30:00,326043.72807605675,326020.84652998886
2023-12-22 00:30:00,326045.84796551516,326020.91160715284
2023-12-22 04:30:00,326020.9084813073,326021.0776527784
2023-12-22 08:30:00,326023.53415438713,326021.0871889971
2023-12-22 12:30:00,326038.4224943862,326021.0596977757
2023-12-22 16:30:00,325997.00643053825,326020.8778985425
2023-12-22 20:30:00,325994.74338798225,326020.78950460884
2023-12-23 00:30:00,326024.3324179905,326020.81361394725
2023-12-23 04:30:00,326036.35164206574,326020.9950854237
2023-12-23 08:30:00,326017.2435943845,326020.96773858386
2023-12-23 12:30:00,325970.750883229,326020.62512639415
2023-12-23 16:30:00,325994.04806778714,326020.4808579047
2023-12-23 20:30:00,326028.17371165537,326020.63330088125
2023-12-24 00:30:00,326025.77201135515,326020.614143744
2023-12-24 04:30:00,326034.1912481829,326020.59625272756
2023-12-24 08:30:00,326050.94451135385,326020.67732965533
2023-12-24 12:30:00,326024.8040673803,326020.56118283054
2023-12-24 16:30:00,325994.82133449893,326020.46841694316
2023-12-24 20:30:00,326008.86118067196,326020.5652807349
2023-12-25 00:30:00,326044.12874216674,326020.6084420222
2023-12-25 04:30:00,326030.50676821003,326020.56859224715
2023-12-25 08:30:00,326023.81777472387,326020.5819018781
2023-12-25 12:30:00,326003.327514319,326020.45922563504
2023-12-25 16:30:00,326014.05190952576,326020.42143713427
2023-12-25 20:30:00,325996.1785807544,326020.30296554853
2023-12-26 00:30:00,326015.7369435163,326020.2441435716
2023-12-26 04:30:00,326031.66998270317,326020.2401704519
2023-12-26 08:30:00,326033.8823025713,326020.3980982782
2023-12-26 12:30:00,326039.54875540774,326020.53541422705
2023-12-26 16:30:00,326019.5064729579,326020.5701560669
2023-12-26 20:30:00,325993.6952428001,326020.42565688794
2023-12-27 00:30:00,326021.0815149842,326020.2455635621
2023-12-27 04:30:00,326032.7076058627,326020.1554437419
2023-12-27 08:30:00,326020.12974286446,326020.03446858114
2023-12-27 12:30:00,326012.84585996316,326019.8959793272
2023-12-27 16:30:00,325989.98622915003,326019.64282693557
2023-12-27 20:30:00,326011.3250251142,326019.7163961462
2023-12-28 00:30:00,326031.47141175636,326019.8973069329
2023-12-28 04:30:00,326053.4195613088,326020.1074702142
2023-12-28 08:30:00,326031.14308387414,326020.1159094799
2023-12-28 12:30:00,326035.82390838634,326020.08435225004
2023-12-28 16:30:00,326017.27137976314,326020.1916900195
2023-12-28 20:30:00,325974.25034232374,326020.0717356926
2023-12-29 00:30:00,325978.40603665455,326019.8333135939
2023-12-29 04:30:00,326029.72242967045,326019.90478764754
2023-12-29 08:30:00,326021.5950191264,326019.8548512104
2023-12-29 12:30:00,326029.13448834454,326019.8571458782
2023-12-29 16:30:00,326004.9768351509,326019.607410626
2023-12-29 20:30:00,326007.33665309433,326019.58408308076
2023-12-30 00:30:00,326004.9967266139,326019.7379364092
2023-12-30 04:30:00,326036.38648775127,326019.8066304724
2023-12-30 08:30:00,326027.8228299346,326019.88889638387
2023-12-30 12:30:00,326015.61502681434,326019.93243194546
2023-12-30 16:30:00,326030.4461293944,326020.07539312245
2023-12-30 20:30:00,325991.0324324927,326019.92944558366
2023-12-31 00:30:00,326000.35799009504,326019.7243334163
2023-12-31 04:30:00,326037.6747923829,326019.6430156954
2023-12-31 08:30:00,326029.80612384214,326019.5647412756
2023-12-31 12:30:00,326046.97624890116,326019.7460543074
2023-12-31 16:30:00,326028.66296678904,326019.72953559476
2023-12-31 20:30:00,325997.5156779253,326019.75859403616
2024-01-01 00:30:00,326020.3007526046,326019.83242669376
2024-01-01 04:30:00,326016.0016571474,326019.6295567169
2024-01-01 08:30:00,326016.3656862499,326019.42947802145
2024-01-01 12:30:00,326018.61175509245,326019.34379781596
2024-01-01 16:30:00,326029.08036621124,326019.4787576191
2024-01-01 20:30:00,326019.94030897686,326019.53086615657
2024-01-02 00:30:00,326011.2297944027,326019.4483211051
2024-01-02 04:30:00,326033.899499981,326019.6561561107
2024-01-02 08:30:00,326030.53831241885,326019.78078181436
2024-01-02 12:30:00,326038.23515159613,326019.9007377497
2024-01-02 16:30:00,326022.3906593821,326020.0140456023
2024-01-02 20:30:00,326002.3765098825,326020.0180541231
2024-01-03 00:30:00,326015.7224564954,326020.0104316673
2024-01-03 04:30:00,326030.599798976,326019.9921113235
2024-01-03 08:30:00,326038.61962604837,326020.0581502626
2024-01-03 12:30:00,326035.94653788034,326020.16541363974
2024-01-03 16:30:00,326029.07725615177,326020.29089244193
2024-01-03 20:30:00,326048.7610238572,326020.5236686973
2024-01-04 00:30:00,326018.9406379387,326020.386819162
2024-01-04 04:30:00,326030.83913105266,326020.4235973838
2024-01-04 08:30:00,326037.85161821207,326020.4673883095
2024-01-04 12:30:00,326047.12984613696,326020.60837044724
2024-01-04 16:30:00,326033.878738436,326020.7409993672
2024-01-04 20:30:00,326003.94940123,326020.8417063337
2024-01-05 00:30:00,326033.4914344809,326020.8411361655
2024-01-05 04:30:00,326035.25438097457,326020.73684218974
2024-01-05 08:30:00,326006.8483674275,326020.7020291242
2024-01-05 12:30:00,325991.5975448362,326020.62117592583
2024-01-05 16:30:00,326010.0505757105,326020.57152566046
2024-01-05 20:30:00,326055.95946817915,326020.91810082097
2024-01-06 00:30:00,326054.2325502014,326021.0359856132
2024-01-06 04:30:00,326019.8681201718,326020.87815310474
2024-01-06 08:30:00,326031.94601657195,326020.80897991266
2024-01-06 12:30:00,326039.1674425061,326020.8293247214
2024-01-06 16:30:00,325999.79681084375,326020.7001281072
2024-01-06 20:30:00,326012.79299780517,326020.7357095892
2024-01-07 00:30:00,326045.19677731703,326020.7009903048
2024-01-07 04:30:00,326031.68760287686,326020.6463192818
2024-01-07 08:30:00,326033.20796736,326020.7109894827
2024-01-07 12:30:00,325991.43686730333,326020.55627648946
2024-01-07 16:30:00,326004.3420049836,326020.48439226026
2024-01-07 20:30:00,326012.95942071924,326020.4005751379
2024-01-08 00:30:00,326036.9751242409,326020.4317048741
2024-01-08 04:30:00,326022.5249074328,326020.3567302242
2024-01-08 08:30:00,326031.48178166896,326020.42418611806
2024-01-08 12:30:00,326047.91408238444,326020.4788372775
2024-01-08 16:30:00,326004.316241235,326020.4386446404
2024-01-08 20:30:00,325997.30271411885,326020.40173569333
2024-01-09 00:30:00,326030.2652531617,326020.3767403504
2024-01-09 04:30:00,326027.31616728666,326020.41464126954
2024-01-09 08:30:00,326021.55651254224,326020.49317408475
2024-01-09 12:30:00,326016.56904677936,326020.4749655121
2024-01-09 16:30:00,325997.5428162629,326020.53898265224
2024-01-09 20:30:00,325991.5312173796,326020.4869343867
2024-01-10 00:30:00,326038.23714890884,326020.4164786548
2024-01-10 04:30:00,326048.88748981606,326020.41921819904
2024-01-10 08:30:00,326051.0085106028,326020.52782591194
2024-01-10 12:30:00,326028.75132886786,326020.515775497
2024-01-10 16:30:00,325993.705385603,326020.4721222166
2024-01-10 20:30:00,326008.57440549124,326020.4669138902
2024-01-11 00:30:00,326047.0817222136,326020.5442199912
2024-01-11 04:30:00,326026.37424167705,326020.44128515513
2024-01-11 08:30:00,326034.54674477427,326020.48455614806
2024-01-11 12:30:00,326042.7032499164,326020.49426035985
2024-01-11 16:30:00,326039.5748900617,326020.6884620698
2024-01-11 20:30:00,326007.2339257868,326020.8480630232
2024-01-12 00:30:00,326017.59237869375,326020.8627909453
2024-01-12 04:30:00,326046.792076431,326020.92793207284
2024-01-12 08:30:00,326016.18703096145,326020.85261282214
2024-01-12 12:30:00,326020.79659528274,326020.69768838503
2024-01-12 16:30:00,326011.0174053341,326020.6296150427
2024-01-12 20:30:00,325971.6921309094,326020.49767659826
2024-01-13 00:30:00,326023.50099495973,326020.59894507914
2024-01-13 04:30:00,326037.78483735374,326020.75532679405
2024-01-13 08:30:00,326040.6061083623,326020.9382472833
2024-01-13 12:30:00,326027.73852463084,326020.9344697232
2024-01-13 16:30:00,326032.54811392294,326021.1007402073
2024-01-13 20:30:00,326012.3940413736,326021.2415655744
2024-01-14 00:30:00,325991.4619241876,326021.0833254664
2024-01-14 04:30:00,326002.12799779844,326020.88968129695
2024-01-14 08:30:00,326018.2593284895,326020.9547539383
2024-01-14 12:30:00,326037.53376402316,326021.0829008143
2024-01-14 16:30:00,326001.3414658472,326021.0108250508
2024-01-14 20:30:00,325998.8284721876,326020.961439008
2024-01-15 00:30:00,326026.2445961108,326021.07365741715
2024-01-15 04:30:00,326051.36897023045,326021.19778524555
2024-01-15 08:30:00,326036.4448939287,326021.28022817936
2024-01-15 12:30:00,326032.8691086675,326021.226285621
2024-01-15 16:30:00,326036.9786906222,326021.2068812036
2024-01-15 20:30:00,326029.94686464267,326021.37188871764
2024-01-16 00:30:00,325997.0998560965,326021.6131764197
2024-01-16 04:30:00,326032.17859896424,326021.8018705954
2024-01-16 08:30:00,326025.992223296,326021.86202939495
2024-01-16 12:30:00,325997.2379998872,326021.7604444673
2024-01-16 16:30:00,326029.1606473752,326021.7124300228
2024-01-16 20:30:00,326050.62367477396,326021.7642002507
2024-01-17 00:30:00,325994.30892873334,326021.5401397248
2024-01-17 04:30:00,326017.22189961013,326021.5419236012
2024-01-17 08:30:00,326033.99251813383,326021.6978781268
2024-01-17 12:30:00,326023.63784628233,326021.8227409596
2024-01-17 16:30:00,326018.3938760659,326021.7986489809
2024-01-17 20:30:00,326017.4333465768,326021.77427808417
2024-01-18 00:30:00,326018.9289694069,326021.81307248987
2024-01-18 04:30:00,326038.7119003276,326021.7711144202
2024-01-18 08:30:00,326045.6289675749,326021.8132281926
2024-01-18 12:30:00,326008.7120297351,326021.7519178898
2024-01-18 16:30:00,325998.9883594893,326021.71619565354
2024-01-18 20:30:00,326021.5168093246,326021.6745234146
2024-01-19 00:30:00,326007.21334588627,326021.60900431365
2024-01-19 04:30:00,326013.30132910487,326021.6009740391
2024-01-19 08:30:00,326039.17380126816,326021.7446406942
2024-01-19 12:30:00,326025.3450713336,326021.70070916874
2024-01-19 16:30:00,326018.54130127624,326021.7300530574
2024-01-19 20:30:00,326032.2772863081,326021.9701573927
2024-01-20 00:30:00,326012.2101478136,326021.90646392875
2024-01-20 04:30:00,326042.41088723455,326021.9064233552
2024-01-20 08:30:00,326033.25246164924,326022.00564107683
2024-01-20 12:30:00,325995.71478330897,326021.85579048976
2024-01-20 16:30:00,325969.5439713642,326021.5742452706
2024-01-20 20:30:00,326005.24460957985,326021.3604482347
2024-01-21 00:30:00,326016.69948743534,326021.1985122453
2024-01-21 04:30:00,326035.228255372,326021.27806654567
2024-01-21 08:30:00,326037.05716498994,326021.35319438233
2024-01-21 12:30:00,326041.27049785166,326021.3690166238
2024-01-21 16:30:00,326017.4189609708,326021.4824195706
2024-01-21 20:30:00,326029.74312639586,326021.6768625618
2024-01-22 00:30:00,326058.9480811802,326021.8691718017
2024-01-22 04:30:00,326036.5202662188,326021.8701086027
2024-01-22 08:30:00,326022.48283212853,326021.899215479
2024-01-22 12:30:00,325990.33775369707,326022.00803142606
2024-01-22 16:30:00,325990.3433545696,326021.987449686
2024-01-22 20:30:00,326014.83373602835,326021.91333871026
2024-01-23 00:30:00,326037.2967629409,326021.977365108
2024-01-23 04:30:00,326021.89154438104,326021.9090334201
2024-01-23 08:30:00,326033.8932731731,326021.81430431915
2024-01-23 12:30:00,326017.2773688938,326021.7724893276
2024-01-23 16:30:00,326009.2138027806,326021.8524474847
2024-01-23 20:30:00,326015.0991693191,326021.88710297714
2024-01-24 00:30:00,326003.3202656886,326021.660389219
2024-01-24 04:30:00,326010.54431018943,326021.54948667437
2024-01-24 08:30:00,326012.282436683,326021.485401463
2024-01-24 12:30:00,326004.75203056494,326021.49331544223
2024-01-24 16:30:00,325999.2913442374,326021.4113123017
2024-01-24 20:30:00,326011.7744758527,326021.49795616337
2024-01-25 00:30:00,326021.4751292565,326021.52983497304
2024-01-25 04:30:00,326021.5347440831,326021.4735280918
2024-01-25 08:30:00,326044.247980576,326021.5311151918
2024-01-25 12:30:00,326045.49092376785,326021.56412723823
2024-01-25 16:30:00,326018.6990311093,326021.55964145024
2024-01-25 20:30:00,325987.71262576,326021.52640468895
2024-01-26 00:30:00,326004.17939473875,326021.43250402086
2024-01-26 04:30:00,326022.92784440663,326021.37817201274
2024-01-26 08:30:00,326014.9384413023,326021.34933144855
2024-01-26 12:30:00,326025.9649272159,326021.42221515544
2024-01-26 16:30:00,326008.715506385,326021.52626669564
2024-01-26 20:30:00,326008.12850907294,326021.5085082733
2024-01-27 00:30:00,326025.75701906095,326021.4767616472
2024-01-27 04:30:00,326028.86330428545,326021.340337997
2024-01-27 08:30:00,326042.528466557,326021.40359012305
2024-01-27 12:30:00,326035.1163750295,326021.3996593822
2024-01-27 16:30:00,326027.838780048,326021.45836716157
2024-01-27 20:30:00,326013.4817968852,326021.67631968687
2024-01-28 00:30:00,326003.14528632804,326021.81375996285
2024-01-28 04:30:00,326007.1330487143,326021.688263402
2024-01-28 08:30:00,326022.5033533249,326021.693309703
2024-01-28 12:30:00,326024.1867829324,326021.66582245077
2024-01-28 16:30:00,326022.5671228958,326021.7635462716
2024-01-28 20:30:00,326011.1448467632,326021.78470290307
2024-01-29 00:30:00,326014.9595497698,326021.8400519206
2024-01-29 04:30:00,326030.1912133587,326021.80563372956
2024-01-29 08:30:00,326002.770140771,326021.666452123
2024-01-29 12:30:00,326020.5309406717,326021.6937627556
2024-01-29 16:30:00,326042.23453200905,326021.75925388123
2024-01-29 20:30:00,326024.9672574741,326021.9477806867
2024-01-30 00:30:00,325998.87504963164,326021.93954212865
2024-01-30 04:30:00,326036.4409850899,326021.93268764357
2024-01-30 08:30:00,326033.63336623006,326021.95395010134
2024-01-30 12:30:00,326036.5593711719,326021.89607855846
2024-01-30 16:30:00,325997.2583459358,326021.72160844255
2024-01-30 20:30:00,326003.7081614859,326021.756011129
2024-01-31 00:30:00,326021.2704381111,326021.76139827067
2024-01-31 04:30:00,326035.2830313045,326021.86851701606
2024-01-31 08:30:00,326026.762855542,326021.9262790676
2024-01-31 12:30:00,326022.2074271292,326021.94625502336
2024-01-31 16:30:00,326035.2928819291,326021.98076899967
2024-01-31 20:30:00,326033.64656076854,326022.05691484286
2024-02-01 00:30:00,326006.58322892815,326022.03110059025
2024-02-01 04:30:00,326010.6234691361,326021.90178930777
2024-02-01 08:30:00,326053.22836039343,326022.02784512984
2024-02-01 12:30:00,326038.4198534321,326022.02887125115
2024-02-01 16:30:00,325999.6320645856,326021.9024346134
2024-02-01 20:30:00,326002.9797875217,326021.90578615584
2024-02-02 00:30:00,325986.6037714322,326021.74401568325
2024-02-02 04:30:00,326026.1942272707,326021.7195402849
2024-02-02 08:30:00,326027.0604367322,326021.65532256645
2024-02-02 12:30:00,326010.16634059063,326021.51209924824
2024-02-02 16:30:00,326016.30571370124,326021.44114623463
2024-02-02 20:30:00,326047.93980342377,326021.43658389885
2024-02-03 00:30:00,325997.43861983926,326021.31712824275
2024-02-03 04:30:00,326015.92342543346,326021.23426321155
2024-02-03 08:30:00,326042.7800404207,326021.26164333493
2024-02-03 12:30:00,326032.3465434115,326021.17951387534
2024-02-03 16:30:00,326016.6836909998,326021.083985834
2024-02-03 20:30:00,326015.9127202427,326021.1504487174
2024-02-04 00:30:00,326021.6985652985,326021.0849327775
2024-02-04 04:30:00,326057.5567971865,326021.20883508987
2024-02-04 08:30:00,326042.5105580849,326021.4069583712
2024-02-04 12:30:00,325990.91523847,326021.4031677803
2024-02-04 16:30:00,326021.02143113065,326021.46411697706
2024-02-04 20:30:00,326044.25248310325,326021.3990781711
2024-02-05 00:30:00,325997.2315494338,326021.0824059446
2024-02-05 04:30:00,325995.86783362326,326020.94907101936
2024-02-05 08:30:00,326024.3171417706,326020.90668838157
2024-02-05 12:30:00,326019.3839610971,326020.7967801515
2024-02-05 16:30:00,325991.98387884314,326020.7533749738
2024-02-05 20:30:00,325989.6684377083,326020.62490519544
2024-02-06 00:30:00,326001.5173912182,326020.38224193937
2024-02-06 04:30:00,326033.1174794843,326020.3901856983
2024-02-06 08:30:00,326034.9594939529,326020.39991640154
2024-02-06 12:30:00,326003.3814933102,326020.4662754349
2024-02-06 16:30:00,325989.52150398097,326020.38393931824
2024-02-06 20:30:00,326011.6139580765,326020.3764645258
2024-02-07 00:30:00,326031.6835305396,326020.347066783
2024-02-07 04:30:00,326014.9800892492,326020.3051511264
2024-02-07 08:30:00,326015.0007826414,326020.2135900207
2024-02-07 12:30:00,326036.7919746415,326020.1518005333
2024-02-07 16:30:00,325990.63887381373,326020.0758151587
2024-02-07 20:30:00,326011.48705831263,326020.15461707086
2024-02-08 00:30:00,326057.07528044656,326020.3035616669
2024-02-08 04:30:00,326060.08816318715,326020.48562831077
2024-02-08 08:30:00,326039.02398634475,326020.58266983187
2024-02-08 12:30:00,325993.76751913916,326020.4559946783
2024-02-08 16:30:00,325968.5484806048,326020.29491503583
2024-02-08 20:30:00,326017.05938355264,326020.4367381812
2024-02-09 00:30:00,326031.6045137481,326020.3998902081
2024-02-09 04:30:00,326022.32631113095,326020.2523281043
2024-02-09 08:30:00,326009.2190370707,326020.02016436245
2024-02-09 12:30:00,326031.90495237475,326020.03768449306
2024-02-09 16:30:00,325989.8879535305,326020.01647653704
2024-02-09 20:30:00,325990.1326175455,326019.9140221596
2024-02-10 00:30:00,326020.899041758,326019.76856282377
2024-02-10 04:30:00,326033.68345139845,326019.8091695444
2024-02-10 08:30:00,326023.58639285126,326019.7482787004
2024-02-10 12:30:00,326042.8073303648,326019.7488569252
2024-02-10 16:30:00,325995.1654686895,326019.5021379175
2024-02-10 20:30:00,325976.1617732652,326019.32951484795
2024-02-11 00:30:00,326019.2402519139,326019.33866969915
2024-02-11 04:30:00,326018.0393738854,326019.17893246276
2024-02-11 08:30:00,326013.42903568473,326019.1636102668
2024-02-11 12:30:00,326034.58653779264,326019.24022105854
2024-02-11 16:30:00,326028.4624232056,326019.3371378245
2024-02-11 20:30:00,326009.81744710985,326019.5489451367
2024-02-12 00:30:00,326028.2106204329,326019.5751097227
2024-02-12 04:30:00,326047.2646471825,326019.62777533283
2024-02-12 08:30:00,326023.6442140766,326019.5335425868
2024-02-12 12:30:00,326041.2355000898,326019.6085257838
2024-02-12 16:30:00,326031.9762020728,326019.60534849577
2024-02-12 20:30:00,325996.33986101917,326019.5161586048
2024-02-13 00:30:00,326019.11491803423,326019.66978634853
2024-02-13 04:30:00,326048.8849461421,326019.9295471726
2024-02-13 08:30:00,326024.35118171765,326019.9633908016
2024-02-13 12:30:00,326016.6004376541,326019.84709454403
2024-02-13 16:30:00,326037.8746528533,326020.0500566941
2024-02-13 20:30:00,326033.00723701145,326020.2399387208
2024-02-14 00:30:00,326021.2869051254,326020.2123959932
2024-02-14 04:30:00,326035.7519078442,326020.12563453545
2024-02-14 08:30:00,326018.6335031275,326020.02668236435
2024-02-14 12:30:00,326009.65062777925,326019.89769080386
2024-02-14 16:30:00,326027.48783674417,326019.8449638378
2024-02-14 20:30:00,326032.3122631724,326019.85810494085
2024-02-15 00:30:00,326020.2358983357,326019.98663850885
2024-02-15 04:30:00,326045.41690080625,326020.06018463016
2024-02-15 08:30:00,326019.93661090336,326020.02654233907
2024-02-15 12:30:00,326025.7267955386,326020.18481342605
2024-02-15 16:30:00,326041.18659415375,326020.2516242415
2024-02-15 20:30:00,326008.3331267912,326020.0166767527
2024-02-16 00:30:00,326008.7688320089,326020.0970095487
2024-02-16 04:30:00,326030.5559522932,326020.1710876191
2024-02-16 08:30:00,326004.49953337305,326020.0072377038
2024-02-16 12:30:00,326003.4585485906,326019.8951304944
2024-02-16 16:30:00,326008.3572929053,326019.83937169914
2024-02-16 20:30:00,326037.8142741656,326019.9525990745
2024-02-17 00:30:00,326034.30379973963,326020.03801479866
2024-02-17 04:30:00,326023.49400408077,326019.95347093063
2024-02-17 08:30:00,326025.69835402945,326019.84274529974
2024-02-17 12:30:00,326010.0266823425,326019.8500489254
2024-02-17 16:30:00,326005.58286944113,326019.88668509177
2024-02-17 20:30:00,326008.24825601646,326019.81297090667
2024-02-18 00:30:00,326019.00787192,326019.87849605136
2024-02-18 04:30:00,326033.6950926611,326019.9917947378
2024-02-18 08:30:00,325992.71013787045,326019.7336632745
2024-02-18 12:30:00,325971.8356105549,326019.43638849235
2024-02-18 16:30:00,325984.316589408,326019.2462512042
2024-02-18 20:30:00,326014.0367187849,326019.14491471794
2024-02-19 00:30:00,326022.945846002,326019.20455748565
2024-02-19 04:30:00,326016.9509514137,326019.06311339774
2024-02-19 08:30:00,326038.5604168302,326019.0926020377
2024-02-19 12:30:00,326032.79645519593,326019.2986113259
2024-02-19 16:30:00,325992.49760468386,326019.42613151105
2024-02-19 20:30:00,326008.2744233833,326019.4429638099
2024-02-20 00:30:00,326020.7448093281,326019.4654378204
2024-02-20 04:30:00,326010.55763331614,326019.32837880903
2024-02-20 08:30:00,326022.10927489185,326019.2453349752
2024-02-20 12:30:00,326002.0765113213,326019.0275906056
2024-02-20 16:30:00,326014.1401685089,326019.00937509193
2024-02-20 20:30:00,326032.1475410052,326019.02273295086
2024-02-21 00:30:00,326036.6476582104,326018.8988417121
2024-02-21 04:30:00,326027.450941185,326018.84845657303
2024-02-21 08:30:00,326009.10840068466,326018.7741541762
2024-02-21 16:30:00,326008.24453550007,326019.0330233459
2024-02-21 20:30:00,325990.7507912475,326018.898481755
2024-02-22 00:30:00,326011.31962217955,326018.75335806364
2024-02-22 04:30:00,326008.5358751005,326018.67874538613
2024-02-22 08:30:00,326028.6827831404,326018.64963650325
2024-02-22 12:30:00,326026.4549097345,326018.70090768114
2024-02-22 16:30:00,326017.56155805767,326018.7475431855
2024-02-22 20:30:00,326010.20958491624,326018.72022707143
2024-02-23 00:30:00,326045.56927867624,326018.9562550769
2024-02-23 04:30:00,326028.9176203113,326019.05889926763
2024-02-23 08:30:00,325999.71935452055,326018.9887144511
2024-02-23 12:30:00,326032.43645959377,326019.14337606577
2024-02-23 16:30:00,326002.81650636013,326019.1630697089
2024-02-23 20:30:00,326016.9938439325,326019.1922281897
2024-02-24 00:30:00,326039.689826435,326019.2939862746
2024-02-24 04:30:00,326032.50457304413,326019.35527023533
2024-02-24 08:30:00,326017.0994364487,326019.20360239095
2024-02-24 12:30:00,326027.7382996699,326019.10442572006
2024-02-24 16:30:00,326019.59911004896,326019.10945409397
2024-02-24 20:30:00,326014.6619135248,326019.2600087742
2024-02-25 00:30:00,326057.7697359608,326019.55939615535
2024-02-25 04:30:00,326027.86643864634,326019.5869860673
2024-02-25 08:30:00,326007.16314229683,326019.5435486427
2024-02-25 12:30:00,326040.0388524043,326019.6221739231
2024-02-25 16:30:00,326047.48644809204,326019.8387713628
2024-02-25 20:30:00,325999.84637874423,326019.7925024783
2024-02-26 00:30:00,325982.900164328,326019.5530787088
2024-02-26 04:30:00,326020.38834382687,326019.505732561
2024-02-26 08:30:00,326013.6906653976,326019.3446275266
2024-02-26 12:30:00,326015.22323181183,326019.2334926483
2024-02-26 16:30:00,325992.7030501335,326019.03720365436
2024-02-26 20:30:00,326008.4154349322,326019.0088999563
2024-02-27 00:30:00,326034.807692938,326019.1857849094
2024-02-27 04:30:00,326031.1401054615,326019.3199025449
2024-02-27 08:30:00,326017.21853893256,326019.29037844215
2024-02-27 12:30:00,326029.2143003956,326019.31846513186
2024-02-27 16:30:00,326043.1809551957,326019.4336262062
2024-02-27 20:30:00,326028.40034831665,326019.5300256562
2024-02-28 00:30:00,326008.997017607,326019.4967154207
2024-02-28 04:30:00,326026.9195083835,326019.4784377392
2024-02-28 08:30:00,326033.4070252476,326019.64959351846
2024-02-28 12:30:00,326017.22253977554,326019.63111083186
2024-02-28 16:30:00,326042.4183966461,326019.6321380086
2024-02-28 20:30:00,326017.11394917796,326019.5882647779
2024-02-29 00:30:00,326024.55331217824,326019.7317187585
2024-02-29 04:30:00,326038.8324532169,326019.74507891573
2024-02-29 08:30:00,326000.51476475253,326019.56005879573
2024-02-29 12:30:00,326007.6348169912,326019.3984691076
2024-02-29 16:30:00,326043.45869548304,326019.656571619
2024-02-29 20:30:00,326029.8732526248,326019.8027453125
2024-03-01 00:30:00,326023.6073221216,326019.8158005304
2024-03-01 04:30:00,326017.28830383084,326019.7152713267
2024-03-01 08:30:00,326017.26668547065,326019.66222009726
2024-03-01 12:30:00,326037.5858972968,326019.7481333384
2024-03-01 16:30:00,326028.59739735763,326019.71072839666
2024-03-01 20:30:00,326046.3395459703,326019.7816389285
2024-03-02 00:30:00,326005.2232002341,326019.77404100285
2024-03-02 04:30:00,326032.8127439727,326019.89800343214
2024-03-02 08:30:00,326015.5235470226,326019.68736201664
2024-03-02 12:30:00,326001.87734406703,326019.4832139196
2024-03-02 16:30:00,326019.7309346208,326019.5954981097
2024-03-02 20:30:00,326047.1705458679,326019.8423738547
2024-03-03 00:30:00,326041.79611348803,326020.1507109612
2024-03-03 04:30:00,326027.4835447619,326020.15791385213
2024-03-03 08:30:00,326006.09833647084,326020.0408071468
2024-03-03 12:30:00,326000.0488455425,326019.9842848281
2024-03-03 16:30:00,326038.917257128,326020.1106062998
2024-03-03 20:30:00,326034.8747040115,326020.0376169176
2024-03-04 00:30:00,326040.6142691239,326020.2788216622
2024-03-04 04:30:00,326040.14778560196,326020.4141532833
2024-03-04 08:30:00,326025.7384933647,326020.31894910976
2024-03-04 12:30:00,326018.12880251964,326020.23952038964
2024-03-04 16:30:00,326017.6029365815,326020.2446558398
2024-03-04 20:30:00,326030.7693804061,326020.32765394135
2024-03-05 00:30:00,326033.3943422712,326020.39299347746
2024-03-05 04:30:00,326026.7482316234,326020.22087858606
2024-03-05 08:30:00,326007.636568541,326020.0260518288
2024-03-05 12:30:00,325998.3780434915,326020.067743477
2024-03-05 16:30:00,326005.009307891,326019.97829027456
2024-03-05 20:30:00,326018.1909986778,326019.8326953895
2024-03-06 00:30:00,326043.35917414894,326020.0903916169
2024-03-06 04:30:00,326033.91755707515,326020.30295990437
2024-03-06 08:30:00,326027.52778125,326020.3208964378
2024-03-06 12:30:00,325989.91262222023,326020.1562520865
2024-03-06 16:30:00,325989.28438494384,326020.14117111504
2024-03-06 20:30:00,326022.74514353665,326020.3259571811
2024-03-07 00:30:00,326043.87464947766,326020.5625899088
2024-03-07 04:30:00,326036.0656907016,326020.5790603626
2024-03-07 08:30:00,326022.73858920054,326020.5107871516
2024-03-07 12:30:00,325997.04818986356,326020.47540556814
2024-03-07 16:30:00,326008.935718832,326020.58386486897
2024-03-07 20:30:00,326034.4552912663,326020.71147008234
2024-03-08 00:30:00,326036.28124726284,326020.73715565057
2024-03-08 04:30:00,326014.7153374298,326020.73567659024
2024-03-08 08:30:00,326034.41000493045,326020.84410799964
2024-03-08 12:30:00,326018.551365948,326020.74220515776
2024-03-08 16:30:00,325996.0597064709,326020.772489139
2024-03-08 20:30:00,326018.81030702987,326020.81340114307
2024-03-09 00:30:00,326044.1516346985,326020.74120200484
2024-03-09 04:30:00,326043.64016356133,326020.64931373874
2024-03-09 08:30:00,326031.2765998639,326020.60603225004
2024-03-09 12:30:00,326034.5998043206,326020.83414557506
2024-03-09 16:30:00,326006.38702473696,326021.0455340898
2024-03-09 20:30:00,326026.91154673253,326021.10057410755
2024-03-10 00:30:00,326049.07899053977,326021.19819688285
2024-03-10 04:30:00,326019.46452758583,326021.18220926536
2024-03-10 08:30:00,326007.33244227816,326021.17166962964
2024-03-10 12:30:00,326040.02970183134,326021.2170592914
2024-03-10 16:30:00,326032.05782478524,326021.45264516433
2024-03-10 20:30:00,325987.4383605818,326021.43759344943
2024-03-11 00:30:00,326011.22173773,326021.3835302984
2024-03-11 04:30:00,326018.27725318307,326021.297462152
2024-03-11 08:30:00,325997.8143587965,326021.1534843081
2024-03-11 12:30:00,325997.32249668025,326020.899379092
2024-03-11 16:30:00,326013.03626795084,326020.99921595934
2024-03-11 20:30:00,325992.9212847638,326021.0928445153
2024-03-12 00:30:00,326047.7328699043,326021.25202115206
2024-03-12 04:30:00,326039.27273551136,326021.37064328406
2024-03-12 08:30:00,325998.90706512285,326021.2895149569
2024-03-12 12:30:00,326017.6300473439,326021.1947859599
2024-03-12 16:30:00,326040.3466523139,326021.2611783013
2024-03-12 20:30:00,326026.15512937243,326021.3524502693
2024-03-13 00:30:00,326010.5083532703,326021.253554922
2024-03-13 04:30:00,326033.5798444077,326021.17710350984
2024-03-13 08:30:00,326010.9166772997,326021.1059999525
2024-03-13 12:30:00,326014.0006361626,326020.95384987467
2024-03-13 16:30:00,326029.914408249,326020.94233147334
2024-03-13 20:30:00,326016.7764311376,326021.0565022562
2024-03-14 00:30:00,326018.5567413231,326021.0533839505
2024-03-14 04:30:00,326041.6870558158,326021.01317227265
2024-03-14 08:30:00,326012.3128474896,326020.9459190089
2024-03-14 12:30:00,326019.5317552358,326020.9622950848
2024-03-14 16:30:00,326040.2454461949,326020.9755397403
2024-03-14 20:30:00,325998.87390874664,326020.7848507556
2024-03-15 00:30:00,325996.9102046667,326020.64866807143
2024-03-15 04:30:00,326002.82557696884,326020.4647220889
2024-03-15 08:30:00,325977.97152065334,326020.23756017565
2024-03-15 12:30:00,326006.4950782397,326020.21993140725
2024-03-15 16:30:00,326046.0840761215,326020.3238210127
2024-03-15 20:30:00,326034.9125520872,326020.33834776643
2024-03-16 00:30:00,326027.9160027986,326020.38125337794
2024-03-16 04:30:00,326031.9291599102,326020.30590287014
2024-03-16 08:30:00,326000.6852449583,326020.19835333974
2024-03-16 12:30:00,325962.0312123147,326019.84251209267
2024-03-16 16:30:00,326026.97527163615,326019.76311922946
2024-03-16 20:30:00,326037.37941843155,326019.9253890151
2024-03-17 00:30:00,326024.3104988237,326020.0122139694
2024-03-17 04:30:00,326021.99793672503,326019.96440382657
2024-03-17 08:30:00,326021.0515360931,326020.0568731155
2024-03-17 12:30:00,325997.9932835177,326020.02634090843
2024-03-17 16:30:00,326014.1060049468,326020.0584566181
2024-03-17 20:30:00,326025.36939488543,326019.9889321529
2024-03-18 00:30:00,326019.9934205192,326019.9089859003
2024-03-18 04:30:00,326027.55164063274,326019.9316542609
2024-03-18 08:30:00,325996.2943951417,326019.76738633413
2024-03-18 12:30:00,326025.36445331335,326019.8530722055
2024-03-18 16:30:00,325968.5880984623,326019.6463975073
2024-03-18 20:30:00,326026.43940421415,326019.7480240335
2024-03-19 00:30:00,326065.58012264455,326020.0082042052
2024-03-19 04:30:00,326013.0850519018,326019.89306431264
2024-03-19 08:30:00,325980.54697556415,326019.8251136852
2024-03-19 12:30:00,326007.1035052797,326020.02214103006
2024-03-19 16:30:00,326000.781967247,326020.1141263812
2024-03-19 20:30:00,325990.68714034464,326019.98368180887
2024-03-20 00:30:00,326011.25637114106,326019.91837748006
2024-03-20 04:30:00,326020.0609529714,326019.9357517905
2024-03-20 08:30:00,326017.1867021282,326019.816345563
2024-03-20 12:30:00,326027.86103774153,326019.7887733985
2024-03-20 16:30:00,326000.84458505845,326019.83540457377
2024-03-20 20:30:00,326002.2837640195,326019.80193720304
2024-03-21 00:30:00,326048.67897501,326019.9579939945
2024-03-21 04:30:00,326037.3367075084,326020.107597761
2024-03-21 08:30:00,326010.6344211679,326020.0434924329
2024-03-21 12:30:00,326011.23590358737,326020.0946622221
2024-03-21 16:30:00,326021.2813947037,326020.13455734047
2024-03-21 20:30:00,326031.10022244096,326020.12870639877
2024-03-22 00:30:00,326025.1226560137,326020.0643209116
2024-03-22 04:30:00,326032.53806112293,326020.09274057613
2024-03-22 08:30:00,326013.1692022079,326020.11542661814
2024-03-22 12:30:00,326002.59160902957,326020.01807207597
2024-03-22 16:30:00,326024.24317945354,326020.1069534313
2024-03-22 20:30:00,326011.84694044595,326020.2241542602
2024-03-23 00:30:00,326032.75514576206,326020.3432405023
2024-03-23 04:30:00,326031.99989204964,326020.4735961519
2024-03-23 08:30:00,326029.25418419763,326020.4767706023
2024-03-23 12:30:00,326022.26750114217,326020.4535072213
2024-03-23 16:30:00,326024.98616326286,326020.49475502793
2024-03-23 20:30:00,326012.47433959786,326020.5073369984
2024-03-24 00:30:00,326022.56535855203,326020.3795374422
2024-03-24 04:30:00,326028.1216043656,326020.3751151314
2024-03-24 08:30:00,326031.90143960004,326020.5539044929
2024-03-24 12:30:00,326008.72264645493,326020.4221610865
2024-03-24 16:30:00,326023.145619924,326020.5351006064
2024-03-24 20:30:00,326041.641412639,326020.6720315437
2024-03-25 00:30:00,326031.3731716769,326020.6258279061
2024-03-25 04:30:00,326024.22286563384,326020.5798184204
2024-03-25 08:30:00,326024.96750986954,326020.62352993945
2024-03-25 12:30:00,326038.3510948056,326020.68248991243
2024-03-25 16:30:00,326005.34757012053,326020.60331469064
2024-03-25 20:30:00,326025.3016642765,326020.66242441704
2024-03-26 00:30:00,326011.9368710453,326020.4077973897
2024-03-26 04:30:00,326027.1153992431,326020.40362494864
2024-03-26 08:30:00,326013.4330394993,326020.43845771084
2024-03-26 12:30:00,325991.47889631434,326020.168680177
2024-03-26 16:30:00,326031.92949981656,326020.0822526866
2024-03-26 20:30:00,326032.09271341265,326020.2613989903
2024-03-27 00:30:00,326025.0561705708,326020.495599025
2024-03-27 04:30:00,326039.10906864255,326020.5996030517
2024-03-27 08:30:00,326028.170289644,326020.68004540866
2024-03-27 12:30:00,326022.54735976626,326020.72073500836
2024-03-27 16:30:00,326020.6708978942,326020.8761119404
2024-03-27 20:30:00,326015.46960426983,326020.91530177003
2024-03-28 00:30:00,326023.87921717647,326020.8545880158
2024-03-28 04:30:00,326045.52743781806,326020.93451764004
2024-03-28 08:30:00,325975.9932864,326020.70548845927
2024-03-28 12:30:00,326023.3760131391,326020.6730535301
2024-03-28 16:30:00,326031.25291036576,326020.60678661434
2024-03-28 20:30:00,326026.3872357145,326020.5956026555
2024-03-29 00:30:00,326009.8721925336,326020.6004647383
2024-03-29 04:30:00,326017.28442224074,326020.546936482
2024-03-29 08:30:00,326017.41462495044,326020.45808981376
2024-03-29 12:30:00,326015.64735417085,326020.4493387826
2024-03-29 16:30:00,326011.89573584154,326020.2797684448
2024-03-29 20:30:00,326021.4406180446,326020.3038054941
2024-03-30 00:30:00,326019.40455885703,326020.2752013089
2024-03-30 04:30:00,326042.6179279742,326020.29623172426
2024-03-30 08:30:00,326006.04908077524,326020.3269779244
2024-03-30 12:30:00,326007.6102742618,326020.32684157585
2024-03-30 16:30:00,326020.2850968232,326020.1980993611
2024-03-30 20:30:00,326048.06911140756,326020.29918746545
2024-03-31 00:30:00,326024.66548838234,326020.3050661669
2024-03-31 04:30:00,326034.63878178835,326020.4014577111
2024-03-31 08:30:00,326007.8880945921,326020.3493544284
2024-03-31 12:30:00,326018.59547584597,326020.24385208706
2024-03-31 16:30:00,326025.41687593795,326020.22618252365
2024-03-31 20:30:00,326007.71634631895,326020.01160919224
2024-04-01 00:30:00,325997.2568817635,326019.96735186735
2024-04-01 04:30:00,326044.0426484487,326020.0297402255
2024-04-01 08:30:00,326010.5995565796,326020.0023847231
2024-04-01 12:30:00,325974.6233815175,326019.85097382
2024-04-01 16:30:00,325999.4556545984,326019.7383333755
2024-04-01 20:30:00,326042.9735297008,326019.71501661907
2024-04-02 00:30:00,326027.83639305737,326019.6374626166
2024-04-02 04:30:00,326027.41261653305,326019.6370685709
2024-04-02 08:30:00,326011.8424682191,326019.668980414
2024-04-02 12:30:00,326001.7042003084,326019.6781768293
2024-04-02 16:30:00,326017.1649870954,326019.5573308847
2024-04-02 20:30:00,326033.556081389,326019.5500052034
2024-04-03 00:30:00,326020.7781375155,326019.4398044723
2024-04-03 04:30:00,326037.1191638674,326019.422978796
2024-04-03 08:30:00,325995.94438316487,326019.25745596155
2024-04-03 12:30:00,326002.7634200438,326019.1720927256
2024-04-03 16:30:00,326001.9321575654,326019.0850328421
2024-04-03 20:30:00,326043.03933443327,326019.15319925343
2024-04-04 00:30:00,326052.4136069079,326019.2588618347
2024-04-04 04:30:00,326022.16846602067,326019.2334186925
2024-04-04 08:30:00,326026.78864857473,326019.3398191371
2024-04-04 12:30:00,326042.76110684394,326019.5863917113
2024-04-04 16:30:00,326024.7546774856,326019.69608820905
2024-04-04 20:30:00,326030.0954141044,326019.76222385035
2024-04-05 00:30:00,326033.2462910246,326019.70604116627
2024-04-05 04:30:00,326009.8172811568,326019.5721507445
2024-04-05 08:30:00,326025.8688748167,326019.5629345976
2024-04-05 12:30:00,326025.3510460877,326019.75981473026
2024-04-05 16:30:00,326005.3867673906,326019.8492724105
2024-04-05 20:30:00,326017.74720566155,326019.82150608895
2024-04-06 00:30:00,326040.7262095953,326019.8040147563
2024-04-06 04:30:00,326028.6869888002,326019.76302196796
2024-04-06 08:30:00,325985.29996063403,326019.55502958706
2024-04-06 12:30:00,326027.8547894841,326019.7261773627
2024-04-06 16:30:00,326028.6220668512,326019.8355459628
2024-04-06 20:30:00,326005.26190772915,326019.67336049874
2024-04-07 00:30:00,326043.75560001866,326019.7148846807
2024-04-07 04:30:00,325997.07183991466,326019.61686525
2024-04-07 08:30:00,326019.0629522447,326019.53160384623
2024-04-07 12:30:00,325991.430564414,326019.38093272666
2024-04-07 16:30:00,326000.5902009361,326019.4061021403
2024-04-07 20:30:00,326038.88978710875,326019.5176548074
2024-04-08 00:30:00,326042.2495525348,326019.5070876843
2024-04-08 04:30:00,326002.7541969753,326019.27994342544
2024-04-08 08:30:00,326035.11326190695,326019.3012582146
2024-04-08 12:30:00,326032.2077462863,326019.2879690033
2024-04-08 16:30:00,326044.0220502539,326019.4970524784
2024-04-08 20:30:00,326015.7307101786,326019.4349367198
2024-04-09 00:30:00,325973.5224430423,326019.0151781226
2024-04-09 04:30:00,326016.0137596101,326018.99600718933
2024-04-09 08:30:00,326006.26026292855,326018.99005063745
2024-04-09 12:30:00,326021.08812887326,326018.8848196766
2024-04-09 16:30:00,326042.9401686694,326018.9452771425
2024-04-09 20:30:00,326025.9242527613,326019.15908765467
2024-04-10 00:30:00,326035.54345055105,326019.29420828144
2024-04-10 04:30:00,326007.7084420006,326019.23549266375
2024-04-10 08:30:00,326007.56205398083,326019.28964652587
2024-04-10 12:30:00,326013.96883522597,326019.38212618453
2024-04-10 16:30:00,326017.3962370384,326019.406348235
2024-04-10 20:30:00,326016.87460633705,326019.5394222437
2024-04-11 00:30:00,326018.1841544623,326019.37526271347
2024-04-11 04:30:00,326008.9579637913,326019.2068473151
2024-04-11 08:30:00,326003.8575540654,326019.2343500314
2024-04-11 12:30:00,326015.6285582567,326019.2232306476
2024-04-11 16:30:00,326029.44416979427,326019.1626613002
2024-04-11 20:30:00,326027.8361736446,326019.17200043506
2024-04-12 00:30:00,326034.6090342067,326019.30589310697
2024-04-12 04:30:00,326018.84426271875,326019.22402876423
2024-04-12 08:30:00,325978.4222475809,326019.04350415466
2024-04-12 12:30:00,325994.581922803,326018.9356224138
2024-04-12 16:30:00,326029.61834666587,326018.9339776272
2024-04-12 20:30:00,326034.95918549795,326019.03499292926
2024-04-13 00:30:00,326024.88581551926,326019.0701544525
2024-04-13 04:30:00,326023.59728400694,326018.9696557203
2024-04-13 08:30:00,326007.3124868536,326018.94187593897
2024-04-13 12:30:00,326023.94705239066,326018.96640536754
2024-04-13 16:30:00,326032.74760507914,326018.9247506948
2024-04-13 20:30:00,326019.72321585595,326019.04058017867
2024-04-14 00:30:00,326031.3216233236,326019.23175472673
2024-04-14 04:30:00,326031.2413095845,326019.389619908
2024-04-14 08:30:00,325976.5952242513,326019.38197381684
2024-04-14 12:30:00,325997.7292621256,326019.3332748384
2024-04-14 16:30:00,326027.47287707287,326019.2298792882
2024-04-14 20:30:00,326058.56676828087,326019.3612916004
2024-04-15 00:30:00,326020.6541123003,326019.32094776427
2024-04-15 04:30:00,326021.6589127882,326019.2638908358
2024-04-15 08:30:00,325995.8843597423,326019.2372192512
2024-04-15 12:30:00,326007.2594503074,326019.4884872401
2024-04-15 16:30:00,326021.60550098727,326019.45865518093
2024-04-15 20:30:00,326036.7002597637,326019.45488207723
2024-04-16 00:30:00,326017.1329382278,326019.4150067406
2024-04-16 04:30:00,326025.6774691983,326019.4354485877
2024-04-16 08:30:00,326006.33479544043,326019.3536889174
2024-04-16 12:30:00,326021.64137215307,326019.4850671875
2024-04-16 16:30:00,326036.96316238336,326019.6120513955
2024-04-16 20:30:00,326051.1248599077,326019.75513731234
2024-04-17 00:30:00,326027.72640725214,326019.7980983497
2024-04-17 04:30:00,326014.3115513859,326019.72454229835
2024-04-17 08:30:00,326021.6928104699,326019.8656446057
2024-04-17 12:30:00,326027.66218856396,326019.8784098016
2024-04-17 16:30:00,326032.52290428116,326020.23360316723
2024-04-17 20:30:00,326023.6306173559,326020.2179987958
2024-04-18 00:30:00,326006.3774214179,326019.8890949001
2024-04-18 04:30:00,326003.3362130091,326019.83493468404
2024-04-18 08:30:00,326004.9670322969,326019.97060166585
2024-04-18 12:30:00,326010.7089740359,326019.9906320479
2024-04-18 16:30:00,326013.5264216547,326020.0614345723
2024-04-18 20:30:00,326024.14084654953,326020.24728849577
2024-04-19 00:30:00,326043.85690098937,326020.42840255046
2024-04-19 04:30:00,326013.1051137901,326020.3897589994
2024-04-19 08:30:00,326005.37293753785,326020.3241269739
2024-04-19 12:30:00,326036.32282022014,326020.3711368766
2024-04-19 16:30:00,326020.33403624466,326020.47941160534
2024-04-19 20:30:00,326008.8432801377,326020.51585336163
2024-04-20 00:30:00,326025.42913078156,326020.3866875603
2024-04-20 04:30:00,326018.3608290816,326020.28126601357
2024-04-20 08:30:00,325994.245190523,326020.19021473214
2024-04-20 12:30:00,326039.15367980447,326020.3453134889
2024-04-20 16:30:00,326009.17608434986,326020.2780617647
2024-04-20 20:30:00,326019.5423461519,326020.2138513409
2024-04-21 00:30:00,326043.6089063948,326020.31655273197
2024-04-21 04:30:00,326023.47739612183,326020.26621570415
2024-04-21 08:30:00,326005.1153038614,326020.22147182445
2024-04-21 12:30:00,326049.00992472924,326020.47935135604
2024-04-21 16:30:00,326017.30321994534,326020.44079602545
2024-04-21 20:30:00,326004.94174197933,326020.4024338118
2024-04-22 00:30:00,326038.22645950137,326020.4328299992
2024-04-22 04:30:00,326017.0010054133,326020.3495028513
2024-04-22 08:30:00,325994.4352305737,326020.15606422
2024-04-22 12:30:00,326036.8204250898,326020.2369137975
2024-04-22 16:30:00,326017.05503527174,326020.1928519753
2024-04-22 20:30:00,326011.7737745607,326020.1889599474
2024-04-23 00:30:00,326040.5655199879,326020.2889608443
2024-04-23 04:30:00,326035.4268810514,326020.32954571466
2024-04-23 08:30:00,326014.2913960952,326020.2317121397
2024-04-23 12:30:00,326024.2875074005,326020.3181835894
2024-04-23 16:30:00,326026.9008861606,326020.3390461795
2024-04-23 20:30:00,326012.27277969714,326020.1758871076
2024-04-24 00:30:00,326038.5668916147,326020.2158522184
2024-04-24 04:30:00,326016.0541106396,326020.17047024623
2024-04-24 08:30:00,325985.41128922644,326019.95071346493
2024-04-24 12:30:00,326033.6204184848,326019.9244319298
2024-04-24 16:30:00,326032.8761318572,326020.0773683838
2024-04-24 20:30:00,326017.10152950283,326020.03181207954
2024-04-25 00:30:00,326026.8997741241,326020.11493931885
2024-04-25 04:30:00,326030.43682860886,326020.13339170424
2024-04-25 08:30:00,326000.81556162884,326020.06329460494
2024-04-25 12:30:00,326004.4403035358,326020.13530242286
2024-04-25 16:30:00,326034.8810217445,326020.1516997669
2024-04-25 20:30:00,326012.2043535001,326020.0412088785
2024-04-26 00:30:00,326031.9926475666,326020.0797448618
2024-04-26 04:30:00,326025.2970681473,326020.0030115257
2024-04-26 08:30:00,325992.2359920794,326019.8033765392
2024-04-26 12:30:00,326029.6955010274,326019.8430884351
2024-04-26 16:30:00,326047.958875989,326019.99468831345
2024-04-26 20:30:00,325987.4660808183,326019.83911318314
2024-04-27 00:30:00,326020.40105289425,326019.8197900483
2024-04-27 04:30:00,326048.3934897568,326019.83571255906
2024-04-27 08:30:00,326025.3513555634,326020.1099240544
2024-04-27 12:30:00,326005.31773282855,326020.0096002749
2024-04-27 16:30:00,326027.2109662646,326019.98714502994
2024-04-27 20:30:00,326019.3011232911,326019.9477777386
2024-04-28 00:30:00,325998.39750703017,326019.88402948587
2024-04-28 04:30:00,326020.21141671814,326019.90029056626
2024-04-28 08:30:00,326008.0757240523,326019.8484077835
2024-04-28 12:30:00,326031.71253779385,326019.9376588036
2024-04-28 16:30:00,326043.6443973315,326020.11404025636
2024-04-28 20:30:00,326020.94711149455,326020.1112985533
2024-04-29 00:30:00,326019.6783048455,326020.11281936435
2024-04-29 04:30:00,326004.6553273586,326019.90191602753
2024-04-29 08:30:00,326024.04780959775,326020.0019089655
2024-04-29 12:30:00,326016.02678846446,326020.04866737773
2024-04-29 16:30:00,326036.08500762057,326020.13644465996
2024-04-29 20:30:00,326025.4820939177,326020.01096122945
2024-04-30 00:30:00,326001.72022344556,326019.88348753535
2024-04-30 04:30:00,326026.835210728,326019.84013436275
2024-04-30 08:30:00,326004.5311516196,326019.82148467965
2024-04-30 12:30:00,326046.3879096932,326019.9758870899
2024-04-30 16:30:00,326035.7094014048,326020.03306778695
2024-04-30 20:30:00,326013.3088706242,326020.0641373664
2024-05-01 00:30:00,325994.9723418771,326020.0514454781
2024-05-01 04:30:00,325974.64376859396,326019.6658961456
2024-05-01 08:30:00,325997.21798631747,326019.5915540886
2024-05-01 12:30:00,326035.42209243454,326019.92932470486
2024-05-01 16:30:00,326039.99039856705,326020.15451772686
2024-05-01 20:30:00,326043.97890117706,326020.1601031239
2024-05-02 00:30:00,326027.9007091402,326020.1604604355
2024-05-02 04:30:00,326005.23287652805,326020.0372396577
2024-05-02 08:30:00,326022.4869507375,326020.0963756717
2024-05-02 12:30:00,326016.8548065601,326020.1805457064
2024-05-02 16:30:00,325999.6162305842,326020.0830526147
2024-05-02 20:30:00,326032.84952759126,326020.0791273158
2024-05-03 00:30:00,326035.22712100996,326020.15939944633
2024-05-03 04:30:00,325992.20229178504,326019.90986126807
2024-05-03 08:30:00,326001.9721419071,326019.94334881665
2024-05-03 12:30:00,326055.11551614554,326020.234193795
2024-05-03 16:30:00,326019.6474620329,326020.3326121532
2024-05-03 20:30:00,326058.3126209151,326020.4174637447
2024-05-04 00:30:00,326042.1277628203,326020.3603201665
2024-05-04 04:30:00,326019.33224106167,326020.34456336114
2024-05-04 08:30:00,326019.9734772259,326020.30670129805
2024-05-04 12:30:00,326043.9231582328,326020.3131571391
2024-05-04 16:30:00,326021.5588750331,326020.2954026811
2024-05-04 20:30:00,326041.75372089667,326020.3601710521
2024-05-05 00:30:00,326019.89553753735,326020.2860001994
2024-05-05 04:30:00,326021.493645571,326020.3508688906
2024-05-05 08:30:00,326043.27918046154,326020.4475928109
2024-05-05 12:30:00,326026.1925288177,326020.4522677149
2024-05-05 16:30:00,326013.2081599376,326020.49571989576
2024-05-05 20:30:00,326035.4191144388,326020.5938971667
2024-05-06 00:30:00,326043.08855117654,326020.6070212867
2024-05-06 04:30:00,326005.07188533165,326020.4758262674
2024-05-06 08:30:00,326021.3740922046,326020.6762381095
2024-05-06 12:30:00,326015.3572052,326020.60680708557
2024-05-06 16:30:00,326034.6124976218,326020.64008725656
2024-05-06 20:30:00,326020.3837920529,326020.724097725
2024-05-07 00:30:00,326027.7919475862,326020.6354107671
2024-05-07 04:30:00,326026.8481696541,326020.80083482113
2024-05-07 08:30:00,326024.84245411167,326020.8329431649
2024-05-07 12:30:00,326037.40874925326,326021.0883775251
2024-05-07 16:30:00,326035.2379576283,326021.28086506226
2024-05-07 20:30:00,326006.6666646092,326021.101847715
2024-05-08 00:30:00,326043.2687851737,326021.1075101186
2024-05-08 04:30:00,326031.521115789,326021.26732633426
2024-05-08 08:30:00,326005.5320181429,326021.10298609117
2024-05-08 12:30:00,326013.26564515446,326020.9977521959
2024-05-08 16:30:00,326037.80615270545,326020.96321943175
2024-05-08 20:30:00,326013.8564446533,326020.9528068455
2024-05-09 00:30:00,326039.29514994513,326021.3182107727
2024-05-09 04:30:00,326027.7728488767,326021.38353904645
2024-05-09 08:30:00,326022.2569690911,326021.47240963625
2024-05-09 12:30:00,326025.0942441734,326021.4946658323
2024-05-09 16:30:00,326016.64989008376,326021.34860872914
2024-05-09 20:30:00,326011.2062157547,326021.2668418569
2024-05-10 00:30:00,326026.8093433943,326021.2183190393
2024-05-10 04:30:00,326025.10157267045,326021.314947543
2024-05-10 08:30:00,325996.0356317195,326021.2509118638
2024-05-10 12:30:00,326010.18808636017,326021.22990770347
2024-05-10 16:30:00,326048.1431774139,326021.40072403883
2024-05-10 20:30:00,326033.9873742093,326021.4957949715
2024-05-11 00:30:00,326035.18833517074,326021.59026264213
2024-05-11 04:30:00,326029.75436004583,326021.7057981768
2024-05-11 08:30:00,326010.5076810034,326021.74274332647
2024-05-11 12:30:00,326014.24234506005,326021.73504214204
2024-05-11 16:30:00,326020.5251332136,326021.68549193884
2024-05-11 20:30:00,325998.4796339706,326021.5224000518
2024-05-12 00:30:00,326026.57783722505,326021.4777822908
2024-05-12 04:30:00,326022.75472522667,326021.4995070825
2024-05-12 08:30:00,325998.6153397062,326021.6116909276
2024-05-12 12:30:00,326014.9411942541,326021.7247979912
2024-05-12 16:30:00,326043.26906603196,326021.8006353211
2024-05-12 20:30:00,326046.1310198295,326021.8627010673
2024-05-13 00:30:00,325984.59287301975,326021.6388513867
2024-05-13 04:30:00,326016.55825000175,326021.5997456423
2024-05-13 08:30:00,326015.35508653056,326021.6444267516
2024-05-13 12:30:00,326022.4110963805,326021.63589366263
2024-05-13 20:30:00,326028.23502968356,326021.62136909517
2024-05-14 00:30:00,326021.4974862317,326021.56648564764
2024-05-14 04:30:00,326033.9649491564,326021.58170151117
2024-05-14 08:30:00,326001.7941036613,326021.7224773738
2024-05-14 12:30:00,326003.6232566293,326021.75540471746
2024-05-14 16:30:00,326033.2872734139,326021.78788737854
2024-05-14 20:30:00,326056.931069731,326021.77874939784
2024-05-15 00:30:00,326039.458125568,326021.8837997513
2024-05-15 04:30:00,326029.3328137202,326021.9266707062
2024-05-15 08:30:00,326030.71262160485,326022.12124200154
2024-05-15 12:30:00,326031.0825466818,326022.2543319255
2024-05-15 16:30:00,326040.66410492203,326022.3608045731
2024-05-15 20:30:00,326025.6603570454,326022.29912913893
2024-05-16 00:30:00,326015.6384378625,326022.29077997484
2024-05-16 04:30:00,326036.44018569775,326022.35090688267
2024-05-16 08:30:00,326031.08128625434,326022.4891554347
2024-05-16 12:30:00,326007.4457113628,326022.4098500672
2024-05-16 16:30:00,326018.96543115325,326022.3093040827
2024-05-16 20:30:00,326057.0829495172,326022.3425894994
2024-05-17 00:30:00,326031.3886140516,326022.36304875533
2024-05-17 04:30:00,325990.47888782487,326022.22990538354
2024-05-17 08:30:00,326048.85606055945,326022.381655384
2024-05-17 12:30:00,326041.2019053177,326022.45729625976
2024-05-17 16:30:00,326028.48758941283,326022.4347526012
2024-05-17 20:30:00,326037.3986825955,326022.5116691668
2024-05-18 00:30:00,326018.74336650973,326022.5807526589
2024-05-18 04:30:00,326037.49926103896,326022.7716076758
2024-05-18 08:30:00,326040.4337176331,326022.9697455828
2024-05-18 12:30:00,326022.16038302635,326023.0337199347
2024-05-18 16:30:00,326025.64219809003,326023.1014058365
2024-05-18 20:30:00,326041.34625224734,326023.19752542145
2024-05-19 00:30:00,326044.1928978473,326023.19940249884
2024-05-19 04:30:00,326008.80612077547,326023.1753857781
2024-05-19 08:30:00,326038.98577895795,326023.363167015
2024-05-19 12:30:00,326050.3956765548,326023.4417863242
2024-05-19 16:30:00,326047.1052344058,326023.5913460905
2024-05-19 20:30:00,326045.8230759567,326023.7979371285
2024-05-20 00:30:00,326001.8104778063,326023.6659893466
2024-05-20 04:30:00,326038.2979760119,326023.7773700557
2024-05-20 08:30:00,326041.86084709276,326024.0433793102
2024-05-20 12:30:00,326028.7976330984,326023.9855243008
2024-05-20 16:30:00,326030.8833494148,326024.10679393803
2024-05-20 20:30:00,326023.17872036237,326024.1271088777
2024-05-21 00:30:00,326030.37463111174,326024.0531743789
2024-05-21 04:30:00,325973.8932228409,326023.7761678242
2024-05-21 08:30:00,326009.10582613526,326023.7984612448
2024-05-21 12:30:00,326017.0549437881,326023.6199417982
2024-05-21 16:30:00,326043.42744523427,326023.7658871909
2024-05-21 20:30:00,326038.9594582699,326023.95593029866
2024-05-22 00:30:00,326003.8137768579,326023.7636806749
2024-05-22 04:30:00,326028.1380398934,326023.82589874463
2024-05-22 08:30:00,326049.3841635789,326024.13287602406
2024-05-22 12:30:00,326058.32831166167,326024.2530318149
2024-05-22 16:30:00,326031.97639886284,326024.33639138803
2024-05-22 20:30:00,326024.77611089806,326024.4090301385
2024-05-23 00:30:00,326056.06093733985,326024.4955967159
2024-05-23 04:30:00,326006.349669873,326024.3331541954
2024-05-23 08:30:00,325997.852571485,326024.24131718633
2024-05-23 12:30:00,326031.09583778743,326024.2793525516
2024-05-23 16:30:00,326054.3741736666,326024.4328346048
2024-05-23 20:30:00,326007.7041130385,326024.4073113274
2024-05-24 00:30:00,326014.929710832,326024.2752600381
2024-05-24 04:30:00,326024.8742862703,326024.32453476224
2024-05-24 08:30:00,326007.70664444496,326024.44908981933
2024-05-24 12:30:00,326048.65061505313,326024.533057398
2024-05-24 16:30:00,326026.6884022588,326024.49848907616
2024-05-24 20:30:00,325977.03768035036,326024.2746686899
2024-05-25 00:30:00,326009.23915315786,326024.17600600293
2024-05-25 04:30:00,326016.94231017714,326024.1006176317
2024-05-25 08:30:00,325976.8334940137,326023.9666396004
2024-05-25 12:30:00,326024.0527226304,326024.0762061875
2024-05-25 16:30:00,326029.25389147014,326024.04476970545
2024-05-25 20:30:00,326025.91466462065,326024.12136362237
2024-05-26 00:30:00,326033.74996037607,326024.1311810124
2024-05-26 04:30:00,326020.9081761175,326024.1066620625
2024-05-26 08:30:00,326005.8019891386,326024.1824497556
2024-05-26 12:30:00,326025.76696117205,326024.1605026056
2024-05-26 16:30:00,326045.1840673219,326024.1450008811
2024-05-26 20:30:00,326025.59571153275,326024.3580155779
2024-05-27 00:30:00,326012.2607373142,326024.31253895455
2024-05-27 04:30:00,326023.13801213313,326024.17144690076
2024-05-27 08:30:00,326005.7298729449,326024.0618296794
2024-05-27 12:30:00,326021.6032171443,326024.1528100387
2024-05-27 16:30:00,326032.9774628331,326024.1850251034
2024-05-27 20:30:00,326021.88365056884,326024.19945263007
2024-05-28 00:30:00,326025.2495578148,326024.34946408693
2024-05-28 04:30:00,326014.28906881675,326024.3163783445
2024-05-28 08:30:00,326005.44773251005,326024.3016968275
2024-05-28 12:30:00,326022.1260441481,326024.2481409971
2024-05-28 16:30:00,326036.369747314,326024.2075004942
2024-05-28 20:30:00,326026.61869573366,326024.2391853223
2024-05-29 00:30:00,326014.28060238494,326024.2090305599
2024-05-29 04:30:00,326031.7755995819,326024.3605404607
2024-05-29 08:30:00,326020.55543196906,326024.3410299711
2024-05-29 12:30:00,326029.1843566271,326024.4145359385
2024-05-29 16:30:00,326044.7087702776,326024.46271338355
2024-05-29 20:30:00,326028.883556148,326024.48171596584
2024-05-30 00:30:00,326002.00823015906,326024.4833249419
2024-05-30 04:30:00,326012.88507173094,326024.40539120446
2024-05-30 08:30:00,326024.85716703616,326024.51894436317
2024-05-30 12:30:00,326012.97279097146,326024.3322677223
2024-05-30 16:30:00,326040.6126876908,326024.3596603831
2024-05-30 20:30:00,326045.0704231645,326024.53709922417
2024-05-31 00:30:00,326035.4067361559,326024.76298969495
2024-05-31 04:30:00,326024.5746870759,326025.0419333736
2024-05-31 08:30:00,326032.7235217455,326025.2402883201
2024-05-31 12:30:00,326036.8622818365,326025.248334071
2024-05-31 16:30:00,326018.87523116416,326025.13037224195
2024-05-31 20:30:00,326034.1234075049,326025.07531361806
2024-06-01 00:30:00,326023.8869843626,326025.0528905746
2024-06-01 04:30:00,326016.7944094159,326025.11748014385
2024-06-01 08:30:00,326052.2124623161,326025.2835444544
2024-06-01 12:30:00,326035.28367363603,326025.38649901905
2024-06-01 16:30:00,326026.0339392773,326025.53408398374
2024-06-01 20:30:00,326047.62344736565,326025.6166198485
2024-06-02 00:30:00,326030.0768616771,326025.5878474499
2024-06-02 04:30:00,325999.9199325587,326025.6309627615
2024-06-02 08:30:00,326030.3921925659,326025.7897339943
2024-06-02 12:30:00,326026.3827407073,326025.6292156957
2024-06-02 16:30:00,326017.88075386634,326025.61934581766
2024-06-02 20:30:00,326019.0647908671,326025.4000841973
2024-06-03 00:30:00,326018.5489402711,326025.26835893164
2024-06-03 04:30:00,326019.1064424171,326025.26709748665
2024-06-03 08:30:00,326013.91778530425,326025.2332668056
2024-06-03 12:30:00,326030.9742958229,326025.16092679213
2024-06-03 16:30:00,325999.62703303096,326025.03840253514
2024-06-03 20:30:00,325995.4039073464,326024.77946502925
2024-06-04 00:30:00,326040.68477998505,326024.8956060485
2024-06-04 04:30:00,326012.9434621599,326024.84783966077
2024-06-04 08:30:00,326012.69556990446,326024.6769815012
2024-06-04 12:30:00,326040.09383120254,326024.7546424084
2024-06-04 16:30:00,326017.96635990747,326024.7812245311
2024-06-04 20:30:00,326010.4415278673,326024.64168494137
2024-06-05 00:30:00,326021.1849931511,326024.51931869535
2024-06-05 04:30:00,326019.094577208,326024.5976577561
2024-06-05 08:30:00,326017.57657423936,326024.576442572
2024-06-05 12:30:00,326051.7379445419,326024.7796869259
2024-06-05 16:30:00,326017.76667778817,326024.6855762005
2024-06-05 20:30:00,326010.25288700144,326024.6289789657
2024-06-06 00:30:00,326025.2547342126,326024.6148045892
2024-06-06 04:30:00,326007.56911511056,326024.5071003739
2024-06-06 08:30:00,326022.51304681983,326024.49408692535
2024-06-06 12:30:00,326040.99244358536,326024.514107564
2024-06-06 16:30:00,326030.72770018363,326024.48891059513
2024-06-06 20:30:00,325996.5842631704,326024.4325843301
2024-06-07 00:30:00,325998.2417668511,326024.18103674165
2024-06-07 04:30:00,326012.3885732623,326024.0741510292
2024-06-07 08:30:00,326032.1655891613,326024.2229419288
2024-06-07 12:30:00,326047.36454727146,326024.4134385886
2024-06-07 16:30:00,326032.143812277,326024.3818054018
2024-06-07 20:30:00,326010.296584873,326024.36191791715
2024-06-08 00:30:00,326010.3406716092,326024.2001610549
2024-06-08 04:30:00,326004.5488736507,326024.07041817653
2024-06-08 08:30:00,326005.161305101,326023.9749116738
2024-06-08 12:30:00,326040.0782270001,326024.058621075
2024-06-08 16:30:00,326057.2748015265,326024.2855758876
2024-06-08 20:30:00,326029.7496354804,326024.38917041116
2024-06-09 00:30:00,326003.98968722596,326024.2616862985
2024-06-09 04:30:00,326019.9757511126,326024.23305042385
2024-06-09 08:30:00,326034.3221905363,326024.4469418139
2024-06-09 12:30:00,326026.2775951698,326024.536827338
2024-06-09 16:30:00,326059.97702164477,326024.60293819965
2024-06-09 20:30:00,326045.1592739655,326024.6653510474
2024-06-10 00:30:00,326013.61674721044,326024.54483938275
2024-06-10 04:30:00,326026.4713073732,326024.5264983064
2024-06-10 08:30:00,326015.6690990927,326024.55533304444
2024-06-10 12:30:00,326029.0854903136,326024.63825564354
2024-06-10 16:30:00,326048.0043962945,326024.79177107976
2024-06-10 20:30:00,326014.97212145576,326024.88390788133
2024-06-11 00:30:00,325996.7717112903,326024.7173932114
2024-06-11 04:30:00,326031.9977685303,326024.7690303247
2024-06-11 08:30:00,326006.3059021842,326024.81199436093
2024-06-11 12:30:00,326006.48302327516,326024.76474200905
2024-06-11 16:30:00,326038.3632466037,326024.73733519664
2024-06-11 20:30:00,326030.66797723906,326024.6509494839
2024-06-12 00:30:00,326017.84805196896,326024.8367326065
2024-06-12 04:30:00,326024.2510829426,326024.87970932684
2024-06-12 08:30:00,326009.6869486577,326024.84804375214
2024-06-12 12:30:00,326037.5632416572,326024.93269260845
2024-06-12 16:30:00,326049.57494735584,326025.0695940237
2024-06-12 20:30:00,326056.80503231153,326025.2283162605
2024-06-13 00:30:00,326032.09851364675,326025.2872108573
2024-06-13 04:30:00,326031.49767049856,326025.2735037536
2024-06-13 08:30:00,326034.7057606059,326025.45634629217
2024-06-13 12:30:00,326035.83409948094,326025.6352954192
2024-06-13 16:30:00,326035.375575627,326025.6468970981
2024-06-13 20:30:00,326030.16040518915,326025.4981711839
2024-06-14 00:30:00,326027.5478907808,326025.432003213
2024-06-14 04:30:00,326025.3449161324,326025.4098482263
2024-06-14 08:30:00,326044.38792334194,326025.4858221249
2024-06-14 12:30:00,326034.35288206,326025.5039906547
2024-06-14 16:30:00,326021.6436445611,326025.39832143055
2024-06-14 20:30:00,326026.73006316595,326025.40426424233
2024-06-15 00:30:00,326037.5375285008,326025.52592585696
2024-06-15 04:30:00,326026.2743762078,326025.46944913757
2024-06-15 08:30:00,326015.5421416311,326025.38312055636
2024-06-15 12:30:00,326033.2129680128,326025.5262719822
2024-06-15 16:30:00,326022.9448749609,326025.5483800033
2024-06-15 20:30:00,326036.0119397779,326025.43131883803
2024-06-16 00:30:00,326015.5575851435,326025.3433686775
2024-06-16 04:30:00,326023.45613334805,326025.52657559706
2024-06-16 08:30:00,326031.31314883044,326025.4291149764
2024-06-16 12:30:00,326034.84789554274,326025.393814922
2024-06-16 16:30:00,326034.9986804283,326025.42998764996
2024-06-16 20:30:00,326021.6151698301,326025.3423014679
2024-06-17 00:30:00,326027.084646128,326025.3886419102
2024-06-17 04:30:00,326027.3508984915,326025.33226211835
2024-06-17 08:30:00,326033.760400176,326025.29518813244
2024-06-17 12:30:00,326032.1889462599,326025.35090237256
2024-06-17 16:30:00,326024.39535219135,326025.34397545096
2024-06-17 20:30:00,326037.6207537377,326025.32327823696
2024-06-18 00:30:00,326022.9372829598,326025.2051914877
2024-06-18 04:30:00,326005.05393861455,326025.18434603116
2024-06-18 08:30:00,326024.9317483306,326025.10626808327
2024-06-18 12:30:00,326040.5853478997,326025.0517662574
2024-06-18 16:30:00,326040.36807565496,326025.01433759765
2024-06-18 20:30:00,326022.0427022645,326024.8822244105
2024-06-19 00:30:00,326028.8217132753,326025.0322868297
2024-06-19 04:30:00,326012.3436024505,326024.88809586555
2024-06-19 08:30:00,326032.2657197469,326024.83478960255
2024-06-19 12:30:00,326038.97724135034,326024.89134298166
2024-06-19 16:30:00,326022.3577933712,326024.84397878137
2024-06-19 20:30:00,326001.24700926547,326024.72213594196
2024-06-20 00:30:00,326045.9396422714,326024.8086082262
2024-06-20 04:30:00,326017.871911796,326025.052934276
2024-06-20 08:30:00,325996.57521375926,326024.9833197628
2024-06-20 12:30:00,326032.6329922338,326025.06986447633
2024-06-20 16:30:00,326009.8334851377,326024.8832313647
2024-06-20 20:30:00,325996.1245176233,326024.6452594722
2024-06-21 00:30:00,326025.19540578016,326024.76404629956
2024-06-21 04:30:00,326014.4806978628,326024.6881721771
2024-06-21 08:30:00,326006.08036436705,326024.4475955149
2024-06-21 12:30:00,326034.38384959125,326024.3145707256
2024-06-21 16:30:00,326029.4156762419,326024.3003444889
2024-06-21 20:30:00,325983.72869663744,326024.0723032985
2024-06-22 00:30:00,326024.30586947984,326023.8958862548
2024-06-22 04:30:00,326012.74782404205,326023.9314315558
2024-06-22 08:30:00,326007.88151865057,326023.9871479289
2024-06-22 12:30:00,326029.6853311283,326023.9793117808
2024-06-22 16:30:00,326037.982675342,326023.8882479012
2024-06-22 20:30:00,326003.23884797766,326023.8634408731
2024-06-23 00:30:00,326043.34571733954,326024.021307576
2024-06-23 04:30:00,326027.0448657594,326024.03336635086
2024-06-23 08:30:00,325997.3494877523,326023.9758265915
2024-06-23 12:30:00,326034.265667274,326023.89591021487
2024-06-23 16:30:00,326035.6056313146,326023.94545037637
2024-06-23 20:30:00,326013.48227130086,326024.147920326
2024-06-24 00:30:00,326033.5128011378,326024.2827739259
2024-06-24 04:30:00,326043.83392559265,326024.43217178935
2024-06-24 08:30:00,326005.5581565607,326024.59175324795
2024-06-24 12:30:00,326023.2943551312,326024.5875400952
2024-06-24 16:30:00,326039.3342126885,326024.6435418797
2024-06-24 20:30:00,326009.73899409967,326024.55367704347
2024-06-25 00:30:00,326020.86610054836,326024.48210004444
2024-06-25 04:30:00,326046.4078695399,326024.6237650079
2024-06-25 08:30:00,326010.6429917795,326024.65065946704
2024-06-25 12:30:00,326028.9913013656,326024.6685724681
2024-06-25 16:30:00,326043.0570190869,326024.6567555334
2024-06-25 20:30:00,326024.45813899365,326024.650435686
2024-06-26 00:30:00,326000.547542609,326024.5853623821
2024-06-26 04:30:00,326025.3387198526,326024.5975885361
2024-06-26 08:30:00,326049.3508933195,326024.83992753824
2024-06-26 12:30:00,326015.5402419005,326024.80624434236
2024-06-26 16:30:00,326064.58881860506,326024.9818629855
2024-06-26 20:30:00,326037.0866431226,326025.06632405537
2024-06-27 04:30:00,326050.4420227619,326025.2672722128
2024-06-27 08:30:00,326014.09251657873,326025.31556709576
2024-06-27 12:30:00,326026.5910186143,326025.34051108727
2024-06-27 16:30:00,326022.27759772306,326025.26178399456
2024-06-27 20:30:00,326043.0200724968,326025.3534117978
2024-06-28 00:30:00,326034.7305160574,326025.4676571255
2024-06-28 04:30:01,326041.2259613701,326025.52045244275
2024-06-28 16:30:00,326040.6511610831,326025.5048790365
2024-06-29 00:30:01,326007.04739296064,326025.5143136143
2024-06-29 04:30:00,326034.72966282954,326025.6384306092
2024-06-29 08:30:00,326022.30033270223,326025.62390314136
2024-06-29 12:30:00,326017.7229345128,326025.65089259326
2024-06-29 16:30:01,326035.9973519478,326025.6246690947
2024-06-30 00:30:00,326010.25047790067,326025.3698004529
2024-06-30 04:30:00,326014.0951654979,326025.3099174724
2024-06-30 12:30:00,326041.94750274776,326025.2965359588
2024-06-30 16:30:00,326016.70521599415,326025.2840646074
2024-06-30 20:30:01,326026.0208256943,326025.2374980452
2024-07-01 00:30:00,326017.9380723555,326025.2033088958
2024-07-01 04:30:00,326035.3113568658,326025.30972813396
2024-07-01 08:30:00,326046.408408256,326025.2763715014
2024-07-01 12:30:00,326031.5810056955,326025.2550918006
2024-07-01 16:30:00,326024.65141958685,326025.24714628514
2024-07-01 20:30:00,326045.10281405813,326025.2326598868
2024-07-02 00:30:00,326007.1138294746,326025.1006884374
2024-07-02 04:30:00,326013.65552944655,326025.17962864944
2024-07-02 08:30:00,326050.56880170637,326025.2955861732
2024-07-02 12:30:00,326045.59802209784,326025.4060188249
2024-07-02 16:30:00,325995.3933901391,326025.2767811023
2024-07-02 20:30:00,326009.7311887147,326025.2231397106
2024-07-03 00:30:00,326014.8362814012,326025.2018025907
2024-07-03 04:30:00,326011.9548096563,326025.16070125304
2024-07-03 08:30:00,326046.91604393953,326025.3503464175
2024-07-03 12:30:00,326047.19973824295,326025.44359608664
2024-07-03 16:30:00,326023.76803345454,326025.58233746834
2024-07-03 20:30:00,326038.90078445926,326025.8323195207
2024-07-04 00:30:00,326019.534558277,326025.71076652245
2024-07-04 04:30:00,325973.8651880109,326025.48617874
2024-07-04 08:30:00,326012.8873481544,326025.4872809138
2024-07-04 12:30:00,326044.20250031044,326025.5108939546
2024-07-04 16:30:00,326044.50071307865,326025.6633902373
2024-07-04 20:30:00,326021.3620632816,326025.72615193506
2024-07-05 00:30:00,326023.78353904263,326025.74108610686
2024-07-05 04:30:00,326007.82057080994,326025.67629296664
2024-07-05 08:30:00,326012.9685824892,326025.64981025533
2024-07-05 12:30:00,326038.8523103475,326025.5757548865
2024-07-05 16:30:00,326052.13286190096,326025.77326169173
2024-07-05 20:30:00,326026.38785450807,326025.86599139
2024-07-06 00:30:00,326015.0206369679,326025.80717473914
2024-07-06 04:30:00,325987.27275253134,326025.69052897725
2024-07-06 08:30:00,325990.0021603978,326025.5036848024
2024-07-06 12:30:00,326046.60699475184,326025.53595233784
2024-07-06 16:30:00,326055.03443688835,326025.6756462269
2024-07-06 20:30:00,325999.14187215734,326025.69034512923
2024-07-07 00:30:00,326021.1581314894,326025.82204837416
2024-07-07 04:30:00,326017.1546267154,326025.849439486
2024-07-07 08:30:00,325992.69393654924,326025.6225909078
2024-07-07 12:30:00,326023.3332890999,326025.4844802287
2024-07-07 16:30:00,326038.99624802923,326025.52386204334
2024-07-07 20:30:00,326009.97357187525,326025.5220056468
2024-07-08 00:30:00,326026.4273176645,326025.61445763556
2024-07-08 04:30:00,325998.99227886606,326025.5825231828
2024-07-08 08:30:00,325993.40789932414,326025.51497487375
2024-07-08 12:30:00,326002.49983586755,326025.29900710867
2024-07-08 16:30:00,326038.0615755872,326025.18858626985
2024-07-08 20:30:00,326040.06952153216,326025.2478959598
2024-07-09 00:30:00,326031.3675900905,326025.40524022916
2024-07-09 04:30:00,326027.72294249164,326025.44976431754
2024-07-09 08:30:00,326009.9828897829,326025.30988327874
2024-07-09 12:30:00,326004.101774309,326025.1824360324
2024-07-09 16:30:00,326026.2741528243,326024.98874138395
2024-07-09 20:30:00,326025.72025570844,326024.87702288834
2024-07-10 00:30:00,326014.32379994675,326024.8810864098
2024-07-10 04:30:00,326018.74005307676,326024.83665391384
2024-07-10 08:30:00,326012.4585874654,326024.8182026975
2024-07-10 12:30:00,326026.00474602403,326024.80049727065
2024-07-10 16:30:00,326057.67544839776,326024.85607802984
2024-07-10 20:30:00,326040.5625105232,326025.0031492314
2024-07-11 00:30:00,326020.52908950415,326025.1396858877
2024-07-11 04:30:00,326019.73250056105,326025.069195842
2024-07-11 08:30:00,326023.1628082744,326025.16607461264
2024-07-11 12:30:00,326017.21513916214,326025.22775343957
2024-07-11 16:30:00,326030.69170008745,326025.18366409175
2024-07-11 20:30:00,326025.4138208453,326025.1534677906
2024-07-12 00:30:00,326030.07871477224,326025.2237589561
2024-07-12 04:30:00,326034.70495039836,326025.28383865417
2024-07-12 08:30:00,326017.25596694916,326025.32733875926
2024-07-12 12:30:00,326022.2050047918,326025.2390730302
2024-07-12 16:30:00,326039.8272686035,326025.1830518879
2024-07-12 20:30:00,326043.85194709565,326025.1086088695
2024-07-13 00:30:00,326020.88525015773,326025.0441648264
2024-07-13 04:30:00,326046.3985660321,326025.12980215705
2024-07-13 08:30:00,326049.9717827381,326025.21753791644
2024-07-13 12:30:00,326048.70276999,326025.291495793
2024-07-13 16:30:00,326030.33638227504,326025.2625349116
2024-07-13 20:30:00,326036.3958089177,326025.2983705653
2024-07-14 00:30:00,326040.27028989524,326025.37148780155
2024-07-14 04:30:00,326014.8322809972,326025.3110703582
2024-07-14 08:30:00,326016.21104053705,326025.1491342501
2024-07-14 12:30:00,326032.60714465246,326025.1391012765
2024-07-14 16:30:00,326037.7966720689,326025.231934768
2024-07-14 20:30:00,326003.9920403942,326025.10125647613
2024-07-15 00:30:00,326052.86809777224,326025.1893631961
2024-07-15 04:30:00,326034.45723366813,326025.23639111256
2024-07-15 08:30:00,326023.50159349525,326025.28213508875
2024-07-15 12:30:00,326032.86391467904,326025.2801290351
2024-07-15 16:30:00,326025.5747157608,326025.2952430627
2024-07-15 20:30:00,326031.8355824254,326025.271241009
2024-07-16 00:30:00,326044.96294207516,326025.4402373132
2024-07-16 04:30:00,326018.83649677556,326025.4136876777
2024-07-16 08:30:00,326021.76131908,326025.35879210447
2024-07-16 12:30:00,326026.19472066575,326025.3090612143
2024-07-16 16:30:00,326037.36896729376,326025.32268355263
2024-07-16 20:30:00,326025.3772141299,326025.3443044969
2024-07-17 00:30:00,326036.9022363245,326025.400727429
2024-07-17 04:30:00,326001.7012108366,326025.25331543095
2024-07-17 08:30:00,326024.2452909615,326025.19863089535
2024-07-17 12:30:00,326034.7388917323,326025.2132857544
2024-07-17 16:30:00,326031.3770247251,326025.25341030915
2024-07-17 20:30:00,326026.44315997465,326025.18917126453
2024-07-18 00:30:00,326033.6886400285,326025.2509606729
2024-07-18 04:30:00,326012.8302988464,326025.29565239843
2024-07-18 08:30:00,326020.7964466364,326025.2718862968
2024-07-18 12:30:00,326014.5840661438,326025.1224536429
2024-07-18 16:30:00,326038.0167941948,326025.1089405311
2024-07-18 20:30:00,326011.95861217804,326025.05098599044
2024-07-19 00:30:00,326025.938093589,326025.0344134635
2024-07-19 04:30:00,326000.54344047257,326024.96659644064
2024-07-19 08:30:00,326023.3559135049,326024.9153906576
2024-07-19 12:30:00,326040.9710602927,326024.9268493872
2024-07-19 16:30:00,326017.76867622347,326024.9004751507
2024-07-19 20:30:00,325988.43813225254,326024.826860915
2024-07-20 00:30:00,326025.0800744325,326024.7069783412
2024-07-20 04:30:00,326003.19400116487,326024.622622533
2024-07-20 08:30:00,326015.2697835836,326024.73006258946
2024-07-20 12:30:00,326052.14709585434,326024.84221261024
2024-07-20 16:30:00,326053.3927326497,326025.0925531132
2024-07-20 20:30:00,326036.43576402566,326025.32422694314
2024-07-21 00:30:00,326026.1806682922,326025.32988937135
2024-07-21 04:30:00,326018.7066525945,326025.3541764675
2024-07-21 08:30:00,326016.6879038988,326025.4151393384
2024-07-21 12:30:00,326051.3451271615,326025.5126179451
2024-07-21 16:30:00,326048.3744350635,326025.6215763291
2024-07-21 20:30:00,326003.0526361916,326025.7326334529
2024-07-22 00:30:00,326025.91663177713,326025.7418907076
2024-07-22 04:30:00,326010.9729146017,326025.7316900786
2024-07-22 08:30:00,326014.67817827733,326025.77075134084
2024-07-22 12:30:00,326045.71489763155,326025.8628752862
2024-07-22 16:30:00,326061.8326033683,326025.9999438381
2024-07-22 20:30:00,326008.06105601107,326026.02765767736
2024-07-23 00:30:00,326029.572247812,326025.9484998065
2024-07-23 04:30:00,326009.88060219726,326025.84985461365
2024-07-23 08:30:00,326008.2103364836,326025.9122732845
2024-07-23 12:30:00,326042.84732011746,326025.96159312845
2024-07-23 16:30:00,326045.8163455122,326026.02027539397
2024-07-23 20:30:00,326002.72510873736,326025.9584526206
2024-07-24 00:30:00,326024.3008733204,326025.90551050665
2024-07-24 04:30:00,326022.25351794134,326025.7814851754
2024-07-24 08:30:00,326008.85088952526,326025.8004089281
2024-07-24 12:30:00,326037.53572291945,326025.88225586934
2024-07-24 16:30:00,326051.1058795738,326025.9499091273
2024-07-24 20:30:00,326035.8325679385,326026.0998721954
2024-07-25 00:30:00,326025.1135465283,326026.1242828044
2024-07-25 04:30:00,326041.92147792294,326026.09849894454
2024-07-25 08:30:00,326013.0204258529,326026.1121623587
2024-07-25 12:30:00,326035.9292601544,326026.15203568514
2024-07-25 16:30:00,326059.18306127604,326026.2447140885
2024-07-25 20:30:00,326032.82765012904,326026.29281472723
2024-07-26 00:30:00,326021.97122526285,326026.4159393402
2024-07-26 04:30:00,326021.7929957563,326026.3955616155
2024-07-26 08:30:00,326050.3569973548,326026.4013438226
2024-07-26 12:30:00,326031.8575211993,326026.4951212898
2024-07-26 16:30:00,326053.08818339626,326026.4290256852
2024-07-26 20:30:00,326012.63294405275,326026.2884871848
2024-07-27 00:30:00,325990.2595307876,326026.0826074339
2024-07-27 04:30:00,326034.6125159722,326025.9921531094
2024-07-27 08:30:00,326044.32225548034,326026.1648944746
2024-07-27 12:30:00,326027.50429657556,326026.17011320574
2024-07-27 16:30:00,326029.3987591354,326026.21080555674
2024-07-27 20:30:00,326027.28782628453,326026.1209070069
2024-07-28 00:30:00,326040.1361778307,326026.1517965029
2024-07-28 04:30:00,326024.1602098418,326026.1404806695
2024-07-28 08:30:00,326020.6465904384,326026.02355242555
2024-07-28 12:30:00,326003.9719762213,326025.8989672493
2024-07-28 16:30:00,326025.24221345986,326025.8119110481
2024-07-28 20:30:00,326016.4068322731,326025.7590735268
2024-07-29 00:30:00,325991.64480841433,326025.56849104015
2024-07-29 04:30:00,326030.7515445555,326025.6501931739
2024-07-29 08:30:00,326053.7894222418,326025.8270981712
2024-07-29 12:30:00,326021.0375629826,326025.84571967955
2024-07-29 16:30:00,326032.54783168406,326025.8831616461
2024-07-29 20:30:00,326035.6076773845,326025.8809846932
2024-07-30 00:30:00,326024.1679838631,326025.9587361231
2024-07-30 04:30:00,326014.94876366935,326025.96350482805
2024-07-30 08:30:00,326041.48709255585,326026.0497469821
2024-07-30 12:30:00,326025.58915543923,326025.95886727475
2024-07-30 16:30:00,326006.50178975856,326025.90218157344
2024-07-30 20:30:00,326014.235049113,326025.8377222781
2024-07-31 00:30:00,326032.6471287045,326025.9184220166
2024-07-31 04:30:00,326031.45754746394,326025.8970119644
2024-07-31 08:30:00,326037.3684532016,326025.8467899919
2024-07-31 12:30:00,326047.3345818547,326025.9343098594
2024-07-31 16:30:00,326030.1934541764,326025.96509894053
2024-07-31 20:30:00,326000.79753641976,326025.7189585092
2024-08-01 00:30:00,326019.9381069457,326025.79020449513
2024-08-01 04:30:00,326042.9181350434,326025.95277452614
2024-08-01 08:30:00,326034.5776992579,326025.8639350682
2024-08-01 12:30:00,326061.5960538145,326025.95281302213
2024-08-01 16:30:00,326035.14602978656,326026.1736610201
2024-08-01 20:30:00,326026.0648585828,326026.2644036306
2024-08-02 00:30:00,326011.2870134721,326026.24468547537
2024-08-02 04:30:00,326016.5741949728,326026.2703487271
2024-08-02 08:30:00,326017.17207970767,326026.10510448145
2024-08-02 12:30:00,326038.2064779374,326026.0551419242
2024-08-02 16:30:00,326033.9327773926,326026.11161272385
2024-08-02 20:30:00,326018.753264389,326025.9996820568
2024-08-03 00:30:00,326034.4615506662,326026.0826097923
2024-08-03 04:30:00,326007.5679575742,326026.2698474009
2024-08-03 08:30:00,326021.11824847205,326026.3155746249
2024-08-03 12:30:00,326048.4824889131,326026.3393523394
2024-08-03 16:30:00,326036.90055956005,326026.2971292642
2024-08-03 20:30:00,326013.9296575091,326026.2558381211
2024-08-04 00:30:00,326013.0845969469,326026.1963995539
2024-08-04 04:30:00,326013.91157826316,326026.23023848416
2024-08-04 08:30:00,326039.71627566044,326026.3788367796
2024-08-04 12:30:00,326047.89834642067,326026.4290925355
2024-08-04 16:30:00,326039.68544695247,326026.3599402303
2024-08-04 20:30:00,326016.88171448535,326026.3071283413
2024-08-05 00:30:00,326022.95164029027,326026.35118947085
2024-08-05 04:30:00,326009.65653069137,326026.47554379393
2024-08-05 08:30:00,326022.45985319215,326026.65586430946
2024-08-05 12:30:00,326055.53201775195,326026.7054477706
2024-08-05 16:30:00,326052.624778911,326026.6920607819
2024-08-05 20:30:00,326028.2922978477,326026.85400759114
2024-08-06 00:30:00,326031.29484375205,326026.91032265936
2024-08-06 04:30:00,326021.8335033309,326026.93631641835
2024-08-06 08:30:00,326048.51145117223,326027.24641372176
2024-08-06 12:30:00,326047.097383457,326027.37843646825
2024-08-06 16:30:00,326045.75889780134,326027.4160067447
2024-08-06 20:30:00,326039.7103080682,326027.5812108347
2024-08-07 00:30:00,326039.9196220241,326027.6561680811
2024-08-07 04:30:00,326019.8629774894,326027.7721164068
2024-08-07 08:30:00,326017.33577425254,326027.9050490453
2024-08-07 12:30:00,326044.3322948937,326028.1374515954
2024-08-07 16:30:00,326045.35193720896,326028.1779536045
2024-08-07 20:30:00,326022.4529399413,326028.08008370677
2024-08-08 00:30:00,326028.0433210936,326028.06161554565
2024-08-08 04:30:00,326033.6726608449,326028.0946695365
2024-08-08 08:30:00,326038.15787274233,326028.25119721954
2024-08-08 12:30:00,326011.1477449902,326028.2903415012
2024-08-08 16:30:00,326038.3288204446,326028.3573118769
2024-08-08 20:30:00,326042.0435809317,326028.44799701695
2024-08-09 00:30:00,326038.79078239214,326028.5839246972
2024-08-09 04:30:00,326024.4697667464,326028.6157564398
2024-08-09 08:30:00,326023.5140485283,326028.67717566795
2024-08-09 12:30:00,326031.7428548106,326028.7090540501
2024-08-09 16:30:00,326045.20191659883,326028.6397566512
2024-08-09 20:30:00,326030.36241457536,326028.58308945154
2024-08-10 00:30:00,326028.58760029596,326028.6278589559
2024-08-10 04:30:00,326057.4018340988,326028.8371330311
2024-08-10 08:30:00,326036.9508276659,326028.9137331389
2024-08-10 12:30:00,326032.00442906865,326028.99589586054
2024-08-10 16:30:00,326050.41238659533,326029.10545523
2024-08-10 20:30:00,326046.2445308298,326029.22118139657
2024-08-11 00:30:00,326032.6158524251,326029.23527660576
2024-08-11 04:30:00,326055.44009753055,326029.3504718676
2024-08-11 08:30:00,326050.17361432995,326029.53334768646
2024-08-11 12:30:00,326046.2472438824,326029.6669156814
2024-08-11 16:30:00,326067.1646259341,326029.8187898887
2024-08-11 20:30:00,326059.2048820598,326029.9040839719
2024-08-12 00:30:00,326043.6283645352,326030.0304346073
2024-08-12 04:30:00,326038.7654747821,326029.9880285449
2024-08-12 08:30:00,326059.1885913637,326030.03923303715
2024-08-12 12:30:00,326053.36313939467,326030.0651239783
2024-08-12 16:30:00,326047.3289303407,326030.15952702315
2024-08-12 20:30:00,326033.39612190175,326030.14286209526
2024-08-13 04:30:00,326054.8540966353,326030.30986984854
2024-08-13 08:30:00,326059.8777849108,326030.5538181411
2024-08-13 12:30:00,326042.36964817083,326030.608357267
2024-08-13 16:30:00,326019.4457718071,326030.50583827106
2024-08-13 20:30:00,326025.0877810454,326030.62369157077
2024-08-14 00:30:00,326025.7401333626,326030.472138697
2024-08-14 04:30:00,325998.3248425155,326030.2702817632
2024-08-14 08:30:00,326038.4471119658,326030.3537762798
2024-08-14 12:30:00,326053.5926068215,326030.46957902913
2024-08-14 16:30:00,326032.1412701879,326030.5062636908
2024-08-14 20:30:00,326005.63088256813,326030.35986871953
2024-08-15 00:30:00,326021.3405863029,326030.2279002515
2024-08-15 04:30:00,326007.0442781494,326030.16202193516
2024-08-15 08:30:00,326020.6380045004,326030.1557464347
2024-08-15 12:30:00,326044.72876786016,326030.2592885978
2024-08-15 16:30:00,326034.3686622454,326030.2425271171
2024-08-15 20:30:00,326038.89243675896,326030.3180311541
2024-08-16 00:30:00,326029.75972614484,326030.2781288627
2024-08-16 08:30:00,326025.1407160618,326030.44370382396
2024-08-16 12:30:00,326033.72387784923,326030.4380014989
2024-08-16 16:30:00,326019.11074460024,326030.36908981274
2024-08-16 20:30:00,326022.917752061,326030.3492841503
2024-08-17 00:30:00,326028.8102757945,326030.32187760965
2024-08-17 04:30:00,326026.9039176174,326030.4009428836
2024-08-17 08:30:00,326008.95598828606,326030.33442345465
2024-08-17 12:30:00,326037.6992133424,326030.4642838323
2024-08-17 16:30:00,326011.7644158823,326030.3167985608
2024-08-17 20:30:00,326016.1738559069,326030.34047970537
2024-08-18 00:30:00,326045.47157749534,326030.450218379
2024-08-18 04:30:00,326020.91961626586,326030.5646912767
2024-08-18 08:30:00,326012.89577896957,326030.5059264759
2024-08-18 12:30:00,326042.4182179227,326030.51405657496
2024-08-18 16:30:00,326021.28201672976,326030.53379444306
2024-08-18 20:30:00,325996.8544568647,326030.58107716555
2024-08-19 00:30:00,326044.58132441004,326030.69063474966
2024-08-19 04:30:00,326030.22538333863,326030.84249644727
2024-08-19 08:30:00,326021.08578432107,326030.8751706087
2024-08-19 12:30:00,326049.7013530424,326030.8614304806
2024-08-19 16:30:00,326039.3905813929,326030.78276670945
2024-08-19 20:30:00,326024.458318563,326030.71547769
2024-08-20 00:30:00,326039.83950408606,326030.79221272253
2024-08-20 04:30:00,326015.0204648354,326030.77150380256
2024-08-20 08:30:00,326022.4110507558,326030.803656313
2024-08-20 12:30:00,326058.0803543261,326030.84149466787
2024-08-20 16:30:00,326042.3787077324,326030.8078108065
2024-08-20 20:30:00,326026.9003926113,326030.94178696617
2024-08-21 00:30:00,326032.9125617922,326030.98108994367
2024-08-21 04:30:00,326027.50557252404,326031.0739700444
2024-08-21 08:30:00,326042.1597221747,326031.22836074047
2024-08-21 12:30:00,326047.9443507384,326031.2408857579
2024-08-21 16:30:00,326036.31053899456,326031.0975033738
2024-08-21 20:30:00,326030.2101226854,326031.22193633264
2024-08-22 00:30:00,326032.049301047,326031.23585236206
2024-08-22 04:30:00,326036.06390489836,326031.3829495683
2024-08-22 08:30:00,326040.13587363163,326031.56230651855
2024-08-22 12:30:00,326039.9574560039,326031.5460713268
2024-08-22 16:30:00,326049.2416533199,326031.5653146291
2024-08-22 20:30:00,326035.94571719493,326031.7519472609
2024-08-23 00:30:00,326044.30070035876,326031.8643058398
2024-08-23 04:30:00,326043.4476863045,326031.9833742014
2024-08-23 08:30:00,326036.55824377533,326032.1390334949
2024-08-23 12:30:00,326035.00734206376,326032.1248291081
2024-08-23 16:30:00,326053.0358324263,326032.1356715399
2024-08-23 20:30:00,326041.03332171123,326032.1648892577
2024-08-24 00:30:00,326043.640967941,326032.26897589484
2024-08-24 04:30:00,326046.1810441783,326032.29290604236
2024-08-24 08:30:00,326034.6757988794,326032.4145654414
2024-08-24 12:30:00,326049.5882344051,326032.49130125175
2024-08-24 16:30:00,326060.31549666566,326032.49766324833
2024-08-24 20:30:00,326046.3446845137,326032.5736016438
2024-08-25 00:30:00,326063.669657021,326032.8078624964
2024-08-25 04:30:00,326056.8121652897,326033.00459940376
2024-08-25 08:30:00,326037.50516444934,326032.9323980953
2024-08-25 12:30:00,326033.3525743035,326032.94079727016
2024-08-25 16:30:00,326031.6159253428,326032.82016660686
2024-08-25 20:30:00,326020.2792940225,326032.8631236292
2024-08-26 00:30:00,326043.96422950906,326033.16483541974
2024-08-26 04:30:00,326031.4843028333,326033.1472611886
2024-08-26 08:30:00,326026.3599684579,326033.0463494638
2024-08-26 12:30:00,326030.1080480592,326033.0609772811
2024-08-26 16:30:00,326032.8235402205,326033.08021762426
2024-08-26 20:30:00,326023.4010593737,326033.0583818551
2024-08-27 00:30:00,326044.4331058591,326033.08252190024
2024-08-27 04:30:00,326047.4776497624,326033.2135187537
2024-08-27 08:30:00,326043.0262017236,326033.33924690704
2024-08-27 12:30:00,326036.0498668517,326033.5194597757
2024-08-27 16:30:00,326007.8852875473,326033.4219489559
2024-08-27 20:30:00,326022.14194133587,326033.4541686699
2024-08-28 00:30:00,326045.2692332825,326033.7554294837
2024-08-28 04:30:00,326024.9038610057,326033.72257732885
2024-08-28 08:30:00,326025.22829379956,326033.5621215512
2024-08-28 12:30:00,326037.6517239776,326033.6554595343
2024-08-28 16:30:00,326040.613401213,326033.70077172265
2024-08-28 20:30:00,326047.91669380094,326033.76992350025
2024-08-29 00:30:00,326039.8115624022,326033.857808773
2024-08-29 04:30:00,326025.57970439387,326033.917533159
2024-08-29 08:30:00,326029.9638909848,326033.8527960715
2024-08-29 12:30:00,326053.0663875903,326034.0071625443
2024-08-29 16:30:00,326034.3395522884,326034.1635544686
2024-08-29 20:30:00,326022.0992886852,326034.20773558976
2024-08-30 00:30:00,326055.15886968083,326034.33420604473
2024-08-30 04:30:00,326035.7509166267,326034.35832609626
2024-08-30 08:30:00,326013.43078954215,326034.2238448397
2024-08-30 12:30:00,326041.39845362783,326034.19049580477
2024-08-30 16:30:00,326039.60141595476,326034.2433495226
2024-08-30 20:30:00,326030.80914669525,326034.4119540747
2024-08-31 00:30:00,326036.0399213392,326034.5024137061
2024-08-31 04:30:00,326028.2270021632,326034.41987925174
2024-08-31 08:30:00,326010.9676600709,326034.2872385822
2024-08-31 12:30:00,326034.78817985003,326034.1366325486
2024-08-31 16:30:00,326050.0624872576,326034.22043287155
2024-08-31 20:30:00,326028.4055505132,326034.2335828262
2024-09-01 00:30:00,326031.4968011562,326034.3471209592
2024-09-01 04:30:00,326023.7597822957,326034.38748942735
2024-09-01 08:30:00,326023.96718974534,326034.42566420283
2024-09-01 12:30:00,326049.10019306024,326034.4868648496
2024-09-01 16:30:00,326021.41876583453,326034.4165614139
2024-09-01 20:30:00,326026.45764705713,326034.4598444625
2024-09-02 00:30:00,326042.9191763724,326034.5073592137
2024-09-02 04:30:00,326031.2942965215,326034.6406532527
2024-09-02 08:30:00,326015.69888088707,326034.6102073674
2024-09-02 12:30:00,326031.83586047037,326034.5166869829
2024-09-02 16:30:00,326036.8909339891,326034.5166329067
2024-09-02 20:30:00,326035.7758403975,326034.63936427125
2024-09-03 00:30:00,326034.81961319916,326034.76147110405
2024-09-03 04:30:00,326015.24735340057,326034.7689754588
2024-09-03 08:30:00,326031.2039087747,326034.7211531729
2024-09-03 12:30:00,326040.98087694467,326034.68229098484
2024-09-03 16:30:00,326031.1593584264,326034.6343916111
2024-09-03 20:30:00,326017.3506378681,326034.6370260121
2024-09-04 00:30:00,326041.16089019476,326034.73932516895
2024-09-04 04:30:00,326039.61735125975,326034.9076443856
2024-09-04 08:30:00,326022.403259503,326034.9073264435
2024-09-04 12:30:00,326038.0222001521,326034.8089566817
2024-09-04 16:30:00,326053.4876445388,326034.8138042414
2024-09-04 20:30:00,326044.3629271701,326034.90408867586
2024-09-05 04:30:00,326038.9103478394,326035.0209592376
2024-09-05 08:30:00,326032.88372772024,326034.93266701465
2024-09-05 12:30:00,326051.55363672477,326034.95784358686
2024-09-05 16:30:00,326045.00784815446,326034.9536003685
2024-09-05 20:30:00,326012.65274055203,326034.8007327554
2024-09-06 00:30:00,326049.14434599224,326034.85284984
2024-09-06 04:30:00,326053.7310139874,326035.04419467895
2024-09-06 08:30:00,326043.8801824767,326035.19416308694
2024-09-06 12:30:00,326034.70761297643,326035.139786353
2024-09-06 16:30:00,326052.2926936566,326035.1789996663
2024-09-06 20:30:00,326034.2337385548,326035.2455578505
2024-09-07 00:30:00,326033.74151242495,326035.2777510219
2024-09-07 04:30:00,326039.87015764776,326035.3127651281
2024-09-07 08:30:00,326039.33872216684,326035.3194365938
2024-09-07 12:30:00,326040.6994504953,326035.4863953819
2024-09-07 16:30:00,326042.97768534266,326035.51266015536
2024-09-07 20:30:00,326036.3269612053,326035.4803628688
2024-09-08 00:30:00,326046.1243816309,326035.5217956329
2024-09-08 04:30:00,326057.69894711336,326035.70953111514
2024-09-08 08:30:00,326042.8960454522,326035.8190339226
2024-09-08 12:30:00,326030.445125714,326035.81170211977
2024-09-08 16:30:00,326010.5486975983,326035.6159212215
2024-09-08 20:30:00,326032.3778783228,326035.6273080223
2024-09-09 00:30:00,326039.3979012884,326035.68838316924
2024-09-09 04:30:00,326018.59418488614,326035.4691309138
2024-09-09 08:30:00,326015.571738126,326035.34834509715
2024-09-09 12:30:00,326025.15242277784,326035.3096331972
2024-09-09 16:30:00,326050.3397816375,326035.3092229997
2024-09-09 20:30:00,326025.1701534648,326035.1901587208
2024-09-10 00:30:00,326043.4035343678,326035.2511060764
2024-09-10 04:30:00,326040.5634759548,326035.1670573669
2024-09-10 08:30:00,326044.18668572546,326035.1332329115
2024-09-10 12:30:00,326036.78666713706,326035.07978332543
2024-09-10 16:30:00,326032.13045038714,326034.8818501303
2024-09-10 20:30:00,326044.50686666154,326034.7988104952
2024-09-11 00:30:00,326033.7750568408,326034.74314209016
2024-09-11 04:30:00,326014.200921931,326034.6043593057
2024-09-11 08:30:00,326023.1593146965,326034.4008040703
2024-09-11 12:30:00,326021.3383215891,326034.21987289627
2024-09-11 16:30:00,326031.04987834604,326034.1279008511
2024-09-11 20:30:00,326027.53692360036,326034.09479803586
2024-09-12 00:30:00,325988.51168762724,326033.8387131459
2024-09-12 04:30:00,326027.05289336754,326033.68252661073
2024-09-12 08:30:00,326034.2248312445,326033.53840889345
2024-09-12 12:30:00,326045.6917397084,326033.55707232904
2024-09-12 16:30:00,326040.85728931846,326033.67736175325
2024-09-12 20:30:00,326040.84848667524,326033.7659050434
2024-09-13 00:30:00,326014.9604653207,326033.7053451105
2024-09-13 04:30:00,326016.10350339266,326033.8052252278
2024-09-13 08:30:00,326019.68598898756,326033.69982566056
2024-09-13 12:30:00,326039.77323711157,326033.6221887521
2024-09-13 16:30:00,326068.3499703376,326033.82560841576
2024-09-13 20:30:00,326060.01212886954,326034.13112103543
2024-09-14 00:30:00,326031.27454606077,326034.18692979816
2024-09-14 04:30:00,326023.4711844659,326034.2792157887
2024-09-14 08:30:00,326028.1630428544,326034.32149128505
2024-09-14 12:30:00,326035.98170296726,326034.27235047106
2024-09-14 16:30:00,326015.85325495113,326034.16833132895
2024-09-14 20:30:00,326030.8012883945,326034.12287543924
2024-09-15 00:30:00,326049.89943121327,326034.2360198497
2024-09-15 04:30:00,326035.935659253,326034.2455150419
2024-09-15 08:30:00,326022.3810062123,326034.23009766854
2024-09-15 12:30:00,326029.76288687385,326034.2079692272
2024-09-15 16:30:00,326021.71543639805,326034.22252057807
2024-09-15 20:30:00,326037.3930338333,326034.30338807404
2024-09-16 00:30:00,326036.373635834,326034.3456414821
2024-09-16 04:30:00,326018.28199370444,326034.2974743094
2024-09-16 08:30:00,326018.58759907587,326034.35128219094
2024-09-16 12:30:00,326052.94278166955,326034.4364417905
2024-09-16 16:30:00,326015.45981432917,326034.4570864746
2024-09-16 20:30:00,326026.7983064362,326034.5164409468
2024-09-17 00:30:00,326054.99179670983,326034.56962652894
2024-09-17 04:30:00,326045.4922704293,326034.7069039265
2024-09-17 08:30:00,326017.689572123,326034.7336848939
2024-09-17 12:30:00,326057.36894762516,326034.81720852345
2024-09-17 16:30:00,326020.7535598,326034.81425625016
2024-09-17 20:30:00,326018.49417015415,326034.93514850317
2024-09-18 00:30:00,326060.35878066113,326035.02329071687
2024-09-18 04:30:00,326050.38366759993,326035.1359068301
2024-09-18 08:30:00,326027.4800983054,326035.1716292546
2024-09-18 12:30:00,326045.3682595601,326035.1474220284
2024-09-18 16:30:00,326031.4243206399,326035.10291777836
2024-09-18 20:30:00,326030.5709899841,326035.1370667807
2024-09-19 00:30:00,326047.66335949185,326035.18077547016
2024-09-19 04:30:00,326054.1851052323,326035.39957234386
2024-09-19 08:30:00,326027.08835405885,326035.42570252996
2024-09-19 12:30:00,326052.3184861069,326035.393513322
2024-09-19 16:30:00,326050.95296724123,326035.44141421316
2024-09-19 20:30:00,326021.6614053617,326035.4121461279
2024-09-20 00:30:00,326025.73396167724,326035.3720422167
2024-09-20 04:30:00,326046.42008648487,326035.4777098924
2024-09-20 08:30:00,326018.8441621008,326035.34745536686
2024-09-20 12:30:00,326046.0217595615,326035.33671463403
2024-09-20 16:30:00,326054.0811607357,326035.4359918504
2024-09-20 20:30:00,326015.683988396,326035.35484026227
2024-09-21 00:30:00,326005.43646589894,326035.20616520557
2024-09-21 04:30:00,326033.9638359804,326035.194432977
2024-09-21 08:30:00,326016.58369305276,326035.06285654916
2024-09-21 12:30:00,326028.71836087824,326035.0000683082
2024-09-21 16:30:00,326063.9755824746,326035.0823807616
2024-09-21 20:30:00,326033.9078275117,326035.070995903
2024-09-22 00:30:00,326023.13473935303,326034.9527503108
2024-09-22 04:30:00,326033.6274450997,326034.8978886281
2024-09-22 08:30:00,326019.3210826833,326034.8015916388
2024-09-22 12:30:00,326036.1265045268,326034.80784394307
2024-09-22 16:30:00,326051.10924370756,326034.7970808776
2024-09-22 20:30:00,326041.3474501572,326034.79883578507
2024-09-23 00:30:00,326024.661952022,326034.69280776323
2024-09-23 04:30:00,326041.4684837217,326034.6664806098
2024-09-23 08:30:00,326034.9295492889,326034.6678982099
2024-09-23 12:30:00,326009.5476843492,326034.4442079861
2024-09-23 16:30:00,326029.35609701613,326034.27125044615
2024-09-23 20:30:00,326036.36684172763,326034.2155083077
2024-09-24 00:30:00,326017.93930907024,326033.96003150346
2024-09-24 04:30:00,326027.22001077473,326033.7947122045
2024-09-24 08:30:00,326031.67487704067,326033.7621407665
2024-09-24 12:30:00,326029.62323680817,326033.74130647874
2024-09-24 16:30:00,326059.0652583552,326033.894654708
2024-09-24 20:30:00,326049.4262645685,326034.05748694565
2024-09-25 00:30:00,326038.63236372435,326034.0276999859
2024-09-25 04:30:00,326022.9483459678,326033.98001307604
2024-09-25 08:30:00,326038.61336717743,326034.0484678175
2024-09-25 12:30:00,326030.4938709915,326034.05062325293
2024-09-25 16:30:00,326019.5965799109,326033.9767296199
2024-09-25 20:30:00,326051.98777267395,326034.1364319288
2024-09-26 00:30:00,326025.7248550235,326034.031916561
2024-09-26 04:30:00,326032.21053795697,326033.94662543363
2024-09-26 08:30:00,326035.6073409883,326033.9051792842
2024-09-26 12:30:00,326023.33478577924,326033.83414531173
2024-09-26 16:30:00,326051.1644333855,326034.07592824945
2024-09-26 20:30:00,326045.1797580714,326034.2046311362
2024-09-27 00:30:00,326031.74457046564,326034.1290743607
2024-09-27 04:30:00,326024.8478795762,326034.12876161525
2024-09-27 08:30:00,326027.25775227766,326034.14009937213
2024-09-27 12:30:00,326015.6829578676,326034.01736883516
2024-09-27 16:30:00,325989.5158489766,326033.73190764955
2024-09-27 20:30:00,326025.436619223,326033.6063206407
2024-09-28 00:30:00,326034.15004033217,326033.5746920258
2024-09-28 04:30:00,326020.6507973303,326033.5471562321
2024-09-28 08:30:00,326027.1734852871,326033.5315673735
2024-09-28 12:30:00,326049.98015649506,326033.514325859
2024-09-28 16:30:00,326038.2391152835,326033.5361111271
2024-09-28 20:30:00,326052.39318766986,326033.7053507863
2024-09-29 00:30:00,326050.7744143169,326033.6808566222
2024-09-29 04:30:00,326034.8566671425,326033.6758608151
2024-09-29 08:30:00,326041.8167626473,326033.83444167033
2024-09-29 12:30:00,326021.0322992549,326033.7206642716
2024-09-29 16:30:00,325998.5325250173,326033.4912291267
2024-09-29 20:30:00,326010.0955337085,326033.37551061844
2024-09-30 00:30:00,326035.91629238403,326033.37481995387
2024-09-30 04:30:00,326045.73377080343,326033.47262313066
2024-09-30 08:30:00,326020.3068625734,326033.5247974463
2024-09-30 12:30:00,326060.533749533,326033.6686274446
2024-09-30 16:30:00,326043.5903887233,326033.63247046946
2024-09-30 20:30:00,326012.96308938466,326033.54619973694
2024-10-01 00:30:00,326054.5966881385,326033.6752493849
2024-10-01 04:30:00,326054.28812935104,326033.8457988098
2024-10-01 08:30:00,326038.5055008884,326033.927018425
2024-10-01 12:30:00,326051.14355005324,326033.93843382725
2024-10-01 16:30:00,326044.1090123101,326034.0651949807
2024-10-01 20:30:00,326042.7443431544,326034.15618210984
2024-10-02 00:30:00,326071.1171931376,326034.3137129297
2024-10-02 04:30:00,326048.0341895271,326034.4072318851
2024-10-02 08:30:00,326041.6214290143,326034.5520505897
2024-10-02 12:30:00,326035.28192467464,326034.571302345
2024-10-02 16:30:00,326058.3608300521,326034.6912458985
2024-10-02 20:30:00,326015.82772690506,326034.5798039236
2024-10-03 00:30:00,326028.913660945,326034.546809777
2024-10-03 04:30:00,326052.9131246935,326034.7572330803
2024-10-03 08:30:00,326035.69686483854,326034.7823333935
2024-10-03 12:30:00,326031.57128827454,326034.729765859
2024-10-03 16:30:00,326040.2677075692,326034.78065049107
2024-10-03 20:30:00,326034.94586101465,326034.8789478271
2024-10-04 00:30:00,326045.7070431337,326034.9043453295
2024-10-04 04:30:00,326062.6518335398,326035.03302958806
2024-10-04 08:30:00,326043.9486958982,326035.1533951545
2024-10-04 12:30:00,326051.0501931566,326035.2261772384
2024-10-04 16:30:00,326037.7809170111,326035.1384301572
2024-10-04 20:30:00,326015.0183563962,326034.97449400765
2024-10-05 00:30:00,326041.8755082553,326035.0128329757
2024-10-05 04:30:00,326053.2396686627,326035.09244031354
2024-10-05 08:30:00,326035.1593944151,326035.1050829063
2024-10-05 12:30:00,326039.4515106106,326035.03784887237
2024-10-05 16:30:00,326014.1014087061,326034.86614643096
2024-10-05 20:30:00,325996.363345076,326034.77564978943
2024-10-06 00:30:00,326006.56798945303,326034.53911447525
2024-10-06 04:30:00,326022.5496935622,326034.3658849174
2024-10-06 08:30:00,326071.5598701538,326034.51966096007
2024-10-06 12:30:00,326043.968225891,326034.5711088096
2024-10-06 16:30:00,326031.3495648132,326034.4547580938
2024-10-06 20:30:00,326023.3002858473,326034.3940166899
2024-10-07 00:30:00,326028.3660652418,326034.3641530944
2024-10-07 04:30:00,326032.2744810145,326034.32195489097
2024-10-07 08:30:00,326020.5987356659,326034.2178438548
2024-10-07 12:30:00,326053.45317648636,326034.2886978881
2024-10-07 16:30:00,326031.02846727637,326034.22231334326
2024-10-07 20:30:00,326002.6411932208,326034.03517018777
2024-10-08 00:30:00,326009.9459104969,326033.8341786814
2024-10-08 04:30:00,326016.5919399214,326033.60580641933
2024-10-08 08:30:00,326018.94166643114,326033.47272653587
2024-10-08 12:30:00,326034.7054703009,326033.49639511696
2024-10-08 16:30:00,326022.1782379561,326033.56100367446
2024-10-08 20:30:00,326032.9684167775,326033.5642844437
2024-10-09 00:30:00,326022.63346653664,326033.471148695
2024-10-09 04:30:00,326027.8025195732,326033.52230611
2024-10-09 08:30:00,326027.8308628991,326033.5904123587
2024-10-09 12:30:00,326060.22267439973,326033.78524708987
2024-10-09 16:30:00,326038.13380720746,326033.71743612085
2024-10-09 20:30:00,326011.5165442106,326033.6415827361
2024-10-10 00:30:00,325997.5088337828,326033.38661217724
2024-10-10 04:30:00,325990.2809636816,326033.10726488696
2024-10-10 08:30:00,326040.6044313639,326033.0873634737
2024-10-10 12:30:00,326057.4395295712,326033.20210159844
2024-10-10 16:30:00,326057.300175985,326033.3419334073
2024-10-10 20:30:00,326037.6327546886,326033.30374389637
2024-10-11 00:30:00,326010.47823314904,326033.174317098
2024-10-11 04:30:00,326012.1664411268,326033.1630144269
2024-10-11 08:30:00,326031.6648452013,326033.2102673741
2024-10-11 12:30:00,326019.9971078969,326033.20281618694
2024-10-11 16:30:00,326026.71147913527,326033.1787139692
2024-10-11 20:30:00,326045.5592126637,326033.27883779723
2024-10-12 00:30:00,326036.9246291506,326033.5477985836
2024-10-12 04:30:00,326019.7901767656,326033.5074501579
2024-10-12 08:30:00,326004.09206647635,326033.3400459092
2024-10-12 12:30:00,326010.64733837027,326033.1453547907
2024-10-12 16:30:00,326063.81484495685,326033.2728967665
2024-10-12 20:30:00,326032.2302035692,326033.2250174158
2024-10-13 00:30:00,326008.0155321639,326033.1864344539
2024-10-13 04:30:00,326005.87159536174,326033.12959052034
2024-10-13 08:30:00,326055.6826339715,326033.3295718814
2024-10-13 12:30:00,326048.87995772465,326033.38016477367
2024-10-13 16:30:00,325997.77795228676,326032.9880980068
2024-10-13 20:30:00,326007.7237843399,326032.6976072038
2024-10-14 00:30:00,326053.3562988108,326032.8202836079
2024-10-14 04:30:00,326018.6112839179,326032.79328416043
2024-10-14 08:30:00,326034.59977378865,326032.8290437768
2024-10-14 12:30:00,326025.2638610715,326032.7695002107
2024-10-14 16:30:00,326055.60339343885,326032.99033431336
2024-10-14 20:30:00,326061.2189505586,326033.1593213254
2024-10-15 00:30:00,326023.93105275417,326033.01505255623
2024-10-15 04:30:00,326036.91255428747,326033.0204797509
2024-10-15 08:30:00,326050.19311141386,326033.17499144643
2024-10-15 12:30:00,326039.1732985527,326033.2272715113
2024-10-15 16:30:00,326007.99465061235,326033.1510449236
2024-10-15 20:30:00,326019.84185250173,326033.0535383607
2024-10-16 00:30:00,326059.60229981627,326033.1825864939
2024-10-16 04:30:00,326061.552609571,326033.4229788043
2024-10-16 08:30:00,326006.57379566826,326033.356235452
2024-10-16 12:30:00,326008.5509063233,326033.1096139223
2024-10-16 16:30:00,326035.4118646603,326033.22045864636
2024-10-16 20:30:00,326018.13336914696,326033.17232010583
2024-10-17 00:30:00,326016.23862345377,326032.95702469884
2024-10-17 04:30:00,326009.4306824257,326032.75668254326
2024-10-17 08:30:00,326027.0424476667,326032.808642963
2024-10-17 12:30:00,326064.93569320673,326032.85068043845
2024-10-17 16:30:00,326017.5794693992,326032.83304660284
2024-10-17 20:30:00,325994.30128207133,326032.6986416691
2024-10-18 00:30:00,326059.67785450845,326032.69485874596
2024-10-18 04:30:00,326048.97107067704,326032.6870109853
2024-10-18 08:30:00,326012.33907293563,326032.60289417766
2024-10-18 12:30:00,326020.0958198291,326032.4624917347
2024-10-18 16:30:00,326042.0160643535,326032.52133475547
2024-10-18 20:30:00,325997.8787001068,326032.33971092274
2024-10-19 00:30:00,326006.15621235874,326032.1091156609
2024-10-19 04:30:00,326024.7975091081,326031.945851238
2024-10-19 08:30:00,326036.9131271479,326032.0004333107
2024-10-19 12:30:00,326082.86568565696,326032.17013997486
2024-10-19 16:30:00,326031.7049606709,326032.063206605
2024-10-19 20:30:00,325987.634326305,326031.8741672769
2024-10-20 00:30:00,326025.82732313324,326031.8746859517
2024-10-20 04:30:00,326050.6912058112,326031.89841439243
2024-10-20 08:30:00,326037.39504747244,326032.0014748667
2024-10-20 12:30:00,325983.4860467488,326031.65405424
2024-10-20 16:30:00,326000.8142593116,326031.3581270098
2024-10-20 20:30:00,326024.64117306896,326031.4078891469
2024-10-21 00:30:00,326016.92921359173,326031.47173774516
2024-10-21 04:30:00,326052.83207495976,326031.576561295
2024-10-21 08:30:00,326046.8801703611,326031.7448750579
2024-10-21 12:30:00,326075.50403072976,326032.00479544594
2024-10-21 16:30:00,326035.70969774044,326031.84776275296
2024-10-21 20:30:00,326008.82958033314,326031.7084391575
2024-10-22 00:30:00,326005.9623722814,326031.6130371182
2024-10-22 04:30:00,326026.9539710141,326031.57596226217
2024-10-22 08:30:00,326058.45544579206,326031.7933753906
2024-10-22 12:30:00,326003.91641679255,326031.61443045875
2024-10-22 16:30:00,326035.06176493445,326031.5252777989
2024-10-22 20:30:00,326015.06146122474,326031.3792445271
2024-10-23 00:30:00,326017.2160790062,326031.3378785659
2024-10-23 04:30:00,326030.63876568765,326031.2777134656
2024-10-23 08:30:00,326053.3090958261,326031.37982205756
2024-10-23 12:30:00,326046.63437721174,326031.5858592401
2024-10-23 16:30:00,326016.52842831047,326031.514594414
2024-10-23 20:30:00,326017.1658643312,326031.4079223173
2024-10-24 00:30:00,326012.54271337396,326031.37794123014
2024-10-24 04:30:00,326051.63995767414,326031.51360760175
2024-10-24 08:30:00,326069.8830506677,326031.72587523307
2024-10-24 12:30:00,326040.895463244,326031.7884987132
2024-10-24 16:30:00,326006.9798843722,326031.49913552444
2024-10-24 20:30:00,326042.81405719084,326031.4624010391
2024-10-25 00:30:00,326045.98695936846,326031.50325990375
2024-10-25 04:30:00,326042.9755724841,326031.61452227324
2024-10-25 08:30:00,326039.6577780232,326031.6203245557
2024-10-25 12:30:00,326028.66832454846,326031.61018263106
2024-10-25 16:30:00,326024.21519511356,326031.6358416044
2024-10-25 20:30:00,326059.4858034206,326031.67749733076
2024-10-26 00:30:00,326034.5668357593,326031.7266194459
2024-10-26 04:30:00,326027.74080266495,326031.70178758324
2024-10-26 08:30:00,326041.1458495857,326031.7325570754
2024-10-26 12:30:00,326029.7528105303,326031.7682127685
2024-10-26 16:30:00,326020.2806114104,326031.5966359797
2024-10-26 20:30:00,326028.1480756124,326031.5020155216
2024-10-27 00:30:00,326053.66254537646,326031.6237820489
2024-10-27 04:30:00,326038.1990866312,326031.69795542146
2024-10-27 08:30:00,326034.3692275486,326031.7374636174
2024-10-27 12:30:00,326024.907982085,326031.78871375194
2024-10-27 16:30:00,326032.4342319773,326032.027149213
2024-10-27 20:30:00,326038.4034856069,326032.0991873596
2024-10-28 00:30:00,326028.2190030426,326032.06623715244
2024-10-28 04:30:00,326006.87496841745,326031.9897047696
2024-10-28 08:30:00,326029.14098049275,326032.00063529855
2024-10-28 12:30:00,326066.78847786394,326032.0940148617
2024-10-28 16:30:00,326015.01856182085,326031.9650117869
2024-10-28 20:30:00,326037.29845878354,326031.88115218194
2024-10-29 00:30:00,326051.543648834,326031.88542570703
2024-10-29 04:30:00,326034.5010631672,326031.8834501294
2024-10-29 08:30:00,326026.9411684518,326031.80080793943
2024-10-29 12:30:00,326043.71672481333,326031.9268325258
2024-10-29 16:30:00,326038.64195424697,326032.1496626883
2024-10-29 20:30:00,326034.8763424761,326032.2873338481
2024-10-30 00:30:00,326061.25389608735,326032.4280983131
2024-10-30 08:30:00,326012.41426726285,326032.309672236
2024-10-30 12:30:00,326059.8985051117,326032.3061233845
2024-10-30 16:30:00,326038.3511925475,326032.2768541322
2024-10-31 00:30:00,326056.87882443925,326032.39817941893
2024-10-31 04:30:00,326043.92125182843,326032.3399385339
2024-10-31 08:30:00,326037.4421301629,326032.33396454115
2024-10-31 12:30:00,326037.63578292204,326032.2580782089
2024-10-31 16:30:00,326016.9899823203,326032.1057241078
2024-10-31 20:30:00,325988.11633383407,326031.7988251791
2024-11-01 00:30:00,326028.8420819287,326031.5613245543
2024-11-01 04:30:00,326062.16012744035,326031.64068375604
2024-11-01 08:30:00,326014.41904761374,326031.48786138865
2024-11-01 12:30:00,326039.6077508377,326031.5121637829
2024-11-01 16:30:00,326022.7876577808,326031.3123145004
2024-11-01 20:30:00,326017.38642382703,326031.3210712247
2024-11-02 00:30:00,326041.41194728506,326031.3912863165
2024-11-02 04:30:00,326046.3159339002,326031.35422344686
2024-11-02 08:30:00,326058.9577682771,326031.4849026797
2024-11-02 12:30:00,326060.20084761933,326031.64574290067
2024-11-02 16:30:00,326026.521571199,326031.5685174155
2024-11-02 20:30:00,325988.730933722,326031.3088829925
2024-11-03 00:30:00,326023.80637818784,326031.1858455489
2024-11-03 04:30:00,326049.8248264614,326031.11378371145
2024-11-03 08:30:00,325994.68169163604,326030.8370027886
2024-11-03 12:30:00,326006.57630871714,326030.5871495052
2024-11-03 16:30:00,326049.23956732394,326030.6515239452
2024-11-03 20:30:00,326007.8132320018,326030.61104571825
2024-11-04 00:30:00,326025.9839102012,326030.5217670775
2024-11-04 04:30:00,326041.4815712972,326030.4557103507
2024-11-04 08:30:00,326033.12683282583,326030.4442914654
2024-11-04 12:30:00,326033.3026407744,326030.4097472529
2024-11-04 16:30:00,326039.47188507643,326030.55227801896
2024-11-04 20:30:00,326007.32618150295,326030.6138669877
2024-11-05 00:30:00,326051.571633728,326030.8666964499
2024-11-05 04:30:00,326055.6929334916,326031.05289442703
2024-11-05 08:30:00,326055.74021025124,326030.9640199332
2024-11-05 12:30:00,326036.9837980359,326030.9247815744
2024-11-05 16:30:00,326008.1116542184,326030.7942315149
2024-11-05 20:30:00,326008.5614968082,326030.7114293293
2024-11-06 00:30:00,326037.3239310668,326030.7617544182
2024-11-06 04:30:00,326046.605270753,326030.8422644729
2024-11-06 08:30:00,326042.8441256285,326030.9672385739
2024-11-06 12:30:00,326028.151067205,326030.8250918925
2024-11-06 16:30:00,326047.0537192192,326030.91512139776
2024-11-06 20:30:00,326032.9997467112,326031.0856750691
2024-11-07 00:30:00,326046.78698550037,326031.2926474006
2024-11-07 04:30:00,326063.66735965817,326031.5571160508
2024-11-07 08:30:00,326045.7446381004,326031.7076945433
2024-11-07 12:30:00,326034.3024291151,326031.705430267
2024-11-07 16:30:00,325985.3064662416,326031.498285482
2024-11-07 20:30:00,326012.53760311677,326031.38350563
2024-11-08 00:30:00,326020.87503081805,326031.3736267777
2024-11-08 04:30:00,326028.12310501945,326031.37542781944
2024-11-08 08:30:00,326033.0399799087,326031.40469252184
2024-11-08 12:30:00,326021.21228482894,326031.1855330299
2024-11-08 16:30:00,326048.1967654056,326031.24206650286
2024-11-08 20:30:00,326049.29878267105,326031.4543262695
2024-11-09 00:30:00,326047.296933555,326031.7340346952
2024-11-09 04:30:00,326042.2739440036,326032.02613009023
2024-11-09 08:30:00,326037.50486055325,326032.0087167711
2024-11-09 12:30:00,326078.1761703809,326032.12521475315
2024-11-09 20:30:00,325991.0882789119,326031.7200201938
2024-11-10 00:30:00,326015.4264514167,326031.7479762292
2024-11-10 04:30:00,326030.22962471907,326031.8500281139
2024-11-10 08:30:00,326034.73800113326,326031.8673905768
2024-11-10 12:30:00,325975.46775676776,326031.61581232183
2024-11-10 16:30:00,326045.8468735161,326031.72392189456
2024-11-10 20:30:00,326045.8510941566,326031.7255709426
2024-11-11 00:30:00,326016.0623604603,326031.6077050177
2024-11-11 04:30:00,326000.92930770176,326031.50114643556
2024-11-11 08:30:00,326039.45611232414,326031.7009433047
2024-11-11 12:30:00,326052.2502399828,326031.9359879466
2024-11-11 16:30:00,326026.8450436794,326031.7271190128
2024-11-12 00:30:00,326005.18946244055,326031.7082033635
2024-11-12 04:30:00,326026.7268925245,326031.82669937017
2024-11-12 08:30:00,326049.5560682327,326031.7918893375
2024-11-12 12:30:00,326020.4549902291,326031.63038384035
2024-11-12 16:30:00,326018.6185635709,326031.7487964044
2024-11-12 20:30:00,326022.5596373862,326031.8330910241
2024-11-13 00:30:00,326024.48854867596,326031.6690697165
2024-11-13 04:30:00,326011.64299690916,326031.62947717664
2024-11-13 08:30:00,326018.7610711702,326031.5394845481
2024-11-13 12:30:00,326063.8268008329,326031.7585921604
2024-11-13 16:30:00,326051.63860388636,326031.73606494704
2024-11-13 20:30:00,326031.68935425836,326031.56828314986
2024-11-14 00:30:00,326056.78530180507,326031.75495501945
2024-11-14 04:30:00,326036.11208095384,326031.7504068755
2024-11-14 08:30:00,326030.5103981116,326031.6385732773
2024-11-14 12:30:00,325969.305074559,326031.2415947318
2024-11-14 16:30:00,325976.90839233494,326031.06496826437
2024-11-14 20:30:00,326027.4885485628,326031.1084154011
2024-11-15 00:30:00,326038.6543458076,326030.98939293507
2024-11-15 04:30:00,325999.3020355503,326030.6356964917
2024-11-15 08:30:00,325997.1410368964,326030.5821012715
2024-11-15 12:30:00,326041.3115421308,326030.7682412477
2024-11-15 16:30:00,326051.75724365684,326030.8611127193
2024-11-15 20:30:00,326056.1602749172,326031.07717468386
2024-11-16 00:30:00,326062.628669776,326031.3407544925
2024-11-16 04:30:00,326031.05732180923,326031.4636331254
2024-11-16 08:30:00,326037.2157603968,326031.5214360386
2024-11-16 12:30:00,326016.8000183008,326031.24793788575
2024-11-16 16:30:00,326008.41133797984,326031.19584622997
2024-11-16 20:30:00,326019.8045859141,326031.34075136535
2024-11-17 00:30:00,326032.64217507205,326031.1871395504
2024-11-17 04:30:00,326020.9284756076,326031.0278066239
2024-11-17 08:30:00,325974.9105078685,326030.8151443224
2024-11-17 12:30:00,326030.00660272466,326030.8714555889
2024-11-17 16:30:00,326081.5157613707,326031.0958856855
2024-11-17 20:30:00,326019.20199558686,326031.2170407735
2024-11-18 00:30:00,326036.9020909783,326031.3917332656
2024-11-18 04:30:00,326072.3526057117,326031.66193267814
2024-11-18 08:30:00,326061.9582425518,326031.8042344702
2024-11-18 12:30:00,326040.8036287346,326031.5652455104
2024-11-18 16:30:00,325999.48733138014,326031.3821907985
2024-11-18 20:30:00,326017.49193929817,326031.55183632695
2024-11-19 00:30:00,326041.2904817714,326031.6396951828
2024-11-19 04:30:00,326031.4750698166,326031.53051259194
2024-11-19 08:30:00,326022.48695613246,326031.4458075275
2024-11-19 12:30:00,326012.8528138551,326031.61266415875
2024-11-19 16:30:00,326034.0058480883,326031.80125273135
2024-11-19 20:30:00,325997.2762547353,326031.64577024087
2024-11-20 00:30:00,326004.6585969893,326031.57605082827
2024-11-20 04:30:00,325998.12739797554,326031.2652288
2024-11-20 08:30:00,325980.3647552279,326030.887300305
2024-11-20 12:30:00,325986.8784183388,326030.38374568906
2024-11-20 16:30:00,326008.126408837,326030.22702245665
2024-11-20 20:30:00,326018.0251415199,326030.27926996344
2024-11-21 00:30:00,326011.73691242107,326030.3120798506
2024-11-21 04:30:00,326007.48801885225,326030.20147784974
2024-11-21 08:30:00,326016.8892990739,326029.9653065615
2024-11-21 12:30:00,326028.81863234914,326030.1067964226
2024-11-21 16:30:00,326042.0091141667,326030.1462699978
2024-11-21 20:30:00,326059.71779427794,326030.3999991629
2024-11-22 00:30:00,326082.4682857971,326030.7707503378
2024-11-22 04:30:00,325995.61287513294,326030.5717395961
2024-11-22 08:30:00,326021.80868281575,326030.3927599767
2024-11-22 12:30:00,326051.40970063646,326030.4198924961
2024-11-22 16:30:00,326073.386895689,326030.74295196985
2024-11-22 20:30:00,326033.0964403937,326030.83346660656
2024-11-23 00:30:00,326065.4317179459,326031.1339723143
2024-11-23 04:30:00,326042.7706423992,326031.0835784776
2024-11-23 08:30:00,326038.03354452195,326030.9026153744
2024-11-23 12:30:00,326047.3142466521,326030.93908573483
2024-11-23 16:30:00,326063.8613199157,326031.2622757094
2024-11-23 20:30:00,326048.38460233423,326031.29392653407
2024-11-24 00:30:00,326040.20823207306,326031.2610928563
2024-11-24 04:30:00,326052.9908379141,326031.31799777347
2024-11-24 08:30:00,326038.3812348423,326031.3107446872
2024-11-24 12:30:00,326058.6818736665,326031.48127621633
2024-11-24 16:30:00,326034.6350117228,326031.5404797198
2024-11-24 20:30:00,326031.5387466006,326031.3816896242
2024-11-25 00:30:00,326023.27425344003,326031.3175272247
2024-11-25 04:30:00,326034.0020771349,326031.35310264776
2024-11-25 08:30:00,326035.17985105794,326031.31920492894
2024-11-25 12:30:00,326062.65303198213,326031.50613800535
2024-11-25 16:30:00,326046.9815532822,326031.65784790233
2024-11-25 20:30:00,326018.6878290481,326031.6040965014
2024-11-26 00:30:00,326034.23752392316,326031.4937270613
2024-11-26 04:30:00,326044.01833931595,326031.526790997
2024-11-26 08:30:00,326053.95022873464,326031.63804668555
2024-11-26 12:30:00,326049.81763954414,326031.77957883023
2024-11-26 16:30:00,326033.79194282374,326031.78729309636
2024-11-26 20:30:00,326040.62446272845,326031.7999122846
2024-11-27 00:30:00,326052.669254122,326031.93883416575
2024-11-27 04:30:00,326032.74991090427,326032.08585088444
2024-11-27 08:30:00,326026.18814611936,326032.06907341635
2024-11-27 12:30:00,326069.011787822,326032.0817058593
2024-11-27 16:30:00,326041.26951319247,326032.23085899214
2024-11-27 20:30:00,326026.29439093405,326032.16833587934
2024-11-28 00:30:00,326015.5028556278,326031.9635586452
2024-11-28 04:30:00,326010.08583190583,326031.82483574026
2024-11-28 08:30:00,326013.94297786907,326031.7509823847
2024-11-28 12:30:00,326061.17733436346,326031.85019039357
2024-11-28 16:30:00,326027.49191396916,326031.78683789197
2024-11-28 20:30:00,326023.36545607273,326031.7214351283
2024-11-29 00:30:00,326032.225746724,326031.5565024615
2024-11-29 04:30:00,326000.23647318524,326031.3795531435
2024-11-29 08:30:00,326046.49408867315,326031.57209450746
2024-11-29 12:30:00,326083.9346654643,326031.7078920235
2024-11-29 16:30:00,326043.1999380352,326031.7352860658
2024-11-29 20:30:00,326029.05889500765,326031.72025016096
2024-11-30 00:30:00,326037.4290773449,326031.61098191893
2024-11-30 04:30:00,326026.597393656,326031.513656873
2024-11-30 08:30:00,326018.1196348157,326031.40510352835
2024-11-30 12:30:00,326055.39176867955,326031.50485625735
2024-11-30 16:30:00,326037.9292502296,326031.62249259395
2024-11-30 20:30:00,326030.03141678986,326031.857970588
2024-12-01 00:30:00,326043.8766074112,326031.94243421435
2024-12-01 04:30:00,326045.2141081905,326031.847231859
2024-12-01 08:30:00,326032.10700977367,326031.946602433
2024-12-01 12:30:00,326039.9272396041,326031.94839731365
2024-12-01 16:30:00,326025.2350099556,326031.9621464832
2024-12-01 20:30:00,326023.64140174,326031.9972868085
2024-12-02 00:30:00,326041.74847279117,326031.99917740125
2024-12-02 04:30:00,326000.5977609042,326031.7423337327
2024-12-02 08:30:00,326002.94162643666,326031.4276363066
2024-12-02 12:30:00,326064.3856587821,326031.45114648173
2024-12-02 16:30:00,326078.9790511101,326031.74585142505
2024-12-02 20:30:00,326027.2631506539,326031.9623245539
2024-12-03 00:30:00,326029.97976119025,326031.9970064809
2024-12-03 04:30:00,326024.7243799616,326031.85599273647
2024-12-03 08:30:00,326012.9383557502,326031.9585582652
2024-12-03 12:30:00,326029.3816999688,326032.0866784408
2024-12-03 16:30:00,326031.7013174392,326031.988148947
2024-12-03 20:30:00,326018.19228095567,326032.04645821085
2024-12-04 00:30:00,326036.22093399306,326032.1039695805
2024-12-04 04:30:00,326010.3723330048,326031.9291985789
2024-12-04 08:30:00,326014.07654746354,326031.8221745038
2024-12-04 12:30:00,326071.6341478003,326032.03752004885
2024-12-04 16:30:00,326078.03080396424,326032.25414318865
2024-12-04 20:30:00,326020.4269465351,326032.3277429922
2024-12-05 00:30:00,326041.13017774903,326032.26908312715
2024-12-05 04:30:00,326045.7715560657,326032.2133450518
2024-12-05 08:30:00,326018.48054948635,326032.0040211149
2024-12-05 12:30:00,326031.3077885995,326031.9721334214
2024-12-05 16:30:00,326036.04833483504,326032.12908106536
2024-12-05 20:30:00,326034.71051572706,326032.27598566597
2024-12-06 00:30:00,326047.95668862,326032.33572025894
2024-12-06 04:30:00,326039.1601354326,326032.29389365605
2024-12-06 08:30:00,326013.42822467675,326032.1286357855
2024-12-06 12:30:00,326021.4960989493,326032.0912483234
2024-12-06 16:30:00,326055.7488653996,326032.14009745925
2024-12-06 20:30:00,326022.8757647368,326032.08322115603
2024-12-07 00:30:00,326032.26572692994,326032.00164105167
2024-12-07 04:30:00,326031.67503071716,326031.8219088666
2024-12-07 08:30:00,326034.8460460404,326031.7606808213
2024-12-07 12:30:00,326037.9604422984,326031.7812314572
2024-12-07 16:30:00,326042.33140715153,326032.10159629385
2024-12-07 20:30:00,326037.05690744304,326032.2393451945
2024-12-08 00:30:00,326031.0560970061,326032.29654219555
2024-12-08 04:30:00,326060.0531262858,326032.4759243375
2024-12-08 08:30:00,326040.0677756288,326032.51540633594
2024-12-08 12:30:00,326040.1980740493,326032.62206807313
2024-12-08 16:30:00,326071.33457257925,326032.7520557539
2024-12-08 20:30:00,326032.72934988566,326032.65896905283
2024-12-09 00:30:00,326021.09119241324,326032.51174578804
2024-12-09 04:30:00,326036.4391614127,326032.4789661105
2024-12-09 08:30:00,326042.28444476123,326032.50581770716
2024-12-09 12:30:00,326055.77680431557,326032.379978572
2024-12-09 16:30:00,326052.3982242028,326032.4918123465
2024-12-09 20:30:00,326036.47131124005,326032.7453488399
2024-12-10 00:30:00,326042.0870766672,326032.8942908805
2024-12-10 04:30:00,326055.7865136431,326033.0370667962
2024-12-10 08:30:00,326064.17173653597,326033.2015010722
2024-12-10 12:30:00,326045.83392507304,326033.59460815776
2024-12-10 16:30:00,326036.7452475244,326033.54376108514
2024-12-10 20:30:00,326037.7056511421,326033.49825581687
2024-12-11 00:30:00,326038.45115848386,326033.6233329008
2024-12-11 04:30:00,326025.55535835744,326033.76090860274
2024-12-11 08:30:00,326057.654812385,326033.8625773182
2024-12-11 12:30:00,326036.2531530437,326033.7732081174
2024-12-11 16:30:00,326024.8898885131,326033.7622854629
2024-12-11 20:30:00,326028.3218918756,326033.7320610541
2024-12-12 00:30:00,326023.5550935943,326033.8340923383
2024-12-12 04:30:00,326042.72173803835,326033.9229525911
2024-12-12 08:30:00,326045.88901131315,326033.9025800527
2024-12-12 12:30:00,326042.518989204,326034.0251578247
2024-12-12 16:30:00,326031.1482913995,326034.0947674238
2024-12-12 20:30:00,326028.44640149036,326034.1274716688
2024-12-13 00:30:00,326033.88917646155,326034.1796973788
2024-12-13 04:30:00,326036.6408254518,326034.31857420393
2024-12-13 08:30:00,326028.0697472127,326034.37028907094
2024-12-13 12:30:00,326038.29064345744,326034.22842152993
2024-12-13 16:30:00,326013.2220265282,326034.01499610016
2024-12-13 20:30:00,326016.6928343447,326033.93168210064
2024-12-14 00:30:00,325998.74720583577,326033.6092482342
2024-12-14 04:30:00,326008.7345685921,326033.4571509432
2024-12-14 08:30:00,326023.7255110559,326033.41945712623
2024-12-14 12:30:00,326078.1041177178,326034.02389625495
2024-12-14 16:30:00,326027.405660342,326034.3044366327
2024-12-14 20:30:00,325990.11914826615,326034.0968288533
2024-12-15 00:30:00,325987.13008046744,326033.8105829347
2024-12-15 04:30:00,325988.1265204312,326033.7484967397
2024-12-15 08:30:00,326038.6279153414,326033.9789793977
2024-12-15 12:30:00,326070.2432779094,326034.13971126307
2024-12-15 16:30:00,326037.9150169176,326034.0628100034
2024-12-15 20:30:00,326040.5506539849,326033.97608988715
2024-12-16 00:30:00,326022.3720164985,326033.7524418134
2024-12-16 04:30:00,326021.17623095267,326033.69754686416
2024-12-16 08:30:00,326031.79978990427,326033.6674581392
2024-12-16 12:30:00,326045.2526133404,326033.82552811166
2024-12-16 16:30:00,326043.44581114076,326034.0201640736
2024-12-16 20:30:00,326026.2291485395,326034.05585608823
2024-12-17 00:30:00,326003.4715949293,326033.8937973097
2024-12-17 04:30:00,326024.5453185961,326033.9138908819
2024-12-17 08:30:00,326028.7369092244,326034.212926445
2024-12-17 12:30:00,326034.0522289963,326034.23540214647
2024-12-17 16:30:00,326086.58062768093,326034.2635402926
2024-12-17 20:30:00,326042.5468436792,326034.39323389315
2024-12-18 00:30:00,325983.0912964787,326034.0942850348
2024-12-18 04:30:00,326007.8322975789,326033.7358388785
2024-12-18 08:30:00,326017.2801567386,326033.48762729065
2024-12-18 12:30:00,326016.07684124814,326033.3502562491
2024-12-18 16:30:00,326072.6798835922,326033.7568815391
2024-12-18 20:30:00,326033.6768134128,326033.84679750644
2024-12-19 00:30:00,326026.8714168453,326033.76669159014
2024-12-19 04:30:00,326045.66529884335,326033.8455261959
2024-12-19 08:30:00,326021.7897346762,326033.84165274334
2024-12-19 12:30:00,326017.69994436123,326033.8685812462
2024-12-19 16:30:00,326053.5058263419,326033.9769144587
2024-12-19 20:30:00,326018.9912105407,326034.09755310207
2024-12-20 00:30:00,325993.1819081141,326034.0337937195
2024-12-20 04:30:00,326018.0926079976,326034.1447115528
2024-12-20 08:30:00,326028.38587628095,326034.4114955586
2024-12-20 12:30:00,326006.9807425874,326034.52317513793
2024-12-20 16:30:00,326073.18176685134,326034.8845937935
2024-12-20 20:30:00,326043.8722750766,326035.02818897995
2024-12-21 00:30:00,326021.2967250811,326035.08129905025
2024-12-21 04:30:00,326033.2561431705,326035.2244552964
2024-12-21 08:30:00,326032.88862179406,326035.3133404227
2024-12-21 12:30:00,326027.8851736205,326035.3081545409
2024-12-21 16:30:00,326079.34910560463,326035.5155989377
2024-12-21 20:30:00,326036.4777276566,326035.3864874565
2024-12-22 00:30:00,326029.910794271,326035.0945013925
2024-12-22 04:30:00,326042.7417635155,326035.35632855014
2024-12-22 08:30:00,326044.88459544117,326035.4845280647
2024-12-22 12:30:00,326042.80000019626,326035.4366963957
2024-12-22 16:30:00,326039.6305767729,326035.2491612906
2024-12-22 20:30:00,326043.9957719932,326035.30971313274
2024-12-23 00:30:00,326042.0658323158,326035.1799026571
2024-12-23 04:30:00,326037.40241701645,326035.1500791827
2024-12-23 08:30:00,326016.9557197501,326035.0329801562
2024-12-23 12:30:00,326005.9620725791,326034.8032458557
2024-12-23 16:30:00,326028.4148781144,326034.60632117913
2024-12-23 20:30:00,326033.9385887857,326034.5260655483
2024-12-24 00:30:00,326014.72604900994,326034.3844978646
2024-12-24 04:30:00,325996.91839226737,326034.0729842777
2024-12-24 08:30:00,326024.20570183016,326033.9942313165
2024-12-24 12:30:00,326024.40556389967,326033.80380737333
2024-12-24 16:30:00,325996.1053485097,326033.58975368884
2024-12-24 20:30:00,326012.63647942856,326033.4847410934
2024-12-25 00:30:00,326026.62839805696,326033.50337523024
2024-12-25 04:30:00,325996.34918787703,326033.2941925121
2024-12-25 08:30:00,325999.90503120405,326033.0982212907
2024-12-25 12:30:00,326072.0371813448,326033.1503554538
2024-12-25 16:30:00,326054.0222285786,326033.1894703165
2024-12-25 20:30:00,326077.1395987967,326033.5142023708
2024-12-26 00:30:00,326040.36715443607,326033.54825587355
2024-12-26 04:30:00,326039.78120319505,326033.5247162285
2024-12-26 08:30:00,326036.98387689685,326033.43045871827
2024-12-26 12:30:00,326056.82054525387,326033.46936375
2024-12-26 16:30:00,326053.3572525303,326033.578059915
2024-12-26 20:30:00,326061.3889438563,326033.69341814343
2024-12-27 00:30:00,326066.18138791976,326033.7684855535
2024-12-27 04:30:00,326017.48805695376,326033.68369747594
2024-12-27 08:30:00,326012.3515852904,326033.60682769364
2024-12-27 12:30:00,326042.6395480152,326033.46031525027
2024-12-27 16:30:00,326035.11521378206,326033.4261246979
2024-12-27 20:30:00,326003.514361567,326033.29956897924
2024-12-28 00:30:00,326013.7791776654,326033.2899929905
2024-12-28 04:30:00,326017.3036618158,326033.3300920456
2024-12-28 08:30:00,326040.81079532736,326033.4793576982
2024-12-28 12:30:00,326078.2943551584,326033.5744522581
2024-12-28 16:30:00,326044.29632764705,326033.6678101119
2024-12-28 20:30:00,326041.68305799353,326033.76957456704
2024-12-29 00:30:00,326023.7897112784,326033.72270770336
2024-12-29 04:30:00,325996.96513700846,326033.7045336136
2024-12-29 08:30:00,326016.824282079,326033.53970135463
2024-12-29 12:30:00,326023.1408853465,326033.20195813186
2024-12-29 16:30:00,326034.4387923507,326033.15328510024
2024-12-29 20:30:00,326035.64163199026,326033.18985586124
2024-12-30 00:30:00,326043.7387423427,326033.22490955563
2024-12-30 04:30:00,326034.2868298676,326033.2676286457
2024-12-30 08:30:00,326024.6861605802,326033.30410934443
2024-12-30 12:30:00,326041.5156425845,326033.22701975505
2024-12-30 16:30:00,326049.64824075124,326033.2921252579
2024-12-30 20:30:00,326003.58403177565,326033.1451953412
2024-12-31 00:30:00,326038.6341578952,326033.11607062165
2024-12-31 04:30:00,326036.72415866505,326033.0689042354
2024-12-31 08:30:00,326023.0678917762,326033.0186869131
2024-12-31 12:30:00,326024.35791650414,326032.9321906738
2024-12-31 16:30:00,326052.70400523266,326033.08479620307
2024-12-31 20:30:00,326034.78641878685,326033.1467129644
2025-01-01 00:30:00,326022.12902508647,326033.0377160327
2025-01-01 04:30:00,326044.75224989455,326033.2830187493
2025-01-01 08:30:00,326010.26514980034,326033.32370499027
2025-01-01 12:30:00,326025.5196405684,326033.10778266686
2025-01-01 16:30:00,326038.47555889445,326032.88276326563
2025-01-01 20:30:00,326006.2954827382,326032.7662762216
2025-01-02 00:30:00,326000.5155805599,326032.6025863293
2025-01-02 04:30:00,326030.0551253551,326032.63220158144
2025-01-02 08:30:00,326011.3459517656,326032.62335489265
2025-01-02 12:30:00,326043.29514678445,326032.70065181947
2025-01-02 16:30:00,326076.7498476746,326032.9509214318
2025-01-02 20:30:00,326015.1516474799,326032.9340290236
2025-01-03 00:30:00,326027.2743971651,326032.8843260412
2025-01-03 04:30:00,326046.1314324147,326033.0829877046
2025-01-03 08:30:00,326031.0913230833,326033.17751423584
2025-01-03 12:30:00,326025.1364226995,326032.9191935408
2025-01-03 16:30:00,326053.61858459876,326032.7835701
2025-01-03 20:30:00,326059.48695964814,326033.0005701728
2025-01-04 00:30:00,326044.5375903939,326033.01950024307
2025-01-04 04:30:00,326051.8670620944,326033.0533641654
2025-01-04 08:30:00,326040.72223740676,326033.1769290983
2025-01-04 12:30:00,326037.38282834634,326033.2106793191
2025-01-04 16:30:00,326067.38799600233,326033.3847885478
2025-01-04 20:30:00,326026.6128715544,326033.33980163577
2025-01-05 00:30:00,326015.40303608566,326033.1589480106
2025-01-05 04:30:00,326036.100086563,326033.14194773906
2025-01-05 08:30:00,326062.1177840468,326033.4124452912
2025-01-05 12:30:00,326043.28010688117,326033.5334675574
2025-01-05 16:30:00,326051.8474128885,326033.5117928212
2025-01-05 20:30:00,326065.22356866405,326033.7470583987
2025-01-06 00:30:00,326023.0145941578,326033.6956632166
2025-01-06 04:30:00,326029.32135636563,326033.682587248
2025-01-06 08:30:00,326044.7482291728,326033.7375993765
2025-01-06 12:30:00,326036.68434108025,326033.7305099253
2025-01-06 16:30:00,326051.42032384407,326033.7810039068
2025-01-06 20:30:00,326038.1442135334,326033.7870444963
2025-01-07 00:30:00,326028.1213646175,326033.7707404275
2025-01-07 04:30:00,326030.77709954133,326033.6080958344
2025-01-07 08:30:00,326041.86977440433,326033.6181069387
2025-01-07 12:30:00,326040.3351174132,326033.61886829074
2025-01-07 16:30:00,326045.9686614999,326033.4779465625
2025-01-07 20:30:00,326038.29771791864,326033.50888194045
2025-01-08 00:30:00,326020.28494984563,326033.5044028151
2025-01-08 04:30:00,326049.9347503687,326033.5793783093
2025-01-08 08:30:00,326066.7015233805,326033.71502874605
2025-01-08 12:30:00,326040.8037133634,326033.6318449074
2025-01-08 16:30:00,326034.7795721219,326033.533963507
2025-01-08 20:30:00,326056.8743513825,326033.6473137301
2025-01-09 00:30:00,326043.8397126499,326033.65705059655
2025-01-09 04:30:00,326016.788468451,326033.4403947899
2025-01-09 08:30:00,326031.14226916357,326033.256897749
2025-01-09 12:30:00,326034.52342604985,326033.1940616433
2025-01-09 16:30:00,326031.4861357112,326033.16484435543
2025-01-09 20:30:00,326015.3114993665,326033.0404324011
2025-01-10 00:30:00,326046.54846387665,326033.0854174311
2025-01-10 04:30:00,326045.7163616754,326033.1974230051
2025-01-10 08:30:00,326029.4860165066,326033.04092969466
2025-01-10 12:30:00,326008.76590890833,326032.8882227828
2025-01-10 16:30:00,326015.06341708684,326032.8336312749
2025-01-10 20:30:00,326023.6570752224,326032.80771562684
2025-01-11 00:30:00,326016.2276696808,326032.76700771623
2025-01-11 04:30:00,326010.9202568861,326032.5903328209
2025-01-11 08:30:00,326027.5033419221,326032.48819021316
2025-01-11 12:30:00,326070.85211731144,326032.64559648046
2025-01-11 16:30:00,326057.491859322,326032.7919496356
2025-01-11 20:30:00,326008.4075902309,326032.6806229063
2025-01-12 00:30:00,326021.17504759406,326032.609988857
2025-01-12 04:30:00,326026.68258121476,326032.554665278
2025-01-12 08:30:00,326019.9382965593,326032.50949055207
2025-01-12 12:30:00,326000.6470402495,326032.3003594232
2025-01-12 16:30:00,325999.16917056066,326032.22228800115
2025-01-12 20:30:00,326016.46345709794,326032.22101368307
2025-01-13 00:30:00,326042.5934848495,326032.46460412204
2025-01-13 04:30:00,326022.2615689393,326032.539754124
2025-01-13 08:30:00,326008.6965396357,326032.4562598383
2025-01-13 12:30:00,326066.96521132265,326032.394377025
2025-01-13 16:30:00,326079.508835236,326032.6838391078
2025-01-13 20:30:00,326040.5870015705,326032.96421607054
2025-01-14 00:30:00,326036.2063577662,326033.2368620556
2025-01-14 04:30:00,326046.3071227536,326033.560087624
2025-01-14 08:30:00,326030.94867844926,326033.5174251968
2025-01-14 12:30:00,326030.2697233763,326033.2953498939
2025-01-14 16:30:00,325975.55486337293,326032.94890459644
2025-01-14 20:30:00,325988.03937855945,326032.65717528854
2025-01-15 00:30:00,326001.9208774566,326032.54355784936
2025-01-15 04:30:00,326023.02283611987,326032.553816767
2025-01-15 08:30:00,326010.4019701584,326032.43493999064
2025-01-15 12:30:00,326044.0423029459,326032.42821604403
2025-01-15 16:30:00,326090.86623535585,326032.6916628452
2025-01-15 20:30:00,326051.0519564159,326032.8295673334
2025-01-16 00:30:00,325997.9708361103,326032.7990075621
2025-01-16 04:30:00,326031.25508667907,326032.8362840515
2025-01-16 08:30:00,326043.5226246017,326032.9184269147
2025-01-16 12:30:00,326042.7544706789,326032.9667727018
2025-01-16 16:30:00,325993.0720479655,326032.4472805923
2025-01-16 20:30:00,325986.9977309737,326032.1386744106
2025-01-17 00:30:00,326020.1189612481,326032.34438365937
2025-01-17 04:30:00,326020.3596279619,326032.41397993924
2025-01-17 08:30:00,326018.1133763555,326032.41860893706
2025-01-17 12:30:00,326039.12506900367,326032.54665464687
2025-01-17 16:30:00,326065.533494118,326032.5069524831
2025-01-17 20:30:00,326049.9207085589,326032.597196345
2025-01-18 00:30:00,326018.24004321813,326032.54924426926
2025-01-18 04:30:00,326066.5587359797,326032.66531892004
2025-01-18 08:30:00,326032.5980802454,326032.72536528436
2025-01-18 12:30:00,326040.3893166484,326032.8514173526
2025-01-18 16:30:00,326026.35987605556,326032.7006065177
2025-01-18 20:30:00,326018.1338555686,326032.69584343454
2025-01-19 00:30:00,326012.0590193219,326032.80071627453
2025-01-19 04:30:00,326015.7543241258,326032.7877258087
2025-01-19 08:30:00,326011.72866423347,326032.6951857417
2025-01-19 12:30:00,326049.8199752169,326032.93318147847
2025-01-19 16:30:00,326054.47731747257,326032.82926787087
2025-01-19 20:30:00,326014.6785670479,326032.667080604
2025-01-20 00:30:00,325980.5151888658,326032.44051651395
2025-01-20 04:30:00,326047.9109721324,326032.52193223045
2025-01-20 08:30:00,326065.2011986806,326032.7014465464
2025-01-20 12:30:00,326035.5592209014,326032.7440801424
2025-01-20 16:30:00,326027.86741274584,326032.4580707377
2025-01-20 20:30:00,326032.7591342547,326032.4374118854
2025-01-21 00:30:00,325999.5499714703,326032.26874064765
2025-01-21 04:30:00,326023.8756346364,326032.1639288205
2025-01-21 08:30:00,326029.33037096186,326032.07751646236
2025-01-21 12:30:00,326039.741410609,326032.06052429794
2025-01-21 16:30:00,326043.7751928102,326032.0835499426
2025-01-21 20:30:00,326006.88432423223,326031.8773752328
2025-01-22 00:30:00,326001.1978346222,326031.6503308012
2025-01-22 04:30:00,326047.4891010135,326031.7063679345
2025-01-22 08:30:00,326081.2851655523,326032.0637537445
2025-01-22 12:30:00,326017.10825201246,326032.1256769636
2025-01-22 16:30:00,326006.8442249957,326032.0058400018
2025-01-22 20:30:00,326048.4577515784,326032.08650201734
2025-01-23 00:30:00,326058.9127917155,326032.33198392123
2025-01-23 04:30:00,326045.4210280365,326032.60144300887
2025-01-23 08:30:00,326036.76929675596,326032.67124075844
2025-01-23 12:30:00,326036.1946393572,326032.7367356221
2025-01-23 16:30:00,326048.89360460767,326033.0300037115
2025-01-23 20:30:00,326025.1632291879,326033.09959676577
2025-01-24 00:30:00,326002.59372240386,326032.9660707899
2025-01-24 04:30:00,326018.0039960374,326033.0863752797
2025-01-24 08:30:00,326093.9754092198,326033.6089884909
2025-01-24 12:30:00,326038.7180460481,326033.42388218374
2025-01-24 16:30:00,326012.41838934674,326033.1927497435
2025-01-24 20:30:00,326026.63135713857,326032.9121484009
2025-01-25 00:30:00,326030.74479026825,326032.85869082226
2025-01-25 04:30:00,326011.27312791167,326032.70031262626
2025-01-25 08:30:00,326014.7567734718,326032.5768287183
2025-01-25 12:30:00,326047.0723212747,326032.5226719184
2025-01-25 16:30:00,326056.796956568,326032.5417813853
2025-01-25 20:30:00,326010.2213889781,326032.2575171915
2025-01-26 00:30:00,325998.61672195676,326031.88215793617
2025-01-26 04:30:00,326037.6571332146,326031.99420835986
2025-01-26 08:30:00,326036.879347136,326032.13047370344
2025-01-26 12:30:00,326059.5092353748,326032.2241941887
2025-01-26 16:30:00,326019.4957691105,326032.13741949614
2025-01-26 20:30:00,326027.33274760476,326032.269743863
2025-01-27 00:30:00,326006.15342202224,326032.2273785539
2025-01-27 04:30:00,326012.53795120504,326032.20090238383
2025-01-27 08:30:00,325974.2905909333,326031.83134569274
2025-01-27 12:30:00,326020.0072152855,326031.50752824906
2025-01-27 16:30:00,326069.3680066446,326031.6468153545
2025-01-27 20:30:00,326025.5782751401,326031.55734433874
2025-01-28 00:30:00,326026.6311379328,326031.57313004235
2025-01-28 04:30:00,326036.5944038971,326031.79329263617
2025-01-28 08:30:00,326038.8998116118,326031.91593446693
2025-01-28 12:30:00,326062.53001435497,326032.1347629614
2025-01-28 16:30:00,326037.56861937116,326032.1521508893
2025-01-28 20:30:00,326012.92777722725,326032.0259628073
2025-01-29 00:30:00,326012.3016513962,326031.851312302
2025-01-29 04:30:00,326001.21089732257,326031.6675571212
2025-01-29 08:30:00,325999.10467759863,326031.52543777134
2025-01-29 12:30:00,326043.03808110533,326031.53389576304
2025-01-29 16:30:00,326072.7499707278,326031.6622387074
2025-01-29 20:30:00,326044.32822793804,326031.8885953527
2025-01-30 00:30:00,325999.559782979,326031.6715154921
2025-01-30 04:30:00,326040.9486006435,326031.6949846142
2025-01-30 08:30:00,326028.596584858,326031.72569957585
2025-01-30 12:30:00,326058.81195305166,326031.9171108899
2025-01-30 16:30:00,326021.84616217366,326031.7456784285
2025-01-30 20:30:00,326008.616820906,326031.6002917736
2025-01-31 00:30:00,326025.5747694806,326031.619434798
2025-01-31 04:30:00,326035.6602070199,326031.56892344874
2025-01-31 08:30:00,326016.74078535254,326031.6048992018
2025-01-31 12:30:00,326010.7658641915,326031.5229337774
2025-01-31 16:30:00,326073.3486822797,326031.7166733518
2025-01-31 20:30:00,326023.5770442889,326031.8126820271
2025-02-01 00:30:00,326002.8994643493,326031.825925826
2025-02-01 04:30:00,326012.204009933,326031.72675296245
2025-02-01 08:30:00,326000.7688202651,326031.66799112083
2025-02-01 12:30:00,326044.0623126588,326031.6722531534
2025-02-01 16:30:00,326018.2977896937,326031.347519498
2025-02-01 20:30:00,326014.1919663237,326031.342187936
2025-02-02 00:30:00,325999.6273090953,326031.1885930023
2025-02-02 04:30:00,326054.2039455219,326031.2334402973
2025-02-02 08:30:00,326039.1429149944,326031.2781713635
2025-02-02 12:30:00,326037.8995567541,326031.3490776638
2025-02-02 16:30:00,326076.07627767394,326031.47384262533
2025-02-02 20:30:00,326071.1694587791,326031.5387453983
2025-02-03 00:30:00,326024.94870398345,326031.4299182516
2025-02-03 04:30:00,326061.7171716603,326031.48464108247
2025-02-03 08:30:00,326023.6151908259,326031.3896019348
2025-02-03 12:30:00,326061.2685691737,326031.52230049495
2025-02-03 16:30:00,326043.30973834504,326031.38853239693
2025-02-03 20:30:00,326038.0960007851,326031.45232755924
2025-02-04 00:30:00,326027.3465203279,326031.5186802495
2025-02-04 04:30:00,326034.1639424468,326031.50792389334
2025-02-04 08:30:00,326008.49742175726,326031.2100329917
2025-02-04 12:30:00,326031.1767499706,326031.14279211994
2025-02-04 16:30:00,326062.97404992743,326031.2046067702
2025-02-04 20:30:00,326031.6632485342,326031.01816054725
2025-02-05 00:30:00,326016.2522083617,326030.98059173726
2025-02-05 04:30:00,326046.6991183308,326031.0771348592
2025-02-05 08:30:00,326021.73548009933,326030.9492862533
2025-02-05 12:30:00,326019.3336890602,326030.85289374215
2025-02-05 16:30:00,326035.49379647395,326030.7644130345
2025-02-05 20:30:00,326010.9082649261,326030.6131022088
2025-02-06 00:30:00,326003.4383664522,326030.4759744412
2025-02-06 04:30:00,326009.20619311684,326030.35613607237
2025-02-06 08:30:00,325990.3478174784,326030.0699029782
2025-02-06 16:30:00,326039.87649702857,326029.9785209732
2025-02-06 20:30:00,326072.4356064449,326030.16923543427
2025-02-07 00:30:00,326029.37054381554,326030.21999294247
2025-02-07 04:30:00,326019.55597794603,326030.05027913005
2025-02-07 08:30:00,326015.1957478234,326029.7625373672
2025-02-07 12:30:00,326057.0863519567,326029.85350182856
2025-02-07 16:30:00,326029.32891477464,326029.8230512289
2025-02-08 04:30:00,326046.85055199114,326029.760871127
2025-02-08 08:30:00,326047.83977685537,326029.85520732857
2025-02-08 20:30:00,326015.281603733,326029.8190413701
2025-02-09 00:30:00,326027.0830538723,326029.70781045576
2025-02-09 04:30:00,326024.677653946,326029.5875892688
2025-02-09 08:30:00,326027.5355457852,326029.57644372183
2025-02-09 12:30:00,326020.3907815009,326029.6428715652
2025-02-10 00:30:00,326043.45160750183,326029.9191096497
2025-02-10 04:30:00,326030.9702676213,326030.0350056657
2025-02-10 08:30:00,326023.9923586133,326030.0147109644
2025-02-10 12:30:00,326045.5089450364,326029.8682186391
2025-02-10 16:30:00,326021.7339288452,326029.66152539937
2025-02-11 00:30:00,326036.86503338296,326029.8763156375
2025-02-11 04:30:00,326031.5367611297,326029.90453761374
2025-02-11 08:30:00,326050.1294921623,326030.0800678208
2025-02-11 12:30:00,326053.10403956624,326030.3850503749
2025-02-11 16:30:00,326025.20406777505,326030.53641605645
2025-02-11 20:30:00,326013.7506072136,326030.5206436734
2025-02-12 00:30:00,326028.2551606664,326030.4372813234
2025-02-12 04:30:00,326026.74927543756,326030.4633726402
2025-02-12 08:30:00,326019.66105140926,326030.5271198017
2025-02-12 12:30:00,326032.76922886976,326030.32830595033
2025-02-12 16:30:00,326038.6408137013,326030.0907011739
2025-02-13 00:30:00,326029.06433107733,326029.98755306227
2025-02-13 04:30:00,326037.38416463824,326029.9353720207
2025-02-13 08:30:00,326044.75952424266,326030.01613720076
2025-02-13 12:30:00,326041.58401722787,326030.08230266185
2025-02-13 16:30:00,326032.269245324,326030.4139657142
2025-02-13 20:30:00,326001.4259430195,326030.49224971695
2025-02-14 00:30:00,326018.1800818665,326030.5873327837
2025-02-14 04:30:00,326032.2679462534,326030.6413977552
2025-02-14 08:30:00,326031.33642005385,326030.76382143877
2025-02-14 12:30:00,326036.383642877,326030.71903395304
2025-02-14 16:30:00,326058.70073170954,326030.53093159257
2025-02-14 20:30:00,325996.84892282233,326030.21395478793
2025-02-15 00:30:00,326020.1765821703,326030.343812952
2025-02-15 04:30:00,326026.5512010105,326030.31630484865
2025-02-15 08:30:00,326020.44707345695,326030.18136010505
2025-02-15 12:30:00,326021.5965929217,326030.0576298259
2025-02-15 16:30:00,326029.340250508,326030.2697245775
2025-02-15 20:30:00,326021.321062973,326030.47044581734
2025-02-16 00:30:00,326023.134413973,326030.48808004375
2025-02-16 04:30:00,326033.6448630344,326030.56577147695
2025-02-16 08:30:00,326040.5749812954,326030.6971258918
2025-02-16 12:30:00,326035.75023404753,326030.67739001487
2025-02-16 16:30:00,326052.3253631301,326030.6001494828
2025-02-16 20:30:00,326034.3870755611,326030.50930952374
2025-02-17 00:30:00,326040.2459816919,326030.63799922244
2025-02-17 04:30:00,326048.99707908137,326030.5352994745
2025-02-17 08:30:00,326038.4364866056,326030.56944220164
2025-02-17 12:30:00,326014.0656977266,326030.41550290975
2025-02-17 16:30:00,326048.99223257974,326030.54785587185
2025-02-17 20:30:00,326020.7243040622,326030.5630046935
2025-02-18 00:30:00,326006.16692861315,326030.5285480227
2025-02-18 04:30:00,326013.114865992,326030.513112595
2025-02-18 08:30:00,326011.85799609596,326030.51386892167
2025-02-18 12:30:00,326035.11585263227,326030.42787990073
2025-02-18 16:30:00,326043.25994990044,326030.36228125996
2025-02-18 20:30:00,326042.763368282,326030.5265198636
2025-02-19 00:30:00,326011.7546593713,326030.70920682565
2025-02-19 04:30:00,326030.57413658797,326030.60782182246
2025-02-19 08:30:00,326058.4630261145,326030.5684173046
2025-02-19 12:30:00,325992.5859841906,326030.31711182673
2025-02-19 16:30:00,326022.0371849045,326030.283016927
2025-02-19 20:30:00,325999.18985397724,326030.0867053465
2025-02-20 00:30:00,326001.0907277804,326030.0957156173
2025-02-20 04:30:00,326004.0135340322,326029.9795629822
2025-02-20 08:30:00,326047.03547638404,326030.08310161036
2025-02-20 12:30:00,326010.5454467382,326029.9123649795
2025-02-20 16:30:00,326010.0915342215,326029.71538451995
2025-02-20 20:30:00,326049.05185958015,326029.961978294
2025-02-21 00:30:00,326040.18125987385,326030.189951541
2025-02-21 04:30:00,326025.4871371597,326030.06128508574
2025-02-21 08:30:00,326056.20932893653,326029.91464276635
2025-02-21 12:30:00,326042.1972473487,326030.0613620373
2025-02-21 16:30:00,326039.37994190573,326030.2516293877
2025-02-21 20:30:00,326021.1082231615,326030.091690625
2025-02-22 00:30:00,325993.8614039044,326029.71127315244
2025-02-22 04:30:00,326025.719284289,326029.59605827666
2025-02-22 08:30:00,326047.5039770504,326029.6588341848
2025-02-22 12:30:00,326048.46232833684,326029.73057505605
2025-02-22 16:30:00,326014.0105165486,326029.5265803891
2025-02-22 20:30:00,326000.0283766888,326029.37959294755
2025-02-23 00:30:00,326024.3694210376,326029.5069362144
2025-02-23 04:30:00,326032.4212481223,326029.59124763013
2025-02-23 08:30:00,326046.7954006302,326029.3153411471
2025-02-23 12:30:00,326024.68842389446,326029.2332965731
2025-02-23 16:30:00,326022.0635651446,326029.28970111
2025-02-23 20:30:00,326043.44114122423,326029.38800394087
2025-02-24 00:30:00,326041.20326425944,326029.44916460756
2025-02-24 04:30:00,326014.0070147187,326029.4651522497
2025-02-24 08:30:00,326060.9790183228,326029.73545777507
2025-02-24 12:30:00,326055.0004116286,326029.78182087664
2025-02-24 16:30:00,325992.029842278,326029.4030658222
2025-02-24 20:30:00,326000.5990131835,326029.34679461876
2025-02-25 00:30:00,326046.2090798303,326029.6251125011
2025-02-25 04:30:00,326038.6382852329,326029.6308502322
2025-02-25 08:30:00,326051.7338319876,326029.7177185647
2025-02-25 12:30:00,326027.3029013472,326029.52937743
2025-02-25 16:30:00,325997.0327374514,326029.39801467175
2025-02-25 20:30:00,325987.6061493419,326029.1656953837
2025-02-26 00:30:00,326014.6188431775,326029.21520077053
2025-02-26 04:30:00,326019.71024462703,326029.2571440069
2025-02-26 08:30:00,326036.65204710216,326029.6218308851
2025-02-26 12:30:00,326089.8049301587,326030.0300046563
2025-02-26 16:30:00,326034.54624456307,326029.82636862074
2025-02-26 20:30:00,325994.882267833,326029.64685980603
2025-02-27 00:30:00,326049.17714914284,326029.7787078248
2025-02-27 04:30:00,326047.99099289905,326029.8453545442
2025-02-27 08:30:00,326053.6372294659,326029.9315382743
2025-02-27 12:30:00,326053.31025030214,326029.87762152543
2025-02-27 16:30:00,326022.53083371115,326029.7896812584
2025-02-27 20:30:00,326011.98251774616,326029.7841534252
2025-02-28 00:30:00,326047.00848560437,326029.98711736803
2025-02-28 04:30:00,326052.92422790435,326030.28953450586
2025-02-28 08:30:00,326030.83434444445,326030.47508811316
2025-02-28 12:30:00,326077.1996499997,326030.67486336984
2025-02-28 16:30:00,326066.81172069086,326030.6401367614
2025-02-28 20:30:00,325997.34281350445,326030.365368256
2025-03-01 00:30:00,326022.9248694225,326030.5020061884
2025-03-01 04:30:00,326043.73638894915,326030.5183090439
2025-03-01 08:30:00,326023.809737072,326030.49031578196
2025-03-01 12:30:00,325998.2271335663,326030.13601859205
2025-03-01 16:30:00,326025.1484906034,326030.1553304542
2025-03-01 20:30:00,326025.0021690217,326030.25115120347
2025-03-02 00:30:00,326007.5794605928,326030.14591547893
2025-03-02 04:30:00,326020.6898714292,326030.0583696568
2025-03-02 08:30:00,325987.64679135656,326029.888229341
2025-03-02 12:30:00,326022.4126281509,326029.9563390718
2025-03-02 16:30:00,326081.69144727604,326030.0051271712
2025-03-02 20:30:00,326003.4808125196,326029.887605348
2025-03-03 00:30:00,325994.19326236245,326029.836691886
2025-03-03 04:30:00,326054.17642319214,326030.0821445952
2025-03-03 08:30:00,325991.0077273395,326030.0250621805
2025-03-03 12:30:00,326007.7143055793,326029.8125007355
2025-03-03 16:30:00,326048.70758758293,326029.9903358109
2025-03-03 20:30:00,326022.1134649264,326030.03666036413
2025-03-04 00:30:00,326022.969998133,326030.17316731747
2025-03-04 04:30:00,326032.8588921413,326030.048342444
2025-03-04 08:30:00,325998.91815668246,326029.8131099392
2025-03-04 12:30:00,326017.4968135204,326029.6937956513
2025-03-04 16:30:00,326039.7495824266,326029.481358837
2025-03-04 20:30:00,326040.3515934545,326029.30113740236
2025-03-05 00:30:00,326005.7413076861,326029.18881344737
2025-03-05 04:30:00,326069.2745183822,326029.2330084574
2025-03-05 08:30:00,326050.3687529658,326029.38946203724
2025-03-05 12:30:00,325985.1033265637,326028.9440512617
2025-03-05 16:30:00,326028.98856785917,326028.8603017267
2025-03-05 20:30:00,326049.3036619809,326028.9258436051
2025-03-06 00:30:00,326039.6332170846,326028.9976956328
2025-03-06 04:30:00,326046.3459499273,326029.06893544266
2025-03-06 08:30:00,326029.5729273692,326029.19218401355
2025-03-06 12:30:00,325992.2983569035,326028.9648249898
2025-03-06 16:30:00,326042.62946111755,326028.8458507862
2025-03-06 20:30:00,326072.72293251887,326029.08596589713
2025-03-07 00:30:00,326056.4894400143,326029.3212713454
2025-03-07 04:30:00,326071.7539679826,326029.46779093414
2025-03-07 08:30:00,326054.2124217901,326029.65771456965
2025-03-07 12:30:00,325998.0246402048,326029.53310024884
2025-03-07 16:30:00,326034.8975683248,326029.52961353457
2025-03-07 20:30:00,326053.37321497384,326029.77794657584
2025-03-08 00:30:00,326029.56169227726,326029.9307145631
2025-03-08 04:30:00,326033.4988485811,326030.0727768757
2025-03-08 08:30:00,326050.07505542476,326030.422058969
2025-03-08 12:30:00,326033.8820457007,326030.4421751709
2025-03-08 16:30:00,326039.24941100477,326030.43852932187
2025-03-08 20:30:00,326077.07192091364,326030.46548463864
2025-03-09 00:30:00,326074.98768168566,326030.7307005564
2025-03-09 04:30:00,326055.0648406722,326030.93714743276
2025-03-09 08:30:00,326060.7564097413,326031.20203500206
2025-03-09 12:30:00,326023.5726751201,326031.00718804373
2025-03-09 16:30:00,326001.29783994623,326030.84421667835
2025-03-09 20:30:00,326021.86594998784,326030.79231918306
2025-03-10 00:30:00,326049.47743704036,326030.8997049179
2025-03-10 04:30:00,326019.6797912805,326030.7435511207
2025-03-10 08:30:00,326034.1710436155,326030.66499518265
2025-03-10 12:30:00,326052.9981939278,326030.79261346115
2025-03-10 16:30:00,326029.2028335976,326030.783580621
2025-03-10 20:30:00,326067.24276369216,326031.07881448435
2025-03-11 00:30:00,326058.5665597043,326031.2576980402
2025-03-11 04:30:00,326008.3177121467,326031.16474382544
2025-03-11 08:30:00,326056.98586330336,326031.332075175
2025-03-11 12:30:00,326057.92002800514,326031.54530953016
2025-03-11 16:30:00,325982.0337296877,326031.26558309037
2025-03-11 20:30:00,326016.1901400937,326031.18088959035
2025-03-12 00:30:00,326066.31066645234,326031.30931126996
2025-03-12 04:30:00,326058.79793265654,326031.46564646676
2025-03-12 08:30:00,326041.0552665374,326031.56150550005
2025-03-12 12:30:00,326077.88732284296,326031.74340649886
2025-03-12 16:30:00,326033.0640014153,326031.807058592
2025-03-12 20:30:00,326023.36953202705,326031.7599215721
2025-03-13 00:30:00,326040.988591257,326031.78295820823
2025-03-13 04:30:00,326033.80251397373,326031.79561604536
2025-03-13 08:30:00,326053.7079192441,326031.8156072581
2025-03-13 12:30:00,326083.87979571655,326031.98753885675
2025-03-13 16:30:00,326017.7565975327,326031.9459328777
2025-03-13 20:30:00,325991.500640541,326031.8216313879
2025-03-14 00:30:00,326056.1989329672,326031.97774184775
2025-03-14 04:30:00,326027.7339344427,326031.983242736
2025-03-14 08:30:00,325990.5497045122,326031.82060951315
2025-03-14 12:30:00,326070.0350663511,326032.0287985493
2025-03-14 16:30:00,326051.45913146914,326032.10040926316
2025-03-14 20:30:00,326012.56368403754,326031.9918719008
2025-03-15 00:30:00,326047.56187239406,326032.0946360192
2025-03-15 04:30:00,326023.08912326646,326032.01521912264
2025-03-15 08:30:00,326020.72433485114,326031.8816902927
2025-03-15 12:30:00,326029.1957718335,326031.8128667072
2025-03-15 16:30:00,326005.18048684887,326031.66237360454
2025-03-15 20:30:00,326001.1108693705,326031.66062319535
2025-03-16 00:30:00,326056.6412259006,326031.87429621775
2025-03-16 04:30:00,326047.951405904,326031.9614265492
2025-03-16 08:30:00,325990.08472254657,326031.732250452
2025-03-16 12:30:00,326049.2861278845,326031.80393092416
2025-03-16 16:30:00,326063.93780342,326031.833025767
2025-03-16 20:30:00,326018.4237758564,326031.9528860617
2025-03-17 00:30:00,326032.3336680226,326032.02042542753
2025-03-17 04:30:00,326052.20256140234,326032.16293298523
2025-03-17 08:30:00,326026.81277228246,326032.1982979787
2025-03-17 12:30:00,326048.89041904465,326032.34993034607
2025-03-17 16:30:00,326041.85199785547,326032.4194400536
2025-03-17 20:30:00,326050.40289035835,326032.5810057612
2025-03-18 00:30:00,326066.23374792776,326032.8204465054
2025-03-18 04:30:00,326056.6405143906,326032.9482001241
2025-03-18 08:30:00,326012.02610778663,326032.7895952713
2025-03-18 12:30:00,326018.61194085743,326032.69438253134
2025-03-18 16:30:00,326071.9704374673,326032.8035218332
2025-03-18 20:30:00,326045.0724678135,326032.86288512347
2025-03-19 00:30:00,326037.45990887686,326032.8474069411
2025-03-19 04:30:00,326066.63973944786,326032.945421721
2025-03-19 08:30:00,326022.4370177483,326032.85653578286
2025-03-19 12:30:00,326045.53385713603,326033.0313588907
2025-03-19 16:30:00,326043.8220358185,326033.00263557537
2025-03-19 20:30:00,326062.72815043846,326033.2359902775
2025-03-20 00:30:00,326038.28007220535,326033.4143966308
2025-03-20 04:30:00,326044.05441006174,326033.5862829867
2025-03-20 08:30:00,326029.31875926285,326033.68328722654
2025-03-20 12:30:00,326015.6046205729,326033.5748914928
2025-03-20 16:30:00,326058.5433409379,326033.6597992208
2025-03-20 20:30:00,326030.8072248684,326033.5933762019
2025-03-21 00:30:00,326024.09639965283,326033.66194142564
2025-03-21 04:30:00,326053.5230476905,326033.7894353762
2025-03-21 08:30:00,326035.39499147196,326033.6612796282
2025-03-21 12:30:00,326026.84227209276,326033.85159233876
2025-03-21 16:30:00,326046.7365580067,326033.9888110783
2025-03-21 20:30:00,326077.62819321855,326034.42457962956
2025-03-22 00:30:00,326048.62841847335,326034.6886779112
2025-03-22 04:30:00,326043.4844849249,326034.9079609717
2025-03-22 08:30:00,326038.5744409173,326034.8609552192
2025-03-22 12:30:00,326021.73702904966,326034.9231306764
2025-03-22 16:30:00,326040.3780215205,326035.09138893924
2025-03-22 20:30:00,326059.68478142173,326035.15046072716
2025-03-23 00:30:00,326041.84528808866,326035.1597053284
2025-03-23 04:30:00,326062.51984794706,326035.3654426106
2025-03-23 08:30:00,326032.6065258815,326035.23431592685
2025-03-23 12:30:00,325989.86883320654,326034.94360251504
2025-03-23 16:30:00,326039.8720260284,326034.94633631565
2025-03-23 20:30:00,326066.7483202261,326035.1998924104
2025-03-24 00:30:00,326062.0892815946,326035.57893617544
2025-03-24 04:30:00,326059.6493242164,326035.76743639726
2025-03-24 08:30:00,326066.4030328138,326035.8724311515
2025-03-24 12:30:00,326000.7784720818,326035.60752083897
2025-03-24 16:30:00,326030.270497739,326035.6978540678
2025-03-24 20:30:00,326053.01241654303,326035.99220984476
2025-03-25 00:30:00,326037.1846473211,326036.06340554636
2025-03-25 04:30:00,326022.3906986655,326036.00768027164
2025-03-25 08:30:00,326049.2069322207,326036.02107766934
2025-03-25 12:30:00,326030.83813910314,326036.0552427538
2025-03-25 16:30:00,326026.9301328331,326036.08227924095
2025-03-25 20:30:00,326050.2407819169,326036.1200550226
2025-03-26 00:30:00,326051.9707676474,326036.1798744858
2025-03-26 04:30:00,326036.2934677717,326036.30368811387
2025-03-26 08:30:00,326064.5573369432,326036.32356766186
2025-03-26 12:30:00,326046.677506639,326036.2773293007
2025-03-26 16:30:00,325991.6581813296,326036.27526451775
2025-03-26 20:30:00,326031.8677097481,326036.44897949864
2025-03-27 00:30:00,326042.6032284174,326036.42894699075
2025-03-27 04:30:00,326035.67518618086,326036.4124853294
2025-03-27 08:30:00,326036.28834812355,326036.32667708566
2025-03-27 12:30:00,326051.5435439103,326036.4613473221
2025-03-27 16:30:00,326044.44747173873,326036.7247625126
2025-03-27 20:30:00,326031.2374860243,326036.9671588275
2025-03-28 00:30:00,326045.012187372,326037.1360107397
2025-03-28 04:30:00,326034.6780187404,326037.21916504035
2025-03-28 08:30:00,326043.4615809731,326037.2569957841
2025-03-28 12:30:00,326073.2044882983,326037.1647711071
2025-03-28 16:30:00,326020.9711853501,326037.0893541115
2025-03-28 20:30:00,326034.65202398854,326037.3102972013
2025-03-29 00:30:00,326034.191836086,326037.22704546206
2025-03-29 04:30:00,326018.3537496045,326037.06239411037
2025-03-29 08:30:00,326003.98373573413,326036.7865413674
2025-03-29 12:30:00,326023.9407010993,326036.62337720516
2025-03-29 16:30:00,326033.3689642765,326036.6835890416
2025-03-29 20:30:00,326022.31956725183,326036.74101709446
2025-03-30 00:30:00,326039.36583207705,326036.69855790824
2025-03-30 04:30:00,326029.1673149968,326036.56657505874
2025-03-30 08:30:00,326023.3001701791,326036.52471853496
2025-03-30 12:30:00,326053.0333354222,326036.3904612318
2025-03-30 16:30:00,326038.6468891995,326036.23398994573
2025-03-30 20:30:00,326034.0115948722,326036.4377053978
2025-03-31 00:30:00,326038.22098109114,326036.5226837959
2025-03-31 04:30:00,326023.70762007736,326036.41141285776
2025-03-31 08:30:00,326014.67163367645,326036.3606456167
2025-03-31 12:30:00,326040.61252503336,326036.59612001374
2025-03-31 16:30:00,326053.52500307566,326036.7537673052
2025-03-31 20:30:00,326047.65328833787,326036.87960685696
2025-04-01 00:30:00,326036.7382716819,326037.041600252
2025-04-01 04:30:00,326013.0083010024,326036.9989248607
2025-04-01 08:30:00,325997.19459747215,326037.05196822796
2025-04-01 12:30:00,326037.9338688547,326037.138197343
2025-04-01 16:30:00,326017.0508379475,326036.7790828467
2025-04-01 20:30:00,326028.7852355474,326036.91966297466
2025-04-02 00:30:00,326034.9041251398,326037.14583443454
2025-04-02 04:30:00,326056.5918662829,326037.1592535628
2025-04-02 08:30:00,326010.0610635281,326037.2651054305
2025-04-02 12:30:00,326023.6294389355,326037.3535228381
2025-04-02 16:30:00,326044.8904997209,326037.3323167944
2025-04-02 20:30:00,326024.0830209577,326037.34325877234
2025-04-03 00:30:00,326010.9617539572,326037.27654630475
2025-04-03 04:30:00,326053.9078314753,326037.3934848565
2025-04-03 08:30:00,325988.22845175845,326037.33409760694
2025-04-03 12:30:00,326026.9605350248,326037.3866738375
2025-04-03 16:30:00,326049.16078971874,326037.4389583225
2025-04-03 20:30:00,326053.3883245686,326037.5113846065
2025-04-04 00:30:00,326046.6241212022,326037.73851134826
2025-04-04 04:30:00,326042.27375616634,326037.58850711375
2025-04-04 08:30:00,326029.53523522476,326037.47276534844
2025-04-04 12:30:00,326029.42101781757,326037.7189747443
2025-04-04 16:30:00,326035.2754739026,326037.75390200014
2025-04-04 20:30:00,326040.7446229172,326037.7063517831
2025-04-05 00:30:00,326035.1430595151,326037.6814064633
2025-04-05 04:30:00,326050.98938266234,326037.7072033118
2025-04-05 08:30:00,326029.31890139316,326037.7057920564
2025-04-05 12:30:00,326018.8722534148,326037.85342481476
2025-04-05 16:30:00,326042.36384370556,326037.85194916243
2025-04-05 20:30:00,326043.19129912823,326037.68788453256
2025-04-06 00:30:00,326045.80317525676,326037.62851639505
2025-04-06 04:30:00,326050.47530045704,326037.5103015754
2025-04-06 08:30:00,326065.7910841229,326037.57462747727
2025-04-06 12:30:00,326037.1555508172,326037.7920214251
2025-04-06 16:30:00,326049.25965813466,326037.87181081297
2025-04-06 20:30:00,326053.1006747617,326037.8702967007
2025-04-07 00:30:00,326050.3766122185,326037.98593514477
2025-04-07 04:30:00,326046.4867432761,326038.0580901153
2025-04-07 08:30:00,326056.5702375637,326038.09417446057
2025-04-07 12:30:00,326018.1631158791,326038.0068470727
2025-04-07 16:30:00,326047.7244530752,326038.0539306397
2025-04-07 20:30:00,326066.86913101474,326037.9972484736
2025-04-08 00:30:00,326053.47077648155,326037.8777101113
2025-04-08 04:30:00,326034.3058470654,326037.7623823691
2025-04-08 08:30:00,326066.55577717646,326037.794601077
2025-04-08 12:30:00,326049.7499475975,326037.94003036857
2025-04-08 16:30:00,326028.3597509735,326038.09037431877
2025-04-08 20:30:00,326054.11429390067,326038.2695317849
2025-04-09 00:30:00,326057.36038978765,326038.3133259668
2025-04-09 04:30:00,326060.43888335605,326038.5397653672
2025-04-09 08:30:00,326047.2341462433,326038.61233815964
2025-04-09 12:30:00,326035.9795008299,326038.5177898646
2025-04-09 16:30:00,326050.0246563446,326038.63346665766
2025-04-09 20:30:00,326061.5165171185,326038.6016541767
2025-04-10 00:30:00,326036.64801866555,326038.47988450434
2025-04-10 04:30:00,326053.99711439,326038.7336589612
2025-04-10 08:30:00,326056.31404297886,326038.729926626
2025-04-10 12:30:00,326080.07434121234,326038.8530061439
2025-04-10 16:30:00,326010.3345673616,326039.0102330198
2025-04-10 20:30:00,326012.44579309184,326038.98943109205
2025-04-11 00:30:00,326021.0539995166,326038.73800516466
2025-04-11 04:30:00,326033.3200074314,326038.59646113554
2025-04-11 08:30:00,326043.81763588876,326038.611807632
2025-04-11 12:30:00,326052.22372669773,326038.4692320979
2025-04-11 16:30:00,326043.44311964826,326038.52689386584
2025-04-11 20:30:00,326062.2290792083,326038.74278023903
2025-04-12 00:30:00,326066.5895789925,326038.88500794873
2025-04-12 04:30:00,326018.999545768,326038.80276923644
2025-04-12 08:30:00,326040.99929332576,326038.73216575914
2025-04-12 12:30:00,326069.25043185736,326038.6508915154
2025-04-12 16:30:00,326061.99092065095,326038.896637755
2025-04-12 20:30:00,326036.9627673055,326039.1492051259
2025-04-13 00:30:00,326069.09887175396,326039.2208714525
2025-04-13 04:30:00,326057.1736300594,326039.38442531705
2025-04-13 08:30:00,326030.5386851474,326039.60658632056
2025-04-13 12:30:00,326044.9666816489,326039.4673175167
2025-04-13 16:30:00,326045.6025623522,326039.43478102155
2025-04-13 20:30:00,326033.4496388581,326039.5508141039
2025-04-14 00:30:00,326037.23898059345,326039.493464705
2025-04-14 04:30:00,326025.1462290355,326039.5048930704
2025-04-14 08:30:00,326039.5029843024,326039.60921890073
2025-04-14 12:30:00,326044.4843285354,326039.6941553268
2025-04-14 16:30:00,326048.03374328715,326039.93222897366
2025-04-14 20:30:00,326048.0011768886,326040.1927306821
2025-04-15 00:30:00,326053.5250289949,326040.1754184771
2025-04-15 04:30:00,326052.7172292461,326040.20189527347
2025-04-15 08:30:00,326032.0937364693,326040.4352786841
2025-04-15 12:30:00,326038.8914144606,326040.3775302762
2025-04-15 16:30:00,326050.2816222067,326040.3016626028
2025-04-15 20:30:00,326025.539655778,326040.3411952691
2025-04-16 00:30:00,326039.2752379092,326040.37975954614
2025-04-16 04:30:00,326035.96635634464,326040.2895584069
2025-04-16 08:30:00,326010.15166027716,326040.1969966736
2025-04-16 12:30:00,326032.127562201,326040.10386969114
2025-04-16 16:30:00,326026.124192721,326040.01649299596
2025-04-16 20:30:00,326054.9183072797,326040.0415786455
2025-04-17 00:30:00,326049.8578537481,326039.95060145564
2025-04-17 04:30:00,326039.447367097,326039.8550839707
2025-04-17 08:30:00,326014.8681595701,326039.8708731472
2025-04-17 12:30:00,326040.8839561754,326039.9946065656
2025-04-17 16:30:00,326050.0205870775,326039.87266295234
2025-04-17 20:30:00,326047.8746335651,326039.8882305399
2025-04-18 00:30:00,326032.3704274493,326039.8599556431
2025-04-18 04:30:00,326040.02775931574,326039.71211130905
2025-04-18 08:30:00,325991.10372862517,326039.5380374806
2025-04-18 12:30:00,326021.6875100563,326039.4055577746
2025-04-18 16:30:00,326049.6061617114,326039.43769180734
2025-04-18 20:30:00,326054.1127718327,326039.38982859283
2025-04-19 00:30:00,326047.30604058225,326039.43997286155
2025-04-19 04:30:00,326059.7115196407,326039.5269568037
2025-04-19 08:30:00,326009.82750649116,326039.41867206607
2025-04-19 12:30:00,326026.3932569754,326039.478608935
2025-04-19 16:30:00,326045.8110812575,326039.40787415893
2025-04-19 20:30:00,326057.9938355451,326039.5589108849
2025-04-20 00:30:00,326041.18107883894,326039.6538257693
2025-04-20 04:30:00,326048.7632598024,326039.6273825033
2025-04-20 08:30:00,326003.1796743497,326039.44840851927
2025-04-20 12:30:00,326022.654698061,326039.42514421913
2025-04-20 16:30:00,326036.2059934568,326039.3666410826
2025-04-20 20:30:00,326051.2500302959,326039.2200957331
2025-04-21 00:30:00,326045.2765554278,326039.2014742718
2025-04-21 04:30:00,326055.58896119817,326039.2687213621
2025-04-21 08:30:00,326029.5047174978,326039.2183340098
2025-04-21 12:30:00,326008.5153398967,326039.14488018124
2025-04-21 16:30:00,326024.0112111585,326039.0539534569
2025-04-21 20:30:00,326042.90642017644,326038.9607403389
2025-04-22 00:30:00,326039.46545502497,326038.9475190441
2025-04-22 04:30:00,326036.07160896825,326038.8005843832
2025-04-22 08:30:00,326026.85865759506,326038.7686517816
2025-04-22 12:30:00,326024.4110578899,326038.96055302984
2025-04-22 16:30:00,326027.5799634389,326038.8922637932
2025-04-22 20:30:00,326039.27970804455,326038.7396603922
2025-04-23 00:30:00,326034.17362407624,326038.584573406
2025-04-23 04:30:00,326047.6536677533,326038.51793087006
2025-04-23 08:30:00,326057.0260487984,326038.46583651437
2025-04-23 12:30:00,326025.98087430745,326038.6058498601
2025-04-23 16:30:00,326027.87987611775,326038.5925686289
2025-04-23 20:30:00,326051.1898148469,326038.58244306396
2025-04-24 00:30:00,326039.42177005234,326038.59487152356
2025-04-24 04:30:00,326044.1263974064,326038.71562540537
2025-04-24 08:30:00,326066.82710840984,326038.8135152731
2025-04-24 12:30:00,326072.25379142346,326039.0436022305
2025-04-24 16:30:00,326054.34792639,326039.1959233058
2025-04-24 20:30:00,326057.8314390153,326039.238093623
2025-04-25 00:30:00,326051.55815042206,326039.2358013051
2025-04-25 04:30:00,326040.0261096722,326039.25653820456
2025-04-25 08:30:00,326040.6932762308,326039.12396008946
2025-04-25 12:30:00,326050.2355726675,326039.143727123
2025-04-25 16:30:00,326028.58760422876,326039.3488905835
2025-04-25 20:30:00,326043.56038932904,326039.4138499145
2025-04-26 00:30:00,326045.06874369556,326039.4275472216
2025-04-26 04:30:00,325991.46908165293,326039.181957752
2025-04-26 08:30:00,326032.3785865271,326039.1602368543
2025-04-26 12:30:00,326067.7035764332,326039.25001481274
2025-04-26 16:30:00,326057.259908624,326039.32119501766
2025-04-26 20:30:00,326037.36374994717,326039.3552298172
2025-04-27 00:30:00,326061.2688745765,326039.4455447461
2025-04-27 04:30:00,326039.5431895105,326039.47257347265
2025-04-27 08:30:00,326012.47851864266,326039.30044534855
2025-04-27 12:30:00,326029.9757646856,326039.06028577295
2025-04-27 16:30:00,326016.10368338315,326039.0332440953
2025-04-27 20:30:00,326064.037620736,326039.19649741065
2025-04-28 00:30:00,326028.18498467247,326039.1631260139
2025-04-28 04:30:00,325992.96833994496,326039.02209596016
2025-04-28 08:30:00,326043.8290252202,326039.2434586795
2025-04-28 12:30:00,326070.23405263736,326039.5006439659
2025-04-28 16:30:00,326056.77434783865,326039.6306738746
2025-04-28 20:30:00,326048.09300778754,326039.7738596553
2025-04-29 00:30:00,326066.10875916417,326039.9224314724
2025-04-29 04:30:00,326044.09855133004,326040.00538278546
2025-04-29 08:30:00,325984.0767977724,326039.78747516096
2025-04-29 12:30:00,326031.03884594113,326039.6652835527
2025-04-29 16:30:00,326028.4525669706,326039.6086484292
2025-04-29 20:30:00,326030.52984429256,326039.58930537046
2025-04-30 00:30:00,326028.7053088746,326039.53644052485
2025-04-30 04:30:00,326020.1253004654,326039.5165387492
2025-04-30 08:30:00,326018.8692031945,326039.5398585798
2025-04-30 12:30:00,326032.20615168073,326039.4931565057
2025-04-30 16:30:00,326054.5189471792,326039.49867841735
2025-04-30 20:30:00,326043.31532313663,326039.4745786106
2025-05-01 00:30:00,326062.51815398893,326039.61780017905
2025-05-01 04:30:00,326070.514934435,326039.9372814759
2025-05-01 08:30:00,325989.94390045165,326039.8969998258
2025-05-01 12:30:00,326008.7926472083,326039.73510414996
2025-05-01 16:30:00,326063.189823615,326039.99143184815
2025-05-01 20:30:00,326037.38248217106,326040.03919432935
2025-05-02 00:30:00,326016.5485933073,326039.9372191525
2025-05-02 04:30:00,326041.88832743716,326039.8555328256
2025-05-02 08:30:00,326035.7124926442,326039.9980407651
2025-05-02 12:30:00,326025.49056693574,326040.00838036515
2025-05-02 16:30:00,326053.210996581,326040.0546053477
2025-05-02 20:30:00,326053.14421479794,326040.21605642454
2025-05-03 00:30:00,326035.93982001214,326040.3548234582
2025-05-03 04:30:00,326059.1516148885,326040.38395558833
2025-05-03 08:30:00,325997.8731344695,326040.4375371589
2025-05-03 12:30:00,326015.18235386396,326040.37210281915
2025-05-03 16:30:00,326043.43414862116,326040.3402881464
2025-05-03 20:30:00,326064.9942209198,326040.40476534836
2025-05-04 00:30:00,326050.5286049656,326040.42645692476
2025-05-04 04:30:00,326048.219446784,326040.4594885393
2025-05-04 08:30:00,326023.19625329826,326040.424271973
2025-05-04 12:30:00,326034.5603142892,326040.4528236202
2025-05-04 16:30:00,326024.79699090624,326040.39460982574
2025-05-04 20:30:00,326042.0176290299,326040.40168208187
2025-05-05 00:30:00,326054.5076605445,326040.50926319865
2025-05-05 04:30:00,326057.6406512181,326040.54621469066
2025-05-05 08:30:00,326064.1245166312,326040.73957921984
2025-05-05 12:30:00,326027.03871603694,326040.7849484566
2025-05-05 16:30:00,326040.106535413,326040.772407855
2025-05-05 20:30:00,326061.3014989484,326040.87302007613
2025-05-06 00:30:00,326037.13324883993,326040.82485381834
2025-05-06 04:30:00,326038.9573656117,326040.76086529135
2025-05-06 08:30:00,326063.8505730707,326040.7500846745
2025-05-06 12:30:00,326033.594862298,326040.7303030715
2025-05-06 16:30:00,326029.218996781,326040.618966064
2025-05-06 20:30:00,326058.3148093111,326040.6479334782
2025-05-07 00:30:00,326034.4484203362,326040.55944352323
2025-05-07 04:30:00,326046.4823355723,326040.559419036
2025-05-07 08:30:00,326046.9772263307,326040.5061245292
2025-05-07 12:30:00,326039.9834459457,326040.62734858505
2025-05-07 16:30:00,326059.991987903,326040.6955015564
2025-05-07 20:30:00,326041.5452088253,326040.5548130998
2025-05-08 00:30:00,326051.60966749256,326040.54447360546
2025-05-08 04:30:00,326035.7421245392,326040.5524529247
2025-05-08 08:30:00,326024.541407678,326040.31903976086
2025-05-08 12:30:00,326041.50083379826,326040.27321135084
2025-05-08 16:30:00,326024.1232898408,326040.2496754557
2025-05-08 20:30:00,326038.93392670975,326040.1653400823
2025-05-09 00:30:00,326037.14361361443,326040.05302465917
2025-05-09 04:30:00,326021.82160566095,326039.83848422754
2025-05-09 08:30:00,326028.6472905947,326039.73522391834
2025-05-09 12:30:00,326036.6689188351,326039.7390540184
2025-05-09 16:30:00,326020.563071722,326039.57537854824
2025-05-09 20:30:00,326038.24390751927,326039.4460862728
2025-05-10 00:30:00,326039.719475619,326039.4631499224
2025-05-10 04:30:00,326036.794042285,326039.3675772997
2025-05-10 08:30:00,326040.7948473957,326039.28135954647
2025-05-10 12:30:00,326025.8550386111,326038.9801411986
2025-05-10 16:30:00,326059.5853571355,326039.25375669735
2025-05-10 20:30:00,326043.111656693,326039.4241226063
2025-05-11 00:30:00,326050.6458936726,326039.5885220182
2025-05-11 04:30:00,326051.99489470257,326039.692271392
2025-05-11 08:30:00,326037.8851470846,326039.6593131208
2025-05-11 12:30:00,326045.190193251,326039.620237935
2025-05-11 16:30:00,326049.5456304708,326039.654140773
2025-05-11 20:30:00,326051.0304639429,326039.5919262437
2025-05-12 00:30:00,326026.51684728614,326039.36929995636
2025-05-12 04:30:00,326022.6148661354,326039.3893850696
2025-05-12 08:30:00,326020.6713350306,326039.27645196795
2025-05-12 12:30:00,326016.96781661396,326038.98599299433
2025-05-12 16:30:00,326053.55829741614,326038.9391450875
2025-05-12 20:30:00,326068.2453877821,326039.1129374235
2025-05-13 00:30:00,326054.57198846166,326039.0322325163
2025-05-13 04:30:00,326016.211512948,326038.8046651991
2025-05-13 08:30:00,326017.077085787,326038.7298785359
2025-05-13 12:30:00,326034.97133218887,326038.6743488167
2025-05-13 16:30:00,326043.2743694815,326038.6614144118
2025-05-13 20:30:00,326056.1467560949,326038.7875095076
2025-05-14 00:30:00,326042.3093626659,326038.8156782969
2025-05-14 04:30:00,326055.0300314146,326038.98169942125
2025-05-14 08:30:00,326060.07339167467,326039.09597946214
2025-05-14 12:30:00,326039.9633172736,326039.07086273294
2025-05-14 16:30:00,326042.8844869008,326039.04225575307
2025-05-14 20:30:00,326047.30499295157,326039.0383880645
2025-05-15 00:30:00,326048.5786440835,326039.01090814837
2025-05-15 04:30:00,326007.6219079524,326038.76037858555
2025-05-15 08:30:00,326011.5792418207,326038.6464091709
2025-05-15 12:30:00,326041.14721534203,326038.65894139797
2025-05-15 16:30:00,326057.3894801395,326038.6984294976
2025-05-15 20:30:00,326065.3487561579,326038.9195911664
2025-05-16 00:30:00,326044.43935325043,326038.94828069606
2025-05-16 04:30:00,326034.2649725296,326038.9388285637
2025-05-16 08:30:00,326026.67325225315,326039.0306151858
2025-05-16 12:30:00,326040.07916813233,326039.0747907743
2025-05-16 16:30:00,326037.5998735085,326039.13854455645
2025-05-16 20:30:00,326021.68938572926,326038.9539394367
2025-05-17 00:30:00,326036.2397310354,326038.8782831995
2025-05-17 04:30:00,326053.72684648575,326038.95761364046
2025-05-17 08:30:00,326034.253102293,326039.0653077668
2025-05-17 12:30:00,326037.02484351816,326039.043868252
2025-05-17 16:30:00,326051.90949047817,326039.0543621598
2025-05-17 20:30:00,326026.191360404,326038.933899531
2025-05-18 00:30:00,326037.6833195611,326038.9634155984
2025-05-18 04:30:00,326050.0089035831,326039.0188663999
2025-05-18 08:30:00,326046.36242174805,326039.3258591394
2025-05-18 12:30:00,326043.5581212694,326039.4473625351
2025-05-18 16:30:00,326055.74577931286,326039.4814715218
2025-05-18 20:30:00,326059.25246932945,326039.5100253967
2025-05-19 00:30:00,326045.700273949,326039.50110447104
2025-05-19 04:30:00,326050.56823154795,326039.45030842605
2025-05-19 08:30:00,326019.1292152144,326039.5019845856
2025-05-19 12:30:00,326024.11066557135,326039.4893035222
2025-05-19 16:30:00,326056.5541384666,326039.5489871735
2025-05-19 20:30:00,326027.16500736185,326039.3777159058
2025-05-20 00:30:00,326030.79661165323,326039.3200244213
2025-05-20 04:30:00,326060.7274878242,326039.3864923548
2025-05-20 08:30:00,326047.53120530566,326039.63288974896
2025-05-20 12:30:00,326033.50477972446,326039.69316798047
2025-05-20 16:30:00,326043.4630983054,326039.73348522966
2025-05-20 20:30:00,326035.74314288894,326039.6473358552
2025-05-21 00:30:00,326041.0168050029,326039.62367057503
2025-05-21 04:30:00,326050.3147967575,326039.59436966147
2025-05-21 08:30:00,326052.9530798617,326039.7246383412
2025-05-21 12:30:00,326035.67246038053,326039.8755112329
2025-05-21 16:30:00,326053.05690704397,326040.03687621
2025-05-21 20:30:00,326043.86575963843,326040.0422058737
2025-05-22 00:30:00,326044.55523981084,326040.07048245583
2025-05-22 04:30:00,326058.90114409826,326040.19731320656
2025-05-22 08:30:00,326035.7735173786,326040.24684020533
2025-05-22 12:30:00,326018.7839301076,326040.2155783843
2025-05-22 16:30:00,326044.5155373146,326040.3096649059
2025-05-22 20:30:00,326040.633048099,326040.3171834617
2025-05-23 04:30:00,326060.475746731,326040.4231367486
2025-05-23 08:30:00,326060.11573898344,326040.44039758766
2025-05-23 12:30:00,326047.7251236781,326040.5618738411
2025-05-23 16:30:00,326043.9139464401,326040.6514496529
2025-05-23 20:30:00,326045.50630450156,326040.6196981985
2025-05-24 00:30:00,326034.5629790073,326040.5925541145
2025-05-24 04:30:00,326043.6223806373,326040.58973837836
2025-05-24 08:30:00,326005.68226848607,326040.24814709387
2025-05-24 12:30:00,326022.0195215772,326039.96750871476
2025-05-24 16:30:00,326040.1642360779,326039.8882702215
2025-05-24 20:30:00,326029.1493471715,326039.7280350715
2025-05-25 00:30:00,326030.07637437416,326039.60802514944
2025-05-25 04:30:00,326035.3771580401,326039.58205335255
2025-05-25 08:30:00,326058.3661879642,326039.68078470306
2025-05-25 12:30:00,326055.25940036133,326039.70885077957
2025-05-25 16:30:00,326044.9637545111,326039.8003376527
2025-05-25 20:30:00,326058.50762485503,326039.8838417618
2025-05-26 00:30:00,326051.8974092339,326039.92199073127
2025-05-26 04:30:00,326040.45446894685,326040.19565211283
2025-05-26 08:30:00,326031.5413218688,326040.19097465655
2025-05-26 12:30:00,326019.95458637865,326039.9242205222
2025-05-26 16:30:00,326024.94838096213,326039.7437091945
2025-05-26 20:30:00,326017.1931947225,326039.63102452847
2025-05-27 00:30:00,326015.87331166404,326039.3774180317
2025-05-27 04:30:00,325992.4769614404,326039.1144782101
2025-05-27 08:30:00,326002.5492293787,326039.0590073203
2025-05-27 12:30:00,326044.15643051255,326039.1382289171
2025-05-27 16:30:00,326037.9476735236,326039.26026238163
2025-05-27 20:30:00,326058.60247192346,326039.2298984218
2025-05-28 00:30:00,326051.88319658284,326039.362290667
2025-05-28 04:30:00,326034.9842327076,326039.59701632505
2025-05-28 08:30:00,326007.5886110989,326039.3945559109
2025-05-28 12:30:00,326016.5232539706,326039.09449558315
2025-05-28 16:30:00,326010.7151164447,326038.8371814413
2025-05-28 20:30:00,326041.03690341115,326038.7977618638
2025-05-29 00:30:00,326060.70400457404,326038.7675677041
2025-05-29 04:30:00,326030.3592462251,326038.6908118096
2025-05-29 08:30:00,326022.7494253303,326038.90686000825
2025-05-29 12:30:00,326053.4227617855,326039.0319098174
2025-05-29 16:30:00,326047.3092169681,326039.13725423085
2025-05-29 20:30:00,326044.75258352066,326039.2167108746
2025-05-30 00:30:00,326058.3169649645,326039.3821391209
2025-05-30 04:30:00,326063.7926759218,326039.6260909391
2025-05-30 08:30:00,326047.4536586421,326039.78578063427
2025-05-30 12:30:00,326023.6285292683,326039.737860956
2025-05-30 16:30:00,326037.3545975879,326039.6419707348
2025-05-30 20:30:00,326046.9905698234,326039.66250283923
2025-05-31 00:30:00,326044.42744007567,326039.5614373984
2025-05-31 04:30:00,326023.1946343023,326039.2970781797
2025-05-31 08:30:00,326006.6998164012,326039.3906866488
2025-05-31 12:30:00,326003.473701962,326039.36097187083
2025-05-31 16:30:00,326050.04725533456,326039.28754970164
2025-05-31 20:30:00,326029.70530846866,326039.2446604631
2025-06-01 00:30:00,326041.81813352596,326039.38583107886
2025-06-01 04:30:00,326071.2873394171,326039.5500713693
2025-06-01 08:30:00,326052.16821065254,326039.6420027548
2025-06-01 12:30:00,326050.4762316275,326039.7815874737
2025-06-01 16:30:00,326049.1917937224,326039.7591338265
2025-06-01 20:30:00,326046.16972955567,326039.7201702218
2025-06-02 00:30:00,326062.1481945606,326039.866585722
2025-06-02 04:30:00,326051.0094692383,326039.8210988748
2025-06-02 08:30:00,326052.1189466397,326040.1241481048
2025-06-02 12:30:00,326048.01802371617,326040.30758760124
2025-06-02 16:30:00,326063.6946416592,326040.42077471316
2025-06-02 20:30:00,326055.8910464181,326040.36991898966
2025-06-03 00:30:00,326055.3213658578,326040.3966941902
2025-06-03 04:30:00,326084.00915450935,326040.5966366915
2025-06-03 12:30:00,326071.0256227586,326040.8992529378
2025-06-03 16:30:00,326055.07057746564,326041.0693292669
2025-06-03 20:30:00,326043.45273619005,326041.07739166665
2025-06-04 00:30:00,326063.6038659336,326041.1284939441
2025-06-04 04:30:00,326043.6418108487,326041.0498487735
2025-06-04 08:30:00,326019.16750091925,326040.79728126945
2025-06-04 12:30:00,326030.4930354506,326040.81668755825
2025-06-04 16:30:00,326047.9823778132,326040.8609338639
2025-06-04 20:30:00,326053.7083858623,326040.81827592524
2025-06-05 00:30:00,326054.8614692933,326040.91787266935
2025-06-05 04:30:00,326041.4621131229,326040.9319442846
2025-06-05 08:30:00,326028.8275895266,326040.73518595006
2025-06-05 12:30:00,326057.8390185988,326040.87138907536
2025-06-05 16:30:00,326039.49208659295,326040.9291030631
2025-06-05 20:30:00,326027.9322742561,326040.75841466384
2025-06-06 00:30:00,326048.7514725136,326040.8387688896
2025-06-06 04:30:00,326057.9713573676,326040.9033139559
2025-06-06 08:30:00,326009.1720112642,326040.69092510716
2025-06-06 12:30:00,326034.05273040925,326040.6576064806
2025-06-06 16:30:00,326031.9945767413,326040.50031765376
2025-06-06 20:30:00,326038.5062409225,326040.4832448004
2025-06-07 00:30:00,326035.78012127,326040.3943147654
2025-06-07 04:30:00,326031.67570151924,326040.3714696923
2025-06-07 08:30:00,326031.75762207113,326040.4120102226
2025-06-07 12:30:00,326026.1098808138,326040.3255441946
2025-06-07 16:30:00,326027.852465214,326040.34649461805
2025-06-07 20:30:00,326058.69269095047,326040.45749891154
2025-06-08 00:30:00,326049.3788663614,326040.52623628656
2025-06-08 04:30:00,326046.3084076212,326040.6638025897
2025-06-08 08:30:00,326018.18367554777,326040.60501823545
2025-06-08 12:30:00,326031.4426911341,326040.5756574057
2025-06-08 16:30:00,326039.0871319037,326040.67972515954
2025-06-08 20:30:00,326061.55009442416,326040.8106587938
2025-06-09 00:30:00,326044.0073543416,326040.8347480002
2025-06-09 04:30:00,325993.86563776043,326040.59357718815
2025-06-09 08:30:00,326007.13962768076,326040.4045029201
2025-06-09 12:30:00,326034.6282571042,326040.4537906645
2025-06-09 16:30:00,326021.84198976087,326040.24174927484
2025-06-09 20:30:00,326031.3456804711,326040.1756482848
2025-06-10 00:30:00,326057.77298546175,326040.2156881263
2025-06-10 04:30:00,326039.43167889246,326040.14510826214
2025-06-10 08:30:00,326037.42898814194,326040.14254557143
2025-06-10 12:30:00,326026.6213017151,326040.0382259561
2025-06-10 16:30:00,326047.15352077,326040.0247871376
2025-06-10 20:30:00,326051.06170853187,326040.02496266895
2025-06-11 00:30:00,326038.1566072079,326040.0903545786
2025-06-11 04:30:00,326027.8964490853,326040.120026393
2025-06-11 08:30:00,326032.04301176796,326040.1839122173
2025-06-11 12:30:00,326043.2471784337,326040.3315490815
2025-06-11 16:30:00,326069.4163135092,326040.42063905956
2025-06-11 20:30:00,326045.7512810786,326040.29426767345
2025-06-12 00:30:00,326041.70466994634,326040.2219793673
2025-06-12 04:30:00,326044.07396131085,326040.378509976
2025-06-12 08:30:00,326035.4501941584,326040.48172968597
2025-06-12 12:30:00,326033.2267557914,326040.47192869504
2025-06-12 16:30:00,326055.12867723993,326040.5385259296
2025-06-12 20:30:00,326049.26015818084,326040.4998371773
2025-06-13 00:30:00,326051.28478253237,326040.5502608844
2025-06-13 04:30:00,326040.1022133811,326040.46639673813
2025-06-13 08:30:00,326001.6467579845,326040.13815722306
2025-06-13 12:30:00,326002.0402211621,326039.9251061212
2025-06-13 16:30:00,326024.4707355889,326039.8216580802
2025-06-13 20:30:00,326042.18285588257,326039.79288202926
2025-06-14 00:30:00,326047.38297616947,326039.78616479377
2025-06-14 04:30:00,326061.3981474219,326040.0882784987
2025-06-14 08:30:00,326015.12065327313,326040.1081740686
2025-06-14 12:30:00,326048.79374172835,326040.15113208204
2025-06-14 16:30:00,326039.89516835526,326040.0528494316
2025-06-14 20:30:00,326033.63477274764,326039.8746809854
2025-06-15 00:30:00,326060.1122933542,326039.96273121075
2025-06-15 04:30:00,326066.1976691517,326040.14212838275
2025-06-15 08:30:00,326048.3307332371,326040.2637996242
2025-06-15 12:30:00,326048.21245287097,326040.30949223513
2025-06-15 16:30:00,326056.506515433,326040.4157093246
2025-06-15 20:30:00,326040.9725071601,326040.5240414675
2025-06-16 00:30:00,326047.31264531624,326040.58624885103
2025-06-16 04:30:00,326046.9790839381,326040.5483400727
2025-06-16 08:30:00,326043.5577565333,326040.6006134111
2025-06-16 12:30:00,326049.5758257348,326040.6711245472
2025-06-16 16:30:00,326061.0220934099,326040.7223189457
2025-06-16 20:30:00,326048.7889735397,326040.8492718285
2025-06-17 00:30:00,326050.88633463596,326040.92344607046
2025-06-17 04:30:00,326059.69836015167,326040.9778812197
2025-06-17 08:30:00,326064.56439341133,326041.0801394875
2025-06-17 12:30:00,326041.39502309647,326041.0679872506
2025-06-17 16:30:00,326048.2900424116,326041.0261010882
2025-06-17 20:30:00,326039.66779084306,326040.91607480455
2025-06-18 00:30:00,326062.986503993,326041.0131884565
2025-06-18 04:30:00,326036.4702671729,326040.9339864095
2025-06-18 08:30:00,326020.9473595307,326040.94420070335
2025-06-18 12:30:00,326047.2920671016,326041.0744332962
2025-06-18 16:30:00,326041.01518544345,326040.98713580734
2025-06-18 20:30:00,326045.8186324398,326041.09193145385
2025-06-19 00:30:00,326062.84235438687,326041.2719637164
2025-06-19 04:30:00,326039.88095313346,326041.15484835295
2025-06-19 08:30:00,326058.3729547277,326041.21575705765
2025-06-19 12:30:00,326053.1492190217,326041.3261190761
2025-06-19 16:30:00,326048.55932298856,326041.35474955186
2025-06-19 20:30:00,326039.28457973886,326041.3746452645
2025-06-20 00:30:00,326053.2324646716,326041.443272566
2025-06-20 04:30:00,326065.9673212813,326041.53120809706
2025-06-20 08:30:00,326016.03260351124,326041.32378969056
2025-06-20 12:30:00,326046.6392409112,326041.38540081715
2025-06-20 16:30:00,326048.97958679876,326041.3624945236
2025-06-20 20:30:00,326063.01360577415,326041.4700666929
2025-06-21 00:30:00,326070.0837794749,326041.6134854551
2025-06-21 04:30:00,326029.31331227085,326041.44726168073
2025-06-21 08:30:00,326053.9438018175,326041.5493419304
2025-06-21 12:30:00,326057.7274325361,326041.768125652
2025-06-21 16:30:00,326030.3694921453,326041.68865348806
2025-06-21 20:30:00,326035.8693597903,326041.6618911942
2025-06-22 00:30:00,326045.08165974723,326041.6809960465
2025-06-22 04:30:00,326022.4364707797,326041.46848612494
2025-06-22 08:30:00,326039.3663071302,326041.35256751126
2025-06-22 12:30:00,326045.27204772516,326041.3388631763
2025-06-22 16:30:00,326041.6138382476,326041.3260134099
2025-06-22 20:30:00,326040.085935095,326041.29573201656
2025-06-23 00:30:00,326011.8685779411,326041.16894765303
2025-06-23 04:30:00,326015.0072694227,326041.00908669655
2025-06-23 08:30:00,326024.23459070985,326041.1127309548
2025-06-23 12:30:00,326052.41402543156,326041.2825326523
2025-06-23 16:30:00,326040.78952297947,326041.28602587513
2025-06-23 20:30:00,326048.94210857793,326041.39659996127
2025-06-24 00:30:00,326056.5897903575,326041.5447196036
2025-06-24 04:30:00,326021.87226830784,326041.4692732923
2025-06-24 08:30:00,326019.36521165166,326041.251390743
2025-06-24 12:30:00,326062.3216418717,326041.29084460624
2025-06-24 16:30:00,326041.96913495805,326041.27411488805
2025-06-24 20:30:00,326048.98676111875,326041.22092570516
2025-06-25 00:30:00,326030.6716452506,326041.1023460181
2025-06-25 04:30:00,326026.00556630903,326041.0216258916
2025-06-25 08:30:00,326021.01903798146,326040.9628421827
2025-06-25 12:30:00,326049.1866028806,326041.1261495375
2025-06-25 16:30:00,326056.243723291,326041.30098385224
2025-06-25 20:30:00,326050.0497173657,326041.4845398446
2025-06-26 00:30:00,326040.10123581416,326041.6198913762
2025-06-26 04:30:00,326004.1527571542,326041.6851192852
2025-06-26 08:30:00,326036.4609601581,326041.87457029516
2025-06-26 12:30:00,326050.4956182155,326041.9099847516
2025-06-26 16:30:00,326045.65811227076,326041.9530598284
2025-06-26 20:30:00,326046.0297384782,326041.882821094
2025-06-27 00:30:00,326050.21511592466,326041.87350220775
2025-06-27 04:30:00,326046.4683410948,326041.93765923777
2025-06-27 08:30:00,326046.3115398392,326042.15398844867
2025-06-27 12:30:00,326042.47679854935,326042.2989803178
2025-06-27 16:30:00,326040.2634362963,326042.46405473043
2025-06-27 20:30:00,326041.3171556767,326042.4656203854
2025-06-28 00:30:00,326057.62618241564,326042.4484258483
2025-06-28 04:30:00,326047.93301008054,326042.54660329997
2025-06-28 08:30:00,326021.63398949604,326042.5403718149
2025-06-28 12:30:00,326023.6433703172,326042.3740064994
2025-06-28 16:30:00,326072.6485902617,326042.51556724403
2025-06-28 20:30:00,326050.14879707276,326042.54571368854
2025-06-29 00:30:00,326052.0360135227,326042.51062457426
2025-06-29 04:30:00,326075.8486996595,326042.57797666226
2025-06-29 08:30:00,326070.84060735523,326042.708630007
2025-06-29 12:30:00,326068.7156347265,326042.96051327774
2025-06-29 16:30:00,326059.32899184874,326043.0832752568
2025-06-29 20:30:00,326045.1028892725,326043.0727295554
2025-06-30 00:30:00,326089.08527503535,326043.32221466687
2025-06-30 04:30:00,326058.4947648665,326043.5194221003
2025-06-30 08:30:00,326051.02675549913,326043.76705863146
2025-06-30 12:30:00,326037.8237766744,326043.9589584902
2025-06-30 16:30:00,326038.9050540313,326043.8967115556
2025-06-30 20:30:00,326046.7225867236,326043.9917801492
2025-07-01 00:30:00,326060.7825235361,326044.09772646206
2025-07-01 04:30:00,326069.8869914364,326044.089903289
2025-07-01 08:30:00,326049.7756167668,326044.0765368427
2025-07-01 12:30:00,326053.7520873182,326044.09483771253
2025-07-01 16:30:00,326048.0986684346,326044.0887308673
2025-07-01 20:30:00,326045.42122571846,326044.08454928163
2025-07-02 00:30:00,326052.892286646,326044.03284029884
2025-07-02 04:30:00,326074.877916903,326044.1661835819
2025-07-02 08:30:00,326038.9873884943,326044.0928229219
2025-07-02 12:30:00,326018.3186930814,326043.9269048737
2025-07-02 16:30:00,326024.7631853852,326043.7094107045
2025-07-02 20:30:00,326032.3885796988,326043.5781120078
2025-07-03 00:30:00,326052.1789081431,326043.5605563781
2025-07-03 04:30:00,326040.64316928474,326043.31828830426
2025-07-03 08:30:00,326033.9442861984,326043.26621051476
2025-07-03 12:30:00,326044.8929103587,326043.12102877913
2025-07-03 16:30:00,326041.321144,326043.04464303766
2025-07-03 20:30:00,326046.97069815855,326043.0641872708
2025-07-04 00:30:00,326039.0690984239,326042.9278830069
2025-07-04 04:30:00,326060.8139173371,326043.02328359854
2025-07-04 08:30:00,326050.4392736807,326043.19701566943
2025-07-04 12:30:00,326049.0652231395,326043.30019448994
2025-07-04 16:30:00,326052.48866511596,326043.32522941934
2025-07-04 20:30:00,326049.5292789216,326043.3020121586
2025-07-05 00:30:00,326038.3224227378,326043.2101285666
2025-07-05 04:30:00,326042.5332714316,326043.21607944614
2025-07-05 08:30:00,326048.86542494316,326043.327400754
2025-07-05 12:30:00,326048.5881491056,326043.2760070346
2025-07-05 16:30:00,326049.4372472008,326043.3312579268
2025-07-05 20:30:00,326056.33695371205,326043.48906170164
2025-07-06 00:30:00,326040.3200800299,326043.4422206322
2025-07-06 04:30:00,326027.1214056002,326043.2708320113
2025-07-06 08:30:00,326055.1006852648,326043.5259913113
2025-07-06 12:30:00,326058.7418388094,326043.6631530246
2025-07-06 16:30:00,326057.3558654012,326043.8040490728
2025-07-06 20:30:00,326055.5732689625,326043.8988658952
2025-07-07 00:30:00,326039.9887795653,326043.9222473302
2025-07-07 04:30:00,326017.6897371159,326043.84454752796
2025-07-07 08:30:00,326036.7356113374,326043.8722030239
2025-07-07 12:30:00,326042.17906494095,326043.96147626906
2025-07-07 16:30:00,326034.30478664616,326043.99732249917
2025-07-07 20:30:00,326042.17269671423,326043.9055447534
2025-07-08 00:30:00,326040.55021677795,326043.8564967002
2025-07-08 04:30:00,326032.55977399135,326043.78011540225
2025-07-08 08:30:00,326046.5911167305,326043.93793451996
2025-07-08 12:30:00,326054.65655639966,326044.06690043805
2025-07-08 16:30:00,326056.7186138785,326044.16485311574
2025-07-08 20:30:00,326050.8069067082,326044.10516873957
2025-07-09 00:30:00,326042.6517887755,326044.0976378197
2025-07-09 04:30:00,326013.10207496886,326044.2045069153
2025-07-09 08:30:00,326036.50622372515,326044.3676546711
2025-07-09 12:30:00,326052.41446059674,326044.46646691265
2025-07-09 16:30:00,326042.7231425078,326044.5824733168
2025-07-09 20:30:00,326046.9135598846,326044.6689615358
2025-07-10 00:30:00,326041.44303599675,326044.57823959435
2025-07-10 04:30:00,326012.3818249424,326044.42796262796
2025-07-10 08:30:00,326030.88661758613,326044.39161612483
2025-07-10 12:30:00,326048.50587016717,326044.5131970607
2025-07-10 16:30:00,326037.4290485441,326044.45917221496
2025-07-10 20:30:00,326045.8278368698,326044.4300951502
2025-07-11 00:30:00,326048.93508494936,326044.4899755821
2025-07-11 04:30:00,326006.0762930274,326044.36875249294
2025-07-11 08:30:00,326006.25462772703,326044.2254836927
2025-07-11 12:30:00,326024.2578462963,326044.11998740304
2025-07-11 16:30:00,326036.12622704107,326043.9350424782
2025-07-11 20:30:00,326048.2581727171,326043.94896965404
2025-07-12 00:30:00,326058.8631449133,326044.0442945149
2025-07-12 04:30:00,326031.5808726923,326043.97488846706
2025-07-12 08:30:00,326030.87899069773,326043.94949289225
2025-07-12 12:30:00,326040.8621017674,326043.991911481
2025-07-12 16:30:00,326047.6868131312,326043.95056779153
2025-07-12 20:30:00,326047.4481325949,326043.9405009827
2025-07-13 00:30:00,326073.9019730297,326044.066152041
2025-07-13 04:30:00,326059.2753325884,326044.17266936996
2025-07-13 08:30:00,326035.96629380906,326044.36333345785
2025-07-13 12:30:00,326035.44520471,326044.54891669983
2025-07-13 16:30:00,326044.3748694293,326044.6594952211
2025-07-13 20:30:00,326067.7503067833,326044.80153661506
2025-07-14 00:30:00,326064.1337669827,326044.894596564
2025-07-14 04:30:00,326056.745477304,326044.8687483967
2025-07-14 08:30:00,326034.56948582846,326044.97679746646
2025-07-14 12:30:00,326045.219576215,326044.9569409913
2025-07-14 16:30:00,326065.3295392059,326045.0982430516
2025-07-14 20:30:00,326048.3680889463,326045.1800948083
2025-07-15 00:30:00,326070.7436844845,326045.2391580923
2025-07-15 04:30:00,326080.9682645177,326045.3212169555
2025-07-15 08:30:00,326053.22665194096,326045.34841650387
2025-07-15 12:30:00,326044.8696989656,326045.32984564884
2025-07-15 16:30:00,326053.51715917554,326045.313238114
2025-07-15 20:30:00,326040.1196994606,326045.3085002935
2025-07-16 00:30:00,326060.55472954497,326045.3820674281
2025-07-16 04:30:00,326066.6533027682,326045.4913686438
2025-07-16 08:30:00,326048.4578910705,326045.5185916135
2025-07-16 12:30:00,326048.32844752324,326045.5116617345
2025-07-16 16:30:00,326066.617191567,326045.54274561314
2025-07-16 20:30:00,326051.17541942693,326045.5560036459
2025-07-17 00:30:00,326067.1859379756,326045.64655699773
2025-07-17 04:30:00,326076.2362793874,326045.73843432683
2025-07-17 08:30:00,326081.09700057004,326045.8302821444
2025-07-17 12:30:00,326069.75903251895,326045.9878599745
2025-07-17 16:30:00,326071.6756126803,326046.11777980934
2025-07-17 20:30:00,326065.29132937314,326046.2601328012
2025-07-18 00:30:00,326047.43772236136,326046.173750681
2025-07-18 04:30:00,326057.3100880747,326046.2895274637
2025-07-18 08:30:00,326060.2015133532,326046.50760609616
2025-07-18 12:30:00,326060.9998538427,326046.58376046695
2025-07-18 16:30:00,326079.72662013,326046.79882399295
2025-07-18 20:30:00,326058.720068036,326046.87049863517
2025-07-19 00:30:00,326020.7569046263,326046.6366905809
2025-07-19 04:30:00,326029.5378465042,326046.5792288775
2025-07-19 08:30:00,326061.33018872223,326046.59565795516
2025-07-19 12:30:00,326066.20639007835,326046.66819779435
2025-07-19 16:30:00,326046.83767461654,326046.6586330812
2025-07-19 20:30:00,326051.960517052,326046.7290549552
2025-07-20 00:30:00,326041.524985596,326046.6640134048
2025-07-20 04:30:00,326032.6261075341,326046.4787844395
2025-07-20 08:30:00,326037.86410642415,326046.6000705668
2025-07-20 12:30:00,326059.68672018044,326046.6725565627
2025-07-20 16:30:00,326043.0398298916,326046.63955791324
2025-07-20 20:30:00,326051.83360365016,326046.5774467904
2025-07-21 00:30:00,326052.9543128983,326046.4822830871
2025-07-21 04:30:00,326027.9734994535,326046.47483968263
2025-07-21 08:30:00,326051.4611515093,326046.46104718087
2025-07-21 12:30:00,326060.1017588327,326046.47423788253
2025-07-21 16:30:00,326057.68717851886,326046.62600280676
2025-07-21 20:30:00,326046.10947092663,326046.68289231317
2025-07-22 00:30:00,326036.21619421453,326046.63363972685
2025-07-22 04:30:00,326065.64720930636,326046.8736993853
2025-07-22 08:30:00,326045.1826936252,326046.90601264365
2025-07-22 12:30:00,326042.70685579063,326046.8917615773
2025-07-22 16:30:00,326054.4301111144,326046.9629630933
2025-07-22 20:30:00,326061.0042869557,326047.07917615917
2025-07-23 00:30:00,326060.7216556437,326047.3505821464
2025-07-23 04:30:00,326016.4878418482,326047.35880754876
2025-07-23 08:30:00,326055.21426182083,326047.53091683274
2025-07-23 12:30:00,326069.90077929385,326047.62806546525
2025-07-23 16:30:00,326041.92690190277,326047.63438423706
2025-07-23 20:30:00,326053.74790203903,326047.66108308965
2025-07-24 00:30:00,326051.25795965246,326047.63146180793
2025-07-24 04:30:00,326044.7451006884,326047.7585330989
2025-07-24 08:30:00,326038.6552442638,326047.8656999468
2025-07-24 12:30:00,326076.18679848727,326047.94272859464
2025-07-24 16:30:00,326059.6890717939,326048.0411726882
2025-07-24 20:30:00,326040.1492348393,326047.99207532
2025-07-25 00:30:00,326052.24469044764,326048.11192557105
2025-07-25 04:30:00,326013.9770964609,326048.0451007385
2025-07-25 08:30:00,326032.6492840763,326048.10971321684
2025-07-25 12:30:00,326052.3792778413,326048.1274503
2025-07-25 16:30:00,326051.72286549164,326048.10233442334
2025-07-25 20:30:00,326057.59509331605,326048.1442531786
2025-07-26 00:30:00,326050.27395441465,326048.20076828194
2025-07-26 04:30:00,326014.84240215673,326048.26015519863
2025-07-26 08:30:00,326024.7007728528,326048.1948208248
2025-07-26 12:30:00,326042.5433785266,326048.1506417153
2025-07-26 16:30:00,326053.0365395979,326048.19163297827
2025-07-26 20:30:00,326050.4805702323,326048.2163598213
2025-07-27 00:30:00,326056.3940275383,326048.2506871081
2025-07-27 04:30:00,326056.2081330942,326048.30479706364
2025-07-27 08:30:00,326035.3979905927,326048.24416623445
2025-07-27 12:30:00,326058.2540925906,326048.33181786805
2025-07-27 16:30:00,326064.4587186956,326048.46623610356
2025-07-27 20:30:00,326056.3470060769,326048.54973527254
2025-07-28 00:30:00,326066.8067896326,326048.6007386459
2025-07-28 04:30:00,326058.79285485635,326048.66107111686
2025-07-28 08:30:00,326063.92984127987,326048.89604807127
2025-07-28 12:30:00,326056.18022200535,326049.0768083584
2025-07-28 16:30:00,326054.06836074806,326048.97358486115
2025-07-28 20:30:00,326060.830922027,326049.0329299998
2025-07-29 00:30:00,326062.8526178887,326049.09302224626
2025-07-29 04:30:00,326059.14787592256,326049.0002398921
2025-07-29 08:30:00,326028.170580299,326048.7631841863
2025-07-29 12:30:00,326052.40558779764,326048.6725728144
2025-07-29 16:30:00,326049.4426162137,326048.6176485053
2025-07-29 20:30:00,326046.4723602594,326048.6252566775
2025-07-30 00:30:00,326067.18372723064,326048.5035814119
2025-07-30 04:30:00,326060.34949623735,326048.51388547505
2025-07-30 08:30:00,326062.8517230373,326048.57957973925
2025-07-30 12:30:00,326058.906034436,326048.6967033934
2025-07-30 16:30:00,326055.71809680475,326048.7901091866
2025-07-30 20:30:00,326044.2857699149,326048.77657131536
2025-07-31 00:30:00,326050.201426075,326048.7177874406
2025-07-31 04:30:00,326058.0060013102,326048.65178193996
2025-07-31 08:30:00,326031.8591683609,326048.55224611546
2025-07-31 12:30:00,326039.2098555202,326048.4714559388
2025-07-31 16:30:00,326045.3560305383,326048.4562190616
2025-07-31 20:30:00,326044.43574669264,326048.45074417815
2025-08-01 00:30:00,326030.2679116795,326048.3250532061
2025-08-01 04:30:00,326037.22678398207,326048.11588024546
2025-08-01 08:30:00,326059.6673357403,326048.2307688412
2025-08-01 12:30:00,326044.8558815823,326048.3781976662
2025-08-01 16:30:00,326053.1084682004,326048.5356714596
2025-08-01 20:30:00,326059.42097607435,326048.6858514395
2025-08-02 00:30:00,326054.5049111596,326048.6987736785
2025-08-02 04:30:00,326051.03980786714,326048.7565327817
2025-08-02 08:30:00,326048.832710518,326048.83924625017
2025-08-02 12:30:00,326052.06088283256,326048.87906831945
2025-08-02 16:30:00,326049.4184900777,326048.9240535755
2025-08-02 20:30:00,326055.2964815108,326048.9703079274
2025-08-03 00:30:00,326047.45456020266,326049.0168938262
2025-08-03 04:30:00,326061.7756984864,326049.0222370548
2025-08-03 08:30:00,326067.4994832299,326049.1170159967
2025-08-03 12:30:00,326060.1931627797,326049.17883788364
2025-08-03 16:30:00,326048.0224170611,326049.1540253945
2025-08-03 20:30:00,326048.59771059715,326049.14885001484
2025-08-04 00:30:00,326044.04083268193,326049.18061895896
2025-08-04 04:30:00,326045.397596924,326049.1965318784
2025-08-04 08:30:00,326037.49251941906,326049.1333490699
2025-08-04 12:30:00,326048.57093652134,326049.13325344445
2025-08-04 16:30:00,326053.9705371837,326049.1584383888
2025-08-04 20:30:00,326044.9612376256,326049.09523996606
2025-08-05 00:30:00,326027.31409800233,326049.0229845104
2025-08-05 04:30:00,326039.7171546306,326049.0929608939
2025-08-05 08:30:00,326038.88184951956,326049.00285625085
2025-08-05 12:30:00,326050.5085278466,326048.95711563446
2025-08-05 16:30:00,326035.7592518987,326048.83713444823
2025-08-05 20:30:00,326038.9230805735,326048.7446334017
2025-08-06 00:30:00,326019.0801872034,326048.62847455527
2025-08-06 04:30:00,326006.5673063645,326048.5666832733
2025-08-06 08:30:00,326038.10155326285,326048.5742718395
2025-08-06 12:30:00,326043.72490949143,326048.58285986475
2025-08-06 16:30:00,326040.5811407962,326048.617728499
2025-08-06 20:30:00,326047.6648231114,326048.6482403123
2025-08-07 00:30:00,326040.46897094644,326048.6477889466
2025-08-07 04:30:00,326045.0899105978,326048.71740081656
2025-08-07 08:30:00,326037.69309238513,326048.667967348
2025-08-07 12:30:00,326060.0163594181,326048.69774403144
2025-08-07 16:30:00,326056.90148494835,326048.69875998184
2025-08-07 20:30:00,326055.1957203578,326048.7231422799
2025-08-08 00:30:00,326063.72454331064,326048.84021313844
2025-08-08 04:30:00,326043.70035029104,326049.0102035569
2025-08-08 08:30:00,326040.5854758213,326049.03286606853
2025-08-08 12:30:00,326055.1957203578,326049.0483175116
2025-08-08 16:30:00,326053.2674647337,326049.10689707956
2025-08-08 20:30:01,326066.24610835745,326049.21430012665
2025-08-09 04:30:00,326070.62176535063,326049.5830778056
2025-08-09 08:30:00,326057.34646701545,326049.73089819355
2025-08-09 12:30:00,326066.7652541024,326049.83290592494
2025-08-09 16:30:00,326066.0977810017,326049.9930664415
2025-08-09 20:30:00,326055.8631934584,326050.0491298861
2025-08-10 00:30:00,326068.61934604874,326050.1590978252
2025-08-10 04:30:00,326072.4016936191,326050.5296307894
2025-08-10 08:30:00,326064.5403437669,326050.8552493148
2025-08-10 12:30:00,326061.64796033077,326051.0641326334
2025-08-10 16:30:00,326067.7293819145,326051.2406865712
2025-08-10 20:30:00,326055.56653874705,326051.28151543177
2025-08-11 00:30:00,326060.38717780734,326051.290029582
2025-08-11 04:30:00,326066.91358145815,326051.4874190164
2025-08-11 08:30:00,326057.7914490826,326051.637767946
2025-08-11 12:30:00,326055.9373571363,326051.7219872497
2025-08-11 16:30:00,326068.02603662596,326051.8356141966
2025-08-11 20:30:00,326053.86077415646,326051.8714390098
2025-08-12 00:30:00,326049.1884624519,326051.7333747049
2025-08-12 04:30:00,326069.5093101829,326051.79054776405
2025-08-12 08:30:00,326050.6717360089,326051.8727010725
2025-08-12 12:30:00,326052.155009566,326051.96605193755
2025-08-12 16:30:00,326054.8990656464,326052.0248463299
2025-08-12 20:30:00,326056.90148494835,326051.9642383866
2025-08-13 00:30:00,326049.1142987741,326051.88033074304
2025-08-13 04:30:00,326064.3178527334,326051.9226345164
2025-08-13 08:30:00,326058.08810379397,326052.0540234435
2025-08-13 12:30:00,326049.70760819694,326052.07909624797
2025-08-13 16:30:00,326063.5762159549,326052.06930114597
2025-08-13 20:30:00,326052.9708100223,326052.0950146715
2025-08-14 00:30:00,326047.33437050565,326051.9642363812
2025-08-14 04:30:00,326056.5306665591,326051.8277134875
2025-08-14 08:30:00,326054.82490196853,326051.8366422586
2025-08-14 12:30:00,326055.56653874705,326051.8964011401
2025-08-14 16:30:00,326054.1574288679,326051.8999780658
2025-08-14 20:30:00,326054.5282472571,326051.9804727462
2025-08-15 00:30:00,326040.21465743205,326051.86684105836
2025-08-15 04:30:00,326040.6596394991,326051.7216250625
2025-08-15 08:30:00,326055.78902978066,326051.76258114463
2025-08-15 12:30:00,326058.90390425036,326051.8216619085
2025-08-15 16:30:00,326050.0042629083,326051.7288522512
2025-08-15 20:30:00,326039.1022022643,326051.66140411055
2025-08-16 00:30:00,326038.5830565194,326051.50161147676
2025-08-16 04:30:00,326044.9611328144,326051.3268899875
2025-08-16 08:30:00,326048.7434803849,326051.14614406467
2025-08-16 12:30:00,326041.03045788844,326050.98564923444
2025-08-16 16:30:00,326055.9373571363,326050.89772601903
2025-08-16 20:30:00,326051.63586382096,326050.821438502
2025-08-17 00:30:00,326034.3557268819,326050.74835472833
2025-08-17 04:30:00,326037.09978296235,326050.63544799585
2025-08-17 08:30:00,326038.2864018079,326050.5130172051
2025-08-17 12:30:00,326045.6286059151,326050.4271443117
2025-08-17 16:30:00,326050.152590264,326050.26192626776
2025-08-17 20:30:00,326050.52340865316,326050.2161348746
2025-08-18 00:30:00,326040.1404937542,326050.324423082
2025-08-18 04:30:00,326040.9562942105,326050.3882132926
2025-08-18 08:30:00,326040.733803177,326050.2731496862
2025-08-18 12:30:00,326043.4036955796,326050.1457603315
2025-08-18 16:30:00,326049.78177187475,326050.16220780223
2025-08-18 20:30:00,326057.34646701545,326050.1922969082
2025-08-19 00:30:00,326044.2936597138,326050.2077643613
2025-08-19 04:30:00,326041.8462583448,326050.25927358377
2025-08-19 08:30:00,326048.2984983177,326050.31756627583
2025-08-19 12:30:00,326057.4206306934,326050.30490655807
2025-08-19 16:30:00,326053.1933010559,326050.36162986065
2025-08-19 20:30:00,326060.6838325187,326050.41107247997
2025-08-20 00:30:00,326065.4303079011,326050.4807707761
2025-08-20 04:30:00,326049.1142987741,326050.59887580026
2025-08-20 08:30:00,326045.2577875259,326050.56422013557
2025-08-20 12:30:00,326059.71970470675,326050.56208575494
2025-08-20 16:30:00,326059.71970470675,326050.5734406499
2025-08-20 20:30:00,326060.090523096,326050.65154708654
2025-08-21 00:30:00,326064.76283480047,326050.81102552556
2025-08-21 04:30:00,326045.2577875259,326050.6971181414
2025-08-21 08:30:00,326049.93009923043,326050.72363996034
2025-08-21 12:30:00,326063.7987069884,326050.8414715313
2025-08-21 16:30:00,326069.73180121643,326050.9269558335
2025-08-21 20:30:00,326060.1646867738,326050.9222653298
2025-08-22 00:30:00,326088.1985570012,326051.075767572
2025-08-22 04:30:00,326057.8656127604,326051.3069283033
2025-08-22 08:30:00,326053.93493783433,326051.2997812419
2025-08-22 12:30:00,326058.82974057243,326051.23793186364
2025-08-22 16:30:00,326071.1409110956,326051.4011386189
2025-08-22 20:30:00,326062.9087428542,326051.45231650054
2025-08-23 00:30:00,326072.62418465264,326051.571680886
2025-08-23 04:30:00,326077.14816900145,326051.752703614
2025-08-23 08:30:01,326058.6814132168,326051.8645816528
2025-08-23 12:30:00,326068.5451823709,326051.82189106
2025-08-23 16:30:00,326073.73663982033,326051.90036909364
2025-08-23 20:30:00,326060.9804872302,326052.0167448054
2025-08-24 00:30:00,326074.1816218875,326052.13929749496
2025-08-24 04:30:00,326067.6552182367,326052.43917527026
